source_api,event_id,mag,mag_type,place,time_epoch,time_iso,updated_iso,url,felt,cdi,mmi,alert,status,tsunami,sig,net,code,nst,dmin,rms,gap,event_type,geometry_type,longitude,latitude,depth,title
usgs,us7000pbut,4.0,mb,"Kepulauan Babar, Indonesia",1738194523317,2025-01-29T23:48:43.317000+00:00,2025-04-15T20:55:32.040000+00:00,https://earthquake.usgs.gov/earthquakes/eventpage/us7000pbut,,,,,reviewed,0,246,us,7000pbut,12,5.022,0.41,104,earthquake,Point,129.5121,-7.1657,128.05,"M 4.0 - Kepulauan Babar, Indonesia"
usgs,us7000p9u5,4.5,mb,"143 km SSE of Tuapejat, Indonesia",1738153778382,2025-01-29T12:29:38.382000+00:00,2025-04-15T20:55:24.040000+00:00,https://earthquake.usgs.gov/earthquakes/eventpage/us7000p9u5,,,,,reviewed,0,312,us,7000p9u5,49,2.756,0.81,112,earthquake,Point,100.1061,-3.2148,11.081,"M 4.5 - 143 km SSE of Tuapejat, Indonesia"
usgs,us7000p9tu,4.2,mb,"124 km SSE of Sarangani, Philippines",1738150399272,2025-01-29T11:33:19.272000+00:00,2025-04-15T20:55:24.040000+00:00,https://earthquake.usgs.gov/earthquakes/eventpage/us7000p9tu,,,,,reviewed,0,271,us,7000p9tu,46,0.493,0.71,67,earthquake,Point,125.7493,4.3177,163.491,"M 4.2 - 124 km SSE of Sarangani, Philippines"
usgs,us7000p9t1,4.4,mb,"294 km NE of Lospalos, Timor Leste",1738137975096,2025-01-29T08:06:15.096000+00:00,2025-04-15T20:55:24.040000+00:00,https://earthquake.usgs.gov/earthquakes/eventpage/us7000p9t1,,,,,reviewed,0,298,us,7000p9t1,32,2.59,0.54,71,earthquake,Point,129.2127,-7.0354,144.469,"M 4.4 - 294 km NE of Lospalos, Timor Leste"
usgs,us7000pbu6,4.4,mb,"296 km S of Boyolangu, Indonesia",1738125904386,2025-01-29T04:45:04.386000+00:00,2025-04-15T20:55:32.040000+00:00,https://earthquake.usgs.gov/earthquakes/eventpage/us7000pbu6,,,,,reviewed,0,298,us,7000pbu6,30,3.039,0.53,108,earthquake,Point,111.7196,-10.7927,10.0,"M 4.4 - 296 km S of Boyolangu, Indonesia"
usgs,us7000p9rh,4.7,mb,"84 km W of Kendari, Indonesia",1738122701987,2025-01-29T03:51:41.987000+00:00,2025-04-15T20:55:23.040000+00:00,https://earthquake.usgs.gov/earthquakes/eventpage/us7000p9rh,1.0,5.2,,,reviewed,0,340,us,7000p9rh,31,1.359,0.87,97,earthquake,Point,121.7565,-3.9655,6.49,"M 4.7 - 84 km W of Kendari, Indonesia"
usgs,us7000pbu4,4.4,mb,"87 km W of Kendari, Indonesia",1738116164548,2025-01-29T02:02:44.548000+00:00,2025-04-15T20:55:32.040000+00:00,https://earthquake.usgs.gov/earthquakes/eventpage/us7000pbu4,,,,,reviewed,0,298,us,7000pbu4,28,1.286,0.66,102,earthquake,Point,121.733,-4.1034,10.0,"M 4.4 - 87 km W of Kendari, Indonesia"
usgs,us7000p9qm,5.0,mww,"71 km W of Kendari, Indonesia",1738111841149,2025-01-29T00:50:41.149000+00:00,2025-04-15T20:55:23.040000+00:00,https://earthquake.usgs.gov/earthquakes/eventpage/us7000p9qm,2.0,7.2,,,reviewed,0,386,us,7000p9qm,67,1.281,0.78,74,earthquake,Point,121.8691,-3.9642,10.08,"M 5.0 - 71 km W of Kendari, Indonesia"
usgs,us7000pbly,4.2,mb,"Kepulauan Babar, Indonesia",1738093803682,2025-01-28T19:50:03.682000+00:00,2025-04-08T22:01:04.040000+00:00,https://earthquake.usgs.gov/earthquakes/eventpage/us7000pbly,,,,,reviewed,0,271,us,7000pbly,32,2.538,1.0,94,earthquake,Point,129.4333,-7.0332,162.057,"M 4.2 - Kepulauan Babar, Indonesia"
usgs,us7000p9nu,4.1,mb,"267 km WSW of Tual, Indonesia",1738093523867,2025-01-28T19:45:23.867000+00:00,2025-04-08T22:01:02.040000+00:00,https://earthquake.usgs.gov/earthquakes/eventpage/us7000p9nu,,,,,reviewed,0,259,us,7000p9nu,29,2.44,0.93,40,earthquake,Point,130.6728,-6.8547,118.104,"M 4.1 - 267 km WSW of Tual, Indonesia"
usgs,us7000p9n3,4.8,mb,"81 km W of Kendari, Indonesia",1738083609496,2025-01-28T17:00:09.496000+00:00,2025-04-08T22:01:02.040000+00:00,https://earthquake.usgs.gov/earthquakes/eventpage/us7000p9n3,,,,,reviewed,0,354,us,7000p9n3,67,1.275,0.74,51,earthquake,Point,121.7882,-4.0553,10.94,"M 4.8 - 81 km W of Kendari, Indonesia"
usgs,us6000pmsr,5.4,mww,"208 km W of Gorontalo, Indonesia",1738076014578,2025-01-28T14:53:34.578000+00:00,2025-04-08T22:01:02.040000+00:00,https://earthquake.usgs.gov/earthquakes/eventpage/us6000pmsr,,,4.179,green,reviewed,0,449,us,6000pmsr,253,0.737,0.82,35,earthquake,Point,121.1903,0.4934,99.753,"M 5.4 - 208 km W of Gorontalo, Indonesia"
usgs,us7000pblr,4.3,mb,"175 km NE of Lospalos, Timor Leste",1738070407534,2025-01-28T13:20:07.534000+00:00,2025-04-08T22:01:04.040000+00:00,https://earthquake.usgs.gov/earthquakes/eventpage/us7000pblr,,,,,reviewed,0,284,us,7000pblr,28,3.381,0.85,72,earthquake,Point,128.172,-7.4503,159.213,"M 4.3 - 175 km NE of Lospalos, Timor Leste"
usgs,us6000pmri,4.6,mb,"204 km ESE of Tobi Village, Palau",1738055347080,2025-01-28T09:09:07.080000+00:00,2025-04-08T22:01:02.040000+00:00,https://earthquake.usgs.gov/earthquakes/eventpage/us6000pmri,,,,,reviewed,0,326,us,6000pmri,61,3.597,0.56,102,earthquake,Point,132.8529,2.3839,10.0,"M 4.6 - 204 km ESE of Tobi Village, Palau"
usgs,us6000pmpv,4.1,mb,"186 km ENE of Nabire, Indonesia",1738027653748,2025-01-28T01:27:33.748000+00:00,2025-04-08T22:01:02.040000+00:00,https://earthquake.usgs.gov/earthquakes/eventpage/us6000pmpv,,,,,reviewed,0,259,us,6000pmpv,23,1.075,0.65,39,earthquake,Point,137.0779,-2.795,54.771,"M 4.1 - 186 km ENE of Nabire, Indonesia"
usgs,us6000pmnt,4.6,mb,"163 km WNW of Gorontalo, Indonesia",1738017707567,2025-01-27T22:41:47.567000+00:00,2025-04-08T22:01:02.040000+00:00,https://earthquake.usgs.gov/earthquakes/eventpage/us6000pmnt,,,,,reviewed,0,326,us,6000pmnt,34,1.069,0.8,101,earthquake,Point,121.828,1.3315,35.0,"M 4.6 - 163 km WNW of Gorontalo, Indonesia"
usgs,us6000pmlw,4.5,mb,"99 km E of Masamba, Indonesia",1737999460359,2025-01-27T17:37:40.359000+00:00,2025-04-08T22:01:01.040000+00:00,https://earthquake.usgs.gov/earthquakes/eventpage/us6000pmlw,,,,,reviewed,0,312,us,6000pmlw,43,0.175,0.84,56,earthquake,Point,121.217,-2.5093,9.712,"M 4.5 - 99 km E of Masamba, Indonesia"
usgs,us7000pbhz,4.1,mb,"81 km W of Kendari, Indonesia",1737995246833,2025-01-27T16:27:26.833000+00:00,2025-04-08T22:01:04.040000+00:00,https://earthquake.usgs.gov/earthquakes/eventpage/us7000pbhz,,,,,reviewed,0,259,us,7000pbhz,23,1.239,0.81,87,earthquake,Point,121.7937,-4.1042,10.0,"M 4.1 - 81 km W of Kendari, Indonesia"
usgs,us7000pbht,4.0,mb,"212 km SSE of Tabiauan, Philippines",1737986191883,2025-01-27T13:56:31.883000+00:00,2025-04-08T22:01:04.040000+00:00,https://earthquake.usgs.gov/earthquakes/eventpage/us7000pbht,,,,,reviewed,0,246,us,7000pbht,41,2.667,0.86,52,earthquake,Point,122.8311,4.3494,587.179,"M 4.0 - 212 km SSE of Tabiauan, Philippines"
usgs,us6000pmje,4.9,mb,"270 km ENE of Lospalos, Timor Leste",1737975012259,2025-01-27T10:50:12.259000+00:00,2025-04-08T22:01:01.040000+00:00,https://earthquake.usgs.gov/earthquakes/eventpage/us6000pmje,,,,,reviewed,0,369,us,6000pmje,79,2.837,0.73,55,earthquake,Point,129.1024,-7.2631,125.047,"M 4.9 - 270 km ENE of Lospalos, Timor Leste"
usgs,us7000pbhe,4.3,mb,"175 km N of Baukau, Timor Leste",1737963114407,2025-01-27T07:31:54.407000+00:00,2025-04-08T22:01:04.040000+00:00,https://earthquake.usgs.gov/earthquakes/eventpage/us7000pbhe,,,,,reviewed,0,284,us,7000pbhe,22,3.703,0.84,102,earthquake,Point,126.675,-6.9026,408.959,"M 4.3 - 175 km N of Baukau, Timor Leste"
usgs,us6000pmhl,4.5,mb,"62 km SW of Banjar, Indonesia",1737937784309,2025-01-27T00:29:44.309000+00:00,2025-04-08T22:01:01.040000+00:00,https://earthquake.usgs.gov/earthquakes/eventpage/us6000pmhl,,,,,reviewed,0,312,us,6000pmhl,34,0.616,0.63,77,earthquake,Point,107.0464,-7.6078,49.37,"M 4.5 - 62 km SW of Banjar, Indonesia"
usgs,us6000pmgd,4.6,mb,"114 km SE of Pondaguitan, Philippines",1737917158346,2025-01-26T18:45:58.346000+00:00,2025-04-08T22:01:01.040000+00:00,https://earthquake.usgs.gov/earthquakes/eventpage/us6000pmgd,,,,,reviewed,0,326,us,6000pmgd,95,1.829,0.49,94,earthquake,Point,127.0098,5.75,134.526,"M 4.6 - 114 km SE of Pondaguitan, Philippines"
usgs,us7000pb97,4.3,mb,"60 km S of Palu, Indonesia",1737866160421,2025-01-26T04:36:00.421000+00:00,2025-04-08T22:01:03.040000+00:00,https://earthquake.usgs.gov/earthquakes/eventpage/us7000pb97,,,,,reviewed,0,284,us,7000pb97,15,1.129,1.02,92,earthquake,Point,119.9598,-1.4456,10.0,"M 4.3 - 60 km S of Palu, Indonesia"
usgs,us6000pma3,4.5,mb,"297 km ENE of Lospalos, Timor Leste",1737799617016,2025-01-25T10:06:57.016000+00:00,2025-04-08T22:01:00.040000+00:00,https://earthquake.usgs.gov/earthquakes/eventpage/us6000pma3,,,,,reviewed,0,312,us,6000pma3,45,2.629,0.59,89,earthquake,Point,129.2823,-7.0941,164.481,"M 4.5 - 297 km ENE of Lospalos, Timor Leste"
usgs,us6000pma2,4.2,mb,"56 km W of Kendari, Indonesia",1737797964587,2025-01-25T09:39:24.587000+00:00,2025-04-08T22:01:00.040000+00:00,https://earthquake.usgs.gov/earthquakes/eventpage/us6000pma2,,,,,reviewed,0,271,us,6000pma2,20,1.243,0.79,71,earthquake,Point,122.0166,-3.8925,10.0,"M 4.2 - 56 km W of Kendari, Indonesia"
usgs,us6000pm95,4.8,mb,"133 km WSW of Fakfak, Indonesia",1737781076445,2025-01-25T04:57:56.445000+00:00,2025-04-08T22:00:59.040000+00:00,https://earthquake.usgs.gov/earthquakes/eventpage/us6000pm95,,,,,reviewed,0,354,us,6000pm95,42,1.164,0.78,75,earthquake,Point,131.2836,-3.5758,10.0,"M 4.8 - 133 km WSW of Fakfak, Indonesia"
usgs,us6000pm5n,4.1,mb,"139 km NNE of Tobelo, Indonesia",1737740833287,2025-01-24T17:47:13.287000+00:00,2025-04-08T22:00:59.040000+00:00,https://earthquake.usgs.gov/earthquakes/eventpage/us6000pm5n,,,,,reviewed,0,259,us,6000pm5n,44,2.396,1.05,69,earthquake,Point,128.6169,2.8299,228.363,"M 4.1 - 139 km NNE of Tobelo, Indonesia"
usgs,us6000pm1b,4.8,mww,"78 km W of Kendari, Indonesia",1737725830911,2025-01-24T13:37:10.911000+00:00,2025-04-08T22:00:59.040000+00:00,https://earthquake.usgs.gov/earthquakes/eventpage/us6000pm1b,1.0,6.3,,,reviewed,0,355,us,6000pm1b,69,1.252,0.76,55,earthquake,Point,121.8164,-4.0588,10.0,"M 4.8 - 78 km W of Kendari, Indonesia"
usgs,us6000plzv,4.1,mb,"89 km NNW of Ambon, Indonesia",1737701141508,2025-01-24T06:45:41.508000+00:00,2025-04-08T22:00:59.040000+00:00,https://earthquake.usgs.gov/earthquakes/eventpage/us6000plzv,,,,,reviewed,0,259,us,6000plzv,17,2.473,0.6,94,earthquake,Point,128.0249,-2.8997,10.0,"M 4.1 - 89 km NNW of Ambon, Indonesia"
usgs,us7000paeg,4.1,mb,"84 km SE of Gorontalo, Indonesia",1737696860185,2025-01-24T05:34:20.185000+00:00,2025-04-08T22:01:03.040000+00:00,https://earthquake.usgs.gov/earthquakes/eventpage/us7000paeg,,,,,reviewed,0,259,us,7000paeg,26,1.307,1.28,58,earthquake,Point,123.5848,-0.012,127.345,"M 4.1 - 84 km SE of Gorontalo, Indonesia"
usgs,us6000plz7,4.6,mb,"201 km WNW of Abepura, Indonesia",1737687241526,2025-01-24T02:54:01.526000+00:00,2025-04-08T22:00:59.040000+00:00,https://earthquake.usgs.gov/earthquakes/eventpage/us6000plz7,,,,,reviewed,0,326,us,6000plz7,40,0.925,0.66,127,earthquake,Point,138.9177,-2.0187,35.0,"M 4.6 - 201 km WNW of Abepura, Indonesia"
usgs,us6000plwi,4.1,mb,"16 km SSW of Suai, Timor Leste",1737661023133,2025-01-23T19:37:03.133000+00:00,2025-04-08T22:00:58.040000+00:00,https://earthquake.usgs.gov/earthquakes/eventpage/us6000plwi,,,,,reviewed,0,259,us,6000plwi,20,0.988,0.8,73,earthquake,Point,125.2225,-9.4545,10.0,"M 4.1 - 16 km SSW of Suai, Timor Leste"
usgs,us6000plsl,4.4,mb,"162 km NNE of Ruteng, Indonesia",1737625995278,2025-01-23T09:53:15.278000+00:00,2025-04-08T22:00:58.040000+00:00,https://earthquake.usgs.gov/earthquakes/eventpage/us6000plsl,,,,,reviewed,0,298,us,6000plsl,64,2.01,0.65,34,earthquake,Point,120.8203,-7.1872,497.357,"M 4.4 - 162 km NNE of Ruteng, Indonesia"
usgs,us7000pad7,4.0,mb,"203 km NW of Tobelo, Indonesia",1737609171007,2025-01-23T05:12:51.007000+00:00,2025-04-08T22:01:03.040000+00:00,https://earthquake.usgs.gov/earthquakes/eventpage/us7000pad7,,,,,reviewed,0,246,us,7000pad7,20,2.091,0.47,151,earthquake,Point,126.9458,3.2296,47.595,"M 4.0 - 203 km NW of Tobelo, Indonesia"
usgs,us6000pll2,4.4,mb,"164 km N of Tobelo, Indonesia",1737559975695,2025-01-22T15:32:55.695000+00:00,2025-04-08T22:00:57.040000+00:00,https://earthquake.usgs.gov/earthquakes/eventpage/us6000pll2,,,,,reviewed,0,298,us,6000pll2,35,2.497,1.06,92,earthquake,Point,127.9618,3.2129,133.517,"M 4.4 - 164 km N of Tobelo, Indonesia"
usgs,us7000pacf,4.1,mb,"184 km ENE of Lospalos, Timor Leste",1737549521734,2025-01-22T12:38:41.734000+00:00,2025-04-08T22:01:03.040000+00:00,https://earthquake.usgs.gov/earthquakes/eventpage/us7000pacf,,,,,reviewed,0,259,us,7000pacf,26,3.523,1.19,63,earthquake,Point,128.5014,-7.7793,88.871,"M 4.1 - 184 km ENE of Lospalos, Timor Leste"
usgs,us6000pljs,4.3,mb,"25 km ESE of Tambolaka, Indonesia",1737526641127,2025-01-22T06:17:21.127000+00:00,2025-04-08T22:00:57.040000+00:00,https://earthquake.usgs.gov/earthquakes/eventpage/us6000pljs,,,,,reviewed,0,284,us,6000pljs,22,0.862,0.68,92,earthquake,Point,119.4308,-9.5561,86.388,"M 4.3 - 25 km ESE of Tambolaka, Indonesia"
usgs,us7000pabw,4.2,mb,"78 km SW of Gunungsitoli, Indonesia",1737516098976,2025-01-22T03:21:38.976000+00:00,2025-04-08T22:01:02.040000+00:00,https://earthquake.usgs.gov/earthquakes/eventpage/us7000pabw,,,,,reviewed,0,271,us,7000pabw,15,0.681,0.25,180,earthquake,Point,97.0611,0.855,10.0,"M 4.2 - 78 km SW of Gunungsitoli, Indonesia"
usgs,us7000pabs,4.5,mb,"183 km S of Dampit, Indonesia",1737504862091,2025-01-22T00:14:22.091000+00:00,2025-04-08T22:01:02.040000+00:00,https://earthquake.usgs.gov/earthquakes/eventpage/us7000pabs,,,,,reviewed,0,312,us,7000pabs,32,1.891,0.72,159,earthquake,Point,112.852,-9.8679,10.0,"M 4.5 - 183 km S of Dampit, Indonesia"
usgs,us6000plf5,4.3,mb,"299 km ENE of Lospalos, Timor Leste",1737462436655,2025-01-21T12:27:16.655000+00:00,2025-03-29T22:12:45.040000+00:00,https://earthquake.usgs.gov/earthquakes/eventpage/us6000plf5,,,,,reviewed,0,284,us,6000plf5,27,2.67,0.42,81,earthquake,Point,129.3369,-7.1495,149.819,"M 4.3 - 299 km ENE of Lospalos, Timor Leste"
usgs,us6000plem,4.9,mb,"93 km W of Ternate, Indonesia",1737458161256,2025-01-21T11:16:01.256000+00:00,2025-03-29T22:12:45.040000+00:00,https://earthquake.usgs.gov/earthquakes/eventpage/us6000plem,,,,,reviewed,0,369,us,6000plem,120,0.824,0.66,62,earthquake,Point,126.5477,0.8653,42.455,"M 4.9 - 93 km W of Ternate, Indonesia"
usgs,us6000pleh,4.2,mb,"82 km NNW of Ambon, Indonesia",1737452652116,2025-01-21T09:44:12.116000+00:00,2025-03-29T22:12:45.040000+00:00,https://earthquake.usgs.gov/earthquakes/eventpage/us6000pleh,,,,,reviewed,0,271,us,6000pleh,38,2.509,0.44,47,earthquake,Point,127.887,-3.0143,35.0,"M 4.2 - 82 km NNW of Ambon, Indonesia"
usgs,us6000pl5y,4.5,mb,"67 km SSE of Pondaguitan, Philippines",1737344817993,2025-01-20T03:46:57.993000+00:00,2025-03-29T22:12:44.040000+00:00,https://earthquake.usgs.gov/earthquakes/eventpage/us6000pl5y,,,,,reviewed,0,312,us,6000pl5y,40,1.395,0.66,110,earthquake,Point,126.3955,5.7948,82.586,"M 4.5 - 67 km SSE of Pondaguitan, Philippines"
usgs,us6000pl4s,4.4,mb,"287 km ENE of Lospalos, Timor Leste",1737321703537,2025-01-19T21:21:43.537000+00:00,2025-03-29T22:12:44.040000+00:00,https://earthquake.usgs.gov/earthquakes/eventpage/us6000pl4s,,,,,reviewed,0,298,us,6000pl4s,19,2.9,0.95,138,earthquake,Point,129.3398,-7.3866,135.793,"M 4.4 - 287 km ENE of Lospalos, Timor Leste"
usgs,us6000pl2z,4.5,mb,"111 km SW of Ternate, Indonesia",1737285629023,2025-01-19T11:20:29.023000+00:00,2025-03-29T22:12:43.040000+00:00,https://earthquake.usgs.gov/earthquakes/eventpage/us6000pl2z,,,,,reviewed,0,312,us,6000pl2z,37,0.972,0.58,58,earthquake,Point,126.7046,0.0558,56.167,"M 4.5 - 111 km SW of Ternate, Indonesia"
usgs,us7000p9uw,4.4,mb,"232 km SE of Sarangani, Philippines",1737264573100,2025-01-19T05:29:33.100000+00:00,2025-03-29T22:12:47.040000+00:00,https://earthquake.usgs.gov/earthquakes/eventpage/us7000p9uw,,,,,reviewed,0,298,us,7000p9uw,44,1.602,1.06,111,earthquake,Point,126.7466,3.7422,48.016,"M 4.4 - 232 km SE of Sarangani, Philippines"
usgs,us6000pkzd,4.6,mb,"103 km N of Ambon, Indonesia",1737229079119,2025-01-18T19:37:59.119000+00:00,2025-03-29T22:12:43.040000+00:00,https://earthquake.usgs.gov/earthquakes/eventpage/us6000pkzd,,,,,reviewed,0,326,us,6000pkzd,55,2.508,0.75,44,earthquake,Point,128.1023,-2.7625,22.723,"M 4.6 - 103 km N of Ambon, Indonesia"
usgs,us7000p9mj,4.3,mb,"198 km SE of Sarangani, Philippines",1737220984300,2025-01-18T17:23:04.300000+00:00,2025-03-29T22:12:47.040000+00:00,https://earthquake.usgs.gov/earthquakes/eventpage/us7000p9mj,,,,,reviewed,0,284,us,7000p9mj,46,1.493,0.85,56,earthquake,Point,126.9329,4.374,54.181,"M 4.3 - 198 km SE of Sarangani, Philippines"
usgs,us6000pkxx,4.5,mb,"30 km NNE of Labuan Bajo, Indonesia",1737206361207,2025-01-18T13:19:21.207000+00:00,2025-03-29T22:12:42.040000+00:00,https://earthquake.usgs.gov/earthquakes/eventpage/us6000pkxx,,,,,reviewed,0,312,us,6000pkxx,29,1.451,0.65,65,earthquake,Point,119.9898,-8.2409,171.329,"M 4.5 - 30 km NNE of Labuan Bajo, Indonesia"
usgs,us6000pkwy,5.1,mb,"106 km SW of Ternate, Indonesia",1737189466200,2025-01-18T08:37:46.200000+00:00,2025-03-29T22:12:42.040000+00:00,https://earthquake.usgs.gov/earthquakes/eventpage/us6000pkwy,,,,,reviewed,0,400,us,6000pkwy,74,0.935,0.61,59,earthquake,Point,126.7355,0.077,57.508,"M 5.1 - 106 km SW of Ternate, Indonesia"
usgs,us6000pkw6,4.2,mb,"212 km W of Tual, Indonesia",1737175617990,2025-01-18T04:46:57.990000+00:00,2025-03-29T22:12:42.040000+00:00,https://earthquake.usgs.gov/earthquakes/eventpage/us6000pkw6,,,,,reviewed,0,271,us,6000pkw6,18,1.428,1.09,77,earthquake,Point,130.8313,-5.6189,111.944,"M 4.2 - 212 km W of Tual, Indonesia"
usgs,us6000pml8,4.3,mb,"20 km ESE of Pelabuhanratu, Indonesia",1737135849142,2025-01-17T17:44:09.142000+00:00,2025-03-29T22:12:47.040000+00:00,https://earthquake.usgs.gov/earthquakes/eventpage/us6000pml8,1.0,4.1,,,reviewed,0,285,us,6000pml8,49,0.911,0.65,79,earthquake,Point,106.7098,-7.0872,75.701,"M 4.3 - 20 km ESE of Pelabuhanratu, Indonesia"
usgs,us6000pmkt,4.3,mb,"38 km E of Mangili, Philippines",1737108023818,2025-01-17T10:00:23.818000+00:00,2025-03-29T22:12:47.040000+00:00,https://earthquake.usgs.gov/earthquakes/eventpage/us6000pmkt,,,,,reviewed,0,284,us,6000pmkt,37,1.199,0.66,93,earthquake,Point,126.0225,5.9466,150.207,"M 4.3 - 38 km E of Mangili, Philippines"
usgs,us6000pmkp,4.3,mb,"40 km NNE of Singkil, Indonesia",1737090447700,2025-01-17T05:07:27.700000+00:00,2025-03-29T22:12:46.040000+00:00,https://earthquake.usgs.gov/earthquakes/eventpage/us6000pmkp,,,,,reviewed,0,284,us,6000pmkp,25,1.348,0.75,79,earthquake,Point,97.9639,2.6034,90.781,"M 4.3 - 40 km NNE of Singkil, Indonesia"
usgs,us6000pm5d,3.8,mb,"101 km NNE of Lospalos, Timor Leste",1737070897131,2025-01-16T23:41:37.131000+00:00,2025-03-29T22:12:39.040000+00:00,https://earthquake.usgs.gov/earthquakes/eventpage/us6000pm5d,,,,,reviewed,0,222,us,6000pm5d,14,3.74,0.49,99,earthquake,Point,127.4467,-7.7158,145.725,"M 3.8 - 101 km NNE of Lospalos, Timor Leste"
usgs,us6000pked,4.3,mb,"79 km N of Pototano, Indonesia",1737033453428,2025-01-16T13:17:33.428000+00:00,2025-03-29T22:12:41.040000+00:00,https://earthquake.usgs.gov/earthquakes/eventpage/us6000pked,1.0,2.0,,,reviewed,0,285,us,6000pked,38,1.148,0.74,73,earthquake,Point,117.5448,-7.6952,10.0,"M 4.3 - 79 km N of Pototano, Indonesia"
usgs,us6000pm51,4.4,mb,"104 km E of Sarangani, Philippines",1737021374176,2025-01-16T09:56:14.176000+00:00,2025-03-29T22:12:46.040000+00:00,https://earthquake.usgs.gov/earthquakes/eventpage/us6000pm51,,,,,reviewed,0,298,us,6000pm51,35,1.115,0.81,88,earthquake,Point,126.4061,5.3612,150.737,"M 4.4 - 104 km E of Sarangani, Philippines"
usgs,us6000pm4u,4.2,mb,"181 km NE of Lospalos, Timor Leste",1737013771137,2025-01-16T07:49:31.137000+00:00,2025-03-29T22:12:46.040000+00:00,https://earthquake.usgs.gov/earthquakes/eventpage/us6000pm4u,,,,,reviewed,0,271,us,6000pm4u,16,4.546,0.75,103,earthquake,Point,128.2229,-7.4245,125.83,"M 4.2 - 181 km NE of Lospalos, Timor Leste"
usgs,us6000pkbn,4.6,mb,"27 km NNW of Lubuklinggau, Indonesia",1736989646885,2025-01-16T01:07:26.885000+00:00,2025-03-29T22:12:40.040000+00:00,https://earthquake.usgs.gov/earthquakes/eventpage/us6000pkbn,,,,,reviewed,0,326,us,6000pkbn,79,1.304,0.71,126,earthquake,Point,102.7701,-3.0604,198.437,"M 4.6 - 27 km NNW of Lubuklinggau, Indonesia"
usgs,us6000pm4g,4.1,mb,"37 km SSW of Suai, Timor Leste",1736988194501,2025-01-16T00:43:14.501000+00:00,2025-03-29T22:12:46.040000+00:00,https://earthquake.usgs.gov/earthquakes/eventpage/us6000pm4g,,,,,reviewed,0,259,us,6000pm4g,20,0.844,0.48,119,earthquake,Point,125.1123,-9.6173,15.772,"M 4.1 - 37 km SSW of Suai, Timor Leste"
usgs,us6000pkah,4.2,mb,"106 km S of Tambolaka, Indonesia",1736981487367,2025-01-15T22:51:27.367000+00:00,2025-03-29T22:12:40.040000+00:00,https://earthquake.usgs.gov/earthquakes/eventpage/us6000pkah,,,,,reviewed,0,271,us,6000pkah,18,1.271,0.68,101,earthquake,Point,119.2303,-10.3873,10.0,"M 4.2 - 106 km S of Tambolaka, Indonesia"
usgs,us6000pm3n,4.4,mb,"46 km S of Blangpidie, Indonesia",1736950222755,2025-01-15T14:10:22.755000+00:00,2025-03-29T22:12:46.040000+00:00,https://earthquake.usgs.gov/earthquakes/eventpage/us6000pm3n,,,,,reviewed,0,298,us,6000pm3n,25,1.9,0.53,159,earthquake,Point,96.7807,3.3236,71.647,"M 4.4 - 46 km S of Blangpidie, Indonesia"
usgs,us6000pk4k,4.5,mb,"183 km SE of Pondaguitan, Philippines",1736935554831,2025-01-15T10:05:54.831000+00:00,2025-03-29T22:12:40.040000+00:00,https://earthquake.usgs.gov/earthquakes/eventpage/us6000pk4k,,,,,reviewed,0,312,us,6000pk4k,53,1.89,0.62,120,earthquake,Point,127.3268,5.1639,35.0,"M 4.5 - 183 km SE of Pondaguitan, Philippines"
usgs,us6000pk0k,4.6,mb,"76 km SE of Pondaguitan, Philippines",1736887913279,2025-01-14T20:51:53.279000+00:00,2025-03-20T20:55:30.040000+00:00,https://earthquake.usgs.gov/earthquakes/eventpage/us6000pk0k,,,,,reviewed,0,326,us,6000pk0k,79,1.604,0.82,107,earthquake,Point,126.6769,5.8855,72.017,"M 4.6 - 76 km SE of Pondaguitan, Philippines"
usgs,us6000pjxh,4.7,mb,"39 km SSE of Dompu, Indonesia",1736871418223,2025-01-14T16:16:58.223000+00:00,2025-03-20T20:55:28.040000+00:00,https://earthquake.usgs.gov/earthquakes/eventpage/us6000pjxh,1.0,4.1,,,reviewed,0,340,us,6000pjxh,54,0.839,0.73,54,earthquake,Point,118.6246,-8.8583,10.548,"M 4.7 - 39 km SSE of Dompu, Indonesia"
usgs,us6000pm2k,4.1,mb,"223 km SSE of Sarangani, Philippines",1736867194062,2025-01-14T15:06:34.062000+00:00,2025-03-20T20:55:48.040000+00:00,https://earthquake.usgs.gov/earthquakes/eventpage/us6000pm2k,,,,,reviewed,0,259,us,6000pm2k,35,1.442,1.32,67,earthquake,Point,126.3871,3.6035,63.344,"M 4.1 - 223 km SSE of Sarangani, Philippines"
usgs,us6000pjx3,4.3,mb,"274 km ENE of Lospalos, Timor Leste",1736865460563,2025-01-14T14:37:40.563000+00:00,2025-03-20T20:55:27.040000+00:00,https://earthquake.usgs.gov/earthquakes/eventpage/us6000pjx3,,,,,reviewed,0,284,us,6000pjx3,69,2.913,0.63,39,earthquake,Point,129.1996,-7.369,136.438,"M 4.3 - 274 km ENE of Lospalos, Timor Leste"
usgs,us6000pm1w,4.3,mb,"241 km S of Cilacap, Indonesia",1736828885484,2025-01-14T04:28:05.484000+00:00,2025-03-20T20:55:47.040000+00:00,https://earthquake.usgs.gov/earthquakes/eventpage/us6000pm1w,,,,,reviewed,0,284,us,6000pm1w,16,2.854,1.08,147,earthquake,Point,109.1791,-9.8991,10.0,"M 4.3 - 241 km S of Cilacap, Indonesia"
usgs,us6000pjp8,5.0,mb,"111 km WSW of Abepura, Indonesia",1736772877585,2025-01-13T12:54:37.585000+00:00,2025-03-20T20:55:21.040000+00:00,https://earthquake.usgs.gov/earthquakes/eventpage/us6000pjp8,,,,,reviewed,0,385,us,6000pjp8,62,1.087,1.03,46,earthquake,Point,139.6574,-2.8165,51.782,"M 5.0 - 111 km WSW of Abepura, Indonesia"
usgs,us6000pjnw,4.9,mb,"124 km NNE of Lospalos, Timor Leste",1736768828141,2025-01-13T11:47:08.141000+00:00,2025-03-20T20:55:20.040000+00:00,https://earthquake.usgs.gov/earthquakes/eventpage/us6000pjnw,,,,,reviewed,0,369,us,6000pjnw,90,3.791,0.63,39,earthquake,Point,127.6268,-7.5829,138.933,"M 4.9 - 124 km NNE of Lospalos, Timor Leste"
usgs,us6000pjnv,5.0,mb,"23 km SW of Burias, Philippines",1736768469141,2025-01-13T11:41:09.141000+00:00,2025-03-20T20:55:20.040000+00:00,https://earthquake.usgs.gov/earthquakes/eventpage/us6000pjnv,1.0,2.2,,,reviewed,0,385,us,6000pjnv,84,0.92,0.63,42,earthquake,Point,125.0964,5.5763,37.472,"M 5.0 - 23 km SW of Burias, Philippines"
usgs,us6000pjmh,4.8,mb,"186 km W of Abepura, Indonesia",1736737823580,2025-01-13T03:10:23.580000+00:00,2025-03-20T20:55:18.040000+00:00,https://earthquake.usgs.gov/earthquakes/eventpage/us6000pjmh,,,,,reviewed,0,354,us,6000pjmh,73,0.954,0.73,65,earthquake,Point,138.9598,-2.5522,73.472,"M 4.8 - 186 km W of Abepura, Indonesia"
usgs,us6000pluc,4.2,mb,"136 km NW of Ternate, Indonesia",1736728433740,2025-01-13T00:33:53.740000+00:00,2025-03-20T20:55:43.040000+00:00,https://earthquake.usgs.gov/earthquakes/eventpage/us6000pluc,,,,,reviewed,0,271,us,6000pluc,26,1.226,0.58,104,earthquake,Point,126.381,1.5065,53.375,"M 4.2 - 136 km NW of Ternate, Indonesia"
usgs,us6000pjlc,4.3,mb,"113 km SSE of Sarangani, Philippines",1736721037536,2025-01-12T22:30:37.536000+00:00,2025-03-20T20:55:16.040000+00:00,https://earthquake.usgs.gov/earthquakes/eventpage/us6000pjlc,,,,,reviewed,0,284,us,6000pjlc,33,2.614,0.81,63,earthquake,Point,125.863,4.4541,156.38,"M 4.3 - 113 km SSE of Sarangani, Philippines"
usgs,us6000pjl0,4.5,mb,"244 km SSW of Jimbaran, Indonesia",1736713273785,2025-01-12T20:21:13.785000+00:00,2025-03-20T20:55:16.040000+00:00,https://earthquake.usgs.gov/earthquakes/eventpage/us6000pjl0,,,,,reviewed,0,312,us,6000pjl0,42,2.389,0.81,118,earthquake,Point,114.3781,-10.8642,10.0,"M 4.5 - 244 km SSW of Jimbaran, Indonesia"
usgs,us6000pltq,4.2,mb,"123 km WSW of Gorontalo, Indonesia",1736677359011,2025-01-12T10:22:39.011000+00:00,2025-03-20T20:55:41.040000+00:00,https://earthquake.usgs.gov/earthquakes/eventpage/us6000pltq,,,,,reviewed,0,271,us,6000pltq,22,1.371,0.66,122,earthquake,Point,122.037,0.1233,180.597,"M 4.2 - 123 km WSW of Gorontalo, Indonesia"
usgs,us6000pji5,4.5,mb,"99 km SW of Nabire, Indonesia",1736661199650,2025-01-12T05:53:19.650000+00:00,2025-03-20T20:55:11.040000+00:00,https://earthquake.usgs.gov/earthquakes/eventpage/us6000pji5,,,,,reviewed,0,312,us,6000pji5,28,2.713,0.9,98,earthquake,Point,134.7848,-3.9019,10.0,"M 4.5 - 99 km SW of Nabire, Indonesia"
usgs,us6000plth,4.2,mb,"54 km S of Bambanglipuro, Indonesia",1736650327301,2025-01-12T02:52:07.301000+00:00,2025-03-20T20:55:41.040000+00:00,https://earthquake.usgs.gov/earthquakes/eventpage/us6000plth,,,,,reviewed,0,271,us,6000plth,13,1.401,0.51,110,earthquake,Point,110.2022,-8.4393,10.0,"M 4.2 - 54 km S of Bambanglipuro, Indonesia"
usgs,us6000pjf5,4.5,mb,"52 km SSE of Maumere, Indonesia",1736603190904,2025-01-11T13:46:30.904000+00:00,2025-03-20T20:55:08.040000+00:00,https://earthquake.usgs.gov/earthquakes/eventpage/us6000pjf5,,,,,reviewed,0,312,us,6000pjf5,29,0.451,1.0,89,earthquake,Point,122.3851,-9.0651,103.239,"M 4.5 - 52 km SSE of Maumere, Indonesia"
usgs,us6000plmz,4.6,mb,"96 km E of Kendari, Indonesia",1736596952198,2025-01-11T12:02:32.198000+00:00,2025-03-20T20:55:41.040000+00:00,https://earthquake.usgs.gov/earthquakes/eventpage/us6000plmz,,,,,reviewed,0,326,us,6000plmz,38,3.025,0.36,74,earthquake,Point,123.3807,-4.0249,10.0,"M 4.6 - 96 km E of Kendari, Indonesia"
usgs,us6000pje9,4.5,mb,"95 km S of Jatiroto, Indonesia",1736580311753,2025-01-11T07:25:11.753000+00:00,2025-03-20T20:55:06.040000+00:00,https://earthquake.usgs.gov/earthquakes/eventpage/us6000pje9,,,,,reviewed,0,312,us,6000pje9,50,1.771,0.4,114,earthquake,Point,110.9995,-8.7422,65.2,"M 4.5 - 95 km S of Jatiroto, Indonesia"
usgs,us6000pjd0,4.1,mb,"179 km N of Metinaro, Timor Leste",1736563836469,2025-01-11T02:50:36.469000+00:00,2025-03-20T20:55:05.040000+00:00,https://earthquake.usgs.gov/earthquakes/eventpage/us6000pjd0,,,,,reviewed,0,259,us,6000pjd0,21,3.185,0.91,55,earthquake,Point,125.7385,-6.9038,523.601,"M 4.1 - 179 km N of Metinaro, Timor Leste"
usgs,us6000pj98,4.4,mb,"219 km S of Sarangani, Philippines",1736538070729,2025-01-10T19:41:10.729000+00:00,2025-03-20T20:55:03.040000+00:00,https://earthquake.usgs.gov/earthquakes/eventpage/us6000pj98,,,,,reviewed,0,298,us,6000pj98,73,2.151,0.79,74,earthquake,Point,125.6986,3.43,124.037,"M 4.4 - 219 km S of Sarangani, Philippines"
usgs,us6000pj8s,4.0,mb,"7 km NNW of Bintuni, Indonesia",1736528942847,2025-01-10T17:09:02.847000+00:00,2025-03-20T20:55:02.040000+00:00,https://earthquake.usgs.gov/earthquakes/eventpage/us6000pj8s,,,,,reviewed,0,246,us,6000pj8s,22,1.523,0.82,81,earthquake,Point,133.5024,-2.0473,51.95,"M 4.0 - 7 km NNW of Bintuni, Indonesia"
usgs,us6000pllp,4.5,mb,"125 km ESE of Bitung, Indonesia",1736507491080,2025-01-10T11:11:31.080000+00:00,2025-03-20T20:55:38.040000+00:00,https://earthquake.usgs.gov/earthquakes/eventpage/us6000pllp,,,,,reviewed,0,312,us,6000pllp,40,1.24,0.53,76,earthquake,Point,126.1383,0.9409,47.401,"M 4.5 - 125 km ESE of Bitung, Indonesia"
usgs,us6000pj5b,4.3,mb,"122 km ESE of Bitung, Indonesia",1736506821338,2025-01-10T11:00:21.338000+00:00,2025-03-20T20:55:00.040000+00:00,https://earthquake.usgs.gov/earthquakes/eventpage/us6000pj5b,,,,,reviewed,0,284,us,6000pj5b,33,1.235,0.94,80,earthquake,Point,126.1654,1.0618,40.149,"M 4.3 - 122 km ESE of Bitung, Indonesia"
usgs,us6000pj54,4.5,mb,"174 km NE of Lospalos, Timor Leste",1736504790048,2025-01-10T10:26:30.048000+00:00,2025-03-20T20:55:00.040000+00:00,https://earthquake.usgs.gov/earthquakes/eventpage/us6000pj54,,,,,reviewed,0,312,us,6000pj54,63,3.379,0.53,73,earthquake,Point,128.1467,-7.4328,161.573,"M 4.5 - 174 km NE of Lospalos, Timor Leste"
usgs,us6000pllk,4.4,mb,"122 km NNE of Tobelo, Indonesia",1736501573637,2025-01-10T09:32:53.637000+00:00,2025-03-20T20:55:38.040000+00:00,https://earthquake.usgs.gov/earthquakes/eventpage/us6000pllk,,,,,reviewed,0,298,us,6000pllk,34,2.225,0.52,86,earthquake,Point,128.33,2.7916,76.695,"M 4.4 - 122 km NNE of Tobelo, Indonesia"
usgs,us6000pj3r,4.4,mb,"156 km NE of Bitung, Indonesia",1736480607951,2025-01-10T03:43:27.951000+00:00,2025-03-20T20:54:59.040000+00:00,https://earthquake.usgs.gov/earthquakes/eventpage/us6000pj3r,,,,,reviewed,0,298,us,6000pj3r,34,1.613,1.06,109,earthquake,Point,126.0765,2.4871,90.598,"M 4.4 - 156 km NE of Bitung, Indonesia"
usgs,us6000pj06,4.5,mb,"78 km SSE of Pondaguitan, Philippines",1736449871518,2025-01-09T19:11:11.518000+00:00,2025-03-20T20:54:56.040000+00:00,https://earthquake.usgs.gov/earthquakes/eventpage/us6000pj06,,,,,reviewed,0,312,us,6000pj06,54,1.612,0.8,96,earthquake,Point,126.4539,5.7029,155.3,"M 4.5 - 78 km SSE of Pondaguitan, Philippines"
usgs,us6000plgt,4.2,mb,"191 km SW of Kotabumi, Indonesia",1736448259700,2025-01-09T18:44:19.700000+00:00,2025-03-20T20:55:37.040000+00:00,https://earthquake.usgs.gov/earthquakes/eventpage/us6000plgt,,,,,reviewed,0,271,us,6000plgt,34,1.615,0.44,74,earthquake,Point,103.5146,-5.8868,35.0,"M 4.2 - 191 km SW of Kotabumi, Indonesia"
usgs,us6000pixy,4.7,mb,"73 km W of Tobelo, Indonesia",1736440934567,2025-01-09T16:42:14.567000+00:00,2025-03-20T20:54:56.040000+00:00,https://earthquake.usgs.gov/earthquakes/eventpage/us6000pixy,,,,,reviewed,0,340,us,6000pixy,77,0.896,0.87,42,earthquake,Point,127.3498,1.6732,10.0,"M 4.7 - 73 km W of Tobelo, Indonesia"
usgs,us6000plg0,4.2,mb,"86 km WSW of Modisi, Indonesia",1736405314747,2025-01-09T06:48:34.747000+00:00,2025-03-20T20:55:34.040000+00:00,https://earthquake.usgs.gov/earthquakes/eventpage/us6000plg0,,,,,reviewed,0,271,us,6000plg0,39,1.756,1.18,70,earthquake,Point,123.7753,0.0386,155.0,"M 4.2 - 86 km WSW of Modisi, Indonesia"
usgs,us6000plfs,4.3,mb,"245 km NW of Gorontalo, Indonesia",1736395726183,2025-01-09T04:08:46.183000+00:00,2025-03-20T20:55:34.040000+00:00,https://earthquake.usgs.gov/earthquakes/eventpage/us6000plfs,,,,,reviewed,0,284,us,6000plfs,24,1.192,1.34,86,earthquake,Point,121.4784,2.0848,10.0,"M 4.3 - 245 km NW of Gorontalo, Indonesia"
usgs,us6000pil9,4.0,mb,"77 km SSE of Nusa Dua, Indonesia",1736351975503,2025-01-08T15:59:35.503000+00:00,2025-03-20T20:54:49.040000+00:00,https://earthquake.usgs.gov/earthquakes/eventpage/us6000pil9,6.0,3.3,,,reviewed,0,248,us,6000pil9,19,1.651,1.13,103,earthquake,Point,115.5021,-9.4486,76.416,"M 4.0 - 77 km SSE of Nusa Dua, Indonesia"
usgs,us6000piky,4.4,mb,"73 km NNW of Labuha, Indonesia",1736346059502,2025-01-08T14:20:59.502000+00:00,2025-03-20T20:54:49.040000+00:00,https://earthquake.usgs.gov/earthquakes/eventpage/us6000piky,,,,,reviewed,0,298,us,6000piky,54,0.765,0.63,70,earthquake,Point,127.2711,0.0074,129.155,"M 4.4 - 73 km NNW of Labuha, Indonesia"
usgs,us6000pikn,4.3,mb,"229 km SSE of Amahai, Indonesia",1736341663517,2025-01-08T13:07:43.517000+00:00,2025-03-20T20:54:48.040000+00:00,https://earthquake.usgs.gov/earthquakes/eventpage/us6000pikn,,,,,reviewed,0,284,us,6000pikn,46,0.586,0.81,72,earthquake,Point,130.0229,-5.1,187.073,"M 4.3 - 229 km SSE of Amahai, Indonesia"
usgs,us6000plah,4.3,mb,"161 km SW of Bandar Lampung, Indonesia",1736339680646,2025-01-08T12:34:40.646000+00:00,2025-03-20T20:55:34.040000+00:00,https://earthquake.usgs.gov/earthquakes/eventpage/us6000plah,,,,,reviewed,0,284,us,6000plah,15,2.537,0.52,181,earthquake,Point,104.2995,-6.5311,35.0,"M 4.3 - 161 km SW of Bandar Lampung, Indonesia"
usgs,us6000pijn,4.4,mb,"18 km WSW of Dompu, Indonesia",1736324917650,2025-01-08T08:28:37.650000+00:00,2025-03-20T20:54:47.040000+00:00,https://earthquake.usgs.gov/earthquakes/eventpage/us6000pijn,,,,,reviewed,0,298,us,6000pijn,29,0.576,0.71,63,earthquake,Point,118.3201,-8.6195,136.191,"M 4.4 - 18 km WSW of Dompu, Indonesia"
usgs,us6000pl98,4.1,mb,"70 km SSW of Singaparna, Indonesia",1736311268217,2025-01-08T04:41:08.217000+00:00,2025-03-20T20:55:31.040000+00:00,https://earthquake.usgs.gov/earthquakes/eventpage/us6000pl98,,,,,reviewed,0,259,us,6000pl98,24,0.46,0.59,130,earthquake,Point,107.7966,-7.9024,72.443,"M 4.1 - 70 km SSW of Singaparna, Indonesia"
usgs,us6000piic,4.3,mb,"19 km E of Nusa Dua, Indonesia",1736302458181,2025-01-08T02:14:18.181000+00:00,2025-03-20T20:54:45.040000+00:00,https://earthquake.usgs.gov/earthquakes/eventpage/us6000piic,4.0,2.7,,,reviewed,0,286,us,6000piic,28,1.282,0.76,56,earthquake,Point,115.4075,-8.7927,116.888,"M 4.3 - 19 km E of Nusa Dua, Indonesia"
usgs,us6000pl93,4.2,mb,"141 km ENE of Lospalos, Timor Leste",1736301006020,2025-01-08T01:50:06.020000+00:00,2025-03-20T20:55:31.040000+00:00,https://earthquake.usgs.gov/earthquakes/eventpage/us6000pl93,,,,,reviewed,0,271,us,6000pl93,13,4.228,1.13,155,earthquake,Point,128.1271,-7.9191,50.317,"M 4.2 - 141 km ENE of Lospalos, Timor Leste"
usgs,us6000pifl,5.0,mb,"38 km NNW of Komodo, Indonesia",1736272341671,2025-01-07T17:52:21.671000+00:00,2025-03-17T21:35:12.040000+00:00,https://earthquake.usgs.gov/earthquakes/eventpage/us6000pifl,2.0,4.6,,,reviewed,0,386,us,6000pifl,62,1.634,0.82,73,earthquake,Point,119.3325,-8.2744,10.0,"M 5.0 - 38 km NNW of Komodo, Indonesia"
usgs,us6000pkrf,4.3,mb,"116 km SSE of Waingapu, Indonesia",1736270186217,2025-01-07T17:16:26.217000+00:00,2025-03-17T21:35:11.040000+00:00,https://earthquake.usgs.gov/earthquakes/eventpage/us6000pkrf,,,,,reviewed,0,284,us,6000pkrf,23,1.027,0.81,82,earthquake,Point,120.4806,-10.6862,19.16,"M 4.3 - 116 km SSE of Waingapu, Indonesia"
usgs,us6000piez,4.5,mb,Banda Sea,1736255766614,2025-01-07T13:16:06.614000+00:00,2025-03-17T21:35:10.040000+00:00,https://earthquake.usgs.gov/earthquakes/eventpage/us6000piez,,,,,reviewed,0,312,us,6000piez,67,2.415,0.4,85,earthquake,Point,129.9045,-6.9539,155.011,M 4.5 - Banda Sea
usgs,us6000pi69,4.3,mb,"134 km SW of Meulaboh, Indonesia",1736175586517,2025-01-06T14:59:46.517000+00:00,2025-03-17T21:34:56.040000+00:00,https://earthquake.usgs.gov/earthquakes/eventpage/us6000pi69,,,,,reviewed,0,284,us,6000pi69,21,2.556,0.44,201,earthquake,Point,95.2597,3.2916,35.0,"M 4.3 - 134 km SW of Meulaboh, Indonesia"
usgs,us6000pi5h,4.7,mb,"295 km ENE of Lospalos, Timor Leste",1736166574624,2025-01-06T12:29:34.624000+00:00,2025-03-17T21:34:55.040000+00:00,https://earthquake.usgs.gov/earthquakes/eventpage/us6000pi5h,,,,,reviewed,0,340,us,6000pi5h,83,2.766,0.78,40,earthquake,Point,129.3531,-7.2511,138.613,"M 4.7 - 295 km ENE of Lospalos, Timor Leste"
usgs,us6000pi5d,4.2,mb,"5 km NW of Jayapura, Indonesia",1736164044235,2025-01-06T11:47:24.235000+00:00,2025-03-17T21:34:55.040000+00:00,https://earthquake.usgs.gov/earthquakes/eventpage/us6000pi5d,,,,,reviewed,0,271,us,6000pi5d,27,0.027,0.85,121,earthquake,Point,140.6813,-2.4983,20.37,"M 4.2 - 5 km NW of Jayapura, Indonesia"
usgs,us6000pkn2,4.2,mb,"215 km SSE of Sarangani, Philippines",1736134074201,2025-01-06T03:27:54.201000+00:00,2025-03-17T21:34:51.040000+00:00,https://earthquake.usgs.gov/earthquakes/eventpage/us6000pkn2,,,,,reviewed,0,271,us,6000pkn2,25,2.399,0.6,112,earthquake,Point,126.0311,3.5416,108.771,"M 4.2 - 215 km SSE of Sarangani, Philippines"
usgs,us6000phzz,4.4,mb,"139 km NE of Lospalos, Timor Leste",1736088991410,2025-01-05T14:56:31.410000+00:00,2025-03-17T21:34:45.040000+00:00,https://earthquake.usgs.gov/earthquakes/eventpage/us6000phzz,,,,,reviewed,0,298,us,6000phzz,28,3.668,0.85,43,earthquake,Point,127.8519,-7.5905,159.045,"M 4.4 - 139 km NE of Lospalos, Timor Leste"
usgs,us6000phvp,4.1,mb,"129 km NNW of Pante Makasar, Timor Leste",1736011565690,2025-01-04T17:26:05.690000+00:00,2025-03-17T21:34:38.040000+00:00,https://earthquake.usgs.gov/earthquakes/eventpage/us6000phvp,,,,,reviewed,0,259,us,6000phvp,20,1.592,1.3,66,earthquake,Point,123.7839,-8.1926,194.234,"M 4.1 - 129 km NNW of Pante Makasar, Timor Leste"
usgs,us6000pkf6,4.4,mb,"201 km N of Palu, Indonesia",1736003411611,2025-01-04T15:10:11.611000+00:00,2025-03-17T21:34:37.040000+00:00,https://earthquake.usgs.gov/earthquakes/eventpage/us6000pkf6,,,,,reviewed,0,298,us,6000pkf6,47,0.812,1.23,97,earthquake,Point,119.9938,0.9111,40.875,"M 4.4 - 201 km N of Palu, Indonesia"
usgs,us6000phut,4.4,mb,"129 km SE of Sarangani, Philippines",1735999053463,2025-01-04T13:57:33.463000+00:00,2025-03-17T21:34:36.040000+00:00,https://earthquake.usgs.gov/earthquakes/eventpage/us6000phut,,,,,reviewed,0,298,us,6000phut,37,2.488,0.87,103,earthquake,Point,126.4071,4.7057,87.575,"M 4.4 - 129 km SE of Sarangani, Philippines"
usgs,us6000phua,4.5,mb,"211 km SSE of Amahai, Indonesia",1735986438962,2025-01-04T10:27:18.962000+00:00,2025-03-17T21:34:35.040000+00:00,https://earthquake.usgs.gov/earthquakes/eventpage/us6000phua,,,,,reviewed,0,312,us,6000phua,61,0.688,0.67,43,earthquake,Point,129.5773,-5.132,228.17,"M 4.5 - 211 km SSE of Amahai, Indonesia"
usgs,us6000phtd,4.3,mb,"125 km WSW of Gorontalo, Indonesia",1735973739235,2025-01-04T06:55:39.235000+00:00,2025-03-17T21:34:33.040000+00:00,https://earthquake.usgs.gov/earthquakes/eventpage/us6000phtd,,,,,reviewed,0,284,us,6000phtd,28,1.439,0.84,81,earthquake,Point,121.9603,0.2791,180.198,"M 4.3 - 125 km WSW of Gorontalo, Indonesia"
usgs,us6000phsv,4.5,mb,"179 km SW of Nabire, Indonesia",1735967676228,2025-01-04T05:14:36.228000+00:00,2025-03-17T21:34:33.040000+00:00,https://earthquake.usgs.gov/earthquakes/eventpage/us6000phsv,,,,,reviewed,0,312,us,6000phsv,16,1.553,1.17,102,earthquake,Point,134.1734,-4.2831,10.0,"M 4.5 - 179 km SW of Nabire, Indonesia"
usgs,us6000pk73,4.2,mb,"65 km SE of Bitung, Indonesia",1735944323759,2025-01-03T22:45:23.759000+00:00,2025-03-17T21:34:30.040000+00:00,https://earthquake.usgs.gov/earthquakes/eventpage/us6000pk73,,,,,reviewed,0,271,us,6000pk73,14,0.841,0.95,133,earthquake,Point,125.6069,1.095,66.638,"M 4.2 - 65 km SE of Bitung, Indonesia"
usgs,us6000phpb,4.5,mb,"75 km NNE of Tobelo, Indonesia",1735927194378,2025-01-03T17:59:54.378000+00:00,2025-03-17T21:34:28.040000+00:00,https://earthquake.usgs.gov/earthquakes/eventpage/us6000phpb,,,,,reviewed,0,312,us,6000phpb,137,1.796,1.02,51,earthquake,Point,128.1744,2.3865,140.869,"M 4.5 - 75 km NNE of Tobelo, Indonesia"
usgs,us6000pk72,4.1,mb,"45 km ESE of Waingapu, Indonesia",1735927090466,2025-01-03T17:58:10.466000+00:00,2025-03-17T21:34:28.040000+00:00,https://earthquake.usgs.gov/earthquakes/eventpage/us6000pk72,,,,,reviewed,0,259,us,6000pk72,23,0.375,0.88,89,earthquake,Point,120.6467,-9.8201,30.613,"M 4.1 - 45 km ESE of Waingapu, Indonesia"
usgs,us6000phl7,4.8,mb,"99 km SSW of Pagar Alam, Indonesia",1735915483033,2025-01-03T14:44:43.033000+00:00,2025-03-17T21:34:27.040000+00:00,https://earthquake.usgs.gov/earthquakes/eventpage/us6000phl7,,,,,reviewed,0,354,us,6000phl7,75,0.473,0.63,93,earthquake,Point,102.8052,-4.8117,63.724,"M 4.8 - 99 km SSW of Pagar Alam, Indonesia"
usgs,us6000pk6t,4.4,mb,"76 km NNW of Bima, Indonesia",1735899452758,2025-01-03T10:17:32.758000+00:00,2025-03-17T21:34:25.040000+00:00,https://earthquake.usgs.gov/earthquakes/eventpage/us6000pk6t,,,,,reviewed,0,298,us,6000pk6t,25,1.192,0.75,77,earthquake,Point,118.4478,-7.8313,10.0,"M 4.4 - 76 km NNW of Bima, Indonesia"
usgs,us6000pk6h,4.1,mb,"66 km NW of Gunungsitoli, Indonesia",1735881391175,2025-01-03T05:16:31.175000+00:00,2025-03-17T21:34:24.040000+00:00,https://earthquake.usgs.gov/earthquakes/eventpage/us6000pk6h,,,,,reviewed,0,259,us,6000pk6h,21,0.56,0.63,182,earthquake,Point,97.2165,1.7366,48.606,"M 4.1 - 66 km NW of Gunungsitoli, Indonesia"
usgs,us6000phaz,4.7,mb,"52 km S of Labuha, Indonesia",1735852410892,2025-01-02T21:13:30.892000+00:00,2025-03-17T21:34:19.040000+00:00,https://earthquake.usgs.gov/earthquakes/eventpage/us6000phaz,,,,,reviewed,0,340,us,6000phaz,45,1.863,0.84,83,earthquake,Point,127.4627,-1.1012,10.0,"M 4.7 - 52 km S of Labuha, Indonesia"
usgs,us6000ph3u,4.4,mb,"72 km W of Tobelo, Indonesia",1735824328775,2025-01-02T13:25:28.775000+00:00,2025-03-17T21:34:16.040000+00:00,https://earthquake.usgs.gov/earthquakes/eventpage/us6000ph3u,,,,,reviewed,0,298,us,6000ph3u,32,0.983,0.94,130,earthquake,Point,127.3626,1.7617,117.276,"M 4.4 - 72 km W of Tobelo, Indonesia"
usgs,us6000ph0e,5.1,mb,"110 km SE of Modisi, Indonesia",1735795943434,2025-01-02T05:32:23.434000+00:00,2025-03-17T21:34:13.040000+00:00,https://earthquake.usgs.gov/earthquakes/eventpage/us6000ph0e,,,,,reviewed,0,400,us,6000ph0e,113,1.672,0.78,48,earthquake,Point,125.1945,-0.2006,56.271,"M 5.1 - 110 km SE of Modisi, Indonesia"
usgs,us6000pjrw,4.4,mb,"58 km ESE of Tuapejat, Indonesia",1735772841957,2025-01-01T23:07:21.957000+00:00,2025-03-17T21:34:10.040000+00:00,https://earthquake.usgs.gov/earthquakes/eventpage/us6000pjrw,,,,,reviewed,0,298,us,6000pjrw,33,3.592,0.63,184,earthquake,Point,100.1033,-2.1566,44.253,"M 4.4 - 58 km ESE of Tuapejat, Indonesia"
usgs,us6000pjrs,4.2,mb,"57 km SSW of Labuha, Indonesia",1735762901770,2025-01-01T20:21:41.770000+00:00,2025-03-17T21:34:09.040000+00:00,https://earthquake.usgs.gov/earthquakes/eventpage/us6000pjrs,,,,,reviewed,0,271,us,6000pjrs,23,3.513,0.64,98,earthquake,Point,127.2786,-1.1015,10.0,"M 4.2 - 57 km SSW of Labuha, Indonesia"
usgs,us6000pjrq,4.4,mb,"66 km SSW of Labuha, Indonesia",1735758729633,2025-01-01T19:12:09.633000+00:00,2025-03-17T21:34:08.040000+00:00,https://earthquake.usgs.gov/earthquakes/eventpage/us6000pjrq,,,,,reviewed,0,298,us,6000pjrq,31,3.523,0.48,90,earthquake,Point,127.2235,-1.1688,10.0,"M 4.4 - 66 km SSW of Labuha, Indonesia"
usgs,us6000pgx5,4.5,mb,"51 km SSW of Labuha, Indonesia",1735756469511,2025-01-01T18:34:29.511000+00:00,2025-03-17T21:34:08.040000+00:00,https://earthquake.usgs.gov/earthquakes/eventpage/us6000pgx5,,,,,reviewed,0,312,us,6000pgx5,44,3.543,0.86,79,earthquake,Point,127.3492,-1.0739,10.0,"M 4.5 - 51 km SSW of Labuha, Indonesia"
usgs,us6000pgru,4.4,mb,"256 km SSE of Ambon, Indonesia",1735693630492,2025-01-01T01:07:10.492000+00:00,2025-03-17T21:33:57.040000+00:00,https://earthquake.usgs.gov/earthquakes/eventpage/us6000pgru,,,,,reviewed,0,298,us,6000pgru,19,1.709,0.89,81,earthquake,Point,128.8869,-5.9077,277.355,"M 4.4 - 256 km SSE of Ambon, Indonesia"
usgs,us6000pw69,5.6,mww,"236 km W of Tual, Indonesia",1740779918554,2025-02-28T21:58:38.554000+00:00,2025-05-08T19:24:43.040000+00:00,https://earthquake.usgs.gov/earthquakes/eventpage/us6000pw69,2.0,2.7,3.182,green,reviewed,0,483,us,6000pw69,85,1.666,0.65,29,earthquake,Point,130.652,-6.0227,126.0,"M 5.6 - 236 km W of Tual, Indonesia"
usgs,us6000pw4c,4.3,mb,"167 km NNE of Bitung, Indonesia",1740759532058,2025-02-28T16:18:52.058000+00:00,2025-05-08T19:24:43.040000+00:00,https://earthquake.usgs.gov/earthquakes/eventpage/us6000pw4c,,,,,reviewed,0,284,us,6000pw4c,40,1.641,0.92,117,earthquake,Point,125.7533,2.8167,143.941,"M 4.3 - 167 km NNE of Bitung, Indonesia"
usgs,us6000pxgs,4.4,mb,"196 km W of Tual, Indonesia",1740751136802,2025-02-28T13:58:56.802000+00:00,2025-05-08T19:24:48.040000+00:00,https://earthquake.usgs.gov/earthquakes/eventpage/us6000pxgs,,,,,reviewed,0,298,us,6000pxgs,23,1.785,0.51,76,earthquake,Point,131.0032,-5.9414,127.398,"M 4.4 - 196 km W of Tual, Indonesia"
usgs,us6000pxgj,4.2,mb,"138 km ENE of Bitung, Indonesia",1740742202298,2025-02-28T11:30:02.298000+00:00,2025-05-08T19:24:48.040000+00:00,https://earthquake.usgs.gov/earthquakes/eventpage/us6000pxgj,,,,,reviewed,0,271,us,6000pxgj,49,1.378,1.13,101,earthquake,Point,126.3429,1.7012,73.513,"M 4.2 - 138 km ENE of Bitung, Indonesia"
usgs,us6000pw34,4.3,mb,"82 km NNW of Bintuni, Indonesia",1740740061093,2025-02-28T10:54:21.093000+00:00,2025-05-08T19:24:43.040000+00:00,https://earthquake.usgs.gov/earthquakes/eventpage/us6000pw34,,,,,reviewed,0,284,us,6000pw34,34,1.698,0.95,71,earthquake,Point,133.144,-1.4662,49.111,"M 4.3 - 82 km NNW of Bintuni, Indonesia"
usgs,us6000pw14,4.6,mb,"47 km ESE of Modisi, Indonesia",1740736911578,2025-02-28T10:01:51.578000+00:00,2025-05-08T19:24:42.040000+00:00,https://earthquake.usgs.gov/earthquakes/eventpage/us6000pw14,,,,,reviewed,0,326,us,6000pw14,49,1.219,0.32,114,earthquake,Point,124.7947,0.2172,10.0,"M 4.6 - 47 km ESE of Modisi, Indonesia"
usgs,us6000pvw7,4.2,mb,"185 km WSW of Abepura, Indonesia",1740687116308,2025-02-27T20:11:56.308000+00:00,2025-05-08T19:24:42.040000+00:00,https://earthquake.usgs.gov/earthquakes/eventpage/us6000pvw7,,,,,reviewed,0,271,us,6000pvw7,38,0.932,0.74,99,earthquake,Point,139.0632,-3.1642,71.564,"M 4.2 - 185 km WSW of Abepura, Indonesia"
usgs,us6000pvu2,4.9,mww,"40 km NE of Ruteng, Indonesia",1740671579695,2025-02-27T15:52:59.695000+00:00,2025-05-08T19:24:42.040000+00:00,https://earthquake.usgs.gov/earthquakes/eventpage/us6000pvu2,,,,,reviewed,0,369,us,6000pvu2,62,1.365,1.08,60,earthquake,Point,120.7421,-8.368,179.609,"M 4.9 - 40 km NE of Ruteng, Indonesia"
usgs,us6000pvu0,4.6,mb,"216 km N of Tobelo, Indonesia",1740670242492,2025-02-27T15:30:42.492000+00:00,2025-05-08T19:24:42.040000+00:00,https://earthquake.usgs.gov/earthquakes/eventpage/us6000pvu0,,,,,reviewed,0,326,us,6000pvu0,51,2.601,0.82,108,earthquake,Point,127.8669,3.6796,57.963,"M 4.6 - 216 km N of Tobelo, Indonesia"
usgs,us6000pvtp,4.4,mb,"245 km ENE of Lospalos, Timor Leste",1740666944146,2025-02-27T14:35:44.146000+00:00,2025-05-08T19:24:42.040000+00:00,https://earthquake.usgs.gov/earthquakes/eventpage/us6000pvtp,,,,,reviewed,0,298,us,6000pvtp,51,2.95,0.69,38,earthquake,Point,128.8586,-7.3012,150.281,"M 4.4 - 245 km ENE of Lospalos, Timor Leste"
usgs,us6000pxff,4.1,mb,"100 km SE of Tondano, Indonesia",1740662774933,2025-02-27T13:26:14.933000+00:00,2025-05-08T19:24:47.040000+00:00,https://earthquake.usgs.gov/earthquakes/eventpage/us6000pxff,,,,,reviewed,0,259,us,6000pxff,20,1.059,0.74,84,earthquake,Point,125.4617,0.5803,77.931,"M 4.1 - 100 km SE of Tondano, Indonesia"
usgs,us6000pvsz,4.4,mb,"77 km ENE of Masamba, Indonesia",1740656876647,2025-02-27T11:47:56.647000+00:00,2025-05-08T19:24:42.040000+00:00,https://earthquake.usgs.gov/earthquakes/eventpage/us6000pvsz,1.0,2.2,,,reviewed,0,298,us,6000pvsz,31,0.244,1.08,54,earthquake,Point,120.9895,-2.337,10.0,"M 4.4 - 77 km ENE of Masamba, Indonesia"
usgs,us6000pvss,4.4,mb,Banda Sea,1740652730506,2025-02-27T10:38:50.506000+00:00,2025-05-08T19:24:42.040000+00:00,https://earthquake.usgs.gov/earthquakes/eventpage/us6000pvss,,,,,reviewed,0,298,us,6000pvss,27,2.01,0.79,45,earthquake,Point,129.3184,-6.4582,210.968,M 4.4 - Banda Sea
usgs,us6000pvr2,4.2,mb,"89 km W of Labuha, Indonesia",1740627419142,2025-02-27T03:36:59.142000+00:00,2025-05-08T19:24:41.040000+00:00,https://earthquake.usgs.gov/earthquakes/eventpage/us6000pvr2,,,,,reviewed,0,271,us,6000pvr2,28,1.417,0.65,66,earthquake,Point,126.6886,-0.4805,64.912,"M 4.2 - 89 km W of Labuha, Indonesia"
usgs,us6000pvqx,4.3,mb,"128 km SW of Abepura, Indonesia",1740625441571,2025-02-27T03:04:01.571000+00:00,2025-05-08T19:24:41.040000+00:00,https://earthquake.usgs.gov/earthquakes/eventpage/us6000pvqx,,,,,reviewed,0,284,us,6000pvqx,22,1.126,0.9,119,earthquake,Point,139.9081,-3.4979,69.16,"M 4.3 - 128 km SW of Abepura, Indonesia"
usgs,us6000pxf3,4.4,mb,"84 km E of Modisi, Indonesia",1740623628276,2025-02-27T02:33:48.276000+00:00,2025-05-08T19:24:47.040000+00:00,https://earthquake.usgs.gov/earthquakes/eventpage/us6000pxf3,,,,,reviewed,0,298,us,6000pxf3,25,1.067,0.74,77,earthquake,Point,125.1923,0.4303,10.0,"M 4.4 - 84 km E of Modisi, Indonesia"
usgs,us6000pxf2,4.5,mb,Banda Sea,1740622782266,2025-02-27T02:19:42.266000+00:00,2025-05-08T19:24:47.040000+00:00,https://earthquake.usgs.gov/earthquakes/eventpage/us6000pxf2,,,,,reviewed,0,312,us,6000pxf2,28,2.425,0.48,108,earthquake,Point,130.3323,-6.9258,62.561,M 4.5 - Banda Sea
usgs,us6000pvqn,4.6,mb,"58 km E of Modisi, Indonesia",1740618534849,2025-02-27T01:08:54.849000+00:00,2025-05-08T19:24:41.040000+00:00,https://earthquake.usgs.gov/earthquakes/eventpage/us6000pvqn,,,,,reviewed,0,326,us,6000pvqn,31,1.071,0.94,73,earthquake,Point,124.9597,0.3726,10.0,"M 4.6 - 58 km E of Modisi, Indonesia"
usgs,us6000pvpm,4.4,mb,"28 km WSW of Waingapu, Indonesia",1740605465104,2025-02-26T21:31:05.104000+00:00,2025-05-08T19:24:41.040000+00:00,https://earthquake.usgs.gov/earthquakes/eventpage/us6000pvpm,1.0,2.0,,,reviewed,0,298,us,6000pvpm,50,0.283,0.6,91,earthquake,Point,120.0327,-9.7775,61.146,"M 4.4 - 28 km WSW of Waingapu, Indonesia"
usgs,us6000pxa4,4.2,mb,"122 km WNW of Abepura, Indonesia",1740603896553,2025-02-26T21:04:56.553000+00:00,2025-05-08T19:24:47.040000+00:00,https://earthquake.usgs.gov/earthquakes/eventpage/us6000pxa4,,,,,reviewed,0,271,us,6000pxa4,21,1.147,0.86,74,earthquake,Point,139.5821,-2.2654,35.0,"M 4.2 - 122 km WNW of Abepura, Indonesia"
usgs,us6000pxa1,4.1,mb,"37 km ESE of Kupang, Indonesia",1740593802883,2025-02-26T18:16:42.883000+00:00,2025-05-08T19:24:47.040000+00:00,https://earthquake.usgs.gov/earthquakes/eventpage/us6000pxa1,,,,,reviewed,0,259,us,6000pxa1,18,0.666,1.22,64,earthquake,Point,123.9127,-10.3261,10.0,"M 4.1 - 37 km ESE of Kupang, Indonesia"
usgs,us6000pxa0,4.0,mb,"63 km ESE of Modisi, Indonesia",1740592108317,2025-02-26T17:48:28.317000+00:00,2025-05-08T19:24:47.040000+00:00,https://earthquake.usgs.gov/earthquakes/eventpage/us6000pxa0,,,,,reviewed,0,246,us,6000pxa0,19,1.115,1.07,154,earthquake,Point,124.9975,0.3324,10.0,"M 4.0 - 63 km ESE of Modisi, Indonesia"
usgs,us6000pvnl,4.4,mb,"218 km SE of Pondaguitan, Philippines",1740591701388,2025-02-26T17:41:41.388000+00:00,2025-05-08T19:24:41.040000+00:00,https://earthquake.usgs.gov/earthquakes/eventpage/us6000pvnl,,,,,reviewed,0,298,us,6000pvnl,58,1.896,0.85,102,earthquake,Point,127.3799,4.7976,99.476,"M 4.4 - 218 km SE of Pondaguitan, Philippines"
usgs,us6000pvnk,4.9,mb,"132 km WNW of Ternate, Indonesia",1740591300362,2025-02-26T17:35:00.362000+00:00,2025-05-08T19:24:41.040000+00:00,https://earthquake.usgs.gov/earthquakes/eventpage/us6000pvnk,,,,,reviewed,0,369,us,6000pvnk,92,1.482,0.87,64,earthquake,Point,126.3181,1.3287,46.136,"M 4.9 - 132 km WNW of Ternate, Indonesia"
usgs,us6000pvlm,4.7,mb,"51 km E of Modisi, Indonesia",1740580408126,2025-02-26T14:33:28.126000+00:00,2025-05-08T19:24:41.040000+00:00,https://earthquake.usgs.gov/earthquakes/eventpage/us6000pvlm,,,,,reviewed,0,340,us,6000pvlm,76,1.013,0.37,65,earthquake,Point,124.8982,0.4259,10.0,"M 4.7 - 51 km E of Modisi, Indonesia"
usgs,us6000pvla,4.8,mww,"53 km E of Modisi, Indonesia",1740575703098,2025-02-26T13:15:03.098000+00:00,2025-05-08T19:24:41.040000+00:00,https://earthquake.usgs.gov/earthquakes/eventpage/us6000pvla,,,,,reviewed,0,354,us,6000pvla,120,1.068,0.65,26,earthquake,Point,124.9064,0.3704,10.0,"M 4.8 - 53 km E of Modisi, Indonesia"
usgs,us6000pvkw,4.9,mb,"58 km E of Modisi, Indonesia",1740570530309,2025-02-26T11:48:50.309000+00:00,2025-05-08T19:24:41.040000+00:00,https://earthquake.usgs.gov/earthquakes/eventpage/us6000pvkw,,,,,reviewed,0,369,us,6000pvkw,52,1.063,0.79,54,earthquake,Point,124.9575,0.38,10.0,"M 4.9 - 58 km E of Modisi, Indonesia"
usgs,us6000pvkk,4.7,mb,"57 km ESE of Modisi, Indonesia",1740565050544,2025-02-26T10:17:30.544000+00:00,2025-05-08T19:24:41.040000+00:00,https://earthquake.usgs.gov/earthquakes/eventpage/us6000pvkk,,,,,reviewed,0,340,us,6000pvkk,33,1.119,0.58,46,earthquake,Point,124.9354,0.3218,9.106,"M 4.7 - 57 km ESE of Modisi, Indonesia"
usgs,us6000pvka,4.9,mb,"57 km E of Modisi, Indonesia",1740560666329,2025-02-26T09:04:26.329000+00:00,2025-05-08T19:24:41.040000+00:00,https://earthquake.usgs.gov/earthquakes/eventpage/us6000pvka,,,,,reviewed,0,369,us,6000pvka,43,1.053,0.72,46,earthquake,Point,124.9479,0.3889,10.0,"M 4.9 - 57 km E of Modisi, Indonesia"
usgs,us6000pvk7,5.0,mb,"56 km ESE of Modisi, Indonesia",1740560211128,2025-02-26T08:56:51.128000+00:00,2025-05-08T19:24:41.040000+00:00,https://earthquake.usgs.gov/earthquakes/eventpage/us6000pvk7,,,,,reviewed,0,385,us,6000pvk7,46,2.486,0.87,34,earthquake,Point,124.9255,0.2983,10.0,"M 5.0 - 56 km ESE of Modisi, Indonesia"
usgs,us6000pvju,4.9,mb,"53 km E of Modisi, Indonesia",1740556559221,2025-02-26T07:55:59.221000+00:00,2025-05-08T19:24:41.040000+00:00,https://earthquake.usgs.gov/earthquakes/eventpage/us6000pvju,,,,,reviewed,0,369,us,6000pvju,63,1.014,1.06,27,earthquake,Point,124.9175,0.4259,10.0,"M 4.9 - 53 km E of Modisi, Indonesia"
usgs,us6000pxaa,4.3,mb,"31 km SSE of Sinabang, Indonesia",1740551175368,2025-02-26T06:26:15.368000+00:00,2025-05-08T19:24:47.040000+00:00,https://earthquake.usgs.gov/earthquakes/eventpage/us6000pxaa,,,,,reviewed,0,284,us,6000pxaa,21,2.445,0.75,199,earthquake,Point,96.5197,2.2339,34.231,"M 4.3 - 31 km SSE of Sinabang, Indonesia"
usgs,us6000px9h,4.2,mb,"177 km SSE of Sarangani, Philippines",1740545557631,2025-02-26T04:52:37.631000+00:00,2025-05-08T19:24:47.040000+00:00,https://earthquake.usgs.gov/earthquakes/eventpage/us6000px9h,,,,,reviewed,0,271,us,6000px9h,32,0.946,1.01,82,earthquake,Point,125.8069,3.8388,145.983,"M 4.2 - 177 km SSE of Sarangani, Philippines"
usgs,us6000pvif,4.6,mb,"64 km ESE of Modisi, Indonesia",1740539421230,2025-02-26T03:10:21.230000+00:00,2025-05-08T19:24:40.040000+00:00,https://earthquake.usgs.gov/earthquakes/eventpage/us6000pvif,,,,,reviewed,0,326,us,6000pvif,36,1.194,1.18,51,earthquake,Point,124.9823,0.2501,10.0,"M 4.6 - 64 km ESE of Modisi, Indonesia"
usgs,us6000px9e,4.1,mb,"59 km E of Modisi, Indonesia",1740536680184,2025-02-26T02:24:40.184000+00:00,2025-05-08T19:24:47.040000+00:00,https://earthquake.usgs.gov/earthquakes/eventpage/us6000px9e,,,,,reviewed,0,259,us,6000px9e,18,1.093,0.52,107,earthquake,Point,124.9612,0.3503,10.0,"M 4.1 - 59 km E of Modisi, Indonesia"
usgs,us6000px9d,4.3,mb,"63 km SSE of Tondano, Indonesia",1740533887880,2025-02-26T01:38:07.880000+00:00,2025-05-08T19:24:47.040000+00:00,https://earthquake.usgs.gov/earthquakes/eventpage/us6000px9d,,,,,reviewed,0,284,us,6000px9d,19,0.726,1.11,95,earthquake,Point,125.0872,0.7569,83.002,"M 4.3 - 63 km SSE of Tondano, Indonesia"
usgs,us6000px9c,4.5,mb,"43 km ENE of Modisi, Indonesia",1740533363245,2025-02-26T01:29:23.245000+00:00,2025-05-08T19:24:47.040000+00:00,https://earthquake.usgs.gov/earthquakes/eventpage/us6000px9c,,,,,reviewed,0,312,us,6000px9c,23,0.884,1.04,121,earthquake,Point,124.8129,0.5545,10.0,"M 4.5 - 43 km ENE of Modisi, Indonesia"
usgs,us6000pvh5,4.9,mb,"51 km ESE of Modisi, Indonesia",1740525073032,2025-02-25T23:11:13.032000+00:00,2025-05-06T21:39:13.040000+00:00,https://earthquake.usgs.gov/earthquakes/eventpage/us6000pvh5,,,,,reviewed,0,369,us,6000pvh5,25,1.238,0.9,116,earthquake,Point,124.8272,0.198,13.642,"M 4.9 - 51 km ESE of Modisi, Indonesia"
usgs,us6000pvgx,6.1,mww,"45 km E of Modisi, Indonesia",1740524145917,2025-02-25T22:55:45.917000+00:00,2025-05-06T21:39:13.040000+00:00,https://earthquake.usgs.gov/earthquakes/eventpage/us6000pvgx,1.0,3.4,5.546,green,reviewed,0,573,us,6000pvgx,123,1.038,0.74,19,earthquake,Point,124.8407,0.3994,21.726,"M 6.1 - 45 km E of Modisi, Indonesia"
usgs,us6000px80,4.1,mb,"210 km NW of Tobelo, Indonesia",1740510466336,2025-02-25T19:07:46.336000+00:00,2025-05-06T21:39:15.040000+00:00,https://earthquake.usgs.gov/earthquakes/eventpage/us6000px80,,,,,reviewed,0,259,us,6000px80,32,2.067,0.85,96,earthquake,Point,126.5571,2.9559,64.366,"M 4.1 - 210 km NW of Tobelo, Indonesia"
usgs,us6000pvex,5.1,mb,"209 km NW of Tobelo, Indonesia",1740507229712,2025-02-25T18:13:49.712000+00:00,2025-05-06T21:39:13.040000+00:00,https://earthquake.usgs.gov/earthquakes/eventpage/us6000pvex,,,,,reviewed,0,400,us,6000pvex,103,2.079,0.63,44,earthquake,Point,126.5765,2.9535,47.046,"M 5.1 - 209 km NW of Tobelo, Indonesia"
usgs,us6000pvdi,4.5,mb,"Pulau Pulau Tanimbar, Indonesia",1740504015567,2025-02-25T17:20:15.567000+00:00,2025-05-06T21:39:13.040000+00:00,https://earthquake.usgs.gov/earthquakes/eventpage/us6000pvdi,,,,,reviewed,0,312,us,6000pvdi,32,2.496,0.8,46,earthquake,Point,130.0748,-7.0292,120.969,"M 4.5 - Pulau Pulau Tanimbar, Indonesia"
usgs,us6000pvd1,4.9,mww,"159 km NNE of Bitung, Indonesia",1740499179779,2025-02-25T15:59:39.779000+00:00,2025-05-06T21:39:13.040000+00:00,https://earthquake.usgs.gov/earthquakes/eventpage/us6000pvd1,,,,,reviewed,0,369,us,6000pvd1,156,1.556,0.89,47,earthquake,Point,125.6199,2.7999,138.561,"M 4.9 - 159 km NNE of Bitung, Indonesia"
usgs,us6000px7r,4.1,mb,"127 km SE of Sarangani, Philippines",1740493383878,2025-02-25T14:23:03.878000+00:00,2025-05-06T21:39:15.040000+00:00,https://earthquake.usgs.gov/earthquakes/eventpage/us6000px7r,,,,,reviewed,0,259,us,6000px7r,24,0.814,0.58,109,earthquake,Point,126.2828,4.5899,74.186,"M 4.1 - 127 km SE of Sarangani, Philippines"
usgs,us6000pv9j,4.3,mb,"47 km SSW of Sinabang, Indonesia",1740456193603,2025-02-25T04:03:13.603000+00:00,2025-05-06T21:39:12.040000+00:00,https://earthquake.usgs.gov/earthquakes/eventpage/us6000pv9j,,,,,reviewed,0,284,us,6000pv9j,26,3.201,0.6,192,earthquake,Point,96.1837,2.0987,21.763,"M 4.3 - 47 km SSW of Sinabang, Indonesia"
usgs,us6000pv99,4.7,mb,"296 km SSW of Pagar Alam, Indonesia",1740452879755,2025-02-25T03:07:59.755000+00:00,2025-05-06T21:39:12.040000+00:00,https://earthquake.usgs.gov/earthquakes/eventpage/us6000pv99,,,,,reviewed,0,340,us,6000pv99,63,2.251,0.43,128,earthquake,Point,102.2791,-6.5224,10.0,"M 4.7 - 296 km SSW of Pagar Alam, Indonesia"
usgs,us7000pfn2,5.0,mb,"28 km NNE of Waingapu, Indonesia",1740338476945,2025-02-23T19:21:16.945000+00:00,2025-05-06T21:39:19.040000+00:00,https://earthquake.usgs.gov/earthquakes/eventpage/us7000pfn2,2.0,4.3,,,reviewed,0,385,us,7000pfn2,46,0.261,0.97,90,earthquake,Point,120.3348,-9.4086,45.343,"M 5.0 - 28 km NNE of Waingapu, Indonesia"
usgs,us6000pwti,4.5,mb,"114 km WNW of Ternate, Indonesia",1740316799577,2025-02-23T13:19:59.577000+00:00,2025-05-06T21:39:15.040000+00:00,https://earthquake.usgs.gov/earthquakes/eventpage/us6000pwti,,,,,reviewed,0,312,us,6000pwti,28,1.024,0.96,92,earthquake,Point,126.4298,1.1875,54.38,"M 4.5 - 114 km WNW of Ternate, Indonesia"
usgs,us7000pfk1,5.0,mb,"295 km SSW of Pagar Alam, Indonesia",1740287782431,2025-02-23T05:16:22.431000+00:00,2025-05-06T21:39:19.040000+00:00,https://earthquake.usgs.gov/earthquakes/eventpage/us7000pfk1,,,,,reviewed,0,385,us,7000pfk1,48,2.24,0.8,67,earthquake,Point,102.1738,-6.4752,10.0,"M 5.0 - 295 km SSW of Pagar Alam, Indonesia"
usgs,us7000pfjr,5.1,mb,"297 km SSW of Pagar Alam, Indonesia",1740284833411,2025-02-23T04:27:13.411000+00:00,2025-05-06T21:39:19.040000+00:00,https://earthquake.usgs.gov/earthquakes/eventpage/us7000pfjr,,,,,reviewed,0,400,us,7000pfjr,74,2.263,0.78,93,earthquake,Point,102.2392,-6.522,10.0,"M 5.1 - 297 km SSW of Pagar Alam, Indonesia"
usgs,us7000pfiz,3.9,mb,"202 km W of Gorontalo, Indonesia",1740269882896,2025-02-23T00:18:02.896000+00:00,2025-05-06T21:39:19.040000+00:00,https://earthquake.usgs.gov/earthquakes/eventpage/us7000pfiz,,,,,reviewed,0,234,us,7000pfiz,17,0.686,0.65,84,earthquake,Point,121.2448,0.6013,85.947,"M 3.9 - 202 km W of Gorontalo, Indonesia"
usgs,us7000pfiu,4.7,mb,"169 km S of Pagar Alam, Indonesia",1740267892037,2025-02-22T23:44:52.037000+00:00,2025-05-06T21:39:19.040000+00:00,https://earthquake.usgs.gov/earthquakes/eventpage/us7000pfiu,,,,,reviewed,0,340,us,7000pfiu,55,1.172,0.89,90,earthquake,Point,102.9862,-5.5397,10.0,"M 4.7 - 169 km S of Pagar Alam, Indonesia"
usgs,us7000pfg7,4.4,mb,"55 km N of Bima, Indonesia",1740229081910,2025-02-22T12:58:01.910000+00:00,2025-05-06T21:39:18.040000+00:00,https://earthquake.usgs.gov/earthquakes/eventpage/us7000pfg7,,,,,reviewed,0,298,us,7000pfg7,30,1.289,0.99,60,earthquake,Point,118.7395,-7.954,218.474,"M 4.4 - 55 km N of Bima, Indonesia"
usgs,us7000pffg,4.5,mb,"243 km S of Ambon, Indonesia",1740221080149,2025-02-22T10:44:40.149000+00:00,2025-05-06T21:39:18.040000+00:00,https://earthquake.usgs.gov/earthquakes/eventpage/us7000pffg,,,,,reviewed,0,312,us,7000pffg,51,2.429,0.7,36,earthquake,Point,127.8699,-5.872,381.464,"M 4.5 - 243 km S of Ambon, Indonesia"
usgs,us6000pwm5,4.2,mb,"58 km NNE of Baukau, Timor Leste",1740216658145,2025-02-22T09:30:58.145000+00:00,2025-05-06T21:39:14.040000+00:00,https://earthquake.usgs.gov/earthquakes/eventpage/us6000pwm5,,,,,reviewed,0,271,us,6000pwm5,13,2.905,0.59,160,earthquake,Point,126.5883,-7.9609,10.987,"M 4.2 - 58 km NNE of Baukau, Timor Leste"
usgs,us6000pwm0,4.4,mb,"52 km E of Bitung, Indonesia",1740193941161,2025-02-22T03:12:21.161000+00:00,2025-05-06T21:39:14.040000+00:00,https://earthquake.usgs.gov/earthquakes/eventpage/us6000pwm0,,,,,reviewed,0,298,us,6000pwm0,19,0.761,1.14,104,earthquake,Point,125.595,1.3487,9.507,"M 4.4 - 52 km E of Bitung, Indonesia"
usgs,us7000pfbi,4.2,mb,"106 km NW of Maubara, Timor Leste",1740170838687,2025-02-21T20:47:18.687000+00:00,2025-05-06T21:39:18.040000+00:00,https://earthquake.usgs.gov/earthquakes/eventpage/us7000pfbi,,,,,reviewed,0,271,us,7000pfbi,19,1.745,0.43,160,earthquake,Point,124.4575,-8.0096,187.476,"M 4.2 - 106 km NW of Maubara, Timor Leste"
usgs,us6000pw42,4.1,mb,"185 km SE of Sarangani, Philippines",1740163441211,2025-02-21T18:44:01.211000+00:00,2025-05-06T21:39:14.040000+00:00,https://earthquake.usgs.gov/earthquakes/eventpage/us6000pw42,,,,,reviewed,0,259,us,6000pw42,43,1.175,0.72,67,earthquake,Point,126.4332,4.0381,96.402,"M 4.1 - 185 km SE of Sarangani, Philippines"
usgs,us7000pf4z,4.5,mb,"36 km NNW of Manokwari, Indonesia",1740100809690,2025-02-21T01:20:09.690000+00:00,2025-05-06T21:39:17.040000+00:00,https://earthquake.usgs.gov/earthquakes/eventpage/us7000pf4z,,,,,reviewed,0,312,us,7000pf4z,27,2.255,0.65,118,earthquake,Point,133.8981,-0.575,10.0,"M 4.5 - 36 km NNW of Manokwari, Indonesia"
usgs,us7000pf4p,4.1,mb,"100 km SSE of Amahai, Indonesia",1740098414374,2025-02-21T00:40:14.374000+00:00,2025-05-06T21:39:17.040000+00:00,https://earthquake.usgs.gov/earthquakes/eventpage/us7000pf4p,,,,,reviewed,0,259,us,7000pf4p,24,0.764,0.52,65,earthquake,Point,129.2082,-4.2,144.311,"M 4.1 - 100 km SSE of Amahai, Indonesia"
usgs,us6000pw2t,4.3,mb,"104 km WNW of Tobelo, Indonesia",1740093765564,2025-02-20T23:22:45.564000+00:00,2025-05-06T21:39:14.040000+00:00,https://earthquake.usgs.gov/earthquakes/eventpage/us6000pw2t,,,,,reviewed,0,284,us,6000pw2t,20,1.474,0.78,124,earthquake,Point,127.2262,2.2489,10.0,"M 4.3 - 104 km WNW of Tobelo, Indonesia"
usgs,us7000pexm,5.0,mb,"154 km WSW of Fakfak, Indonesia",1740052305309,2025-02-20T11:51:45.309000+00:00,2025-05-06T21:39:17.040000+00:00,https://earthquake.usgs.gov/earthquakes/eventpage/us7000pexm,,,,,reviewed,0,385,us,7000pexm,74,1.563,0.85,52,earthquake,Point,130.9797,-3.3784,10.0,"M 5.0 - 154 km WSW of Fakfak, Indonesia"
usgs,us7000pexk,4.5,mb,"288 km WSW of Tual, Indonesia",1740052196831,2025-02-20T11:49:56.831000+00:00,2025-05-06T21:39:17.040000+00:00,https://earthquake.usgs.gov/earthquakes/eventpage/us7000pexk,,,,,reviewed,0,312,us,7000pexk,31,1.99,0.77,77,earthquake,Point,130.2957,-6.4872,106.014,"M 4.5 - 288 km WSW of Tual, Indonesia"
usgs,us7000pexe,4.5,mb,"65 km NNE of Tobelo, Indonesia",1740049922031,2025-02-20T11:12:02.031000+00:00,2025-05-06T21:39:16.040000+00:00,https://earthquake.usgs.gov/earthquakes/eventpage/us7000pexe,,,,,reviewed,0,312,us,7000pexe,65,1.725,0.75,80,earthquake,Point,128.2101,2.287,167.056,"M 4.5 - 65 km NNE of Tobelo, Indonesia"
usgs,us7000pexa,4.4,mb,"89 km SSW of Pelabuhanratu, Indonesia",1740046345966,2025-02-20T10:12:25.966000+00:00,2025-05-06T21:39:16.040000+00:00,https://earthquake.usgs.gov/earthquakes/eventpage/us7000pexa,,,,,reviewed,0,298,us,7000pexa,17,1.513,0.54,126,earthquake,Point,106.1391,-7.6792,35.0,"M 4.4 - 89 km SSW of Pelabuhanratu, Indonesia"
usgs,us7000pex6,4.9,mb,"118 km W of Gorontalo, Indonesia",1740045838803,2025-02-20T10:03:58.803000+00:00,2025-05-06T21:39:16.040000+00:00,https://earthquake.usgs.gov/earthquakes/eventpage/us7000pex6,,,,,reviewed,0,369,us,7000pex6,64,1.423,0.92,76,earthquake,Point,122.0085,0.3856,150.956,"M 4.9 - 118 km W of Gorontalo, Indonesia"
usgs,us7000pewq,4.2,mb,"155 km WSW of Fakfak, Indonesia",1740037732240,2025-02-20T07:48:52.240000+00:00,2025-05-06T21:39:16.040000+00:00,https://earthquake.usgs.gov/earthquakes/eventpage/us7000pewq,,,,,reviewed,0,271,us,7000pewq,22,1.353,0.83,92,earthquake,Point,131.0322,-3.5196,10.0,"M 4.2 - 155 km WSW of Fakfak, Indonesia"
usgs,us6000pw24,4.0,mb,"262 km NE of Lospalos, Timor Leste",1740034752135,2025-02-20T06:59:12.135000+00:00,2025-05-06T21:39:14.040000+00:00,https://earthquake.usgs.gov/earthquakes/eventpage/us6000pw24,,,,,reviewed,0,246,us,6000pw24,16,5.213,0.76,74,earthquake,Point,128.5792,-6.742,252.658,"M 4.0 - 262 km NE of Lospalos, Timor Leste"
usgs,us6000pw1s,4.3,mb,"285 km ENE of Lospalos, Timor Leste",1740026005948,2025-02-20T04:33:25.948000+00:00,2025-05-06T21:39:14.040000+00:00,https://earthquake.usgs.gov/earthquakes/eventpage/us6000pw1s,,,,,reviewed,0,284,us,6000pw1s,12,5.195,0.6,104,earthquake,Point,129.1973,-7.1603,148.882,"M 4.3 - 285 km ENE of Lospalos, Timor Leste"
usgs,us6000pvv3,4.5,mb,"143 km WSW of Fakfak, Indonesia",1740000768775,2025-02-19T21:32:48.775000+00:00,2025-05-06T21:39:14.040000+00:00,https://earthquake.usgs.gov/earthquakes/eventpage/us6000pvv3,,,,,reviewed,0,312,us,6000pvv3,34,1.246,0.55,52,earthquake,Point,131.0966,-3.3998,10.0,"M 4.5 - 143 km WSW of Fakfak, Indonesia"
usgs,us6000pvv2,4.4,mb,"116 km SW of Pelabuhanratu, Indonesia",1739994170989,2025-02-19T19:42:50.989000+00:00,2025-05-06T21:39:13.040000+00:00,https://earthquake.usgs.gov/earthquakes/eventpage/us6000pvv2,,,,,reviewed,0,298,us,6000pvv2,33,1.737,0.82,138,earthquake,Point,105.7407,-7.6672,35.0,"M 4.4 - 116 km SW of Pelabuhanratu, Indonesia"
usgs,us7000perp,4.4,mb,"226 km N of Tobelo, Indonesia",1739988957666,2025-02-19T18:15:57.666000+00:00,2025-05-06T21:39:16.040000+00:00,https://earthquake.usgs.gov/earthquakes/eventpage/us7000perp,,,,,reviewed,0,298,us,7000perp,64,2.612,0.61,70,earthquake,Point,127.9162,3.7705,147.624,"M 4.4 - 226 km N of Tobelo, Indonesia"
usgs,us6000pvuz,4.4,mb,"129 km SSW of Bengkulu, Indonesia",1739982413490,2025-02-19T16:26:53.490000+00:00,2025-05-06T21:39:13.040000+00:00,https://earthquake.usgs.gov/earthquakes/eventpage/us6000pvuz,,,,,reviewed,0,298,us,6000pvuz,18,1.195,0.52,206,earthquake,Point,101.8911,-4.9135,34.617,"M 4.4 - 129 km SSW of Bengkulu, Indonesia"
usgs,us7000peqi,4.1,mb,"220 km SSW of Palimbang, Philippines",1739969646338,2025-02-19T12:54:06.338000+00:00,2025-05-06T21:39:16.040000+00:00,https://earthquake.usgs.gov/earthquakes/eventpage/us7000peqi,,,,,reviewed,0,259,us,7000peqi,29,2.265,0.68,80,earthquake,Point,123.2228,4.462,528.593,"M 4.1 - 220 km SSW of Palimbang, Philippines"
usgs,us7000peq8,4.3,mb,"285 km ENE of Lospalos, Timor Leste",1739961104984,2025-02-19T10:31:44.984000+00:00,2025-05-06T21:39:16.040000+00:00,https://earthquake.usgs.gov/earthquakes/eventpage/us7000peq8,,,,,reviewed,0,284,us,7000peq8,22,5.276,0.85,100,earthquake,Point,129.2974,-7.3301,125.915,"M 4.3 - 285 km ENE of Lospalos, Timor Leste"
usgs,us7000pepy,4.9,mb,"252 km NE of Lospalos, Timor Leste",1739959554143,2025-02-19T10:05:54.143000+00:00,2025-05-06T21:39:16.040000+00:00,https://earthquake.usgs.gov/earthquakes/eventpage/us7000pepy,,,,,reviewed,0,369,us,7000pepy,54,2.649,0.66,71,earthquake,Point,128.405,-6.7262,271.239,"M 4.9 - 252 km NE of Lospalos, Timor Leste"
usgs,us7000pep2,4.5,mb,"162 km NNE of Tobelo, Indonesia",1739944354520,2025-02-19T05:52:34.520000+00:00,2025-05-06T21:39:16.040000+00:00,https://earthquake.usgs.gov/earthquakes/eventpage/us7000pep2,,,,,reviewed,0,312,us,7000pep2,24,2.586,0.77,176,earthquake,Point,128.5093,3.1072,224.681,"M 4.5 - 162 km NNE of Tobelo, Indonesia"
usgs,us7000penq,4.8,mww,"151 km WSW of Fakfak, Indonesia",1739939885820,2025-02-19T04:38:05.820000+00:00,2025-05-06T21:39:16.040000+00:00,https://earthquake.usgs.gov/earthquakes/eventpage/us7000penq,,,,,reviewed,0,354,us,7000penq,109,1.316,0.55,38,earthquake,Point,131.0349,-3.4351,10.0,"M 4.8 - 151 km WSW of Fakfak, Indonesia"
usgs,us7000pemp,4.3,mb,"146 km WSW of Fakfak, Indonesia",1739923263300,2025-02-19T00:01:03.300000+00:00,2025-05-06T21:39:16.040000+00:00,https://earthquake.usgs.gov/earthquakes/eventpage/us7000pemp,,,,,reviewed,0,284,us,7000pemp,13,1.273,0.71,84,earthquake,Point,131.0111,-3.2245,10.0,"M 4.3 - 146 km WSW of Fakfak, Indonesia"
usgs,us7000pemi,5.7,mww,"148 km WSW of Fakfak, Indonesia",1739921950674,2025-02-18T23:39:10.674000+00:00,2025-05-02T16:26:22.040000+00:00,https://earthquake.usgs.gov/earthquakes/eventpage/us7000pemi,,,4.753,green,reviewed,0,500,us,7000pemi,121,1.287,0.65,14,earthquake,Point,131.0386,-3.3656,13.0,"M 5.7 - 148 km WSW of Fakfak, Indonesia"
usgs,us7000pemg,4.3,mb,"60 km E of Maumere, Indonesia",1739921673759,2025-02-18T23:34:33.759000+00:00,2025-05-02T16:26:22.040000+00:00,https://earthquake.usgs.gov/earthquakes/eventpage/us7000pemg,,,,,reviewed,0,284,us,7000pemg,41,0.517,0.52,98,earthquake,Point,122.7547,-8.7118,174.593,"M 4.3 - 60 km E of Maumere, Indonesia"
usgs,us7000pekt,4.4,mb,"76 km W of Gorontalo, Indonesia",1739907986109,2025-02-18T19:46:26.109000+00:00,2025-05-02T16:26:22.040000+00:00,https://earthquake.usgs.gov/earthquakes/eventpage/us7000pekt,,,,,reviewed,0,298,us,7000pekt,38,1.632,0.78,65,earthquake,Point,122.3749,0.5517,116.619,"M 4.4 - 76 km W of Gorontalo, Indonesia"
usgs,us7000pekj,4.9,mww,"219 km WSW of Tual, Indonesia",1739904713596,2025-02-18T18:51:53.596000+00:00,2025-05-02T16:26:21.040000+00:00,https://earthquake.usgs.gov/earthquakes/eventpage/us7000pekj,,,,,reviewed,0,369,us,7000pekj,91,1.756,0.76,28,earthquake,Point,130.8137,-6.0373,119.558,"M 4.9 - 219 km WSW of Tual, Indonesia"
usgs,us7000peha,4.0,mb,"277 km SSW of Sanana, Indonesia",1739881476264,2025-02-18T12:24:36.264000+00:00,2025-05-02T16:26:21.040000+00:00,https://earthquake.usgs.gov/earthquakes/eventpage/us7000peha,,,,,reviewed,0,246,us,7000peha,54,2.734,0.69,29,earthquake,Point,125.4556,-4.5088,436.289,"M 4.0 - 277 km SSW of Sanana, Indonesia"
usgs,us6000pvmp,4.6,mb,"139 km N of Tobelo, Indonesia",1739861119931,2025-02-18T06:45:19.931000+00:00,2025-05-02T16:26:14.040000+00:00,https://earthquake.usgs.gov/earthquakes/eventpage/us6000pvmp,,,,,reviewed,0,326,us,6000pvmp,48,2.345,0.94,86,earthquake,Point,128.2216,2.9703,10.0,"M 4.6 - 139 km N of Tobelo, Indonesia"
usgs,us6000pvmq,4.3,mb,"149 km W of Abepura, Indonesia",1739861046958,2025-02-18T06:44:06.958000+00:00,2025-05-02T16:26:14.040000+00:00,https://earthquake.usgs.gov/earthquakes/eventpage/us6000pvmq,,,,,reviewed,0,284,us,6000pvmq,22,1.263,0.99,86,earthquake,Point,139.2945,-2.4358,32.02,"M 4.3 - 149 km W of Abepura, Indonesia"
usgs,us7000pefp,4.4,mb,"144 km NNE of Ruteng, Indonesia",1739853207138,2025-02-18T04:33:27.138000+00:00,2025-05-02T16:26:21.040000+00:00,https://earthquake.usgs.gov/earthquakes/eventpage/us7000pefp,,,,,reviewed,0,298,us,7000pefp,82,1.713,0.43,34,earthquake,Point,121.0118,-7.4193,555.534,"M 4.4 - 144 km NNE of Ruteng, Indonesia"
usgs,us7000peeh,4.2,mb,"254 km NNE of Lospalos, Timor Leste",1739837798472,2025-02-18T00:16:38.472000+00:00,2025-05-02T16:26:21.040000+00:00,https://earthquake.usgs.gov/earthquakes/eventpage/us7000peeh,,,,,reviewed,0,271,us,7000peeh,67,2.876,0.65,34,earthquake,Point,127.6267,-6.304,419.711,"M 4.2 - 254 km NNE of Lospalos, Timor Leste"
usgs,us7000peb1,4.2,mb,"285 km NNE of Lospalos, Timor Leste",1739815408553,2025-02-17T18:03:28.553000+00:00,2025-05-02T16:26:20.040000+00:00,https://earthquake.usgs.gov/earthquakes/eventpage/us7000peb1,,,,,reviewed,0,271,us,7000peb1,39,2.372,0.4,56,earthquake,Point,128.304,-6.292,332.262,"M 4.2 - 285 km NNE of Lospalos, Timor Leste"
usgs,us7000pe87,4.2,mb,"8 km NW of Dompu, Indonesia",1739788878914,2025-02-17T10:41:18.914000+00:00,2025-05-02T16:26:20.040000+00:00,https://earthquake.usgs.gov/earthquakes/eventpage/us7000pe87,,,,,reviewed,0,271,us,7000pe87,18,0.721,0.74,73,earthquake,Point,118.4127,-8.4739,128.429,"M 4.2 - 8 km NW of Dompu, Indonesia"
usgs,us6000pve8,4.2,mb,"13 km NW of Padang, Indonesia",1739782186182,2025-02-17T08:49:46.182000+00:00,2025-05-02T16:26:13.040000+00:00,https://earthquake.usgs.gov/earthquakes/eventpage/us6000pve8,,,,,reviewed,0,271,us,6000pve8,13,0.403,0.74,188,earthquake,Point,100.2838,-0.8449,97.529,"M 4.2 - 13 km NW of Padang, Indonesia"
usgs,us6000pve1,4.1,mb,"173 km SW of Ambon, Indonesia",1739772636809,2025-02-17T06:10:36.809000+00:00,2025-05-02T16:26:13.040000+00:00,https://earthquake.usgs.gov/earthquakes/eventpage/us6000pve1,,,,,reviewed,0,259,us,6000pve1,17,2.838,0.53,80,earthquake,Point,127.0704,-4.7976,372.092,"M 4.1 - 173 km SW of Ambon, Indonesia"
usgs,us6000pvdy,4.3,mb,"Pulau Pulau Tanimbar, Indonesia",1739769156054,2025-02-17T05:12:36.054000+00:00,2025-05-02T16:26:13.040000+00:00,https://earthquake.usgs.gov/earthquakes/eventpage/us6000pvdy,,,,,reviewed,0,284,us,6000pvdy,12,3.029,0.48,135,earthquake,Point,130.4693,-7.5188,28.027,"M 4.3 - Pulau Pulau Tanimbar, Indonesia"
usgs,us7000pe6y,4.7,mb,"150 km NE of Tual, Indonesia",1739768632555,2025-02-17T05:03:52.555000+00:00,2025-05-02T16:26:20.040000+00:00,https://earthquake.usgs.gov/earthquakes/eventpage/us7000pe6y,,,,,reviewed,0,340,us,7000pe6y,69,2.012,0.43,60,earthquake,Point,133.603,-4.5638,10.0,"M 4.7 - 150 km NE of Tual, Indonesia"
usgs,us7000pe5d,4.6,mb,"25 km ENE of Sibolga, Indonesia",1739739363688,2025-02-16T20:56:03.688000+00:00,2025-05-02T16:26:20.040000+00:00,https://earthquake.usgs.gov/earthquakes/eventpage/us7000pe5d,,,,,reviewed,0,326,us,7000pe5d,54,2.692,0.7,163,earthquake,Point,98.9792,1.8481,130.285,"M 4.6 - 25 km ENE of Sibolga, Indonesia"
usgs,us7000pe2m,4.6,mb,"125 km E of Bitung, Indonesia",1739690863361,2025-02-16T07:27:43.361000+00:00,2025-05-02T16:26:19.040000+00:00,https://earthquake.usgs.gov/earthquakes/eventpage/us7000pe2m,,,,,reviewed,0,326,us,7000pe2m,55,1.29,0.88,92,earthquake,Point,126.2578,1.4368,69.092,"M 4.6 - 125 km E of Bitung, Indonesia"
usgs,us6000pv5l,4.4,mb,"210 km NNE of Tobelo, Indonesia",1739674422852,2025-02-16T02:53:42.852000+00:00,2025-05-02T16:26:12.040000+00:00,https://earthquake.usgs.gov/earthquakes/eventpage/us6000pv5l,,,,,reviewed,0,298,us,6000pv5l,26,3.039,1.16,130,earthquake,Point,128.9629,3.3766,10.0,"M 4.4 - 210 km NNE of Tobelo, Indonesia"
usgs,us7000pe1u,4.3,mb,"141 km NNE of Labuan Bajo, Indonesia",1739670925229,2025-02-16T01:55:25.229000+00:00,2025-05-02T16:26:19.040000+00:00,https://earthquake.usgs.gov/earthquakes/eventpage/us7000pe1u,,,,,reviewed,0,284,us,7000pe1u,61,2.29,0.63,71,earthquake,Point,120.2497,-7.2647,519.774,"M 4.3 - 141 km NNE of Labuan Bajo, Indonesia"
usgs,us7000pe12,4.2,mb,"57 km E of Gorontalo, Indonesia",1739660465783,2025-02-15T23:01:05.783000+00:00,2025-05-02T16:26:19.040000+00:00,https://earthquake.usgs.gov/earthquakes/eventpage/us7000pe12,,,,,reviewed,0,271,us,7000pe12,39,1.536,0.8,58,earthquake,Point,123.5822,0.5559,261.491,"M 4.2 - 57 km E of Gorontalo, Indonesia"
usgs,us7000pdyc,4.6,mb,"29 km NW of Labuan Bajo, Indonesia",1739615496363,2025-02-15T10:31:36.363000+00:00,2025-05-02T16:26:18.040000+00:00,https://earthquake.usgs.gov/earthquakes/eventpage/us7000pdyc,,,,,reviewed,0,326,us,7000pdyc,28,1.488,0.7,75,earthquake,Point,119.7346,-8.2799,178.297,"M 4.6 - 29 km NW of Labuan Bajo, Indonesia"
usgs,us7000pdy4,4.5,mb,"38 km ESE of Pototano, Indonesia",1739607104192,2025-02-15T08:11:44.192000+00:00,2025-05-02T16:26:18.040000+00:00,https://earthquake.usgs.gov/earthquakes/eventpage/us7000pdy4,,,,,reviewed,0,312,us,7000pdy4,23,0.23,0.74,84,earthquake,Point,117.7763,-8.5961,189.431,"M 4.5 - 38 km ESE of Pototano, Indonesia"
usgs,us7000pf9r,4.2,mb,"181 km SE of Pondaguitan, Philippines",1739597422923,2025-02-15T05:30:22.923000+00:00,2025-05-02T16:26:23.040000+00:00,https://earthquake.usgs.gov/earthquakes/eventpage/us7000pf9r,,,,,reviewed,0,271,us,7000pf9r,17,1.98,0.96,167,earthquake,Point,127.3959,5.2576,9.827,"M 4.2 - 181 km SE of Pondaguitan, Philippines"
usgs,us7000pf9n,4.2,mb,"68 km W of Tobelo, Indonesia",1739591175225,2025-02-15T03:46:15.225000+00:00,2025-05-02T16:26:23.040000+00:00,https://earthquake.usgs.gov/earthquakes/eventpage/us7000pf9n,,,,,reviewed,0,271,us,7000pf9n,20,0.979,0.52,91,earthquake,Point,127.3945,1.7566,124.839,"M 4.2 - 68 km W of Tobelo, Indonesia"
usgs,us7000pduh,4.6,mb,"195 km N of Tobelo, Indonesia",1739566578580,2025-02-14T20:56:18.580000+00:00,2025-05-02T16:26:18.040000+00:00,https://earthquake.usgs.gov/earthquakes/eventpage/us7000pduh,,,,,reviewed,0,326,us,7000pduh,80,2.67,0.96,78,earthquake,Point,127.854,3.4928,135.671,"M 4.6 - 195 km N of Tobelo, Indonesia"
usgs,us7000pdu4,4.3,mb,"188 km NE of Lospalos, Timor Leste",1739565027315,2025-02-14T20:30:27.315000+00:00,2025-05-02T16:26:18.040000+00:00,https://earthquake.usgs.gov/earthquakes/eventpage/us7000pdu4,,,,,reviewed,0,284,us,7000pdu4,33,3.296,0.98,86,earthquake,Point,128.307,-7.4291,169.115,"M 4.3 - 188 km NE of Lospalos, Timor Leste"
usgs,us7000pf9f,4.0,mb,"97 km ENE of Masohi, Indonesia",1739562484261,2025-02-14T19:48:04.261000+00:00,2025-05-02T16:26:23.040000+00:00,https://earthquake.usgs.gov/earthquakes/eventpage/us7000pf9f,,,,,reviewed,0,246,us,7000pf9f,16,1.658,0.95,77,earthquake,Point,129.7333,-2.8625,10.0,"M 4.0 - 97 km ENE of Masohi, Indonesia"
usgs,us7000pdp5,4.6,mb,"69 km WNW of Tobelo, Indonesia",1739544265125,2025-02-14T14:44:25.125000+00:00,2025-05-02T16:26:17.040000+00:00,https://earthquake.usgs.gov/earthquakes/eventpage/us7000pdp5,,,,,reviewed,0,326,us,7000pdp5,85,1.136,1.3,51,earthquake,Point,127.4151,1.9145,122.316,"M 4.6 - 69 km WNW of Tobelo, Indonesia"
usgs,us7000pdp4,4.4,mb,"72 km NNE of Labuan Lombok, Indonesia",1739543892214,2025-02-14T14:38:12.214000+00:00,2025-05-02T16:26:17.040000+00:00,https://earthquake.usgs.gov/earthquakes/eventpage/us7000pdp4,,,,,reviewed,0,298,us,7000pdp4,72,1.206,1.35,59,earthquake,Point,116.9686,-7.9185,279.628,"M 4.4 - 72 km NNE of Labuan Lombok, Indonesia"
usgs,us7000pf96,4.4,mb,"62 km S of Modisi, Indonesia",1739539265348,2025-02-14T13:21:05.348000+00:00,2025-05-02T16:26:23.040000+00:00,https://earthquake.usgs.gov/earthquakes/eventpage/us7000pf96,,,,,reviewed,0,298,us,7000pf96,24,1.599,0.89,44,earthquake,Point,124.4265,-0.1112,72.515,"M 4.4 - 62 km S of Modisi, Indonesia"
usgs,us7000pdl8,5.1,mb,"114 km SSW of Labuan, Indonesia",1739536113614,2025-02-14T12:28:33.614000+00:00,2025-05-02T16:26:17.040000+00:00,https://earthquake.usgs.gov/earthquakes/eventpage/us7000pdl8,1.0,2.0,,,reviewed,0,400,us,7000pdl8,117,1.62,0.9,68,earthquake,Point,105.5416,-7.3712,48.79,"M 5.1 - 114 km SSW of Labuan, Indonesia"
usgs,us7000pdj1,5.0,mww,Banda Sea,1739492577808,2025-02-14T00:22:57.808000+00:00,2025-05-02T16:26:17.040000+00:00,https://earthquake.usgs.gov/earthquakes/eventpage/us7000pdj1,1.0,3.1,,,reviewed,0,385,us,7000pdj1,73,2.474,0.83,85,earthquake,Point,129.6482,-6.9997,155.573,M 5.0 - Banda Sea
usgs,us7000pf8u,4.5,mb,"38 km S of Ambon, Indonesia",1739491545568,2025-02-14T00:05:45.568000+00:00,2025-05-02T16:26:22.040000+00:00,https://earthquake.usgs.gov/earthquakes/eventpage/us7000pf8u,,,,,reviewed,0,312,us,7000pf8u,19,1.743,0.7,76,earthquake,Point,128.2229,-4.043,148.065,"M 4.5 - 38 km S of Ambon, Indonesia"
usgs,us7000pdi1,4.9,mb,"195 km WSW of Bandar Lampung, Indonesia",1739480852956,2025-02-13T21:07:32.956000+00:00,2025-05-02T16:26:17.040000+00:00,https://earthquake.usgs.gov/earthquakes/eventpage/us7000pdi1,,,,,reviewed,0,369,us,7000pdi1,58,1.373,0.88,125,earthquake,Point,103.6713,-6.1964,41.71,"M 4.9 - 195 km WSW of Bandar Lampung, Indonesia"
usgs,us7000pdh2,5.0,mb,Banda Sea,1739470581863,2025-02-13T18:16:21.863000+00:00,2025-05-02T16:26:17.040000+00:00,https://earthquake.usgs.gov/earthquakes/eventpage/us7000pdh2,,,,,reviewed,0,385,us,7000pdh2,59,2.096,0.72,74,earthquake,Point,129.1134,-6.4775,10.0,M 5.0 - Banda Sea
usgs,us7000pf1l,4.2,mb,"217 km WSW of Tual, Indonesia",1739469371732,2025-02-13T17:56:11.732000+00:00,2025-05-02T16:26:22.040000+00:00,https://earthquake.usgs.gov/earthquakes/eventpage/us7000pf1l,,,,,reviewed,0,271,us,7000pf1l,28,2.194,0.83,134,earthquake,Point,130.9666,-6.4574,74.203,"M 4.2 - 217 km WSW of Tual, Indonesia"
usgs,us7000pdgz,4.6,mb,"75 km SE of Kupang, Indonesia",1739468674559,2025-02-13T17:44:34.559000+00:00,2025-05-02T16:26:17.040000+00:00,https://earthquake.usgs.gov/earthquakes/eventpage/us7000pdgz,,,,,reviewed,0,326,us,7000pdgz,33,1.002,0.81,98,earthquake,Point,124.0012,-10.7291,10.0,"M 4.6 - 75 km SE of Kupang, Indonesia"
usgs,us7000pddw,4.8,mb,"291 km WSW of Tual, Indonesia",1739459291467,2025-02-13T15:08:11.467000+00:00,2025-05-02T16:26:16.040000+00:00,https://earthquake.usgs.gov/earthquakes/eventpage/us7000pddw,1.0,2.7,,,reviewed,0,355,us,7000pddw,56,1.97,0.73,44,earthquake,Point,130.2607,-6.4732,152.136,"M 4.8 - 291 km WSW of Tual, Indonesia"
usgs,us7000pdc0,4.5,mb,"27 km WSW of Dompu, Indonesia",1739428032726,2025-02-13T06:27:12.726000+00:00,2025-05-02T16:26:16.040000+00:00,https://earthquake.usgs.gov/earthquakes/eventpage/us7000pdc0,,,,,reviewed,0,312,us,7000pdc0,27,0.496,0.79,65,earthquake,Point,118.2303,-8.6148,135.441,"M 4.5 - 27 km WSW of Dompu, Indonesia"
usgs,us7000pf0i,4.6,mb,"264 km E of Lospalos, Timor Leste",1739373420730,2025-02-12T15:17:00.730000+00:00,2025-05-02T16:26:22.040000+00:00,https://earthquake.usgs.gov/earthquakes/eventpage/us7000pf0i,,,,,reviewed,0,326,us,7000pf0i,24,3.841,0.64,98,earthquake,Point,129.3969,-8.3549,10.0,"M 4.6 - 264 km E of Lospalos, Timor Leste"
usgs,us7000pd3a,4.7,mb,"16 km W of Lahat, Indonesia",1739355237889,2025-02-12T10:13:57.889000+00:00,2025-05-02T16:26:15.040000+00:00,https://earthquake.usgs.gov/earthquakes/eventpage/us7000pd3a,,,,,reviewed,0,340,us,7000pd3a,89,0.699,0.9,51,earthquake,Point,103.3932,-3.8101,131.911,"M 4.7 - 16 km W of Lahat, Indonesia"
usgs,us7000pd2m,4.3,mb,"36 km NW of Labuan Bajo, Indonesia",1739343769137,2025-02-12T07:02:49.137000+00:00,2025-05-02T16:26:15.040000+00:00,https://earthquake.usgs.gov/earthquakes/eventpage/us7000pd2m,,,,,reviewed,0,284,us,7000pd2m,28,1.527,0.94,64,earthquake,Point,119.6381,-8.2789,189.364,"M 4.3 - 36 km NW of Labuan Bajo, Indonesia"
usgs,us7000pd2i,4.9,mb,"78 km W of Tobelo, Indonesia",1739343214776,2025-02-12T06:53:34.776000+00:00,2025-05-02T16:26:15.040000+00:00,https://earthquake.usgs.gov/earthquakes/eventpage/us7000pd2i,,,,,reviewed,0,369,us,7000pd2i,50,0.984,1.13,93,earthquake,Point,127.3044,1.7606,32.113,"M 4.9 - 78 km W of Tobelo, Indonesia"
usgs,us7000pezg,4.3,mb,"50 km S of Labuha, Indonesia",1739331464436,2025-02-12T03:37:44.436000+00:00,2025-05-02T16:26:22.040000+00:00,https://earthquake.usgs.gov/earthquakes/eventpage/us7000pezg,,,,,reviewed,0,284,us,7000pezg,11,1.847,1.01,91,earthquake,Point,127.5218,-1.0817,10.0,"M 4.3 - 50 km S of Labuha, Indonesia"
usgs,us7000petz,4.4,mb,"179 km NE of Tual, Indonesia",1739292841023,2025-02-11T16:54:01.023000+00:00,2025-04-26T14:47:11.040000+00:00,https://earthquake.usgs.gov/earthquakes/eventpage/us7000petz,,,,,reviewed,0,298,us,7000petz,56,1.823,0.55,43,earthquake,Point,133.912,-4.4901,10.0,"M 4.4 - 179 km NE of Tual, Indonesia"
usgs,us7000pet6,4.2,mb,"160 km NE of Tual, Indonesia",1739292803081,2025-02-11T16:53:23.081000+00:00,2025-04-26T14:47:11.040000+00:00,https://earthquake.usgs.gov/earthquakes/eventpage/us7000pet6,,,,,reviewed,0,271,us,7000pet6,19,1.951,1.02,103,earthquake,Point,133.7256,-4.5544,10.0,"M 4.2 - 160 km NE of Tual, Indonesia"
usgs,us7000peu0,4.0,mb,"104 km NNW of Pante Makasar, Timor Leste",1739290269248,2025-02-11T16:11:09.248000+00:00,2025-04-26T14:47:11.040000+00:00,https://earthquake.usgs.gov/earthquakes/eventpage/us7000peu0,,,,,reviewed,0,246,us,7000peu0,14,1.443,0.68,121,earthquake,Point,124.0187,-8.324,169.034,"M 4.0 - 104 km NNW of Pante Makasar, Timor Leste"
usgs,us7000pesl,4.4,mb,"150 km S of Bengkulu, Indonesia",1739262116167,2025-02-11T08:21:56.167000+00:00,2025-04-26T14:47:11.040000+00:00,https://earthquake.usgs.gov/earthquakes/eventpage/us7000pesl,,,,,reviewed,0,298,us,7000pesl,21,0.928,0.9,156,earthquake,Point,102.4555,-5.1486,44.098,"M 4.4 - 150 km S of Bengkulu, Indonesia"
usgs,us7000pcuh,4.7,mb,"187 km NE of Tual, Indonesia",1739260666120,2025-02-11T07:57:46.120000+00:00,2025-04-26T14:47:07.040000+00:00,https://earthquake.usgs.gov/earthquakes/eventpage/us7000pcuh,,,,,reviewed,0,340,us,7000pcuh,41,1.84,1.12,50,earthquake,Point,134.0555,-4.5516,10.0,"M 4.7 - 187 km NE of Tual, Indonesia"
usgs,us7000pctb,4.3,mb,Banda Sea,1739245009553,2025-02-11T03:36:49.553000+00:00,2025-04-26T14:47:07.040000+00:00,https://earthquake.usgs.gov/earthquakes/eventpage/us7000pctb,,,,,reviewed,0,284,us,7000pctb,22,2.216,0.78,100,earthquake,Point,129.7361,-6.7468,189.355,M 4.3 - Banda Sea
usgs,us7000pcpm,4.3,mb,"211 km SE of Pondaguitan, Philippines",1739211953765,2025-02-10T18:25:53.765000+00:00,2025-04-26T14:47:07.040000+00:00,https://earthquake.usgs.gov/earthquakes/eventpage/us7000pcpm,,,,,reviewed,0,284,us,7000pcpm,40,2.024,0.66,76,earthquake,Point,127.4953,4.9771,112.895,"M 4.3 - 211 km SE of Pondaguitan, Philippines"
usgs,us7000pek3,4.2,mb,"134 km WNW of Ambon, Indonesia",1739201142732,2025-02-10T15:25:42.732000+00:00,2025-04-26T14:47:11.040000+00:00,https://earthquake.usgs.gov/earthquakes/eventpage/us7000pek3,,,,,reviewed,0,271,us,7000pek3,17,3.102,0.95,92,earthquake,Point,127.011,-3.3793,10.0,"M 4.2 - 134 km WNW of Ambon, Indonesia"
usgs,us7000pcn8,5.1,mb,"49 km ESE of Tambolaka, Indonesia",1739200506035,2025-02-10T15:15:06.035000+00:00,2025-04-26T14:47:06.040000+00:00,https://earthquake.usgs.gov/earthquakes/eventpage/us7000pcn8,,,,,reviewed,0,400,us,7000pcn8,71,0.652,1.01,100,earthquake,Point,119.6374,-9.6398,83.827,"M 5.1 - 49 km ESE of Tambolaka, Indonesia"
usgs,us7000pcn2,4.6,mb,"32 km SSW of Kupang, Indonesia",1739196234523,2025-02-10T14:03:54.523000+00:00,2025-04-26T14:47:06.040000+00:00,https://earthquake.usgs.gov/earthquakes/eventpage/us7000pcn2,,,,,reviewed,0,326,us,7000pcn2,48,1.041,0.8,64,earthquake,Point,123.4465,-10.4157,10.0,"M 4.6 - 32 km SSW of Kupang, Indonesia"
usgs,us7000pcmh,4.3,mb,"154 km NNW of Maumere, Indonesia",1739186722257,2025-02-10T11:25:22.257000+00:00,2025-04-26T14:47:06.040000+00:00,https://earthquake.usgs.gov/earthquakes/eventpage/us7000pcmh,,,,,reviewed,0,284,us,7000pcmh,28,1.413,1.12,54,earthquake,Point,121.8838,-7.2582,497.795,"M 4.3 - 154 km NNW of Maumere, Indonesia"
usgs,us7000pejg,4.5,mb,"171 km ESE of Labuha, Indonesia",1739177453588,2025-02-10T08:50:53.588000+00:00,2025-04-26T14:47:11.040000+00:00,https://earthquake.usgs.gov/earthquakes/eventpage/us7000pejg,,,,,reviewed,0,312,us,7000pejg,18,2.541,0.87,92,earthquake,Point,128.784,-1.4422,10.0,"M 4.5 - 171 km ESE of Labuha, Indonesia"
usgs,us7000pej7,4.2,mb,"Pulau Pulau Tanimbar, Indonesia",1739161299126,2025-02-10T04:21:39.126000+00:00,2025-04-26T14:47:10.040000+00:00,https://earthquake.usgs.gov/earthquakes/eventpage/us7000pej7,,,,,reviewed,0,271,us,7000pej7,13,2.97,0.92,116,earthquake,Point,130.4735,-7.4576,31.074,"M 4.2 - Pulau Pulau Tanimbar, Indonesia"
usgs,us7000peaj,4.3,mb,"36 km NE of Baa, Indonesia",1739138496077,2025-02-09T22:01:36.077000+00:00,2025-04-26T14:47:10.040000+00:00,https://earthquake.usgs.gov/earthquakes/eventpage/us7000peaj,,,,,reviewed,0,284,us,7000peaj,12,1.212,0.75,127,earthquake,Point,123.2775,-10.4806,10.0,"M 4.3 - 36 km NE of Baa, Indonesia"
usgs,us7000pch4,4.7,mb,"162 km NNW of Masohi, Indonesia",1739100906946,2025-02-09T11:35:06.946000+00:00,2025-04-26T14:47:05.040000+00:00,https://earthquake.usgs.gov/earthquakes/eventpage/us7000pch4,,,,,reviewed,0,340,us,7000pch4,50,2.89,0.95,52,earthquake,Point,128.3534,-1.9632,10.0,"M 4.7 - 162 km NNW of Masohi, Indonesia"
usgs,us7000pcci,4.0,mb,"233 km S of Ambon, Indonesia",1739034749591,2025-02-08T17:12:29.591000+00:00,2025-04-26T14:47:05.040000+00:00,https://earthquake.usgs.gov/earthquakes/eventpage/us7000pcci,,,,,reviewed,0,246,us,7000pcci,21,2.41,0.43,60,earthquake,Point,127.8345,-5.7789,408.556,"M 4.0 - 233 km S of Ambon, Indonesia"
usgs,us7000pcbx,4.6,mb,"175 km SE of Sarangani, Philippines",1739028642461,2025-02-08T15:30:42.461000+00:00,2025-04-26T14:47:05.040000+00:00,https://earthquake.usgs.gov/earthquakes/eventpage/us7000pcbx,,,,,reviewed,0,326,us,7000pcbx,100,1.246,0.86,53,earthquake,Point,126.6833,4.3955,53.364,"M 4.6 - 175 km SE of Sarangani, Philippines"
usgs,us7000pdsk,4.1,mb,"112 km W of Abepura, Indonesia",1739016438304,2025-02-08T12:07:18.304000+00:00,2025-04-26T14:47:10.040000+00:00,https://earthquake.usgs.gov/earthquakes/eventpage/us7000pdsk,,,,,reviewed,0,259,us,7000pdsk,17,1.094,1.01,77,earthquake,Point,139.6328,-2.7473,43.229,"M 4.1 - 112 km W of Abepura, Indonesia"
usgs,us7000pcbg,4.4,mb,"147 km SSE of Pondaguitan, Philippines",1739016018163,2025-02-08T12:00:18.163000+00:00,2025-04-26T14:47:05.040000+00:00,https://earthquake.usgs.gov/earthquakes/eventpage/us7000pcbg,,,,,reviewed,0,298,us,7000pcbg,39,1.453,0.54,116,earthquake,Point,126.8555,5.2165,97.19,"M 4.4 - 147 km SSE of Pondaguitan, Philippines"
usgs,us7000pds2,4.4,mb,"48 km SSE of Curup, Indonesia",1738992972424,2025-02-08T05:36:12.424000+00:00,2025-04-26T14:47:10.040000+00:00,https://earthquake.usgs.gov/earthquakes/eventpage/us7000pds2,,,,,reviewed,0,298,us,7000pds2,21,0.551,0.36,143,earthquake,Point,102.7441,-3.8475,142.271,"M 4.4 - 48 km SSE of Curup, Indonesia"
usgs,us7000pc9d,5.1,mb,"218 km SW of Kotabumi, Indonesia",1738990835551,2025-02-08T05:00:35.551000+00:00,2025-04-26T14:47:04.040000+00:00,https://earthquake.usgs.gov/earthquakes/eventpage/us7000pc9d,,,,,reviewed,0,400,us,7000pc9d,74,1.348,0.54,137,earthquake,Point,103.2994,-6.0081,40.225,"M 5.1 - 218 km SW of Kotabumi, Indonesia"
usgs,us7000pc6g,4.9,mww,"202 km WNW of Abepura, Indonesia",1738953137359,2025-02-07T18:32:17.359000+00:00,2025-04-26T14:47:04.040000+00:00,https://earthquake.usgs.gov/earthquakes/eventpage/us7000pc6g,,,,,reviewed,0,369,us,7000pc6g,133,0.966,0.56,23,earthquake,Point,138.9307,-1.9355,10.834,"M 4.9 - 202 km WNW of Abepura, Indonesia"
usgs,us7000pc51,4.6,mb,"217 km N of Tobelo, Indonesia",1738945055989,2025-02-07T16:17:35.989000+00:00,2025-04-26T14:47:04.040000+00:00,https://earthquake.usgs.gov/earthquakes/eventpage/us7000pc51,,,,,reviewed,0,326,us,7000pc51,47,2.576,0.81,81,earthquake,Point,127.8424,3.6861,83.655,"M 4.6 - 217 km N of Tobelo, Indonesia"
usgs,us7000pdqt,4.3,mb,"210 km N of Tobelo, Indonesia",1738935824271,2025-02-07T13:43:44.271000+00:00,2025-04-26T14:47:09.040000+00:00,https://earthquake.usgs.gov/earthquakes/eventpage/us7000pdqt,,,,,reviewed,0,284,us,7000pdqt,27,2.605,1.01,127,earthquake,Point,127.8452,3.6232,80.155,"M 4.3 - 210 km N of Tobelo, Indonesia"
usgs,us7000pc28,4.5,mb,"160 km N of Likisá, Timor Leste",1738913436462,2025-02-07T07:30:36.462000+00:00,2025-04-26T14:47:04.040000+00:00,https://earthquake.usgs.gov/earthquakes/eventpage/us7000pc28,,,,,reviewed,0,312,us,7000pc28,32,2.744,0.61,77,earthquake,Point,125.1737,-7.1453,488.306,"M 4.5 - 160 km N of Likisá, Timor Leste"
usgs,us7000pdq1,4.5,mb,"223 km S of Pagar Alam, Indonesia",1738906985086,2025-02-07T05:43:05.086000+00:00,2025-04-26T14:47:09.040000+00:00,https://earthquake.usgs.gov/earthquakes/eventpage/us7000pdq1,,,,,reviewed,0,312,us,7000pdq1,30,1.42,0.74,150,earthquake,Point,103.2248,-6.0455,27.109,"M 4.5 - 223 km S of Pagar Alam, Indonesia"
usgs,us7000pc0e,5.8,mww,"southwest of Sumatra, Indonesia",1738902718218,2025-02-07T04:31:58.218000+00:00,2025-04-26T14:47:03.040000+00:00,https://earthquake.usgs.gov/earthquakes/eventpage/us7000pc0e,,,3.823,green,reviewed,0,518,us,7000pc0e,123,2.571,0.9,40,earthquake,Point,97.5703,-9.7073,21.0,"M 5.8 - southwest of Sumatra, Indonesia"
usgs,us7000pdpx,4.0,mb,"230 km ENE of Lospalos, Timor Leste",1738893991038,2025-02-07T02:06:31.038000+00:00,2025-04-26T14:47:09.040000+00:00,https://earthquake.usgs.gov/earthquakes/eventpage/us7000pdpx,,,,,reviewed,0,246,us,7000pdpx,13,5.029,0.77,84,earthquake,Point,128.809,-7.4768,156.845,"M 4.0 - 230 km ENE of Lospalos, Timor Leste"
usgs,us7000pdnh,4.2,mb,"118 km ESE of Padangsidempuan, Indonesia",1738872276835,2025-02-06T20:04:36.835000+00:00,2025-04-26T14:47:09.040000+00:00,https://earthquake.usgs.gov/earthquakes/eventpage/us7000pdnh,,,,,reviewed,0,271,us,7000pdnh,52,1.353,1.0,134,earthquake,Point,100.2172,0.895,212.711,"M 4.2 - 118 km ESE of Padangsidempuan, Indonesia"
usgs,us7000pbt5,5.2,mww,"170 km SE of Sarangani, Philippines",1738847787647,2025-02-06T13:16:27.647000+00:00,2025-04-26T14:47:03.040000+00:00,https://earthquake.usgs.gov/earthquakes/eventpage/us7000pbt5,,,4.786,green,reviewed,0,416,us,7000pbt5,93,1.186,1.08,65,earthquake,Point,126.6197,4.3939,56.008,"M 5.2 - 170 km SE of Sarangani, Philippines"
usgs,us7000pdmg,4.3,mb,"24 km S of Ruteng, Indonesia",1738812980916,2025-02-06T03:36:20.916000+00:00,2025-04-26T14:47:09.040000+00:00,https://earthquake.usgs.gov/earthquakes/eventpage/us7000pdmg,,,,,reviewed,0,284,us,7000pdmg,23,0.846,0.7,76,earthquake,Point,120.4652,-8.8341,137.802,"M 4.3 - 24 km S of Ruteng, Indonesia"
usgs,us7000pbnd,4.4,mb,"108 km NE of Lospalos, Timor Leste",1738790345074,2025-02-05T21:19:05.074000+00:00,2025-04-26T14:47:02.040000+00:00,https://earthquake.usgs.gov/earthquakes/eventpage/us7000pbnd,,,,,reviewed,0,298,us,7000pbnd,40,3.857,0.69,52,earthquake,Point,127.6074,-7.7491,118.517,"M 4.4 - 108 km NE of Lospalos, Timor Leste"
usgs,us7000pbkp,4.5,mb,"222 km WSW of Tual, Indonesia",1738771372243,2025-02-05T16:02:52.243000+00:00,2025-04-26T14:47:02.040000+00:00,https://earthquake.usgs.gov/earthquakes/eventpage/us7000pbkp,,,,,reviewed,0,312,us,7000pbkp,31,1.884,0.87,49,earthquake,Point,130.8173,-6.1836,116.673,"M 4.5 - 222 km WSW of Tual, Indonesia"
usgs,us7000pbk8,4.5,mb,"58 km SE of Tambolaka, Indonesia",1738765086783,2025-02-05T14:18:06.783000+00:00,2025-04-26T14:47:02.040000+00:00,https://earthquake.usgs.gov/earthquakes/eventpage/us7000pbk8,,,,,reviewed,0,312,us,7000pbk8,56,0.659,0.75,93,earthquake,Point,119.6376,-9.7717,72.809,"M 4.5 - 58 km SE of Tambolaka, Indonesia"
usgs,us7000pdfd,4.4,mb,"150 km N of Masohi, Indonesia",1738760997595,2025-02-05T13:09:57.595000+00:00,2025-04-26T14:47:08.040000+00:00,https://earthquake.usgs.gov/earthquakes/eventpage/us7000pdfd,,,,,reviewed,0,298,us,7000pdfd,39,2.473,0.53,53,earthquake,Point,129.0295,-1.9416,45.027,"M 4.4 - 150 km N of Masohi, Indonesia"
usgs,us7000pdf1,4.4,mb,"129 km SSW of Maitum, Philippines",1738753891142,2025-02-05T11:11:31.142000+00:00,2025-04-26T14:47:08.040000+00:00,https://earthquake.usgs.gov/earthquakes/eventpage/us7000pdf1,,,,,reviewed,0,298,us,7000pdf1,37,1.488,0.72,93,earthquake,Point,124.0056,4.9771,484.054,"M 4.4 - 129 km SSW of Maitum, Philippines"
usgs,us7000pbdp,5.5,mww,"96 km NNW of Ternate, Indonesia",1738725150192,2025-02-05T03:12:30.192000+00:00,2025-04-26T14:47:01.040000+00:00,https://earthquake.usgs.gov/earthquakes/eventpage/us7000pbdp,2.0,3.1,4.098,green,reviewed,0,466,us,7000pbdp,223,0.876,0.84,31,earthquake,Point,127.118,1.6173,99.0,"M 5.5 - 96 km NNW of Ternate, Indonesia"
usgs,us7000pd69,4.4,mb,"231 km NW of Tobelo, Indonesia",1738693832082,2025-02-04T18:30:32.082000+00:00,2025-04-15T20:55:35.040000+00:00,https://earthquake.usgs.gov/earthquakes/eventpage/us7000pd69,,,,,reviewed,0,298,us,7000pd69,33,1.846,0.74,100,earthquake,Point,126.7991,3.4305,59.511,"M 4.4 - 231 km NW of Tobelo, Indonesia"
usgs,us7000pba8,4.5,mb,"244 km SW of Tual, Indonesia",1738690948891,2025-02-04T17:42:28.891000+00:00,2025-04-15T20:55:32.040000+00:00,https://earthquake.usgs.gov/earthquakes/eventpage/us7000pba8,,,,,reviewed,0,312,us,7000pba8,32,2.727,0.79,57,earthquake,Point,131.0364,-7.0226,40.745,"M 4.5 - 244 km SW of Tual, Indonesia"
usgs,us7000pd60,4.1,mb,"105 km NNE of Agats, Indonesia",1738685282734,2025-02-04T16:08:02.734000+00:00,2025-04-15T20:55:35.040000+00:00,https://earthquake.usgs.gov/earthquakes/eventpage/us7000pd60,,,,,reviewed,0,259,us,7000pd60,17,2.314,0.97,104,earthquake,Point,138.3525,-4.6132,10.0,"M 4.1 - 105 km NNE of Agats, Indonesia"
usgs,us7000pd5z,4.2,mb,"Pulau Pulau Tanimbar, Indonesia",1738683907094,2025-02-04T15:45:07.094000+00:00,2025-04-15T20:55:34.040000+00:00,https://earthquake.usgs.gov/earthquakes/eventpage/us7000pd5z,,,,,reviewed,0,271,us,7000pd5z,15,2.617,1.28,101,earthquake,Point,130.1211,-7.1473,106.708,"M 4.2 - Pulau Pulau Tanimbar, Indonesia"
usgs,us7000pd5p,4.2,mb,"232 km NW of Tobelo, Indonesia",1738674658458,2025-02-04T13:10:58.458000+00:00,2025-04-15T20:55:34.040000+00:00,https://earthquake.usgs.gov/earthquakes/eventpage/us7000pd5p,,,,,reviewed,0,271,us,7000pd5p,32,1.826,0.69,103,earthquake,Point,126.6979,3.3618,46.933,"M 4.2 - 232 km NW of Tobelo, Indonesia"
usgs,us7000pd5n,4.7,mb,"51 km W of Labuan, Indonesia",1738662463564,2025-02-04T09:47:43.564000+00:00,2025-04-15T20:55:34.040000+00:00,https://earthquake.usgs.gov/earthquakes/eventpage/us7000pd5n,,,,,reviewed,0,340,us,7000pd5n,34,1.291,0.43,72,earthquake,Point,105.3694,-6.4073,83.518,"M 4.7 - 51 km W of Labuan, Indonesia"
usgs,us7000pcys,4.2,mb,"63 km SSW of Palimbang, Philippines",1738626808566,2025-02-03T23:53:28.566000+00:00,2025-04-15T20:55:34.040000+00:00,https://earthquake.usgs.gov/earthquakes/eventpage/us7000pcys,,,,,reviewed,0,271,us,7000pcys,39,1.748,0.64,90,earthquake,Point,123.9953,5.673,521.781,"M 4.2 - 63 km SSW of Palimbang, Philippines"
usgs,us7000pcyk,4.2,mb,"133 km N of Tobelo, Indonesia",1738621267799,2025-02-03T22:21:07.799000+00:00,2025-04-15T20:55:34.040000+00:00,https://earthquake.usgs.gov/earthquakes/eventpage/us7000pcyk,,,,,reviewed,0,271,us,7000pcyk,38,2.278,0.48,110,earthquake,Point,128.1457,2.9266,117.645,"M 4.2 - 133 km N of Tobelo, Indonesia"
usgs,us7000pb3j,5.9,mww,"146 km N of Tobelo, Indonesia",1738618551094,2025-02-03T21:35:51.094000+00:00,2025-04-15T20:55:31.040000+00:00,https://earthquake.usgs.gov/earthquakes/eventpage/us7000pb3j,,,4.059,green,reviewed,0,536,us,7000pb3j,132,2.409,0.67,19,earthquake,Point,128.2254,3.0383,103.0,"M 5.9 - 146 km N of Tobelo, Indonesia"
usgs,us7000pb3i,4.7,mb,"108 km S of Waingapu, Indonesia",1738618247145,2025-02-03T21:30:47.145000+00:00,2025-04-15T20:55:31.040000+00:00,https://earthquake.usgs.gov/earthquakes/eventpage/us7000pb3i,,,,,reviewed,0,340,us,7000pb3i,39,0.969,0.64,102,earthquake,Point,120.1681,-10.6353,10.0,"M 4.7 - 108 km S of Waingapu, Indonesia"
usgs,us7000pb32,4.5,mb,"91 km S of Waingapu, Indonesia",1738613786077,2025-02-03T20:16:26.077000+00:00,2025-04-15T20:55:31.040000+00:00,https://earthquake.usgs.gov/earthquakes/eventpage/us7000pb32,,,,,reviewed,0,312,us,7000pb32,26,0.808,0.68,100,earthquake,Point,120.3008,-10.4821,24.752,"M 4.5 - 91 km S of Waingapu, Indonesia"
usgs,us7000pcy4,4.3,mb,"75 km SSE of Blangpidie, Indonesia",1738597385029,2025-02-03T15:43:05.029000+00:00,2025-04-15T20:55:34.040000+00:00,https://earthquake.usgs.gov/earthquakes/eventpage/us7000pcy4,,,,,reviewed,0,284,us,7000pcy4,37,1.953,0.54,169,earthquake,Point,97.006,3.0801,67.45,"M 4.3 - 75 km SSE of Blangpidie, Indonesia"
usgs,us7000paxn,4.3,mb,"150 km WSW of Tual, Indonesia",1738553775319,2025-02-03T03:36:15.319000+00:00,2025-04-15T20:55:29.040000+00:00,https://earthquake.usgs.gov/earthquakes/eventpage/us7000paxn,,,,,reviewed,0,284,us,7000paxn,13,2.231,0.73,99,earthquake,Point,131.4841,-6.1148,42.541,"M 4.3 - 150 km WSW of Tual, Indonesia"
usgs,us7000pavc,4.7,mb,"40 km N of Ternate, Indonesia",1738526861298,2025-02-02T20:07:41.298000+00:00,2025-04-15T20:55:28.040000+00:00,https://earthquake.usgs.gov/earthquakes/eventpage/us7000pavc,,,,,reviewed,0,340,us,7000pavc,43,0.386,0.54,94,earthquake,Point,127.449,1.1516,150.779,"M 4.7 - 40 km N of Ternate, Indonesia"
usgs,us7000patm,4.5,mb,"67 km SE of Sungai Penuh, Indonesia",1738503523494,2025-02-02T13:38:43.494000+00:00,2025-04-15T20:55:28.040000+00:00,https://earthquake.usgs.gov/earthquakes/eventpage/us7000patm,,,,,reviewed,0,312,us,7000patm,43,2.165,0.53,104,earthquake,Point,101.7649,-2.539,149.115,"M 4.5 - 67 km SE of Sungai Penuh, Indonesia"
usgs,us7000parr,5.1,mb,"169 km SW of Ambon, Indonesia",1738481841126,2025-02-02T07:37:21.126000+00:00,2025-04-15T20:55:27.040000+00:00,https://earthquake.usgs.gov/earthquakes/eventpage/us7000parr,,,,,reviewed,0,400,us,7000parr,62,4.259,0.78,58,earthquake,Point,127.0095,-4.6762,10.0,"M 5.1 - 169 km SW of Ambon, Indonesia"
usgs,us7000para,4.3,mb,"182 km WNW of Tual, Indonesia",1738473730597,2025-02-02T05:22:10.597000+00:00,2025-04-15T20:55:27.040000+00:00,https://earthquake.usgs.gov/earthquakes/eventpage/us7000para,,,,,reviewed,0,284,us,7000para,24,1.432,0.75,117,earthquake,Point,131.1573,-5.2292,71.855,"M 4.3 - 182 km WNW of Tual, Indonesia"
usgs,us7000paqs,4.5,mb,"172 km WNW of Tobelo, Indonesia",1738461936400,2025-02-02T02:05:36.400000+00:00,2025-04-15T20:55:27.040000+00:00,https://earthquake.usgs.gov/earthquakes/eventpage/us7000paqs,,,,,reviewed,0,312,us,7000paqs,36,1.823,1.31,106,earthquake,Point,126.6379,2.4545,49.555,"M 4.5 - 172 km WNW of Tobelo, Indonesia"
usgs,us7000papn,4.4,mb,"272 km WSW of Tual, Indonesia",1738449570564,2025-02-01T22:39:30.564000+00:00,2025-04-15T20:55:27.040000+00:00,https://earthquake.usgs.gov/earthquakes/eventpage/us7000papn,,,,,reviewed,0,298,us,7000papn,33,2.302,0.94,98,earthquake,Point,130.5532,-6.7463,82.666,"M 4.4 - 272 km WSW of Tual, Indonesia"
usgs,us7000papc,4.8,mww,"163 km SW of Nabire, Indonesia",1738441471829,2025-02-01T20:24:31.829000+00:00,2025-04-15T20:55:27.040000+00:00,https://earthquake.usgs.gov/earthquakes/eventpage/us7000papc,,,,,reviewed,0,354,us,7000papc,51,1.681,0.68,47,earthquake,Point,134.5003,-4.4504,10.0,"M 4.8 - 163 km SW of Nabire, Indonesia"
usgs,us7000pc5x,3.9,mb,"20 km SW of Bojonegoro, Indonesia",1738424920272,2025-02-01T15:48:40.272000+00:00,2025-04-15T20:55:33.040000+00:00,https://earthquake.usgs.gov/earthquakes/eventpage/us7000pc5x,,,,,reviewed,0,234,us,7000pc5x,26,1.171,0.52,115,earthquake,Point,111.7534,-7.2791,239.768,"M 3.9 - 20 km SW of Bojonegoro, Indonesia"
usgs,us7000pc5q,4.2,mb,"102 km E of Bitung, Indonesia",1738410251789,2025-02-01T11:44:11.789000+00:00,2025-04-15T20:55:33.040000+00:00,https://earthquake.usgs.gov/earthquakes/eventpage/us7000pc5q,,,,,reviewed,0,271,us,7000pc5q,27,1.21,1.25,93,earthquake,Point,126.0506,1.4434,47.12,"M 4.2 - 102 km E of Bitung, Indonesia"
usgs,us7000paiy,4.6,mb,"195 km NE of Lospalos, Timor Leste",1738371323965,2025-02-01T00:55:23.965000+00:00,2025-04-15T20:55:26.040000+00:00,https://earthquake.usgs.gov/earthquakes/eventpage/us7000paiy,,,,,reviewed,0,326,us,7000paiy,35,3.247,0.53,97,earthquake,Point,128.3798,-7.413,124.81,"M 4.6 - 195 km NE of Lospalos, Timor Leste"
usgs,us7000paiv,5.0,mww,"86 km S of Pundong, Indonesia",1738370416806,2025-02-01T00:40:16.806000+00:00,2025-04-15T20:55:26.040000+00:00,https://earthquake.usgs.gov/earthquakes/eventpage/us7000paiv,3.0,2.0,,,reviewed,0,385,us,7000paiv,72,1.677,0.93,119,earthquake,Point,110.2905,-8.7303,71.742,"M 5.0 - 86 km S of Pundong, Indonesia"
usgs,us7000pafc,4.5,mb,Banda Sea,1738347071331,2025-01-31T18:11:11.331000+00:00,2025-04-15T20:55:25.040000+00:00,https://earthquake.usgs.gov/earthquakes/eventpage/us7000pafc,,,,,reviewed,0,312,us,7000pafc,80,2.21,0.6,49,earthquake,Point,129.8309,-6.7457,164.158,M 4.5 - Banda Sea
usgs,us7000pc42,4.3,mb,"139 km E of Bitung, Indonesia",1738342888311,2025-01-31T17:01:28.311000+00:00,2025-04-15T20:55:33.040000+00:00,https://earthquake.usgs.gov/earthquakes/eventpage/us7000pc42,,,,,reviewed,0,284,us,7000pc42,27,1.28,1.28,102,earthquake,Point,126.3737,1.5851,42.698,"M 4.3 - 139 km E of Bitung, Indonesia"
usgs,us7000pa9d,5.7,mww,"58 km SSE of Blangpidie, Indonesia",1738321421859,2025-01-31T11:03:41.859000+00:00,2025-04-15T20:55:25.040000+00:00,https://earthquake.usgs.gov/earthquakes/eventpage/us7000pa9d,4.0,5.6,4.488,green,reviewed,0,502,us,7000pa9d,196,1.932,0.52,38,earthquake,Point,97.1235,3.2918,53.0,"M 5.7 - 58 km SSE of Blangpidie, Indonesia"
usgs,us7000pa85,4.5,mb,"116 km SSW of Pagar Alam, Indonesia",1738307277718,2025-01-31T07:07:57.718000+00:00,2025-04-15T20:55:25.040000+00:00,https://earthquake.usgs.gov/earthquakes/eventpage/us7000pa85,1.0,2.7,,,reviewed,0,312,us,7000pa85,29,1.205,0.73,142,earthquake,Point,102.8188,-4.9911,50.249,"M 4.5 - 116 km SSW of Pagar Alam, Indonesia"
