latitude,longitude,acq_date,acq_time,satellite,confidence,version,frp,daynight,scan,track,brightness,brightness_t13,brightness_t31,bright_t14,bright_t15,source_api,sensor_type,satellite_source
-8.47984,121.28374,2025-03-02,459,N21,l,2.0NRT,5.87,D,0.47,0.48,,,,,,firms,VIIRS,VIIRS_NOAA21_NRT
-2.51624,120.38394,2025-03-02,501,N21,n,2.0NRT,1.73,D,0.44,0.46,,,,,,firms,VIIRS,VIIRS_NOAA21_NRT
-1.45691,127.43749,2025-03-02,501,N21,n,2.0NRT,8.26,D,0.4,0.37,,,,,,firms,VIIRS,VIIRS_NOAA21_NRT
-0.80869,119.88383,2025-03-02,501,N21,n,2.0NRT,5.35,D,0.45,0.47,,,,,,firms,VIIRS,VIIRS_NOAA21_NRT
0.47788,117.21429,2025-03-02,503,N21,n,2.0NRT,5.02,D,0.33,0.55,,,,,,firms,VIIRS,VIIRS_NOAA21_NRT
0.48293,117.21358,2025-03-02,503,N21,n,2.0NRT,5.02,D,0.33,0.55,,,,,,firms,VIIRS,VIIRS_NOAA21_NRT
0.60997,116.74493,2025-03-02,503,N21,n,2.0NRT,6.59,D,0.35,0.57,,,,,,firms,VIIRS,VIIRS_NOAA21_NRT
0.68202,117.561,2025-03-02,503,N21,n,2.0NRT,5.53,D,0.62,0.54,,,,,,firms,VIIRS,VIIRS_NOAA21_NRT
0.68606,117.55484,2025-03-02,503,N21,n,2.0NRT,8.18,D,0.62,0.54,,,,,,firms,VIIRS,VIIRS_NOAA21_NRT
0.68692,117.56023,2025-03-02,503,N21,n,2.0NRT,8.18,D,0.62,0.54,,,,,,firms,VIIRS,VIIRS_NOAA21_NRT
0.72393,117.11529,2025-03-02,503,N21,n,2.0NRT,7.67,D,0.33,0.55,,,,,,firms,VIIRS,VIIRS_NOAA21_NRT
0.72439,117.11818,2025-03-02,503,N21,n,2.0NRT,7.82,D,0.33,0.55,,,,,,firms,VIIRS,VIIRS_NOAA21_NRT
0.76944,117.07559,2025-03-02,503,N21,n,2.0NRT,2.96,D,0.33,0.55,,,,,,firms,VIIRS,VIIRS_NOAA21_NRT
0.76991,117.07855,2025-03-02,503,N21,n,2.0NRT,2.96,D,0.33,0.55,,,,,,firms,VIIRS,VIIRS_NOAA21_NRT
1.09518,117.12374,2025-03-02,503,N21,h,2.0NRT,18.35,D,0.33,0.55,,,,,,firms,VIIRS,VIIRS_NOAA21_NRT
1.10088,116.67675,2025-03-02,503,N21,n,2.0NRT,3.49,D,0.35,0.57,,,,,,firms,VIIRS,VIIRS_NOAA21_NRT
1.10139,116.6799,2025-03-02,503,N21,n,2.0NRT,3.49,D,0.35,0.57,,,,,,firms,VIIRS,VIIRS_NOAA21_NRT
1.69726,127.87558,2025-03-02,503,N21,n,2.0NRT,4.84,D,0.44,0.38,,,,,,firms,VIIRS,VIIRS_NOAA21_NRT
1.70078,127.87509,2025-03-02,503,N21,n,2.0NRT,4.84,D,0.44,0.38,,,,,,firms,VIIRS,VIIRS_NOAA21_NRT
4.74243,113.72701,2025-03-02,503,N21,n,2.0NRT,6.96,D,0.49,0.65,,,,,,firms,VIIRS,VIIRS_NOAA21_NRT
5.42681,114.71082,2025-03-02,503,N21,n,2.0NRT,5.0,D,0.41,0.6,,,,,,firms,VIIRS,VIIRS_NOAA21_NRT
-6.00434,105.98228,2025-03-02,641,N21,n,2.0NRT,12.26,D,0.54,0.42,,,,,,firms,VIIRS,VIIRS_NOAA21_NRT
-4.53657,103.08112,2025-03-02,641,N21,n,2.0NRT,3.22,D,0.41,0.37,,,,,,firms,VIIRS,VIIRS_NOAA21_NRT
-4.32474,103.08934,2025-03-02,641,N21,n,2.0NRT,4.21,D,0.41,0.37,,,,,,firms,VIIRS,VIIRS_NOAA21_NRT
-3.5418,102.14497,2025-03-02,644,N21,n,2.0NRT,7.32,D,0.39,0.36,,,,,,firms,VIIRS,VIIRS_NOAA21_NRT
-2.71634,106.32478,2025-03-02,644,N21,n,2.0NRT,8.27,D,0.42,0.45,,,,,,firms,VIIRS,VIIRS_NOAA21_NRT
-2.54706,106.15727,2025-03-02,644,N21,n,2.0NRT,4.72,D,0.41,0.45,,,,,,firms,VIIRS,VIIRS_NOAA21_NRT
-2.38328,103.41183,2025-03-02,644,N21,n,2.0NRT,4.39,D,0.44,0.38,,,,,,firms,VIIRS,VIIRS_NOAA21_NRT
-2.31151,104.88271,2025-03-02,644,N21,n,2.0NRT,15.26,D,0.52,0.42,,,,,,firms,VIIRS,VIIRS_NOAA21_NRT
-1.78155,105.50181,2025-03-02,644,N21,n,2.0NRT,4.16,D,0.39,0.44,,,,,,firms,VIIRS,VIIRS_NOAA21_NRT
-1.7107,106.04086,2025-03-02,644,N21,n,2.0NRT,5.88,D,0.42,0.45,,,,,,firms,VIIRS,VIIRS_NOAA21_NRT
-1.68208,105.44419,2025-03-02,644,N21,n,2.0NRT,2.98,D,0.38,0.43,,,,,,firms,VIIRS,VIIRS_NOAA21_NRT
-1.67663,105.40063,2025-03-02,644,N21,n,2.0NRT,4.95,D,0.57,0.43,,,,,,firms,VIIRS,VIIRS_NOAA21_NRT
2.1166,101.14028,2025-03-02,644,N21,n,2.0NRT,4.54,D,0.4,0.37,,,,,,firms,VIIRS,VIIRS_NOAA21_NRT
2.25062,102.41797,2025-03-02,644,N21,n,2.0NRT,9.93,D,0.44,0.38,,,,,,firms,VIIRS,VIIRS_NOAA21_NRT
2.42656,103.5472,2025-03-02,644,N21,n,2.0NRT,4.56,D,0.5,0.41,,,,,,firms,VIIRS,VIIRS_NOAA21_NRT
2.94197,101.75616,2025-03-02,644,N21,l,2.0NRT,8.47,D,0.42,0.38,,,,,,firms,VIIRS,VIIRS_NOAA21_NRT
3.27745,113.06898,2025-03-02,644,N21,n,2.0NRT,10.06,D,0.76,0.77,,,,,,firms,VIIRS,VIIRS_NOAA21_NRT
3.28753,113.08867,2025-03-02,644,N21,n,2.0NRT,8.6,D,0.76,0.77,,,,,,firms,VIIRS,VIIRS_NOAA21_NRT
3.39192,103.4151,2025-03-02,644,N21,n,2.0NRT,5.48,D,0.51,0.41,,,,,,firms,VIIRS,VIIRS_NOAA21_NRT
3.35394,101.55685,2025-03-02,646,N21,n,2.0NRT,4.29,D,0.42,0.38,,,,,,firms,VIIRS,VIIRS_NOAA21_NRT
3.72809,103.02229,2025-03-02,646,N21,n,2.0NRT,6.49,D,0.49,0.4,,,,,,firms,VIIRS,VIIRS_NOAA21_NRT
4.06289,103.34486,2025-03-02,646,N21,n,2.0NRT,5.54,D,0.52,0.41,,,,,,firms,VIIRS,VIIRS_NOAA21_NRT
4.06425,103.35416,2025-03-02,646,N21,n,2.0NRT,7.08,D,0.52,0.41,,,,,,firms,VIIRS,VIIRS_NOAA21_NRT
4.06668,103.34431,2025-03-02,646,N21,n,2.0NRT,5.54,D,0.52,0.41,,,,,,firms,VIIRS,VIIRS_NOAA21_NRT
4.06804,103.3536,2025-03-02,646,N21,n,2.0NRT,7.08,D,0.52,0.41,,,,,,firms,VIIRS,VIIRS_NOAA21_NRT
4.49168,101.14629,2025-03-02,646,N21,l,2.0NRT,5.1,D,0.41,0.37,,,,,,firms,VIIRS,VIIRS_NOAA21_NRT
4.57426,103.44892,2025-03-02,646,N21,l,2.0NRT,6.49,D,0.53,0.42,,,,,,firms,VIIRS,VIIRS_NOAA21_NRT
4.78531,101.98232,2025-03-02,646,N21,n,2.0NRT,5.88,D,0.45,0.39,,,,,,firms,VIIRS,VIIRS_NOAA21_NRT
4.82687,103.27346,2025-03-02,646,N21,n,2.0NRT,5.13,D,0.52,0.42,,,,,,firms,VIIRS,VIIRS_NOAA21_NRT
5.47411,100.68677,2025-03-02,646,N21,n,2.0NRT,1.33,D,0.41,0.37,,,,,,firms,VIIRS,VIIRS_NOAA21_NRT
5.53861,100.3706,2025-03-02,646,N21,l,2.0NRT,4.74,D,0.4,0.37,,,,,,firms,VIIRS,VIIRS_NOAA21_NRT
5.53915,100.37418,2025-03-02,646,N21,l,2.0NRT,4.74,D,0.4,0.37,,,,,,firms,VIIRS,VIIRS_NOAA21_NRT
5.72491,100.9312,2025-03-02,646,N21,n,2.0NRT,4.46,D,0.42,0.37,,,,,,firms,VIIRS,VIIRS_NOAA21_NRT
5.73132,100.68882,2025-03-02,646,N21,n,2.0NRT,0.71,D,0.41,0.37,,,,,,firms,VIIRS,VIIRS_NOAA21_NRT
0.4792,127.99458,2025-03-02,1602,N21,n,2.0NRT,3.31,N,0.68,0.74,,,,,,firms,VIIRS,VIIRS_NOAA21_NRT
0.48017,127.98855,2025-03-02,1602,N21,n,2.0NRT,3.24,N,0.68,0.74,,,,,,firms,VIIRS,VIIRS_NOAA21_NRT
0.48051,128.00531,2025-03-02,1602,N21,n,2.0NRT,3.31,N,0.68,0.74,,,,,,firms,VIIRS,VIIRS_NOAA21_NRT
0.48146,127.99917,2025-03-02,1602,N21,n,2.0NRT,4.23,N,0.68,0.74,,,,,,firms,VIIRS,VIIRS_NOAA21_NRT
0.4824,127.99302,2025-03-02,1602,N21,n,2.0NRT,4.23,N,0.68,0.74,,,,,,firms,VIIRS,VIIRS_NOAA21_NRT
0.48333,127.98694,2025-03-02,1602,N21,n,2.0NRT,5.83,N,0.68,0.74,,,,,,firms,VIIRS,VIIRS_NOAA21_NRT
0.4848,128.00272,2025-03-02,1602,N21,n,2.0NRT,4.45,N,0.68,0.74,,,,,,firms,VIIRS,VIIRS_NOAA21_NRT
0.48686,127.98991,2025-03-02,1602,N21,n,2.0NRT,4.94,N,0.68,0.74,,,,,,firms,VIIRS,VIIRS_NOAA21_NRT
1.4914,127.63606,2025-03-02,1741,N21,n,2.0NRT,4.75,N,0.6,0.7,,,,,,firms,VIIRS,VIIRS_NOAA21_NRT
2.77846,125.40981,2025-03-02,1741,N21,n,2.0NRT,1.01,N,0.4,0.6,,,,,,firms,VIIRS,VIIRS_NOAA21_NRT
3.6556,117.22394,2025-03-02,1741,N21,n,2.0NRT,0.86,N,0.39,0.36,,,,,,firms,VIIRS,VIIRS_NOAA21_NRT
4.7389,113.72752,2025-03-02,1741,N21,n,2.0NRT,2.06,N,0.44,0.38,,,,,,firms,VIIRS,VIIRS_NOAA21_NRT
4.74241,113.72803,2025-03-02,1741,N21,n,2.0NRT,1.74,N,0.44,0.38,,,,,,firms,VIIRS,VIIRS_NOAA21_NRT
5.24484,115.23937,2025-03-02,1741,N21,n,2.0NRT,2.26,N,0.4,0.37,,,,,,firms,VIIRS,VIIRS_NOAA21_NRT
5.42773,114.70995,2025-03-02,1741,N21,n,2.0NRT,3.7,N,0.41,0.37,,,,,,firms,VIIRS,VIIRS_NOAA21_NRT
5.50072,105.20871,2025-03-02,1741,N21,n,2.0NRT,2.63,N,0.53,0.67,,,,,,firms,VIIRS,VIIRS_NOAA21_NRT
5.64442,115.8894,2025-03-02,1741,N21,n,2.0NRT,2.43,N,0.39,0.36,,,,,,firms,VIIRS,VIIRS_NOAA21_NRT
5.87699,114.2944,2025-03-02,1741,N21,n,2.0NRT,1.53,N,0.43,0.38,,,,,,firms,VIIRS,VIIRS_NOAA21_NRT
-2.87453,115.26192,2025-03-02,1743,N21,n,2.0NRT,5.03,N,0.39,0.36,,,,,,firms,VIIRS,VIIRS_NOAA21_NRT
-1.56353,103.69718,2025-03-02,1743,N21,n,2.0NRT,1.08,N,0.53,0.67,,,,,,firms,VIIRS,VIIRS_NOAA21_NRT
-1.51726,114.39187,2025-03-02,1743,N21,n,2.0NRT,1.2,N,0.39,0.36,,,,,,firms,VIIRS,VIIRS_NOAA21_NRT
-1.24744,116.81488,2025-03-02,1743,N21,n,2.0NRT,2.66,N,0.41,0.37,,,,,,firms,VIIRS,VIIRS_NOAA21_NRT
-0.84703,117.26783,2025-03-02,1743,N21,n,2.0NRT,0.37,N,0.42,0.38,,,,,,firms,VIIRS,VIIRS_NOAA21_NRT
0.50817,127.89514,2025-03-02,1743,N21,n,2.0NRT,2.73,N,0.65,0.73,,,,,,firms,VIIRS,VIIRS_NOAA21_NRT
0.57033,117.45432,2025-03-02,1743,N21,n,2.0NRT,0.97,N,0.42,0.37,,,,,,firms,VIIRS,VIIRS_NOAA21_NRT
1.37556,104.15653,2025-03-02,1743,N21,n,2.0NRT,6.93,N,0.55,0.68,,,,,,firms,VIIRS,VIIRS_NOAA21_NRT
1.37668,104.15739,2025-03-02,1743,N21,n,2.0NRT,7.81,N,0.55,0.68,,,,,,firms,VIIRS,VIIRS_NOAA21_NRT
1.49604,127.63769,2025-03-02,1743,N21,n,2.0NRT,5.49,N,0.6,0.71,,,,,,firms,VIIRS,VIIRS_NOAA21_NRT
2.32585,117.70676,2025-03-02,1743,N21,n,2.0NRT,0.46,N,0.41,0.37,,,,,,firms,VIIRS,VIIRS_NOAA21_NRT
3.38747,103.41418,2025-03-02,1743,N21,n,2.0NRT,1.36,N,0.66,0.73,,,,,,firms,VIIRS,VIIRS_NOAA21_NRT
3.3915,103.41273,2025-03-02,1743,N21,n,2.0NRT,2.19,N,0.66,0.73,,,,,,firms,VIIRS,VIIRS_NOAA21_NRT
3.39416,103.4151,2025-03-02,1743,N21,n,2.0NRT,1.36,N,0.66,0.73,,,,,,firms,VIIRS,VIIRS_NOAA21_NRT
3.99416,103.13789,2025-03-02,1743,N21,n,2.0NRT,1.36,N,0.71,0.75,,,,,,firms,VIIRS,VIIRS_NOAA21_NRT
4.57033,103.4474,2025-03-02,1743,N21,n,2.0NRT,1.82,N,0.68,0.74,,,,,,firms,VIIRS,VIIRS_NOAA21_NRT
4.6583,103.37869,2025-03-02,1743,N21,n,2.0NRT,1.75,N,0.69,0.75,,,,,,firms,VIIRS,VIIRS_NOAA21_NRT
4.66043,103.37642,2025-03-02,1743,N21,n,2.0NRT,0.94,N,0.7,0.75,,,,,,firms,VIIRS,VIIRS_NOAA21_NRT
-8.27741,123.52036,2025-03-02,1745,N21,n,2.0NRT,2.32,N,0.43,0.62,,,,,,firms,VIIRS,VIIRS_NOAA21_NRT
-8.2762,123.51068,2025-03-02,1745,N21,n,2.0NRT,1.48,N,0.43,0.62,,,,,,firms,VIIRS,VIIRS_NOAA21_NRT
-8.27319,123.51244,2025-03-02,1745,N21,n,2.0NRT,3.79,N,0.43,0.62,,,,,,firms,VIIRS,VIIRS_NOAA21_NRT
-8.11285,112.92466,2025-03-02,1745,N21,n,2.0NRT,1.65,N,0.39,0.36,,,,,,firms,VIIRS,VIIRS_NOAA21_NRT
-6.09599,106.67052,2025-03-02,1745,N21,n,2.0NRT,1.98,N,0.55,0.51,,,,,,firms,VIIRS,VIIRS_NOAA21_NRT
0.68051,101.11853,2025-03-02,1923,N21,n,2.0NRT,0.87,N,0.51,0.66,,,,,,firms,VIIRS,VIIRS_NOAA21_NRT
0.68242,101.11761,2025-03-02,1923,N21,n,2.0NRT,1.28,N,0.51,0.66,,,,,,firms,VIIRS,VIIRS_NOAA21_NRT
0.8457,101.39061,2025-03-02,1923,N21,n,2.0NRT,1.45,N,0.53,0.67,,,,,,firms,VIIRS,VIIRS_NOAA21_NRT
0.84573,101.39158,2025-03-02,1923,N21,n,2.0NRT,1.97,N,0.53,0.67,,,,,,firms,VIIRS,VIIRS_NOAA21_NRT
1.28519,101.08408,2025-03-02,1923,N21,n,2.0NRT,0.67,N,0.5,0.66,,,,,,firms,VIIRS,VIIRS_NOAA21_NRT
1.66917,101.47713,2025-03-02,1923,N21,n,2.0NRT,3.4,N,0.52,0.67,,,,,,firms,VIIRS,VIIRS_NOAA21_NRT
3.38852,103.41012,2025-03-02,1923,N21,n,2.0NRT,2.05,N,0.67,0.73,,,,,,firms,VIIRS,VIIRS_NOAA21_NRT
3.3916,103.41544,2025-03-02,1923,N21,n,2.0NRT,2.63,N,0.67,0.73,,,,,,firms,VIIRS,VIIRS_NOAA21_NRT
4.05879,103.3551,2025-03-02,1923,N21,n,2.0NRT,3.42,N,0.64,0.72,,,,,,firms,VIIRS,VIIRS_NOAA21_NRT
4.06429,103.35478,2025-03-02,1923,N21,n,2.0NRT,4.39,N,0.64,0.72,,,,,,firms,VIIRS,VIIRS_NOAA21_NRT
4.06531,103.34904,2025-03-02,1923,N21,n,2.0NRT,4.39,N,0.64,0.72,,,,,,firms,VIIRS,VIIRS_NOAA21_NRT
4.06535,103.35634,2025-03-02,1923,N21,n,2.0NRT,3.42,N,0.64,0.72,,,,,,firms,VIIRS,VIIRS_NOAA21_NRT
4.06631,103.35062,2025-03-02,1923,N21,n,2.0NRT,5.43,N,0.64,0.72,,,,,,firms,VIIRS,VIIRS_NOAA21_NRT
4.06731,103.34473,2025-03-02,1923,N21,n,2.0NRT,5.43,N,0.64,0.72,,,,,,firms,VIIRS,VIIRS_NOAA21_NRT
4.07086,103.35597,2025-03-02,1923,N21,n,2.0NRT,2.43,N,0.64,0.72,,,,,,firms,VIIRS,VIIRS_NOAA21_NRT
4.07186,103.35023,2025-03-02,1923,N21,n,2.0NRT,2.43,N,0.64,0.72,,,,,,firms,VIIRS,VIIRS_NOAA21_NRT
4.07287,103.35185,2025-03-02,1923,N21,n,2.0NRT,0.43,N,0.64,0.72,,,,,,firms,VIIRS,VIIRS_NOAA21_NRT
4.08106,97.12446,2025-03-02,1923,N21,n,2.0NRT,0.67,N,0.48,0.48,,,,,,firms,VIIRS,VIIRS_NOAA21_NRT
4.6553,103.38046,2025-03-02,1923,N21,n,2.0NRT,1.01,N,0.63,0.72,,,,,,firms,VIIRS,VIIRS_NOAA21_NRT
-10.17061,124.34081,2025-03-03,440,N21,n,2.0NRT,4.94,D,0.32,0.55,,,,,,firms,VIIRS,VIIRS_NOAA21_NRT
-3.90352,122.41732,2025-03-03,444,N21,n,2.0NRT,3.29,D,0.36,0.57,,,,,,firms,VIIRS,VIIRS_NOAA21_NRT
-3.90307,122.4205,2025-03-03,444,N21,n,2.0NRT,3.29,D,0.36,0.57,,,,,,firms,VIIRS,VIIRS_NOAA21_NRT
-3.90269,122.41807,2025-03-03,444,N21,n,2.0NRT,6.57,D,0.36,0.57,,,,,,firms,VIIRS,VIIRS_NOAA21_NRT
-3.90221,122.42123,2025-03-03,444,N21,n,2.0NRT,4.45,D,0.36,0.57,,,,,,firms,VIIRS,VIIRS_NOAA21_NRT
-3.87269,122.40427,2025-03-03,444,N21,n,2.0NRT,5.82,D,0.36,0.57,,,,,,firms,VIIRS,VIIRS_NOAA21_NRT
-1.28838,131.72052,2025-03-03,444,N21,n,2.0NRT,3.66,D,0.39,0.36,,,,,,firms,VIIRS,VIIRS_NOAA21_NRT
-0.99942,134.03809,2025-03-03,444,N21,n,2.0NRT,5.15,D,0.48,0.4,,,,,,firms,VIIRS,VIIRS_NOAA21_NRT
-0.96229,119.89173,2025-03-03,444,N21,n,2.0NRT,3.57,D,0.48,0.65,,,,,,firms,VIIRS,VIIRS_NOAA21_NRT
0.32246,117.46503,2025-03-03,444,N21,n,2.0NRT,8.53,D,0.68,0.74,,,,,,firms,VIIRS,VIIRS_NOAA21_NRT
0.5381,122.58697,2025-03-03,444,N21,n,2.0NRT,27.17,D,0.59,0.53,,,,,,firms,VIIRS,VIIRS_NOAA21_NRT
0.53841,122.5845,2025-03-03,444,N21,n,2.0NRT,20.36,D,0.59,0.53,,,,,,firms,VIIRS,VIIRS_NOAA21_NRT
0.6284,122.50722,2025-03-03,444,N21,n,2.0NRT,5.32,D,0.6,0.53,,,,,,firms,VIIRS,VIIRS_NOAA21_NRT
0.62986,122.51004,2025-03-03,444,N21,n,2.0NRT,7.59,D,0.6,0.53,,,,,,firms,VIIRS,VIIRS_NOAA21_NRT
1.79281,125.14445,2025-03-03,444,N21,n,2.0NRT,4.35,D,0.38,0.43,,,,,,firms,VIIRS,VIIRS_NOAA21_NRT
5.9305,116.43369,2025-03-03,446,N21,n,2.0NRT,12.34,D,0.65,0.73,,,,,,firms,VIIRS,VIIRS_NOAA21_NRT
5.98675,116.44438,2025-03-03,446,N21,n,2.0NRT,6.73,D,0.65,0.73,,,,,,firms,VIIRS,VIIRS_NOAA21_NRT
-3.43933,114.66714,2025-03-03,624,N21,n,2.0NRT,4.7,D,0.36,0.57,,,,,,firms,VIIRS,VIIRS_NOAA21_NRT
-3.43454,114.66478,2025-03-03,624,N21,n,2.0NRT,3.52,D,0.36,0.57,,,,,,firms,VIIRS,VIIRS_NOAA21_NRT
-3.23267,107.99223,2025-03-03,624,N21,n,2.0NRT,5.48,D,0.43,0.38,,,,,,firms,VIIRS,VIIRS_NOAA21_NRT
-2.9492,106.90264,2025-03-03,624,N21,n,2.0NRT,4.03,D,0.4,0.37,,,,,,firms,VIIRS,VIIRS_NOAA21_NRT
-2.71594,106.45226,2025-03-03,624,N21,n,2.0NRT,24.69,D,0.39,0.36,,,,,,firms,VIIRS,VIIRS_NOAA21_NRT
-2.6619,106.27261,2025-03-03,624,N21,n,2.0NRT,4.4,D,0.39,0.36,,,,,,firms,VIIRS,VIIRS_NOAA21_NRT
-1.24851,114.28938,2025-03-03,624,N21,n,2.0NRT,5.47,D,0.37,0.58,,,,,,firms,VIIRS,VIIRS_NOAA21_NRT
-1.24375,114.25184,2025-03-03,624,N21,n,2.0NRT,2.34,D,0.37,0.58,,,,,,firms,VIIRS,VIIRS_NOAA21_NRT
-0.93587,114.67688,2025-03-03,624,N21,n,2.0NRT,6.0,D,0.4,0.6,,,,,,firms,VIIRS,VIIRS_NOAA21_NRT
-0.769,114.62757,2025-03-03,624,N21,n,2.0NRT,3.2,D,0.4,0.6,,,,,,firms,VIIRS,VIIRS_NOAA21_NRT
0.30002,116.35192,2025-03-03,624,N21,n,2.0NRT,5.23,D,0.54,0.68,,,,,,firms,VIIRS,VIIRS_NOAA21_NRT
0.40784,116.27703,2025-03-03,624,N21,n,2.0NRT,9.86,D,0.54,0.68,,,,,,firms,VIIRS,VIIRS_NOAA21_NRT
0.9895,116.8566,2025-03-03,626,N21,n,2.0NRT,11.38,D,0.6,0.71,,,,,,firms,VIIRS,VIIRS_NOAA21_NRT
0.99028,116.85587,2025-03-03,626,N21,n,2.0NRT,9.11,D,0.6,0.71,,,,,,firms,VIIRS,VIIRS_NOAA21_NRT
1.05617,116.76074,2025-03-03,626,N21,n,2.0NRT,6.78,D,0.6,0.7,,,,,,firms,VIIRS,VIIRS_NOAA21_NRT
1.24163,99.2496,2025-03-03,626,N21,n,2.0NRT,6.64,D,0.42,0.45,,,,,,firms,VIIRS,VIIRS_NOAA21_NRT
1.30811,99.11909,2025-03-03,626,N21,n,2.0NRT,9.33,D,0.43,0.46,,,,,,firms,VIIRS,VIIRS_NOAA21_NRT
1.31068,99.11857,2025-03-03,626,N21,n,2.0NRT,8.81,D,0.43,0.46,,,,,,firms,VIIRS,VIIRS_NOAA21_NRT
1.31589,116.67866,2025-03-03,626,N21,n,2.0NRT,16.53,D,0.59,0.7,,,,,,firms,VIIRS,VIIRS_NOAA21_NRT
1.611,101.80483,2025-03-03,626,N21,l,2.0NRT,5.17,D,0.45,0.39,,,,,,firms,VIIRS,VIIRS_NOAA21_NRT
2.58658,98.25996,2025-03-03,626,N21,n,2.0NRT,4.23,D,0.47,0.48,,,,,,firms,VIIRS,VIIRS_NOAA21_NRT
2.58821,98.26007,2025-03-03,626,N21,n,2.0NRT,3.67,D,0.47,0.48,,,,,,firms,VIIRS,VIIRS_NOAA21_NRT
2.63069,98.62816,2025-03-03,626,N21,n,2.0NRT,3.89,D,0.44,0.46,,,,,,firms,VIIRS,VIIRS_NOAA21_NRT
2.97295,98.07439,2025-03-03,626,N21,n,2.0NRT,4.14,D,0.48,0.48,,,,,,firms,VIIRS,VIIRS_NOAA21_NRT
3.07043,103.39947,2025-03-03,626,N21,n,2.0NRT,4.55,D,0.39,0.36,,,,,,firms,VIIRS,VIIRS_NOAA21_NRT
3.12386,99.00948,2025-03-03,626,N21,n,2.0NRT,3.27,D,0.41,0.45,,,,,,firms,VIIRS,VIIRS_NOAA21_NRT
3.36235,103.41841,2025-03-03,626,N21,n,2.0NRT,5.02,D,0.39,0.36,,,,,,firms,VIIRS,VIIRS_NOAA21_NRT
3.39218,103.41326,2025-03-03,626,N21,l,2.0NRT,11.12,D,0.39,0.36,,,,,,firms,VIIRS,VIIRS_NOAA21_NRT
3.48932,101.48204,2025-03-03,626,N21,l,2.0NRT,8.13,D,0.44,0.39,,,,,,firms,VIIRS,VIIRS_NOAA21_NRT
3.59553,97.70592,2025-03-03,626,N21,n,2.0NRT,3.18,D,0.49,0.49,,,,,,firms,VIIRS,VIIRS_NOAA21_NRT
3.78377,97.61492,2025-03-03,626,N21,n,2.0NRT,3.71,D,0.5,0.49,,,,,,firms,VIIRS,VIIRS_NOAA21_NRT
3.78473,97.61401,2025-03-03,626,N21,n,2.0NRT,5.08,D,0.5,0.49,,,,,,firms,VIIRS,VIIRS_NOAA21_NRT
4.04835,96.99464,2025-03-03,626,N21,n,2.0NRT,7.5,D,0.54,0.51,,,,,,firms,VIIRS,VIIRS_NOAA21_NRT
4.06551,103.34676,2025-03-03,626,N21,h,2.0NRT,77.48,D,0.39,0.36,,,,,,firms,VIIRS,VIIRS_NOAA21_NRT
4.0671,103.35718,2025-03-03,626,N21,l,2.0NRT,10.13,D,0.39,0.36,,,,,,firms,VIIRS,VIIRS_NOAA21_NRT
4.06935,103.34973,2025-03-03,626,N21,h,2.0NRT,37.36,D,0.39,0.36,,,,,,firms,VIIRS,VIIRS_NOAA21_NRT
5.37571,102.86494,2025-03-03,626,N21,n,2.0NRT,2.26,D,0.39,0.36,,,,,,firms,VIIRS,VIIRS_NOAA21_NRT
5.50117,105.20958,2025-03-03,626,N21,n,2.0NRT,4.11,D,0.4,0.37,,,,,,firms,VIIRS,VIIRS_NOAA21_NRT
5.50427,100.59644,2025-03-03,626,N21,l,2.0NRT,9.65,D,0.46,0.39,,,,,,firms,VIIRS,VIIRS_NOAA21_NRT
5.66495,100.62283,2025-03-03,626,N21,l,2.0NRT,5.8,D,0.46,0.39,,,,,,firms,VIIRS,VIIRS_NOAA21_NRT
5.93082,100.37828,2025-03-03,626,N21,n,2.0NRT,3.52,D,0.47,0.4,,,,,,firms,VIIRS,VIIRS_NOAA21_NRT
5.40612,95.58778,2025-03-03,629,N21,n,2.0NRT,3.1,D,0.32,0.55,,,,,,firms,VIIRS,VIIRS_NOAA21_NRT
-2.44026,133.14001,2025-03-03,1543,N21,n,2.0NRT,1.12,N,0.57,0.69,,,,,,firms,VIIRS,VIIRS_NOAA21_NRT
-2.43853,133.12982,2025-03-03,1543,N21,n,2.0NRT,4.03,N,0.57,0.69,,,,,,firms,VIIRS,VIIRS_NOAA21_NRT
-1.81996,136.75027,2025-03-03,1543,N21,n,2.0NRT,0.6,N,0.33,0.55,,,,,,firms,VIIRS,VIIRS_NOAA21_NRT
-1.81546,136.75154,2025-03-03,1543,N21,n,2.0NRT,0.96,N,0.33,0.55,,,,,,firms,VIIRS,VIIRS_NOAA21_NRT
-1.81501,136.74872,2025-03-03,1543,N21,n,2.0NRT,0.96,N,0.33,0.55,,,,,,firms,VIIRS,VIIRS_NOAA21_NRT
-1.81501,136.75154,2025-03-03,1543,N21,n,2.0NRT,0.6,N,0.33,0.55,,,,,,firms,VIIRS,VIIRS_NOAA21_NRT
-1.81454,136.74873,2025-03-03,1543,N21,n,2.0NRT,1.14,N,0.33,0.55,,,,,,firms,VIIRS,VIIRS_NOAA21_NRT
0.6594,117.56712,2025-03-03,1724,N21,n,2.0NRT,1.45,N,0.44,0.38,,,,,,firms,VIIRS,VIIRS_NOAA21_NRT
0.67407,117.56537,2025-03-03,1724,N21,n,2.0NRT,1.42,N,0.44,0.38,,,,,,firms,VIIRS,VIIRS_NOAA21_NRT
0.67759,117.56587,2025-03-03,1724,N21,n,2.0NRT,1.42,N,0.44,0.38,,,,,,firms,VIIRS,VIIRS_NOAA21_NRT
0.68645,117.55517,2025-03-03,1724,N21,n,2.0NRT,2.1,N,0.44,0.38,,,,,,firms,VIIRS,VIIRS_NOAA21_NRT
1.69908,127.87978,2025-03-03,1724,N21,n,2.0NRT,4.24,N,0.57,0.52,,,,,,firms,VIIRS,VIIRS_NOAA21_NRT
1.69984,127.87499,2025-03-03,1724,N21,n,2.0NRT,8.62,N,0.57,0.52,,,,,,firms,VIIRS,VIIRS_NOAA21_NRT
2.78172,125.40998,2025-03-03,1724,N21,n,2.0NRT,1.67,N,0.57,0.43,,,,,,firms,VIIRS,VIIRS_NOAA21_NRT
2.7819,125.4072,2025-03-03,1724,N21,n,2.0NRT,1.75,N,0.57,0.43,,,,,,firms,VIIRS,VIIRS_NOAA21_NRT
3.65645,117.22524,2025-03-03,1724,N21,n,2.0NRT,0.99,N,0.49,0.4,,,,,,firms,VIIRS,VIIRS_NOAA21_NRT
5.42946,114.71058,2025-03-03,1724,N21,n,2.0NRT,5.94,N,0.5,0.49,,,,,,firms,VIIRS,VIIRS_NOAA21_NRT
5.64341,115.88905,2025-03-03,1724,N21,n,2.0NRT,1.62,N,0.42,0.45,,,,,,firms,VIIRS,VIIRS_NOAA21_NRT
-8.27618,123.51027,2025-03-03,1726,N21,n,2.0NRT,3.72,N,0.41,0.45,,,,,,firms,VIIRS,VIIRS_NOAA21_NRT
-8.27556,123.50593,2025-03-03,1726,N21,n,2.0NRT,3.72,N,0.41,0.45,,,,,,firms,VIIRS,VIIRS_NOAA21_NRT
-8.27201,123.51025,2025-03-03,1726,N21,n,2.0NRT,4.61,N,0.41,0.45,,,,,,firms,VIIRS,VIIRS_NOAA21_NRT
-3.90446,122.41993,2025-03-03,1726,N21,n,2.0NRT,1.86,N,0.47,0.4,,,,,,firms,VIIRS,VIIRS_NOAA21_NRT
-3.90382,122.41576,2025-03-03,1726,N21,n,2.0NRT,1.86,N,0.47,0.4,,,,,,firms,VIIRS,VIIRS_NOAA21_NRT
-3.90085,122.42047,2025-03-03,1726,N21,n,2.0NRT,1.86,N,0.47,0.4,,,,,,firms,VIIRS,VIIRS_NOAA21_NRT
-3.87301,122.40767,2025-03-03,1726,N21,n,2.0NRT,1.67,N,0.47,0.39,,,,,,firms,VIIRS,VIIRS_NOAA21_NRT
-3.87238,122.4035,2025-03-03,1726,N21,n,2.0NRT,1.67,N,0.47,0.39,,,,,,firms,VIIRS,VIIRS_NOAA21_NRT
-3.87174,122.39934,2025-03-03,1726,N21,n,2.0NRT,2.44,N,0.47,0.39,,,,,,firms,VIIRS,VIIRS_NOAA21_NRT
-3.87111,122.39517,2025-03-03,1726,N21,n,2.0NRT,2.44,N,0.47,0.39,,,,,,firms,VIIRS,VIIRS_NOAA21_NRT
-3.87047,122.39099,2025-03-03,1726,N21,n,2.0NRT,0.98,N,0.47,0.39,,,,,,firms,VIIRS,VIIRS_NOAA21_NRT
-3.8694,122.40822,2025-03-03,1726,N21,n,2.0NRT,1.67,N,0.47,0.39,,,,,,firms,VIIRS,VIIRS_NOAA21_NRT
-3.02198,113.75345,2025-03-03,1726,N21,n,2.0NRT,1.11,N,0.43,0.46,,,,,,firms,VIIRS,VIIRS_NOAA21_NRT
-2.87633,115.26641,2025-03-03,1726,N21,n,2.0NRT,2.85,N,0.52,0.42,,,,,,firms,VIIRS,VIIRS_NOAA21_NRT
-2.87558,115.26171,2025-03-03,1726,N21,n,2.0NRT,3.71,N,0.53,0.42,,,,,,firms,VIIRS,VIIRS_NOAA21_NRT
-2.87535,122.16238,2025-03-03,1726,N21,n,2.0NRT,0.85,N,0.44,0.39,,,,,,firms,VIIRS,VIIRS_NOAA21_NRT
-2.86293,122.15205,2025-03-03,1726,N21,n,2.0NRT,0.3,N,0.44,0.39,,,,,,firms,VIIRS,VIIRS_NOAA21_NRT
-2.83365,122.17297,2025-03-03,1726,N21,n,2.0NRT,2.37,N,0.44,0.39,,,,,,firms,VIIRS,VIIRS_NOAA21_NRT
-2.83305,122.16904,2025-03-03,1726,N21,n,2.0NRT,2.37,N,0.44,0.39,,,,,,firms,VIIRS,VIIRS_NOAA21_NRT
-2.83013,122.17359,2025-03-03,1726,N21,n,2.0NRT,3.98,N,0.44,0.39,,,,,,firms,VIIRS,VIIRS_NOAA21_NRT
-2.82953,122.16965,2025-03-03,1726,N21,n,2.0NRT,3.98,N,0.44,0.39,,,,,,firms,VIIRS,VIIRS_NOAA21_NRT
-2.82833,122.16181,2025-03-03,1726,N21,n,2.0NRT,2.07,N,0.44,0.39,,,,,,firms,VIIRS,VIIRS_NOAA21_NRT
-2.8236,122.1544,2025-03-03,1726,N21,n,2.0NRT,0.93,N,0.44,0.39,,,,,,firms,VIIRS,VIIRS_NOAA21_NRT
-1.38048,122.48044,2025-03-03,1726,N21,n,2.0NRT,1.28,N,0.44,0.39,,,,,,firms,VIIRS,VIIRS_NOAA21_NRT
-1.22835,122.59834,2025-03-03,1726,N21,n,2.0NRT,1.7,N,0.45,0.39,,,,,,firms,VIIRS,VIIRS_NOAA21_NRT
-8.11256,112.92498,2025-03-03,1728,N21,n,2.0NRT,17.9,N,0.41,0.45,,,,,,firms,VIIRS,VIIRS_NOAA21_NRT
-8.112,112.92167,2025-03-03,1728,N21,n,2.0NRT,22.66,N,0.41,0.45,,,,,,firms,VIIRS,VIIRS_NOAA21_NRT
-7.94176,112.95291,2025-03-03,1728,N21,n,2.0NRT,1.03,N,0.41,0.45,,,,,,firms,VIIRS,VIIRS_NOAA21_NRT
-7.75365,114.27673,2025-03-03,1728,N21,n,2.0NRT,1.98,N,0.51,0.41,,,,,,firms,VIIRS,VIIRS_NOAA21_NRT
-7.75319,114.27545,2025-03-03,1728,N21,n,2.0NRT,1.88,N,0.52,0.41,,,,,,firms,VIIRS,VIIRS_NOAA21_NRT
3.38855,103.41508,2025-03-03,1904,N21,n,2.0NRT,1.49,N,0.62,0.54,,,,,,firms,VIIRS,VIIRS_NOAA21_NRT
3.39162,103.41335,2025-03-03,1904,N21,n,2.0NRT,3.3,N,0.62,0.54,,,,,,firms,VIIRS,VIIRS_NOAA21_NRT
3.39345,103.41592,2025-03-03,1904,N21,n,2.0NRT,1.49,N,0.62,0.54,,,,,,firms,VIIRS,VIIRS_NOAA21_NRT
3.77158,98.66908,2025-03-03,1904,N21,n,2.0NRT,2.1,N,0.46,0.39,,,,,,firms,VIIRS,VIIRS_NOAA21_NRT
3.99623,103.13953,2025-03-03,1904,N21,n,2.0NRT,1.06,N,0.58,0.52,,,,,,firms,VIIRS,VIIRS_NOAA21_NRT
4.05785,103.35743,2025-03-03,1904,N21,n,2.0NRT,12.23,N,0.6,0.53,,,,,,firms,VIIRS,VIIRS_NOAA21_NRT
4.05844,103.36072,2025-03-03,1904,N21,n,2.0NRT,12.21,N,0.6,0.53,,,,,,firms,VIIRS,VIIRS_NOAA21_NRT
4.0593,103.35539,2025-03-03,1904,N21,n,2.0NRT,12.21,N,0.6,0.53,,,,,,firms,VIIRS,VIIRS_NOAA21_NRT
4.06267,103.35823,2025-03-03,1904,N21,n,2.0NRT,12.23,N,0.6,0.53,,,,,,firms,VIIRS,VIIRS_NOAA21_NRT
4.06357,103.35294,2025-03-03,1904,N21,n,2.0NRT,12.23,N,0.6,0.53,,,,,,firms,VIIRS,VIIRS_NOAA21_NRT
4.06412,103.35622,2025-03-03,1904,N21,n,2.0NRT,12.21,N,0.6,0.53,,,,,,firms,VIIRS,VIIRS_NOAA21_NRT
4.06448,103.34756,2025-03-03,1904,N21,n,2.0NRT,4.15,N,0.6,0.53,,,,,,firms,VIIRS,VIIRS_NOAA21_NRT
4.06498,103.35087,2025-03-03,1904,N21,n,2.0NRT,6.87,N,0.6,0.53,,,,,,firms,VIIRS,VIIRS_NOAA21_NRT
4.0654,103.34208,2025-03-03,1904,N21,n,2.0NRT,4.15,N,0.6,0.53,,,,,,firms,VIIRS,VIIRS_NOAA21_NRT
4.06585,103.34544,2025-03-03,1904,N21,n,2.0NRT,6.87,N,0.6,0.53,,,,,,firms,VIIRS,VIIRS_NOAA21_NRT
4.0675,103.35908,2025-03-03,1904,N21,n,2.0NRT,6.42,N,0.6,0.53,,,,,,firms,VIIRS,VIIRS_NOAA21_NRT
4.06839,103.35377,2025-03-03,1904,N21,n,2.0NRT,6.42,N,0.6,0.53,,,,,,firms,VIIRS,VIIRS_NOAA21_NRT
4.0693,103.34838,2025-03-03,1904,N21,n,2.0NRT,5.86,N,0.6,0.53,,,,,,firms,VIIRS,VIIRS_NOAA21_NRT
4.07021,103.34297,2025-03-03,1904,N21,n,2.0NRT,5.86,N,0.6,0.53,,,,,,firms,VIIRS,VIIRS_NOAA21_NRT
4.56805,103.45541,2025-03-03,1904,N21,n,2.0NRT,5.42,N,0.6,0.53,,,,,,firms,VIIRS,VIIRS_NOAA21_NRT
4.5688,103.45493,2025-03-03,1904,N21,n,2.0NRT,2.79,N,0.6,0.53,,,,,,firms,VIIRS,VIIRS_NOAA21_NRT
4.66259,103.36325,2025-03-03,1904,N21,n,2.0NRT,0.7,N,0.59,0.53,,,,,,firms,VIIRS,VIIRS_NOAA21_NRT
-1.17425,103.36018,2025-03-03,1906,N21,n,2.0NRT,0.55,N,0.36,0.58,,,,,,firms,VIIRS,VIIRS_NOAA21_NRT
-0.98712,103.33285,2025-03-03,1906,N21,n,2.0NRT,1.24,N,0.36,0.57,,,,,,firms,VIIRS,VIIRS_NOAA21_NRT
1.11709,104.02454,2025-03-03,1906,N21,n,2.0NRT,0.61,N,0.37,0.58,,,,,,firms,VIIRS,VIIRS_NOAA21_NRT
1.37452,104.16218,2025-03-03,1906,N21,n,2.0NRT,1.17,N,0.38,0.59,,,,,,firms,VIIRS,VIIRS_NOAA21_NRT
1.37506,104.15882,2025-03-03,1906,N21,n,2.0NRT,1.17,N,0.38,0.59,,,,,,firms,VIIRS,VIIRS_NOAA21_NRT
1.37984,104.16314,2025-03-03,1906,N21,n,2.0NRT,1.17,N,0.38,0.59,,,,,,firms,VIIRS,VIIRS_NOAA21_NRT
1.38037,104.15982,2025-03-03,1906,N21,n,2.0NRT,1.17,N,0.38,0.59,,,,,,firms,VIIRS,VIIRS_NOAA21_NRT
1.57844,103.86385,2025-03-03,1906,N21,n,2.0NRT,0.4,N,0.36,0.57,,,,,,firms,VIIRS,VIIRS_NOAA21_NRT
1.6114,101.80696,2025-03-03,1906,N21,n,2.0NRT,1.46,N,0.51,0.5,,,,,,firms,VIIRS,VIIRS_NOAA21_NRT
2.73987,102.39642,2025-03-03,1906,N21,n,2.0NRT,1.62,N,0.54,0.51,,,,,,firms,VIIRS,VIIRS_NOAA21_NRT
3.87126,96.58408,2025-03-03,1906,N21,n,2.0NRT,1.42,N,0.39,0.36,,,,,,firms,VIIRS,VIIRS_NOAA21_NRT
-5.73623,139.40472,2025-03-04,423,N21,n,2.0NRT,3.49,D,0.46,0.39,,,,,,firms,VIIRS,VIIRS_NOAA21_NRT
-1.81916,136.75026,2025-03-04,423,N21,n,2.0NRT,7.57,D,0.4,0.37,,,,,,firms,VIIRS,VIIRS_NOAA21_NRT
-1.81582,136.74969,2025-03-04,423,N21,n,2.0NRT,7.57,D,0.4,0.37,,,,,,firms,VIIRS,VIIRS_NOAA21_NRT
-1.002,136.04674,2025-03-04,423,N21,n,2.0NRT,4.26,D,0.39,0.36,,,,,,firms,VIIRS,VIIRS_NOAA21_NRT
-4.47627,136.86955,2025-03-04,425,N21,n,2.0NRT,3.88,D,0.39,0.36,,,,,,firms,VIIRS,VIIRS_NOAA21_NRT
-4.47574,136.87302,2025-03-04,425,N21,n,2.0NRT,2.98,D,0.39,0.36,,,,,,firms,VIIRS,VIIRS_NOAA21_NRT
-4.03732,136.09691,2025-03-04,425,N21,n,2.0NRT,9.89,D,0.38,0.36,,,,,,firms,VIIRS,VIIRS_NOAA21_NRT
-3.98821,138.55911,2025-03-04,425,N21,n,2.0NRT,3.37,D,0.44,0.38,,,,,,firms,VIIRS,VIIRS_NOAA21_NRT
-3.26604,138.60712,2025-03-04,425,N21,n,2.0NRT,3.6,D,0.44,0.39,,,,,,firms,VIIRS,VIIRS_NOAA21_NRT
1.49307,127.62927,2025-03-04,425,N21,n,2.0NRT,10.16,D,0.55,0.51,,,,,,firms,VIIRS,VIIRS_NOAA21_NRT
1.49387,127.63439,2025-03-04,425,N21,n,2.0NRT,10.16,D,0.55,0.51,,,,,,firms,VIIRS,VIIRS_NOAA21_NRT
-10.09323,120.70929,2025-03-04,601,N21,n,2.0NRT,4.35,D,0.34,0.56,,,,,,firms,VIIRS,VIIRS_NOAA21_NRT
-9.72526,124.81848,2025-03-04,601,N21,n,2.0NRT,5.71,D,0.65,0.73,,,,,,firms,VIIRS,VIIRS_NOAA21_NRT
-7.56002,112.60511,2025-03-04,603,N21,l,2.0NRT,5.96,D,0.39,0.37,,,,,,firms,VIIRS,VIIRS_NOAA21_NRT
-7.55667,112.60461,2025-03-04,603,N21,n,2.0NRT,3.03,D,0.39,0.37,,,,,,firms,VIIRS,VIIRS_NOAA21_NRT
-7.38955,112.61086,2025-03-04,603,N21,n,2.0NRT,7.24,D,0.4,0.37,,,,,,firms,VIIRS,VIIRS_NOAA21_NRT
-7.3851,112.61746,2025-03-04,603,N21,n,2.0NRT,5.04,D,0.4,0.37,,,,,,firms,VIIRS,VIIRS_NOAA21_NRT
-7.38455,112.62103,2025-03-04,603,N21,n,2.0NRT,6.19,D,0.4,0.37,,,,,,firms,VIIRS,VIIRS_NOAA21_NRT
-7.37525,112.72576,2025-03-04,603,N21,n,2.0NRT,6.71,D,0.4,0.37,,,,,,firms,VIIRS,VIIRS_NOAA21_NRT
-7.09415,112.27647,2025-03-04,603,N21,n,2.0NRT,4.55,D,0.39,0.36,,,,,,firms,VIIRS,VIIRS_NOAA21_NRT
-6.76196,111.96172,2025-03-04,603,N21,n,2.0NRT,5.5,D,0.39,0.36,,,,,,firms,VIIRS,VIIRS_NOAA21_NRT
-6.70895,111.19712,2025-03-04,603,N21,n,2.0NRT,4.61,D,0.38,0.36,,,,,,firms,VIIRS,VIIRS_NOAA21_NRT
-2.57608,121.38087,2025-03-04,603,N21,l,2.0NRT,31.2,D,0.51,0.66,,,,,,firms,VIIRS,VIIRS_NOAA21_NRT
-2.5753,121.38563,2025-03-04,603,N21,n,2.0NRT,18.7,D,0.51,0.66,,,,,,firms,VIIRS,VIIRS_NOAA21_NRT
-1.49296,119.48907,2025-03-04,605,N21,n,2.0NRT,5.64,D,0.39,0.59,,,,,,firms,VIIRS,VIIRS_NOAA21_NRT
-1.43623,122.3837,2025-03-04,605,N21,n,2.0NRT,8.35,D,0.62,0.72,,,,,,firms,VIIRS,VIIRS_NOAA21_NRT
0.683,117.55956,2025-03-04,605,N21,n,2.0NRT,7.98,D,0.62,0.54,,,,,,firms,VIIRS,VIIRS_NOAA21_NRT
0.68708,117.55325,2025-03-04,605,N21,n,2.0NRT,7.54,D,0.62,0.54,,,,,,firms,VIIRS,VIIRS_NOAA21_NRT
0.83822,117.0663,2025-03-04,605,N21,n,2.0NRT,7.37,D,0.58,0.52,,,,,,firms,VIIRS,VIIRS_NOAA21_NRT
0.84405,116.9462,2025-03-04,605,N21,n,2.0NRT,14.32,D,0.57,0.52,,,,,,firms,VIIRS,VIIRS_NOAA21_NRT
1.09343,104.26125,2025-03-04,605,N21,n,2.0NRT,6.0,D,0.41,0.45,,,,,,firms,VIIRS,VIIRS_NOAA21_NRT
1.3242,116.65221,2025-03-04,605,N21,n,2.0NRT,7.24,D,0.55,0.51,,,,,,firms,VIIRS,VIIRS_NOAA21_NRT
1.32496,116.65719,2025-03-04,605,N21,n,2.0NRT,7.24,D,0.55,0.51,,,,,,firms,VIIRS,VIIRS_NOAA21_NRT
1.34604,116.63872,2025-03-04,605,N21,n,2.0NRT,12.56,D,0.55,0.51,,,,,,firms,VIIRS,VIIRS_NOAA21_NRT
1.34682,116.64378,2025-03-04,605,N21,n,2.0NRT,12.56,D,0.55,0.51,,,,,,firms,VIIRS,VIIRS_NOAA21_NRT
1.3775,104.1576,2025-03-04,605,N21,n,2.0NRT,6.84,D,0.41,0.45,,,,,,firms,VIIRS,VIIRS_NOAA21_NRT
1.37806,104.16123,2025-03-04,605,N21,n,2.0NRT,6.64,D,0.41,0.45,,,,,,firms,VIIRS,VIIRS_NOAA21_NRT
1.57914,103.86746,2025-03-04,605,N21,n,2.0NRT,7.15,D,0.43,0.46,,,,,,firms,VIIRS,VIIRS_NOAA21_NRT
1.58116,103.86744,2025-03-04,605,N21,n,2.0NRT,4.79,D,0.42,0.46,,,,,,firms,VIIRS,VIIRS_NOAA21_NRT
1.75991,117.95944,2025-03-04,605,N21,n,2.0NRT,2.08,D,0.34,0.56,,,,,,firms,VIIRS,VIIRS_NOAA21_NRT
1.80158,104.09521,2025-03-04,605,N21,n,2.0NRT,7.49,D,0.41,0.45,,,,,,firms,VIIRS,VIIRS_NOAA21_NRT
1.80567,104.0946,2025-03-04,605,N21,n,2.0NRT,7.18,D,0.41,0.45,,,,,,firms,VIIRS,VIIRS_NOAA21_NRT
1.98988,117.16884,2025-03-04,605,N21,n,2.0NRT,5.66,D,0.61,0.54,,,,,,firms,VIIRS,VIIRS_NOAA21_NRT
1.99239,117.16953,2025-03-04,605,N21,n,2.0NRT,6.67,D,0.61,0.54,,,,,,firms,VIIRS,VIIRS_NOAA21_NRT
3.05712,97.94405,2025-03-04,607,N21,n,2.0NRT,4.82,D,0.52,0.67,,,,,,firms,VIIRS,VIIRS_NOAA21_NRT
3.19301,102.99245,2025-03-04,607,N21,n,2.0NRT,6.17,D,0.46,0.47,,,,,,firms,VIIRS,VIIRS_NOAA21_NRT
4.05953,103.35938,2025-03-04,607,N21,n,2.0NRT,5.4,D,0.42,0.45,,,,,,firms,VIIRS,VIIRS_NOAA21_NRT
4.06307,103.35497,2025-03-04,607,N21,n,2.0NRT,5.4,D,0.42,0.45,,,,,,firms,VIIRS,VIIRS_NOAA21_NRT
4.06367,103.35874,2025-03-04,607,N21,n,2.0NRT,5.4,D,0.42,0.45,,,,,,firms,VIIRS,VIIRS_NOAA21_NRT
4.22436,117.24135,2025-03-04,607,N21,n,2.0NRT,5.53,D,0.34,0.56,,,,,,firms,VIIRS,VIIRS_NOAA21_NRT
4.55554,103.45825,2025-03-04,607,N21,n,2.0NRT,3.82,D,0.41,0.45,,,,,,firms,VIIRS,VIIRS_NOAA21_NRT
4.55569,103.45825,2025-03-04,607,N21,n,2.0NRT,5.29,D,0.41,0.45,,,,,,firms,VIIRS,VIIRS_NOAA21_NRT
5.02613,100.98048,2025-03-04,607,N21,n,2.0NRT,3.65,D,0.59,0.53,,,,,,firms,VIIRS,VIIRS_NOAA21_NRT
5.37269,104.89605,2025-03-04,607,N21,n,2.0NRT,2.88,D,0.49,0.4,,,,,,firms,VIIRS,VIIRS_NOAA21_NRT
5.42899,114.71083,2025-03-04,607,N21,n,2.0NRT,5.95,D,0.47,0.48,,,,,,firms,VIIRS,VIIRS_NOAA21_NRT
5.44577,116.21825,2025-03-04,607,N21,n,2.0NRT,12.75,D,0.59,0.53,,,,,,firms,VIIRS,VIIRS_NOAA21_NRT
-2.57929,121.38277,2025-03-04,1706,N21,n,2.0NRT,2.11,N,0.45,0.39,,,,,,firms,VIIRS,VIIRS_NOAA21_NRT
-2.57575,121.38336,2025-03-04,1706,N21,n,2.0NRT,1.93,N,0.45,0.39,,,,,,firms,VIIRS,VIIRS_NOAA21_NRT
-2.01173,121.41972,2025-03-04,1706,N21,n,2.0NRT,0.87,N,0.45,0.39,,,,,,firms,VIIRS,VIIRS_NOAA21_NRT
-1.86293,115.85979,2025-03-04,1706,N21,n,2.0NRT,0.68,N,0.34,0.56,,,,,,firms,VIIRS,VIIRS_NOAA21_NRT
-1.46094,127.43633,2025-03-04,1706,N21,n,2.0NRT,6.54,N,0.45,0.39,,,,,,firms,VIIRS,VIIRS_NOAA21_NRT
-1.45739,127.437,2025-03-04,1706,N21,n,2.0NRT,6.54,N,0.45,0.39,,,,,,firms,VIIRS,VIIRS_NOAA21_NRT
-1.32674,113.96735,2025-03-04,1706,N21,n,2.0NRT,0.98,N,0.47,0.64,,,,,,firms,VIIRS,VIIRS_NOAA21_NRT
0.4886,127.97401,2025-03-04,1706,N21,n,2.0NRT,1.73,N,0.46,0.39,,,,,,firms,VIIRS,VIIRS_NOAA21_NRT
0.49089,127.98273,2025-03-04,1706,N21,n,2.0NRT,1.58,N,0.46,0.39,,,,,,firms,VIIRS,VIIRS_NOAA21_NRT
0.51206,127.89458,2025-03-04,1706,N21,n,2.0NRT,1.24,N,0.45,0.39,,,,,,firms,VIIRS,VIIRS_NOAA21_NRT
1.49313,127.63522,2025-03-04,1706,N21,n,2.0NRT,5.17,N,0.43,0.38,,,,,,firms,VIIRS,VIIRS_NOAA21_NRT
1.69697,127.88026,2025-03-04,1706,N21,n,2.0NRT,8.55,N,0.44,0.38,,,,,,firms,VIIRS,VIIRS_NOAA21_NRT
1.69759,127.8764,2025-03-04,1706,N21,n,2.0NRT,8.55,N,0.44,0.38,,,,,,firms,VIIRS,VIIRS_NOAA21_NRT
1.70047,127.88088,2025-03-04,1706,N21,n,2.0NRT,8.55,N,0.44,0.38,,,,,,firms,VIIRS,VIIRS_NOAA21_NRT
1.70109,127.87696,2025-03-04,1706,N21,n,2.0NRT,8.55,N,0.44,0.38,,,,,,firms,VIIRS,VIIRS_NOAA21_NRT
-8.27397,123.50925,2025-03-04,1709,N21,n,2.0NRT,7.68,N,0.39,0.36,,,,,,firms,VIIRS,VIIRS_NOAA21_NRT
-8.27342,123.50571,2025-03-04,1709,N21,n,2.0NRT,9.81,N,0.39,0.36,,,,,,firms,VIIRS,VIIRS_NOAA21_NRT
-8.27012,123.50621,2025-03-04,1709,N21,n,2.0NRT,9.81,N,0.39,0.36,,,,,,firms,VIIRS,VIIRS_NOAA21_NRT
-6.70775,108.40204,2025-03-04,1847,N21,n,2.0NRT,0.85,N,0.46,0.64,,,,,,firms,VIIRS,VIIRS_NOAA21_NRT
-6.70771,108.40282,2025-03-04,1847,N21,n,2.0NRT,1.11,N,0.46,0.64,,,,,,firms,VIIRS,VIIRS_NOAA21_NRT
-6.30123,108.63563,2025-03-04,1847,N21,n,2.0NRT,2.87,N,0.47,0.64,,,,,,firms,VIIRS,VIIRS_NOAA21_NRT
-6.30064,108.63142,2025-03-04,1847,N21,n,2.0NRT,3.09,N,0.47,0.64,,,,,,firms,VIIRS,VIIRS_NOAA21_NRT
-6.30023,108.63509,2025-03-04,1847,N21,n,2.0NRT,3.13,N,0.47,0.64,,,,,,firms,VIIRS,VIIRS_NOAA21_NRT
-3.30821,104.32024,2025-03-04,1847,N21,n,2.0NRT,0.92,N,0.43,0.46,,,,,,firms,VIIRS,VIIRS_NOAA21_NRT
0.84502,101.39184,2025-03-04,1847,N21,n,2.0NRT,0.71,N,0.41,0.37,,,,,,firms,VIIRS,VIIRS_NOAA21_NRT
2.92286,103.02465,2025-03-04,1847,N21,n,2.0NRT,2.11,N,0.45,0.39,,,,,,firms,VIIRS,VIIRS_NOAA21_NRT
3.39032,103.41545,2025-03-04,1847,N21,n,2.0NRT,1.28,N,0.47,0.39,,,,,,firms,VIIRS,VIIRS_NOAA21_NRT
4.31414,97.95603,2025-03-04,1847,N21,n,2.0NRT,0.63,N,0.43,0.38,,,,,,firms,VIIRS,VIIRS_NOAA21_NRT
5.0082,103.3075,2025-03-04,1847,N21,n,2.0NRT,2.24,N,0.44,0.39,,,,,,firms,VIIRS,VIIRS_NOAA21_NRT
5.43249,100.59876,2025-03-04,1847,N21,n,2.0NRT,0.81,N,0.38,0.36,,,,,,firms,VIIRS,VIIRS_NOAA21_NRT
-1.1744,103.3571,2025-03-04,1849,N21,n,2.0NRT,0.94,N,0.53,0.42,,,,,,firms,VIIRS,VIIRS_NOAA21_NRT
1.6987,127.87924,2025-03-05,406,N21,n,2.0NRT,7.51,D,0.56,0.69,,,,,,firms,VIIRS,VIIRS_NOAA21_NRT
1.70073,127.87766,2025-03-05,406,N21,n,2.0NRT,10.93,D,0.56,0.69,,,,,,firms,VIIRS,VIIRS_NOAA21_NRT
-8.64488,116.52307,2025-03-05,544,N21,l,2.0NRT,3.45,D,0.38,0.36,,,,,,firms,VIIRS,VIIRS_NOAA21_NRT
-8.62149,116.47683,2025-03-05,544,N21,l,2.0NRT,3.07,D,0.38,0.36,,,,,,firms,VIIRS,VIIRS_NOAA21_NRT
-8.10425,118.07024,2025-03-05,544,N21,l,2.0NRT,5.57,D,0.41,0.37,,,,,,firms,VIIRS,VIIRS_NOAA21_NRT
2.4212,103.5367,2025-03-05,548,N21,n,2.0NRT,8.02,D,0.46,0.64,,,,,,firms,VIIRS,VIIRS_NOAA21_NRT
3.27478,103.43008,2025-03-05,548,N21,n,2.0NRT,8.24,D,0.46,0.63,,,,,,firms,VIIRS,VIIRS_NOAA21_NRT
3.2756,103.42971,2025-03-05,548,N21,n,2.0NRT,9.8,D,0.46,0.63,,,,,,firms,VIIRS,VIIRS_NOAA21_NRT
3.49831,116.55662,2025-03-05,548,N21,n,2.0NRT,6.37,D,0.45,0.39,,,,,,firms,VIIRS,VIIRS_NOAA21_NRT
3.52195,113.3125,2025-03-05,548,N21,n,2.0NRT,5.38,D,0.39,0.36,,,,,,firms,VIIRS,VIIRS_NOAA21_NRT
3.52618,116.62347,2025-03-05,548,N21,n,2.0NRT,1.47,D,0.45,0.39,,,,,,firms,VIIRS,VIIRS_NOAA21_NRT
3.76818,103.30832,2025-03-05,548,N21,n,2.0NRT,5.62,D,0.46,0.63,,,,,,firms,VIIRS,VIIRS_NOAA21_NRT
4.03115,108.02354,2025-03-05,548,N21,n,2.0NRT,8.76,D,0.43,0.46,,,,,,firms,VIIRS,VIIRS_NOAA21_NRT
4.05859,103.36031,2025-03-05,548,N21,n,2.0NRT,8.26,D,0.45,0.63,,,,,,firms,VIIRS,VIIRS_NOAA21_NRT
4.06363,103.35541,2025-03-05,548,N21,n,2.0NRT,8.26,D,0.45,0.63,,,,,,firms,VIIRS,VIIRS_NOAA21_NRT
4.06935,103.35451,2025-03-05,548,N21,n,2.0NRT,7.29,D,0.45,0.63,,,,,,firms,VIIRS,VIIRS_NOAA21_NRT
5.37098,104.89638,2025-03-05,550,N21,n,2.0NRT,5.35,D,0.33,0.55,,,,,,firms,VIIRS,VIIRS_NOAA21_NRT
5.58829,101.87207,2025-03-05,550,N21,n,2.0NRT,7.26,D,0.54,0.68,,,,,,firms,VIIRS,VIIRS_NOAA21_NRT
5.58835,101.87279,2025-03-05,550,N21,n,2.0NRT,3.71,D,0.53,0.67,,,,,,firms,VIIRS,VIIRS_NOAA21_NRT
3.65857,98.53504,2025-03-05,730,N21,n,2.0NRT,6.62,D,0.45,0.63,,,,,,firms,VIIRS,VIIRS_NOAA21_NRT
3.66004,98.53447,2025-03-05,730,N21,n,2.0NRT,4.57,D,0.45,0.63,,,,,,firms,VIIRS,VIIRS_NOAA21_NRT
4.6597,97.59319,2025-03-05,730,N21,n,2.0NRT,3.15,D,0.4,0.6,,,,,,firms,VIIRS,VIIRS_NOAA21_NRT
4.82154,97.66145,2025-03-05,730,N21,h,2.0NRT,20.81,D,0.4,0.6,,,,,,firms,VIIRS,VIIRS_NOAA21_NRT
4.82181,97.66044,2025-03-05,730,N21,n,2.0NRT,9.97,D,0.4,0.6,,,,,,firms,VIIRS,VIIRS_NOAA21_NRT
4.82231,97.66408,2025-03-05,730,N21,n,2.0NRT,9.97,D,0.4,0.6,,,,,,firms,VIIRS,VIIRS_NOAA21_NRT
4.95886,97.06321,2025-03-05,730,N21,n,2.0NRT,9.61,D,0.37,0.58,,,,,,firms,VIIRS,VIIRS_NOAA21_NRT
0.51079,127.89566,2025-03-05,1645,N21,n,2.0NRT,0.31,N,0.41,0.37,,,,,,firms,VIIRS,VIIRS_NOAA21_NRT
-2.83028,122.17404,2025-03-05,1647,N21,n,2.0NRT,4.24,N,0.51,0.5,,,,,,firms,VIIRS,VIIRS_NOAA21_NRT
-2.82872,122.17334,2025-03-05,1647,N21,n,2.0NRT,3.67,N,0.51,0.5,,,,,,firms,VIIRS,VIIRS_NOAA21_NRT
-2.2685,121.76352,2025-03-05,1647,N21,n,2.0NRT,1.57,N,0.56,0.51,,,,,,firms,VIIRS,VIIRS_NOAA21_NRT
-2.0111,121.41943,2025-03-05,1647,N21,n,2.0NRT,2.65,N,0.6,0.53,,,,,,firms,VIIRS,VIIRS_NOAA21_NRT
-1.56539,127.42809,2025-03-05,1647,N21,n,2.0NRT,1.43,N,0.41,0.37,,,,,,firms,VIIRS,VIIRS_NOAA21_NRT
-1.45782,127.43681,2025-03-05,1647,N21,n,2.0NRT,18.22,N,0.41,0.37,,,,,,firms,VIIRS,VIIRS_NOAA21_NRT
-8.53831,122.76443,2025-03-05,1649,N21,n,2.0NRT,3.82,N,0.38,0.44,,,,,,firms,VIIRS,VIIRS_NOAA21_NRT
-8.27452,123.50887,2025-03-05,1649,N21,n,2.0NRT,13.33,N,0.53,0.42,,,,,,firms,VIIRS,VIIRS_NOAA21_NRT
-8.27381,123.50456,2025-03-05,1649,N21,n,2.0NRT,13.33,N,0.53,0.42,,,,,,firms,VIIRS,VIIRS_NOAA21_NRT
-8.27349,123.50691,2025-03-05,1649,N21,n,2.0NRT,17.47,N,0.53,0.42,,,,,,firms,VIIRS,VIIRS_NOAA21_NRT
-8.27268,123.50216,2025-03-05,1649,N21,n,2.0NRT,7.0,N,0.53,0.42,,,,,,firms,VIIRS,VIIRS_NOAA21_NRT
5.00577,103.31017,2025-03-05,1825,N21,n,2.0NRT,4.39,N,0.42,0.37,,,,,,firms,VIIRS,VIIRS_NOAA21_NRT
5.00635,103.30644,2025-03-05,1825,N21,n,2.0NRT,4.39,N,0.42,0.37,,,,,,firms,VIIRS,VIIRS_NOAA21_NRT
5.0092,103.31068,2025-03-05,1825,N21,n,2.0NRT,1.68,N,0.42,0.37,,,,,,firms,VIIRS,VIIRS_NOAA21_NRT
5.50131,105.20667,2025-03-05,1825,N21,n,2.0NRT,3.13,N,0.38,0.36,,,,,,firms,VIIRS,VIIRS_NOAA21_NRT
5.51667,105.66999,2025-03-05,1825,N21,n,2.0NRT,1.24,N,0.38,0.36,,,,,,firms,VIIRS,VIIRS_NOAA21_NRT
5.51997,105.6705,2025-03-05,1825,N21,n,2.0NRT,0.96,N,0.38,0.36,,,,,,firms,VIIRS,VIIRS_NOAA21_NRT
5.58725,104.47485,2025-03-05,1825,N21,n,2.0NRT,2.1,N,0.39,0.36,,,,,,firms,VIIRS,VIIRS_NOAA21_NRT
5.64241,105.0424,2025-03-05,1825,N21,n,2.0NRT,2.16,N,0.39,0.36,,,,,,firms,VIIRS,VIIRS_NOAA21_NRT
5.64544,104.97926,2025-03-05,1825,N21,n,2.0NRT,1.86,N,0.39,0.36,,,,,,firms,VIIRS,VIIRS_NOAA21_NRT
5.87574,114.29667,2025-03-05,1825,N21,n,2.0NRT,2.42,N,0.35,0.57,,,,,,firms,VIIRS,VIIRS_NOAA21_NRT
-2.7523,105.28069,2025-03-05,1828,N21,n,2.0NRT,0.99,N,0.41,0.37,,,,,,firms,VIIRS,VIIRS_NOAA21_NRT
3.08695,103.28301,2025-03-05,1828,N21,n,2.0NRT,0.4,N,0.4,0.37,,,,,,firms,VIIRS,VIIRS_NOAA21_NRT
4.28589,103.42805,2025-03-05,1828,N21,n,2.0NRT,1.61,N,0.41,0.37,,,,,,firms,VIIRS,VIIRS_NOAA21_NRT
4.28928,103.42857,2025-03-05,1828,N21,n,2.0NRT,3.89,N,0.41,0.37,,,,,,firms,VIIRS,VIIRS_NOAA21_NRT
-8.11334,112.92524,2025-03-05,1830,N21,n,2.0NRT,0.87,N,0.47,0.64,,,,,,firms,VIIRS,VIIRS_NOAA21_NRT
-8.11295,112.92558,2025-03-05,1830,N21,n,2.0NRT,0.53,N,0.47,0.64,,,,,,firms,VIIRS,VIIRS_NOAA21_NRT
-7.54287,110.44347,2025-03-05,1830,N21,n,2.0NRT,3.78,N,0.62,0.54,,,,,,firms,VIIRS,VIIRS_NOAA21_NRT
-7.24369,111.73325,2025-03-05,1830,N21,n,2.0NRT,2.08,N,0.37,0.58,,,,,,firms,VIIRS,VIIRS_NOAA21_NRT
-6.10029,106.67223,2025-03-05,1830,N21,n,2.0NRT,2.59,N,0.5,0.41,,,,,,firms,VIIRS,VIIRS_NOAA21_NRT
-6.09656,106.67281,2025-03-05,1830,N21,n,2.0NRT,0.92,N,0.5,0.41,,,,,,firms,VIIRS,VIIRS_NOAA21_NRT
-5.44312,106.33166,2025-03-05,1830,N21,n,2.0NRT,2.14,N,0.47,0.4,,,,,,firms,VIIRS,VIIRS_NOAA21_NRT
-5.20731,106.20998,2025-03-05,1830,N21,n,2.0NRT,2.74,N,0.46,0.39,,,,,,firms,VIIRS,VIIRS_NOAA21_NRT
-4.3844,140.44348,2025-03-06,346,N21,n,2.0NRT,9.0,D,0.4,0.44,,,,,,firms,VIIRS,VIIRS_NOAA21_NRT
-4.38389,140.44704,2025-03-06,346,N21,n,2.0NRT,9.0,D,0.4,0.44,,,,,,firms,VIIRS,VIIRS_NOAA21_NRT
-3.76137,139.3848,2025-03-06,346,N21,n,2.0NRT,3.63,D,0.46,0.47,,,,,,firms,VIIRS,VIIRS_NOAA21_NRT
-3.6768,139.05052,2025-03-06,346,N21,n,2.0NRT,19.85,D,0.49,0.48,,,,,,firms,VIIRS,VIIRS_NOAA21_NRT
-3.44151,140.69824,2025-03-06,346,N21,n,2.0NRT,5.22,D,0.57,0.43,,,,,,firms,VIIRS,VIIRS_NOAA21_NRT
-3.41288,140.78136,2025-03-06,346,N21,n,2.0NRT,4.84,D,0.56,0.43,,,,,,firms,VIIRS,VIIRS_NOAA21_NRT
-3.40896,140.78076,2025-03-06,346,N21,n,2.0NRT,4.84,D,0.56,0.43,,,,,,firms,VIIRS,VIIRS_NOAA21_NRT
-10.87397,123.06042,2025-03-06,527,N21,n,2.0NRT,4.01,D,0.4,0.37,,,,,,firms,VIIRS,VIIRS_NOAA21_NRT
-10.8734,123.06404,2025-03-06,527,N21,n,2.0NRT,9.47,D,0.4,0.37,,,,,,firms,VIIRS,VIIRS_NOAA21_NRT
-9.01649,126.07433,2025-03-06,527,N21,n,2.0NRT,15.84,D,0.57,0.43,,,,,,firms,VIIRS,VIIRS_NOAA21_NRT
-8.95571,126.12192,2025-03-06,527,N21,n,2.0NRT,8.58,D,0.57,0.43,,,,,,firms,VIIRS,VIIRS_NOAA21_NRT
-8.55443,116.83717,2025-03-06,527,N21,l,2.0NRT,7.63,D,0.53,0.42,,,,,,firms,VIIRS,VIIRS_NOAA21_NRT
-8.55057,116.83663,2025-03-06,527,N21,n,2.0NRT,3.39,D,0.53,0.42,,,,,,firms,VIIRS,VIIRS_NOAA21_NRT
-8.54671,116.83608,2025-03-06,527,N21,l,2.0NRT,3.39,D,0.53,0.42,,,,,,firms,VIIRS,VIIRS_NOAA21_NRT
-8.27514,123.50626,2025-03-06,527,N21,n,2.0NRT,9.77,D,0.43,0.38,,,,,,firms,VIIRS,VIIRS_NOAA21_NRT
-8.27449,123.51031,2025-03-06,527,N21,n,2.0NRT,9.77,D,0.43,0.38,,,,,,firms,VIIRS,VIIRS_NOAA21_NRT
-8.27105,123.50954,2025-03-06,527,N21,n,2.0NRT,9.77,D,0.43,0.38,,,,,,firms,VIIRS,VIIRS_NOAA21_NRT
-7.70228,108.99167,2025-03-06,527,N21,n,2.0NRT,14.67,D,0.59,0.7,,,,,,firms,VIIRS,VIIRS_NOAA21_NRT
-7.69517,108.9962,2025-03-06,527,N21,n,2.0NRT,12.82,D,0.59,0.7,,,,,,firms,VIIRS,VIIRS_NOAA21_NRT
-5.57253,120.06698,2025-03-06,527,N21,l,2.0NRT,4.27,D,0.39,0.36,,,,,,firms,VIIRS,VIIRS_NOAA21_NRT
-4.93723,120.24255,2025-03-06,527,N21,n,2.0NRT,3.61,D,0.38,0.36,,,,,,firms,VIIRS,VIIRS_NOAA21_NRT
-4.21317,122.26686,2025-03-06,527,N21,n,2.0NRT,2.84,D,0.42,0.38,,,,,,firms,VIIRS,VIIRS_NOAA21_NRT
-3.90191,122.41648,2025-03-06,527,N21,n,2.0NRT,6.05,D,0.43,0.38,,,,,,firms,VIIRS,VIIRS_NOAA21_NRT
-3.90132,122.42028,2025-03-06,527,N21,n,2.0NRT,6.8,D,0.43,0.38,,,,,,firms,VIIRS,VIIRS_NOAA21_NRT
-3.18547,107.72874,2025-03-06,529,N21,n,2.0NRT,11.32,D,0.62,0.71,,,,,,firms,VIIRS,VIIRS_NOAA21_NRT
-2.83057,122.17445,2025-03-06,529,N21,n,2.0NRT,9.73,D,0.43,0.38,,,,,,firms,VIIRS,VIIRS_NOAA21_NRT
-2.73667,120.49535,2025-03-06,529,N21,n,2.0NRT,3.65,D,0.39,0.36,,,,,,firms,VIIRS,VIIRS_NOAA21_NRT
-2.21041,115.4972,2025-03-06,529,N21,n,2.0NRT,6.71,D,0.53,0.42,,,,,,firms,VIIRS,VIIRS_NOAA21_NRT
-2.15953,115.58324,2025-03-06,529,N21,n,2.0NRT,3.26,D,0.53,0.42,,,,,,firms,VIIRS,VIIRS_NOAA21_NRT
-1.82513,112.5305,2025-03-06,529,N21,n,2.0NRT,7.07,D,0.55,0.51,,,,,,firms,VIIRS,VIIRS_NOAA21_NRT
-1.07268,121.51789,2025-03-06,529,N21,n,2.0NRT,3.07,D,0.42,0.37,,,,,,firms,VIIRS,VIIRS_NOAA21_NRT
-0.73982,114.15063,2025-03-06,529,N21,n,2.0NRT,4.39,D,0.41,0.45,,,,,,firms,VIIRS,VIIRS_NOAA21_NRT
-0.4697,116.07669,2025-03-06,529,N21,l,2.0NRT,2.98,D,0.47,0.4,,,,,,firms,VIIRS,VIIRS_NOAA21_NRT
3.28622,113.08295,2025-03-06,531,N21,n,2.0NRT,6.15,D,0.42,0.45,,,,,,firms,VIIRS,VIIRS_NOAA21_NRT
3.28865,113.08208,2025-03-06,531,N21,n,2.0NRT,6.92,D,0.42,0.45,,,,,,firms,VIIRS,VIIRS_NOAA21_NRT
4.91376,101.92284,2025-03-06,709,N21,n,2.0NRT,3.71,D,0.37,0.58,,,,,,firms,VIIRS,VIIRS_NOAA21_NRT
5.50279,101.96304,2025-03-06,709,N21,n,2.0NRT,5.46,D,0.38,0.59,,,,,,firms,VIIRS,VIIRS_NOAA21_NRT
-1.43924,122.3853,2025-03-06,1628,N21,n,2.0NRT,3.64,N,0.56,0.69,,,,,,firms,VIIRS,VIIRS_NOAA21_NRT
-8.27478,123.50429,2025-03-06,1630,N21,n,2.0NRT,5.4,N,0.36,0.57,,,,,,firms,VIIRS,VIIRS_NOAA21_NRT
-8.27432,123.50375,2025-03-06,1630,N21,n,2.0NRT,9.15,N,0.36,0.57,,,,,,firms,VIIRS,VIIRS_NOAA21_NRT
-8.27394,123.49975,2025-03-06,1630,N21,n,2.0NRT,5.41,N,0.36,0.57,,,,,,firms,VIIRS,VIIRS_NOAA21_NRT
0.68216,117.55869,2025-03-06,1808,N21,n,2.0NRT,1.46,N,0.34,0.56,,,,,,firms,VIIRS,VIIRS_NOAA21_NRT
0.68662,117.46513,2025-03-06,1808,N21,n,2.0NRT,0.76,N,0.33,0.55,,,,,,firms,VIIRS,VIIRS_NOAA21_NRT
0.68817,117.5536,2025-03-06,1808,N21,n,2.0NRT,0.98,N,0.34,0.56,,,,,,firms,VIIRS,VIIRS_NOAA21_NRT
3.28067,113.07889,2025-03-06,1808,N21,n,2.0NRT,2.18,N,0.48,0.4,,,,,,firms,VIIRS,VIIRS_NOAA21_NRT
3.28727,113.08436,2025-03-06,1808,N21,n,2.0NRT,5.16,N,0.48,0.4,,,,,,firms,VIIRS,VIIRS_NOAA21_NRT
3.29024,113.0892,2025-03-06,1808,N21,n,2.0NRT,2.14,N,0.48,0.4,,,,,,firms,VIIRS,VIIRS_NOAA21_NRT
3.38804,103.40836,2025-03-06,1808,N21,n,2.0NRT,1.3,N,0.48,0.48,,,,,,firms,VIIRS,VIIRS_NOAA21_NRT
3.38866,103.40699,2025-03-06,1808,N21,n,2.0NRT,3.04,N,0.48,0.48,,,,,,firms,VIIRS,VIIRS_NOAA21_NRT
3.39242,103.41195,2025-03-06,1808,N21,n,2.0NRT,1.72,N,0.48,0.48,,,,,,firms,VIIRS,VIIRS_NOAA21_NRT
3.39306,103.40763,2025-03-06,1808,N21,n,2.0NRT,1.92,N,0.48,0.48,,,,,,firms,VIIRS,VIIRS_NOAA21_NRT
3.60699,112.41042,2025-03-06,1808,N21,n,2.0NRT,4.49,N,0.44,0.38,,,,,,firms,VIIRS,VIIRS_NOAA21_NRT
4.9787,112.98196,2025-03-06,1808,N21,n,2.0NRT,8.99,N,0.45,0.39,,,,,,firms,VIIRS,VIIRS_NOAA21_NRT
5.42899,114.71391,2025-03-06,1808,N21,n,2.0NRT,10.08,N,0.55,0.43,,,,,,firms,VIIRS,VIIRS_NOAA21_NRT
5.4305,114.71082,2025-03-06,1808,N21,n,2.0NRT,7.05,N,0.55,0.43,,,,,,firms,VIIRS,VIIRS_NOAA21_NRT
-8.11182,112.92489,2025-03-06,1813,N21,n,2.0NRT,2.55,N,0.44,0.46,,,,,,firms,VIIRS,VIIRS_NOAA21_NRT
-4.25462,139.09709,2025-03-07,325,N21,n,2.0NRT,15.15,D,0.53,0.67,,,,,,firms,VIIRS,VIIRS_NOAA21_NRT
-10.10126,120.72121,2025-03-07,505,N21,l,2.0NRT,5.13,D,0.42,0.45,,,,,,firms,VIIRS,VIIRS_NOAA21_NRT
-9.77931,120.13679,2025-03-07,505,N21,n,2.0NRT,3.99,D,0.46,0.47,,,,,,firms,VIIRS,VIIRS_NOAA21_NRT
-8.48428,121.28091,2025-03-07,505,N21,l,2.0NRT,6.8,D,0.56,0.43,,,,,,firms,VIIRS,VIIRS_NOAA21_NRT
-8.48392,121.28275,2025-03-07,505,N21,l,2.0NRT,4.63,D,0.56,0.43,,,,,,firms,VIIRS,VIIRS_NOAA21_NRT
-8.48355,121.28593,2025-03-07,505,N21,l,2.0NRT,5.74,D,0.56,0.43,,,,,,firms,VIIRS,VIIRS_NOAA21_NRT
-8.48323,121.28777,2025-03-07,505,N21,l,2.0NRT,4.63,D,0.56,0.43,,,,,,firms,VIIRS,VIIRS_NOAA21_NRT
-8.48282,121.29095,2025-03-07,505,N21,l,2.0NRT,5.74,D,0.56,0.43,,,,,,firms,VIIRS,VIIRS_NOAA21_NRT
-8.47999,121.28218,2025-03-07,505,N21,l,2.0NRT,4.63,D,0.56,0.43,,,,,,firms,VIIRS,VIIRS_NOAA21_NRT
-3.87253,122.40165,2025-03-07,508,N21,n,2.0NRT,8.65,D,0.43,0.38,,,,,,firms,VIIRS,VIIRS_NOAA21_NRT
-3.87195,122.40552,2025-03-07,508,N21,l,2.0NRT,7.57,D,0.43,0.38,,,,,,firms,VIIRS,VIIRS_NOAA21_NRT
-3.87136,122.40939,2025-03-07,508,N21,n,2.0NRT,7.57,D,0.43,0.38,,,,,,firms,VIIRS,VIIRS_NOAA21_NRT
-3.87022,122.39339,2025-03-07,508,N21,l,2.0NRT,9.61,D,0.43,0.38,,,,,,firms,VIIRS,VIIRS_NOAA21_NRT
-3.86963,122.39726,2025-03-07,508,N21,l,2.0NRT,8.65,D,0.43,0.38,,,,,,firms,VIIRS,VIIRS_NOAA21_NRT
-2.20872,115.49989,2025-03-07,508,N21,n,2.0NRT,6.37,D,0.37,0.58,,,,,,firms,VIIRS,VIIRS_NOAA21_NRT
-2.01509,121.41936,2025-03-07,508,N21,l,2.0NRT,7.48,D,0.46,0.39,,,,,,firms,VIIRS,VIIRS_NOAA21_NRT
-2.01151,121.41885,2025-03-07,508,N21,n,2.0NRT,7.48,D,0.46,0.39,,,,,,firms,VIIRS,VIIRS_NOAA21_NRT
-2.00904,121.4352,2025-03-07,508,N21,l,2.0NRT,10.62,D,0.46,0.39,,,,,,firms,VIIRS,VIIRS_NOAA21_NRT
-2.00791,121.41836,2025-03-07,508,N21,n,2.0NRT,12.29,D,0.46,0.39,,,,,,firms,VIIRS,VIIRS_NOAA21_NRT
-2.00545,121.43472,2025-03-07,508,N21,n,2.0NRT,7.79,D,0.46,0.39,,,,,,firms,VIIRS,VIIRS_NOAA21_NRT
-2.00183,121.43439,2025-03-07,508,N21,l,2.0NRT,7.79,D,0.46,0.39,,,,,,firms,VIIRS,VIIRS_NOAA21_NRT
-1.55204,122.16216,2025-03-07,508,N21,l,2.0NRT,6.88,D,0.42,0.38,,,,,,firms,VIIRS,VIIRS_NOAA21_NRT
0.48449,127.99146,2025-03-07,508,N21,n,2.0NRT,4.14,D,0.52,0.42,,,,,,firms,VIIRS,VIIRS_NOAA21_NRT
5.42793,114.71272,2025-03-07,510,N21,n,2.0NRT,4.43,D,0.63,0.54,,,,,,firms,VIIRS,VIIRS_NOAA21_NRT
5.64575,115.88719,2025-03-07,510,N21,n,2.0NRT,5.19,D,0.52,0.5,,,,,,firms,VIIRS,VIIRS_NOAA21_NRT
3.13124,103.39872,2025-03-07,652,N21,n,2.0NRT,4.05,D,0.42,0.45,,,,,,firms,VIIRS,VIIRS_NOAA21_NRT
4.06012,103.36346,2025-03-07,652,N21,n,2.0NRT,5.4,D,0.43,0.46,,,,,,firms,VIIRS,VIIRS_NOAA21_NRT
4.06077,103.36066,2025-03-07,652,N21,n,2.0NRT,5.38,D,0.43,0.46,,,,,,firms,VIIRS,VIIRS_NOAA21_NRT
4.06861,103.35559,2025-03-07,652,N21,n,2.0NRT,6.67,D,0.43,0.46,,,,,,firms,VIIRS,VIIRS_NOAA21_NRT
5.6493,104.97939,2025-03-07,652,N21,n,2.0NRT,7.78,D,0.59,0.52,,,,,,firms,VIIRS,VIIRS_NOAA21_NRT
1.51491,127.93565,2025-03-07,1607,N21,n,2.0NRT,1.1,N,0.55,0.68,,,,,,firms,VIIRS,VIIRS_NOAA21_NRT
1.51596,127.93864,2025-03-07,1607,N21,n,2.0NRT,1.34,N,0.55,0.68,,,,,,firms,VIIRS,VIIRS_NOAA21_NRT
-1.81675,136.75029,2025-03-07,1609,N21,n,2.0NRT,2.18,N,0.41,0.37,,,,,,firms,VIIRS,VIIRS_NOAA21_NRT
-1.56703,127.42912,2025-03-07,1609,N21,n,2.0NRT,2.05,N,0.53,0.67,,,,,,firms,VIIRS,VIIRS_NOAA21_NRT
-1.56614,127.42371,2025-03-07,1609,N21,n,2.0NRT,2.05,N,0.53,0.67,,,,,,firms,VIIRS,VIIRS_NOAA21_NRT
-1.46133,127.43609,2025-03-07,1609,N21,n,2.0NRT,6.11,N,0.53,0.67,,,,,,firms,VIIRS,VIIRS_NOAA21_NRT
-1.45509,127.43652,2025-03-07,1609,N21,n,2.0NRT,4.31,N,0.53,0.67,,,,,,firms,VIIRS,VIIRS_NOAA21_NRT
0.48087,128.0033,2025-03-07,1609,N21,n,2.0NRT,3.96,N,0.52,0.67,,,,,,firms,VIIRS,VIIRS_NOAA21_NRT
0.48161,127.99857,2025-03-07,1609,N21,n,2.0NRT,3.96,N,0.52,0.67,,,,,,firms,VIIRS,VIIRS_NOAA21_NRT
0.48235,127.99381,2025-03-07,1609,N21,n,2.0NRT,5.93,N,0.52,0.67,,,,,,firms,VIIRS,VIIRS_NOAA21_NRT
0.48309,127.98907,2025-03-07,1609,N21,n,2.0NRT,5.93,N,0.52,0.67,,,,,,firms,VIIRS,VIIRS_NOAA21_NRT
0.4838,127.98457,2025-03-07,1609,N21,n,2.0NRT,4.31,N,0.53,0.67,,,,,,firms,VIIRS,VIIRS_NOAA21_NRT
0.48985,127.98593,2025-03-07,1609,N21,n,2.0NRT,1.94,N,0.53,0.67,,,,,,firms,VIIRS,VIIRS_NOAA21_NRT
-8.2709,123.48318,2025-03-07,1611,N21,n,2.0NRT,4.68,N,0.76,0.77,,,,,,firms,VIIRS,VIIRS_NOAA21_NRT
-8.2696,123.50385,2025-03-07,1611,N21,n,2.0NRT,5.9,N,0.76,0.77,,,,,,firms,VIIRS,VIIRS_NOAA21_NRT
1.26155,101.13194,2025-03-07,1749,N21,n,2.0NRT,1.26,N,0.68,0.74,,,,,,firms,VIIRS,VIIRS_NOAA21_NRT
1.37836,104.15937,2025-03-07,1749,N21,n,2.0NRT,2.38,N,0.42,0.61,,,,,,firms,VIIRS,VIIRS_NOAA21_NRT
1.67211,101.4713,2025-03-07,1749,N21,n,2.0NRT,5.01,N,0.66,0.73,,,,,,firms,VIIRS,VIIRS_NOAA21_NRT
-8.28143,123.53439,2025-03-07,1751,N21,n,2.0NRT,0.92,N,0.56,0.69,,,,,,firms,VIIRS,VIIRS_NOAA21_NRT
-8.27974,123.52147,2025-03-07,1751,N21,n,2.0NRT,1.96,N,0.56,0.69,,,,,,firms,VIIRS,VIIRS_NOAA21_NRT
-8.2797,123.53871,2025-03-07,1751,N21,n,2.0NRT,3.24,N,0.56,0.69,,,,,,firms,VIIRS,VIIRS_NOAA21_NRT
-8.27862,123.52986,2025-03-07,1751,N21,n,2.0NRT,11.55,N,0.56,0.69,,,,,,firms,VIIRS,VIIRS_NOAA21_NRT
-8.27635,123.51115,2025-03-07,1751,N21,n,2.0NRT,11.55,N,0.56,0.69,,,,,,firms,VIIRS,VIIRS_NOAA21_NRT
-8.27493,123.53355,2025-03-07,1751,N21,n,2.0NRT,9.21,N,0.56,0.69,,,,,,firms,VIIRS,VIIRS_NOAA21_NRT
-8.27261,123.51566,2025-03-07,1751,N21,h,2.0NRT,16.66,N,0.56,0.69,,,,,,firms,VIIRS,VIIRS_NOAA21_NRT
-6.54506,139.34334,2025-03-08,448,N21,n,2.0NRT,1.41,D,0.37,0.58,,,,,,firms,VIIRS,VIIRS_NOAA21_NRT
-4.19205,139.03877,2025-03-08,448,N21,n,2.0NRT,2.95,D,0.39,0.59,,,,,,firms,VIIRS,VIIRS_NOAA21_NRT
-3.94604,138.82635,2025-03-08,448,N21,n,2.0NRT,19.25,D,0.38,0.58,,,,,,firms,VIIRS,VIIRS_NOAA21_NRT
-3.94546,138.82971,2025-03-08,448,N21,h,2.0NRT,19.25,D,0.38,0.58,,,,,,firms,VIIRS,VIIRS_NOAA21_NRT
-3.81163,138.53575,2025-03-08,448,N21,n,2.0NRT,9.32,D,0.36,0.57,,,,,,firms,VIIRS,VIIRS_NOAA21_NRT
-3.77444,138.72644,2025-03-08,448,N21,n,2.0NRT,2.89,D,0.37,0.58,,,,,,firms,VIIRS,VIIRS_NOAA21_NRT
-3.67756,139.07184,2025-03-08,448,N21,n,2.0NRT,3.39,D,0.39,0.6,,,,,,firms,VIIRS,VIIRS_NOAA21_NRT
-3.67618,139.07039,2025-03-08,448,N21,n,2.0NRT,5.52,D,0.4,0.6,,,,,,firms,VIIRS,VIIRS_NOAA21_NRT
-3.43439,140.78352,2025-03-08,448,N21,n,2.0NRT,4.12,D,0.52,0.67,,,,,,firms,VIIRS,VIIRS_NOAA21_NRT
-3.33713,140.72394,2025-03-08,448,N21,n,2.0NRT,4.14,D,0.52,0.67,,,,,,firms,VIIRS,VIIRS_NOAA21_NRT
-2.63753,140.57097,2025-03-08,448,N21,n,2.0NRT,7.18,D,0.52,0.67,,,,,,firms,VIIRS,VIIRS_NOAA21_NRT
-1.35214,133.86159,2025-03-08,450,N21,n,2.0NRT,6.21,D,0.57,0.43,,,,,,firms,VIIRS,VIIRS_NOAA21_NRT
-1.0098,136.05957,2025-03-08,450,N21,n,2.0NRT,7.65,D,0.54,0.51,,,,,,firms,VIIRS,VIIRS_NOAA21_NRT
-0.94949,134.87555,2025-03-08,450,N21,n,2.0NRT,4.79,D,0.45,0.47,,,,,,firms,VIIRS,VIIRS_NOAA21_NRT
1.49493,127.6337,2025-03-08,450,N21,n,2.0NRT,9.7,D,0.39,0.36,,,,,,firms,VIIRS,VIIRS_NOAA21_NRT
-4.82634,105.23265,2025-03-08,629,N21,n,2.0NRT,2.84,D,0.39,0.36,,,,,,firms,VIIRS,VIIRS_NOAA21_NRT
-4.56871,105.02813,2025-03-08,629,N21,n,2.0NRT,5.89,D,0.39,0.36,,,,,,firms,VIIRS,VIIRS_NOAA21_NRT
-4.45769,105.13132,2025-03-08,629,N21,n,2.0NRT,6.76,D,0.39,0.36,,,,,,firms,VIIRS,VIIRS_NOAA21_NRT
-3.6705,105.58424,2025-03-08,629,N21,n,2.0NRT,16.06,D,0.4,0.37,,,,,,firms,VIIRS,VIIRS_NOAA21_NRT
-2.47428,106.3287,2025-03-08,629,N21,n,2.0NRT,4.47,D,0.43,0.38,,,,,,firms,VIIRS,VIIRS_NOAA21_NRT
-7.70284,108.99615,2025-03-08,631,N21,n,2.0NRT,8.58,D,0.5,0.41,,,,,,firms,VIIRS,VIIRS_NOAA21_NRT
-6.34012,106.67594,2025-03-08,631,N21,n,2.0NRT,3.85,D,0.41,0.37,,,,,,firms,VIIRS,VIIRS_NOAA21_NRT
-6.23991,106.34516,2025-03-08,631,N21,n,2.0NRT,4.25,D,0.4,0.37,,,,,,firms,VIIRS,VIIRS_NOAA21_NRT
0.92779,104.74052,2025-03-08,631,N21,n,2.0NRT,3.56,D,0.4,0.37,,,,,,firms,VIIRS,VIIRS_NOAA21_NRT
1.22654,104.55892,2025-03-08,631,N21,n,2.0NRT,7.07,D,0.4,0.37,,,,,,firms,VIIRS,VIIRS_NOAA21_NRT
1.68008,104.20567,2025-03-08,631,N21,n,2.0NRT,7.05,D,0.4,0.37,,,,,,firms,VIIRS,VIIRS_NOAA21_NRT
2.66035,101.86963,2025-03-08,631,N21,l,2.0NRT,4.98,D,0.39,0.36,,,,,,firms,VIIRS,VIIRS_NOAA21_NRT
3.04544,103.41475,2025-03-08,631,N21,n,2.0NRT,5.02,D,0.39,0.36,,,,,,firms,VIIRS,VIIRS_NOAA21_NRT
3.10258,103.40891,2025-03-08,631,N21,n,2.0NRT,16.75,D,0.39,0.36,,,,,,firms,VIIRS,VIIRS_NOAA21_NRT
3.10624,103.43319,2025-03-08,631,N21,n,2.0NRT,19.47,D,0.39,0.36,,,,,,firms,VIIRS,VIIRS_NOAA21_NRT
3.10955,103.43269,2025-03-08,631,N21,n,2.0NRT,19.47,D,0.39,0.36,,,,,,firms,VIIRS,VIIRS_NOAA21_NRT
3.38441,103.40811,2025-03-08,631,N21,h,2.0NRT,13.95,D,0.39,0.36,,,,,,firms,VIIRS,VIIRS_NOAA21_NRT
3.38773,103.40762,2025-03-08,631,N21,n,2.0NRT,6.59,D,0.39,0.36,,,,,,firms,VIIRS,VIIRS_NOAA21_NRT
3.39104,103.40711,2025-03-08,631,N21,n,2.0NRT,6.59,D,0.39,0.36,,,,,,firms,VIIRS,VIIRS_NOAA21_NRT
3.39157,103.41058,2025-03-08,631,N21,n,2.0NRT,6.59,D,0.39,0.36,,,,,,firms,VIIRS,VIIRS_NOAA21_NRT
3.39436,103.40661,2025-03-08,631,N21,n,2.0NRT,4.89,D,0.39,0.36,,,,,,firms,VIIRS,VIIRS_NOAA21_NRT
3.48732,101.47499,2025-03-08,631,N21,l,2.0NRT,12.43,D,0.39,0.37,,,,,,firms,VIIRS,VIIRS_NOAA21_NRT
3.4884,101.48201,2025-03-08,631,N21,l,2.0NRT,4.86,D,0.39,0.37,,,,,,firms,VIIRS,VIIRS_NOAA21_NRT
3.49174,101.48151,2025-03-08,631,N21,l,2.0NRT,4.86,D,0.39,0.37,,,,,,firms,VIIRS,VIIRS_NOAA21_NRT
3.49229,101.48503,2025-03-08,631,N21,l,2.0NRT,4.86,D,0.39,0.36,,,,,,firms,VIIRS,VIIRS_NOAA21_NRT
3.49563,101.48454,2025-03-08,631,N21,l,2.0NRT,8.9,D,0.39,0.36,,,,,,firms,VIIRS,VIIRS_NOAA21_NRT
3.9469,101.03949,2025-03-08,631,N21,l,2.0NRT,10.41,D,0.4,0.37,,,,,,firms,VIIRS,VIIRS_NOAA21_NRT
3.94971,101.03539,2025-03-08,631,N21,l,2.0NRT,7.79,D,0.4,0.37,,,,,,firms,VIIRS,VIIRS_NOAA21_NRT
4.05715,103.36056,2025-03-08,631,N21,n,2.0NRT,7.52,D,0.39,0.36,,,,,,firms,VIIRS,VIIRS_NOAA21_NRT
4.05768,103.36404,2025-03-08,631,N21,n,2.0NRT,7.52,D,0.39,0.36,,,,,,firms,VIIRS,VIIRS_NOAA21_NRT
4.061,103.36353,2025-03-08,631,N21,n,2.0NRT,6.31,D,0.39,0.36,,,,,,firms,VIIRS,VIIRS_NOAA21_NRT
4.07149,103.36552,2025-03-08,631,N21,n,2.0NRT,6.43,D,0.39,0.36,,,,,,firms,VIIRS,VIIRS_NOAA21_NRT
4.2138,101.22366,2025-03-08,631,N21,l,2.0NRT,8.58,D,0.4,0.37,,,,,,firms,VIIRS,VIIRS_NOAA21_NRT
4.31801,101.14897,2025-03-08,631,N21,l,2.0NRT,7.79,D,0.4,0.37,,,,,,firms,VIIRS,VIIRS_NOAA21_NRT
4.91639,101.92319,2025-03-08,631,N21,n,2.0NRT,1.91,D,0.39,0.36,,,,,,firms,VIIRS,VIIRS_NOAA21_NRT
5.44255,103.01232,2025-03-08,631,N21,n,2.0NRT,2.74,D,0.39,0.36,,,,,,firms,VIIRS,VIIRS_NOAA21_NRT
5.50591,102.96001,2025-03-08,633,N21,n,2.0NRT,4.43,D,0.39,0.36,,,,,,firms,VIIRS,VIIRS_NOAA21_NRT
-4.00956,138.95573,2025-03-08,1550,N21,n,2.0NRT,0.61,N,0.51,0.41,,,,,,firms,VIIRS,VIIRS_NOAA21_NRT
1.49086,127.63689,2025-03-08,1730,N21,n,2.0NRT,12.54,N,0.36,0.57,,,,,,firms,VIIRS,VIIRS_NOAA21_NRT
1.49101,127.64084,2025-03-08,1730,N21,n,2.0NRT,8.36,N,0.36,0.57,,,,,,firms,VIIRS,VIIRS_NOAA21_NRT
1.49137,127.63364,2025-03-08,1730,N21,n,2.0NRT,11.1,N,0.36,0.57,,,,,,firms,VIIRS,VIIRS_NOAA21_NRT
1.49167,127.63681,2025-03-08,1730,N21,h,2.0NRT,8.36,N,0.36,0.57,,,,,,firms,VIIRS,VIIRS_NOAA21_NRT
1.4922,127.63358,2025-03-08,1730,N21,n,2.0NRT,11.45,N,0.36,0.57,,,,,,firms,VIIRS,VIIRS_NOAA21_NRT
1.49599,127.63826,2025-03-08,1730,N21,h,2.0NRT,12.54,N,0.36,0.57,,,,,,firms,VIIRS,VIIRS_NOAA21_NRT
1.49652,127.63489,2025-03-08,1730,N21,h,2.0NRT,11.1,N,0.36,0.57,,,,,,firms,VIIRS,VIIRS_NOAA21_NRT
1.49676,127.63835,2025-03-08,1730,N21,n,2.0NRT,8.36,N,0.36,0.57,,,,,,firms,VIIRS,VIIRS_NOAA21_NRT
1.49731,127.63505,2025-03-08,1730,N21,n,2.0NRT,11.45,N,0.36,0.57,,,,,,firms,VIIRS,VIIRS_NOAA21_NRT
3.52242,113.3145,2025-03-08,1730,N21,n,2.0NRT,1.43,N,0.45,0.47,,,,,,firms,VIIRS,VIIRS_NOAA21_NRT
3.52539,113.31505,2025-03-08,1730,N21,n,2.0NRT,0.88,N,0.45,0.47,,,,,,firms,VIIRS,VIIRS_NOAA21_NRT
3.5341,113.34517,2025-03-08,1730,N21,n,2.0NRT,0.88,N,0.45,0.47,,,,,,firms,VIIRS,VIIRS_NOAA21_NRT
3.53469,113.34113,2025-03-08,1730,N21,n,2.0NRT,0.88,N,0.45,0.47,,,,,,firms,VIIRS,VIIRS_NOAA21_NRT
3.60522,112.40926,2025-03-08,1730,N21,n,2.0NRT,1.94,N,0.52,0.5,,,,,,firms,VIIRS,VIIRS_NOAA21_NRT
4.74153,113.7269,2025-03-08,1730,N21,n,2.0NRT,2.32,N,0.44,0.46,,,,,,firms,VIIRS,VIIRS_NOAA21_NRT
-3.90264,122.4166,2025-03-08,1732,N21,n,2.0NRT,3.35,N,0.38,0.43,,,,,,firms,VIIRS,VIIRS_NOAA21_NRT
-2.0627,115.5705,2025-03-08,1732,N21,n,2.0NRT,0.87,N,0.43,0.38,,,,,,firms,VIIRS,VIIRS_NOAA21_NRT
-1.56514,127.42835,2025-03-08,1732,N21,n,2.0NRT,2.39,N,0.39,0.59,,,,,,firms,VIIRS,VIIRS_NOAA21_NRT
-1.45917,127.43746,2025-03-08,1732,N21,n,2.0NRT,6.59,N,0.39,0.59,,,,,,firms,VIIRS,VIIRS_NOAA21_NRT
-1.4587,127.43445,2025-03-08,1732,N21,n,2.0NRT,6.29,N,0.39,0.59,,,,,,firms,VIIRS,VIIRS_NOAA21_NRT
-1.43898,122.38717,2025-03-08,1732,N21,n,2.0NRT,5.15,N,0.53,0.42,,,,,,firms,VIIRS,VIIRS_NOAA21_NRT
3.38224,103.40233,2025-03-08,1912,N21,n,2.0NRT,1.6,N,0.4,0.6,,,,,,firms,VIIRS,VIIRS_NOAA21_NRT
3.38283,103.39875,2025-03-08,1912,N21,n,2.0NRT,1.6,N,0.4,0.6,,,,,,firms,VIIRS,VIIRS_NOAA21_NRT
3.38651,103.41045,2025-03-08,1912,N21,n,2.0NRT,2.72,N,0.4,0.6,,,,,,firms,VIIRS,VIIRS_NOAA21_NRT
3.38708,103.40697,2025-03-08,1912,N21,n,2.0NRT,2.72,N,0.4,0.6,,,,,,firms,VIIRS,VIIRS_NOAA21_NRT
3.38767,103.40342,2025-03-08,1912,N21,n,2.0NRT,1.6,N,0.4,0.6,,,,,,firms,VIIRS,VIIRS_NOAA21_NRT
3.38828,103.39977,2025-03-08,1912,N21,n,2.0NRT,1.6,N,0.4,0.6,,,,,,firms,VIIRS,VIIRS_NOAA21_NRT
3.39254,103.40791,2025-03-08,1912,N21,n,2.0NRT,3.15,N,0.4,0.6,,,,,,firms,VIIRS,VIIRS_NOAA21_NRT
-3.86871,136.4184,2025-03-09,429,N21,n,2.0NRT,3.97,D,0.42,0.37,,,,,,firms,VIIRS,VIIRS_NOAA21_NRT
-3.86413,136.42531,2025-03-09,429,N21,n,2.0NRT,0.68,D,0.42,0.37,,,,,,firms,VIIRS,VIIRS_NOAA21_NRT
-3.84091,136.37228,2025-03-09,429,N21,n,2.0NRT,3.58,D,0.42,0.37,,,,,,firms,VIIRS,VIIRS_NOAA21_NRT
-3.84033,136.37598,2025-03-09,429,N21,n,2.0NRT,5.31,D,0.42,0.37,,,,,,firms,VIIRS,VIIRS_NOAA21_NRT
-3.83691,136.37546,2025-03-09,429,N21,n,2.0NRT,2.31,D,0.42,0.37,,,,,,firms,VIIRS,VIIRS_NOAA21_NRT
-1.816,136.75055,2025-03-09,429,N21,n,2.0NRT,7.22,D,0.45,0.39,,,,,,firms,VIIRS,VIIRS_NOAA21_NRT
-1.81593,136.75009,2025-03-09,429,N21,n,2.0NRT,7.54,D,0.45,0.39,,,,,,firms,VIIRS,VIIRS_NOAA21_NRT
-0.81541,133.73943,2025-03-09,429,N21,n,2.0NRT,0.98,D,0.38,0.36,,,,,,firms,VIIRS,VIIRS_NOAA21_NRT
-0.73375,133.84959,2025-03-09,429,N21,n,2.0NRT,6.25,D,0.38,0.36,,,,,,firms,VIIRS,VIIRS_NOAA21_NRT
0.48047,127.98939,2025-03-09,432,N21,n,2.0NRT,5.38,D,0.42,0.45,,,,,,firms,VIIRS,VIIRS_NOAA21_NRT
0.48106,127.99317,2025-03-09,432,N21,n,2.0NRT,5.38,D,0.42,0.45,,,,,,firms,VIIRS,VIIRS_NOAA21_NRT
0.48165,127.99696,2025-03-09,432,N21,n,2.0NRT,5.38,D,0.42,0.45,,,,,,firms,VIIRS,VIIRS_NOAA21_NRT
0.48462,127.98882,2025-03-09,432,N21,n,2.0NRT,4.23,D,0.42,0.45,,,,,,firms,VIIRS,VIIRS_NOAA21_NRT
0.48521,127.99262,2025-03-09,432,N21,n,2.0NRT,4.9,D,0.42,0.45,,,,,,firms,VIIRS,VIIRS_NOAA21_NRT
0.50815,127.89327,2025-03-09,432,N21,l,2.0NRT,4.45,D,0.43,0.46,,,,,,firms,VIIRS,VIIRS_NOAA21_NRT
0.50873,127.89709,2025-03-09,432,N21,n,2.0NRT,8.23,D,0.43,0.46,,,,,,firms,VIIRS,VIIRS_NOAA21_NRT
1.69788,127.87836,2025-03-09,432,N21,n,2.0NRT,10.15,D,0.41,0.45,,,,,,firms,VIIRS,VIIRS_NOAA21_NRT
1.70195,127.87763,2025-03-09,432,N21,n,2.0NRT,13.15,D,0.41,0.45,,,,,,firms,VIIRS,VIIRS_NOAA21_NRT
-7.62079,110.82345,2025-03-09,610,N21,n,2.0NRT,4.91,D,0.39,0.36,,,,,,firms,VIIRS,VIIRS_NOAA21_NRT
-6.92413,110.26809,2025-03-09,610,N21,n,2.0NRT,6.09,D,0.39,0.36,,,,,,firms,VIIRS,VIIRS_NOAA21_NRT
-2.04257,116.42335,2025-03-09,612,N21,n,2.0NRT,6.09,D,0.61,0.53,,,,,,firms,VIIRS,VIIRS_NOAA21_NRT
-0.23751,110.26187,2025-03-09,612,N21,n,2.0NRT,27.81,D,0.42,0.38,,,,,,firms,VIIRS,VIIRS_NOAA21_NRT
-0.02931,111.14413,2025-03-09,612,N21,n,2.0NRT,3.13,D,0.46,0.39,,,,,,firms,VIIRS,VIIRS_NOAA21_NRT
0.06592,110.55313,2025-03-09,612,N21,n,2.0NRT,5.92,D,0.43,0.38,,,,,,firms,VIIRS,VIIRS_NOAA21_NRT
0.0694,110.55259,2025-03-09,612,N21,n,2.0NRT,4.43,D,0.43,0.38,,,,,,firms,VIIRS,VIIRS_NOAA21_NRT
0.11161,110.15941,2025-03-09,612,N21,n,2.0NRT,0.71,D,0.42,0.37,,,,,,firms,VIIRS,VIIRS_NOAA21_NRT
0.18956,111.57276,2025-03-09,612,N21,n,2.0NRT,5.42,D,0.48,0.4,,,,,,firms,VIIRS,VIIRS_NOAA21_NRT
0.28952,109.51033,2025-03-09,612,N21,n,2.0NRT,3.46,D,0.4,0.37,,,,,,firms,VIIRS,VIIRS_NOAA21_NRT
0.29007,109.51389,2025-03-09,612,N21,n,2.0NRT,3.46,D,0.4,0.37,,,,,,firms,VIIRS,VIIRS_NOAA21_NRT
0.34519,109.22928,2025-03-09,612,N21,n,2.0NRT,5.54,D,0.39,0.37,,,,,,firms,VIIRS,VIIRS_NOAA21_NRT
0.48475,109.45419,2025-03-09,612,N21,n,2.0NRT,2.42,D,0.4,0.37,,,,,,firms,VIIRS,VIIRS_NOAA21_NRT
0.69092,109.3569,2025-03-09,612,N21,n,2.0NRT,7.62,D,0.4,0.37,,,,,,firms,VIIRS,VIIRS_NOAA21_NRT
0.73823,110.68839,2025-03-09,612,N21,n,2.0NRT,6.89,D,0.44,0.39,,,,,,firms,VIIRS,VIIRS_NOAA21_NRT
3.28223,113.08531,2025-03-09,614,N21,n,2.0NRT,4.55,D,0.43,0.46,,,,,,firms,VIIRS,VIIRS_NOAA21_NRT
3.28645,113.08482,2025-03-09,614,N21,n,2.0NRT,4.55,D,0.43,0.46,,,,,,firms,VIIRS,VIIRS_NOAA21_NRT
4.56906,103.45001,2025-03-09,614,N21,l,2.0NRT,12.82,D,0.49,0.41,,,,,,firms,VIIRS,VIIRS_NOAA21_NRT
4.97796,112.98264,2025-03-09,1709,N21,n,2.0NRT,7.1,N,0.54,0.68,,,,,,firms,VIIRS,VIIRS_NOAA21_NRT
4.97863,112.97784,2025-03-09,1709,N21,h,2.0NRT,10.97,N,0.54,0.68,,,,,,firms,VIIRS,VIIRS_NOAA21_NRT
5.42877,114.71233,2025-03-09,1709,N21,n,2.0NRT,3.98,N,0.41,0.61,,,,,,firms,VIIRS,VIIRS_NOAA21_NRT
5.4293,114.70864,2025-03-09,1709,N21,n,2.0NRT,3.98,N,0.41,0.61,,,,,,firms,VIIRS,VIIRS_NOAA21_NRT
-2.00802,121.41854,2025-03-09,1711,N21,n,2.0NRT,0.68,N,0.4,0.37,,,,,,firms,VIIRS,VIIRS_NOAA21_NRT
-1.99964,121.43086,2025-03-09,1711,N21,n,2.0NRT,0.82,N,0.4,0.37,,,,,,firms,VIIRS,VIIRS_NOAA21_NRT
-1.45954,127.43401,2025-03-09,1711,N21,n,2.0NRT,1.26,N,0.55,0.43,,,,,,firms,VIIRS,VIIRS_NOAA21_NRT
-1.43791,122.38493,2025-03-09,1711,N21,n,2.0NRT,8.69,N,0.39,0.36,,,,,,firms,VIIRS,VIIRS_NOAA21_NRT
-1.38194,122.48164,2025-03-09,1711,N21,n,2.0NRT,1.19,N,0.39,0.36,,,,,,firms,VIIRS,VIIRS_NOAA21_NRT
-0.58224,117.38679,2025-03-09,1711,N21,n,2.0NRT,0.71,N,0.44,0.46,,,,,,firms,VIIRS,VIIRS_NOAA21_NRT
0.47223,116.26138,2025-03-09,1711,N21,n,2.0NRT,1.72,N,0.54,0.51,,,,,,firms,VIIRS,VIIRS_NOAA21_NRT
2.78129,125.40562,2025-03-09,1711,N21,n,2.0NRT,1.07,N,0.4,0.37,,,,,,firms,VIIRS,VIIRS_NOAA21_NRT
3.28224,113.08115,2025-03-09,1711,N21,n,2.0NRT,1.56,N,0.5,0.66,,,,,,firms,VIIRS,VIIRS_NOAA21_NRT
-8.53798,122.76776,2025-03-09,1713,N21,n,2.0NRT,4.45,N,0.4,0.37,,,,,,firms,VIIRS,VIIRS_NOAA21_NRT
-8.2752,123.50996,2025-03-09,1713,N21,n,2.0NRT,9.54,N,0.42,0.38,,,,,,firms,VIIRS,VIIRS_NOAA21_NRT
-8.27461,123.50591,2025-03-09,1713,N21,n,2.0NRT,9.54,N,0.42,0.38,,,,,,firms,VIIRS,VIIRS_NOAA21_NRT
-8.27175,123.51032,2025-03-09,1713,N21,n,2.0NRT,0.92,N,0.42,0.38,,,,,,firms,VIIRS,VIIRS_NOAA21_NRT
-8.27115,123.50626,2025-03-09,1713,N21,n,2.0NRT,0.92,N,0.42,0.38,,,,,,firms,VIIRS,VIIRS_NOAA21_NRT
-8.11181,112.92276,2025-03-09,1713,N21,n,2.0NRT,3.66,N,0.33,0.56,,,,,,firms,VIIRS,VIIRS_NOAA21_NRT
-7.23997,111.7327,2025-03-09,1713,N21,n,2.0NRT,2.84,N,0.41,0.61,,,,,,firms,VIIRS,VIIRS_NOAA21_NRT
-6.76395,111.96098,2025-03-09,1713,N21,n,2.0NRT,2.33,N,0.41,0.6,,,,,,firms,VIIRS,VIIRS_NOAA21_NRT
-3.90416,122.4228,2025-03-09,1713,N21,n,2.0NRT,0.95,N,0.38,0.36,,,,,,firms,VIIRS,VIIRS_NOAA21_NRT
-3.87401,122.40284,2025-03-09,1713,N21,n,2.0NRT,1.6,N,0.38,0.36,,,,,,firms,VIIRS,VIIRS_NOAA21_NRT
-3.87294,122.39598,2025-03-09,1713,N21,n,2.0NRT,1.45,N,0.38,0.36,,,,,,firms,VIIRS,VIIRS_NOAA21_NRT
-3.8724,122.39254,2025-03-09,1713,N21,n,2.0NRT,1.54,N,0.38,0.36,,,,,,firms,VIIRS,VIIRS_NOAA21_NRT
-3.87071,122.40336,2025-03-09,1713,N21,n,2.0NRT,1.6,N,0.38,0.36,,,,,,firms,VIIRS,VIIRS_NOAA21_NRT
-3.87018,122.39991,2025-03-09,1713,N21,n,2.0NRT,1.45,N,0.38,0.36,,,,,,firms,VIIRS,VIIRS_NOAA21_NRT
-3.86964,122.39648,2025-03-09,1713,N21,n,2.0NRT,1.45,N,0.38,0.36,,,,,,firms,VIIRS,VIIRS_NOAA21_NRT
-3.04203,122.26334,2025-03-09,1713,N21,n,2.0NRT,1.02,N,0.38,0.36,,,,,,firms,VIIRS,VIIRS_NOAA21_NRT
-2.87996,122.16172,2025-03-09,1713,N21,n,2.0NRT,1.08,N,0.39,0.36,,,,,,firms,VIIRS,VIIRS_NOAA21_NRT
-2.87942,122.15829,2025-03-09,1713,N21,n,2.0NRT,1.08,N,0.39,0.36,,,,,,firms,VIIRS,VIIRS_NOAA21_NRT
-2.87719,122.16566,2025-03-09,1713,N21,n,2.0NRT,1.41,N,0.39,0.36,,,,,,firms,VIIRS,VIIRS_NOAA21_NRT
-2.87335,122.16273,2025-03-09,1713,N21,n,2.0NRT,1.99,N,0.39,0.36,,,,,,firms,VIIRS,VIIRS_NOAA21_NRT
-2.86512,122.15344,2025-03-09,1713,N21,n,2.0NRT,1.12,N,0.39,0.36,,,,,,firms,VIIRS,VIIRS_NOAA21_NRT
-2.86289,122.16083,2025-03-09,1713,N21,n,2.0NRT,1.52,N,0.39,0.36,,,,,,firms,VIIRS,VIIRS_NOAA21_NRT
-2.86182,122.15396,2025-03-09,1713,N21,n,2.0NRT,1.13,N,0.39,0.36,,,,,,firms,VIIRS,VIIRS_NOAA21_NRT
-2.85905,122.15789,2025-03-09,1713,N21,n,2.0NRT,1.13,N,0.39,0.36,,,,,,firms,VIIRS,VIIRS_NOAA21_NRT
-2.85022,122.16631,2025-03-09,1713,N21,n,2.0NRT,1.79,N,0.39,0.36,,,,,,firms,VIIRS,VIIRS_NOAA21_NRT
-2.83531,122.17915,2025-03-09,1713,N21,n,2.0NRT,2.04,N,0.39,0.36,,,,,,firms,VIIRS,VIIRS_NOAA21_NRT
-2.83423,122.17228,2025-03-09,1713,N21,n,2.0NRT,2.31,N,0.39,0.36,,,,,,firms,VIIRS,VIIRS_NOAA21_NRT
-2.83369,122.16883,2025-03-09,1713,N21,n,2.0NRT,2.53,N,0.39,0.36,,,,,,firms,VIIRS,VIIRS_NOAA21_NRT
-2.83105,122.13046,2025-03-09,1713,N21,n,2.0NRT,1.18,N,0.39,0.36,,,,,,firms,VIIRS,VIIRS_NOAA21_NRT
-2.83044,122.17304,2025-03-09,1713,N21,n,2.0NRT,3.67,N,0.39,0.36,,,,,,firms,VIIRS,VIIRS_NOAA21_NRT
-2.82713,122.17353,2025-03-09,1713,N21,n,2.0NRT,3.67,N,0.39,0.36,,,,,,firms,VIIRS,VIIRS_NOAA21_NRT
-2.82391,122.15289,2025-03-09,1713,N21,n,2.0NRT,1.71,N,0.39,0.36,,,,,,firms,VIIRS,VIIRS_NOAA21_NRT
1.67142,101.47521,2025-03-09,1851,N21,n,2.0NRT,2.52,N,0.47,0.4,,,,,,firms,VIIRS,VIIRS_NOAA21_NRT
3.07627,98.03578,2025-03-09,1851,N21,n,2.0NRT,0.5,N,0.39,0.36,,,,,,firms,VIIRS,VIIRS_NOAA21_NRT
3.36756,103.41602,2025-03-09,1851,N21,n,2.0NRT,1.9,N,0.57,0.43,,,,,,firms,VIIRS,VIIRS_NOAA21_NRT
3.38186,103.40255,2025-03-09,1851,N21,n,2.0NRT,3.81,N,0.57,0.43,,,,,,firms,VIIRS,VIIRS_NOAA21_NRT
3.38421,103.41341,2025-03-09,1851,N21,n,2.0NRT,3.23,N,0.57,0.43,,,,,,firms,VIIRS,VIIRS_NOAA21_NRT
3.38449,103.40546,2025-03-09,1851,N21,n,2.0NRT,3.44,N,0.57,0.43,,,,,,firms,VIIRS,VIIRS_NOAA21_NRT
3.38501,103.40833,2025-03-09,1851,N21,n,2.0NRT,3.81,N,0.57,0.43,,,,,,firms,VIIRS,VIIRS_NOAA21_NRT
3.38532,103.40036,2025-03-09,1851,N21,n,2.0NRT,3.44,N,0.57,0.43,,,,,,firms,VIIRS,VIIRS_NOAA21_NRT
3.38581,103.40324,2025-03-09,1851,N21,n,2.0NRT,3.81,N,0.57,0.43,,,,,,firms,VIIRS,VIIRS_NOAA21_NRT
3.38661,103.39809,2025-03-09,1851,N21,n,2.0NRT,4.84,N,0.57,0.43,,,,,,firms,VIIRS,VIIRS_NOAA21_NRT
3.3876,103.41119,2025-03-09,1851,N21,n,2.0NRT,6.65,N,0.57,0.43,,,,,,firms,VIIRS,VIIRS_NOAA21_NRT
3.38843,103.40614,2025-03-09,1851,N21,n,2.0NRT,3.44,N,0.57,0.43,,,,,,firms,VIIRS,VIIRS_NOAA21_NRT
3.38896,103.409,2025-03-09,1851,N21,n,2.0NRT,2.89,N,0.57,0.43,,,,,,firms,VIIRS,VIIRS_NOAA21_NRT
3.38927,103.40102,2025-03-09,1851,N21,n,2.0NRT,3.44,N,0.57,0.43,,,,,,firms,VIIRS,VIIRS_NOAA21_NRT
3.38976,103.40393,2025-03-09,1851,N21,n,2.0NRT,2.89,N,0.57,0.43,,,,,,firms,VIIRS,VIIRS_NOAA21_NRT
3.39011,103.3959,2025-03-09,1851,N21,n,2.0NRT,4.0,N,0.57,0.43,,,,,,firms,VIIRS,VIIRS_NOAA21_NRT
3.39056,103.39878,2025-03-09,1851,N21,n,2.0NRT,3.55,N,0.57,0.43,,,,,,firms,VIIRS,VIIRS_NOAA21_NRT
3.39238,103.40678,2025-03-09,1851,N21,n,2.0NRT,4.59,N,0.57,0.43,,,,,,firms,VIIRS,VIIRS_NOAA21_NRT
-6.10105,106.67326,2025-03-09,1856,N21,n,2.0NRT,2.6,N,0.44,0.63,,,,,,firms,VIIRS,VIIRS_NOAA21_NRT
-6.10051,106.66931,2025-03-09,1856,N21,n,2.0NRT,3.09,N,0.44,0.62,,,,,,firms,VIIRS,VIIRS_NOAA21_NRT
-8.92315,116.76199,2025-03-10,550,N21,n,2.0NRT,4.45,D,0.41,0.37,,,,,,firms,VIIRS,VIIRS_NOAA21_NRT
-4.50382,121.81341,2025-03-10,553,N21,n,2.0NRT,3.47,D,0.61,0.54,,,,,,firms,VIIRS,VIIRS_NOAA21_NRT
-4.18944,122.10541,2025-03-10,553,N21,n,2.0NRT,3.23,D,0.32,0.55,,,,,,firms,VIIRS,VIIRS_NOAA21_NRT
-3.87544,120.29396,2025-03-10,553,N21,n,2.0NRT,5.16,D,0.49,0.49,,,,,,firms,VIIRS,VIIRS_NOAA21_NRT
-3.87256,120.28993,2025-03-10,553,N21,n,2.0NRT,5.31,D,0.49,0.49,,,,,,firms,VIIRS,VIIRS_NOAA21_NRT
-1.8934,115.86211,2025-03-10,553,N21,n,2.0NRT,4.15,D,0.44,0.38,,,,,,firms,VIIRS,VIIRS_NOAA21_NRT
-1.89279,115.866,2025-03-10,553,N21,n,2.0NRT,4.15,D,0.44,0.38,,,,,,firms,VIIRS,VIIRS_NOAA21_NRT
3.38195,103.40514,2025-03-10,553,N21,n,2.0NRT,3.96,D,0.35,0.57,,,,,,firms,VIIRS,VIIRS_NOAA21_NRT
3.38661,103.40117,2025-03-10,553,N21,n,2.0NRT,5.02,D,0.35,0.57,,,,,,firms,VIIRS,VIIRS_NOAA21_NRT
3.38712,103.40421,2025-03-10,553,N21,n,2.0NRT,5.02,D,0.35,0.57,,,,,,firms,VIIRS,VIIRS_NOAA21_NRT
3.38764,103.40735,2025-03-10,553,N21,n,2.0NRT,5.61,D,0.35,0.57,,,,,,firms,VIIRS,VIIRS_NOAA21_NRT
3.38817,103.41052,2025-03-10,553,N21,n,2.0NRT,5.61,D,0.35,0.57,,,,,,firms,VIIRS,VIIRS_NOAA21_NRT
3.60648,112.41135,2025-03-10,553,N21,n,2.0NRT,2.63,D,0.38,0.36,,,,,,firms,VIIRS,VIIRS_NOAA21_NRT
-0.29654,116.92281,2025-03-10,555,N21,n,2.0NRT,5.1,D,0.51,0.41,,,,,,firms,VIIRS,VIIRS_NOAA21_NRT
0.61683,116.632,2025-03-10,555,N21,n,2.0NRT,9.95,D,0.5,0.41,,,,,,firms,VIIRS,VIIRS_NOAA21_NRT
1.33839,116.68475,2025-03-10,555,N21,n,2.0NRT,7.09,D,0.52,0.41,,,,,,firms,VIIRS,VIIRS_NOAA21_NRT
5.65695,102.71194,2025-03-10,555,N21,n,2.0NRT,6.97,D,0.36,0.57,,,,,,firms,VIIRS,VIIRS_NOAA21_NRT
5.65751,102.71516,2025-03-10,555,N21,n,2.0NRT,6.75,D,0.36,0.57,,,,,,firms,VIIRS,VIIRS_NOAA21_NRT
0.90798,97.84866,2025-03-10,733,N21,n,2.0NRT,3.75,D,0.47,0.64,,,,,,firms,VIIRS,VIIRS_NOAA21_NRT
0.91323,97.84862,2025-03-10,733,N21,n,2.0NRT,4.46,D,0.47,0.64,,,,,,firms,VIIRS,VIIRS_NOAA21_NRT
1.29249,99.03453,2025-03-10,733,N21,h,2.0NRT,16.36,D,0.57,0.69,,,,,,firms,VIIRS,VIIRS_NOAA21_NRT
1.29329,99.03973,2025-03-10,733,N21,n,2.0NRT,16.36,D,0.58,0.69,,,,,,firms,VIIRS,VIIRS_NOAA21_NRT
1.36414,99.06172,2025-03-10,733,N21,n,2.0NRT,10.94,D,0.58,0.7,,,,,,firms,VIIRS,VIIRS_NOAA21_NRT
1.36501,99.06754,2025-03-10,733,N21,h,2.0NRT,17.67,D,0.58,0.7,,,,,,firms,VIIRS,VIIRS_NOAA21_NRT
2.27042,98.97277,2025-03-10,733,N21,n,2.0NRT,2.72,D,0.59,0.7,,,,,,firms,VIIRS,VIIRS_NOAA21_NRT
2.27499,98.97245,2025-03-10,733,N21,n,2.0NRT,3.72,D,0.59,0.7,,,,,,firms,VIIRS,VIIRS_NOAA21_NRT
3.16434,97.90749,2025-03-10,735,N21,n,2.0NRT,2.79,D,0.51,0.66,,,,,,firms,VIIRS,VIIRS_NOAA21_NRT
-2.57966,121.38324,2025-03-10,1654,N21,n,2.0NRT,1.77,N,0.46,0.47,,,,,,firms,VIIRS,VIIRS_NOAA21_NRT
-2.57901,121.3793,2025-03-10,1654,N21,n,2.0NRT,1.78,N,0.46,0.47,,,,,,firms,VIIRS,VIIRS_NOAA21_NRT
-2.57537,121.38402,2025-03-10,1654,N21,n,2.0NRT,61.56,N,0.46,0.47,,,,,,firms,VIIRS,VIIRS_NOAA21_NRT
-2.57472,121.38007,2025-03-10,1654,N21,n,2.0NRT,17.12,N,0.46,0.47,,,,,,firms,VIIRS,VIIRS_NOAA21_NRT
-2.57157,121.37645,2025-03-10,1654,N21,n,2.0NRT,2.2,N,0.46,0.47,,,,,,firms,VIIRS,VIIRS_NOAA21_NRT
-2.56977,121.37681,2025-03-10,1654,N21,n,2.0NRT,17.12,N,0.46,0.47,,,,,,firms,VIIRS,VIIRS_NOAA21_NRT
-1.56545,127.427,2025-03-10,1654,N21,n,2.0NRT,4.99,N,0.38,0.36,,,,,,firms,VIIRS,VIIRS_NOAA21_NRT
-1.44077,122.38766,2025-03-10,1654,N21,n,2.0NRT,3.6,N,0.41,0.45,,,,,,firms,VIIRS,VIIRS_NOAA21_NRT
-1.44018,122.384,2025-03-10,1654,N21,n,2.0NRT,3.6,N,0.41,0.45,,,,,,firms,VIIRS,VIIRS_NOAA21_NRT
-1.38037,122.47955,2025-03-10,1654,N21,n,2.0NRT,1.54,N,0.4,0.45,,,,,,firms,VIIRS,VIIRS_NOAA21_NRT
1.16171,117.67833,2025-03-10,1654,N21,n,2.0NRT,0.58,N,0.47,0.64,,,,,,firms,VIIRS,VIIRS_NOAA21_NRT
-8.53936,122.76582,2025-03-10,1656,N21,n,2.0NRT,4.3,N,0.47,0.4,,,,,,firms,VIIRS,VIIRS_NOAA21_NRT
-8.53573,122.76631,2025-03-10,1656,N21,n,2.0NRT,1.23,N,0.47,0.4,,,,,,firms,VIIRS,VIIRS_NOAA21_NRT
4.66698,114.4641,2025-03-10,1832,N21,n,2.0NRT,1.86,N,0.49,0.65,,,,,,firms,VIIRS,VIIRS_NOAA21_NRT
4.69722,113.94388,2025-03-10,1832,N21,n,2.0NRT,1.93,N,0.45,0.63,,,,,,firms,VIIRS,VIIRS_NOAA21_NRT
4.6979,113.93991,2025-03-10,1832,N21,n,2.0NRT,2.56,N,0.45,0.63,,,,,,firms,VIIRS,VIIRS_NOAA21_NRT
4.97868,112.98595,2025-03-10,1832,N21,n,2.0NRT,2.75,N,0.38,0.59,,,,,,firms,VIIRS,VIIRS_NOAA21_NRT
4.97925,112.98257,2025-03-10,1832,N21,n,2.0NRT,2.75,N,0.38,0.59,,,,,,firms,VIIRS,VIIRS_NOAA21_NRT
5.21124,114.74284,2025-03-10,1832,N21,n,2.0NRT,5.92,N,0.5,0.66,,,,,,firms,VIIRS,VIIRS_NOAA21_NRT
5.42513,114.71379,2025-03-10,1832,N21,n,2.0NRT,3.43,N,0.49,0.65,,,,,,firms,VIIRS,VIIRS_NOAA21_NRT
5.42589,114.7094,2025-03-10,1832,N21,n,2.0NRT,5.97,N,0.49,0.65,,,,,,firms,VIIRS,VIIRS_NOAA21_NRT
5.43105,114.71488,2025-03-10,1832,N21,n,2.0NRT,3.43,N,0.49,0.65,,,,,,firms,VIIRS,VIIRS_NOAA21_NRT
5.61549,114.89047,2025-03-10,1832,N21,n,2.0NRT,3.76,N,0.5,0.66,,,,,,firms,VIIRS,VIIRS_NOAA21_NRT
-2.10282,103.80054,2025-03-10,1834,N21,n,2.0NRT,0.23,N,0.41,0.37,,,,,,firms,VIIRS,VIIRS_NOAA21_NRT
0.44264,101.89194,2025-03-10,1834,N21,n,2.0NRT,2.65,N,0.39,0.36,,,,,,firms,VIIRS,VIIRS_NOAA21_NRT
0.68289,101.11749,2025-03-10,1834,N21,n,2.0NRT,0.81,N,0.41,0.37,,,,,,firms,VIIRS,VIIRS_NOAA21_NRT
0.84718,101.39307,2025-03-10,1834,N21,n,2.0NRT,0.92,N,0.4,0.37,,,,,,firms,VIIRS,VIIRS_NOAA21_NRT
2.73909,102.3953,2025-03-10,1834,N21,n,2.0NRT,2.26,N,0.39,0.36,,,,,,firms,VIIRS,VIIRS_NOAA21_NRT
2.91979,103.02408,2025-03-10,1834,N21,n,2.0NRT,1.62,N,0.38,0.36,,,,,,firms,VIIRS,VIIRS_NOAA21_NRT
3.04361,101.37849,2025-03-10,1834,N21,n,2.0NRT,2.28,N,0.41,0.37,,,,,,firms,VIIRS,VIIRS_NOAA21_NRT
3.38121,103.40517,2025-03-10,1834,N21,n,2.0NRT,1.67,N,0.38,0.36,,,,,,firms,VIIRS,VIIRS_NOAA21_NRT
3.38175,103.40174,2025-03-10,1834,N21,n,2.0NRT,1.67,N,0.38,0.36,,,,,,firms,VIIRS,VIIRS_NOAA21_NRT
3.38451,103.40568,2025-03-10,1834,N21,n,2.0NRT,1.67,N,0.38,0.36,,,,,,firms,VIIRS,VIIRS_NOAA21_NRT
3.38505,103.40224,2025-03-10,1834,N21,n,2.0NRT,1.67,N,0.38,0.36,,,,,,firms,VIIRS,VIIRS_NOAA21_NRT
3.38558,103.39883,2025-03-10,1834,N21,n,2.0NRT,1.86,N,0.38,0.36,,,,,,firms,VIIRS,VIIRS_NOAA21_NRT
3.38727,103.40961,2025-03-10,1834,N21,n,2.0NRT,3.71,N,0.38,0.36,,,,,,firms,VIIRS,VIIRS_NOAA21_NRT
3.38781,103.40618,2025-03-10,1834,N21,n,2.0NRT,1.53,N,0.38,0.36,,,,,,firms,VIIRS,VIIRS_NOAA21_NRT
3.38888,103.39933,2025-03-10,1834,N21,n,2.0NRT,1.86,N,0.38,0.36,,,,,,firms,VIIRS,VIIRS_NOAA21_NRT
3.3911,103.40669,2025-03-10,1834,N21,n,2.0NRT,1.53,N,0.38,0.36,,,,,,firms,VIIRS,VIIRS_NOAA21_NRT
3.39386,103.41063,2025-03-10,1834,N21,n,2.0NRT,0.99,N,0.38,0.36,,,,,,firms,VIIRS,VIIRS_NOAA21_NRT
-1.81678,136.75142,2025-03-11,351,N21,n,2.0NRT,4.35,D,0.51,0.49,,,,,,firms,VIIRS,VIIRS_NOAA21_NRT
-8.48413,121.28427,2025-03-11,531,N21,l,2.0NRT,3.05,D,0.41,0.37,,,,,,firms,VIIRS,VIIRS_NOAA21_NRT
-8.48356,121.28794,2025-03-11,531,N21,l,2.0NRT,3.05,D,0.41,0.37,,,,,,firms,VIIRS,VIIRS_NOAA21_NRT
-8.48074,121.28374,2025-03-11,531,N21,l,2.0NRT,3.05,D,0.41,0.37,,,,,,firms,VIIRS,VIIRS_NOAA21_NRT
-7.70516,108.99611,2025-03-11,531,N21,n,2.0NRT,7.93,D,0.46,0.63,,,,,,firms,VIIRS,VIIRS_NOAA21_NRT
-7.70029,108.99252,2025-03-11,531,N21,n,2.0NRT,7.36,D,0.46,0.63,,,,,,firms,VIIRS,VIIRS_NOAA21_NRT
-7.69396,108.9959,2025-03-11,531,N21,n,2.0NRT,12.62,D,0.46,0.63,,,,,,firms,VIIRS,VIIRS_NOAA21_NRT
-7.69355,108.99471,2025-03-11,531,N21,n,2.0NRT,10.76,D,0.46,0.63,,,,,,firms,VIIRS,VIIRS_NOAA21_NRT
-4.18428,121.85815,2025-03-11,533,N21,n,2.0NRT,2.86,D,0.47,0.4,,,,,,firms,VIIRS,VIIRS_NOAA21_NRT
-3.80058,122.18028,2025-03-11,533,N21,n,2.0NRT,5.03,D,0.49,0.4,,,,,,firms,VIIRS,VIIRS_NOAA21_NRT
-1.91808,121.25258,2025-03-11,533,N21,n,2.0NRT,5.95,D,0.46,0.39,,,,,,firms,VIIRS,VIIRS_NOAA21_NRT
3.60603,112.41277,2025-03-11,536,N21,n,2.0NRT,4.09,D,0.55,0.42,,,,,,firms,VIIRS,VIIRS_NOAA21_NRT
4.97703,112.98346,2025-03-11,536,N21,l,2.0NRT,5.5,D,0.49,0.4,,,,,,firms,VIIRS,VIIRS_NOAA21_NRT
4.97985,112.97993,2025-03-11,536,N21,l,2.0NRT,5.43,D,0.49,0.4,,,,,,firms,VIIRS,VIIRS_NOAA21_NRT
5.64256,115.88905,2025-03-11,536,N21,n,2.0NRT,4.2,D,0.39,0.36,,,,,,firms,VIIRS,VIIRS_NOAA21_NRT
0.27246,99.23308,2025-03-11,716,N21,n,2.0NRT,14.67,D,0.53,0.5,,,,,,firms,VIIRS,VIIRS_NOAA21_NRT
0.27248,99.23009,2025-03-11,716,N21,n,2.0NRT,8.64,D,0.53,0.5,,,,,,firms,VIIRS,VIIRS_NOAA21_NRT
-8.53662,122.76367,2025-03-11,1635,N21,n,2.0NRT,2.93,N,0.62,0.54,,,,,,firms,VIIRS,VIIRS_NOAA21_NRT
-1.81692,136.74867,2025-03-11,1635,N21,n,2.0NRT,1.05,N,0.54,0.42,,,,,,firms,VIIRS,VIIRS_NOAA21_NRT
-2.82769,122.17614,2025-03-11,1637,N21,n,2.0NRT,3.98,N,0.43,0.62,,,,,,firms,VIIRS,VIIRS_NOAA21_NRT
3.28206,113.08423,2025-03-11,1813,N21,n,2.0NRT,1.15,N,0.39,0.44,,,,,,firms,VIIRS,VIIRS_NOAA21_NRT
3.28261,113.08079,2025-03-11,1813,N21,n,2.0NRT,1.15,N,0.39,0.44,,,,,,firms,VIIRS,VIIRS_NOAA21_NRT
4.00214,103.34771,2025-03-11,1813,N21,n,2.0NRT,1.08,N,0.39,0.44,,,,,,firms,VIIRS,VIIRS_NOAA21_NRT
4.57281,103.45557,2025-03-11,1813,N21,n,2.0NRT,1.27,N,0.39,0.44,,,,,,firms,VIIRS,VIIRS_NOAA21_NRT
4.74055,113.72855,2025-03-11,1813,N21,n,2.0NRT,1.64,N,0.41,0.45,,,,,,firms,VIIRS,VIIRS_NOAA21_NRT
4.7406,113.72966,2025-03-11,1813,N21,n,2.0NRT,1.78,N,0.41,0.45,,,,,,firms,VIIRS,VIIRS_NOAA21_NRT
4.9762,112.98323,2025-03-11,1813,N21,n,2.0NRT,5.65,N,0.55,0.43,,,,,,firms,VIIRS,VIIRS_NOAA21_NRT
4.97776,112.9811,2025-03-11,1813,N21,n,2.0NRT,14.57,N,0.55,0.43,,,,,,firms,VIIRS,VIIRS_NOAA21_NRT
5.42845,114.71403,2025-03-11,1813,N21,n,2.0NRT,1.89,N,0.46,0.47,,,,,,firms,VIIRS,VIIRS_NOAA21_NRT
5.42913,114.70988,2025-03-11,1813,N21,n,2.0NRT,1.89,N,0.46,0.47,,,,,,firms,VIIRS,VIIRS_NOAA21_NRT
5.5018,105.20737,2025-03-11,1813,N21,n,2.0NRT,2.7,N,0.48,0.4,,,,,,firms,VIIRS,VIIRS_NOAA21_NRT
5.51842,105.6688,2025-03-11,1813,N21,n,2.0NRT,1.43,N,0.45,0.39,,,,,,firms,VIIRS,VIIRS_NOAA21_NRT
5.61633,114.89207,2025-03-11,1813,N21,n,2.0NRT,5.25,N,0.47,0.48,,,,,,firms,VIIRS,VIIRS_NOAA21_NRT
5.61702,114.88786,2025-03-11,1813,N21,n,2.0NRT,4.18,N,0.47,0.48,,,,,,firms,VIIRS,VIIRS_NOAA21_NRT
-5.90964,107.92684,2025-03-11,1815,N21,n,2.0NRT,1.14,N,0.41,0.37,,,,,,firms,VIIRS,VIIRS_NOAA21_NRT
-3.27502,116.10503,2025-03-11,1815,N21,n,2.0NRT,0.5,N,0.4,0.6,,,,,,firms,VIIRS,VIIRS_NOAA21_NRT
-2.2148,115.52018,2025-03-11,1815,N21,n,2.0NRT,1.27,N,0.35,0.57,,,,,,firms,VIIRS,VIIRS_NOAA21_NRT
-2.21106,115.49547,2025-03-11,1815,N21,n,2.0NRT,1.46,N,0.35,0.56,,,,,,firms,VIIRS,VIIRS_NOAA21_NRT
-2.21058,115.49234,2025-03-11,1815,N21,n,2.0NRT,1.36,N,0.35,0.56,,,,,,firms,VIIRS,VIIRS_NOAA21_NRT
-1.19866,114.73789,2025-03-11,1815,N21,n,2.0NRT,2.2,N,0.59,0.53,,,,,,firms,VIIRS,VIIRS_NOAA21_NRT
1.37615,104.16099,2025-03-11,1815,N21,n,2.0NRT,2.49,N,0.48,0.4,,,,,,firms,VIIRS,VIIRS_NOAA21_NRT
-8.11418,112.92731,2025-03-11,1817,N21,n,2.0NRT,6.1,N,0.56,0.52,,,,,,firms,VIIRS,VIIRS_NOAA21_NRT
-8.11125,112.92587,2025-03-11,1817,N21,n,2.0NRT,4.07,N,0.56,0.52,,,,,,firms,VIIRS,VIIRS_NOAA21_NRT
-7.54353,110.44354,2025-03-11,1817,N21,n,2.0NRT,5.87,N,0.57,0.43,,,,,,firms,VIIRS,VIIRS_NOAA21_NRT
-7.54334,110.44599,2025-03-11,1817,N21,n,2.0NRT,2.26,N,0.57,0.43,,,,,,firms,VIIRS,VIIRS_NOAA21_NRT
-7.54276,110.44195,2025-03-11,1817,N21,n,2.0NRT,2.49,N,0.57,0.43,,,,,,firms,VIIRS,VIIRS_NOAA21_NRT
-7.24303,111.73211,2025-03-11,1817,N21,n,2.0NRT,1.03,N,0.45,0.47,,,,,,firms,VIIRS,VIIRS_NOAA21_NRT
-6.76271,111.96353,2025-03-11,1817,N21,n,2.0NRT,3.35,N,0.46,0.47,,,,,,firms,VIIRS,VIIRS_NOAA21_NRT
-6.54921,108.096,2025-03-11,1817,N21,n,2.0NRT,1.83,N,0.42,0.38,,,,,,firms,VIIRS,VIIRS_NOAA21_NRT
-9.5005,125.03123,2025-03-12,512,N21,l,2.0NRT,4.05,D,0.39,0.36,,,,,,firms,VIIRS,VIIRS_NOAA21_NRT
-3.90224,122.41771,2025-03-12,514,N21,n,2.0NRT,9.12,D,0.39,0.36,,,,,,firms,VIIRS,VIIRS_NOAA21_NRT
-3.88055,122.40376,2025-03-12,514,N21,l,2.0NRT,6.74,D,0.39,0.36,,,,,,firms,VIIRS,VIIRS_NOAA21_NRT
-3.87216,122.39178,2025-03-12,514,N21,l,2.0NRT,5.56,D,0.39,0.36,,,,,,firms,VIIRS,VIIRS_NOAA21_NRT
-3.8711,122.39878,2025-03-12,514,N21,l,2.0NRT,12.52,D,0.39,0.36,,,,,,firms,VIIRS,VIIRS_NOAA21_NRT
-3.87058,122.40226,2025-03-12,514,N21,n,2.0NRT,7.52,D,0.39,0.36,,,,,,firms,VIIRS,VIIRS_NOAA21_NRT
-3.87005,122.40576,2025-03-12,514,N21,l,2.0NRT,7.52,D,0.39,0.36,,,,,,firms,VIIRS,VIIRS_NOAA21_NRT
-3.86952,122.40924,2025-03-12,514,N21,l,2.0NRT,9.04,D,0.39,0.36,,,,,,firms,VIIRS,VIIRS_NOAA21_NRT
-3.5177,128.62178,2025-03-12,514,N21,n,2.0NRT,2.25,D,0.42,0.45,,,,,,firms,VIIRS,VIIRS_NOAA21_NRT
-3.3592,114.57567,2025-03-12,514,N21,n,2.0NRT,3.62,D,0.35,0.56,,,,,,firms,VIIRS,VIIRS_NOAA21_NRT
-3.15479,114.09845,2025-03-12,514,N21,n,2.0NRT,4.0,D,0.37,0.58,,,,,,firms,VIIRS,VIIRS_NOAA21_NRT
-2.577,121.38089,2025-03-12,514,N21,n,2.0NRT,20.53,D,0.41,0.37,,,,,,firms,VIIRS,VIIRS_NOAA21_NRT
0.48238,127.99202,2025-03-12,516,N21,n,2.0NRT,7.81,D,0.43,0.46,,,,,,firms,VIIRS,VIIRS_NOAA21_NRT
1.34322,116.64321,2025-03-12,516,N21,n,2.0NRT,8.07,D,0.42,0.45,,,,,,firms,VIIRS,VIIRS_NOAA21_NRT
1.34733,116.66946,2025-03-12,516,N21,n,2.0NRT,20.65,D,0.42,0.45,,,,,,firms,VIIRS,VIIRS_NOAA21_NRT
5.43029,114.71267,2025-03-12,518,N21,n,2.0NRT,5.18,D,0.49,0.49,,,,,,firms,VIIRS,VIIRS_NOAA21_NRT
-1.56357,103.69728,2025-03-12,657,N21,n,2.0NRT,3.57,D,0.48,0.48,,,,,,firms,VIIRS,VIIRS_NOAA21_NRT
0.10201,98.85397,2025-03-12,657,N21,n,2.0NRT,2.05,D,0.41,0.37,,,,,,firms,VIIRS,VIIRS_NOAA21_NRT
2.15191,102.41071,2025-03-12,659,N21,n,2.0NRT,4.38,D,0.45,0.47,,,,,,firms,VIIRS,VIIRS_NOAA21_NRT
2.15231,102.41058,2025-03-12,659,N21,n,2.0NRT,5.29,D,0.45,0.47,,,,,,firms,VIIRS,VIIRS_NOAA21_NRT
2.49528,102.30333,2025-03-12,659,N21,n,2.0NRT,4.86,D,0.44,0.46,,,,,,firms,VIIRS,VIIRS_NOAA21_NRT
2.49589,98.09814,2025-03-12,659,N21,n,2.0NRT,12.12,D,0.4,0.37,,,,,,firms,VIIRS,VIIRS_NOAA21_NRT
2.54798,98.86506,2025-03-12,659,N21,n,2.0NRT,4.09,D,0.43,0.38,,,,,,firms,VIIRS,VIIRS_NOAA21_NRT
3.19112,98.94946,2025-03-12,659,N21,n,2.0NRT,35.75,D,0.44,0.38,,,,,,firms,VIIRS,VIIRS_NOAA21_NRT
3.38418,103.40492,2025-03-12,659,N21,n,2.0NRT,11.1,D,0.54,0.51,,,,,,firms,VIIRS,VIIRS_NOAA21_NRT
3.9297,98.12044,2025-03-12,659,N21,n,2.0NRT,7.75,D,0.41,0.37,,,,,,firms,VIIRS,VIIRS_NOAA21_NRT
3.93026,98.12415,2025-03-12,659,N21,n,2.0NRT,12.93,D,0.41,0.37,,,,,,firms,VIIRS,VIIRS_NOAA21_NRT
4.95792,97.06733,2025-03-12,659,N21,n,2.0NRT,3.74,D,0.39,0.36,,,,,,firms,VIIRS,VIIRS_NOAA21_NRT
-1.56518,127.42847,2025-03-12,1616,N21,n,2.0NRT,5.46,N,0.41,0.61,,,,,,firms,VIIRS,VIIRS_NOAA21_NRT
-1.56453,127.42448,2025-03-12,1616,N21,n,2.0NRT,4.47,N,0.41,0.61,,,,,,firms,VIIRS,VIIRS_NOAA21_NRT
-1.56387,127.42042,2025-03-12,1616,N21,n,2.0NRT,4.47,N,0.41,0.61,,,,,,firms,VIIRS,VIIRS_NOAA21_NRT
-1.5596,127.42921,2025-03-12,1616,N21,n,2.0NRT,5.46,N,0.41,0.61,,,,,,firms,VIIRS,VIIRS_NOAA21_NRT
-1.55896,127.42521,2025-03-12,1616,N21,n,2.0NRT,4.47,N,0.41,0.61,,,,,,firms,VIIRS,VIIRS_NOAA21_NRT
-1.459,127.43736,2025-03-12,1616,N21,n,2.0NRT,8.15,N,0.41,0.61,,,,,,firms,VIIRS,VIIRS_NOAA21_NRT
-1.45827,127.43285,2025-03-12,1616,N21,n,2.0NRT,6.89,N,0.41,0.61,,,,,,firms,VIIRS,VIIRS_NOAA21_NRT
0.4813,128.00604,2025-03-12,1616,N21,n,2.0NRT,3.84,N,0.41,0.6,,,,,,firms,VIIRS,VIIRS_NOAA21_NRT
0.48186,128.00243,2025-03-12,1616,N21,n,2.0NRT,3.9,N,0.41,0.6,,,,,,firms,VIIRS,VIIRS_NOAA21_NRT
0.48243,127.99874,2025-03-12,1616,N21,n,2.0NRT,3.9,N,0.41,0.6,,,,,,firms,VIIRS,VIIRS_NOAA21_NRT
0.48299,127.99507,2025-03-12,1616,N21,n,2.0NRT,5.66,N,0.41,0.6,,,,,,firms,VIIRS,VIIRS_NOAA21_NRT
0.48357,127.99138,2025-03-12,1616,N21,n,2.0NRT,5.66,N,0.41,0.6,,,,,,firms,VIIRS,VIIRS_NOAA21_NRT
0.48413,127.98773,2025-03-12,1616,N21,n,2.0NRT,5.23,N,0.41,0.6,,,,,,firms,VIIRS,VIIRS_NOAA21_NRT
0.48465,127.98434,2025-03-12,1616,N21,n,2.0NRT,5.23,N,0.41,0.6,,,,,,firms,VIIRS,VIIRS_NOAA21_NRT
5.61815,114.89054,2025-03-12,1754,N21,n,2.0NRT,3.38,N,0.4,0.37,,,,,,firms,VIIRS,VIIRS_NOAA21_NRT
-2.87923,122.16629,2025-03-12,1756,N21,n,2.0NRT,1.66,N,0.48,0.65,,,,,,firms,VIIRS,VIIRS_NOAA21_NRT
-2.87201,122.1583,2025-03-12,1756,N21,n,2.0NRT,4.22,N,0.48,0.65,,,,,,firms,VIIRS,VIIRS_NOAA21_NRT
-2.86548,122.15491,2025-03-12,1756,N21,n,2.0NRT,3.81,N,0.48,0.65,,,,,,firms,VIIRS,VIIRS_NOAA21_NRT
-2.86026,122.16048,2025-03-12,1756,N21,n,2.0NRT,3.65,N,0.48,0.65,,,,,,firms,VIIRS,VIIRS_NOAA21_NRT
-2.83317,122.17054,2025-03-12,1756,N21,n,2.0NRT,3.61,N,0.48,0.65,,,,,,firms,VIIRS,VIIRS_NOAA21_NRT
-2.83208,122.1743,2025-03-12,1756,N21,n,2.0NRT,5.53,N,0.48,0.65,,,,,,firms,VIIRS,VIIRS_NOAA21_NRT
-2.83194,122.16243,2025-03-12,1756,N21,n,2.0NRT,5.23,N,0.48,0.65,,,,,,firms,VIIRS,VIIRS_NOAA21_NRT
-2.83147,122.17014,2025-03-12,1756,N21,n,2.0NRT,5.8,N,0.48,0.65,,,,,,firms,VIIRS,VIIRS_NOAA21_NRT
-2.83029,122.16196,2025-03-12,1756,N21,n,2.0NRT,4.12,N,0.48,0.65,,,,,,firms,VIIRS,VIIRS_NOAA21_NRT
-2.82797,122.17603,2025-03-12,1756,N21,n,2.0NRT,3.61,N,0.48,0.65,,,,,,firms,VIIRS,VIIRS_NOAA21_NRT
-2.82476,122.1549,2025-03-12,1756,N21,n,2.0NRT,4.23,N,0.48,0.65,,,,,,firms,VIIRS,VIIRS_NOAA21_NRT
-2.82316,122.1543,2025-03-12,1756,N21,n,2.0NRT,2.62,N,0.48,0.65,,,,,,firms,VIIRS,VIIRS_NOAA21_NRT
-2.57768,121.38424,2025-03-12,1756,N21,n,2.0NRT,7.11,N,0.42,0.61,,,,,,firms,VIIRS,VIIRS_NOAA21_NRT
-2.57708,121.38026,2025-03-12,1756,N21,n,2.0NRT,6.41,N,0.42,0.61,,,,,,firms,VIIRS,VIIRS_NOAA21_NRT
-2.57088,121.37701,2025-03-12,1756,N21,n,2.0NRT,1.68,N,0.42,0.61,,,,,,firms,VIIRS,VIIRS_NOAA21_NRT
-2.06288,115.57066,2025-03-12,1756,N21,n,2.0NRT,1.13,N,0.51,0.41,,,,,,firms,VIIRS,VIIRS_NOAA21_NRT
-2.01246,121.41996,2025-03-12,1756,N21,n,2.0NRT,2.62,N,0.42,0.61,,,,,,firms,VIIRS,VIIRS_NOAA21_NRT
-1.38212,122.47965,2025-03-12,1756,N21,n,2.0NRT,1.66,N,0.48,0.65,,,,,,firms,VIIRS,VIIRS_NOAA21_NRT
-1.38082,122.48135,2025-03-12,1756,N21,n,2.0NRT,1.74,N,0.48,0.65,,,,,,firms,VIIRS,VIIRS_NOAA21_NRT
0.27445,115.88203,2025-03-12,1756,N21,n,2.0NRT,1.14,N,0.49,0.41,,,,,,firms,VIIRS,VIIRS_NOAA21_NRT
0.64586,117.55771,2025-03-12,1756,N21,n,2.0NRT,0.97,N,0.41,0.45,,,,,,firms,VIIRS,VIIRS_NOAA21_NRT
0.67393,117.56596,2025-03-12,1756,N21,n,2.0NRT,2.9,N,0.41,0.45,,,,,,firms,VIIRS,VIIRS_NOAA21_NRT
0.68322,117.56004,2025-03-12,1756,N21,n,2.0NRT,5.36,N,0.41,0.45,,,,,,firms,VIIRS,VIIRS_NOAA21_NRT
1.05036,117.63824,2025-03-12,1756,N21,n,2.0NRT,1.32,N,0.41,0.45,,,,,,firms,VIIRS,VIIRS_NOAA21_NRT
1.37624,104.15971,2025-03-12,1756,N21,n,2.0NRT,2.51,N,0.33,0.55,,,,,,firms,VIIRS,VIIRS_NOAA21_NRT
1.37668,104.15679,2025-03-12,1756,N21,n,2.0NRT,2.52,N,0.33,0.55,,,,,,firms,VIIRS,VIIRS_NOAA21_NRT
1.67098,101.46368,2025-03-12,1756,N21,n,2.0NRT,1.7,N,0.51,0.66,,,,,,firms,VIIRS,VIIRS_NOAA21_NRT
1.67226,101.46638,2025-03-12,1756,N21,n,2.0NRT,2.71,N,0.51,0.66,,,,,,firms,VIIRS,VIIRS_NOAA21_NRT
2.74103,102.39291,2025-03-12,1756,N21,n,2.0NRT,2.55,N,0.46,0.63,,,,,,firms,VIIRS,VIIRS_NOAA21_NRT
3.54313,113.3504,2025-03-12,1756,N21,n,2.0NRT,1.09,N,0.39,0.36,,,,,,firms,VIIRS,VIIRS_NOAA21_NRT
4.78636,113.49377,2025-03-12,1756,N21,n,2.0NRT,2.69,N,0.38,0.36,,,,,,firms,VIIRS,VIIRS_NOAA21_NRT
5.42881,114.71073,2025-03-12,1756,N21,n,2.0NRT,6.45,N,0.4,0.37,,,,,,firms,VIIRS,VIIRS_NOAA21_NRT
5.64238,105.04333,2025-03-12,1756,N21,n,2.0NRT,4.96,N,0.33,0.55,,,,,,firms,VIIRS,VIIRS_NOAA21_NRT
5.64326,105.04249,2025-03-12,1756,N21,n,2.0NRT,4.63,N,0.33,0.55,,,,,,firms,VIIRS,VIIRS_NOAA21_NRT
-8.27639,123.53922,2025-03-12,1758,N21,n,2.0NRT,12.54,N,0.72,0.75,,,,,,firms,VIIRS,VIIRS_NOAA21_NRT
-8.27275,123.50961,2025-03-12,1758,N21,n,2.0NRT,9.7,N,0.72,0.75,,,,,,firms,VIIRS,VIIRS_NOAA21_NRT
-7.54377,110.44353,2025-03-12,1758,N21,n,2.0NRT,0.64,N,0.38,0.36,,,,,,firms,VIIRS,VIIRS_NOAA21_NRT
-7.28473,112.26131,2025-03-12,1758,N21,n,2.0NRT,0.4,N,0.41,0.37,,,,,,firms,VIIRS,VIIRS_NOAA21_NRT
-7.23988,111.73199,2025-03-12,1758,N21,n,2.0NRT,1.09,N,0.4,0.37,,,,,,firms,VIIRS,VIIRS_NOAA21_NRT
-6.54953,108.09589,2025-03-12,1758,N21,n,2.0NRT,0.78,N,0.44,0.38,,,,,,firms,VIIRS,VIIRS_NOAA21_NRT
-5.61796,120.12415,2025-03-12,1758,N21,n,2.0NRT,5.29,N,0.38,0.59,,,,,,firms,VIIRS,VIIRS_NOAA21_NRT
-3.90325,122.4233,2025-03-12,1758,N21,n,2.0NRT,1.82,N,0.52,0.67,,,,,,firms,VIIRS,VIIRS_NOAA21_NRT
-3.90261,122.41867,2025-03-12,1758,N21,n,2.0NRT,2.52,N,0.52,0.67,,,,,,firms,VIIRS,VIIRS_NOAA21_NRT
-3.90237,122.42353,2025-03-12,1758,N21,n,2.0NRT,2.19,N,0.52,0.67,,,,,,firms,VIIRS,VIIRS_NOAA21_NRT
-3.90197,122.41404,2025-03-12,1758,N21,n,2.0NRT,2.52,N,0.52,0.67,,,,,,firms,VIIRS,VIIRS_NOAA21_NRT
-3.90169,122.4189,2025-03-12,1758,N21,n,2.0NRT,2.19,N,0.52,0.67,,,,,,firms,VIIRS,VIIRS_NOAA21_NRT
-3.90102,122.4143,2025-03-12,1758,N21,n,2.0NRT,2.11,N,0.52,0.67,,,,,,firms,VIIRS,VIIRS_NOAA21_NRT
-3.87335,122.39493,2025-03-12,1758,N21,n,2.0NRT,3.31,N,0.52,0.67,,,,,,firms,VIIRS,VIIRS_NOAA21_NRT
-4.09171,114.70822,2025-03-13,455,N21,n,2.0NRT,5.0,D,0.75,0.77,,,,,,firms,VIIRS,VIIRS_NOAA21_NRT
-3.78637,120.28572,2025-03-13,455,N21,n,2.0NRT,6.92,D,0.6,0.53,,,,,,firms,VIIRS,VIIRS_NOAA21_NRT
-3.78535,120.28292,2025-03-13,455,N21,n,2.0NRT,11.0,D,0.6,0.53,,,,,,firms,VIIRS,VIIRS_NOAA21_NRT
-2.82323,122.15501,2025-03-13,455,N21,n,2.0NRT,6.59,D,0.43,0.46,,,,,,firms,VIIRS,VIIRS_NOAA21_NRT
-2.79972,129.50847,2025-03-13,455,N21,n,2.0NRT,3.23,D,0.41,0.37,,,,,,firms,VIIRS,VIIRS_NOAA21_NRT
-2.27077,121.76632,2025-03-13,455,N21,n,2.0NRT,6.97,D,0.45,0.47,,,,,,firms,VIIRS,VIIRS_NOAA21_NRT
-2.2683,121.76186,2025-03-13,455,N21,n,2.0NRT,4.18,D,0.45,0.47,,,,,,firms,VIIRS,VIIRS_NOAA21_NRT
-2.08361,120.92951,2025-03-13,455,N21,n,2.0NRT,7.4,D,0.51,0.49,,,,,,firms,VIIRS,VIIRS_NOAA21_NRT
-2.02328,121.21743,2025-03-13,455,N21,n,2.0NRT,3.51,D,0.49,0.48,,,,,,firms,VIIRS,VIIRS_NOAA21_NRT
-2.02291,121.21705,2025-03-13,455,N21,n,2.0NRT,2.68,D,0.49,0.48,,,,,,firms,VIIRS,VIIRS_NOAA21_NRT
-2.01093,121.41991,2025-03-13,455,N21,n,2.0NRT,5.43,D,0.47,0.48,,,,,,firms,VIIRS,VIIRS_NOAA21_NRT
-2.00653,121.41953,2025-03-13,455,N21,n,2.0NRT,7.14,D,0.47,0.48,,,,,,firms,VIIRS,VIIRS_NOAA21_NRT
-2.00466,121.43211,2025-03-13,455,N21,n,2.0NRT,6.3,D,0.47,0.48,,,,,,firms,VIIRS,VIIRS_NOAA21_NRT
-1.81989,136.74988,2025-03-13,455,N21,n,2.0NRT,8.22,D,0.38,0.58,,,,,,firms,VIIRS,VIIRS_NOAA21_NRT
-1.74595,120.57991,2025-03-13,455,N21,n,2.0NRT,5.18,D,0.53,0.5,,,,,,firms,VIIRS,VIIRS_NOAA21_NRT
-1.67943,121.92702,2025-03-13,455,N21,n,2.0NRT,24.25,D,0.43,0.46,,,,,,firms,VIIRS,VIIRS_NOAA21_NRT
-1.59279,121.96223,2025-03-13,455,N21,n,2.0NRT,3.3,D,0.43,0.46,,,,,,firms,VIIRS,VIIRS_NOAA21_NRT
-1.23519,122.98904,2025-03-13,455,N21,n,2.0NRT,5.65,D,0.55,0.43,,,,,,firms,VIIRS,VIIRS_NOAA21_NRT
-1.22603,122.91709,2025-03-13,455,N21,n,2.0NRT,9.77,D,0.55,0.43,,,,,,firms,VIIRS,VIIRS_NOAA21_NRT
-1.20158,123.02818,2025-03-13,455,N21,n,2.0NRT,5.67,D,0.55,0.42,,,,,,firms,VIIRS,VIIRS_NOAA21_NRT
-0.80368,120.10124,2025-03-13,455,N21,n,2.0NRT,9.56,D,0.56,0.51,,,,,,firms,VIIRS,VIIRS_NOAA21_NRT
0.48232,128.00214,2025-03-13,455,N21,n,2.0NRT,7.25,D,0.39,0.36,,,,,,firms,VIIRS,VIIRS_NOAA21_NRT
0.48284,128.00563,2025-03-13,455,N21,n,2.0NRT,6.32,D,0.39,0.36,,,,,,firms,VIIRS,VIIRS_NOAA21_NRT
1.7008,127.87614,2025-03-13,455,N21,n,2.0NRT,19.4,D,0.39,0.36,,,,,,firms,VIIRS,VIIRS_NOAA21_NRT
1.43716,118.01914,2025-03-13,457,N21,n,2.0NRT,3.07,D,0.36,0.57,,,,,,firms,VIIRS,VIIRS_NOAA21_NRT
3.27782,113.07135,2025-03-13,457,N21,n,2.0NRT,8.96,D,0.74,0.76,,,,,,firms,VIIRS,VIIRS_NOAA21_NRT
3.28695,113.08288,2025-03-13,457,N21,n,2.0NRT,6.87,D,0.74,0.76,,,,,,firms,VIIRS,VIIRS_NOAA21_NRT
4.97562,112.97878,2025-03-13,457,N21,n,2.0NRT,5.92,D,0.71,0.75,,,,,,firms,VIIRS,VIIRS_NOAA21_NRT
5.10375,120.29876,2025-03-13,457,N21,n,2.0NRT,6.34,D,0.44,0.46,,,,,,firms,VIIRS,VIIRS_NOAA21_NRT
5.2982,120.13536,2025-03-13,457,N21,n,2.0NRT,4.85,D,0.45,0.47,,,,,,firms,VIIRS,VIIRS_NOAA21_NRT
5.42873,114.70976,2025-03-13,457,N21,n,2.0NRT,5.41,D,0.53,0.67,,,,,,firms,VIIRS,VIIRS_NOAA21_NRT
5.42963,114.70992,2025-03-13,457,N21,n,2.0NRT,5.31,D,0.53,0.67,,,,,,firms,VIIRS,VIIRS_NOAA21_NRT
-5.79531,105.77426,2025-03-13,635,N21,n,2.0NRT,2.8,D,0.44,0.38,,,,,,firms,VIIRS,VIIRS_NOAA21_NRT
-3.80871,103.81878,2025-03-13,635,N21,n,2.0NRT,13.44,D,0.39,0.37,,,,,,firms,VIIRS,VIIRS_NOAA21_NRT
-2.10786,110.14349,2025-03-13,635,N21,n,2.0NRT,7.53,D,0.61,0.53,,,,,,firms,VIIRS,VIIRS_NOAA21_NRT
-1.6449,105.97535,2025-03-13,637,N21,n,2.0NRT,2.88,D,0.5,0.41,,,,,,firms,VIIRS,VIIRS_NOAA21_NRT
-1.64371,105.97187,2025-03-13,637,N21,n,2.0NRT,3.56,D,0.5,0.41,,,,,,firms,VIIRS,VIIRS_NOAA21_NRT
3.28759,113.08694,2025-03-13,637,N21,n,2.0NRT,7.37,D,0.6,0.7,,,,,,firms,VIIRS,VIIRS_NOAA21_NRT
3.36287,103.4152,2025-03-13,637,N21,n,2.0NRT,10.3,D,0.43,0.38,,,,,,firms,VIIRS,VIIRS_NOAA21_NRT
-1.81956,136.75063,2025-03-13,1556,N21,n,2.0NRT,1.03,N,0.4,0.44,,,,,,firms,VIIRS,VIIRS_NOAA21_NRT
-1.14609,136.03601,2025-03-13,1556,N21,n,2.0NRT,2.78,N,0.45,0.47,,,,,,firms,VIIRS,VIIRS_NOAA21_NRT
0.479,127.99191,2025-03-13,1737,N21,n,2.0NRT,2.17,N,0.51,0.66,,,,,,firms,VIIRS,VIIRS_NOAA21_NRT
0.48323,127.99162,2025-03-13,1737,N21,n,2.0NRT,3.95,N,0.51,0.66,,,,,,firms,VIIRS,VIIRS_NOAA21_NRT
0.48508,127.99255,2025-03-13,1737,N21,n,2.0NRT,1.58,N,0.51,0.66,,,,,,firms,VIIRS,VIIRS_NOAA21_NRT
0.48578,127.9882,2025-03-13,1737,N21,n,2.0NRT,1.58,N,0.51,0.66,,,,,,firms,VIIRS,VIIRS_NOAA21_NRT
0.50693,127.89523,2025-03-13,1737,N21,n,2.0NRT,1.5,N,0.5,0.66,,,,,,firms,VIIRS,VIIRS_NOAA21_NRT
0.5104,127.89505,2025-03-13,1737,N21,n,2.0NRT,3.11,N,0.5,0.66,,,,,,firms,VIIRS,VIIRS_NOAA21_NRT
0.5129,127.89629,2025-03-13,1737,N21,n,2.0NRT,2.11,N,0.5,0.66,,,,,,firms,VIIRS,VIIRS_NOAA21_NRT
1.4902,127.63685,2025-03-13,1737,N21,n,2.0NRT,1.42,N,0.46,0.64,,,,,,firms,VIIRS,VIIRS_NOAA21_NRT
1.49083,127.63285,2025-03-13,1737,N21,n,2.0NRT,1.42,N,0.46,0.64,,,,,,firms,VIIRS,VIIRS_NOAA21_NRT
1.49086,127.63569,2025-03-13,1737,N21,n,2.0NRT,9.22,N,0.46,0.64,,,,,,firms,VIIRS,VIIRS_NOAA21_NRT
1.49587,127.63857,2025-03-13,1737,N21,n,2.0NRT,3.96,N,0.46,0.64,,,,,,firms,VIIRS,VIIRS_NOAA21_NRT
1.49654,127.63736,2025-03-13,1737,N21,n,2.0NRT,1.35,N,0.46,0.64,,,,,,firms,VIIRS,VIIRS_NOAA21_NRT
1.49655,127.63427,2025-03-13,1737,N21,n,2.0NRT,3.96,N,0.46,0.64,,,,,,firms,VIIRS,VIIRS_NOAA21_NRT
4.98042,112.98183,2025-03-13,1737,N21,n,2.0NRT,5.89,N,0.39,0.44,,,,,,firms,VIIRS,VIIRS_NOAA21_NRT
5.21098,114.7442,2025-03-13,1737,N21,n,2.0NRT,2.92,N,0.47,0.4,,,,,,firms,VIIRS,VIIRS_NOAA21_NRT
5.21999,116.43639,2025-03-13,1737,N21,n,2.0NRT,0.44,N,0.4,0.37,,,,,,firms,VIIRS,VIIRS_NOAA21_NRT
-3.17263,114.20081,2025-03-13,1739,N21,n,2.0NRT,2.58,N,0.42,0.37,,,,,,firms,VIIRS,VIIRS_NOAA21_NRT
-2.87393,115.2627,2025-03-13,1739,N21,n,2.0NRT,1.53,N,0.39,0.36,,,,,,firms,VIIRS,VIIRS_NOAA21_NRT
-2.21353,115.52049,2025-03-13,1739,N21,n,2.0NRT,1.28,N,0.39,0.36,,,,,,firms,VIIRS,VIIRS_NOAA21_NRT
-2.21304,115.49559,2025-03-13,1739,N21,n,2.0NRT,0.74,N,0.39,0.36,,,,,,firms,VIIRS,VIIRS_NOAA21_NRT
-2.21026,115.49959,2025-03-13,1739,N21,n,2.0NRT,1.17,N,0.39,0.36,,,,,,firms,VIIRS,VIIRS_NOAA21_NRT
-2.20972,115.49611,2025-03-13,1739,N21,n,2.0NRT,0.74,N,0.39,0.36,,,,,,firms,VIIRS,VIIRS_NOAA21_NRT
-2.1979,115.57278,2025-03-13,1739,N21,n,2.0NRT,0.93,N,0.39,0.36,,,,,,firms,VIIRS,VIIRS_NOAA21_NRT
-2.17411,115.57292,2025-03-13,1739,N21,n,2.0NRT,1.54,N,0.39,0.36,,,,,,firms,VIIRS,VIIRS_NOAA21_NRT
-2.16415,115.57448,2025-03-13,1739,N21,n,2.0NRT,1.26,N,0.39,0.36,,,,,,firms,VIIRS,VIIRS_NOAA21_NRT
-2.16207,115.49628,2025-03-13,1739,N21,n,2.0NRT,1.28,N,0.39,0.36,,,,,,firms,VIIRS,VIIRS_NOAA21_NRT
-2.16192,115.58194,2025-03-13,1739,N21,n,2.0NRT,3.47,N,0.39,0.36,,,,,,firms,VIIRS,VIIRS_NOAA21_NRT
-2.15861,115.58246,2025-03-13,1739,N21,n,2.0NRT,1.39,N,0.39,0.36,,,,,,firms,VIIRS,VIIRS_NOAA21_NRT
-2.06181,115.57251,2025-03-13,1739,N21,n,2.0NRT,0.91,N,0.39,0.36,,,,,,firms,VIIRS,VIIRS_NOAA21_NRT
-1.51446,114.39337,2025-03-13,1739,N21,n,2.0NRT,0.46,N,0.42,0.38,,,,,,firms,VIIRS,VIIRS_NOAA21_NRT
-1.45331,114.58624,2025-03-13,1739,N21,n,2.0NRT,1.1,N,0.42,0.37,,,,,,firms,VIIRS,VIIRS_NOAA21_NRT
-1.38147,122.48296,2025-03-13,1739,N21,n,2.0NRT,1.71,N,0.45,0.47,,,,,,firms,VIIRS,VIIRS_NOAA21_NRT
-1.32862,113.96628,2025-03-13,1739,N21,n,2.0NRT,0.87,N,0.44,0.38,,,,,,firms,VIIRS,VIIRS_NOAA21_NRT
-1.31578,113.08602,2025-03-13,1739,N21,n,2.0NRT,1.05,N,0.48,0.4,,,,,,firms,VIIRS,VIIRS_NOAA21_NRT
-1.31556,113.08743,2025-03-13,1739,N21,n,2.0NRT,0.92,N,0.48,0.4,,,,,,firms,VIIRS,VIIRS_NOAA21_NRT
-1.31211,113.0866,2025-03-13,1739,N21,n,2.0NRT,1.05,N,0.48,0.4,,,,,,firms,VIIRS,VIIRS_NOAA21_NRT
-1.31189,113.08801,2025-03-13,1739,N21,n,2.0NRT,0.83,N,0.48,0.4,,,,,,firms,VIIRS,VIIRS_NOAA21_NRT
-1.31078,113.07799,2025-03-13,1739,N21,n,2.0NRT,1.49,N,0.48,0.4,,,,,,firms,VIIRS,VIIRS_NOAA21_NRT
-1.30982,113.07512,2025-03-13,1739,N21,n,2.0NRT,0.99,N,0.48,0.4,,,,,,firms,VIIRS,VIIRS_NOAA21_NRT
-1.28923,114.26137,2025-03-13,1739,N21,n,2.0NRT,0.74,N,0.43,0.38,,,,,,firms,VIIRS,VIIRS_NOAA21_NRT
-1.23334,113.37641,2025-03-13,1739,N21,n,2.0NRT,0.84,N,0.47,0.4,,,,,,firms,VIIRS,VIIRS_NOAA21_NRT
-1.16221,114.76678,2025-03-13,1739,N21,n,2.0NRT,1.73,N,0.41,0.37,,,,,,firms,VIIRS,VIIRS_NOAA21_NRT
-8.31541,116.19515,2025-03-13,1741,N21,n,2.0NRT,0.59,N,0.39,0.37,,,,,,firms,VIIRS,VIIRS_NOAA21_NRT
-8.11388,112.92355,2025-03-13,1741,N21,n,2.0NRT,9.61,N,0.42,0.38,,,,,,firms,VIIRS,VIIRS_NOAA21_NRT
-7.94322,112.95528,2025-03-13,1741,N21,n,2.0NRT,1.06,N,0.42,0.38,,,,,,firms,VIIRS,VIIRS_NOAA21_NRT
-7.94262,112.95158,2025-03-13,1741,N21,n,2.0NRT,1.06,N,0.42,0.38,,,,,,firms,VIIRS,VIIRS_NOAA21_NRT
-7.24228,111.73428,2025-03-13,1741,N21,n,2.0NRT,0.9,N,0.48,0.4,,,,,,firms,VIIRS,VIIRS_NOAA21_NRT
-6.54733,108.09385,2025-03-13,1741,N21,n,2.0NRT,3.02,N,0.56,0.51,,,,,,firms,VIIRS,VIIRS_NOAA21_NRT
-6.48099,106.8991,2025-03-13,1741,N21,n,2.0NRT,0.67,N,0.34,0.56,,,,,,firms,VIIRS,VIIRS_NOAA21_NRT
-6.30907,107.14898,2025-03-13,1741,N21,n,2.0NRT,0.58,N,0.33,0.55,,,,,,firms,VIIRS,VIIRS_NOAA21_NRT
-6.18392,106.35371,2025-03-13,1741,N21,n,2.0NRT,1.02,N,0.37,0.58,,,,,,firms,VIIRS,VIIRS_NOAA21_NRT
3.99366,103.13622,2025-03-13,1917,N21,n,2.0NRT,1.78,N,0.48,0.65,,,,,,firms,VIIRS,VIIRS_NOAA21_NRT
3.99461,103.14005,2025-03-13,1917,N21,n,2.0NRT,1.15,N,0.48,0.65,,,,,,firms,VIIRS,VIIRS_NOAA21_NRT
-3.51561,138.13741,2025-03-14,436,N21,n,2.0NRT,5.5,D,0.42,0.45,,,,,,firms,VIIRS,VIIRS_NOAA21_NRT
-2.52414,133.10799,2025-03-14,436,N21,n,2.0NRT,2.8,D,0.39,0.36,,,,,,firms,VIIRS,VIIRS_NOAA21_NRT
-1.12698,134.87566,2025-03-14,436,N21,n,2.0NRT,4.35,D,0.44,0.39,,,,,,firms,VIIRS,VIIRS_NOAA21_NRT
-1.46003,127.43665,2025-03-14,438,N21,n,2.0NRT,12.14,D,0.38,0.44,,,,,,firms,VIIRS,VIIRS_NOAA21_NRT
-1.45608,127.43585,2025-03-14,438,N21,n,2.0NRT,12.14,D,0.38,0.44,,,,,,firms,VIIRS,VIIRS_NOAA21_NRT
-1.30467,123.32376,2025-03-14,438,N21,n,2.0NRT,3.9,D,0.36,0.58,,,,,,firms,VIIRS,VIIRS_NOAA21_NRT
-1.29826,122.06387,2025-03-14,438,N21,n,2.0NRT,9.6,D,0.45,0.63,,,,,,firms,VIIRS,VIIRS_NOAA21_NRT
-1.22164,122.94292,2025-03-14,438,N21,n,2.0NRT,3.37,D,0.39,0.59,,,,,,firms,VIIRS,VIIRS_NOAA21_NRT
-1.21904,122.9425,2025-03-14,438,N21,n,2.0NRT,3.21,D,0.39,0.59,,,,,,firms,VIIRS,VIIRS_NOAA21_NRT
-0.86953,133.77318,2025-03-14,438,N21,n,2.0NRT,5.88,D,0.41,0.37,,,,,,firms,VIIRS,VIIRS_NOAA21_NRT
-0.75886,133.53531,2025-03-14,438,N21,n,2.0NRT,2.23,D,0.4,0.37,,,,,,firms,VIIRS,VIIRS_NOAA21_NRT
-5.64828,107.51769,2025-03-14,618,N21,n,2.0NRT,4.89,D,0.38,0.36,,,,,,firms,VIIRS,VIIRS_NOAA21_NRT
-0.9944,110.47716,2025-03-14,618,N21,n,2.0NRT,2.17,D,0.49,0.41,,,,,,firms,VIIRS,VIIRS_NOAA21_NRT
-0.77861,116.20792,2025-03-14,618,N21,n,2.0NRT,6.4,D,0.4,0.6,,,,,,firms,VIIRS,VIIRS_NOAA21_NRT
-0.77316,116.20705,2025-03-14,618,N21,n,2.0NRT,6.4,D,0.4,0.6,,,,,,firms,VIIRS,VIIRS_NOAA21_NRT
-0.52749,116.18887,2025-03-14,618,N21,n,2.0NRT,6.57,D,0.4,0.6,,,,,,firms,VIIRS,VIIRS_NOAA21_NRT
2.79829,117.5106,2025-03-14,620,N21,n,2.0NRT,7.09,D,0.56,0.69,,,,,,firms,VIIRS,VIIRS_NOAA21_NRT
3.27585,113.07301,2025-03-14,620,N21,n,2.0NRT,10.66,D,0.55,0.51,,,,,,firms,VIIRS,VIIRS_NOAA21_NRT
3.28742,113.08663,2025-03-14,620,N21,n,2.0NRT,11.1,D,0.56,0.51,,,,,,firms,VIIRS,VIIRS_NOAA21_NRT
4.24544,114.31095,2025-03-14,620,N21,n,2.0NRT,4.59,D,0.35,0.57,,,,,,firms,VIIRS,VIIRS_NOAA21_NRT
4.73973,113.72882,2025-03-14,620,N21,n,2.0NRT,2.59,D,0.32,0.55,,,,,,firms,VIIRS,VIIRS_NOAA21_NRT
5.98895,116.43982,2025-03-14,620,N21,n,2.0NRT,6.96,D,0.52,0.67,,,,,,firms,VIIRS,VIIRS_NOAA21_NRT
-1.56671,127.42782,2025-03-14,1717,N21,n,2.0NRT,2.75,N,0.47,0.47,,,,,,firms,VIIRS,VIIRS_NOAA21_NRT
-1.46145,127.4358,2025-03-14,1717,N21,n,2.0NRT,1.46,N,0.47,0.47,,,,,,firms,VIIRS,VIIRS_NOAA21_NRT
-1.46005,127.43883,2025-03-14,1717,N21,n,2.0NRT,10.83,N,0.47,0.47,,,,,,firms,VIIRS,VIIRS_NOAA21_NRT
-1.45946,127.4351,2025-03-14,1717,N21,n,2.0NRT,10.83,N,0.46,0.47,,,,,,firms,VIIRS,VIIRS_NOAA21_NRT
-1.38315,122.48142,2025-03-14,1717,N21,n,2.0NRT,1.14,N,0.39,0.37,,,,,,firms,VIIRS,VIIRS_NOAA21_NRT
-0.49785,117.29636,2025-03-14,1717,N21,n,2.0NRT,0.37,N,0.53,0.42,,,,,,firms,VIIRS,VIIRS_NOAA21_NRT
0.47876,127.99053,2025-03-14,1717,N21,n,2.0NRT,1.99,N,0.47,0.48,,,,,,firms,VIIRS,VIIRS_NOAA21_NRT
0.4812,128.00372,2025-03-14,1717,N21,n,2.0NRT,5.63,N,0.48,0.48,,,,,,firms,VIIRS,VIIRS_NOAA21_NRT
0.48249,127.99532,2025-03-14,1717,N21,n,2.0NRT,1.99,N,0.47,0.48,,,,,,firms,VIIRS,VIIRS_NOAA21_NRT
0.48314,127.99115,2025-03-14,1717,N21,n,2.0NRT,1.99,N,0.47,0.48,,,,,,firms,VIIRS,VIIRS_NOAA21_NRT
0.511,127.89685,2025-03-14,1717,N21,n,2.0NRT,1.59,N,0.47,0.48,,,,,,firms,VIIRS,VIIRS_NOAA21_NRT
0.51163,127.89276,2025-03-14,1717,N21,n,2.0NRT,1.59,N,0.47,0.47,,,,,,firms,VIIRS,VIIRS_NOAA21_NRT
0.51272,127.89628,2025-03-14,1717,N21,n,2.0NRT,1.26,N,0.47,0.47,,,,,,firms,VIIRS,VIIRS_NOAA21_NRT
0.68299,117.55966,2025-03-14,1717,N21,n,2.0NRT,2.04,N,0.53,0.42,,,,,,firms,VIIRS,VIIRS_NOAA21_NRT
0.68756,117.5555,2025-03-14,1717,N21,n,2.0NRT,2.04,N,0.53,0.42,,,,,,firms,VIIRS,VIIRS_NOAA21_NRT
0.77709,127.38005,2025-03-14,1717,N21,n,2.0NRT,2.11,N,0.43,0.46,,,,,,firms,VIIRS,VIIRS_NOAA21_NRT
1.05048,117.63639,2025-03-14,1717,N21,n,2.0NRT,1.2,N,0.53,0.42,,,,,,firms,VIIRS,VIIRS_NOAA21_NRT
1.49151,127.63541,2025-03-14,1717,N21,n,2.0NRT,4.8,N,0.43,0.46,,,,,,firms,VIIRS,VIIRS_NOAA21_NRT
1.4921,127.63165,2025-03-14,1717,N21,n,2.0NRT,5.88,N,0.43,0.46,,,,,,firms,VIIRS,VIIRS_NOAA21_NRT
1.49568,127.63621,2025-03-14,1717,N21,n,2.0NRT,4.8,N,0.43,0.46,,,,,,firms,VIIRS,VIIRS_NOAA21_NRT
1.49627,127.63245,2025-03-14,1717,N21,n,2.0NRT,5.88,N,0.43,0.46,,,,,,firms,VIIRS,VIIRS_NOAA21_NRT
1.6966,127.87537,2025-03-14,1717,N21,n,2.0NRT,1.51,N,0.45,0.47,,,,,,firms,VIIRS,VIIRS_NOAA21_NRT
1.70084,127.87608,2025-03-14,1717,N21,n,2.0NRT,1.51,N,0.45,0.47,,,,,,firms,VIIRS,VIIRS_NOAA21_NRT
2.78086,125.40727,2025-03-14,1717,N21,n,2.0NRT,2.57,N,0.46,0.39,,,,,,firms,VIIRS,VIIRS_NOAA21_NRT
3.75471,113.8485,2025-03-14,1717,N21,n,2.0NRT,0.45,N,0.35,0.56,,,,,,firms,VIIRS,VIIRS_NOAA21_NRT
4.2438,114.31148,2025-03-14,1717,N21,n,2.0NRT,0.9,N,0.33,0.55,,,,,,firms,VIIRS,VIIRS_NOAA21_NRT
4.24411,114.3118,2025-03-14,1717,N21,n,2.0NRT,0.73,N,0.33,0.55,,,,,,firms,VIIRS,VIIRS_NOAA21_NRT
4.24422,114.30854,2025-03-14,1717,N21,n,2.0NRT,0.9,N,0.33,0.55,,,,,,firms,VIIRS,VIIRS_NOAA21_NRT
4.24455,114.30886,2025-03-14,1717,N21,n,2.0NRT,0.82,N,0.33,0.55,,,,,,firms,VIIRS,VIIRS_NOAA21_NRT
4.24884,114.31224,2025-03-14,1717,N21,n,2.0NRT,0.9,N,0.33,0.55,,,,,,firms,VIIRS,VIIRS_NOAA21_NRT
4.97837,112.97945,2025-03-14,1717,N21,n,2.0NRT,5.5,N,0.42,0.61,,,,,,firms,VIIRS,VIIRS_NOAA21_NRT
4.97939,112.97974,2025-03-14,1717,N21,n,2.0NRT,5.68,N,0.42,0.61,,,,,,firms,VIIRS,VIIRS_NOAA21_NRT
-8.53831,122.76788,2025-03-14,1720,N21,n,2.0NRT,1.53,N,0.46,0.39,,,,,,firms,VIIRS,VIIRS_NOAA21_NRT
-8.27326,123.50702,2025-03-14,1720,N21,n,2.0NRT,7.12,N,0.49,0.41,,,,,,firms,VIIRS,VIIRS_NOAA21_NRT
-7.17057,112.66647,2025-03-14,1720,N21,n,2.0NRT,1.86,N,0.56,0.51,,,,,,firms,VIIRS,VIIRS_NOAA21_NRT
-3.90388,122.42152,2025-03-14,1720,N21,n,2.0NRT,1.13,N,0.41,0.37,,,,,,firms,VIIRS,VIIRS_NOAA21_NRT
-3.90333,122.41791,2025-03-14,1720,N21,n,2.0NRT,1.13,N,0.41,0.37,,,,,,firms,VIIRS,VIIRS_NOAA21_NRT
-3.8718,122.39307,2025-03-14,1720,N21,n,2.0NRT,0.85,N,0.4,0.37,,,,,,firms,VIIRS,VIIRS_NOAA21_NRT
-3.87063,122.40808,2025-03-14,1720,N21,n,2.0NRT,1.84,N,0.41,0.37,,,,,,firms,VIIRS,VIIRS_NOAA21_NRT
-3.87008,122.40446,2025-03-14,1720,N21,n,2.0NRT,0.85,N,0.41,0.37,,,,,,firms,VIIRS,VIIRS_NOAA21_NRT
-3.86952,122.40083,2025-03-14,1720,N21,n,2.0NRT,0.85,N,0.4,0.37,,,,,,firms,VIIRS,VIIRS_NOAA21_NRT
-2.87659,115.26485,2025-03-14,1720,N21,n,2.0NRT,2.16,N,0.44,0.46,,,,,,firms,VIIRS,VIIRS_NOAA21_NRT
-2.57602,121.38274,2025-03-14,1720,N21,n,2.0NRT,2.68,N,0.38,0.36,,,,,,firms,VIIRS,VIIRS_NOAA21_NRT
-2.57548,121.3793,2025-03-14,1720,N21,n,2.0NRT,2.68,N,0.38,0.36,,,,,,firms,VIIRS,VIIRS_NOAA21_NRT
-2.2117,115.49899,2025-03-14,1720,N21,n,2.0NRT,5.86,N,0.43,0.46,,,,,,firms,VIIRS,VIIRS_NOAA21_NRT
-2.21083,115.49957,2025-03-14,1720,N21,n,2.0NRT,6.99,N,0.43,0.46,,,,,,firms,VIIRS,VIIRS_NOAA21_NRT
-2.16277,115.49504,2025-03-14,1720,N21,n,2.0NRT,1.33,N,0.43,0.46,,,,,,firms,VIIRS,VIIRS_NOAA21_NRT
-2.01022,121.41892,2025-03-14,1720,N21,n,2.0NRT,3.54,N,0.38,0.36,,,,,,firms,VIIRS,VIIRS_NOAA21_NRT
-1.89652,115.86559,2025-03-14,1720,N21,n,2.0NRT,3.78,N,0.41,0.45,,,,,,firms,VIIRS,VIIRS_NOAA21_NRT
-1.89241,115.86623,2025-03-14,1720,N21,n,2.0NRT,3.78,N,0.41,0.45,,,,,,firms,VIIRS,VIIRS_NOAA21_NRT
-7.54336,110.43022,2025-03-14,1722,N21,n,2.0NRT,0.95,N,0.39,0.6,,,,,,firms,VIIRS,VIIRS_NOAA21_NRT
3.09701,102.71567,2025-03-14,1858,N21,n,2.0NRT,1.65,N,0.44,0.46,,,,,,firms,VIIRS,VIIRS_NOAA21_NRT
5.37326,104.89584,2025-03-14,1858,N21,n,2.0NRT,1.7,N,0.57,0.52,,,,,,firms,VIIRS,VIIRS_NOAA21_NRT
5.44281,105.38561,2025-03-14,1858,N21,n,2.0NRT,1.93,N,0.61,0.54,,,,,,firms,VIIRS,VIIRS_NOAA21_NRT
5.44375,105.38018,2025-03-14,1858,N21,n,2.0NRT,1.8,N,0.61,0.54,,,,,,firms,VIIRS,VIIRS_NOAA21_NRT
5.44468,105.37475,2025-03-14,1858,N21,n,2.0NRT,1.8,N,0.61,0.53,,,,,,firms,VIIRS,VIIRS_NOAA21_NRT
5.44489,105.38441,2025-03-14,1858,N21,n,2.0NRT,16.7,N,0.61,0.54,,,,,,firms,VIIRS,VIIRS_NOAA21_NRT
5.44578,105.37897,2025-03-14,1858,N21,n,2.0NRT,16.7,N,0.61,0.54,,,,,,firms,VIIRS,VIIRS_NOAA21_NRT
5.44668,105.37352,2025-03-14,1858,N21,n,2.0NRT,2.19,N,0.61,0.54,,,,,,firms,VIIRS,VIIRS_NOAA21_NRT
5.44861,105.38103,2025-03-14,1858,N21,n,2.0NRT,15.14,N,0.61,0.54,,,,,,firms,VIIRS,VIIRS_NOAA21_NRT
5.44954,105.3756,2025-03-14,1858,N21,n,2.0NRT,15.14,N,0.61,0.53,,,,,,firms,VIIRS,VIIRS_NOAA21_NRT
5.58485,104.47574,2025-03-14,1858,N21,n,2.0NRT,1.78,N,0.53,0.5,,,,,,firms,VIIRS,VIIRS_NOAA21_NRT
5.64535,104.97916,2025-03-14,1858,N21,n,2.0NRT,1.2,N,0.57,0.52,,,,,,firms,VIIRS,VIIRS_NOAA21_NRT
-4.55182,136.88742,2025-03-15,417,N21,l,2.0NRT,9.04,D,0.39,0.36,,,,,,firms,VIIRS,VIIRS_NOAA21_NRT
-1.45904,127.43723,2025-03-15,417,N21,h,2.0NRT,13.7,D,0.41,0.6,,,,,,firms,VIIRS,VIIRS_NOAA21_NRT
-3.05358,139.95045,2025-03-15,419,N21,n,2.0NRT,4.25,D,0.44,0.38,,,,,,firms,VIIRS,VIIRS_NOAA21_NRT
-3.87138,122.40257,2025-03-15,557,N21,n,2.0NRT,6.91,D,0.44,0.63,,,,,,firms,VIIRS,VIIRS_NOAA21_NRT
-3.01409,121.12112,2025-03-15,557,N21,n,2.0NRT,3.36,D,0.37,0.58,,,,,,firms,VIIRS,VIIRS_NOAA21_NRT
-2.953,121.39074,2025-03-15,557,N21,n,2.0NRT,6.97,D,0.39,0.59,,,,,,firms,VIIRS,VIIRS_NOAA21_NRT
-2.85911,121.17388,2025-03-15,557,N21,n,2.0NRT,3.89,D,0.38,0.59,,,,,,firms,VIIRS,VIIRS_NOAA21_NRT
-2.81834,121.10028,2025-03-15,557,N21,n,2.0NRT,4.83,D,0.38,0.58,,,,,,firms,VIIRS,VIIRS_NOAA21_NRT
-2.74362,120.47617,2025-03-15,557,N21,n,2.0NRT,1.74,D,0.34,0.56,,,,,,firms,VIIRS,VIIRS_NOAA21_NRT
-2.0129,121.42086,2025-03-15,557,N21,n,2.0NRT,10.08,D,0.41,0.6,,,,,,firms,VIIRS,VIIRS_NOAA21_NRT
-1.42316,120.97002,2025-03-15,557,N21,n,2.0NRT,5.47,D,0.39,0.59,,,,,,firms,VIIRS,VIIRS_NOAA21_NRT
-1.26055,122.02011,2025-03-15,557,N21,n,2.0NRT,7.51,D,0.46,0.64,,,,,,firms,VIIRS,VIIRS_NOAA21_NRT
-1.06123,121.54212,2025-03-15,557,N21,n,2.0NRT,3.25,D,0.43,0.62,,,,,,firms,VIIRS,VIIRS_NOAA21_NRT
-0.60071,117.03381,2025-03-15,559,N21,n,2.0NRT,6.54,D,0.43,0.46,,,,,,firms,VIIRS,VIIRS_NOAA21_NRT
0.38066,119.88435,2025-03-15,559,N21,n,2.0NRT,4.41,D,0.35,0.56,,,,,,firms,VIIRS,VIIRS_NOAA21_NRT
0.38233,119.88309,2025-03-15,559,N21,n,2.0NRT,6.24,D,0.35,0.57,,,,,,firms,VIIRS,VIIRS_NOAA21_NRT
0.58183,117.19598,2025-03-15,559,N21,n,2.0NRT,7.69,D,0.46,0.47,,,,,,firms,VIIRS,VIIRS_NOAA21_NRT
0.58246,117.20007,2025-03-15,559,N21,n,2.0NRT,6.41,D,0.46,0.47,,,,,,firms,VIIRS,VIIRS_NOAA21_NRT
0.59232,117.20692,2025-03-15,559,N21,n,2.0NRT,7.87,D,0.46,0.47,,,,,,firms,VIIRS,VIIRS_NOAA21_NRT
0.6751,116.75452,2025-03-15,559,N21,n,2.0NRT,7.48,D,0.43,0.46,,,,,,firms,VIIRS,VIIRS_NOAA21_NRT
0.68246,117.5592,2025-03-15,559,N21,n,2.0NRT,13.73,D,0.49,0.48,,,,,,firms,VIIRS,VIIRS_NOAA21_NRT
0.68263,117.55809,2025-03-15,559,N21,n,2.0NRT,12.18,D,0.48,0.48,,,,,,firms,VIIRS,VIIRS_NOAA21_NRT
0.71922,116.73544,2025-03-15,559,N21,n,2.0NRT,4.83,D,0.43,0.46,,,,,,firms,VIIRS,VIIRS_NOAA21_NRT
0.73388,116.88808,2025-03-15,559,N21,n,2.0NRT,9.37,D,0.44,0.46,,,,,,firms,VIIRS,VIIRS_NOAA21_NRT
0.76284,116.87981,2025-03-15,559,N21,n,2.0NRT,5.68,D,0.44,0.46,,,,,,firms,VIIRS,VIIRS_NOAA21_NRT
0.89141,116.78182,2025-03-15,559,N21,n,2.0NRT,6.89,D,0.43,0.46,,,,,,firms,VIIRS,VIIRS_NOAA21_NRT
1.18171,116.98508,2025-03-15,559,N21,n,2.0NRT,11.03,D,0.45,0.47,,,,,,firms,VIIRS,VIIRS_NOAA21_NRT
1.23801,117.00936,2025-03-15,559,N21,n,2.0NRT,5.79,D,0.45,0.47,,,,,,firms,VIIRS,VIIRS_NOAA21_NRT
1.24092,117.00942,2025-03-15,559,N21,n,2.0NRT,5.41,D,0.45,0.47,,,,,,firms,VIIRS,VIIRS_NOAA21_NRT
1.3145,116.68679,2025-03-15,559,N21,n,2.0NRT,7.62,D,0.43,0.46,,,,,,firms,VIIRS,VIIRS_NOAA21_NRT
1.33245,116.69198,2025-03-15,559,N21,n,2.0NRT,6.0,D,0.43,0.46,,,,,,firms,VIIRS,VIIRS_NOAA21_NRT
1.34679,116.70154,2025-03-15,559,N21,n,2.0NRT,4.97,D,0.43,0.46,,,,,,firms,VIIRS,VIIRS_NOAA21_NRT
1.35368,116.77615,2025-03-15,559,N21,n,2.0NRT,4.07,D,0.44,0.46,,,,,,firms,VIIRS,VIIRS_NOAA21_NRT
1.51066,117.07265,2025-03-15,559,N21,n,2.0NRT,5.3,D,0.46,0.47,,,,,,firms,VIIRS,VIIRS_NOAA21_NRT
1.51129,117.07687,2025-03-15,559,N21,n,2.0NRT,5.3,D,0.46,0.47,,,,,,firms,VIIRS,VIIRS_NOAA21_NRT
2.23907,111.85394,2025-03-15,559,N21,n,2.0NRT,5.91,D,0.39,0.36,,,,,,firms,VIIRS,VIIRS_NOAA21_NRT
2.2396,111.85744,2025-03-15,559,N21,n,2.0NRT,5.91,D,0.39,0.36,,,,,,firms,VIIRS,VIIRS_NOAA21_NRT
2.35954,111.79574,2025-03-15,559,N21,n,2.0NRT,3.49,D,0.39,0.36,,,,,,firms,VIIRS,VIIRS_NOAA21_NRT
3.2867,113.0843,2025-03-15,559,N21,n,2.0NRT,12.24,D,0.43,0.38,,,,,,firms,VIIRS,VIIRS_NOAA21_NRT
3.52368,113.31446,2025-03-15,559,N21,n,2.0NRT,9.37,D,0.45,0.39,,,,,,firms,VIIRS,VIIRS_NOAA21_NRT
3.53548,113.34537,2025-03-15,559,N21,n,2.0NRT,6.66,D,0.45,0.39,,,,,,firms,VIIRS,VIIRS_NOAA21_NRT
3.54147,116.55294,2025-03-15,559,N21,n,2.0NRT,5.34,D,0.46,0.47,,,,,,firms,VIIRS,VIIRS_NOAA21_NRT
3.54375,113.35229,2025-03-15,559,N21,n,2.0NRT,6.91,D,0.45,0.39,,,,,,firms,VIIRS,VIIRS_NOAA21_NRT
3.60496,115.84036,2025-03-15,559,N21,n,2.0NRT,12.12,D,0.41,0.45,,,,,,firms,VIIRS,VIIRS_NOAA21_NRT
4.24054,113.98737,2025-03-15,559,N21,n,2.0NRT,18.94,D,0.49,0.4,,,,,,firms,VIIRS,VIIRS_NOAA21_NRT
4.24673,114.31044,2025-03-15,559,N21,n,2.0NRT,14.56,D,0.51,0.41,,,,,,firms,VIIRS,VIIRS_NOAA21_NRT
3.12848,103.09949,2025-03-15,601,N21,n,2.0NRT,4.38,D,0.58,0.52,,,,,,firms,VIIRS,VIIRS_NOAA21_NRT
4.70062,113.94044,2025-03-15,601,N21,n,2.0NRT,3.09,D,0.49,0.4,,,,,,firms,VIIRS,VIIRS_NOAA21_NRT
4.74105,113.72981,2025-03-15,601,N21,n,2.0NRT,3.07,D,0.48,0.4,,,,,,firms,VIIRS,VIIRS_NOAA21_NRT
5.2096,114.74487,2025-03-15,601,N21,n,2.0NRT,8.34,D,0.56,0.43,,,,,,firms,VIIRS,VIIRS_NOAA21_NRT
5.21351,114.74429,2025-03-15,601,N21,n,2.0NRT,4.78,D,0.56,0.43,,,,,,firms,VIIRS,VIIRS_NOAA21_NRT
5.42952,114.71207,2025-03-15,601,N21,n,2.0NRT,5.32,D,0.56,0.43,,,,,,firms,VIIRS,VIIRS_NOAA21_NRT
5.44346,116.22083,2025-03-15,601,N21,n,2.0NRT,8.99,D,0.46,0.47,,,,,,firms,VIIRS,VIIRS_NOAA21_NRT
5.64883,104.97846,2025-03-15,601,N21,n,2.0NRT,27.16,D,0.4,0.44,,,,,,firms,VIIRS,VIIRS_NOAA21_NRT
5.66101,116.44575,2025-03-15,601,N21,n,2.0NRT,16.19,D,0.48,0.48,,,,,,firms,VIIRS,VIIRS_NOAA21_NRT
1.4927,127.63256,2025-03-15,1658,N21,n,2.0NRT,1.94,N,0.39,0.36,,,,,,firms,VIIRS,VIIRS_NOAA21_NRT
1.49602,127.63311,2025-03-15,1658,N21,n,2.0NRT,0.9,N,0.39,0.36,,,,,,firms,VIIRS,VIIRS_NOAA21_NRT
1.69958,127.87599,2025-03-15,1658,N21,n,2.0NRT,1.18,N,0.39,0.36,,,,,,firms,VIIRS,VIIRS_NOAA21_NRT
2.78184,125.40598,2025-03-15,1658,N21,n,2.0NRT,2.55,N,0.41,0.37,,,,,,firms,VIIRS,VIIRS_NOAA21_NRT
-3.55478,126.20837,2025-03-15,1700,N21,n,2.0NRT,0.59,N,0.39,0.36,,,,,,firms,VIIRS,VIIRS_NOAA21_NRT
-2.87661,122.16225,2025-03-15,1700,N21,n,2.0NRT,2.09,N,0.49,0.4,,,,,,firms,VIIRS,VIIRS_NOAA21_NRT
-1.5647,127.42722,2025-03-15,1700,N21,n,2.0NRT,2.01,N,0.4,0.37,,,,,,firms,VIIRS,VIIRS_NOAA21_NRT
-3.81002,103.81906,2025-03-15,1841,N21,n,2.0NRT,1.42,N,0.49,0.4,,,,,,firms,VIIRS,VIIRS_NOAA21_NRT
-3.80632,103.81962,2025-03-15,1841,N21,n,2.0NRT,8.07,N,0.49,0.4,,,,,,firms,VIIRS,VIIRS_NOAA21_NRT
-3.80566,103.81531,2025-03-15,1841,N21,n,2.0NRT,8.07,N,0.49,0.4,,,,,,firms,VIIRS,VIIRS_NOAA21_NRT
-0.39169,100.45719,2025-03-15,1841,N21,n,2.0NRT,0.62,N,0.39,0.36,,,,,,firms,VIIRS,VIIRS_NOAA21_NRT
0.68225,101.11966,2025-03-15,1841,N21,n,2.0NRT,0.53,N,0.38,0.36,,,,,,firms,VIIRS,VIIRS_NOAA21_NRT
2.26368,102.12691,2025-03-15,1841,N21,n,2.0NRT,3.35,N,0.39,0.36,,,,,,firms,VIIRS,VIIRS_NOAA21_NRT
2.73939,102.39301,2025-03-15,1841,N21,n,2.0NRT,1.7,N,0.39,0.36,,,,,,firms,VIIRS,VIIRS_NOAA21_NRT
2.8041,102.26128,2025-03-15,1841,N21,n,2.0NRT,0.74,N,0.39,0.36,,,,,,firms,VIIRS,VIIRS_NOAA21_NRT
3.00452,103.25719,2025-03-15,1841,N21,n,2.0NRT,0.68,N,0.4,0.37,,,,,,firms,VIIRS,VIIRS_NOAA21_NRT
3.04854,101.48002,2025-03-15,1841,N21,n,2.0NRT,1.42,N,0.38,0.36,,,,,,firms,VIIRS,VIIRS_NOAA21_NRT
4.95747,106.0953,2025-03-15,1841,N21,n,2.0NRT,5.51,N,0.51,0.41,,,,,,firms,VIIRS,VIIRS_NOAA21_NRT
5.3703,104.89651,2025-03-15,1841,N21,n,2.0NRT,2.11,N,0.44,0.38,,,,,,firms,VIIRS,VIIRS_NOAA21_NRT
5.50178,105.20732,2025-03-15,1841,N21,n,2.0NRT,3.04,N,0.45,0.39,,,,,,firms,VIIRS,VIIRS_NOAA21_NRT
5.58585,104.47575,2025-03-15,1841,N21,n,2.0NRT,1.28,N,0.42,0.38,,,,,,firms,VIIRS,VIIRS_NOAA21_NRT
5.64386,105.04375,2025-03-15,1841,N21,n,2.0NRT,3.17,N,0.44,0.39,,,,,,firms,VIIRS,VIIRS_NOAA21_NRT
5.64433,105.04338,2025-03-15,1841,N21,n,2.0NRT,3.21,N,0.44,0.39,,,,,,firms,VIIRS,VIIRS_NOAA21_NRT
-9.29722,119.94323,2025-03-16,538,N21,n,2.0NRT,3.02,D,0.41,0.37,,,,,,firms,VIIRS,VIIRS_NOAA21_NRT
-4.86621,122.41397,2025-03-16,540,N21,n,2.0NRT,3.99,D,0.41,0.45,,,,,,firms,VIIRS,VIIRS_NOAA21_NRT
-4.51908,121.92976,2025-03-16,540,N21,n,2.0NRT,4.87,D,0.38,0.43,,,,,,firms,VIIRS,VIIRS_NOAA21_NRT
-4.51852,121.93318,2025-03-16,540,N21,n,2.0NRT,23.46,D,0.38,0.43,,,,,,firms,VIIRS,VIIRS_NOAA21_NRT
-4.29392,122.31257,2025-03-16,540,N21,n,2.0NRT,4.66,D,0.41,0.45,,,,,,firms,VIIRS,VIIRS_NOAA21_NRT
-4.07839,121.91692,2025-03-16,540,N21,n,2.0NRT,4.54,D,0.39,0.44,,,,,,firms,VIIRS,VIIRS_NOAA21_NRT
-3.99328,121.7722,2025-03-16,540,N21,n,2.0NRT,8.75,D,0.57,0.43,,,,,,firms,VIIRS,VIIRS_NOAA21_NRT
-3.78606,120.13613,2025-03-16,540,N21,n,2.0NRT,8.39,D,0.47,0.39,,,,,,firms,VIIRS,VIIRS_NOAA21_NRT
-2.83117,122.1733,2025-03-16,540,N21,n,2.0NRT,6.9,D,0.42,0.45,,,,,,firms,VIIRS,VIIRS_NOAA21_NRT
-2.82941,122.17326,2025-03-16,540,N21,n,2.0NRT,9.42,D,0.42,0.45,,,,,,firms,VIIRS,VIIRS_NOAA21_NRT
-2.01089,121.41718,2025-03-16,540,N21,n,2.0NRT,6.47,D,0.39,0.44,,,,,,firms,VIIRS,VIIRS_NOAA21_NRT
-1.58917,123.13215,2025-03-16,540,N21,n,2.0NRT,7.5,D,0.51,0.49,,,,,,firms,VIIRS,VIIRS_NOAA21_NRT
-1.58748,123.12961,2025-03-16,540,N21,n,2.0NRT,7.48,D,0.51,0.49,,,,,,firms,VIIRS,VIIRS_NOAA21_NRT
-1.5662,122.14545,2025-03-16,540,N21,n,2.0NRT,6.31,D,0.44,0.46,,,,,,firms,VIIRS,VIIRS_NOAA21_NRT
-1.37965,122.42866,2025-03-16,540,N21,n,2.0NRT,53.48,D,0.46,0.47,,,,,,firms,VIIRS,VIIRS_NOAA21_NRT
-1.37723,122.43096,2025-03-16,540,N21,n,2.0NRT,30.72,D,0.46,0.47,,,,,,firms,VIIRS,VIIRS_NOAA21_NRT
-1.37598,122.42382,2025-03-16,540,N21,n,2.0NRT,53.48,D,0.46,0.47,,,,,,firms,VIIRS,VIIRS_NOAA21_NRT
-1.37535,122.42797,2025-03-16,540,N21,n,2.0NRT,53.48,D,0.46,0.47,,,,,,firms,VIIRS,VIIRS_NOAA21_NRT
-1.32295,121.6781,2025-03-16,540,N21,n,2.0NRT,2.81,D,0.41,0.45,,,,,,firms,VIIRS,VIIRS_NOAA21_NRT
-1.2861,121.67719,2025-03-16,540,N21,n,2.0NRT,2.0,D,0.41,0.45,,,,,,firms,VIIRS,VIIRS_NOAA21_NRT
-0.9879,122.15784,2025-03-16,540,N21,n,2.0NRT,14.32,D,0.45,0.47,,,,,,firms,VIIRS,VIIRS_NOAA21_NRT
-0.98734,122.15758,2025-03-16,540,N21,n,2.0NRT,15.16,D,0.45,0.47,,,,,,firms,VIIRS,VIIRS_NOAA21_NRT
-0.6629,120.05962,2025-03-16,540,N21,n,2.0NRT,15.25,D,0.5,0.41,,,,,,firms,VIIRS,VIIRS_NOAA21_NRT
-0.66097,120.05713,2025-03-16,540,N21,n,2.0NRT,9.97,D,0.5,0.41,,,,,,firms,VIIRS,VIIRS_NOAA21_NRT
-0.29409,119.99023,2025-03-16,540,N21,n,2.0NRT,5.54,D,0.5,0.41,,,,,,firms,VIIRS,VIIRS_NOAA21_NRT
1.23345,117.17733,2025-03-16,540,N21,n,2.0NRT,1.15,D,0.4,0.37,,,,,,firms,VIIRS,VIIRS_NOAA21_NRT
5.37014,104.89605,2025-03-16,542,N21,n,2.0NRT,3.35,D,0.43,0.62,,,,,,firms,VIIRS,VIIRS_NOAA21_NRT
5.42891,114.71098,2025-03-16,542,N21,n,2.0NRT,1.54,D,0.38,0.36,,,,,,firms,VIIRS,VIIRS_NOAA21_NRT
-2.986,101.59864,2025-03-16,720,N21,n,2.0NRT,8.75,D,0.44,0.63,,,,,,firms,VIIRS,VIIRS_NOAA21_NRT
-2.98428,101.59827,2025-03-16,720,N21,n,2.0NRT,9.07,D,0.45,0.63,,,,,,firms,VIIRS,VIIRS_NOAA21_NRT
3.71736,98.4087,2025-03-16,722,N21,h,2.0NRT,7.42,D,0.34,0.56,,,,,,firms,VIIRS,VIIRS_NOAA21_NRT
3.71958,98.40701,2025-03-16,722,N21,n,2.0NRT,9.32,D,0.34,0.56,,,,,,firms,VIIRS,VIIRS_NOAA21_NRT
3.72004,98.41006,2025-03-16,722,N21,h,2.0NRT,9.32,D,0.34,0.56,,,,,,firms,VIIRS,VIIRS_NOAA21_NRT
3.72248,98.40794,2025-03-16,722,N21,n,2.0NRT,7.42,D,0.34,0.56,,,,,,firms,VIIRS,VIIRS_NOAA21_NRT
4.00484,98.08829,2025-03-16,722,N21,n,2.0NRT,2.47,D,0.33,0.55,,,,,,firms,VIIRS,VIIRS_NOAA21_NRT
0.51137,127.89726,2025-03-16,1639,N21,n,2.0NRT,1.27,N,0.48,0.4,,,,,,firms,VIIRS,VIIRS_NOAA21_NRT
0.51205,127.89297,2025-03-16,1639,N21,n,2.0NRT,1.27,N,0.48,0.4,,,,,,firms,VIIRS,VIIRS_NOAA21_NRT
1.49296,127.63188,2025-03-16,1639,N21,n,2.0NRT,8.46,N,0.51,0.41,,,,,,firms,VIIRS,VIIRS_NOAA21_NRT
1.49602,127.63686,2025-03-16,1639,N21,n,2.0NRT,1.84,N,0.51,0.41,,,,,,firms,VIIRS,VIIRS_NOAA21_NRT
1.49672,127.63228,2025-03-16,1639,N21,n,2.0NRT,1.84,N,0.51,0.41,,,,,,firms,VIIRS,VIIRS_NOAA21_NRT
1.51698,127.93613,2025-03-16,1639,N21,n,2.0NRT,1.43,N,0.49,0.4,,,,,,firms,VIIRS,VIIRS_NOAA21_NRT
1.69866,127.87836,2025-03-16,1639,N21,n,2.0NRT,28.47,N,0.49,0.41,,,,,,firms,VIIRS,VIIRS_NOAA21_NRT
1.70237,127.87888,2025-03-16,1639,N21,n,2.0NRT,28.47,N,0.49,0.41,,,,,,firms,VIIRS,VIIRS_NOAA21_NRT
1.70308,127.87434,2025-03-16,1639,N21,n,2.0NRT,5.02,N,0.49,0.41,,,,,,firms,VIIRS,VIIRS_NOAA21_NRT
4.55539,103.4568,2025-03-16,1819,N21,n,2.0NRT,1.15,N,0.47,0.4,,,,,,firms,VIIRS,VIIRS_NOAA21_NRT
4.57555,103.44677,2025-03-16,1819,N21,n,2.0NRT,0.62,N,0.48,0.4,,,,,,firms,VIIRS,VIIRS_NOAA21_NRT
4.95802,106.09655,2025-03-16,1819,N21,n,2.0NRT,1.34,N,0.39,0.36,,,,,,firms,VIIRS,VIIRS_NOAA21_NRT
5.37272,104.89792,2025-03-16,1819,N21,n,2.0NRT,3.29,N,0.42,0.38,,,,,,firms,VIIRS,VIIRS_NOAA21_NRT
5.51711,105.67071,2025-03-16,1819,N21,n,2.0NRT,0.57,N,0.4,0.37,,,,,,firms,VIIRS,VIIRS_NOAA21_NRT
5.64498,104.97648,2025-03-16,1819,N21,n,2.0NRT,2.54,N,0.42,0.38,,,,,,firms,VIIRS,VIIRS_NOAA21_NRT
1.8042,104.09995,2025-03-16,1821,N21,n,2.0NRT,0.84,N,0.42,0.38,,,,,,firms,VIIRS,VIIRS_NOAA21_NRT
2.80358,102.25935,2025-03-16,1821,N21,n,2.0NRT,0.68,N,0.52,0.42,,,,,,firms,VIIRS,VIIRS_NOAA21_NRT
3.34708,103.42075,2025-03-16,1821,N21,n,2.0NRT,2.0,N,0.46,0.39,,,,,,firms,VIIRS,VIIRS_NOAA21_NRT
3.35068,103.42128,2025-03-16,1821,N21,n,2.0NRT,2.0,N,0.46,0.39,,,,,,firms,VIIRS,VIIRS_NOAA21_NRT
3.39537,103.39422,2025-03-16,1821,N21,n,2.0NRT,2.96,N,0.46,0.39,,,,,,firms,VIIRS,VIIRS_NOAA21_NRT
-7.54381,110.44554,2025-03-16,1824,N21,n,2.0NRT,1.52,N,0.48,0.48,,,,,,firms,VIIRS,VIIRS_NOAA21_NRT
-7.54336,110.44237,2025-03-16,1824,N21,n,2.0NRT,1.48,N,0.48,0.48,,,,,,firms,VIIRS,VIIRS_NOAA21_NRT
3.35068,103.41759,2025-03-17,703,N21,n,2.0NRT,10.99,D,0.35,0.57,,,,,,firms,VIIRS,VIIRS_NOAA21_NRT
3.3554,103.41368,2025-03-17,703,N21,n,2.0NRT,7.31,D,0.35,0.57,,,,,,firms,VIIRS,VIIRS_NOAA21_NRT
3.35586,103.41682,2025-03-17,703,N21,n,2.0NRT,4.31,D,0.35,0.57,,,,,,firms,VIIRS,VIIRS_NOAA21_NRT
3.36104,103.41605,2025-03-17,703,N21,n,2.0NRT,4.31,D,0.35,0.57,,,,,,firms,VIIRS,VIIRS_NOAA21_NRT
3.39497,103.39494,2025-03-17,703,N21,n,2.0NRT,9.1,D,0.35,0.57,,,,,,firms,VIIRS,VIIRS_NOAA21_NRT
3.39609,103.39187,2025-03-17,703,N21,n,2.0NRT,5.27,D,0.35,0.57,,,,,,firms,VIIRS,VIIRS_NOAA21_NRT
3.39654,103.39503,2025-03-17,703,N21,n,2.0NRT,5.27,D,0.35,0.57,,,,,,firms,VIIRS,VIIRS_NOAA21_NRT
4.23937,103.36081,2025-03-17,703,N21,n,2.0NRT,5.65,D,0.36,0.57,,,,,,firms,VIIRS,VIIRS_NOAA21_NRT
4.2446,103.3601,2025-03-17,703,N21,n,2.0NRT,5.65,D,0.36,0.57,,,,,,firms,VIIRS,VIIRS_NOAA21_NRT
4.53431,97.86434,2025-03-17,703,N21,n,2.0NRT,1.91,D,0.48,0.4,,,,,,firms,VIIRS,VIIRS_NOAA21_NRT
4.55418,103.4585,2025-03-17,703,N21,n,2.0NRT,6.66,D,0.37,0.58,,,,,,firms,VIIRS,VIIRS_NOAA21_NRT
5.50798,100.41242,2025-03-17,703,N21,n,2.0NRT,3.32,D,0.47,0.48,,,,,,firms,VIIRS,VIIRS_NOAA21_NRT
5.5199,102.96019,2025-03-17,703,N21,n,2.0NRT,3.87,D,0.35,0.57,,,,,,firms,VIIRS,VIIRS_NOAA21_NRT
2.73905,102.3929,2025-03-17,1802,N21,n,2.0NRT,0.87,N,0.35,0.57,,,,,,firms,VIIRS,VIIRS_NOAA21_NRT
2.9185,103.04079,2025-03-17,1802,N21,n,2.0NRT,0.57,N,0.32,0.55,,,,,,firms,VIIRS,VIIRS_NOAA21_NRT
3.35965,103.41258,2025-03-17,1802,N21,n,2.0NRT,3.13,N,0.61,0.54,,,,,,firms,VIIRS,VIIRS_NOAA21_NRT
3.37895,103.40057,2025-03-17,1802,N21,n,2.0NRT,3.62,N,0.62,0.54,,,,,,firms,VIIRS,VIIRS_NOAA21_NRT
3.39241,103.39507,2025-03-17,1802,N21,n,2.0NRT,3.26,N,0.62,0.54,,,,,,firms,VIIRS,VIIRS_NOAA21_NRT
3.99541,103.13886,2025-03-17,1802,N21,n,2.0NRT,0.62,N,0.33,0.55,,,,,,firms,VIIRS,VIIRS_NOAA21_NRT
4.55823,103.45829,2025-03-17,1802,N21,n,2.0NRT,1.96,N,0.64,0.54,,,,,,firms,VIIRS,VIIRS_NOAA21_NRT
4.66262,103.37679,2025-03-17,1802,N21,n,2.0NRT,2.15,N,0.32,0.55,,,,,,firms,VIIRS,VIIRS_NOAA21_NRT
4.66933,114.46118,2025-03-17,1802,N21,n,2.0NRT,1.14,N,0.45,0.39,,,,,,firms,VIIRS,VIIRS_NOAA21_NRT
5.22163,97.07423,2025-03-17,1942,N21,n,2.0NRT,0.77,N,0.48,0.65,,,,,,firms,VIIRS,VIIRS_NOAA21_NRT
-3.77514,120.2403,2025-03-18,501,N21,n,2.0NRT,7.94,D,0.47,0.48,,,,,,firms,VIIRS,VIIRS_NOAA21_NRT
-3.77081,120.23951,2025-03-18,501,N21,n,2.0NRT,7.94,D,0.47,0.48,,,,,,firms,VIIRS,VIIRS_NOAA21_NRT
-1.24695,113.58644,2025-03-18,501,N21,n,2.0NRT,5.75,D,0.63,0.72,,,,,,firms,VIIRS,VIIRS_NOAA21_NRT
-7.70221,108.997,2025-03-18,642,N21,n,2.0NRT,4.32,D,0.53,0.5,,,,,,firms,VIIRS,VIIRS_NOAA21_NRT
-3.67663,104.46546,2025-03-18,644,N21,n,2.0NRT,4.23,D,0.48,0.4,,,,,,firms,VIIRS,VIIRS_NOAA21_NRT
-3.67621,104.46626,2025-03-18,644,N21,n,2.0NRT,4.46,D,0.48,0.4,,,,,,firms,VIIRS,VIIRS_NOAA21_NRT
-3.53714,103.65026,2025-03-18,644,N21,n,2.0NRT,8.48,D,0.44,0.38,,,,,,firms,VIIRS,VIIRS_NOAA21_NRT
-3.38958,104.40637,2025-03-18,644,N21,n,2.0NRT,18.29,D,0.48,0.4,,,,,,firms,VIIRS,VIIRS_NOAA21_NRT
-3.17592,104.89532,2025-03-18,644,N21,n,2.0NRT,4.33,D,0.51,0.41,,,,,,firms,VIIRS,VIIRS_NOAA21_NRT
-3.1731,104.89349,2025-03-18,644,N21,n,2.0NRT,8.93,D,0.51,0.41,,,,,,firms,VIIRS,VIIRS_NOAA21_NRT
-3.17216,104.89474,2025-03-18,644,N21,n,2.0NRT,4.33,D,0.51,0.41,,,,,,firms,VIIRS,VIIRS_NOAA21_NRT
1.71258,103.35349,2025-03-18,644,N21,n,2.0NRT,4.26,D,0.48,0.4,,,,,,firms,VIIRS,VIIRS_NOAA21_NRT
1.80464,104.09599,2025-03-18,644,N21,n,2.0NRT,11.42,D,0.53,0.42,,,,,,firms,VIIRS,VIIRS_NOAA21_NRT
1.80677,104.09365,2025-03-18,644,N21,n,2.0NRT,13.55,D,0.53,0.42,,,,,,firms,VIIRS,VIIRS_NOAA21_NRT
2.49717,103.6818,2025-03-18,644,N21,n,2.0NRT,31.31,D,0.52,0.41,,,,,,firms,VIIRS,VIIRS_NOAA21_NRT
2.50095,103.68124,2025-03-18,644,N21,n,2.0NRT,10.19,D,0.52,0.41,,,,,,firms,VIIRS,VIIRS_NOAA21_NRT
2.50155,103.68255,2025-03-18,644,N21,n,2.0NRT,9.24,D,0.52,0.41,,,,,,firms,VIIRS,VIIRS_NOAA21_NRT
2.50473,103.68069,2025-03-18,644,N21,n,2.0NRT,10.19,D,0.52,0.41,,,,,,firms,VIIRS,VIIRS_NOAA21_NRT
2.50534,103.682,2025-03-18,644,N21,n,2.0NRT,9.24,D,0.52,0.41,,,,,,firms,VIIRS,VIIRS_NOAA21_NRT
2.61326,103.44467,2025-03-18,644,N21,n,2.0NRT,7.72,D,0.5,0.41,,,,,,firms,VIIRS,VIIRS_NOAA21_NRT
2.84378,103.20535,2025-03-18,644,N21,n,2.0NRT,6.72,D,0.49,0.4,,,,,,firms,VIIRS,VIIRS_NOAA21_NRT
2.99238,103.25363,2025-03-18,644,N21,n,2.0NRT,8.63,D,0.5,0.41,,,,,,firms,VIIRS,VIIRS_NOAA21_NRT
2.99834,102.60583,2025-03-18,644,N21,n,2.0NRT,8.99,D,0.46,0.39,,,,,,firms,VIIRS,VIIRS_NOAA21_NRT
2.99942,102.60515,2025-03-18,644,N21,n,2.0NRT,6.79,D,0.46,0.39,,,,,,firms,VIIRS,VIIRS_NOAA21_NRT
3.34178,103.4174,2025-03-18,644,N21,n,2.0NRT,4.34,D,0.51,0.41,,,,,,firms,VIIRS,VIIRS_NOAA21_NRT
3.34555,103.41685,2025-03-18,644,N21,n,2.0NRT,40.76,D,0.51,0.41,,,,,,firms,VIIRS,VIIRS_NOAA21_NRT
3.34931,103.41627,2025-03-18,644,N21,n,2.0NRT,40.76,D,0.51,0.41,,,,,,firms,VIIRS,VIIRS_NOAA21_NRT
3.3524,103.41115,2025-03-18,644,N21,n,2.0NRT,21.73,D,0.51,0.41,,,,,,firms,VIIRS,VIIRS_NOAA21_NRT
3.35307,103.41571,2025-03-18,644,N21,n,2.0NRT,15.75,D,0.51,0.41,,,,,,firms,VIIRS,VIIRS_NOAA21_NRT
3.35683,103.41515,2025-03-18,644,N21,h,2.0NRT,15.75,D,0.51,0.41,,,,,,firms,VIIRS,VIIRS_NOAA21_NRT
3.36059,103.41457,2025-03-18,644,N21,n,2.0NRT,9.02,D,0.51,0.41,,,,,,firms,VIIRS,VIIRS_NOAA21_NRT
3.36854,101.57681,2025-03-18,644,N21,l,2.0NRT,7.12,D,0.42,0.38,,,,,,firms,VIIRS,VIIRS_NOAA21_NRT
3.37293,103.39407,2025-03-18,644,N21,n,2.0NRT,11.02,D,0.51,0.41,,,,,,firms,VIIRS,VIIRS_NOAA21_NRT
3.38725,101.58602,2025-03-18,644,N21,l,2.0NRT,5.75,D,0.42,0.38,,,,,,firms,VIIRS,VIIRS_NOAA21_NRT
3.39986,102.45219,2025-03-18,644,N21,n,2.0NRT,8.18,D,0.46,0.39,,,,,,firms,VIIRS,VIIRS_NOAA21_NRT
3.39992,103.39471,2025-03-18,644,N21,n,2.0NRT,14.06,D,0.51,0.41,,,,,,firms,VIIRS,VIIRS_NOAA21_NRT
3.71294,101.44162,2025-03-18,646,N21,n,2.0NRT,3.49,D,0.42,0.37,,,,,,firms,VIIRS,VIIRS_NOAA21_NRT
3.98786,103.07304,2025-03-18,646,N21,n,2.0NRT,7.91,D,0.5,0.41,,,,,,firms,VIIRS,VIIRS_NOAA21_NRT
4.33158,101.75747,2025-03-18,646,N21,n,2.0NRT,3.5,D,0.43,0.38,,,,,,firms,VIIRS,VIIRS_NOAA21_NRT
4.46827,95.8927,2025-03-18,646,N21,n,2.0NRT,6.45,D,0.47,0.4,,,,,,firms,VIIRS,VIIRS_NOAA21_NRT
4.68131,103.38784,2025-03-18,646,N21,n,2.0NRT,3.58,D,0.53,0.42,,,,,,firms,VIIRS,VIIRS_NOAA21_NRT
4.83568,100.92877,2025-03-18,646,N21,n,2.0NRT,3.22,D,0.41,0.37,,,,,,firms,VIIRS,VIIRS_NOAA21_NRT
5.37626,100.44713,2025-03-18,646,N21,n,2.0NRT,4.05,D,0.4,0.37,,,,,,firms,VIIRS,VIIRS_NOAA21_NRT
5.96256,100.37212,2025-03-18,646,N21,n,2.0NRT,3.53,D,0.4,0.37,,,,,,firms,VIIRS,VIIRS_NOAA21_NRT
-1.45585,127.43734,2025-03-18,1743,N21,n,2.0NRT,3.93,N,0.64,0.72,,,,,,firms,VIIRS,VIIRS_NOAA21_NRT
-0.7316,117.06178,2025-03-18,1743,N21,n,2.0NRT,0.67,N,0.41,0.37,,,,,,firms,VIIRS,VIIRS_NOAA21_NRT
0.48022,127.9897,2025-03-18,1743,N21,n,2.0NRT,3.17,N,0.66,0.73,,,,,,firms,VIIRS,VIIRS_NOAA21_NRT
0.48788,127.98431,2025-03-18,1743,N21,n,2.0NRT,2.29,N,0.65,0.73,,,,,,firms,VIIRS,VIIRS_NOAA21_NRT
0.89462,124.08187,2025-03-18,1743,N21,n,2.0NRT,0.99,N,0.34,0.56,,,,,,firms,VIIRS,VIIRS_NOAA21_NRT
3.34504,103.41834,2025-03-18,1743,N21,n,2.0NRT,3.5,N,0.66,0.73,,,,,,firms,VIIRS,VIIRS_NOAA21_NRT
3.34849,103.41492,2025-03-18,1743,N21,n,2.0NRT,5.41,N,0.66,0.73,,,,,,firms,VIIRS,VIIRS_NOAA21_NRT
3.35255,103.41347,2025-03-18,1743,N21,n,2.0NRT,3.5,N,0.66,0.73,,,,,,firms,VIIRS,VIIRS_NOAA21_NRT
3.35517,103.41584,2025-03-18,1743,N21,n,2.0NRT,1.8,N,0.66,0.73,,,,,,firms,VIIRS,VIIRS_NOAA21_NRT
2.78662,97.742,2025-03-18,1923,N21,n,2.0NRT,1.7,N,0.55,0.51,,,,,,firms,VIIRS,VIIRS_NOAA21_NRT
2.78935,97.74487,2025-03-18,1923,N21,n,2.0NRT,1.04,N,0.55,0.51,,,,,,firms,VIIRS,VIIRS_NOAA21_NRT
3.87036,96.58462,2025-03-18,1923,N21,n,2.0NRT,0.81,N,0.44,0.46,,,,,,firms,VIIRS,VIIRS_NOAA21_NRT
-3.99745,122.15143,2025-03-19,442,N21,n,2.0NRT,3.33,D,0.37,0.58,,,,,,firms,VIIRS,VIIRS_NOAA21_NRT
-3.61058,126.51647,2025-03-19,442,N21,n,2.0NRT,16.13,D,0.56,0.43,,,,,,firms,VIIRS,VIIRS_NOAA21_NRT
-3.82526,122.12089,2025-03-19,444,N21,l,2.0NRT,16.0,D,0.37,0.58,,,,,,firms,VIIRS,VIIRS_NOAA21_NRT
-3.82477,122.12422,2025-03-19,444,N21,n,2.0NRT,11.94,D,0.37,0.58,,,,,,firms,VIIRS,VIIRS_NOAA21_NRT
3.34445,99.13965,2025-03-19,625,N21,n,2.0NRT,6.12,D,0.4,0.44,,,,,,firms,VIIRS,VIIRS_NOAA21_NRT
-1.46057,127.43832,2025-03-19,1724,N21,n,2.0NRT,1.87,N,0.6,0.53,,,,,,firms,VIIRS,VIIRS_NOAA21_NRT
-1.45985,127.43356,2025-03-19,1724,N21,n,2.0NRT,1.87,N,0.6,0.53,,,,,,firms,VIIRS,VIIRS_NOAA21_NRT
-1.45578,127.43938,2025-03-19,1724,N21,n,2.0NRT,3.45,N,0.6,0.53,,,,,,firms,VIIRS,VIIRS_NOAA21_NRT
0.47963,127.98868,2025-03-19,1724,N21,n,2.0NRT,3.56,N,0.61,0.53,,,,,,firms,VIIRS,VIIRS_NOAA21_NRT
0.48368,127.99468,2025-03-19,1724,N21,n,2.0NRT,3.56,N,0.61,0.53,,,,,,firms,VIIRS,VIIRS_NOAA21_NRT
0.48452,127.98932,2025-03-19,1724,N21,n,2.0NRT,3.56,N,0.61,0.53,,,,,,firms,VIIRS,VIIRS_NOAA21_NRT
2.78011,125.40984,2025-03-19,1724,N21,n,2.0NRT,1.71,N,0.57,0.43,,,,,,firms,VIIRS,VIIRS_NOAA21_NRT
-3.3136,113.86796,2025-03-19,1726,N21,n,2.0NRT,0.99,N,0.42,0.45,,,,,,firms,VIIRS,VIIRS_NOAA21_NRT
-7.70224,108.99268,2025-03-19,1728,N21,n,2.0NRT,2.95,N,0.38,0.59,,,,,,firms,VIIRS,VIIRS_NOAA21_NRT
-7.69997,108.9943,2025-03-19,1728,N21,n,2.0NRT,1.83,N,0.38,0.59,,,,,,firms,VIIRS,VIIRS_NOAA21_NRT
-6.03432,105.95446,2025-03-19,1908,N21,n,2.0NRT,3.36,N,0.65,0.73,,,,,,firms,VIIRS,VIIRS_NOAA21_NRT
-1.81414,136.74872,2025-03-20,1526,N21,n,2.0NRT,3.84,N,0.7,0.75,,,,,,firms,VIIRS,VIIRS_NOAA21_NRT
-3.87205,122.3932,2025-03-20,1705,N21,n,2.0NRT,2.94,N,0.4,0.37,,,,,,firms,VIIRS,VIIRS_NOAA21_NRT
-3.87096,122.40815,2025-03-20,1705,N21,n,2.0NRT,1.79,N,0.4,0.37,,,,,,firms,VIIRS,VIIRS_NOAA21_NRT
-3.86982,122.40094,2025-03-20,1705,N21,n,2.0NRT,3.25,N,0.4,0.37,,,,,,firms,VIIRS,VIIRS_NOAA21_NRT
-2.87349,122.16183,2025-03-20,1705,N21,n,2.0NRT,1.59,N,0.42,0.37,,,,,,firms,VIIRS,VIIRS_NOAA21_NRT
-2.86489,122.1518,2025-03-20,1705,N21,n,2.0NRT,0.56,N,0.42,0.37,,,,,,firms,VIIRS,VIIRS_NOAA21_NRT
-2.86145,122.15229,2025-03-20,1705,N21,n,2.0NRT,0.58,N,0.42,0.37,,,,,,firms,VIIRS,VIIRS_NOAA21_NRT
-2.82309,122.15417,2025-03-20,1705,N21,n,2.0NRT,1.31,N,0.42,0.37,,,,,,firms,VIIRS,VIIRS_NOAA21_NRT
-2.58029,121.38301,2025-03-20,1705,N21,n,2.0NRT,6.96,N,0.45,0.39,,,,,,firms,VIIRS,VIIRS_NOAA21_NRT
-2.57674,121.3836,2025-03-20,1705,N21,n,2.0NRT,6.96,N,0.45,0.39,,,,,,firms,VIIRS,VIIRS_NOAA21_NRT
-2.57611,121.37965,2025-03-20,1705,N21,n,2.0NRT,6.96,N,0.45,0.39,,,,,,firms,VIIRS,VIIRS_NOAA21_NRT
-2.5732,121.38421,2025-03-20,1705,N21,n,2.0NRT,0.62,N,0.45,0.39,,,,,,firms,VIIRS,VIIRS_NOAA21_NRT
-2.57256,121.38023,2025-03-20,1705,N21,n,2.0NRT,0.62,N,0.45,0.39,,,,,,firms,VIIRS,VIIRS_NOAA21_NRT
-2.00833,121.43224,2025-03-20,1705,N21,n,2.0NRT,1.39,N,0.45,0.39,,,,,,firms,VIIRS,VIIRS_NOAA21_NRT
-2.00476,121.43282,2025-03-20,1705,N21,n,2.0NRT,1.39,N,0.45,0.39,,,,,,firms,VIIRS,VIIRS_NOAA21_NRT
-2.00058,121.42944,2025-03-20,1705,N21,n,2.0NRT,1.87,N,0.45,0.39,,,,,,firms,VIIRS,VIIRS_NOAA21_NRT
-1.56625,127.42818,2025-03-20,1705,N21,n,2.0NRT,0.97,N,0.45,0.39,,,,,,firms,VIIRS,VIIRS_NOAA21_NRT
-1.56268,127.42872,2025-03-20,1705,N21,n,2.0NRT,0.97,N,0.45,0.39,,,,,,firms,VIIRS,VIIRS_NOAA21_NRT
-1.45935,127.4391,2025-03-20,1705,N21,n,2.0NRT,3.42,N,0.45,0.39,,,,,,firms,VIIRS,VIIRS_NOAA21_NRT
-1.45877,127.4353,2025-03-20,1705,N21,n,2.0NRT,3.42,N,0.45,0.39,,,,,,firms,VIIRS,VIIRS_NOAA21_NRT
-1.45521,127.43591,2025-03-20,1705,N21,n,2.0NRT,3.42,N,0.45,0.39,,,,,,firms,VIIRS,VIIRS_NOAA21_NRT
-1.43763,122.38546,2025-03-20,1705,N21,n,2.0NRT,3.59,N,0.42,0.38,,,,,,firms,VIIRS,VIIRS_NOAA21_NRT
-8.53278,122.78142,2025-03-20,1707,N21,n,2.0NRT,1.13,N,0.38,0.36,,,,,,firms,VIIRS,VIIRS_NOAA21_NRT
-8.53224,122.77796,2025-03-20,1707,N21,n,2.0NRT,1.6,N,0.38,0.36,,,,,,firms,VIIRS,VIIRS_NOAA21_NRT
-8.5317,122.77452,2025-03-20,1707,N21,n,2.0NRT,1.6,N,0.38,0.36,,,,,,firms,VIIRS,VIIRS_NOAA21_NRT
-8.52948,122.78193,2025-03-20,1707,N21,n,2.0NRT,1.13,N,0.38,0.36,,,,,,firms,VIIRS,VIIRS_NOAA21_NRT
-8.52893,122.77847,2025-03-20,1707,N21,n,2.0NRT,1.6,N,0.38,0.36,,,,,,firms,VIIRS,VIIRS_NOAA21_NRT
-7.2395,111.73347,2025-03-20,1707,N21,n,2.0NRT,2.95,N,0.53,0.67,,,,,,firms,VIIRS,VIIRS_NOAA21_NRT
-6.7627,111.96007,2025-03-20,1707,N21,n,2.0NRT,2.13,N,0.52,0.67,,,,,,firms,VIIRS,VIIRS_NOAA21_NRT
0.48028,127.99169,2025-03-20,1707,N21,n,2.0NRT,1.5,N,0.46,0.39,,,,,,firms,VIIRS,VIIRS_NOAA21_NRT
0.48197,128.00438,2025-03-20,1707,N21,n,2.0NRT,0.8,N,0.46,0.39,,,,,,firms,VIIRS,VIIRS_NOAA21_NRT
0.4826,128.00034,2025-03-20,1707,N21,n,2.0NRT,0.65,N,0.46,0.39,,,,,,firms,VIIRS,VIIRS_NOAA21_NRT
1.49347,127.63665,2025-03-20,1707,N21,n,2.0NRT,2.36,N,0.43,0.38,,,,,,firms,VIIRS,VIIRS_NOAA21_NRT
1.49408,127.6328,2025-03-20,1707,N21,n,2.0NRT,6.52,N,0.43,0.38,,,,,,firms,VIIRS,VIIRS_NOAA21_NRT
2.36122,100.03672,2025-03-20,1845,N21,n,2.0NRT,1.01,N,0.38,0.36,,,,,,firms,VIIRS,VIIRS_NOAA21_NRT
5.8956,100.63156,2025-03-20,1845,N21,n,2.0NRT,0.98,N,0.38,0.36,,,,,,firms,VIIRS,VIIRS_NOAA21_NRT
-0.72822,101.51132,2025-03-20,1847,N21,n,2.0NRT,0.51,N,0.42,0.38,,,,,,firms,VIIRS,VIIRS_NOAA21_NRT
-0.39218,100.45581,2025-03-20,1847,N21,n,2.0NRT,0.49,N,0.39,0.36,,,,,,firms,VIIRS,VIIRS_NOAA21_NRT
-7.75962,139.47098,2025-03-21,404,N21,n,2.0NRT,4.09,D,0.42,0.38,,,,,,firms,VIIRS,VIIRS_NOAA21_NRT
-6.14934,139.41141,2025-03-21,404,N21,l,2.0NRT,5.36,D,0.41,0.37,,,,,,firms,VIIRS,VIIRS_NOAA21_NRT
-1.13625,134.88533,2025-03-21,406,N21,n,2.0NRT,5.21,D,0.41,0.45,,,,,,firms,VIIRS,VIIRS_NOAA21_NRT
-7.96765,110.51346,2025-03-21,544,N21,n,2.0NRT,2.07,D,0.44,0.46,,,,,,firms,VIIRS,VIIRS_NOAA21_NRT
-7.39017,112.60887,2025-03-21,546,N21,n,2.0NRT,5.49,D,0.48,0.4,,,,,,firms,VIIRS,VIIRS_NOAA21_NRT
-7.12708,112.61861,2025-03-21,546,N21,n,2.0NRT,6.64,D,0.48,0.4,,,,,,firms,VIIRS,VIIRS_NOAA21_NRT
-3.93341,120.28535,2025-03-21,546,N21,n,2.0NRT,7.86,D,0.39,0.44,,,,,,firms,VIIRS,VIIRS_NOAA21_NRT
-3.90263,120.27341,2025-03-21,546,N21,n,2.0NRT,6.92,D,0.39,0.44,,,,,,firms,VIIRS,VIIRS_NOAA21_NRT
-3.85904,120.27645,2025-03-21,546,N21,n,2.0NRT,2.08,D,0.39,0.44,,,,,,firms,VIIRS,VIIRS_NOAA21_NRT
-3.81624,120.2374,2025-03-21,546,N21,n,2.0NRT,2.41,D,0.39,0.44,,,,,,firms,VIIRS,VIIRS_NOAA21_NRT
-2.8238,121.62113,2025-03-21,546,N21,n,2.0NRT,2.01,D,0.49,0.49,,,,,,firms,VIIRS,VIIRS_NOAA21_NRT
-2.82251,121.62327,2025-03-21,546,N21,n,2.0NRT,2.77,D,0.49,0.49,,,,,,firms,VIIRS,VIIRS_NOAA21_NRT
3.60554,112.41026,2025-03-21,548,N21,n,2.0NRT,4.04,D,0.4,0.37,,,,,,firms,VIIRS,VIIRS_NOAA21_NRT
4.97934,112.98313,2025-03-21,548,N21,n,2.0NRT,2.8,D,0.39,0.36,,,,,,firms,VIIRS,VIIRS_NOAA21_NRT
5.82524,114.34094,2025-03-21,548,N21,n,2.0NRT,2.5,D,0.39,0.37,,,,,,firms,VIIRS,VIIRS_NOAA21_NRT
2.64832,97.81751,2025-03-21,729,N21,n,2.0NRT,5.56,D,0.38,0.59,,,,,,firms,VIIRS,VIIRS_NOAA21_NRT
2.65088,97.81577,2025-03-21,729,N21,n,2.0NRT,7.08,D,0.39,0.59,,,,,,firms,VIIRS,VIIRS_NOAA21_NRT
2.69387,97.77116,2025-03-21,729,N21,n,2.0NRT,4.71,D,0.38,0.59,,,,,,firms,VIIRS,VIIRS_NOAA21_NRT
2.88454,97.83295,2025-03-21,729,N21,n,2.0NRT,4.57,D,0.39,0.59,,,,,,firms,VIIRS,VIIRS_NOAA21_NRT
4.5517,95.79694,2025-03-21,731,N21,n,2.0NRT,4.13,D,0.59,0.53,,,,,,firms,VIIRS,VIIRS_NOAA21_NRT
5.37083,95.39731,2025-03-21,731,N21,n,2.0NRT,6.33,D,0.57,0.52,,,,,,firms,VIIRS,VIIRS_NOAA21_NRT
1.49454,127.63219,2025-03-21,1645,N21,n,2.0NRT,8.42,N,0.43,0.38,,,,,,firms,VIIRS,VIIRS_NOAA21_NRT
1.69851,127.87857,2025-03-21,1645,N21,n,2.0NRT,1.55,N,0.42,0.38,,,,,,firms,VIIRS,VIIRS_NOAA21_NRT
-3.42306,104.11377,2025-03-21,1828,N21,n,2.0NRT,0.47,N,0.39,0.36,,,,,,firms,VIIRS,VIIRS_NOAA21_NRT
-3.41134,104.14757,2025-03-21,1828,N21,n,2.0NRT,0.45,N,0.39,0.36,,,,,,firms,VIIRS,VIIRS_NOAA21_NRT
-2.55619,104.77018,2025-03-21,1828,N21,n,2.0NRT,0.44,N,0.39,0.36,,,,,,firms,VIIRS,VIIRS_NOAA21_NRT
-2.53677,103.38212,2025-03-21,1828,N21,n,2.0NRT,0.89,N,0.38,0.36,,,,,,firms,VIIRS,VIIRS_NOAA21_NRT
-7.70256,108.99422,2025-03-21,1830,N21,n,2.0NRT,0.92,N,0.49,0.49,,,,,,firms,VIIRS,VIIRS_NOAA21_NRT
-3.85925,103.81177,2025-03-21,1830,N21,n,2.0NRT,0.54,N,0.39,0.36,,,,,,firms,VIIRS,VIIRS_NOAA21_NRT
-3.81246,103.81889,2025-03-21,1830,N21,n,2.0NRT,0.47,N,0.39,0.36,,,,,,firms,VIIRS,VIIRS_NOAA21_NRT
-3.80915,103.8194,2025-03-21,1830,N21,n,2.0NRT,3.69,N,0.39,0.36,,,,,,firms,VIIRS,VIIRS_NOAA21_NRT
-3.80584,103.8199,2025-03-21,1830,N21,n,2.0NRT,3.69,N,0.39,0.36,,,,,,firms,VIIRS,VIIRS_NOAA21_NRT
-3.80477,103.81302,2025-03-21,1830,N21,n,2.0NRT,0.58,N,0.39,0.36,,,,,,firms,VIIRS,VIIRS_NOAA21_NRT
-3.79538,103.81799,2025-03-21,1830,N21,n,2.0NRT,0.83,N,0.39,0.36,,,,,,firms,VIIRS,VIIRS_NOAA21_NRT
-3.72915,103.71883,2025-03-21,1830,N21,n,2.0NRT,0.73,N,0.38,0.36,,,,,,firms,VIIRS,VIIRS_NOAA21_NRT
-3.72531,103.7159,2025-03-21,1830,N21,n,2.0NRT,1.03,N,0.38,0.36,,,,,,firms,VIIRS,VIIRS_NOAA21_NRT
-4.45548,105.75317,2025-03-22,707,N21,n,2.0NRT,7.81,D,0.49,0.65,,,,,,firms,VIIRS,VIIRS_NOAA21_NRT
-3.80514,103.81571,2025-03-22,707,N21,n,2.0NRT,4.54,D,0.37,0.58,,,,,,firms,VIIRS,VIIRS_NOAA21_NRT
-3.80461,103.81889,2025-03-22,707,N21,n,2.0NRT,4.96,D,0.37,0.58,,,,,,firms,VIIRS,VIIRS_NOAA21_NRT
-3.67937,103.17197,2025-03-22,707,N21,n,2.0NRT,4.26,D,0.34,0.56,,,,,,firms,VIIRS,VIIRS_NOAA21_NRT
-3.35243,104.70834,2025-03-22,707,N21,n,2.0NRT,3.3,D,0.43,0.62,,,,,,firms,VIIRS,VIIRS_NOAA21_NRT
1.33227,99.08793,2025-03-22,709,N21,n,2.0NRT,6.81,D,0.42,0.45,,,,,,firms,VIIRS,VIIRS_NOAA21_NRT
-1.81629,136.75049,2025-03-22,1628,N21,n,2.0NRT,5.67,N,0.45,0.39,,,,,,firms,VIIRS,VIIRS_NOAA21_NRT
-0.9994,134.02237,2025-03-22,1628,N21,n,2.0NRT,0.55,N,0.38,0.36,,,,,,firms,VIIRS,VIIRS_NOAA21_NRT
0.48006,127.9967,2025-03-22,1628,N21,n,2.0NRT,2.57,N,0.49,0.49,,,,,,firms,VIIRS,VIIRS_NOAA21_NRT
0.48075,127.99232,2025-03-22,1628,N21,n,2.0NRT,2.83,N,0.49,0.49,,,,,,firms,VIIRS,VIIRS_NOAA21_NRT
0.48517,127.99314,2025-03-22,1628,N21,n,2.0NRT,2.83,N,0.49,0.49,,,,,,firms,VIIRS,VIIRS_NOAA21_NRT
0.48587,127.9887,2025-03-22,1628,N21,n,2.0NRT,2.83,N,0.49,0.49,,,,,,firms,VIIRS,VIIRS_NOAA21_NRT
0.48653,127.98454,2025-03-22,1628,N21,n,2.0NRT,3.64,N,0.49,0.49,,,,,,firms,VIIRS,VIIRS_NOAA21_NRT
0.49094,127.98538,2025-03-22,1628,N21,n,2.0NRT,2.0,N,0.49,0.49,,,,,,firms,VIIRS,VIIRS_NOAA21_NRT
0.50937,127.89794,2025-03-22,1628,N21,n,2.0NRT,1.24,N,0.5,0.49,,,,,,firms,VIIRS,VIIRS_NOAA21_NRT
0.51009,127.89343,2025-03-22,1628,N21,n,2.0NRT,1.24,N,0.5,0.49,,,,,,firms,VIIRS,VIIRS_NOAA21_NRT
0.51238,127.8967,2025-03-22,1628,N21,n,2.0NRT,2.14,N,0.5,0.49,,,,,,firms,VIIRS,VIIRS_NOAA21_NRT
-6.0969,106.67042,2025-03-22,1811,N21,n,2.0NRT,2.16,N,0.39,0.36,,,,,,firms,VIIRS,VIIRS_NOAA21_NRT
-3.91348,119.99932,2025-03-23,508,N21,n,2.0NRT,2.96,D,0.39,0.44,,,,,,firms,VIIRS,VIIRS_NOAA21_NRT
-3.65064,120.01866,2025-03-23,508,N21,n,2.0NRT,4.62,D,0.38,0.43,,,,,,firms,VIIRS,VIIRS_NOAA21_NRT
-2.83136,122.17237,2025-03-23,508,N21,l,2.0NRT,13.84,D,0.43,0.38,,,,,,firms,VIIRS,VIIRS_NOAA21_NRT
5.42783,114.71233,2025-03-23,510,N21,n,2.0NRT,4.84,D,0.63,0.54,,,,,,firms,VIIRS,VIIRS_NOAA21_NRT
-4.04028,103.64474,2025-03-23,650,N21,n,2.0NRT,5.33,D,0.52,0.42,,,,,,firms,VIIRS,VIIRS_NOAA21_NRT
-3.5509,103.86552,2025-03-23,650,N21,n,2.0NRT,8.36,D,0.54,0.42,,,,,,firms,VIIRS,VIIRS_NOAA21_NRT
-3.23164,104.12787,2025-03-23,650,N21,n,2.0NRT,62.46,D,0.57,0.43,,,,,,firms,VIIRS,VIIRS_NOAA21_NRT
-3.15479,103.25188,2025-03-23,650,N21,n,2.0NRT,36.16,D,0.51,0.41,,,,,,firms,VIIRS,VIIRS_NOAA21_NRT
-2.68038,103.23564,2025-03-23,650,N21,n,2.0NRT,4.6,D,0.51,0.41,,,,,,firms,VIIRS,VIIRS_NOAA21_NRT
-2.67196,103.21555,2025-03-23,650,N21,n,2.0NRT,16.17,D,0.51,0.41,,,,,,firms,VIIRS,VIIRS_NOAA21_NRT
-2.37225,102.57052,2025-03-23,650,N21,n,2.0NRT,10.31,D,0.48,0.4,,,,,,firms,VIIRS,VIIRS_NOAA21_NRT
-2.3692,102.94707,2025-03-23,650,N21,n,2.0NRT,3.52,D,0.5,0.41,,,,,,firms,VIIRS,VIIRS_NOAA21_NRT
-2.3423,102.37242,2025-03-23,650,N21,n,2.0NRT,3.62,D,0.47,0.39,,,,,,firms,VIIRS,VIIRS_NOAA21_NRT
-2.34028,102.37132,2025-03-23,650,N21,n,2.0NRT,2.55,D,0.47,0.39,,,,,,firms,VIIRS,VIIRS_NOAA21_NRT
-2.18667,102.22202,2025-03-23,650,N21,n,2.0NRT,4.48,D,0.46,0.39,,,,,,firms,VIIRS,VIIRS_NOAA21_NRT
-2.03362,102.23425,2025-03-23,650,N21,n,2.0NRT,10.42,D,0.46,0.39,,,,,,firms,VIIRS,VIIRS_NOAA21_NRT
-2.03205,102.23347,2025-03-23,650,N21,n,2.0NRT,11.13,D,0.46,0.39,,,,,,firms,VIIRS,VIIRS_NOAA21_NRT
-2.01761,102.05144,2025-03-23,650,N21,n,2.0NRT,7.94,D,0.45,0.39,,,,,,firms,VIIRS,VIIRS_NOAA21_NRT
-2.01512,100.92434,2025-03-23,650,N21,n,2.0NRT,4.5,D,0.41,0.37,,,,,,firms,VIIRS,VIIRS_NOAA21_NRT
-2.01406,102.0508,2025-03-23,650,N21,n,2.0NRT,7.58,D,0.45,0.39,,,,,,firms,VIIRS,VIIRS_NOAA21_NRT
5.50046,105.20985,2025-03-23,652,N21,n,2.0NRT,6.05,D,0.6,0.53,,,,,,firms,VIIRS,VIIRS_NOAA21_NRT
0.50856,127.89552,2025-03-23,1607,N21,n,2.0NRT,2.38,N,0.53,0.67,,,,,,firms,VIIRS,VIIRS_NOAA21_NRT
0.50868,127.89775,2025-03-23,1607,N21,n,2.0NRT,3.32,N,0.53,0.67,,,,,,firms,VIIRS,VIIRS_NOAA21_NRT
0.50946,127.89283,2025-03-23,1607,N21,n,2.0NRT,3.02,N,0.53,0.67,,,,,,firms,VIIRS,VIIRS_NOAA21_NRT
5.20785,114.74177,2025-03-23,1747,N21,n,2.0NRT,2.69,N,0.38,0.36,,,,,,firms,VIIRS,VIIRS_NOAA21_NRT
5.4267,114.71305,2025-03-23,1747,N21,n,2.0NRT,1.33,N,0.38,0.36,,,,,,firms,VIIRS,VIIRS_NOAA21_NRT
5.42723,114.70961,2025-03-23,1747,N21,n,2.0NRT,1.12,N,0.38,0.36,,,,,,firms,VIIRS,VIIRS_NOAA21_NRT
5.82477,114.34003,2025-03-23,1747,N21,n,2.0NRT,2.24,N,0.39,0.36,,,,,,firms,VIIRS,VIIRS_NOAA21_NRT
5.87592,114.29449,2025-03-23,1747,N21,n,2.0NRT,0.76,N,0.39,0.36,,,,,,firms,VIIRS,VIIRS_NOAA21_NRT
-2.93648,115.23813,2025-03-23,1749,N21,n,2.0NRT,0.94,N,0.42,0.38,,,,,,firms,VIIRS,VIIRS_NOAA21_NRT
-2.21227,115.49511,2025-03-23,1749,N21,n,2.0NRT,1.78,N,0.42,0.38,,,,,,firms,VIIRS,VIIRS_NOAA21_NRT
-2.21145,115.49619,2025-03-23,1749,N21,n,2.0NRT,2.6,N,0.43,0.38,,,,,,firms,VIIRS,VIIRS_NOAA21_NRT
-1.89373,115.86466,2025-03-23,1749,N21,n,2.0NRT,1.6,N,0.44,0.38,,,,,,firms,VIIRS,VIIRS_NOAA21_NRT
-1.89312,115.86076,2025-03-23,1749,N21,n,2.0NRT,1.6,N,0.44,0.38,,,,,,firms,VIIRS,VIIRS_NOAA21_NRT
-1.89022,115.86521,2025-03-23,1749,N21,n,2.0NRT,1.6,N,0.44,0.38,,,,,,firms,VIIRS,VIIRS_NOAA21_NRT
-1.57427,103.68389,2025-03-23,1749,N21,n,2.0NRT,2.11,N,0.41,0.61,,,,,,firms,VIIRS,VIIRS_NOAA21_NRT
-1.56498,103.69653,2025-03-23,1749,N21,n,2.0NRT,2.7,N,0.41,0.61,,,,,,firms,VIIRS,VIIRS_NOAA21_NRT
-1.38279,122.48107,2025-03-23,1749,N21,n,2.0NRT,2.2,N,0.37,0.58,,,,,,firms,VIIRS,VIIRS_NOAA21_NRT
0.89715,124.08311,2025-03-23,1749,N21,n,2.0NRT,1.43,N,0.44,0.63,,,,,,firms,VIIRS,VIIRS_NOAA21_NRT
2.38874,111.34945,2025-03-23,1749,N21,n,2.0NRT,0.92,N,0.45,0.39,,,,,,firms,VIIRS,VIIRS_NOAA21_NRT
4.02241,103.34211,2025-03-23,1749,N21,n,2.0NRT,1.8,N,0.53,0.67,,,,,,firms,VIIRS,VIIRS_NOAA21_NRT
5.21357,104.72774,2025-03-23,1749,N21,n,2.0NRT,3.8,N,0.44,0.62,,,,,,firms,VIIRS,VIIRS_NOAA21_NRT
5.21412,104.72379,2025-03-23,1749,N21,n,2.0NRT,3.8,N,0.44,0.62,,,,,,firms,VIIRS,VIIRS_NOAA21_NRT
-6.18537,106.35591,2025-03-23,1752,N21,n,2.0NRT,1.21,N,0.45,0.47,,,,,,firms,VIIRS,VIIRS_NOAA21_NRT
-6.0985,106.67094,2025-03-23,1752,N21,n,2.0NRT,3.84,N,0.43,0.46,,,,,,firms,VIIRS,VIIRS_NOAA21_NRT
-6.02888,105.95628,2025-03-23,1752,N21,n,2.0NRT,4.02,N,0.48,0.48,,,,,,firms,VIIRS,VIIRS_NOAA21_NRT
-5.10693,120.25354,2025-03-24,446,N21,n,2.0NRT,3.36,D,0.41,0.61,,,,,,firms,VIIRS,VIIRS_NOAA21_NRT
-3.695,138.19896,2025-03-24,446,N21,n,2.0NRT,5.99,D,0.34,0.56,,,,,,firms,VIIRS,VIIRS_NOAA21_NRT
-3.69141,139.00926,2025-03-24,446,N21,n,2.0NRT,5.36,D,0.39,0.59,,,,,,firms,VIIRS,VIIRS_NOAA21_NRT
-3.69095,139.01201,2025-03-24,446,N21,n,2.0NRT,5.36,D,0.39,0.59,,,,,,firms,VIIRS,VIIRS_NOAA21_NRT
-3.66804,138.42784,2025-03-24,446,N21,n,2.0NRT,8.9,D,0.36,0.57,,,,,,firms,VIIRS,VIIRS_NOAA21_NRT
-3.66743,138.43158,2025-03-24,446,N21,n,2.0NRT,7.52,D,0.36,0.57,,,,,,firms,VIIRS,VIIRS_NOAA21_NRT
-3.65325,139.07158,2025-03-24,446,N21,n,2.0NRT,5.99,D,0.4,0.6,,,,,,firms,VIIRS,VIIRS_NOAA21_NRT
-2.62545,140.43286,2025-03-24,446,N21,n,2.0NRT,5.62,D,0.51,0.66,,,,,,firms,VIIRS,VIIRS_NOAA21_NRT
-3.8812,120.31285,2025-03-24,449,N21,n,2.0NRT,1.28,D,0.39,0.59,,,,,,firms,VIIRS,VIIRS_NOAA21_NRT
-1.37495,122.411,2025-03-24,449,N21,n,2.0NRT,4.68,D,0.51,0.49,,,,,,firms,VIIRS,VIIRS_NOAA21_NRT
-1.22163,121.58912,2025-03-24,449,N21,n,2.0NRT,21.4,D,0.58,0.52,,,,,,firms,VIIRS,VIIRS_NOAA21_NRT
-1.22113,121.58733,2025-03-24,449,N21,n,2.0NRT,17.66,D,0.58,0.52,,,,,,firms,VIIRS,VIIRS_NOAA21_NRT
-1.17367,123.18805,2025-03-24,449,N21,n,2.0NRT,3.32,D,0.45,0.47,,,,,,firms,VIIRS,VIIRS_NOAA21_NRT
-1.04224,123.30822,2025-03-24,449,N21,n,2.0NRT,8.13,D,0.44,0.46,,,,,,firms,VIIRS,VIIRS_NOAA21_NRT
-1.03981,123.26818,2025-03-24,449,N21,n,2.0NRT,1.67,D,0.44,0.46,,,,,,firms,VIIRS,VIIRS_NOAA21_NRT
-0.81106,122.53127,2025-03-24,449,N21,n,2.0NRT,15.83,D,0.49,0.49,,,,,,firms,VIIRS,VIIRS_NOAA21_NRT
0.00867,120.02579,2025-03-24,449,N21,n,2.0NRT,2.75,D,0.36,0.57,,,,,,firms,VIIRS,VIIRS_NOAA21_NRT
-4.75656,104.89453,2025-03-24,629,N21,n,2.0NRT,3.28,D,0.39,0.36,,,,,,firms,VIIRS,VIIRS_NOAA21_NRT
-4.32517,102.80288,2025-03-24,629,N21,l,2.0NRT,20.52,D,0.4,0.37,,,,,,firms,VIIRS,VIIRS_NOAA21_NRT
-3.80814,103.81911,2025-03-24,629,N21,n,2.0NRT,10.08,D,0.39,0.36,,,,,,firms,VIIRS,VIIRS_NOAA21_NRT
-3.72544,103.71406,2025-03-24,629,N21,n,2.0NRT,5.07,D,0.39,0.36,,,,,,firms,VIIRS,VIIRS_NOAA21_NRT
-3.47609,104.61491,2025-03-24,629,N21,n,2.0NRT,23.42,D,0.39,0.36,,,,,,firms,VIIRS,VIIRS_NOAA21_NRT
-3.14025,103.78504,2025-03-24,629,N21,n,2.0NRT,14.22,D,0.38,0.36,,,,,,firms,VIIRS,VIIRS_NOAA21_NRT
-0.96953,98.80132,2025-03-24,631,N21,n,2.0NRT,2.9,D,0.38,0.43,,,,,,firms,VIIRS,VIIRS_NOAA21_NRT
0.5292,109.09605,2025-03-24,631,N21,n,2.0NRT,3.47,D,0.44,0.46,,,,,,firms,VIIRS,VIIRS_NOAA21_NRT
0.68105,109.35043,2025-03-24,631,N21,n,2.0NRT,3.88,D,0.46,0.47,,,,,,firms,VIIRS,VIIRS_NOAA21_NRT
0.73432,109.19272,2025-03-24,631,N21,n,2.0NRT,7.86,D,0.45,0.47,,,,,,firms,VIIRS,VIIRS_NOAA21_NRT
2.69364,97.77518,2025-03-24,631,N21,n,2.0NRT,3.89,D,0.4,0.44,,,,,,firms,VIIRS,VIIRS_NOAA21_NRT
2.87269,97.98945,2025-03-24,631,N21,n,2.0NRT,8.3,D,0.57,0.43,,,,,,firms,VIIRS,VIIRS_NOAA21_NRT
3.27195,97.86904,2025-03-24,631,N21,n,2.0NRT,3.91,D,0.38,0.43,,,,,,firms,VIIRS,VIIRS_NOAA21_NRT
3.27686,113.07329,2025-03-24,631,N21,n,2.0NRT,7.51,D,0.46,0.64,,,,,,firms,VIIRS,VIIRS_NOAA21_NRT
3.29033,113.08428,2025-03-24,631,N21,n,2.0NRT,7.49,D,0.46,0.64,,,,,,firms,VIIRS,VIIRS_NOAA21_NRT
3.48896,101.4757,2025-03-24,631,N21,l,2.0NRT,8.89,D,0.39,0.37,,,,,,firms,VIIRS,VIIRS_NOAA21_NRT
3.4895,101.47921,2025-03-24,631,N21,l,2.0NRT,4.57,D,0.39,0.37,,,,,,firms,VIIRS,VIIRS_NOAA21_NRT
3.49004,101.48273,2025-03-24,631,N21,l,2.0NRT,4.57,D,0.39,0.37,,,,,,firms,VIIRS,VIIRS_NOAA21_NRT
3.53628,113.34433,2025-03-24,631,N21,n,2.0NRT,2.71,D,0.49,0.65,,,,,,firms,VIIRS,VIIRS_NOAA21_NRT
3.55755,113.53294,2025-03-24,631,N21,n,2.0NRT,4.93,D,0.5,0.66,,,,,,firms,VIIRS,VIIRS_NOAA21_NRT
4.56896,103.45129,2025-03-24,631,N21,n,2.0NRT,3.91,D,0.39,0.36,,,,,,firms,VIIRS,VIIRS_NOAA21_NRT
5.15553,96.41996,2025-03-24,633,N21,n,2.0NRT,7.48,D,0.44,0.46,,,,,,firms,VIIRS,VIIRS_NOAA21_NRT
5.40616,95.64446,2025-03-24,633,N21,n,2.0NRT,14.74,D,0.5,0.49,,,,,,firms,VIIRS,VIIRS_NOAA21_NRT
5.47977,95.78812,2025-03-24,633,N21,n,2.0NRT,5.18,D,0.48,0.48,,,,,,firms,VIIRS,VIIRS_NOAA21_NRT
5.92932,100.40485,2025-03-24,633,N21,n,2.0NRT,4.82,D,0.41,0.37,,,,,,firms,VIIRS,VIIRS_NOAA21_NRT
0.50983,127.89513,2025-03-24,1730,N21,n,2.0NRT,1.41,N,0.39,0.59,,,,,,firms,VIIRS,VIIRS_NOAA21_NRT
0.51188,127.89796,2025-03-24,1730,N21,n,2.0NRT,1.53,N,0.39,0.59,,,,,,firms,VIIRS,VIIRS_NOAA21_NRT
0.51242,127.89462,2025-03-24,1730,N21,n,2.0NRT,1.52,N,0.39,0.59,,,,,,firms,VIIRS,VIIRS_NOAA21_NRT
1.49111,127.63458,2025-03-24,1730,N21,n,2.0NRT,0.74,N,0.36,0.57,,,,,,firms,VIIRS,VIIRS_NOAA21_NRT
1.49626,127.63581,2025-03-24,1730,N21,n,2.0NRT,0.74,N,0.36,0.57,,,,,,firms,VIIRS,VIIRS_NOAA21_NRT
-2.51299,110.87585,2025-03-24,1732,N21,n,2.0NRT,0.85,N,0.54,0.51,,,,,,firms,VIIRS,VIIRS_NOAA21_NRT
-1.8938,115.8657,2025-03-24,1732,N21,n,2.0NRT,4.52,N,0.42,0.38,,,,,,firms,VIIRS,VIIRS_NOAA21_NRT
-1.89321,115.86192,2025-03-24,1732,N21,n,2.0NRT,1.18,N,0.42,0.38,,,,,,firms,VIIRS,VIIRS_NOAA21_NRT
-1.24673,116.81277,2025-03-24,1732,N21,n,2.0NRT,1.87,N,0.4,0.37,,,,,,firms,VIIRS,VIIRS_NOAA21_NRT
-3.70957,138.18457,2025-03-25,429,N21,n,2.0NRT,3.61,D,0.5,0.41,,,,,,firms,VIIRS,VIIRS_NOAA21_NRT
-1.45968,127.43584,2025-03-25,429,N21,n,2.0NRT,23.17,D,0.49,0.49,,,,,,firms,VIIRS,VIIRS_NOAA21_NRT
-7.70196,108.99481,2025-03-25,610,N21,n,2.0NRT,12.57,D,0.39,0.36,,,,,,firms,VIIRS,VIIRS_NOAA21_NRT
-7.19155,110.71483,2025-03-25,610,N21,n,2.0NRT,3.7,D,0.39,0.36,,,,,,firms,VIIRS,VIIRS_NOAA21_NRT
-3.89438,120.10458,2025-03-25,610,N21,n,2.0NRT,14.37,D,0.51,0.66,,,,,,firms,VIIRS,VIIRS_NOAA21_NRT
-4.55243,103.14412,2025-03-25,612,N21,n,2.0NRT,3.34,D,0.46,0.47,,,,,,firms,VIIRS,VIIRS_NOAA21_NRT
-4.39199,103.12372,2025-03-25,612,N21,n,2.0NRT,5.44,D,0.46,0.47,,,,,,firms,VIIRS,VIIRS_NOAA21_NRT
-4.3797,103.11761,2025-03-25,612,N21,n,2.0NRT,3.03,D,0.46,0.47,,,,,,firms,VIIRS,VIIRS_NOAA21_NRT
-4.23633,102.99751,2025-03-25,612,N21,n,2.0NRT,6.54,D,0.47,0.47,,,,,,firms,VIIRS,VIIRS_NOAA21_NRT
-4.20968,102.86562,2025-03-25,612,N21,n,2.0NRT,3.14,D,0.47,0.48,,,,,,firms,VIIRS,VIIRS_NOAA21_NRT
-4.15826,102.7579,2025-03-25,612,N21,n,2.0NRT,3.84,D,0.48,0.48,,,,,,firms,VIIRS,VIIRS_NOAA21_NRT
0.64846,109.68875,2025-03-25,612,N21,n,2.0NRT,3.83,D,0.41,0.37,,,,,,firms,VIIRS,VIIRS_NOAA21_NRT
0.85473,110.40017,2025-03-25,612,N21,n,2.0NRT,14.09,D,0.43,0.38,,,,,,firms,VIIRS,VIIRS_NOAA21_NRT
0.85821,110.39964,2025-03-25,612,N21,n,2.0NRT,14.09,D,0.43,0.38,,,,,,firms,VIIRS,VIIRS_NOAA21_NRT
1.18111,99.27797,2025-03-25,614,N21,n,2.0NRT,8.25,D,0.35,0.57,,,,,,firms,VIIRS,VIIRS_NOAA21_NRT
1.18166,99.28136,2025-03-25,614,N21,l,2.0NRT,8.25,D,0.35,0.57,,,,,,firms,VIIRS,VIIRS_NOAA21_NRT
1.1889,99.26079,2025-03-25,614,N21,n,2.0NRT,6.39,D,0.35,0.57,,,,,,firms,VIIRS,VIIRS_NOAA21_NRT
1.20287,99.2491,2025-03-25,614,N21,n,2.0NRT,5.08,D,0.35,0.57,,,,,,firms,VIIRS,VIIRS_NOAA21_NRT
1.35569,99.39934,2025-03-25,614,N21,n,2.0NRT,4.32,D,0.34,0.56,,,,,,firms,VIIRS,VIIRS_NOAA21_NRT
1.35608,99.40182,2025-03-25,614,N21,n,2.0NRT,4.32,D,0.34,0.56,,,,,,firms,VIIRS,VIIRS_NOAA21_NRT
1.35647,99.4043,2025-03-25,614,N21,n,2.0NRT,4.74,D,0.34,0.56,,,,,,firms,VIIRS,VIIRS_NOAA21_NRT
1.35688,99.40687,2025-03-25,614,N21,n,2.0NRT,4.74,D,0.34,0.56,,,,,,firms,VIIRS,VIIRS_NOAA21_NRT
1.36199,99.4062,2025-03-25,614,N21,n,2.0NRT,4.96,D,0.34,0.56,,,,,,firms,VIIRS,VIIRS_NOAA21_NRT
3.05048,101.38332,2025-03-25,614,N21,n,2.0NRT,5.61,D,0.46,0.47,,,,,,firms,VIIRS,VIIRS_NOAA21_NRT
3.11895,97.3955,2025-03-25,614,N21,n,2.0NRT,7.46,D,0.44,0.62,,,,,,firms,VIIRS,VIIRS_NOAA21_NRT
3.28756,113.08551,2025-03-25,614,N21,n,2.0NRT,5.32,D,0.43,0.46,,,,,,firms,VIIRS,VIIRS_NOAA21_NRT
3.3083,113.11012,2025-03-25,614,N21,n,2.0NRT,5.86,D,0.44,0.46,,,,,,firms,VIIRS,VIIRS_NOAA21_NRT
4.57946,103.4402,2025-03-25,614,N21,n,2.0NRT,21.59,D,0.5,0.41,,,,,,firms,VIIRS,VIIRS_NOAA21_NRT
4.61805,114.34177,2025-03-25,614,N21,n,2.0NRT,6.43,D,0.55,0.51,,,,,,firms,VIIRS,VIIRS_NOAA21_NRT
5.51835,102.94719,2025-03-25,614,N21,n,2.0NRT,5.03,D,0.51,0.41,,,,,,firms,VIIRS,VIIRS_NOAA21_NRT
2.78124,125.40724,2025-03-25,1709,N21,n,2.0NRT,0.84,N,0.4,0.37,,,,,,firms,VIIRS,VIIRS_NOAA21_NRT
0.74342,101.46386,2025-03-25,1851,N21,n,2.0NRT,0.93,N,0.48,0.4,,,,,,firms,VIIRS,VIIRS_NOAA21_NRT
0.84513,101.39111,2025-03-25,1851,N21,n,2.0NRT,0.98,N,0.47,0.4,,,,,,firms,VIIRS,VIIRS_NOAA21_NRT
1.5269,100.98092,2025-03-25,1851,N21,n,2.0NRT,1.39,N,0.45,0.39,,,,,,firms,VIIRS,VIIRS_NOAA21_NRT
2.67767,99.42735,2025-03-25,1851,N21,n,2.0NRT,1.04,N,0.39,0.36,,,,,,firms,VIIRS,VIIRS_NOAA21_NRT
2.73808,102.39505,2025-03-25,1851,N21,n,2.0NRT,2.13,N,0.51,0.41,,,,,,firms,VIIRS,VIIRS_NOAA21_NRT
2.73928,102.39345,2025-03-25,1851,N21,n,2.0NRT,1.86,N,0.51,0.41,,,,,,firms,VIIRS,VIIRS_NOAA21_NRT
4.00472,103.34576,2025-03-25,1851,N21,n,2.0NRT,1.43,N,0.56,0.43,,,,,,firms,VIIRS,VIIRS_NOAA21_NRT
4.00498,103.34818,2025-03-25,1851,N21,n,2.0NRT,2.19,N,0.55,0.43,,,,,,firms,VIIRS,VIIRS_NOAA21_NRT
4.02221,103.34075,2025-03-25,1851,N21,n,2.0NRT,2.0,N,0.55,0.43,,,,,,firms,VIIRS,VIIRS_NOAA21_NRT
5.97685,101.97231,2025-03-25,1851,N21,n,2.0NRT,1.08,N,0.44,0.39,,,,,,firms,VIIRS,VIIRS_NOAA21_NRT
-0.49099,102.47903,2025-03-25,1853,N21,n,2.0NRT,0.66,N,0.57,0.43,,,,,,firms,VIIRS,VIIRS_NOAA21_NRT
-0.39188,100.45506,2025-03-25,1853,N21,n,2.0NRT,3.32,N,0.44,0.38,,,,,,firms,VIIRS,VIIRS_NOAA21_NRT
0.44267,101.89338,2025-03-25,1853,N21,n,2.0NRT,3.34,N,0.51,0.41,,,,,,firms,VIIRS,VIIRS_NOAA21_NRT
-6.93528,110.54807,2025-03-26,553,N21,n,2.0NRT,5.3,D,0.51,0.41,,,,,,firms,VIIRS,VIIRS_NOAA21_NRT
-6.93174,110.30255,2025-03-26,553,N21,n,2.0NRT,7.59,D,0.52,0.42,,,,,,firms,VIIRS,VIIRS_NOAA21_NRT
-4.39315,103.04079,2025-03-26,553,N21,n,2.0NRT,8.12,D,0.5,0.66,,,,,,firms,VIIRS,VIIRS_NOAA21_NRT
-4.35204,103.0498,2025-03-26,553,N21,n,2.0NRT,6.44,D,0.5,0.66,,,,,,firms,VIIRS,VIIRS_NOAA21_NRT
-3.80781,103.82025,2025-03-26,553,N21,n,2.0NRT,5.46,D,0.43,0.62,,,,,,firms,VIIRS,VIIRS_NOAA21_NRT
-3.75097,103.25792,2025-03-26,553,N21,n,2.0NRT,8.03,D,0.47,0.64,,,,,,firms,VIIRS,VIIRS_NOAA21_NRT
-2.67903,111.62343,2025-03-26,553,N21,l,2.0NRT,9.15,D,0.41,0.37,,,,,,firms,VIIRS,VIIRS_NOAA21_NRT
-2.67211,106.5835,2025-03-26,553,N21,n,2.0NRT,10.09,D,0.53,0.5,,,,,,firms,VIIRS,VIIRS_NOAA21_NRT
-2.61497,106.68147,2025-03-26,553,N21,n,2.0NRT,4.51,D,0.52,0.5,,,,,,firms,VIIRS,VIIRS_NOAA21_NRT
-1.89618,106.15304,2025-03-26,553,N21,n,2.0NRT,2.59,D,0.55,0.51,,,,,,firms,VIIRS,VIIRS_NOAA21_NRT
-1.28981,114.38949,2025-03-26,553,N21,n,2.0NRT,3.06,D,0.39,0.37,,,,,,firms,VIIRS,VIIRS_NOAA21_NRT
-1.21056,121.68871,2025-03-26,553,N21,n,2.0NRT,2.6,D,0.34,0.56,,,,,,firms,VIIRS,VIIRS_NOAA21_NRT
-1.06723,113.77727,2025-03-26,553,N21,n,2.0NRT,3.24,D,0.39,0.36,,,,,,firms,VIIRS,VIIRS_NOAA21_NRT
-0.95423,114.97681,2025-03-26,553,N21,n,2.0NRT,11.85,D,0.41,0.37,,,,,,firms,VIIRS,VIIRS_NOAA21_NRT
0.45902,120.3678,2025-03-26,553,N21,n,2.0NRT,1.87,D,0.58,0.52,,,,,,firms,VIIRS,VIIRS_NOAA21_NRT
3.52422,113.31271,2025-03-26,553,N21,n,2.0NRT,5.69,D,0.39,0.37,,,,,,firms,VIIRS,VIIRS_NOAA21_NRT
3.53569,113.34348,2025-03-26,553,N21,n,2.0NRT,6.2,D,0.4,0.37,,,,,,firms,VIIRS,VIIRS_NOAA21_NRT
3.54918,113.31976,2025-03-26,553,N21,n,2.0NRT,5.64,D,0.4,0.37,,,,,,firms,VIIRS,VIIRS_NOAA21_NRT
3.62971,113.56508,2025-03-26,553,N21,n,2.0NRT,5.54,D,0.4,0.37,,,,,,firms,VIIRS,VIIRS_NOAA21_NRT
3.74229,114.13389,2025-03-26,553,N21,n,2.0NRT,5.56,D,0.42,0.37,,,,,,firms,VIIRS,VIIRS_NOAA21_NRT
4.12153,114.30065,2025-03-26,553,N21,n,2.0NRT,6.11,D,0.43,0.38,,,,,,firms,VIIRS,VIIRS_NOAA21_NRT
4.61574,114.34118,2025-03-26,553,N21,n,2.0NRT,5.28,D,0.43,0.38,,,,,,firms,VIIRS,VIIRS_NOAA21_NRT
4.61632,114.34503,2025-03-26,553,N21,n,2.0NRT,4.32,D,0.43,0.38,,,,,,firms,VIIRS,VIIRS_NOAA21_NRT
4.61762,114.3411,2025-03-26,553,N21,n,2.0NRT,5.0,D,0.43,0.38,,,,,,firms,VIIRS,VIIRS_NOAA21_NRT
-1.28683,101.36681,2025-03-26,555,N21,n,2.0NRT,12.08,D,0.59,0.7,,,,,,firms,VIIRS,VIIRS_NOAA21_NRT
-1.28609,101.37176,2025-03-26,555,N21,n,2.0NRT,10.97,D,0.59,0.7,,,,,,firms,VIIRS,VIIRS_NOAA21_NRT
-1.28382,101.37049,2025-03-26,555,N21,n,2.0NRT,16.75,D,0.58,0.7,,,,,,firms,VIIRS,VIIRS_NOAA21_NRT
-0.27402,111.93036,2025-03-26,555,N21,l,2.0NRT,6.46,D,0.39,0.36,,,,,,firms,VIIRS,VIIRS_NOAA21_NRT
-0.25844,112.72362,2025-03-26,555,N21,n,2.0NRT,5.0,D,0.38,0.36,,,,,,firms,VIIRS,VIIRS_NOAA21_NRT
0.5416,109.10188,2025-03-26,555,N21,n,2.0NRT,7.41,D,0.5,0.41,,,,,,firms,VIIRS,VIIRS_NOAA21_NRT
1.09784,109.8099,2025-03-26,555,N21,l,2.0NRT,13.69,D,0.45,0.39,,,,,,firms,VIIRS,VIIRS_NOAA21_NRT
4.60521,103.39177,2025-03-26,555,N21,n,2.0NRT,4.91,D,0.34,0.56,,,,,,firms,VIIRS,VIIRS_NOAA21_NRT
1.03729,99.19951,2025-03-26,733,N21,n,2.0NRT,6.81,D,0.58,0.7,,,,,,firms,VIIRS,VIIRS_NOAA21_NRT
2.49911,98.19055,2025-03-26,733,N21,n,2.0NRT,4.54,D,0.52,0.67,,,,,,firms,VIIRS,VIIRS_NOAA21_NRT
3.19085,97.40464,2025-03-26,735,N21,n,2.0NRT,6.21,D,0.47,0.64,,,,,,firms,VIIRS,VIIRS_NOAA21_NRT
3.19233,97.40775,2025-03-26,735,N21,n,2.0NRT,8.29,D,0.47,0.64,,,,,,firms,VIIRS,VIIRS_NOAA21_NRT
4.35192,96.05589,2025-03-26,735,N21,n,2.0NRT,9.21,D,0.4,0.6,,,,,,firms,VIIRS,VIIRS_NOAA21_NRT
4.78511,95.563,2025-03-26,735,N21,n,2.0NRT,4.45,D,0.37,0.58,,,,,,firms,VIIRS,VIIRS_NOAA21_NRT
4.83673,95.54478,2025-03-26,735,N21,n,2.0NRT,7.28,D,0.37,0.58,,,,,,firms,VIIRS,VIIRS_NOAA21_NRT
5.13601,95.34921,2025-03-26,735,N21,n,2.0NRT,3.2,D,0.36,0.58,,,,,,firms,VIIRS,VIIRS_NOAA21_NRT
5.13603,95.34931,2025-03-26,735,N21,n,2.0NRT,4.05,D,0.36,0.58,,,,,,firms,VIIRS,VIIRS_NOAA21_NRT
1.4944,127.63228,2025-03-26,1652,N21,n,2.0NRT,2.08,N,0.39,0.36,,,,,,firms,VIIRS,VIIRS_NOAA21_NRT
1.70116,127.8766,2025-03-26,1652,N21,n,2.0NRT,1.2,N,0.39,0.36,,,,,,firms,VIIRS,VIIRS_NOAA21_NRT
2.78048,125.40604,2025-03-26,1652,N21,n,2.0NRT,1.09,N,0.47,0.4,,,,,,firms,VIIRS,VIIRS_NOAA21_NRT
-3.86993,122.4034,2025-03-26,1654,N21,n,2.0NRT,0.9,N,0.57,0.43,,,,,,firms,VIIRS,VIIRS_NOAA21_NRT
-3.04225,122.26544,2025-03-26,1654,N21,n,2.0NRT,1.28,N,0.4,0.44,,,,,,firms,VIIRS,VIIRS_NOAA21_NRT
-2.59439,120.5652,2025-03-26,1654,N21,n,2.0NRT,0.91,N,0.52,0.5,,,,,,firms,VIIRS,VIIRS_NOAA21_NRT
-2.20899,115.49944,2025-03-26,1654,N21,n,2.0NRT,2.99,N,0.59,0.7,,,,,,firms,VIIRS,VIIRS_NOAA21_NRT
-2.20772,115.50122,2025-03-26,1654,N21,n,2.0NRT,2.24,N,0.59,0.7,,,,,,firms,VIIRS,VIIRS_NOAA21_NRT
-0.24239,117.32586,2025-03-26,1654,N21,n,2.0NRT,3.61,N,0.48,0.64,,,,,,firms,VIIRS,VIIRS_NOAA21_NRT
0.61393,117.44274,2025-03-26,1654,N21,n,2.0NRT,2.54,N,0.48,0.65,,,,,,firms,VIIRS,VIIRS_NOAA21_NRT
3.52471,113.31178,2025-03-26,1832,N21,n,2.0NRT,1.97,N,0.42,0.61,,,,,,firms,VIIRS,VIIRS_NOAA21_NRT
-2.63859,108.04701,2025-03-26,1834,N21,n,2.0NRT,1.5,N,0.46,0.47,,,,,,firms,VIIRS,VIIRS_NOAA21_NRT
-1.89741,115.8615,2025-03-26,1834,N21,n,2.0NRT,4.4,N,0.78,0.78,,,,,,firms,VIIRS,VIIRS_NOAA21_NRT
-1.89635,115.85436,2025-03-26,1834,N21,n,2.0NRT,5.43,N,0.78,0.78,,,,,,firms,VIIRS,VIIRS_NOAA21_NRT
-1.88932,115.85577,2025-03-26,1834,N21,n,2.0NRT,3.56,N,0.78,0.78,,,,,,firms,VIIRS,VIIRS_NOAA21_NRT
-1.50648,105.88887,2025-03-26,1834,N21,n,2.0NRT,2.08,N,0.49,0.4,,,,,,firms,VIIRS,VIIRS_NOAA21_NRT
-1.47458,102.61754,2025-03-26,1834,N21,n,2.0NRT,2.71,N,0.38,0.36,,,,,,firms,VIIRS,VIIRS_NOAA21_NRT
-0.98709,103.331,2025-03-26,1834,N21,n,2.0NRT,1.72,N,0.39,0.36,,,,,,firms,VIIRS,VIIRS_NOAA21_NRT
-0.45535,102.16955,2025-03-26,1834,N21,n,2.0NRT,0.57,N,0.39,0.36,,,,,,firms,VIIRS,VIIRS_NOAA21_NRT
1.16258,101.27867,2025-03-26,1834,N21,n,2.0NRT,1.1,N,0.4,0.37,,,,,,firms,VIIRS,VIIRS_NOAA21_NRT
1.37636,104.16066,2025-03-26,1834,N21,n,2.0NRT,1.37,N,0.4,0.37,,,,,,firms,VIIRS,VIIRS_NOAA21_NRT
3.27524,113.07411,2025-03-26,1834,N21,n,2.0NRT,1.93,N,0.41,0.61,,,,,,firms,VIIRS,VIIRS_NOAA21_NRT
3.27555,113.0722,2025-03-26,1834,N21,n,2.0NRT,1.38,N,0.41,0.61,,,,,,firms,VIIRS,VIIRS_NOAA21_NRT
3.27982,113.08045,2025-03-26,1834,N21,n,2.0NRT,1.55,N,0.41,0.61,,,,,,firms,VIIRS,VIIRS_NOAA21_NRT
3.28017,113.07871,2025-03-26,1834,N21,n,2.0NRT,1.59,N,0.41,0.61,,,,,,firms,VIIRS,VIIRS_NOAA21_NRT
3.2847,113.08515,2025-03-26,1834,N21,n,2.0NRT,1.43,N,0.41,0.61,,,,,,firms,VIIRS,VIIRS_NOAA21_NRT
3.28507,113.08347,2025-03-26,1834,N21,n,2.0NRT,1.59,N,0.41,0.61,,,,,,firms,VIIRS,VIIRS_NOAA21_NRT
3.28959,113.08984,2025-03-26,1834,N21,n,2.0NRT,1.43,N,0.41,0.61,,,,,,firms,VIIRS,VIIRS_NOAA21_NRT
3.28998,113.08818,2025-03-26,1834,N21,n,2.0NRT,2.92,N,0.41,0.61,,,,,,firms,VIIRS,VIIRS_NOAA21_NRT
3.29019,113.0863,2025-03-26,1834,N21,n,2.0NRT,1.43,N,0.41,0.61,,,,,,firms,VIIRS,VIIRS_NOAA21_NRT
-6.71091,107.23364,2025-03-26,1836,N21,n,2.0NRT,0.79,N,0.46,0.47,,,,,,firms,VIIRS,VIIRS_NOAA21_NRT
-6.7089,107.23207,2025-03-26,1836,N21,n,2.0NRT,0.79,N,0.46,0.47,,,,,,firms,VIIRS,VIIRS_NOAA21_NRT
-7.70229,108.9939,2025-03-27,531,N21,n,2.0NRT,7.57,D,0.46,0.63,,,,,,firms,VIIRS,VIIRS_NOAA21_NRT
-5.24423,119.5104,2025-03-27,531,N21,n,2.0NRT,1.73,D,0.39,0.36,,,,,,firms,VIIRS,VIIRS_NOAA21_NRT
-4.98696,120.27098,2025-03-27,531,N21,n,2.0NRT,3.37,D,0.4,0.37,,,,,,firms,VIIRS,VIIRS_NOAA21_NRT
-4.95961,120.18894,2025-03-27,531,N21,n,2.0NRT,3.1,D,0.4,0.37,,,,,,firms,VIIRS,VIIRS_NOAA21_NRT
-4.9474,120.2458,2025-03-27,531,N21,n,2.0NRT,13.1,D,0.4,0.37,,,,,,firms,VIIRS,VIIRS_NOAA21_NRT
-4.83461,119.98325,2025-03-27,531,N21,n,2.0NRT,5.49,D,0.4,0.37,,,,,,firms,VIIRS,VIIRS_NOAA21_NRT
-4.19381,122.26897,2025-03-27,531,N21,n,2.0NRT,3.93,D,0.49,0.4,,,,,,firms,VIIRS,VIIRS_NOAA21_NRT
-3.90312,122.41857,2025-03-27,531,N21,n,2.0NRT,4.12,D,0.5,0.41,,,,,,firms,VIIRS,VIIRS_NOAA21_NRT
-3.54447,126.5042,2025-03-27,531,N21,n,2.0NRT,5.29,D,0.63,0.54,,,,,,firms,VIIRS,VIIRS_NOAA21_NRT
-3.90744,120.08984,2025-03-27,533,N21,n,2.0NRT,1.93,D,0.4,0.37,,,,,,firms,VIIRS,VIIRS_NOAA21_NRT
-3.88815,120.26101,2025-03-27,533,N21,n,2.0NRT,2.13,D,0.41,0.37,,,,,,firms,VIIRS,VIIRS_NOAA21_NRT
-3.88758,119.79466,2025-03-27,533,N21,n,2.0NRT,2.43,D,0.4,0.37,,,,,,firms,VIIRS,VIIRS_NOAA21_NRT
-3.88353,120.20073,2025-03-27,533,N21,n,2.0NRT,27.25,D,0.41,0.37,,,,,,firms,VIIRS,VIIRS_NOAA21_NRT
-3.81645,120.27601,2025-03-27,533,N21,n,2.0NRT,2.69,D,0.41,0.37,,,,,,firms,VIIRS,VIIRS_NOAA21_NRT
-3.79624,120.08336,2025-03-27,533,N21,n,2.0NRT,4.4,D,0.4,0.37,,,,,,firms,VIIRS,VIIRS_NOAA21_NRT
-3.76917,120.03504,2025-03-27,533,N21,n,2.0NRT,1.81,D,0.4,0.37,,,,,,firms,VIIRS,VIIRS_NOAA21_NRT
-3.74817,120.32888,2025-03-27,533,N21,n,2.0NRT,3.09,D,0.41,0.37,,,,,,firms,VIIRS,VIIRS_NOAA21_NRT
-3.6516,120.00186,2025-03-27,533,N21,n,2.0NRT,4.22,D,0.4,0.37,,,,,,firms,VIIRS,VIIRS_NOAA21_NRT
-2.97389,116.2682,2025-03-27,533,N21,n,2.0NRT,3.82,D,0.42,0.38,,,,,,firms,VIIRS,VIIRS_NOAA21_NRT
-2.97046,116.2677,2025-03-27,533,N21,n,2.0NRT,3.82,D,0.42,0.38,,,,,,firms,VIIRS,VIIRS_NOAA21_NRT
-2.90142,121.16614,2025-03-27,533,N21,n,2.0NRT,12.86,D,0.45,0.39,,,,,,firms,VIIRS,VIIRS_NOAA21_NRT
-2.83009,122.1751,2025-03-27,533,N21,n,2.0NRT,4.43,D,0.5,0.41,,,,,,firms,VIIRS,VIIRS_NOAA21_NRT
-2.75624,111.25935,2025-03-27,533,N21,n,2.0NRT,5.65,D,0.54,0.51,,,,,,firms,VIIRS,VIIRS_NOAA21_NRT
-2.75516,111.26134,2025-03-27,533,N21,n,2.0NRT,13.43,D,0.54,0.51,,,,,,firms,VIIRS,VIIRS_NOAA21_NRT
-2.71983,119.18306,2025-03-27,533,N21,n,2.0NRT,2.86,D,0.39,0.36,,,,,,firms,VIIRS,VIIRS_NOAA21_NRT
-2.70335,119.20193,2025-03-27,533,N21,n,2.0NRT,4.36,D,0.39,0.36,,,,,,firms,VIIRS,VIIRS_NOAA21_NRT
-2.6186,121.65113,2025-03-27,533,N21,n,2.0NRT,3.92,D,0.48,0.4,,,,,,firms,VIIRS,VIIRS_NOAA21_NRT
-2.58853,110.68845,2025-03-27,533,N21,n,2.0NRT,6.97,D,0.59,0.53,,,,,,firms,VIIRS,VIIRS_NOAA21_NRT
-2.57392,121.38302,2025-03-27,533,N21,n,2.0NRT,51.45,D,0.46,0.39,,,,,,firms,VIIRS,VIIRS_NOAA21_NRT
-2.54855,105.96434,2025-03-27,533,N21,n,2.0NRT,18.37,D,0.63,0.72,,,,,,firms,VIIRS,VIIRS_NOAA21_NRT
-2.49165,112.76328,2025-03-27,533,N21,n,2.0NRT,4.55,D,0.42,0.45,,,,,,firms,VIIRS,VIIRS_NOAA21_NRT
-2.37276,111.15134,2025-03-27,533,N21,n,2.0NRT,12.46,D,0.54,0.51,,,,,,firms,VIIRS,VIIRS_NOAA21_NRT
-2.36802,119.61149,2025-03-27,533,N21,n,2.0NRT,4.23,D,0.4,0.37,,,,,,firms,VIIRS,VIIRS_NOAA21_NRT
-2.34081,119.2601,2025-03-27,533,N21,n,2.0NRT,2.82,D,0.39,0.36,,,,,,firms,VIIRS,VIIRS_NOAA21_NRT
-2.21112,115.49732,2025-03-27,533,N21,n,2.0NRT,7.98,D,0.44,0.39,,,,,,firms,VIIRS,VIIRS_NOAA21_NRT
-2.04048,119.35663,2025-03-27,533,N21,n,2.0NRT,5.02,D,0.4,0.37,,,,,,firms,VIIRS,VIIRS_NOAA21_NRT
-2.01371,121.41873,2025-03-27,533,N21,n,2.0NRT,7.8,D,0.47,0.4,,,,,,firms,VIIRS,VIIRS_NOAA21_NRT
-2.01009,121.41814,2025-03-27,533,N21,n,2.0NRT,7.8,D,0.47,0.4,,,,,,firms,VIIRS,VIIRS_NOAA21_NRT
-1.97813,119.3618,2025-03-27,533,N21,n,2.0NRT,4.67,D,0.4,0.37,,,,,,firms,VIIRS,VIIRS_NOAA21_NRT
-1.89491,115.86542,2025-03-27,533,N21,l,2.0NRT,7.67,D,0.42,0.38,,,,,,firms,VIIRS,VIIRS_NOAA21_NRT
-1.6963,119.49595,2025-03-27,533,N21,n,2.0NRT,2.88,D,0.4,0.37,,,,,,firms,VIIRS,VIIRS_NOAA21_NRT
-1.60872,120.45529,2025-03-27,533,N21,n,2.0NRT,3.18,D,0.43,0.38,,,,,,firms,VIIRS,VIIRS_NOAA21_NRT
-1.47013,120.78762,2025-03-27,533,N21,n,2.0NRT,2.01,D,0.45,0.39,,,,,,firms,VIIRS,VIIRS_NOAA21_NRT
-1.46051,127.43659,2025-03-27,533,N21,n,2.0NRT,5.82,D,0.39,0.6,,,,,,firms,VIIRS,VIIRS_NOAA21_NRT
-1.45667,127.43739,2025-03-27,533,N21,n,2.0NRT,11.19,D,0.39,0.6,,,,,,firms,VIIRS,VIIRS_NOAA21_NRT
-1.45499,127.43632,2025-03-27,533,N21,n,2.0NRT,5.82,D,0.39,0.6,,,,,,firms,VIIRS,VIIRS_NOAA21_NRT
-1.32766,122.35766,2025-03-27,533,N21,n,2.0NRT,8.02,D,0.54,0.42,,,,,,firms,VIIRS,VIIRS_NOAA21_NRT
-1.31013,121.67535,2025-03-27,533,N21,n,2.0NRT,10.72,D,0.49,0.41,,,,,,firms,VIIRS,VIIRS_NOAA21_NRT
-1.24517,116.81199,2025-03-27,533,N21,l,2.0NRT,5.16,D,0.39,0.37,,,,,,firms,VIIRS,VIIRS_NOAA21_NRT
-1.17356,121.64336,2025-03-27,533,N21,n,2.0NRT,6.06,D,0.5,0.41,,,,,,firms,VIIRS,VIIRS_NOAA21_NRT
-1.14788,121.29758,2025-03-27,533,N21,n,2.0NRT,3.61,D,0.47,0.4,,,,,,firms,VIIRS,VIIRS_NOAA21_NRT
-0.98519,121.89016,2025-03-27,533,N21,n,2.0NRT,4.54,D,0.51,0.41,,,,,,firms,VIIRS,VIIRS_NOAA21_NRT
-0.94342,119.67479,2025-03-27,533,N21,n,2.0NRT,3.09,D,0.41,0.37,,,,,,firms,VIIRS,VIIRS_NOAA21_NRT
-0.9416,121.61586,2025-03-27,533,N21,n,2.0NRT,5.21,D,0.5,0.41,,,,,,firms,VIIRS,VIIRS_NOAA21_NRT
-0.79281,120.10337,2025-03-27,533,N21,n,2.0NRT,4.27,D,0.42,0.38,,,,,,firms,VIIRS,VIIRS_NOAA21_NRT
0.27843,120.1586,2025-03-27,533,N21,n,2.0NRT,13.0,D,0.44,0.38,,,,,,firms,VIIRS,VIIRS_NOAA21_NRT
0.57093,109.38693,2025-03-27,533,N21,n,2.0NRT,1.8,D,0.32,0.55,,,,,,firms,VIIRS,VIIRS_NOAA21_NRT
0.6091,120.40233,2025-03-27,533,N21,n,2.0NRT,5.23,D,0.45,0.39,,,,,,firms,VIIRS,VIIRS_NOAA21_NRT
0.61265,117.44214,2025-03-27,533,N21,n,2.0NRT,5.76,D,0.38,0.36,,,,,,firms,VIIRS,VIIRS_NOAA21_NRT
0.62743,109.25776,2025-03-27,533,N21,h,2.0NRT,16.38,D,0.33,0.55,,,,,,firms,VIIRS,VIIRS_NOAA21_NRT
0.67529,117.56568,2025-03-27,533,N21,n,2.0NRT,2.44,D,0.38,0.36,,,,,,firms,VIIRS,VIIRS_NOAA21_NRT
0.68465,117.56078,2025-03-27,533,N21,n,2.0NRT,5.52,D,0.38,0.36,,,,,,firms,VIIRS,VIIRS_NOAA21_NRT
0.68743,117.55686,2025-03-27,533,N21,n,2.0NRT,5.52,D,0.38,0.36,,,,,,firms,VIIRS,VIIRS_NOAA21_NRT
1.1005,109.09585,2025-03-27,533,N21,n,2.0NRT,5.25,D,0.33,0.55,,,,,,firms,VIIRS,VIIRS_NOAA21_NRT
1.26251,117.20033,2025-03-27,533,N21,n,2.0NRT,2.08,D,0.38,0.36,,,,,,firms,VIIRS,VIIRS_NOAA21_NRT
2.01429,111.39869,2025-03-27,533,N21,n,2.0NRT,7.03,D,0.45,0.47,,,,,,firms,VIIRS,VIIRS_NOAA21_NRT
2.11594,128.30559,2025-03-27,533,N21,n,2.0NRT,4.36,D,0.52,0.66,,,,,,firms,VIIRS,VIIRS_NOAA21_NRT
2.11713,128.30391,2025-03-27,533,N21,n,2.0NRT,3.81,D,0.52,0.66,,,,,,firms,VIIRS,VIIRS_NOAA21_NRT
2.23901,111.8554,2025-03-27,533,N21,n,2.0NRT,5.02,D,0.41,0.45,,,,,,firms,VIIRS,VIIRS_NOAA21_NRT
2.24252,111.8511,2025-03-27,533,N21,l,2.0NRT,5.02,D,0.41,0.45,,,,,,firms,VIIRS,VIIRS_NOAA21_NRT
2.2437,111.85847,2025-03-27,533,N21,l,2.0NRT,5.68,D,0.41,0.45,,,,,,firms,VIIRS,VIIRS_NOAA21_NRT
2.2483,111.96595,2025-03-27,533,N21,l,2.0NRT,6.27,D,0.41,0.45,,,,,,firms,VIIRS,VIIRS_NOAA21_NRT
2.3068,111.88639,2025-03-27,533,N21,l,2.0NRT,5.25,D,0.41,0.45,,,,,,firms,VIIRS,VIIRS_NOAA21_NRT
2.32624,111.82752,2025-03-27,533,N21,n,2.0NRT,2.93,D,0.41,0.45,,,,,,firms,VIIRS,VIIRS_NOAA21_NRT
2.3591,111.79618,2025-03-27,533,N21,n,2.0NRT,3.47,D,0.42,0.45,,,,,,firms,VIIRS,VIIRS_NOAA21_NRT
2.42051,111.83954,2025-03-27,536,N21,n,2.0NRT,3.98,D,0.41,0.45,,,,,,firms,VIIRS,VIIRS_NOAA21_NRT
2.42056,111.84232,2025-03-27,536,N21,n,2.0NRT,9.21,D,0.41,0.45,,,,,,firms,VIIRS,VIIRS_NOAA21_NRT
2.42107,111.84321,2025-03-27,536,N21,n,2.0NRT,3.98,D,0.41,0.45,,,,,,firms,VIIRS,VIIRS_NOAA21_NRT
2.704,113.65624,2025-03-27,536,N21,n,2.0NRT,3.12,D,0.48,0.4,,,,,,firms,VIIRS,VIIRS_NOAA21_NRT
3.27562,113.0736,2025-03-27,536,N21,n,2.0NRT,5.45,D,0.51,0.41,,,,,,firms,VIIRS,VIIRS_NOAA21_NRT
3.52436,113.31456,2025-03-27,536,N21,l,2.0NRT,7.12,D,0.49,0.4,,,,,,firms,VIIRS,VIIRS_NOAA21_NRT
3.52451,113.31296,2025-03-27,536,N21,l,2.0NRT,9.58,D,0.49,0.4,,,,,,firms,VIIRS,VIIRS_NOAA21_NRT
3.6061,112.40895,2025-03-27,536,N21,n,2.0NRT,4.34,D,0.55,0.43,,,,,,firms,VIIRS,VIIRS_NOAA21_NRT
4.98031,112.98325,2025-03-27,536,N21,n,2.0NRT,5.78,D,0.49,0.4,,,,,,firms,VIIRS,VIIRS_NOAA21_NRT
5.8348,125.30084,2025-03-27,536,N21,n,2.0NRT,2.74,D,0.36,0.58,,,,,,firms,VIIRS,VIIRS_NOAA21_NRT
-3.14716,102.68971,2025-03-27,714,N21,n,2.0NRT,3.24,D,0.41,0.6,,,,,,firms,VIIRS,VIIRS_NOAA21_NRT
-2.67537,103.21392,2025-03-27,714,N21,n,2.0NRT,21.61,D,0.45,0.63,,,,,,firms,VIIRS,VIIRS_NOAA21_NRT
-2.6261,102.96671,2025-03-27,714,N21,n,2.0NRT,10.1,D,0.44,0.62,,,,,,firms,VIIRS,VIIRS_NOAA21_NRT
-2.54656,103.34238,2025-03-27,714,N21,n,2.0NRT,5.6,D,0.46,0.64,,,,,,firms,VIIRS,VIIRS_NOAA21_NRT
-1.68273,102.71286,2025-03-27,714,N21,n,2.0NRT,4.09,D,0.43,0.62,,,,,,firms,VIIRS,VIIRS_NOAA21_NRT
-1.67708,102.71189,2025-03-27,714,N21,n,2.0NRT,4.09,D,0.43,0.62,,,,,,firms,VIIRS,VIIRS_NOAA21_NRT
-1.49623,101.93724,2025-03-27,714,N21,n,2.0NRT,3.34,D,0.38,0.59,,,,,,firms,VIIRS,VIIRS_NOAA21_NRT
-1.29834,101.82848,2025-03-27,714,N21,n,2.0NRT,2.36,D,0.38,0.59,,,,,,firms,VIIRS,VIIRS_NOAA21_NRT
-1.22834,101.42365,2025-03-27,714,N21,n,2.0NRT,5.38,D,0.36,0.57,,,,,,firms,VIIRS,VIIRS_NOAA21_NRT
-1.08424,102.76563,2025-03-27,714,N21,n,2.0NRT,6.56,D,0.45,0.63,,,,,,firms,VIIRS,VIIRS_NOAA21_NRT
-1.16687,101.60809,2025-03-27,716,N21,n,2.0NRT,21.82,D,0.37,0.58,,,,,,firms,VIIRS,VIIRS_NOAA21_NRT
-1.16614,101.60799,2025-03-27,716,N21,n,2.0NRT,22.27,D,0.37,0.58,,,,,,firms,VIIRS,VIIRS_NOAA21_NRT
-1.01355,102.15932,2025-03-27,716,N21,n,2.0NRT,7.11,D,0.41,0.6,,,,,,firms,VIIRS,VIIRS_NOAA21_NRT
-0.92186,101.28464,2025-03-27,716,N21,n,2.0NRT,6.68,D,0.35,0.57,,,,,,firms,VIIRS,VIIRS_NOAA21_NRT
-0.92135,101.2878,2025-03-27,716,N21,n,2.0NRT,6.68,D,0.35,0.57,,,,,,firms,VIIRS,VIIRS_NOAA21_NRT
-0.89124,101.6806,2025-03-27,716,N21,n,2.0NRT,5.14,D,0.38,0.59,,,,,,firms,VIIRS,VIIRS_NOAA21_NRT
-0.8139,101.52364,2025-03-27,716,N21,n,2.0NRT,2.9,D,0.37,0.58,,,,,,firms,VIIRS,VIIRS_NOAA21_NRT
-0.74011,101.37609,2025-03-27,716,N21,h,2.0NRT,12.22,D,0.36,0.58,,,,,,firms,VIIRS,VIIRS_NOAA21_NRT
-0.73966,101.37892,2025-03-27,716,N21,n,2.0NRT,11.39,D,0.36,0.58,,,,,,firms,VIIRS,VIIRS_NOAA21_NRT
3.23421,98.79991,2025-03-27,716,N21,n,2.0NRT,16.71,D,0.55,0.51,,,,,,firms,VIIRS,VIIRS_NOAA21_NRT
3.23724,98.8017,2025-03-27,716,N21,n,2.0NRT,19.9,D,0.55,0.51,,,,,,firms,VIIRS,VIIRS_NOAA21_NRT
3.85954,96.64411,2025-03-27,716,N21,n,2.0NRT,3.69,D,0.4,0.45,,,,,,firms,VIIRS,VIIRS_NOAA21_NRT
2.78283,125.39439,2025-03-27,1635,N21,n,2.0NRT,1.52,N,0.63,0.54,,,,,,firms,VIIRS,VIIRS_NOAA21_NRT
2.74013,102.3945,2025-03-27,1813,N21,n,2.0NRT,2.05,N,0.43,0.46,,,,,,firms,VIIRS,VIIRS_NOAA21_NRT
3.28751,113.0852,2025-03-27,1813,N21,n,2.0NRT,1.06,N,0.39,0.44,,,,,,firms,VIIRS,VIIRS_NOAA21_NRT
3.28898,113.0884,2025-03-27,1813,N21,n,2.0NRT,1.69,N,0.39,0.44,,,,,,firms,VIIRS,VIIRS_NOAA21_NRT
3.28955,113.08496,2025-03-27,1813,N21,n,2.0NRT,1.69,N,0.39,0.44,,,,,,firms,VIIRS,VIIRS_NOAA21_NRT
3.29096,113.08932,2025-03-27,1813,N21,n,2.0NRT,1.06,N,0.39,0.44,,,,,,firms,VIIRS,VIIRS_NOAA21_NRT
4.00834,103.34606,2025-03-27,1813,N21,n,2.0NRT,1.79,N,0.39,0.44,,,,,,firms,VIIRS,VIIRS_NOAA21_NRT
4.02141,103.34094,2025-03-27,1813,N21,n,2.0NRT,1.16,N,0.39,0.44,,,,,,firms,VIIRS,VIIRS_NOAA21_NRT
5.37121,104.89444,2025-03-27,1813,N21,n,2.0NRT,2.4,N,0.49,0.41,,,,,,firms,VIIRS,VIIRS_NOAA21_NRT
5.40974,105.18864,2025-03-27,1813,N21,n,2.0NRT,2.05,N,0.48,0.4,,,,,,firms,VIIRS,VIIRS_NOAA21_NRT
5.42609,114.71151,2025-03-27,1813,N21,n,2.0NRT,1.97,N,0.46,0.47,,,,,,firms,VIIRS,VIIRS_NOAA21_NRT
5.4304,114.71223,2025-03-27,1813,N21,n,2.0NRT,1.97,N,0.46,0.47,,,,,,firms,VIIRS,VIIRS_NOAA21_NRT
5.52999,104.98905,2025-03-27,1813,N21,n,2.0NRT,1.64,N,0.49,0.4,,,,,,firms,VIIRS,VIIRS_NOAA21_NRT
5.64444,105.04305,2025-03-27,1813,N21,n,2.0NRT,2.05,N,0.49,0.4,,,,,,firms,VIIRS,VIIRS_NOAA21_NRT
5.6478,104.97781,2025-03-27,1813,N21,n,2.0NRT,2.8,N,0.49,0.4,,,,,,firms,VIIRS,VIIRS_NOAA21_NRT
5.87354,114.29589,2025-03-27,1813,N21,n,2.0NRT,3.42,N,0.43,0.46,,,,,,firms,VIIRS,VIIRS_NOAA21_NRT
-6.86589,111.91084,2025-03-27,1815,N21,n,2.0NRT,1.9,N,0.46,0.47,,,,,,firms,VIIRS,VIIRS_NOAA21_NRT
-6.09985,106.67241,2025-03-27,1815,N21,n,2.0NRT,1.61,N,0.39,0.36,,,,,,firms,VIIRS,VIIRS_NOAA21_NRT
-6.09653,106.67293,2025-03-27,1815,N21,n,2.0NRT,0.76,N,0.39,0.36,,,,,,firms,VIIRS,VIIRS_NOAA21_NRT
-6.01195,105.97771,2025-03-27,1815,N21,n,2.0NRT,0.72,N,0.38,0.36,,,,,,firms,VIIRS,VIIRS_NOAA21_NRT
-2.66721,106.46955,2025-03-27,1815,N21,n,2.0NRT,0.54,N,0.38,0.36,,,,,,firms,VIIRS,VIIRS_NOAA21_NRT
-2.20952,115.49481,2025-03-27,1815,N21,n,2.0NRT,1.32,N,0.34,0.56,,,,,,firms,VIIRS,VIIRS_NOAA21_NRT
-2.17307,115.56956,2025-03-27,1815,N21,n,2.0NRT,1.44,N,0.35,0.57,,,,,,firms,VIIRS,VIIRS_NOAA21_NRT
-2.17115,115.56792,2025-03-27,1815,N21,n,2.0NRT,1.67,N,0.35,0.57,,,,,,firms,VIIRS,VIIRS_NOAA21_NRT
-2.16224,115.57883,2025-03-27,1815,N21,n,2.0NRT,1.07,N,0.35,0.57,,,,,,firms,VIIRS,VIIRS_NOAA21_NRT
-1.89374,115.86333,2025-03-27,1815,N21,n,2.0NRT,1.3,N,0.36,0.57,,,,,,firms,VIIRS,VIIRS_NOAA21_NRT
-1.22834,109.22793,2025-03-27,1815,N21,n,2.0NRT,0.91,N,0.42,0.38,,,,,,firms,VIIRS,VIIRS_NOAA21_NRT
1.37617,104.15904,2025-03-27,1815,N21,n,2.0NRT,2.87,N,0.49,0.4,,,,,,firms,VIIRS,VIIRS_NOAA21_NRT
-7.54472,110.44518,2025-03-27,1817,N21,n,2.0NRT,4.76,N,0.57,0.43,,,,,,firms,VIIRS,VIIRS_NOAA21_NRT
-7.54412,110.44107,2025-03-27,1817,N21,n,2.0NRT,2.11,N,0.57,0.43,,,,,,firms,VIIRS,VIIRS_NOAA21_NRT
-7.5269,112.70959,2025-03-27,1817,N21,n,2.0NRT,3.17,N,0.53,0.5,,,,,,firms,VIIRS,VIIRS_NOAA21_NRT
-7.24156,111.73151,2025-03-27,1817,N21,n,2.0NRT,2.82,N,0.45,0.47,,,,,,firms,VIIRS,VIIRS_NOAA21_NRT
-6.54972,108.09331,2025-03-27,1817,N21,n,2.0NRT,0.94,N,0.42,0.38,,,,,,firms,VIIRS,VIIRS_NOAA21_NRT
-1.81613,136.75208,2025-03-28,334,N21,n,2.0NRT,18.42,D,0.55,0.68,,,,,,firms,VIIRS,VIIRS_NOAA21_NRT
-8.09257,127.16908,2025-03-28,512,N21,n,2.0NRT,4.19,D,0.45,0.39,,,,,,firms,VIIRS,VIIRS_NOAA21_NRT
-4.56676,121.65656,2025-03-28,514,N21,n,2.0NRT,4.13,D,0.41,0.37,,,,,,firms,VIIRS,VIIRS_NOAA21_NRT
-4.3865,119.88504,2025-03-28,514,N21,n,2.0NRT,4.44,D,0.49,0.4,,,,,,firms,VIIRS,VIIRS_NOAA21_NRT
-4.30667,119.84322,2025-03-28,514,N21,n,2.0NRT,5.1,D,0.49,0.4,,,,,,firms,VIIRS,VIIRS_NOAA21_NRT
-3.904,122.42076,2025-03-28,514,N21,n,2.0NRT,9.21,D,0.39,0.36,,,,,,firms,VIIRS,VIIRS_NOAA21_NRT
-3.87235,122.4053,2025-03-28,514,N21,l,2.0NRT,10.53,D,0.39,0.36,,,,,,firms,VIIRS,VIIRS_NOAA21_NRT
-3.87182,122.40879,2025-03-28,514,N21,n,2.0NRT,9.17,D,0.39,0.36,,,,,,firms,VIIRS,VIIRS_NOAA21_NRT
-3.8706,122.39434,2025-03-28,514,N21,l,2.0NRT,5.57,D,0.39,0.36,,,,,,firms,VIIRS,VIIRS_NOAA21_NRT
-3.87008,122.39781,2025-03-28,514,N21,l,2.0NRT,5.57,D,0.39,0.36,,,,,,firms,VIIRS,VIIRS_NOAA21_NRT
-3.86955,122.40131,2025-03-28,514,N21,l,2.0NRT,9.72,D,0.39,0.36,,,,,,firms,VIIRS,VIIRS_NOAA21_NRT
-3.76242,120.07322,2025-03-28,514,N21,n,2.0NRT,5.95,D,0.47,0.4,,,,,,firms,VIIRS,VIIRS_NOAA21_NRT
-3.591,128.17195,2025-03-28,514,N21,n,2.0NRT,3.48,D,0.39,0.44,,,,,,firms,VIIRS,VIIRS_NOAA21_NRT
-3.19358,120.23563,2025-03-28,514,N21,l,2.0NRT,8.69,D,0.45,0.39,,,,,,firms,VIIRS,VIIRS_NOAA21_NRT
-3.19049,120.23528,2025-03-28,514,N21,n,2.0NRT,8.03,D,0.45,0.39,,,,,,firms,VIIRS,VIIRS_NOAA21_NRT
-2.78322,119.24774,2025-03-28,514,N21,n,2.0NRT,9.13,D,0.5,0.41,,,,,,firms,VIIRS,VIIRS_NOAA21_NRT
-2.70392,119.19067,2025-03-28,514,N21,n,2.0NRT,4.67,D,0.51,0.41,,,,,,firms,VIIRS,VIIRS_NOAA21_NRT
-2.67384,132.99829,2025-03-28,514,N21,n,2.0NRT,7.12,D,0.43,0.62,,,,,,firms,VIIRS,VIIRS_NOAA21_NRT
-2.6697,119.20477,2025-03-28,514,N21,n,2.0NRT,13.28,D,0.5,0.41,,,,,,firms,VIIRS,VIIRS_NOAA21_NRT
-2.66898,119.20945,2025-03-28,514,N21,n,2.0NRT,8.5,D,0.5,0.41,,,,,,firms,VIIRS,VIIRS_NOAA21_NRT
-2.66525,119.20883,2025-03-28,514,N21,n,2.0NRT,8.5,D,0.5,0.41,,,,,,firms,VIIRS,VIIRS_NOAA21_NRT
-2.47553,133.09167,2025-03-28,514,N21,n,2.0NRT,11.84,D,0.44,0.62,,,,,,firms,VIIRS,VIIRS_NOAA21_NRT
-2.47286,133.09081,2025-03-28,514,N21,n,2.0NRT,10.31,D,0.44,0.62,,,,,,firms,VIIRS,VIIRS_NOAA21_NRT
-2.46742,133.28018,2025-03-28,514,N21,n,2.0NRT,9.93,D,0.45,0.63,,,,,,firms,VIIRS,VIIRS_NOAA21_NRT
-2.46606,133.27985,2025-03-28,514,N21,n,2.0NRT,22.9,D,0.45,0.63,,,,,,firms,VIIRS,VIIRS_NOAA21_NRT
-2.46543,133.28381,2025-03-28,514,N21,n,2.0NRT,21.0,D,0.45,0.63,,,,,,firms,VIIRS,VIIRS_NOAA21_NRT
-2.46167,133.27928,2025-03-28,514,N21,h,2.0NRT,9.93,D,0.45,0.63,,,,,,firms,VIIRS,VIIRS_NOAA21_NRT
-2.46101,133.28326,2025-03-28,514,N21,n,2.0NRT,17.72,D,0.45,0.63,,,,,,firms,VIIRS,VIIRS_NOAA21_NRT
-2.44262,133.13367,2025-03-28,514,N21,n,2.0NRT,6.93,D,0.44,0.62,,,,,,firms,VIIRS,VIIRS_NOAA21_NRT
-2.00114,121.43064,2025-03-28,514,N21,l,2.0NRT,4.12,D,0.4,0.37,,,,,,firms,VIIRS,VIIRS_NOAA21_NRT
-1.96673,116.28815,2025-03-28,514,N21,n,2.0NRT,4.53,D,0.5,0.49,,,,,,firms,VIIRS,VIIRS_NOAA21_NRT
-1.54762,120.37129,2025-03-28,514,N21,n,2.0NRT,10.64,D,0.43,0.38,,,,,,firms,VIIRS,VIIRS_NOAA21_NRT
-1.54357,120.37461,2025-03-28,514,N21,n,2.0NRT,14.35,D,0.43,0.38,,,,,,firms,VIIRS,VIIRS_NOAA21_NRT
-1.50113,119.74234,2025-03-28,514,N21,l,2.0NRT,54.95,D,0.46,0.39,,,,,,firms,VIIRS,VIIRS_NOAA21_NRT
-1.37127,121.81462,2025-03-28,514,N21,n,2.0NRT,3.24,D,0.39,0.36,,,,,,firms,VIIRS,VIIRS_NOAA21_NRT
-0.90105,123.02518,2025-03-28,514,N21,l,2.0NRT,6.68,D,0.39,0.36,,,,,,firms,VIIRS,VIIRS_NOAA21_NRT
-1.70453,112.80829,2025-03-28,516,N21,n,2.0NRT,4.31,D,0.44,0.62,,,,,,firms,VIIRS,VIIRS_NOAA21_NRT
-1.70177,112.80903,2025-03-28,516,N21,n,2.0NRT,4.41,D,0.44,0.62,,,,,,firms,VIIRS,VIIRS_NOAA21_NRT
-1.49578,112.61995,2025-03-28,516,N21,n,2.0NRT,6.91,D,0.45,0.63,,,,,,firms,VIIRS,VIIRS_NOAA21_NRT
-0.93437,120.01031,2025-03-28,516,N21,n,2.0NRT,8.73,D,0.44,0.38,,,,,,firms,VIIRS,VIIRS_NOAA21_NRT
-0.4728,116.47716,2025-03-28,516,N21,n,2.0NRT,15.07,D,0.46,0.47,,,,,,firms,VIIRS,VIIRS_NOAA21_NRT
-0.47217,116.48124,2025-03-28,516,N21,n,2.0NRT,15.07,D,0.46,0.47,,,,,,firms,VIIRS,VIIRS_NOAA21_NRT
0.38044,123.2235,2025-03-28,516,N21,n,2.0NRT,3.22,D,0.39,0.36,,,,,,firms,VIIRS,VIIRS_NOAA21_NRT
0.39619,124.08477,2025-03-28,516,N21,n,2.0NRT,2.82,D,0.41,0.37,,,,,,firms,VIIRS,VIIRS_NOAA21_NRT
0.58889,120.39822,2025-03-28,516,N21,n,2.0NRT,5.44,D,0.41,0.37,,,,,,firms,VIIRS,VIIRS_NOAA21_NRT
0.60546,120.41539,2025-03-28,516,N21,n,2.0NRT,26.48,D,0.41,0.37,,,,,,firms,VIIRS,VIIRS_NOAA21_NRT
2.88618,113.03821,2025-03-28,516,N21,n,2.0NRT,3.41,D,0.35,0.57,,,,,,firms,VIIRS,VIIRS_NOAA21_NRT
3.084,113.21442,2025-03-28,516,N21,n,2.0NRT,2.83,D,0.34,0.56,,,,,,firms,VIIRS,VIIRS_NOAA21_NRT
3.08596,113.21391,2025-03-28,516,N21,n,2.0NRT,4.1,D,0.34,0.56,,,,,,firms,VIIRS,VIIRS_NOAA21_NRT
3.28332,113.08316,2025-03-28,516,N21,h,2.0NRT,9.45,D,0.35,0.56,,,,,,firms,VIIRS,VIIRS_NOAA21_NRT
3.28584,113.08204,2025-03-28,516,N21,n,2.0NRT,13.76,D,0.35,0.57,,,,,,firms,VIIRS,VIIRS_NOAA21_NRT
3.28634,113.08515,2025-03-28,516,N21,n,2.0NRT,13.32,D,0.35,0.57,,,,,,firms,VIIRS,VIIRS_NOAA21_NRT
3.28843,113.08218,2025-03-28,516,N21,n,2.0NRT,9.45,D,0.35,0.56,,,,,,firms,VIIRS,VIIRS_NOAA21_NRT
3.309,113.1105,2025-03-28,516,N21,n,2.0NRT,3.18,D,0.35,0.56,,,,,,firms,VIIRS,VIIRS_NOAA21_NRT
3.52346,113.31413,2025-03-28,516,N21,n,2.0NRT,4.96,D,0.33,0.55,,,,,,firms,VIIRS,VIIRS_NOAA21_NRT
3.53331,113.34425,2025-03-28,516,N21,n,2.0NRT,4.21,D,0.33,0.55,,,,,,firms,VIIRS,VIIRS_NOAA21_NRT
5.42797,114.71135,2025-03-28,516,N21,n,2.0NRT,3.54,D,0.49,0.49,,,,,,firms,VIIRS,VIIRS_NOAA21_NRT
5.61762,125.3883,2025-03-28,516,N21,n,2.0NRT,8.32,D,0.53,0.42,,,,,,firms,VIIRS,VIIRS_NOAA21_NRT
5.62145,125.38782,2025-03-28,516,N21,n,2.0NRT,8.32,D,0.53,0.42,,,,,,firms,VIIRS,VIIRS_NOAA21_NRT
-3.69297,103.13096,2025-03-28,657,N21,n,2.0NRT,10.46,D,0.41,0.45,,,,,,firms,VIIRS,VIIRS_NOAA21_NRT
0.45584,109.75916,2025-03-28,657,N21,n,2.0NRT,8.86,D,0.68,0.74,,,,,,firms,VIIRS,VIIRS_NOAA21_NRT
3.09376,102.71507,2025-03-28,659,N21,n,2.0NRT,6.87,D,0.48,0.48,,,,,,firms,VIIRS,VIIRS_NOAA21_NRT
3.24658,103.43309,2025-03-28,659,N21,n,2.0NRT,12.11,D,0.54,0.51,,,,,,firms,VIIRS,VIIRS_NOAA21_NRT
3.24714,103.4309,2025-03-28,659,N21,n,2.0NRT,9.41,D,0.54,0.51,,,,,,firms,VIIRS,VIIRS_NOAA21_NRT
3.66121,102.40514,2025-03-28,659,N21,n,2.0NRT,6.17,D,0.47,0.48,,,,,,firms,VIIRS,VIIRS_NOAA21_NRT
5.50072,105.2098,2025-03-28,659,N21,n,2.0NRT,4.24,D,0.39,0.59,,,,,,firms,VIIRS,VIIRS_NOAA21_NRT
1.69643,127.85866,2025-03-28,1613,N21,n,2.0NRT,1.84,N,0.44,0.62,,,,,,firms,VIIRS,VIIRS_NOAA21_NRT
-1.56691,127.42607,2025-03-28,1616,N21,n,2.0NRT,1.6,N,0.41,0.61,,,,,,firms,VIIRS,VIIRS_NOAA21_NRT
-1.56241,127.42861,2025-03-28,1616,N21,n,2.0NRT,3.02,N,0.41,0.61,,,,,,firms,VIIRS,VIIRS_NOAA21_NRT
-1.56176,127.42455,2025-03-28,1616,N21,n,2.0NRT,3.02,N,0.41,0.61,,,,,,firms,VIIRS,VIIRS_NOAA21_NRT
-1.5568,127.4292,2025-03-28,1616,N21,n,2.0NRT,2.27,N,0.41,0.61,,,,,,firms,VIIRS,VIIRS_NOAA21_NRT
-1.55617,127.42524,2025-03-28,1616,N21,n,2.0NRT,2.27,N,0.41,0.61,,,,,,firms,VIIRS,VIIRS_NOAA21_NRT
-1.46108,127.43701,2025-03-28,1616,N21,n,2.0NRT,1.54,N,0.41,0.61,,,,,,firms,VIIRS,VIIRS_NOAA21_NRT
-1.45638,127.437,2025-03-28,1616,N21,n,2.0NRT,1.42,N,0.41,0.61,,,,,,firms,VIIRS,VIIRS_NOAA21_NRT
0.47869,128.00111,2025-03-28,1616,N21,n,2.0NRT,1.58,N,0.41,0.6,,,,,,firms,VIIRS,VIIRS_NOAA21_NRT
0.47923,127.99758,2025-03-28,1616,N21,n,2.0NRT,4.32,N,0.41,0.6,,,,,,firms,VIIRS,VIIRS_NOAA21_NRT
0.48353,128.00647,2025-03-28,1616,N21,n,2.0NRT,1.58,N,0.41,0.6,,,,,,firms,VIIRS,VIIRS_NOAA21_NRT
0.48404,128.00299,2025-03-28,1616,N21,n,2.0NRT,2.81,N,0.41,0.6,,,,,,firms,VIIRS,VIIRS_NOAA21_NRT
0.4841,128.00269,2025-03-28,1616,N21,n,2.0NRT,1.58,N,0.41,0.6,,,,,,firms,VIIRS,VIIRS_NOAA21_NRT
0.48583,127.99136,2025-03-28,1616,N21,n,2.0NRT,3.07,N,0.41,0.6,,,,,,firms,VIIRS,VIIRS_NOAA21_NRT
0.48585,127.99169,2025-03-28,1616,N21,n,2.0NRT,3.16,N,0.41,0.6,,,,,,firms,VIIRS,VIIRS_NOAA21_NRT
0.4864,127.98763,2025-03-28,1616,N21,n,2.0NRT,3.07,N,0.41,0.6,,,,,,firms,VIIRS,VIIRS_NOAA21_NRT
0.48645,127.98796,2025-03-28,1616,N21,n,2.0NRT,3.16,N,0.41,0.6,,,,,,firms,VIIRS,VIIRS_NOAA21_NRT
0.4869,127.98431,2025-03-28,1616,N21,n,2.0NRT,3.89,N,0.41,0.6,,,,,,firms,VIIRS,VIIRS_NOAA21_NRT
0.48698,127.98462,2025-03-28,1616,N21,n,2.0NRT,5.23,N,0.41,0.6,,,,,,firms,VIIRS,VIIRS_NOAA21_NRT
0.4885,127.97388,2025-03-28,1616,N21,n,2.0NRT,1.65,N,0.41,0.61,,,,,,firms,VIIRS,VIIRS_NOAA21_NRT
0.48864,127.97427,2025-03-28,1616,N21,n,2.0NRT,2.05,N,0.41,0.6,,,,,,firms,VIIRS,VIIRS_NOAA21_NRT
0.49236,127.98566,2025-03-28,1616,N21,n,2.0NRT,1.22,N,0.41,0.6,,,,,,firms,VIIRS,VIIRS_NOAA21_NRT
0.51145,127.89805,2025-03-28,1616,N21,n,2.0NRT,1.51,N,0.41,0.61,,,,,,firms,VIIRS,VIIRS_NOAA21_NRT
0.51202,127.89431,2025-03-28,1616,N21,n,2.0NRT,1.51,N,0.41,0.61,,,,,,firms,VIIRS,VIIRS_NOAA21_NRT
-3.87305,122.39272,2025-03-28,1756,N21,n,2.0NRT,3.0,N,0.52,0.66,,,,,,firms,VIIRS,VIIRS_NOAA21_NRT
-3.87182,122.39156,2025-03-28,1756,N21,n,2.0NRT,2.4,N,0.51,0.66,,,,,,firms,VIIRS,VIIRS_NOAA21_NRT
-2.21379,115.52034,2025-03-28,1756,N21,n,2.0NRT,1.96,N,0.5,0.41,,,,,,firms,VIIRS,VIIRS_NOAA21_NRT
-2.20958,115.49335,2025-03-28,1756,N21,n,2.0NRT,1.64,N,0.5,0.41,,,,,,firms,VIIRS,VIIRS_NOAA21_NRT
-1.89519,115.86704,2025-03-28,1756,N21,n,2.0NRT,2.53,N,0.52,0.42,,,,,,firms,VIIRS,VIIRS_NOAA21_NRT
-1.89447,115.86237,2025-03-28,1756,N21,n,2.0NRT,6.78,N,0.52,0.42,,,,,,firms,VIIRS,VIIRS_NOAA21_NRT
-1.89066,115.86296,2025-03-28,1756,N21,n,2.0NRT,6.78,N,0.52,0.42,,,,,,firms,VIIRS,VIIRS_NOAA21_NRT
-1.44234,122.3834,2025-03-28,1756,N21,n,2.0NRT,1.24,N,0.47,0.64,,,,,,firms,VIIRS,VIIRS_NOAA21_NRT
-1.44205,122.38688,2025-03-28,1756,N21,n,2.0NRT,6.03,N,0.47,0.64,,,,,,firms,VIIRS,VIIRS_NOAA21_NRT
-1.44143,122.38268,2025-03-28,1756,N21,n,2.0NRT,6.03,N,0.47,0.64,,,,,,firms,VIIRS,VIIRS_NOAA21_NRT
-1.43714,122.38855,2025-03-28,1756,N21,n,2.0NRT,6.29,N,0.47,0.64,,,,,,firms,VIIRS,VIIRS_NOAA21_NRT
-1.43649,122.38434,2025-03-28,1756,N21,n,2.0NRT,7.17,N,0.47,0.64,,,,,,firms,VIIRS,VIIRS_NOAA21_NRT
-1.43577,113.18147,2025-03-28,1756,N21,n,2.0NRT,0.77,N,0.4,0.37,,,,,,firms,VIIRS,VIIRS_NOAA21_NRT
-1.24867,116.81521,2025-03-28,1756,N21,n,2.0NRT,3.71,N,0.39,0.44,,,,,,firms,VIIRS,VIIRS_NOAA21_NRT
-1.22766,109.22667,2025-03-28,1756,N21,n,2.0NRT,1.05,N,0.44,0.38,,,,,,firms,VIIRS,VIIRS_NOAA21_NRT
-0.98562,103.33231,2025-03-28,1756,N21,n,2.0NRT,0.8,N,0.34,0.56,,,,,,firms,VIIRS,VIIRS_NOAA21_NRT
-0.85507,117.18681,2025-03-28,1756,N21,n,2.0NRT,1.1,N,0.41,0.45,,,,,,firms,VIIRS,VIIRS_NOAA21_NRT
-0.85495,117.18688,2025-03-28,1756,N21,n,2.0NRT,1.02,N,0.41,0.45,,,,,,firms,VIIRS,VIIRS_NOAA21_NRT
-0.73145,117.0593,2025-03-28,1756,N21,n,2.0NRT,0.82,N,0.4,0.44,,,,,,firms,VIIRS,VIIRS_NOAA21_NRT
0.61492,117.44119,2025-03-28,1756,N21,n,2.0NRT,1.98,N,0.4,0.44,,,,,,firms,VIIRS,VIIRS_NOAA21_NRT
0.67513,117.56438,2025-03-28,1756,N21,n,2.0NRT,4.77,N,0.41,0.45,,,,,,firms,VIIRS,VIIRS_NOAA21_NRT
0.6792,117.56508,2025-03-28,1756,N21,n,2.0NRT,1.4,N,0.41,0.45,,,,,,firms,VIIRS,VIIRS_NOAA21_NRT
0.67977,117.56143,2025-03-28,1756,N21,n,2.0NRT,3.97,N,0.41,0.45,,,,,,firms,VIIRS,VIIRS_NOAA21_NRT
0.68385,117.56213,2025-03-28,1756,N21,n,2.0NRT,3.97,N,0.41,0.45,,,,,,firms,VIIRS,VIIRS_NOAA21_NRT
0.68442,117.55846,2025-03-28,1756,N21,n,2.0NRT,3.97,N,0.41,0.45,,,,,,firms,VIIRS,VIIRS_NOAA21_NRT
0.68499,117.55479,2025-03-28,1756,N21,n,2.0NRT,1.72,N,0.41,0.45,,,,,,firms,VIIRS,VIIRS_NOAA21_NRT
0.68547,101.61909,2025-03-28,1756,N21,n,2.0NRT,1.19,N,0.48,0.65,,,,,,firms,VIIRS,VIIRS_NOAA21_NRT
0.68763,117.51089,2025-03-28,1756,N21,n,2.0NRT,1.03,N,0.4,0.45,,,,,,firms,VIIRS,VIIRS_NOAA21_NRT
0.68906,117.55552,2025-03-28,1756,N21,n,2.0NRT,2.17,N,0.41,0.45,,,,,,firms,VIIRS,VIIRS_NOAA21_NRT
0.82697,100.91715,2025-03-28,1756,N21,n,2.0NRT,0.88,N,0.54,0.68,,,,,,firms,VIIRS,VIIRS_NOAA21_NRT
0.84702,101.39132,2025-03-28,1756,N21,n,2.0NRT,1.24,N,0.5,0.66,,,,,,firms,VIIRS,VIIRS_NOAA21_NRT
4.00818,103.34801,2025-03-28,1756,N21,n,2.0NRT,0.86,N,0.41,0.61,,,,,,firms,VIIRS,VIIRS_NOAA21_NRT
4.02034,103.34232,2025-03-28,1756,N21,n,2.0NRT,1.42,N,0.41,0.61,,,,,,firms,VIIRS,VIIRS_NOAA21_NRT
4.97735,112.98087,2025-03-28,1756,N21,n,2.0NRT,5.4,N,0.38,0.36,,,,,,firms,VIIRS,VIIRS_NOAA21_NRT
5.3712,104.89545,2025-03-28,1756,N21,n,2.0NRT,3.35,N,0.34,0.56,,,,,,firms,VIIRS,VIIRS_NOAA21_NRT
5.37287,104.896,2025-03-28,1756,N21,n,2.0NRT,3.65,N,0.34,0.56,,,,,,firms,VIIRS,VIIRS_NOAA21_NRT
5.64708,104.97902,2025-03-28,1756,N21,n,2.0NRT,1.55,N,0.33,0.56,,,,,,firms,VIIRS,VIIRS_NOAA21_NRT
5.64751,104.97602,2025-03-28,1756,N21,n,2.0NRT,1.82,N,0.33,0.56,,,,,,firms,VIIRS,VIIRS_NOAA21_NRT
-8.92513,116.76312,2025-03-28,1758,N21,n,2.0NRT,0.8,N,0.5,0.49,,,,,,firms,VIIRS,VIIRS_NOAA21_NRT
-4.94326,119.62586,2025-03-28,1758,N21,n,2.0NRT,0.75,N,0.34,0.56,,,,,,firms,VIIRS,VIIRS_NOAA21_NRT
-1.1898,103.47605,2025-03-28,1758,N21,n,2.0NRT,0.36,N,0.33,0.56,,,,,,firms,VIIRS,VIIRS_NOAA21_NRT
-1.17656,103.35816,2025-03-28,1758,N21,n,2.0NRT,0.39,N,0.34,0.56,,,,,,firms,VIIRS,VIIRS_NOAA21_NRT
-1.17642,103.4903,2025-03-28,1758,N21,n,2.0NRT,0.68,N,0.33,0.56,,,,,,firms,VIIRS,VIIRS_NOAA21_NRT
-1.16807,103.33756,2025-03-28,1758,N21,n,2.0NRT,0.53,N,0.34,0.56,,,,,,firms,VIIRS,VIIRS_NOAA21_NRT
-7.31453,131.46358,2025-03-29,453,N21,n,2.0NRT,6.13,D,0.44,0.38,,,,,,firms,VIIRS,VIIRS_NOAA21_NRT
-6.56227,139.04654,2025-03-29,453,N21,n,2.0NRT,13.54,D,0.45,0.63,,,,,,firms,VIIRS,VIIRS_NOAA21_NRT
-6.56347,139.04697,2025-03-29,455,N21,n,2.0NRT,5.71,D,0.45,0.63,,,,,,firms,VIIRS,VIIRS_NOAA21_NRT
-6.55775,139.04585,2025-03-29,455,N21,n,2.0NRT,5.44,D,0.45,0.63,,,,,,firms,VIIRS,VIIRS_NOAA21_NRT
-6.55701,139.04991,2025-03-29,455,N21,n,2.0NRT,5.44,D,0.45,0.63,,,,,,firms,VIIRS,VIIRS_NOAA21_NRT
-3.03334,129.79843,2025-03-29,455,N21,n,2.0NRT,3.73,D,0.41,0.37,,,,,,firms,VIIRS,VIIRS_NOAA21_NRT
-2.94166,132.99693,2025-03-29,455,N21,n,2.0NRT,5.35,D,0.4,0.44,,,,,,firms,VIIRS,VIIRS_NOAA21_NRT
-2.62743,119.2486,2025-03-29,455,N21,n,2.0NRT,3.3,D,0.34,0.56,,,,,,firms,VIIRS,VIIRS_NOAA21_NRT
-2.62525,119.2476,2025-03-29,455,N21,n,2.0NRT,2.69,D,0.34,0.56,,,,,,firms,VIIRS,VIIRS_NOAA21_NRT
-2.60608,119.25113,2025-03-29,455,N21,n,2.0NRT,3.36,D,0.34,0.56,,,,,,firms,VIIRS,VIIRS_NOAA21_NRT
-2.55567,119.51554,2025-03-29,455,N21,n,2.0NRT,4.52,D,0.33,0.55,,,,,,firms,VIIRS,VIIRS_NOAA21_NRT
-2.46583,133.28217,2025-03-29,455,N21,n,2.0NRT,22.2,D,0.42,0.45,,,,,,firms,VIIRS,VIIRS_NOAA21_NRT
-2.44444,133.13306,2025-03-29,455,N21,n,2.0NRT,7.79,D,0.42,0.45,,,,,,firms,VIIRS,VIIRS_NOAA21_NRT
-2.28831,119.35302,2025-03-29,455,N21,n,2.0NRT,3.99,D,0.33,0.56,,,,,,firms,VIIRS,VIIRS_NOAA21_NRT
-2.28729,119.35205,2025-03-29,455,N21,n,2.0NRT,1.69,D,0.33,0.56,,,,,,firms,VIIRS,VIIRS_NOAA21_NRT
-2.03798,119.55007,2025-03-29,455,N21,n,2.0NRT,6.73,D,0.32,0.55,,,,,,firms,VIIRS,VIIRS_NOAA21_NRT
-2.03756,119.5529,2025-03-29,455,N21,n,2.0NRT,6.73,D,0.32,0.55,,,,,,firms,VIIRS,VIIRS_NOAA21_NRT
-2.03716,119.55028,2025-03-29,455,N21,h,2.0NRT,9.39,D,0.32,0.55,,,,,,firms,VIIRS,VIIRS_NOAA21_NRT
-2.03673,119.55306,2025-03-29,455,N21,n,2.0NRT,7.15,D,0.32,0.55,,,,,,firms,VIIRS,VIIRS_NOAA21_NRT
-1.43686,122.38589,2025-03-29,455,N21,n,2.0NRT,8.46,D,0.4,0.44,,,,,,firms,VIIRS,VIIRS_NOAA21_NRT
-1.38154,122.47945,2025-03-29,455,N21,n,2.0NRT,3.14,D,0.4,0.44,,,,,,firms,VIIRS,VIIRS_NOAA21_NRT
-1.38039,122.47919,2025-03-29,455,N21,n,2.0NRT,3.79,D,0.4,0.44,,,,,,firms,VIIRS,VIIRS_NOAA21_NRT
-1.31912,132.17314,2025-03-29,455,N21,n,2.0NRT,4.23,D,0.56,0.43,,,,,,firms,VIIRS,VIIRS_NOAA21_NRT
-1.30627,132.27957,2025-03-29,455,N21,n,2.0NRT,4.45,D,0.57,0.43,,,,,,firms,VIIRS,VIIRS_NOAA21_NRT
-1.29615,121.65536,2025-03-29,455,N21,n,2.0NRT,9.75,D,0.45,0.47,,,,,,firms,VIIRS,VIIRS_NOAA21_NRT
-1.2957,121.65524,2025-03-29,455,N21,n,2.0NRT,8.72,D,0.45,0.47,,,,,,firms,VIIRS,VIIRS_NOAA21_NRT
-1.29275,121.6772,2025-03-29,455,N21,n,2.0NRT,2.61,D,0.45,0.47,,,,,,firms,VIIRS,VIIRS_NOAA21_NRT
-1.29245,121.67709,2025-03-29,455,N21,n,2.0NRT,2.49,D,0.45,0.47,,,,,,firms,VIIRS,VIIRS_NOAA21_NRT
-1.08562,121.4474,2025-03-29,455,N21,n,2.0NRT,3.94,D,0.46,0.47,,,,,,firms,VIIRS,VIIRS_NOAA21_NRT
-0.86961,131.32896,2025-03-29,455,N21,n,2.0NRT,2.96,D,0.51,0.41,,,,,,firms,VIIRS,VIIRS_NOAA21_NRT
0.41481,123.22114,2025-03-29,455,N21,n,2.0NRT,6.34,D,0.51,0.41,,,,,,firms,VIIRS,VIIRS_NOAA21_NRT
0.41547,123.22546,2025-03-29,455,N21,n,2.0NRT,6.46,D,0.51,0.41,,,,,,firms,VIIRS,VIIRS_NOAA21_NRT
0.53708,122.60538,2025-03-29,455,N21,n,2.0NRT,20.94,D,0.55,0.43,,,,,,firms,VIIRS,VIIRS_NOAA21_NRT
0.57216,120.43977,2025-03-29,455,N21,n,2.0NRT,14.86,D,0.51,0.49,,,,,,firms,VIIRS,VIIRS_NOAA21_NRT
1.69831,127.87748,2025-03-29,455,N21,n,2.0NRT,17.35,D,0.39,0.36,,,,,,firms,VIIRS,VIIRS_NOAA21_NRT
1.70164,127.877,2025-03-29,455,N21,n,2.0NRT,17.35,D,0.39,0.36,,,,,,firms,VIIRS,VIIRS_NOAA21_NRT
4.24947,114.31414,2025-03-29,457,N21,n,2.0NRT,13.93,D,0.59,0.7,,,,,,firms,VIIRS,VIIRS_NOAA21_NRT
0.44369,109.46562,2025-03-29,637,N21,n,2.0NRT,8.15,D,0.6,0.53,,,,,,firms,VIIRS,VIIRS_NOAA21_NRT
1.07944,109.33189,2025-03-29,637,N21,n,2.0NRT,5.47,D,0.6,0.53,,,,,,firms,VIIRS,VIIRS_NOAA21_NRT
1.38859,101.25994,2025-03-29,637,N21,n,2.0NRT,3.76,D,0.38,0.36,,,,,,firms,VIIRS,VIIRS_NOAA21_NRT
1.39189,101.25944,2025-03-29,637,N21,n,2.0NRT,4.65,D,0.38,0.36,,,,,,firms,VIIRS,VIIRS_NOAA21_NRT
1.67983,103.64369,2025-03-29,637,N21,n,2.0NRT,7.29,D,0.42,0.38,,,,,,firms,VIIRS,VIIRS_NOAA21_NRT
2.25312,102.29406,2025-03-29,637,N21,n,2.0NRT,5.86,D,0.39,0.36,,,,,,firms,VIIRS,VIIRS_NOAA21_NRT
3.08042,101.47134,2025-03-29,637,N21,n,2.0NRT,3.55,D,0.38,0.36,,,,,,firms,VIIRS,VIIRS_NOAA21_NRT
3.60858,112.41175,2025-03-29,637,N21,n,2.0NRT,4.81,D,0.54,0.68,,,,,,firms,VIIRS,VIIRS_NOAA21_NRT
3.82979,108.38001,2025-03-29,637,N21,n,2.0NRT,8.65,D,0.57,0.52,,,,,,firms,VIIRS,VIIRS_NOAA21_NRT
4.14096,101.96168,2025-03-29,637,N21,n,2.0NRT,3.6,D,0.39,0.36,,,,,,firms,VIIRS,VIIRS_NOAA21_NRT
4.2449,100.67377,2025-03-29,637,N21,n,2.0NRT,4.52,D,0.38,0.36,,,,,,firms,VIIRS,VIIRS_NOAA21_NRT
4.86052,100.70019,2025-03-29,640,N21,n,2.0NRT,4.32,D,0.38,0.36,,,,,,firms,VIIRS,VIIRS_NOAA21_NRT
5.69257,102.59667,2025-03-29,640,N21,n,2.0NRT,2.75,D,0.42,0.37,,,,,,firms,VIIRS,VIIRS_NOAA21_NRT
5.69276,102.5965,2025-03-29,640,N21,n,2.0NRT,2.17,D,0.42,0.37,,,,,,firms,VIIRS,VIIRS_NOAA21_NRT
5.73272,102.16584,2025-03-29,640,N21,n,2.0NRT,3.16,D,0.4,0.37,,,,,,firms,VIIRS,VIIRS_NOAA21_NRT
-2.44035,133.1315,2025-03-29,1556,N21,n,2.0NRT,2.24,N,0.34,0.56,,,,,,firms,VIIRS,VIIRS_NOAA21_NRT
-2.43985,133.1284,2025-03-29,1556,N21,n,2.0NRT,2.32,N,0.34,0.56,,,,,,firms,VIIRS,VIIRS_NOAA21_NRT
4.97677,112.9831,2025-03-29,1737,N21,n,2.0NRT,2.5,N,0.4,0.44,,,,,,firms,VIIRS,VIIRS_NOAA21_NRT
4.97728,112.97956,2025-03-29,1737,N21,n,2.0NRT,2.5,N,0.4,0.44,,,,,,firms,VIIRS,VIIRS_NOAA21_NRT
5.42995,114.71175,2025-03-29,1737,N21,n,2.0NRT,4.79,N,0.48,0.4,,,,,,firms,VIIRS,VIIRS_NOAA21_NRT
5.87645,114.297,2025-03-29,1737,N21,n,2.0NRT,3.34,N,0.51,0.41,,,,,,firms,VIIRS,VIIRS_NOAA21_NRT
-8.44937,123.70905,2025-03-29,1741,N21,n,2.0NRT,3.04,N,0.34,0.56,,,,,,firms,VIIRS,VIIRS_NOAA21_NRT
-8.44897,123.70594,2025-03-29,1741,N21,n,2.0NRT,1.6,N,0.34,0.56,,,,,,firms,VIIRS,VIIRS_NOAA21_NRT
-8.44857,123.70283,2025-03-29,1741,N21,n,2.0NRT,1.6,N,0.34,0.56,,,,,,firms,VIIRS,VIIRS_NOAA21_NRT
-8.44817,123.69971,2025-03-29,1741,N21,n,2.0NRT,1.41,N,0.34,0.56,,,,,,firms,VIIRS,VIIRS_NOAA21_NRT
-8.44777,123.69661,2025-03-29,1741,N21,n,2.0NRT,1.41,N,0.34,0.56,,,,,,firms,VIIRS,VIIRS_NOAA21_NRT
-8.11576,112.92471,2025-03-29,1741,N21,n,2.0NRT,3.83,N,0.42,0.38,,,,,,firms,VIIRS,VIIRS_NOAA21_NRT
-8.11239,112.92566,2025-03-29,1741,N21,n,2.0NRT,3.83,N,0.42,0.38,,,,,,firms,VIIRS,VIIRS_NOAA21_NRT
-8.1118,112.92204,2025-03-29,1741,N21,n,2.0NRT,3.83,N,0.42,0.38,,,,,,firms,VIIRS,VIIRS_NOAA21_NRT
-7.70319,108.99652,2025-03-29,1741,N21,n,2.0NRT,1.74,N,0.46,0.47,,,,,,firms,VIIRS,VIIRS_NOAA21_NRT
-7.5422,110.43758,2025-03-29,1741,N21,n,2.0NRT,1.07,N,0.57,0.43,,,,,,firms,VIIRS,VIIRS_NOAA21_NRT
-7.54214,110.44211,2025-03-29,1741,N21,n,2.0NRT,0.75,N,0.57,0.43,,,,,,firms,VIIRS,VIIRS_NOAA21_NRT
-7.24187,111.73154,2025-03-29,1741,N21,n,2.0NRT,1.65,N,0.48,0.4,,,,,,firms,VIIRS,VIIRS_NOAA21_NRT
0.68017,101.11689,2025-03-29,1917,N21,n,2.0NRT,0.64,N,0.39,0.6,,,,,,firms,VIIRS,VIIRS_NOAA21_NRT
-6.56011,139.34274,2025-03-30,434,N21,n,2.0NRT,3.09,D,0.45,0.47,,,,,,firms,VIIRS,VIIRS_NOAA21_NRT
-2.59756,133.17862,2025-03-30,436,N21,n,2.0NRT,8.48,D,0.39,0.36,,,,,,firms,VIIRS,VIIRS_NOAA21_NRT
-2.46293,133.28137,2025-03-30,436,N21,n,2.0NRT,5.59,D,0.39,0.36,,,,,,firms,VIIRS,VIIRS_NOAA21_NRT
-6.88987,108.75729,2025-03-30,616,N21,n,2.0NRT,3.34,D,0.39,0.36,,,,,,firms,VIIRS,VIIRS_NOAA21_NRT
-6.00572,105.98062,2025-03-30,616,N21,l,2.0NRT,12.4,D,0.41,0.37,,,,,,firms,VIIRS,VIIRS_NOAA21_NRT
-1.22675,109.22823,2025-03-30,618,N21,n,2.0NRT,4.69,D,0.43,0.38,,,,,,firms,VIIRS,VIIRS_NOAA21_NRT
-0.81596,109.47245,2025-03-30,618,N21,n,2.0NRT,4.84,D,0.44,0.39,,,,,,firms,VIIRS,VIIRS_NOAA21_NRT
-0.81531,109.47261,2025-03-30,618,N21,n,2.0NRT,4.96,D,0.44,0.39,,,,,,firms,VIIRS,VIIRS_NOAA21_NRT
-0.22402,110.16468,2025-03-30,618,N21,n,2.0NRT,17.5,D,0.48,0.4,,,,,,firms,VIIRS,VIIRS_NOAA21_NRT
-0.03769,110.25925,2025-03-30,618,N21,n,2.0NRT,4.41,D,0.49,0.4,,,,,,firms,VIIRS,VIIRS_NOAA21_NRT
0.00184,110.04946,2025-03-30,618,N21,n,2.0NRT,6.51,D,0.48,0.4,,,,,,firms,VIIRS,VIIRS_NOAA21_NRT
0.83119,108.88126,2025-03-30,618,N21,n,2.0NRT,4.79,D,0.43,0.38,,,,,,firms,VIIRS,VIIRS_NOAA21_NRT
0.83358,108.8847,2025-03-30,618,N21,n,2.0NRT,8.83,D,0.43,0.38,,,,,,firms,VIIRS,VIIRS_NOAA21_NRT
0.83525,108.8846,2025-03-30,618,N21,n,2.0NRT,4.79,D,0.43,0.38,,,,,,firms,VIIRS,VIIRS_NOAA21_NRT
1.38547,109.12517,2025-03-30,618,N21,n,2.0NRT,4.06,D,0.45,0.39,,,,,,firms,VIIRS,VIIRS_NOAA21_NRT
1.81005,109.37227,2025-03-30,620,N21,n,2.0NRT,13.72,D,0.47,0.39,,,,,,firms,VIIRS,VIIRS_NOAA21_NRT
2.90133,101.29814,2025-03-30,620,N21,n,2.0NRT,13.97,D,0.56,0.43,,,,,,firms,VIIRS,VIIRS_NOAA21_NRT
2.91598,101.44284,2025-03-30,620,N21,n,2.0NRT,3.71,D,0.55,0.43,,,,,,firms,VIIRS,VIIRS_NOAA21_NRT
3.04113,101.59886,2025-03-30,620,N21,n,2.0NRT,7.46,D,0.54,0.42,,,,,,firms,VIIRS,VIIRS_NOAA21_NRT
3.19294,101.57249,2025-03-30,620,N21,n,2.0NRT,8.64,D,0.54,0.42,,,,,,firms,VIIRS,VIIRS_NOAA21_NRT
3.48778,101.47462,2025-03-30,620,N21,n,2.0NRT,10.33,D,0.54,0.42,,,,,,firms,VIIRS,VIIRS_NOAA21_NRT
3.52246,113.31191,2025-03-30,620,N21,n,2.0NRT,9.26,D,0.58,0.52,,,,,,firms,VIIRS,VIIRS_NOAA21_NRT
4.06913,108.27833,2025-03-30,620,N21,n,2.0NRT,3.31,D,0.44,0.38,,,,,,firms,VIIRS,VIIRS_NOAA21_NRT
4.07264,108.27785,2025-03-30,620,N21,n,2.0NRT,7.6,D,0.44,0.38,,,,,,firms,VIIRS,VIIRS_NOAA21_NRT
4.2572,114.31226,2025-03-30,620,N21,n,2.0NRT,2.86,D,0.35,0.57,,,,,,firms,VIIRS,VIIRS_NOAA21_NRT
4.86275,100.70031,2025-03-30,620,N21,l,2.0NRT,6.46,D,0.38,0.43,,,,,,firms,VIIRS,VIIRS_NOAA21_NRT
4.97925,112.98495,2025-03-30,620,N21,n,2.0NRT,20.1,D,0.58,0.52,,,,,,firms,VIIRS,VIIRS_NOAA21_NRT
5.10941,100.48586,2025-03-30,620,N21,l,2.0NRT,5.76,D,0.39,0.44,,,,,,firms,VIIRS,VIIRS_NOAA21_NRT
5.17845,100.48216,2025-03-30,620,N21,l,2.0NRT,4.18,D,0.39,0.44,,,,,,firms,VIIRS,VIIRS_NOAA21_NRT
5.37347,104.89677,2025-03-30,620,N21,n,2.0NRT,2.79,D,0.39,0.36,,,,,,firms,VIIRS,VIIRS_NOAA21_NRT
5.3791,100.53092,2025-03-30,620,N21,l,2.0NRT,6.14,D,0.39,0.44,,,,,,firms,VIIRS,VIIRS_NOAA21_NRT
5.37965,100.53437,2025-03-30,620,N21,l,2.0NRT,6.86,D,0.39,0.44,,,,,,firms,VIIRS,VIIRS_NOAA21_NRT
5.42968,114.71135,2025-03-30,620,N21,n,2.0NRT,4.88,D,0.39,0.59,,,,,,firms,VIIRS,VIIRS_NOAA21_NRT
5.87592,114.29835,2025-03-30,620,N21,n,2.0NRT,2.79,D,0.37,0.58,,,,,,firms,VIIRS,VIIRS_NOAA21_NRT
5.42791,114.71267,2025-03-30,1715,N21,n,2.0NRT,3.05,N,0.32,0.55,,,,,,firms,VIIRS,VIIRS_NOAA21_NRT
5.42832,114.70979,2025-03-30,1715,N21,n,2.0NRT,4.25,N,0.32,0.55,,,,,,firms,VIIRS,VIIRS_NOAA21_NRT
-5.41369,119.56727,2025-03-30,1720,N21,n,2.0NRT,1.67,N,0.39,0.36,,,,,,firms,VIIRS,VIIRS_NOAA21_NRT
-5.41313,119.56374,2025-03-30,1720,N21,n,2.0NRT,1.88,N,0.39,0.36,,,,,,firms,VIIRS,VIIRS_NOAA21_NRT
1.37773,104.16136,2025-03-30,1858,N21,n,2.0NRT,2.39,N,0.58,0.52,,,,,,firms,VIIRS,VIIRS_NOAA21_NRT
3.09319,102.7113,2025-03-30,1858,N21,n,2.0NRT,0.79,N,0.44,0.46,,,,,,firms,VIIRS,VIIRS_NOAA21_NRT
5.20243,103.06631,2025-03-30,1858,N21,n,2.0NRT,0.52,N,0.43,0.46,,,,,,firms,VIIRS,VIIRS_NOAA21_NRT
5.37355,104.89659,2025-03-30,1858,N21,n,2.0NRT,1.66,N,0.56,0.52,,,,,,firms,VIIRS,VIIRS_NOAA21_NRT
5.59495,102.72061,2025-03-30,1858,N21,n,2.0NRT,0.49,N,0.4,0.44,,,,,,firms,VIIRS,VIIRS_NOAA21_NRT
5.64433,104.97838,2025-03-30,1858,N21,n,2.0NRT,1.01,N,0.57,0.52,,,,,,firms,VIIRS,VIIRS_NOAA21_NRT
5.64567,104.97976,2025-03-30,1858,N21,n,2.0NRT,1.16,N,0.57,0.52,,,,,,firms,VIIRS,VIIRS_NOAA21_NRT
0.74326,101.46474,2025-03-30,1900,N21,n,2.0NRT,1.29,N,0.39,0.44,,,,,,firms,VIIRS,VIIRS_NOAA21_NRT
-6.01084,105.98519,2025-03-30,1902,N21,n,2.0NRT,2.18,N,0.51,0.66,,,,,,firms,VIIRS,VIIRS_NOAA21_NRT
-5.99398,105.9969,2025-03-30,1902,N21,n,2.0NRT,0.83,N,0.51,0.66,,,,,,firms,VIIRS,VIIRS_NOAA21_NRT
-7.54981,138.36916,2025-03-31,417,N21,n,2.0NRT,4.65,D,0.38,0.36,,,,,,firms,VIIRS,VIIRS_NOAA21_NRT
-7.54704,138.36519,2025-03-31,417,N21,n,2.0NRT,8.76,D,0.38,0.36,,,,,,firms,VIIRS,VIIRS_NOAA21_NRT
-1.45805,127.43395,2025-03-31,417,N21,n,2.0NRT,13.92,D,0.41,0.61,,,,,,firms,VIIRS,VIIRS_NOAA21_NRT
-1.45742,127.43801,2025-03-31,417,N21,l,2.0NRT,17.77,D,0.41,0.61,,,,,,firms,VIIRS,VIIRS_NOAA21_NRT
-8.11377,112.92657,2025-03-31,557,N21,l,2.0NRT,14.6,D,0.38,0.36,,,,,,firms,VIIRS,VIIRS_NOAA21_NRT
-7.74156,114.15668,2025-03-31,557,N21,n,2.0NRT,3.99,D,0.39,0.36,,,,,,firms,VIIRS,VIIRS_NOAA21_NRT
-7.70445,108.99333,2025-03-31,557,N21,n,2.0NRT,5.18,D,0.52,0.41,,,,,,firms,VIIRS,VIIRS_NOAA21_NRT
-4.49239,121.67962,2025-03-31,557,N21,n,2.0NRT,6.4,D,0.38,0.59,,,,,,firms,VIIRS,VIIRS_NOAA21_NRT
-4.48958,121.67997,2025-03-31,557,N21,n,2.0NRT,2.57,D,0.38,0.59,,,,,,firms,VIIRS,VIIRS_NOAA21_NRT
-4.30982,119.93348,2025-03-31,557,N21,n,2.0NRT,7.65,D,0.59,0.52,,,,,,firms,VIIRS,VIIRS_NOAA21_NRT
-2.8565,119.17036,2025-03-31,557,N21,n,2.0NRT,5.9,D,0.55,0.51,,,,,,firms,VIIRS,VIIRS_NOAA21_NRT
-2.75641,111.26335,2025-03-31,557,N21,l,2.0NRT,5.06,D,0.39,0.36,,,,,,firms,VIIRS,VIIRS_NOAA21_NRT
-2.7531,111.26286,2025-03-31,557,N21,l,2.0NRT,5.06,D,0.39,0.36,,,,,,firms,VIIRS,VIIRS_NOAA21_NRT
-2.57511,121.38078,2025-03-31,557,N21,n,2.0NRT,5.64,D,0.39,0.6,,,,,,firms,VIIRS,VIIRS_NOAA21_NRT
-2.55412,110.22288,2025-03-31,557,N21,n,2.0NRT,3.46,D,0.41,0.37,,,,,,firms,VIIRS,VIIRS_NOAA21_NRT
-2.01394,121.42052,2025-03-31,557,N21,n,2.0NRT,8.36,D,0.41,0.6,,,,,,firms,VIIRS,VIIRS_NOAA21_NRT
-1.8956,115.86446,2025-03-31,557,N21,n,2.0NRT,13.35,D,0.52,0.41,,,,,,firms,VIIRS,VIIRS_NOAA21_NRT
-1.89181,115.86388,2025-03-31,557,N21,n,2.0NRT,16.09,D,0.52,0.41,,,,,,firms,VIIRS,VIIRS_NOAA21_NRT
-1.66791,114.91186,2025-03-31,557,N21,n,2.0NRT,1.86,D,0.47,0.39,,,,,,firms,VIIRS,VIIRS_NOAA21_NRT
-1.24599,116.81522,2025-03-31,557,N21,n,2.0NRT,3.68,D,0.4,0.44,,,,,,firms,VIIRS,VIIRS_NOAA21_NRT
-0.74696,115.93536,2025-03-31,559,N21,n,2.0NRT,3.47,D,0.54,0.42,,,,,,firms,VIIRS,VIIRS_NOAA21_NRT
0.67714,117.56632,2025-03-31,559,N21,n,2.0NRT,4.71,D,0.48,0.48,,,,,,firms,VIIRS,VIIRS_NOAA21_NRT
0.68482,117.55735,2025-03-31,559,N21,n,2.0NRT,13.32,D,0.48,0.48,,,,,,firms,VIIRS,VIIRS_NOAA21_NRT
0.68529,117.56075,2025-03-31,559,N21,n,2.0NRT,13.65,D,0.48,0.48,,,,,,firms,VIIRS,VIIRS_NOAA21_NRT
0.75357,109.29131,2025-03-31,559,N21,n,2.0NRT,7.59,D,0.41,0.37,,,,,,firms,VIIRS,VIIRS_NOAA21_NRT
1.67084,101.47547,2025-03-31,559,N21,n,2.0NRT,5.01,D,0.4,0.6,,,,,,firms,VIIRS,VIIRS_NOAA21_NRT
1.67173,101.47399,2025-03-31,559,N21,n,2.0NRT,3.55,D,0.4,0.6,,,,,,firms,VIIRS,VIIRS_NOAA21_NRT
3.02345,101.58966,2025-03-31,559,N21,n,2.0NRT,3.92,D,0.37,0.58,,,,,,firms,VIIRS,VIIRS_NOAA21_NRT
3.05015,101.38541,2025-03-31,559,N21,n,2.0NRT,5.49,D,0.39,0.59,,,,,,firms,VIIRS,VIIRS_NOAA21_NRT
3.05897,113.89835,2025-03-31,559,N21,n,2.0NRT,5.65,D,0.47,0.4,,,,,,firms,VIIRS,VIIRS_NOAA21_NRT
3.28815,113.08561,2025-03-31,559,N21,n,2.0NRT,9.64,D,0.43,0.38,,,,,,firms,VIIRS,VIIRS_NOAA21_NRT
3.28929,113.09331,2025-03-31,559,N21,n,2.0NRT,6.29,D,0.43,0.38,,,,,,firms,VIIRS,VIIRS_NOAA21_NRT
4.61635,114.34466,2025-03-31,559,N21,n,2.0NRT,5.02,D,0.52,0.41,,,,,,firms,VIIRS,VIIRS_NOAA21_NRT
4.67361,114.47063,2025-03-31,559,N21,n,2.0NRT,2.35,D,0.52,0.42,,,,,,firms,VIIRS,VIIRS_NOAA21_NRT
4.67439,114.47367,2025-03-31,559,N21,n,2.0NRT,1.5,D,0.52,0.42,,,,,,firms,VIIRS,VIIRS_NOAA21_NRT
4.97835,112.98336,2025-03-31,559,N21,n,2.0NRT,6.7,D,0.44,0.39,,,,,,firms,VIIRS,VIIRS_NOAA21_NRT
5.13151,116.19301,2025-03-31,559,N21,n,2.0NRT,5.29,D,0.45,0.47,,,,,,firms,VIIRS,VIIRS_NOAA21_NRT
5.13465,116.19282,2025-03-31,559,N21,n,2.0NRT,5.74,D,0.46,0.47,,,,,,firms,VIIRS,VIIRS_NOAA21_NRT
4.55724,103.45864,2025-03-31,601,N21,n,2.0NRT,6.61,D,0.52,0.5,,,,,,firms,VIIRS,VIIRS_NOAA21_NRT
4.57089,103.45647,2025-03-31,601,N21,n,2.0NRT,6.91,D,0.52,0.5,,,,,,firms,VIIRS,VIIRS_NOAA21_NRT
4.65679,103.37697,2025-03-31,601,N21,n,2.0NRT,6.72,D,0.53,0.5,,,,,,firms,VIIRS,VIIRS_NOAA21_NRT
4.89297,101.75354,2025-03-31,601,N21,n,2.0NRT,2.63,D,0.34,0.56,,,,,,firms,VIIRS,VIIRS_NOAA21_NRT
5.37178,104.8972,2025-03-31,601,N21,n,2.0NRT,2.0,D,0.41,0.45,,,,,,firms,VIIRS,VIIRS_NOAA21_NRT
5.43008,114.71277,2025-03-31,601,N21,n,2.0NRT,4.23,D,0.55,0.43,,,,,,firms,VIIRS,VIIRS_NOAA21_NRT
0.48126,128.0043,2025-03-31,1658,N21,n,2.0NRT,1.16,N,0.4,0.37,,,,,,firms,VIIRS,VIIRS_NOAA21_NRT
0.48181,128.0007,2025-03-31,1658,N21,n,2.0NRT,1.16,N,0.4,0.37,,,,,,firms,VIIRS,VIIRS_NOAA21_NRT
0.48237,127.99715,2025-03-31,1658,N21,n,2.0NRT,0.58,N,0.4,0.37,,,,,,firms,VIIRS,VIIRS_NOAA21_NRT
0.48292,127.99358,2025-03-31,1658,N21,n,2.0NRT,0.58,N,0.4,0.37,,,,,,firms,VIIRS,VIIRS_NOAA21_NRT
0.4874,127.98695,2025-03-31,1658,N21,n,2.0NRT,2.16,N,0.4,0.37,,,,,,firms,VIIRS,VIIRS_NOAA21_NRT
0.48796,127.98332,2025-03-31,1658,N21,n,2.0NRT,1.77,N,0.4,0.37,,,,,,firms,VIIRS,VIIRS_NOAA21_NRT
1.69817,127.87627,2025-03-31,1658,N21,n,2.0NRT,0.46,N,0.39,0.36,,,,,,firms,VIIRS,VIIRS_NOAA21_NRT
1.7015,127.87679,2025-03-31,1658,N21,n,2.0NRT,0.66,N,0.39,0.36,,,,,,firms,VIIRS,VIIRS_NOAA21_NRT
-2.87415,115.26413,2025-03-31,1700,N21,n,2.0NRT,0.83,N,0.47,0.64,,,,,,firms,VIIRS,VIIRS_NOAA21_NRT
-1.53007,127.42163,2025-03-31,1700,N21,n,2.0NRT,0.97,N,0.4,0.37,,,,,,firms,VIIRS,VIIRS_NOAA21_NRT
-1.4578,127.43604,2025-03-31,1700,N21,n,2.0NRT,30.36,N,0.4,0.37,,,,,,firms,VIIRS,VIIRS_NOAA21_NRT
-0.5818,117.38467,2025-03-31,1700,N21,n,2.0NRT,0.49,N,0.36,0.58,,,,,,firms,VIIRS,VIIRS_NOAA21_NRT
-0.49806,117.29774,2025-03-31,1700,N21,n,2.0NRT,1.28,N,0.37,0.58,,,,,,firms,VIIRS,VIIRS_NOAA21_NRT
-0.1426,117.3664,2025-03-31,1700,N21,n,2.0NRT,0.39,N,0.37,0.58,,,,,,firms,VIIRS,VIIRS_NOAA21_NRT
0.61304,117.44326,2025-03-31,1700,N21,n,2.0NRT,1.32,N,0.38,0.58,,,,,,firms,VIIRS,VIIRS_NOAA21_NRT
0.61356,117.43984,2025-03-31,1700,N21,n,2.0NRT,1.32,N,0.38,0.58,,,,,,firms,VIIRS,VIIRS_NOAA21_NRT
0.61502,117.4429,2025-03-31,1700,N21,n,2.0NRT,2.07,N,0.37,0.58,,,,,,firms,VIIRS,VIIRS_NOAA21_NRT
0.68196,117.56191,2025-03-31,1700,N21,n,2.0NRT,1.3,N,0.37,0.58,,,,,,firms,VIIRS,VIIRS_NOAA21_NRT
0.68779,117.55939,2025-03-31,1700,N21,n,2.0NRT,1.3,N,0.37,0.58,,,,,,firms,VIIRS,VIIRS_NOAA21_NRT
0.6883,117.55611,2025-03-31,1700,N21,n,2.0NRT,1.98,N,0.37,0.58,,,,,,firms,VIIRS,VIIRS_NOAA21_NRT
-8.53725,122.76659,2025-03-31,1702,N21,n,2.0NRT,0.96,N,0.41,0.37,,,,,,firms,VIIRS,VIIRS_NOAA21_NRT
-8.27438,123.50771,2025-03-31,1702,N21,n,2.0NRT,2.53,N,0.39,0.36,,,,,,firms,VIIRS,VIIRS_NOAA21_NRT
-8.27383,123.50426,2025-03-31,1702,N21,n,2.0NRT,2.53,N,0.39,0.36,,,,,,firms,VIIRS,VIIRS_NOAA21_NRT
-8.10973,112.92072,2025-03-31,1702,N21,n,2.0NRT,5.27,N,0.55,0.68,,,,,,firms,VIIRS,VIIRS_NOAA21_NRT
5.42773,114.71371,2025-03-31,1838,N21,n,2.0NRT,5.96,N,0.63,0.72,,,,,,firms,VIIRS,VIIRS_NOAA21_NRT
5.50058,105.20655,2025-03-31,1838,N21,n,2.0NRT,2.65,N,0.45,0.39,,,,,,firms,VIIRS,VIIRS_NOAA21_NRT
5.64306,105.04462,2025-03-31,1838,N21,n,2.0NRT,2.68,N,0.44,0.39,,,,,,firms,VIIRS,VIIRS_NOAA21_NRT
5.6463,104.98038,2025-03-31,1838,N21,n,2.0NRT,1.49,N,0.44,0.38,,,,,,firms,VIIRS,VIIRS_NOAA21_NRT
5.64694,104.97645,2025-03-31,1838,N21,n,2.0NRT,1.49,N,0.44,0.38,,,,,,firms,VIIRS,VIIRS_NOAA21_NRT
-6.70663,108.40276,2025-03-31,1841,N21,n,2.0NRT,1.28,N,0.36,0.57,,,,,,firms,VIIRS,VIIRS_NOAA21_NRT
-6.01229,105.98624,2025-03-31,1841,N21,n,2.0NRT,2.7,N,0.47,0.48,,,,,,firms,VIIRS,VIIRS_NOAA21_NRT
-6.0115,105.9843,2025-03-31,1841,N21,n,2.0NRT,2.99,N,0.47,0.48,,,,,,firms,VIIRS,VIIRS_NOAA21_NRT
-5.37145,106.56838,2025-03-31,1841,N21,n,2.0NRT,2.67,N,0.51,0.49,,,,,,firms,VIIRS,VIIRS_NOAA21_NRT
-1.91009,103.17738,2025-03-31,1841,N21,n,2.0NRT,0.35,N,0.44,0.38,,,,,,firms,VIIRS,VIIRS_NOAA21_NRT
-1.57571,103.68543,2025-03-31,1841,N21,n,2.0NRT,0.61,N,0.46,0.39,,,,,,firms,VIIRS,VIIRS_NOAA21_NRT
-1.1738,103.36059,2025-03-31,1841,N21,n,2.0NRT,1.63,N,0.44,0.38,,,,,,firms,VIIRS,VIIRS_NOAA21_NRT
-0.9892,103.33321,2025-03-31,1841,N21,n,2.0NRT,1.12,N,0.43,0.38,,,,,,firms,VIIRS,VIIRS_NOAA21_NRT
-0.39204,100.45728,2025-03-31,1841,N21,n,2.0NRT,2.04,N,0.39,0.36,,,,,,firms,VIIRS,VIIRS_NOAA21_NRT
0.44155,101.89188,2025-03-31,1841,N21,n,2.0NRT,2.53,N,0.39,0.36,,,,,,firms,VIIRS,VIIRS_NOAA21_NRT
1.26551,103.7037,2025-03-31,1841,N21,n,2.0NRT,1.49,N,0.43,0.38,,,,,,firms,VIIRS,VIIRS_NOAA21_NRT
1.2661,103.69989,2025-03-31,1841,N21,n,2.0NRT,2.13,N,0.43,0.38,,,,,,firms,VIIRS,VIIRS_NOAA21_NRT
1.26701,103.70708,2025-03-31,1841,N21,n,2.0NRT,2.74,N,0.43,0.38,,,,,,firms,VIIRS,VIIRS_NOAA21_NRT
1.26762,103.70327,2025-03-31,1841,N21,n,2.0NRT,2.74,N,0.43,0.38,,,,,,firms,VIIRS,VIIRS_NOAA21_NRT
1.26822,103.69944,2025-03-31,1841,N21,n,2.0NRT,2.99,N,0.43,0.38,,,,,,firms,VIIRS,VIIRS_NOAA21_NRT
1.26839,103.70808,2025-03-31,1841,N21,n,2.0NRT,1.49,N,0.43,0.38,,,,,,firms,VIIRS,VIIRS_NOAA21_NRT
1.26898,103.70425,2025-03-31,1841,N21,n,2.0NRT,1.49,N,0.43,0.38,,,,,,firms,VIIRS,VIIRS_NOAA21_NRT
1.26957,103.70042,2025-03-31,1841,N21,n,2.0NRT,2.13,N,0.43,0.38,,,,,,firms,VIIRS,VIIRS_NOAA21_NRT
1.27048,103.70763,2025-03-31,1841,N21,n,2.0NRT,2.74,N,0.43,0.38,,,,,,firms,VIIRS,VIIRS_NOAA21_NRT
1.27109,103.7038,2025-03-31,1841,N21,n,2.0NRT,2.74,N,0.43,0.38,,,,,,firms,VIIRS,VIIRS_NOAA21_NRT
1.27169,103.7,2025-03-31,1841,N21,n,2.0NRT,2.99,N,0.43,0.38,,,,,,firms,VIIRS,VIIRS_NOAA21_NRT
1.27395,103.70817,2025-03-31,1841,N21,n,2.0NRT,1.95,N,0.43,0.38,,,,,,firms,VIIRS,VIIRS_NOAA21_NRT
1.27456,103.70435,2025-03-31,1841,N21,n,2.0NRT,1.95,N,0.43,0.38,,,,,,firms,VIIRS,VIIRS_NOAA21_NRT
1.27516,103.70054,2025-03-31,1841,N21,n,2.0NRT,3.27,N,0.43,0.38,,,,,,firms,VIIRS,VIIRS_NOAA21_NRT
1.37581,104.16216,2025-03-31,1841,N21,n,2.0NRT,1.03,N,0.45,0.39,,,,,,firms,VIIRS,VIIRS_NOAA21_NRT
1.37644,104.15817,2025-03-31,1841,N21,n,2.0NRT,1.03,N,0.45,0.39,,,,,,firms,VIIRS,VIIRS_NOAA21_NRT
2.73776,102.3933,2025-03-31,1841,N21,n,2.0NRT,2.17,N,0.39,0.36,,,,,,firms,VIIRS,VIIRS_NOAA21_NRT
3.27565,113.06924,2025-03-31,1841,N21,n,2.0NRT,4.14,N,0.53,0.67,,,,,,firms,VIIRS,VIIRS_NOAA21_NRT
3.27639,113.0648,2025-03-31,1841,N21,n,2.0NRT,4.14,N,0.53,0.67,,,,,,firms,VIIRS,VIIRS_NOAA21_NRT
3.27715,113.06033,2025-03-31,1841,N21,n,2.0NRT,5.49,N,0.53,0.67,,,,,,firms,VIIRS,VIIRS_NOAA21_NRT
3.28547,113.08559,2025-03-31,1841,N21,n,2.0NRT,3.57,N,0.53,0.67,,,,,,firms,VIIRS,VIIRS_NOAA21_NRT
3.60692,112.41177,2025-03-31,1841,N21,n,2.0NRT,5.61,N,0.47,0.64,,,,,,firms,VIIRS,VIIRS_NOAA21_NRT
4.14488,105.10892,2025-03-31,1841,N21,n,2.0NRT,2.86,N,0.46,0.39,,,,,,firms,VIIRS,VIIRS_NOAA21_NRT
4.57489,103.45104,2025-03-31,1841,N21,n,2.0NRT,0.85,N,0.4,0.37,,,,,,firms,VIIRS,VIIRS_NOAA21_NRT
5.37248,104.89857,2025-03-31,1841,N21,n,2.0NRT,2.85,N,0.44,0.38,,,,,,firms,VIIRS,VIIRS_NOAA21_NRT
5.37982,100.37498,2025-03-31,1841,N21,n,2.0NRT,0.94,N,0.41,0.37,,,,,,firms,VIIRS,VIIRS_NOAA21_NRT
5.40902,105.18908,2025-03-31,1841,N21,n,2.0NRT,2.9,N,0.45,0.39,,,,,,firms,VIIRS,VIIRS_NOAA21_NRT
-2.75378,105.28138,2025-03-31,1843,N21,n,2.0NRT,0.91,N,0.38,0.43,,,,,,firms,VIIRS,VIIRS_NOAA21_NRT
