latitude,longitude,acq_date,acq_time,satellite,confidence,version,frp,daynight,scan,track,brightness,brightness_t13,brightness_t31,bright_t14,bright_t15,source_api,sensor_type,satellite_source
-8.24993,116.49541,2025-04-01,538,N21,l,2.0NRT,4.17,D,0.4,0.37,,,,,,firms,VIIRS,VIIRS_NOAA21_NRT
-4.3167,119.92703,2025-04-01,540,N21,n,2.0NRT,5.05,D,0.45,0.39,,,,,,firms,VIIRS,VIIRS_NOAA21_NRT
-4.30482,119.9334,2025-04-01,540,N21,n,2.0NRT,5.99,D,0.45,0.39,,,,,,firms,VIIRS,VIIRS_NOAA21_NRT
-4.0658,120.16798,2025-04-01,540,N21,n,2.0NRT,7.83,D,0.46,0.39,,,,,,firms,VIIRS,VIIRS_NOAA21_NRT
-4.06419,120.16703,2025-04-01,540,N21,n,2.0NRT,8.0,D,0.46,0.39,,,,,,firms,VIIRS,VIIRS_NOAA21_NRT
-2.82903,122.17313,2025-04-01,540,N21,n,2.0NRT,8.49,D,0.42,0.45,,,,,,firms,VIIRS,VIIRS_NOAA21_NRT
-2.5759,121.38217,2025-04-01,540,N21,n,2.0NRT,16.14,D,0.56,0.43,,,,,,firms,VIIRS,VIIRS_NOAA21_NRT
-2.57526,121.38476,2025-04-01,540,N21,n,2.0NRT,18.32,D,0.56,0.43,,,,,,firms,VIIRS,VIIRS_NOAA21_NRT
-1.1271,121.42131,2025-04-01,540,N21,n,2.0NRT,7.48,D,0.4,0.44,,,,,,firms,VIIRS,VIIRS_NOAA21_NRT
5.18048,116.18641,2025-04-01,542,N21,n,2.0NRT,3.8,D,0.4,0.37,,,,,,firms,VIIRS,VIIRS_NOAA21_NRT
5.25462,116.31987,2025-04-01,542,N21,n,2.0NRT,6.51,D,0.4,0.37,,,,,,firms,VIIRS,VIIRS_NOAA21_NRT
5.42924,114.71215,2025-04-01,542,N21,n,2.0NRT,3.36,D,0.38,0.36,,,,,,firms,VIIRS,VIIRS_NOAA21_NRT
5.50124,105.20763,2025-04-01,542,N21,n,2.0NRT,3.67,D,0.41,0.61,,,,,,firms,VIIRS,VIIRS_NOAA21_NRT
5.54062,115.6218,2025-04-01,542,N21,n,2.0NRT,4.88,D,0.39,0.36,,,,,,firms,VIIRS,VIIRS_NOAA21_NRT
-2.89957,101.55573,2025-04-01,720,N21,h,2.0NRT,10.74,D,0.44,0.62,,,,,,firms,VIIRS,VIIRS_NOAA21_NRT
-2.65159,104.0966,2025-04-01,720,N21,n,2.0NRT,5.45,D,0.67,0.73,,,,,,firms,VIIRS,VIIRS_NOAA21_NRT
-2.64817,104.0973,2025-04-01,720,N21,n,2.0NRT,8.62,D,0.67,0.74,,,,,,firms,VIIRS,VIIRS_NOAA21_NRT
-1.82966,102.50864,2025-04-01,720,N21,n,2.0NRT,6.6,D,0.54,0.68,,,,,,firms,VIIRS,VIIRS_NOAA21_NRT
-1.82866,102.51203,2025-04-01,720,N21,n,2.0NRT,7.01,D,0.54,0.68,,,,,,firms,VIIRS,VIIRS_NOAA21_NRT
-1.9362,100.93903,2025-04-01,722,N21,n,2.0NRT,7.4,D,0.42,0.61,,,,,,firms,VIIRS,VIIRS_NOAA21_NRT
-1.13879,101.37959,2025-04-01,722,N21,l,2.0NRT,17.97,D,0.46,0.63,,,,,,firms,VIIRS,VIIRS_NOAA21_NRT
-1.13818,101.38332,2025-04-01,722,N21,n,2.0NRT,14.58,D,0.46,0.63,,,,,,firms,VIIRS,VIIRS_NOAA21_NRT
-0.7147,100.86293,2025-04-01,722,N21,n,2.0NRT,3.88,D,0.43,0.62,,,,,,firms,VIIRS,VIIRS_NOAA21_NRT
0.48097,128.00667,2025-04-01,1639,N21,n,2.0NRT,2.46,N,0.47,0.4,,,,,,firms,VIIRS,VIIRS_NOAA21_NRT
0.48163,128.00238,2025-04-01,1639,N21,n,2.0NRT,3.37,N,0.47,0.4,,,,,,firms,VIIRS,VIIRS_NOAA21_NRT
0.48229,127.99814,2025-04-01,1639,N21,n,2.0NRT,3.37,N,0.47,0.4,,,,,,firms,VIIRS,VIIRS_NOAA21_NRT
0.48294,127.9939,2025-04-01,1639,N21,n,2.0NRT,2.35,N,0.47,0.4,,,,,,firms,VIIRS,VIIRS_NOAA21_NRT
0.4836,127.98965,2025-04-01,1639,N21,n,2.0NRT,2.35,N,0.47,0.4,,,,,,firms,VIIRS,VIIRS_NOAA21_NRT
0.48425,127.98544,2025-04-01,1639,N21,n,2.0NRT,0.55,N,0.47,0.4,,,,,,firms,VIIRS,VIIRS_NOAA21_NRT
0.48788,127.98607,2025-04-01,1639,N21,n,2.0NRT,3.3,N,0.47,0.4,,,,,,firms,VIIRS,VIIRS_NOAA21_NRT
0.50897,127.89803,2025-04-01,1639,N21,n,2.0NRT,1.36,N,0.48,0.4,,,,,,firms,VIIRS,VIIRS_NOAA21_NRT
0.50964,127.89374,2025-04-01,1639,N21,n,2.0NRT,1.94,N,0.48,0.4,,,,,,firms,VIIRS,VIIRS_NOAA21_NRT
1.49331,127.63005,2025-04-01,1639,N21,n,2.0NRT,6.86,N,0.51,0.41,,,,,,firms,VIIRS,VIIRS_NOAA21_NRT
1.69568,127.87736,2025-04-01,1639,N21,n,2.0NRT,1.02,N,0.5,0.41,,,,,,firms,VIIRS,VIIRS_NOAA21_NRT
1.69638,127.87275,2025-04-01,1639,N21,n,2.0NRT,1.02,N,0.5,0.41,,,,,,firms,VIIRS,VIIRS_NOAA21_NRT
1.69939,127.87791,2025-04-01,1639,N21,n,2.0NRT,14.18,N,0.5,0.41,,,,,,firms,VIIRS,VIIRS_NOAA21_NRT
1.70009,127.8733,2025-04-01,1639,N21,n,2.0NRT,14.18,N,0.5,0.41,,,,,,firms,VIIRS,VIIRS_NOAA21_NRT
1.70311,127.87842,2025-04-01,1639,N21,n,2.0NRT,14.18,N,0.5,0.41,,,,,,firms,VIIRS,VIIRS_NOAA21_NRT
1.70381,127.87385,2025-04-01,1639,N21,n,2.0NRT,14.18,N,0.5,0.41,,,,,,firms,VIIRS,VIIRS_NOAA21_NRT
2.78245,125.40347,2025-04-01,1639,N21,n,2.0NRT,1.74,N,0.49,0.48,,,,,,firms,VIIRS,VIIRS_NOAA21_NRT
-8.27559,123.50445,2025-04-01,1641,N21,n,2.0NRT,4.67,N,0.44,0.46,,,,,,firms,VIIRS,VIIRS_NOAA21_NRT
-8.27158,123.50657,2025-04-01,1641,N21,n,2.0NRT,6.75,N,0.44,0.46,,,,,,firms,VIIRS,VIIRS_NOAA21_NRT
-8.27146,123.50581,2025-04-01,1641,N21,n,2.0NRT,4.67,N,0.44,0.46,,,,,,firms,VIIRS,VIIRS_NOAA21_NRT
4.28303,103.43027,2025-04-01,1819,N21,n,2.0NRT,3.07,N,0.47,0.4,,,,,,firms,VIIRS,VIIRS_NOAA21_NRT
4.28733,103.42657,2025-04-01,1819,N21,n,2.0NRT,1.87,N,0.47,0.4,,,,,,firms,VIIRS,VIIRS_NOAA21_NRT
4.29097,103.42712,2025-04-01,1819,N21,n,2.0NRT,1.87,N,0.47,0.4,,,,,,firms,VIIRS,VIIRS_NOAA21_NRT
1.27002,103.70149,2025-04-01,1821,N21,n,2.0NRT,16.43,N,0.43,0.38,,,,,,firms,VIIRS,VIIRS_NOAA21_NRT
1.2735,103.70201,2025-04-01,1821,N21,n,2.0NRT,11.12,N,0.43,0.38,,,,,,firms,VIIRS,VIIRS_NOAA21_NRT
1.78364,103.94193,2025-04-01,1821,N21,n,2.0NRT,0.49,N,0.43,0.38,,,,,,firms,VIIRS,VIIRS_NOAA21_NRT
-8.11429,112.92617,2025-04-01,1824,N21,n,2.0NRT,1.27,N,0.36,0.57,,,,,,firms,VIIRS,VIIRS_NOAA21_NRT
-7.70171,108.99583,2025-04-01,1824,N21,n,2.0NRT,3.22,N,0.38,0.44,,,,,,firms,VIIRS,VIIRS_NOAA21_NRT
-8.27002,130.87965,2025-04-02,518,N21,n,2.0NRT,8.49,D,0.63,0.54,,,,,,firms,VIIRS,VIIRS_NOAA21_NRT
-8.269,130.88535,2025-04-02,518,N21,n,2.0NRT,8.49,D,0.63,0.54,,,,,,firms,VIIRS,VIIRS_NOAA21_NRT
-8.26792,130.88266,2025-04-02,518,N21,n,2.0NRT,9.6,D,0.63,0.54,,,,,,firms,VIIRS,VIIRS_NOAA21_NRT
-8.26694,130.88838,2025-04-02,518,N21,n,2.0NRT,9.6,D,0.63,0.54,,,,,,firms,VIIRS,VIIRS_NOAA21_NRT
-3.32918,114.88971,2025-04-02,521,N21,n,2.0NRT,10.88,D,0.51,0.5,,,,,,firms,VIIRS,VIIRS_NOAA21_NRT
-1.31942,133.90431,2025-04-02,521,N21,n,2.0NRT,10.56,D,0.67,0.74,,,,,,firms,VIIRS,VIIRS_NOAA21_NRT
-1.31679,133.90092,2025-04-02,521,N21,n,2.0NRT,12.55,D,0.67,0.74,,,,,,firms,VIIRS,VIIRS_NOAA21_NRT
-2.72583,110.07711,2025-04-02,523,N21,n,2.0NRT,5.24,D,0.55,0.68,,,,,,firms,VIIRS,VIIRS_NOAA21_NRT
3.27656,113.06395,2025-04-02,523,N21,n,2.0NRT,4.24,D,0.54,0.51,,,,,,firms,VIIRS,VIIRS_NOAA21_NRT
3.28894,113.08167,2025-04-02,523,N21,n,2.0NRT,8.54,D,0.54,0.51,,,,,,firms,VIIRS,VIIRS_NOAA21_NRT
3.53463,113.34265,2025-04-02,523,N21,n,2.0NRT,2.99,D,0.51,0.5,,,,,,firms,VIIRS,VIIRS_NOAA21_NRT
4.97721,112.97967,2025-04-02,525,N21,n,2.0NRT,8.1,D,0.52,0.5,,,,,,firms,VIIRS,VIIRS_NOAA21_NRT
4.97913,112.98001,2025-04-02,525,N21,n,2.0NRT,7.26,D,0.52,0.5,,,,,,firms,VIIRS,VIIRS_NOAA21_NRT
-3.19872,102.85379,2025-04-02,701,N21,n,2.0NRT,1.77,D,0.5,0.49,,,,,,firms,VIIRS,VIIRS_NOAA21_NRT
-3.15295,102.74844,2025-04-02,701,N21,n,2.0NRT,19.47,D,0.5,0.49,,,,,,firms,VIIRS,VIIRS_NOAA21_NRT
-2.83606,102.75693,2025-04-02,701,N21,n,2.0NRT,9.75,D,0.5,0.49,,,,,,firms,VIIRS,VIIRS_NOAA21_NRT
-2.83458,102.75426,2025-04-02,701,N21,n,2.0NRT,12.22,D,0.5,0.49,,,,,,firms,VIIRS,VIIRS_NOAA21_NRT
-2.76034,102.82793,2025-04-02,701,N21,n,2.0NRT,6.34,D,0.51,0.49,,,,,,firms,VIIRS,VIIRS_NOAA21_NRT
-2.71941,103.19905,2025-04-02,701,N21,n,2.0NRT,4.34,D,0.54,0.51,,,,,,firms,VIIRS,VIIRS_NOAA21_NRT
-2.55441,102.08466,2025-04-02,701,N21,n,2.0NRT,9.73,D,0.46,0.47,,,,,,firms,VIIRS,VIIRS_NOAA21_NRT
-0.8274,101.10703,2025-04-02,701,N21,n,2.0NRT,1.81,D,0.42,0.45,,,,,,firms,VIIRS,VIIRS_NOAA21_NRT
-0.82451,101.10725,2025-04-02,701,N21,n,2.0NRT,4.41,D,0.42,0.45,,,,,,firms,VIIRS,VIIRS_NOAA21_NRT
1.27192,103.70274,2025-04-02,701,N21,n,2.0NRT,4.98,D,0.34,0.56,,,,,,firms,VIIRS,VIIRS_NOAA21_NRT
1.37978,104.15982,2025-04-02,701,N21,n,2.0NRT,2.79,D,0.37,0.58,,,,,,firms,VIIRS,VIIRS_NOAA21_NRT
1.37978,104.16165,2025-04-02,701,N21,n,2.0NRT,6.0,D,0.37,0.58,,,,,,firms,VIIRS,VIIRS_NOAA21_NRT
0.87591,97.88406,2025-04-02,703,N21,n,2.0NRT,3.56,D,0.44,0.38,,,,,,firms,VIIRS,VIIRS_NOAA21_NRT
1.39128,97.2092,2025-04-02,703,N21,n,2.0NRT,9.0,D,0.42,0.37,,,,,,firms,VIIRS,VIIRS_NOAA21_NRT
2.12889,98.49711,2025-04-02,703,N21,n,2.0NRT,23.57,D,0.48,0.4,,,,,,firms,VIIRS,VIIRS_NOAA21_NRT
3.13243,103.39954,2025-04-02,703,N21,n,2.0NRT,5.3,D,0.34,0.56,,,,,,firms,VIIRS,VIIRS_NOAA21_NRT
1.49192,127.63026,2025-04-02,1622,N21,n,2.0NRT,1.28,N,0.35,0.57,,,,,,firms,VIIRS,VIIRS_NOAA21_NRT
1.49716,127.63062,2025-04-02,1622,N21,n,2.0NRT,1.28,N,0.35,0.57,,,,,,firms,VIIRS,VIIRS_NOAA21_NRT
1.49783,127.62627,2025-04-02,1622,N21,n,2.0NRT,1.72,N,0.35,0.57,,,,,,firms,VIIRS,VIIRS_NOAA21_NRT
5.61897,114.89057,2025-04-02,1800,N21,n,2.0NRT,2.74,N,0.46,0.39,,,,,,firms,VIIRS,VIIRS_NOAA21_NRT
5.87415,114.29603,2025-04-02,1800,N21,n,2.0NRT,0.5,N,0.43,0.38,,,,,,firms,VIIRS,VIIRS_NOAA21_NRT
-2.21105,115.49509,2025-04-02,1802,N21,n,2.0NRT,1.95,N,0.42,0.45,,,,,,firms,VIIRS,VIIRS_NOAA21_NRT
-2.16265,115.58179,2025-04-02,1802,N21,n,2.0NRT,2.13,N,0.42,0.45,,,,,,firms,VIIRS,VIIRS_NOAA21_NRT
-2.0608,115.56962,2025-04-02,1802,N21,n,2.0NRT,0.77,N,0.42,0.45,,,,,,firms,VIIRS,VIIRS_NOAA21_NRT
-1.89389,115.86289,2025-04-02,1802,N21,n,2.0NRT,2.28,N,0.44,0.46,,,,,,firms,VIIRS,VIIRS_NOAA21_NRT
-1.88968,115.86352,2025-04-02,1802,N21,n,2.0NRT,2.28,N,0.44,0.46,,,,,,firms,VIIRS,VIIRS_NOAA21_NRT
-1.38379,122.48166,2025-04-02,1802,N21,n,2.0NRT,2.95,N,0.62,0.71,,,,,,firms,VIIRS,VIIRS_NOAA21_NRT
1.37762,104.15848,2025-04-02,1802,N21,n,2.0NRT,1.56,N,0.51,0.49,,,,,,firms,VIIRS,VIIRS_NOAA21_NRT
4.02233,103.34151,2025-04-02,1802,N21,n,2.0NRT,1.15,N,0.32,0.55,,,,,,firms,VIIRS,VIIRS_NOAA21_NRT
4.55369,103.4563,2025-04-02,1802,N21,n,2.0NRT,2.49,N,0.32,0.55,,,,,,firms,VIIRS,VIIRS_NOAA21_NRT
4.55404,103.45782,2025-04-02,1802,N21,n,2.0NRT,2.72,N,0.32,0.55,,,,,,firms,VIIRS,VIIRS_NOAA21_NRT
4.73919,113.72799,2025-04-02,1802,N21,n,2.0NRT,2.06,N,0.42,0.38,,,,,,firms,VIIRS,VIIRS_NOAA21_NRT
4.97763,112.9827,2025-04-02,1802,N21,n,2.0NRT,5.41,N,0.4,0.37,,,,,,firms,VIIRS,VIIRS_NOAA21_NRT
5.42976,114.71192,2025-04-02,1802,N21,n,2.0NRT,5.61,N,0.45,0.39,,,,,,firms,VIIRS,VIIRS_NOAA21_NRT
-7.24025,111.73297,2025-04-02,1804,N21,n,2.0NRT,1.55,N,0.44,0.39,,,,,,firms,VIIRS,VIIRS_NOAA21_NRT
-1.0162,101.88972,2025-04-02,1804,N21,n,2.0NRT,2.01,N,0.34,0.56,,,,,,firms,VIIRS,VIIRS_NOAA21_NRT
5.22087,97.10043,2025-04-02,1942,N21,n,2.0NRT,3.61,N,0.48,0.65,,,,,,firms,VIIRS,VIIRS_NOAA21_NRT
5.22673,97.10155,2025-04-02,1942,N21,n,2.0NRT,3.61,N,0.48,0.65,,,,,,firms,VIIRS,VIIRS_NOAA21_NRT
-9.92492,120.21986,2025-04-03,459,N21,n,2.0NRT,5.17,D,0.58,0.52,,,,,,firms,VIIRS,VIIRS_NOAA21_NRT
-9.70949,120.5069,2025-04-03,459,N21,n,2.0NRT,5.15,D,0.55,0.51,,,,,,firms,VIIRS,VIIRS_NOAA21_NRT
-9.47833,119.15034,2025-04-03,459,N21,n,2.0NRT,3.92,D,0.34,0.56,,,,,,firms,VIIRS,VIIRS_NOAA21_NRT
-9.07711,125.99567,2025-04-03,459,N21,n,2.0NRT,5.58,D,0.41,0.37,,,,,,firms,VIIRS,VIIRS_NOAA21_NRT
-8.80669,120.56598,2025-04-03,459,N21,n,2.0NRT,2.3,D,0.53,0.5,,,,,,firms,VIIRS,VIIRS_NOAA21_NRT
-6.18145,120.41084,2025-04-03,501,N21,n,2.0NRT,10.31,D,0.5,0.49,,,,,,firms,VIIRS,VIIRS_NOAA21_NRT
-4.91757,120.19297,2025-04-03,501,N21,n,2.0NRT,5.53,D,0.5,0.49,,,,,,firms,VIIRS,VIIRS_NOAA21_NRT
-4.08215,122.03566,2025-04-03,501,N21,n,2.0NRT,3.71,D,0.55,0.43,,,,,,firms,VIIRS,VIIRS_NOAA21_NRT
-2.82909,122.16907,2025-04-03,501,N21,n,2.0NRT,8.34,D,0.52,0.42,,,,,,firms,VIIRS,VIIRS_NOAA21_NRT
-2.82838,122.17375,2025-04-03,501,N21,n,2.0NRT,8.34,D,0.52,0.42,,,,,,firms,VIIRS,VIIRS_NOAA21_NRT
-2.74302,120.46516,2025-04-03,501,N21,n,2.0NRT,2.89,D,0.44,0.46,,,,,,firms,VIIRS,VIIRS_NOAA21_NRT
1.17369,117.10783,2025-04-03,504,N21,n,2.0NRT,3.16,D,0.33,0.55,,,,,,firms,VIIRS,VIIRS_NOAA21_NRT
3.06062,116.47713,2025-04-03,504,N21,n,2.0NRT,1.75,D,0.34,0.56,,,,,,firms,VIIRS,VIIRS_NOAA21_NRT
3.0624,116.4774,2025-04-03,504,N21,n,2.0NRT,4.46,D,0.34,0.56,,,,,,firms,VIIRS,VIIRS_NOAA21_NRT
5.97836,124.92403,2025-04-03,504,N21,n,2.0NRT,5.94,D,0.39,0.36,,,,,,firms,VIIRS,VIIRS_NOAA21_NRT
0.57425,103.28242,2025-04-03,644,N21,n,2.0NRT,2.95,D,0.46,0.39,,,,,,firms,VIIRS,VIIRS_NOAA21_NRT
1.11889,101.64366,2025-04-03,644,N21,l,2.0NRT,4.79,D,0.41,0.37,,,,,,firms,VIIRS,VIIRS_NOAA21_NRT
1.12226,101.64315,2025-04-03,644,N21,l,2.0NRT,4.79,D,0.41,0.37,,,,,,firms,VIIRS,VIIRS_NOAA21_NRT
1.67158,101.47462,2025-04-03,644,N21,n,2.0NRT,5.02,D,0.4,0.37,,,,,,firms,VIIRS,VIIRS_NOAA21_NRT
2.81764,101.71624,2025-04-03,644,N21,n,2.0NRT,1.22,D,0.42,0.38,,,,,,firms,VIIRS,VIIRS_NOAA21_NRT
3.23592,101.44147,2025-04-03,644,N21,n,2.0NRT,2.94,D,0.41,0.37,,,,,,firms,VIIRS,VIIRS_NOAA21_NRT
3.27564,113.07316,2025-04-03,644,N21,n,2.0NRT,7.39,D,0.76,0.77,,,,,,firms,VIIRS,VIIRS_NOAA21_NRT
3.28175,113.0658,2025-04-03,644,N21,n,2.0NRT,7.39,D,0.76,0.77,,,,,,firms,VIIRS,VIIRS_NOAA21_NRT
3.30969,101.44545,2025-04-03,644,N21,l,2.0NRT,4.27,D,0.41,0.37,,,,,,firms,VIIRS,VIIRS_NOAA21_NRT
3.48636,101.47509,2025-04-03,644,N21,n,2.0NRT,7.1,D,0.42,0.37,,,,,,firms,VIIRS,VIIRS_NOAA21_NRT
3.4909,101.48203,2025-04-03,644,N21,n,2.0NRT,9.2,D,0.42,0.37,,,,,,firms,VIIRS,VIIRS_NOAA21_NRT
4.6136,97.71338,2025-04-03,646,N21,l,2.0NRT,17.96,D,0.4,0.37,,,,,,firms,VIIRS,VIIRS_NOAA21_NRT
-1.55764,127.42329,2025-04-03,1605,N21,n,2.0NRT,2.88,N,0.69,0.74,,,,,,firms,VIIRS,VIIRS_NOAA21_NRT
2.32587,117.70666,2025-04-03,1741,N21,n,2.0NRT,0.69,N,0.41,0.37,,,,,,firms,VIIRS,VIIRS_NOAA21_NRT
3.28283,113.08051,2025-04-03,1741,N21,n,2.0NRT,1.2,N,0.46,0.39,,,,,,firms,VIIRS,VIIRS_NOAA21_NRT
3.28579,113.08514,2025-04-03,1741,N21,n,2.0NRT,1.21,N,0.46,0.39,,,,,,firms,VIIRS,VIIRS_NOAA21_NRT
3.28875,113.08975,2025-04-03,1741,N21,n,2.0NRT,2.47,N,0.46,0.39,,,,,,firms,VIIRS,VIIRS_NOAA21_NRT
3.28938,113.08564,2025-04-03,1741,N21,n,2.0NRT,1.21,N,0.46,0.39,,,,,,firms,VIIRS,VIIRS_NOAA21_NRT
3.29,113.08154,2025-04-03,1741,N21,n,2.0NRT,1.21,N,0.46,0.39,,,,,,firms,VIIRS,VIIRS_NOAA21_NRT
4.7263,116.64297,2025-04-03,1741,N21,n,2.0NRT,0.62,N,0.38,0.36,,,,,,firms,VIIRS,VIIRS_NOAA21_NRT
4.97844,112.98342,2025-04-03,1741,N21,n,2.0NRT,5.92,N,0.48,0.4,,,,,,firms,VIIRS,VIIRS_NOAA21_NRT
4.9791,112.97911,2025-04-03,1741,N21,n,2.0NRT,5.22,N,0.48,0.4,,,,,,firms,VIIRS,VIIRS_NOAA21_NRT
5.42981,114.71132,2025-04-03,1741,N21,n,2.0NRT,2.73,N,0.41,0.37,,,,,,firms,VIIRS,VIIRS_NOAA21_NRT
1.37501,104.158,2025-04-03,1743,N21,n,2.0NRT,1.82,N,0.55,0.68,,,,,,firms,VIIRS,VIIRS_NOAA21_NRT
1.37982,104.15768,2025-04-03,1743,N21,n,2.0NRT,2.11,N,0.55,0.68,,,,,,firms,VIIRS,VIIRS_NOAA21_NRT
-8.92453,116.76386,2025-04-03,1745,N21,n,2.0NRT,0.71,N,0.48,0.4,,,,,,firms,VIIRS,VIIRS_NOAA21_NRT
-8.54037,122.76951,2025-04-03,1745,N21,n,2.0NRT,0.44,N,0.38,0.59,,,,,,firms,VIIRS,VIIRS_NOAA21_NRT
-8.27746,123.51308,2025-04-03,1745,N21,n,2.0NRT,3.18,N,0.43,0.62,,,,,,firms,VIIRS,VIIRS_NOAA21_NRT
-8.27437,123.51534,2025-04-03,1745,N21,n,2.0NRT,5.07,N,0.43,0.62,,,,,,firms,VIIRS,VIIRS_NOAA21_NRT
-8.27152,123.51146,2025-04-03,1745,N21,n,2.0NRT,3.18,N,0.43,0.62,,,,,,firms,VIIRS,VIIRS_NOAA21_NRT
-8.11547,112.92518,2025-04-03,1745,N21,n,2.0NRT,0.54,N,0.39,0.36,,,,,,firms,VIIRS,VIIRS_NOAA21_NRT
-7.24161,111.73271,2025-04-03,1745,N21,n,2.0NRT,1.97,N,0.42,0.37,,,,,,firms,VIIRS,VIIRS_NOAA21_NRT
-7.58821,138.76517,2025-04-04,440,N21,n,2.0NRT,3.72,D,0.5,0.49,,,,,,firms,VIIRS,VIIRS_NOAA21_NRT
-6.48605,139.54456,2025-04-04,442,N21,n,2.0NRT,4.8,D,0.59,0.53,,,,,,firms,VIIRS,VIIRS_NOAA21_NRT
-6.23524,139.04471,2025-04-04,442,N21,n,2.0NRT,31.94,D,0.55,0.51,,,,,,firms,VIIRS,VIIRS_NOAA21_NRT
-6.30977,107.12404,2025-04-04,622,N21,n,2.0NRT,4.94,D,0.39,0.36,,,,,,firms,VIIRS,VIIRS_NOAA21_NRT
-1.91155,100.96219,2025-04-04,622,N21,n,2.0NRT,111.33,D,0.55,0.43,,,,,,firms,VIIRS,VIIRS_NOAA21_NRT
-1.78581,100.86555,2025-04-04,622,N21,n,2.0NRT,7.53,D,0.56,0.43,,,,,,firms,VIIRS,VIIRS_NOAA21_NRT
0.6657,109.03567,2025-04-04,622,N21,n,2.0NRT,5.22,D,0.52,0.42,,,,,,firms,VIIRS,VIIRS_NOAA21_NRT
0.92991,109.06233,2025-04-04,625,N21,n,2.0NRT,4.7,D,0.53,0.42,,,,,,firms,VIIRS,VIIRS_NOAA21_NRT
1.10095,109.09475,2025-04-04,625,N21,n,2.0NRT,7.3,D,0.54,0.42,,,,,,firms,VIIRS,VIIRS_NOAA21_NRT
4.97887,112.98415,2025-04-04,625,N21,h,2.0NRT,7.08,D,0.37,0.58,,,,,,firms,VIIRS,VIIRS_NOAA21_NRT
4.97977,112.98392,2025-04-04,625,N21,h,2.0NRT,6.5,D,0.37,0.58,,,,,,firms,VIIRS,VIIRS_NOAA21_NRT
5.42641,114.71188,2025-04-04,625,N21,n,2.0NRT,5.47,D,0.5,0.66,,,,,,firms,VIIRS,VIIRS_NOAA21_NRT
5.43003,114.71471,2025-04-04,625,N21,n,2.0NRT,6.97,D,0.5,0.66,,,,,,firms,VIIRS,VIIRS_NOAA21_NRT
5.82852,114.34115,2025-04-04,625,N21,n,2.0NRT,6.85,D,0.48,0.64,,,,,,firms,VIIRS,VIIRS_NOAA21_NRT
-1.81904,136.75182,2025-04-04,1544,N21,n,2.0NRT,1.38,N,0.33,0.55,,,,,,firms,VIIRS,VIIRS_NOAA21_NRT
-1.81858,136.74901,2025-04-04,1544,N21,n,2.0NRT,1.85,N,0.33,0.55,,,,,,firms,VIIRS,VIIRS_NOAA21_NRT
5.87714,114.29355,2025-04-04,1722,N21,n,2.0NRT,4.02,N,0.54,0.51,,,,,,firms,VIIRS,VIIRS_NOAA21_NRT
4.97935,112.98244,2025-04-04,1724,N21,n,2.0NRT,4.38,N,0.32,0.55,,,,,,firms,VIIRS,VIIRS_NOAA21_NRT
4.97977,112.97954,2025-04-04,1724,N21,n,2.0NRT,6.27,N,0.32,0.55,,,,,,firms,VIIRS,VIIRS_NOAA21_NRT
-8.53964,122.76965,2025-04-04,1726,N21,n,2.0NRT,4.07,N,0.55,0.43,,,,,,firms,VIIRS,VIIRS_NOAA21_NRT
-8.27486,123.51115,2025-04-04,1726,N21,n,2.0NRT,7.9,N,0.4,0.45,,,,,,firms,VIIRS,VIIRS_NOAA21_NRT
-8.27423,123.50681,2025-04-04,1726,N21,n,2.0NRT,7.9,N,0.4,0.45,,,,,,firms,VIIRS,VIIRS_NOAA21_NRT
-2.21169,115.49768,2025-04-04,1726,N21,n,2.0NRT,1.88,N,0.52,0.42,,,,,,firms,VIIRS,VIIRS_NOAA21_NRT
-8.92309,116.76087,2025-04-04,1728,N21,n,2.0NRT,1.01,N,0.4,0.37,,,,,,firms,VIIRS,VIIRS_NOAA21_NRT
-8.11309,112.92405,2025-04-04,1728,N21,n,2.0NRT,4.2,N,0.41,0.45,,,,,,firms,VIIRS,VIIRS_NOAA21_NRT
4.55509,103.458,2025-04-04,1904,N21,n,2.0NRT,2.01,N,0.59,0.53,,,,,,firms,VIIRS,VIIRS_NOAA21_NRT
5.45146,95.24791,2025-04-04,1904,N21,n,2.0NRT,0.85,N,0.39,0.36,,,,,,firms,VIIRS,VIIRS_NOAA21_NRT
1.37598,104.15963,2025-04-04,1906,N21,n,2.0NRT,1.36,N,0.37,0.58,,,,,,firms,VIIRS,VIIRS_NOAA21_NRT
-6.00889,105.98404,2025-04-04,1908,N21,n,2.0NRT,1.49,N,0.65,0.73,,,,,,firms,VIIRS,VIIRS_NOAA21_NRT
-6.00813,105.97828,2025-04-04,1908,N21,n,2.0NRT,1.49,N,0.65,0.73,,,,,,firms,VIIRS,VIIRS_NOAA21_NRT
-1.56316,127.42585,2025-04-05,423,N21,n,2.0NRT,9.11,D,0.32,0.55,,,,,,firms,VIIRS,VIIRS_NOAA21_NRT
-1.5627,127.42889,2025-04-05,423,N21,n,2.0NRT,9.45,D,0.32,0.54,,,,,,firms,VIIRS,VIIRS_NOAA21_NRT
-1.55778,127.42785,2025-04-05,423,N21,n,2.0NRT,2.7,D,0.32,0.54,,,,,,firms,VIIRS,VIIRS_NOAA21_NRT
-1.45886,127.43532,2025-04-05,423,N21,n,2.0NRT,10.48,D,0.64,0.54,,,,,,firms,VIIRS,VIIRS_NOAA21_NRT
0.48219,127.99258,2025-04-05,423,N21,n,2.0NRT,7.35,D,0.54,0.51,,,,,,firms,VIIRS,VIIRS_NOAA21_NRT
0.48607,127.98711,2025-04-05,423,N21,n,2.0NRT,7.35,D,0.54,0.51,,,,,,firms,VIIRS,VIIRS_NOAA21_NRT
-9.08958,117.02737,2025-04-05,601,N21,n,2.0NRT,2.52,D,0.4,0.44,,,,,,firms,VIIRS,VIIRS_NOAA21_NRT
-8.5692,116.83816,2025-04-05,603,N21,n,2.0NRT,3.12,D,0.4,0.44,,,,,,firms,VIIRS,VIIRS_NOAA21_NRT
-8.11142,112.92516,2025-04-05,603,N21,n,2.0NRT,5.91,D,0.4,0.37,,,,,,firms,VIIRS,VIIRS_NOAA21_NRT
-7.37153,113.27811,2025-04-05,603,N21,n,2.0NRT,2.92,D,0.41,0.37,,,,,,firms,VIIRS,VIIRS_NOAA21_NRT
-6.02929,105.95891,2025-04-05,603,N21,n,2.0NRT,3.81,D,0.4,0.44,,,,,,firms,VIIRS,VIIRS_NOAA21_NRT
-6.00887,105.98534,2025-04-05,603,N21,n,2.0NRT,2.79,D,0.4,0.44,,,,,,firms,VIIRS,VIIRS_NOAA21_NRT
-1.83603,111.75855,2025-04-05,605,N21,n,2.0NRT,2.83,D,0.4,0.37,,,,,,firms,VIIRS,VIIRS_NOAA21_NRT
-1.24908,113.24991,2025-04-05,605,N21,n,2.0NRT,4.77,D,0.47,0.39,,,,,,firms,VIIRS,VIIRS_NOAA21_NRT
-0.26396,116.6153,2025-04-05,605,N21,n,2.0NRT,5.41,D,0.51,0.5,,,,,,firms,VIIRS,VIIRS_NOAA21_NRT
-0.19139,119.95214,2025-04-05,605,N21,n,2.0NRT,3.66,D,0.44,0.62,,,,,,firms,VIIRS,VIIRS_NOAA21_NRT
1.12396,104.14256,2025-04-05,605,N21,n,2.0NRT,4.52,D,0.42,0.45,,,,,,firms,VIIRS,VIIRS_NOAA21_NRT
1.501,103.82981,2025-04-05,605,N21,n,2.0NRT,3.23,D,0.43,0.46,,,,,,firms,VIIRS,VIIRS_NOAA21_NRT
1.54958,103.82991,2025-04-05,605,N21,n,2.0NRT,7.58,D,0.43,0.46,,,,,,firms,VIIRS,VIIRS_NOAA21_NRT
1.55675,103.82104,2025-04-05,605,N21,n,2.0NRT,8.74,D,0.43,0.46,,,,,,firms,VIIRS,VIIRS_NOAA21_NRT
1.56094,103.82044,2025-04-05,605,N21,n,2.0NRT,7.61,D,0.43,0.46,,,,,,firms,VIIRS,VIIRS_NOAA21_NRT
1.59909,103.67657,2025-04-05,605,N21,n,2.0NRT,3.29,D,0.44,0.46,,,,,,firms,VIIRS,VIIRS_NOAA21_NRT
2.07033,117.52444,2025-04-05,605,N21,n,2.0NRT,2.52,D,0.32,0.55,,,,,,firms,VIIRS,VIIRS_NOAA21_NRT
2.36701,117.48356,2025-04-05,605,N21,n,2.0NRT,2.07,D,0.32,0.55,,,,,,firms,VIIRS,VIIRS_NOAA21_NRT
3.08294,105.73304,2025-04-05,605,N21,n,2.0NRT,2.83,D,0.48,0.4,,,,,,firms,VIIRS,VIIRS_NOAA21_NRT
3.48908,101.47543,2025-04-05,608,N21,n,2.0NRT,7.17,D,0.58,0.52,,,,,,firms,VIIRS,VIIRS_NOAA21_NRT
5.23769,116.39321,2025-04-05,608,N21,n,2.0NRT,14.02,D,0.6,0.53,,,,,,firms,VIIRS,VIIRS_NOAA21_NRT
5.24111,116.39181,2025-04-05,608,N21,n,2.0NRT,22.56,D,0.6,0.53,,,,,,firms,VIIRS,VIIRS_NOAA21_NRT
5.24254,116.39249,2025-04-05,608,N21,n,2.0NRT,1.53,D,0.6,0.53,,,,,,firms,VIIRS,VIIRS_NOAA21_NRT
5.41437,100.55881,2025-04-05,608,N21,n,2.0NRT,5.54,D,0.63,0.54,,,,,,firms,VIIRS,VIIRS_NOAA21_NRT
-2.20909,115.49865,2025-04-05,1705,N21,n,2.0NRT,0.6,N,0.36,0.57,,,,,,firms,VIIRS,VIIRS_NOAA21_NRT
-2.16737,115.57493,2025-04-05,1705,N21,n,2.0NRT,0.65,N,0.36,0.57,,,,,,firms,VIIRS,VIIRS_NOAA21_NRT
-2.16317,115.58206,2025-04-05,1705,N21,n,2.0NRT,0.49,N,0.35,0.57,,,,,,firms,VIIRS,VIIRS_NOAA21_NRT
-1.2473,116.81377,2025-04-05,1705,N21,n,2.0NRT,5.74,N,0.6,0.53,,,,,,firms,VIIRS,VIIRS_NOAA21_NRT
-0.64461,117.28431,2025-04-05,1705,N21,n,2.0NRT,0.94,N,0.57,0.52,,,,,,firms,VIIRS,VIIRS_NOAA21_NRT
4.53985,114.11969,2025-04-05,1705,N21,n,2.0NRT,2.07,N,0.57,0.69,,,,,,firms,VIIRS,VIIRS_NOAA21_NRT
4.54376,114.11784,2025-04-05,1705,N21,n,2.0NRT,1.76,N,0.57,0.69,,,,,,firms,VIIRS,VIIRS_NOAA21_NRT
5.42922,114.71077,2025-04-05,1705,N21,n,2.0NRT,6.54,N,0.54,0.68,,,,,,firms,VIIRS,VIIRS_NOAA21_NRT
5.42938,114.71377,2025-04-05,1705,N21,n,2.0NRT,3.46,N,0.54,0.67,,,,,,firms,VIIRS,VIIRS_NOAA21_NRT
5.43006,114.70897,2025-04-05,1705,N21,n,2.0NRT,3.46,N,0.54,0.68,,,,,,firms,VIIRS,VIIRS_NOAA21_NRT
-10.09297,120.71542,2025-04-05,1707,N21,n,2.0NRT,0.85,N,0.41,0.37,,,,,,firms,VIIRS,VIIRS_NOAA21_NRT
-8.53715,122.76714,2025-04-05,1707,N21,n,2.0NRT,12.25,N,0.38,0.36,,,,,,firms,VIIRS,VIIRS_NOAA21_NRT
-8.27554,123.50882,2025-04-05,1707,N21,n,2.0NRT,8.38,N,0.39,0.36,,,,,,firms,VIIRS,VIIRS_NOAA21_NRT
-8.275,123.50529,2025-04-05,1707,N21,n,2.0NRT,8.38,N,0.39,0.36,,,,,,firms,VIIRS,VIIRS_NOAA21_NRT
-8.27223,123.5093,2025-04-05,1707,N21,n,2.0NRT,8.38,N,0.39,0.36,,,,,,firms,VIIRS,VIIRS_NOAA21_NRT
-8.27169,123.50576,2025-04-05,1707,N21,n,2.0NRT,8.38,N,0.39,0.36,,,,,,firms,VIIRS,VIIRS_NOAA21_NRT
-8.11728,112.92175,2025-04-05,1707,N21,n,2.0NRT,0.43,N,0.43,0.62,,,,,,firms,VIIRS,VIIRS_NOAA21_NRT
-8.1142,112.92219,2025-04-05,1707,N21,n,2.0NRT,3.82,N,0.43,0.62,,,,,,firms,VIIRS,VIIRS_NOAA21_NRT
-8.11335,112.91743,2025-04-05,1707,N21,n,2.0NRT,2.81,N,0.43,0.62,,,,,,firms,VIIRS,VIIRS_NOAA21_NRT
-8.11161,112.9225,2025-04-05,1707,N21,n,2.0NRT,3.39,N,0.43,0.62,,,,,,firms,VIIRS,VIIRS_NOAA21_NRT
-1.56516,127.42614,2025-04-05,1707,N21,n,2.0NRT,1.92,N,0.45,0.39,,,,,,firms,VIIRS,VIIRS_NOAA21_NRT
-1.5616,127.42669,2025-04-05,1707,N21,n,2.0NRT,2.68,N,0.45,0.39,,,,,,firms,VIIRS,VIIRS_NOAA21_NRT
-1.45806,127.43704,2025-04-05,1707,N21,n,2.0NRT,3.1,N,0.45,0.39,,,,,,firms,VIIRS,VIIRS_NOAA21_NRT
0.68606,117.55996,2025-04-05,1707,N21,n,2.0NRT,1.4,N,0.57,0.52,,,,,,firms,VIIRS,VIIRS_NOAA21_NRT
0.68685,117.5549,2025-04-05,1707,N21,n,2.0NRT,1.84,N,0.57,0.52,,,,,,firms,VIIRS,VIIRS_NOAA21_NRT
1.37766,104.15993,2025-04-05,1845,N21,n,2.0NRT,2.43,N,0.54,0.42,,,,,,firms,VIIRS,VIIRS_NOAA21_NRT
4.28307,103.42941,2025-04-05,1845,N21,n,2.0NRT,1.2,N,0.45,0.39,,,,,,firms,VIIRS,VIIRS_NOAA21_NRT
4.55453,103.45838,2025-04-05,1845,N21,n,2.0NRT,1.59,N,0.45,0.39,,,,,,firms,VIIRS,VIIRS_NOAA21_NRT
4.64074,101.09846,2025-04-05,1845,N21,n,2.0NRT,1.09,N,0.39,0.36,,,,,,firms,VIIRS,VIIRS_NOAA21_NRT
4.65771,103.37875,2025-04-05,1845,N21,n,2.0NRT,1.09,N,0.45,0.39,,,,,,firms,VIIRS,VIIRS_NOAA21_NRT
5.3794,100.37561,2025-04-05,1845,N21,n,2.0NRT,2.28,N,0.38,0.36,,,,,,firms,VIIRS,VIIRS_NOAA21_NRT
5.58523,104.47617,2025-04-05,1845,N21,n,2.0NRT,2.01,N,0.5,0.41,,,,,,firms,VIIRS,VIIRS_NOAA21_NRT
5.64777,104.97792,2025-04-05,1845,N21,n,2.0NRT,3.43,N,0.53,0.42,,,,,,firms,VIIRS,VIIRS_NOAA21_NRT
-1.90925,103.17775,2025-04-05,1847,N21,n,2.0NRT,1.02,N,0.52,0.42,,,,,,firms,VIIRS,VIIRS_NOAA21_NRT
-1.90901,103.17965,2025-04-05,1847,N21,n,2.0NRT,0.88,N,0.52,0.42,,,,,,firms,VIIRS,VIIRS_NOAA21_NRT
-3.98464,138.95461,2025-04-11,410,N21,n,2.0NRT,4.9,D,0.38,0.36,,,,,,firms,VIIRS,VIIRS_NOAA21_NRT
-3.81123,137.44704,2025-04-11,410,N21,n,2.0NRT,3.55,D,0.41,0.37,,,,,,firms,VIIRS,VIIRS_NOAA21_NRT
-3.68848,138.99872,2025-04-11,410,N21,n,2.0NRT,6.37,D,0.38,0.36,,,,,,firms,VIIRS,VIIRS_NOAA21_NRT
-3.67272,138.56409,2025-04-11,410,N21,n,2.0NRT,1.58,D,0.39,0.36,,,,,,firms,VIIRS,VIIRS_NOAA21_NRT
-8.55579,116.95135,2025-04-11,550,N21,n,2.0NRT,5.43,D,0.42,0.37,,,,,,firms,VIIRS,VIIRS_NOAA21_NRT
-8.27295,123.51019,2025-04-11,550,N21,n,2.0NRT,8.25,D,0.34,0.56,,,,,,firms,VIIRS,VIIRS_NOAA21_NRT
-7.7013,108.99429,2025-04-11,550,N21,n,2.0NRT,5.48,D,0.44,0.46,,,,,,firms,VIIRS,VIIRS_NOAA21_NRT
-6.7617,111.95982,2025-04-11,553,N21,n,2.0NRT,2.39,D,0.44,0.38,,,,,,firms,VIIRS,VIIRS_NOAA21_NRT
-4.95047,105.67575,2025-04-11,553,N21,n,2.0NRT,5.72,D,0.34,0.56,,,,,,firms,VIIRS,VIIRS_NOAA21_NRT
-3.82609,119.7586,2025-04-11,553,N21,n,2.0NRT,7.05,D,0.45,0.47,,,,,,firms,VIIRS,VIIRS_NOAA21_NRT
-3.82257,119.75832,2025-04-11,553,N21,n,2.0NRT,2.61,D,0.45,0.47,,,,,,firms,VIIRS,VIIRS_NOAA21_NRT
-0.00746,109.31447,2025-04-11,553,N21,l,2.0NRT,7.35,D,0.49,0.41,,,,,,firms,VIIRS,VIIRS_NOAA21_NRT
-0.0063,109.31332,2025-04-11,553,N21,l,2.0NRT,9.13,D,0.5,0.41,,,,,,firms,VIIRS,VIIRS_NOAA21_NRT
-0.00444,109.30952,2025-04-11,553,N21,l,2.0NRT,8.22,D,0.5,0.41,,,,,,firms,VIIRS,VIIRS_NOAA21_NRT
3.2773,113.07505,2025-04-11,553,N21,n,2.0NRT,1.82,D,0.39,0.36,,,,,,firms,VIIRS,VIIRS_NOAA21_NRT
3.28989,113.09093,2025-04-11,553,N21,n,2.0NRT,3.03,D,0.39,0.36,,,,,,firms,VIIRS,VIIRS_NOAA21_NRT
5.42819,114.71065,2025-04-11,553,N21,n,2.0NRT,2.57,D,0.45,0.39,,,,,,firms,VIIRS,VIIRS_NOAA21_NRT
5.71791,116.9923,2025-04-11,553,N21,n,2.0NRT,8.16,D,0.41,0.45,,,,,,firms,VIIRS,VIIRS_NOAA21_NRT
5.71823,116.99251,2025-04-11,553,N21,n,2.0NRT,8.73,D,0.41,0.45,,,,,,firms,VIIRS,VIIRS_NOAA21_NRT
5.722,116.99174,2025-04-11,553,N21,n,2.0NRT,8.16,D,0.41,0.45,,,,,,firms,VIIRS,VIIRS_NOAA21_NRT
5.72232,116.99194,2025-04-11,553,N21,n,2.0NRT,8.73,D,0.41,0.45,,,,,,firms,VIIRS,VIIRS_NOAA21_NRT
-1.81886,136.75092,2025-04-11,1652,N21,n,2.0NRT,2.52,N,0.37,0.58,,,,,,firms,VIIRS,VIIRS_NOAA21_NRT
-1.5651,127.42892,2025-04-11,1652,N21,n,2.0NRT,1.56,N,0.38,0.36,,,,,,firms,VIIRS,VIIRS_NOAA21_NRT
-1.56456,127.42546,2025-04-11,1652,N21,n,2.0NRT,0.98,N,0.38,0.36,,,,,,firms,VIIRS,VIIRS_NOAA21_NRT
-1.56125,127.42596,2025-04-11,1652,N21,n,2.0NRT,1.61,N,0.38,0.36,,,,,,firms,VIIRS,VIIRS_NOAA21_NRT
-1.45792,127.43915,2025-04-11,1652,N21,n,2.0NRT,2.54,N,0.38,0.36,,,,,,firms,VIIRS,VIIRS_NOAA21_NRT
-1.45737,127.43569,2025-04-11,1652,N21,n,2.0NRT,8.97,N,0.38,0.36,,,,,,firms,VIIRS,VIIRS_NOAA21_NRT
-2.88016,122.15311,2025-04-11,1654,N21,n,2.0NRT,1.82,N,0.41,0.45,,,,,,firms,VIIRS,VIIRS_NOAA21_NRT
-2.87775,122.16423,2025-04-11,1654,N21,n,2.0NRT,0.7,N,0.41,0.45,,,,,,firms,VIIRS,VIIRS_NOAA21_NRT
-2.84849,122.16502,2025-04-11,1654,N21,n,2.0NRT,1.48,N,0.41,0.45,,,,,,firms,VIIRS,VIIRS_NOAA21_NRT
-2.8361,122.14076,2025-04-11,1654,N21,n,2.0NRT,0.7,N,0.41,0.45,,,,,,firms,VIIRS,VIIRS_NOAA21_NRT
-2.82981,122.17516,2025-04-11,1654,N21,n,2.0NRT,1.89,N,0.41,0.45,,,,,,firms,VIIRS,VIIRS_NOAA21_NRT
-2.57881,121.38226,2025-04-11,1654,N21,n,2.0NRT,6.73,N,0.46,0.47,,,,,,firms,VIIRS,VIIRS_NOAA21_NRT
-2.57817,121.37828,2025-04-11,1654,N21,n,2.0NRT,6.73,N,0.46,0.47,,,,,,firms,VIIRS,VIIRS_NOAA21_NRT
-2.57449,121.38305,2025-04-11,1654,N21,n,2.0NRT,18.67,N,0.46,0.47,,,,,,firms,VIIRS,VIIRS_NOAA21_NRT
-2.57385,121.37904,2025-04-11,1654,N21,n,2.0NRT,18.67,N,0.46,0.47,,,,,,firms,VIIRS,VIIRS_NOAA21_NRT
-2.57321,121.37503,2025-04-11,1654,N21,n,2.0NRT,1.45,N,0.46,0.47,,,,,,firms,VIIRS,VIIRS_NOAA21_NRT
-0.49764,117.29657,2025-04-11,1654,N21,n,2.0NRT,2.65,N,0.48,0.65,,,,,,firms,VIIRS,VIIRS_NOAA21_NRT
-8.92606,116.76208,2025-04-11,1656,N21,n,2.0NRT,0.53,N,0.38,0.58,,,,,,firms,VIIRS,VIIRS_NOAA21_NRT
-8.27369,123.50893,2025-04-11,1656,N21,n,2.0NRT,3.96,N,0.44,0.38,,,,,,firms,VIIRS,VIIRS_NOAA21_NRT
-8.27309,123.50522,2025-04-11,1656,N21,n,2.0NRT,3.96,N,0.44,0.38,,,,,,firms,VIIRS,VIIRS_NOAA21_NRT
2.7843,111.73773,2025-04-11,1832,N21,n,2.0NRT,0.79,N,0.33,0.56,,,,,,firms,VIIRS,VIIRS_NOAA21_NRT
4.16371,106.22698,2025-04-11,1832,N21,n,2.0NRT,2.65,N,0.44,0.38,,,,,,firms,VIIRS,VIIRS_NOAA21_NRT
4.50971,105.2504,2025-04-11,1832,N21,n,2.0NRT,2.13,N,0.4,0.37,,,,,,firms,VIIRS,VIIRS_NOAA21_NRT
4.55717,103.45632,2025-04-11,1832,N21,n,2.0NRT,2.85,N,0.38,0.36,,,,,,firms,VIIRS,VIIRS_NOAA21_NRT
4.56539,103.44701,2025-04-11,1832,N21,n,2.0NRT,1.35,N,0.38,0.36,,,,,,firms,VIIRS,VIIRS_NOAA21_NRT
4.57112,103.4584,2025-04-11,1832,N21,n,2.0NRT,1.74,N,0.38,0.36,,,,,,firms,VIIRS,VIIRS_NOAA21_NRT
4.61565,114.34078,2025-04-11,1832,N21,n,2.0NRT,4.26,N,0.47,0.64,,,,,,firms,VIIRS,VIIRS_NOAA21_NRT
4.61634,114.3418,2025-04-11,1832,N21,n,2.0NRT,2.16,N,0.47,0.64,,,,,,firms,VIIRS,VIIRS_NOAA21_NRT
4.65773,103.38009,2025-04-11,1832,N21,n,2.0NRT,1.27,N,0.39,0.36,,,,,,firms,VIIRS,VIIRS_NOAA21_NRT
4.66673,114.46327,2025-04-11,1832,N21,n,2.0NRT,10.42,N,0.48,0.65,,,,,,firms,VIIRS,VIIRS_NOAA21_NRT
5.5854,104.4754,2025-04-11,1832,N21,n,2.0NRT,2.87,N,0.39,0.36,,,,,,firms,VIIRS,VIIRS_NOAA21_NRT
5.64587,104.97767,2025-04-11,1832,N21,n,2.0NRT,3.46,N,0.39,0.36,,,,,,firms,VIIRS,VIIRS_NOAA21_NRT
5.6492,104.9782,2025-04-11,1832,N21,n,2.0NRT,2.69,N,0.39,0.36,,,,,,firms,VIIRS,VIIRS_NOAA21_NRT
-3.22254,105.31328,2025-04-11,1834,N21,n,2.0NRT,0.6,N,0.47,0.4,,,,,,firms,VIIRS,VIIRS_NOAA21_NRT
-1.89713,115.86117,2025-04-11,1834,N21,n,2.0NRT,3.77,N,0.77,0.77,,,,,,firms,VIIRS,VIIRS_NOAA21_NRT
-1.89605,115.85413,2025-04-11,1834,N21,n,2.0NRT,3.77,N,0.77,0.77,,,,,,firms,VIIRS,VIIRS_NOAA21_NRT
-1.89524,115.86411,2025-04-11,1834,N21,n,2.0NRT,6.67,N,0.77,0.77,,,,,,firms,VIIRS,VIIRS_NOAA21_NRT
-1.89422,115.85709,2025-04-11,1834,N21,n,2.0NRT,10.25,N,0.77,0.77,,,,,,firms,VIIRS,VIIRS_NOAA21_NRT
-1.89009,115.86237,2025-04-11,1834,N21,n,2.0NRT,3.77,N,0.77,0.77,,,,,,firms,VIIRS,VIIRS_NOAA21_NRT
0.44373,101.89285,2025-04-11,1834,N21,n,2.0NRT,0.92,N,0.39,0.36,,,,,,firms,VIIRS,VIIRS_NOAA21_NRT
2.25424,102.10522,2025-04-11,1834,N21,n,2.0NRT,1.26,N,0.39,0.36,,,,,,firms,VIIRS,VIIRS_NOAA21_NRT
2.4049,102.46873,2025-04-11,1834,N21,n,2.0NRT,2.08,N,0.39,0.36,,,,,,firms,VIIRS,VIIRS_NOAA21_NRT
2.40544,102.46528,2025-04-11,1834,N21,n,2.0NRT,2.44,N,0.39,0.36,,,,,,firms,VIIRS,VIIRS_NOAA21_NRT
2.55381,102.75743,2025-04-11,1834,N21,n,2.0NRT,0.76,N,0.39,0.36,,,,,,firms,VIIRS,VIIRS_NOAA21_NRT
2.73931,102.3961,2025-04-11,1834,N21,n,2.0NRT,0.89,N,0.39,0.36,,,,,,firms,VIIRS,VIIRS_NOAA21_NRT
2.73985,102.39262,2025-04-11,1834,N21,n,2.0NRT,0.89,N,0.39,0.36,,,,,,firms,VIIRS,VIIRS_NOAA21_NRT
-4.39484,140.45168,2025-04-12,351,N21,n,2.0NRT,3.59,D,0.49,0.41,,,,,,firms,VIIRS,VIIRS_NOAA21_NRT
-3.75475,139.39629,2025-04-12,351,N21,n,2.0NRT,4.54,D,0.56,0.43,,,,,,firms,VIIRS,VIIRS_NOAA21_NRT
-3.44329,135.41756,2025-04-12,351,N21,n,2.0NRT,2.07,D,0.34,0.56,,,,,,firms,VIIRS,VIIRS_NOAA21_NRT
-2.7122,140.67947,2025-04-12,351,N21,n,2.0NRT,3.55,D,0.46,0.39,,,,,,firms,VIIRS,VIIRS_NOAA21_NRT
-2.59884,140.63829,2025-04-12,351,N21,l,2.0NRT,4.95,D,0.46,0.39,,,,,,firms,VIIRS,VIIRS_NOAA21_NRT
-9.45473,119.88874,2025-04-12,531,N21,n,2.0NRT,2.23,D,0.38,0.36,,,,,,firms,VIIRS,VIIRS_NOAA21_NRT
-9.09372,117.03188,2025-04-12,531,N21,l,2.0NRT,3.58,D,0.44,0.39,,,,,,firms,VIIRS,VIIRS_NOAA21_NRT
-8.81367,120.5207,2025-04-12,531,N21,n,2.0NRT,3.21,D,0.39,0.36,,,,,,firms,VIIRS,VIIRS_NOAA21_NRT
-8.41358,117.10928,2025-04-12,531,N21,n,2.0NRT,2.86,D,0.44,0.38,,,,,,firms,VIIRS,VIIRS_NOAA21_NRT
-4.99465,120.2922,2025-04-12,531,N21,n,2.0NRT,2.9,D,0.4,0.37,,,,,,firms,VIIRS,VIIRS_NOAA21_NRT
-3.99123,120.0537,2025-04-12,531,N21,n,2.0NRT,4.12,D,0.4,0.37,,,,,,firms,VIIRS,VIIRS_NOAA21_NRT
-3.9626,119.99459,2025-04-12,531,N21,n,2.0NRT,5.33,D,0.4,0.37,,,,,,firms,VIIRS,VIIRS_NOAA21_NRT
-3.94809,119.99963,2025-04-12,531,N21,n,2.0NRT,4.35,D,0.4,0.37,,,,,,firms,VIIRS,VIIRS_NOAA21_NRT
-3.94457,119.96222,2025-04-12,531,N21,n,2.0NRT,5.02,D,0.4,0.37,,,,,,firms,VIIRS,VIIRS_NOAA21_NRT
-3.92408,120.00644,2025-04-12,531,N21,n,2.0NRT,2.77,D,0.4,0.37,,,,,,firms,VIIRS,VIIRS_NOAA21_NRT
-3.91098,119.62507,2025-04-12,531,N21,n,2.0NRT,3.47,D,0.39,0.36,,,,,,firms,VIIRS,VIIRS_NOAA21_NRT
-3.90574,120.03646,2025-04-12,531,N21,n,2.0NRT,5.12,D,0.4,0.37,,,,,,firms,VIIRS,VIIRS_NOAA21_NRT
-3.90565,119.83654,2025-04-12,531,N21,n,2.0NRT,3.88,D,0.4,0.37,,,,,,firms,VIIRS,VIIRS_NOAA21_NRT
-3.90471,120.06553,2025-04-12,531,N21,n,2.0NRT,4.01,D,0.4,0.37,,,,,,firms,VIIRS,VIIRS_NOAA21_NRT
-3.88676,120.04814,2025-04-12,531,N21,n,2.0NRT,4.92,D,0.4,0.37,,,,,,firms,VIIRS,VIIRS_NOAA21_NRT
-3.8834,120.04762,2025-04-12,531,N21,n,2.0NRT,4.92,D,0.4,0.37,,,,,,firms,VIIRS,VIIRS_NOAA21_NRT
-3.85767,119.81817,2025-04-12,531,N21,n,2.0NRT,1.29,D,0.4,0.37,,,,,,firms,VIIRS,VIIRS_NOAA21_NRT
-3.82004,120.01955,2025-04-12,531,N21,n,2.0NRT,2.98,D,0.4,0.37,,,,,,firms,VIIRS,VIIRS_NOAA21_NRT
-2.54058,121.01449,2025-04-12,533,N21,n,2.0NRT,3.66,D,0.44,0.38,,,,,,firms,VIIRS,VIIRS_NOAA21_NRT
-1.79885,111.5486,2025-04-12,533,N21,n,2.0NRT,5.2,D,0.5,0.49,,,,,,firms,VIIRS,VIIRS_NOAA21_NRT
-1.38002,123.29732,2025-04-12,533,N21,n,2.0NRT,5.35,D,0.41,0.45,,,,,,firms,VIIRS,VIIRS_NOAA21_NRT
-1.27282,122.85964,2025-04-12,533,N21,n,2.0NRT,6.75,D,0.38,0.43,,,,,,firms,VIIRS,VIIRS_NOAA21_NRT
-1.24533,116.81231,2025-04-12,533,N21,n,2.0NRT,1.5,D,0.4,0.37,,,,,,firms,VIIRS,VIIRS_NOAA21_NRT
-1.1435,113.54443,2025-04-12,533,N21,n,2.0NRT,3.57,D,0.55,0.43,,,,,,firms,VIIRS,VIIRS_NOAA21_NRT
0.35631,109.34438,2025-04-12,533,N21,n,2.0NRT,3.12,D,0.33,0.55,,,,,,firms,VIIRS,VIIRS_NOAA21_NRT
0.42544,108.99464,2025-04-12,533,N21,n,2.0NRT,5.18,D,0.35,0.57,,,,,,firms,VIIRS,VIIRS_NOAA21_NRT
0.68432,117.5593,2025-04-12,533,N21,n,2.0NRT,2.89,D,0.38,0.36,,,,,,firms,VIIRS,VIIRS_NOAA21_NRT
0.68709,117.55538,2025-04-12,533,N21,n,2.0NRT,2.89,D,0.38,0.36,,,,,,firms,VIIRS,VIIRS_NOAA21_NRT
0.78447,109.25741,2025-04-12,533,N21,n,2.0NRT,5.52,D,0.33,0.55,,,,,,firms,VIIRS,VIIRS_NOAA21_NRT
1.37788,104.15581,2025-04-12,533,N21,n,2.0NRT,9.26,D,0.74,0.76,,,,,,firms,VIIRS,VIIRS_NOAA21_NRT
2.94618,112.32575,2025-04-12,533,N21,n,2.0NRT,4.47,D,0.57,0.43,,,,,,firms,VIIRS,VIIRS_NOAA21_NRT
3.2583,113.09077,2025-04-12,533,N21,l,2.0NRT,7.47,D,0.51,0.41,,,,,,firms,VIIRS,VIIRS_NOAA21_NRT
3.25949,113.09199,2025-04-12,533,N21,n,2.0NRT,6.53,D,0.51,0.41,,,,,,firms,VIIRS,VIIRS_NOAA21_NRT
3.2888,113.08286,2025-04-12,533,N21,n,2.0NRT,2.98,D,0.51,0.41,,,,,,firms,VIIRS,VIIRS_NOAA21_NRT
3.29026,113.09199,2025-04-12,533,N21,n,2.0NRT,9.31,D,0.51,0.41,,,,,,firms,VIIRS,VIIRS_NOAA21_NRT
3.60457,112.41293,2025-04-12,533,N21,n,2.0NRT,3.27,D,0.55,0.43,,,,,,firms,VIIRS,VIIRS_NOAA21_NRT
4.74103,113.72646,2025-04-12,536,N21,n,2.0NRT,2.39,D,0.46,0.39,,,,,,firms,VIIRS,VIIRS_NOAA21_NRT
5.64554,105.04238,2025-04-12,536,N21,n,2.0NRT,6.25,D,0.54,0.68,,,,,,firms,VIIRS,VIIRS_NOAA21_NRT
-2.8259,106.41991,2025-04-12,714,N21,n,2.0NRT,5.88,D,0.74,0.76,,,,,,firms,VIIRS,VIIRS_NOAA21_NRT
-2.82582,106.42366,2025-04-12,714,N21,n,2.0NRT,8.12,D,0.74,0.76,,,,,,firms,VIIRS,VIIRS_NOAA21_NRT
-2.69978,106.08109,2025-04-12,714,N21,n,2.0NRT,9.61,D,0.7,0.75,,,,,,firms,VIIRS,VIIRS_NOAA21_NRT
-2.69877,106.0788,2025-04-12,714,N21,n,2.0NRT,8.09,D,0.7,0.75,,,,,,firms,VIIRS,VIIRS_NOAA21_NRT
-2.38049,105.91489,2025-04-12,714,N21,n,2.0NRT,7.59,D,0.69,0.75,,,,,,firms,VIIRS,VIIRS_NOAA21_NRT
-2.30444,105.9827,2025-04-12,714,N21,n,2.0NRT,11.79,D,0.7,0.75,,,,,,firms,VIIRS,VIIRS_NOAA21_NRT
-2.23147,105.86593,2025-04-12,714,N21,n,2.0NRT,11.29,D,0.69,0.74,,,,,,firms,VIIRS,VIIRS_NOAA21_NRT
-2.22939,105.86716,2025-04-12,714,N21,n,2.0NRT,8.99,D,0.69,0.75,,,,,,firms,VIIRS,VIIRS_NOAA21_NRT
-2.20329,105.95009,2025-04-12,714,N21,n,2.0NRT,10.14,D,0.7,0.75,,,,,,firms,VIIRS,VIIRS_NOAA21_NRT
-2.19975,105.96384,2025-04-12,714,N21,n,2.0NRT,11.9,D,0.71,0.75,,,,,,firms,VIIRS,VIIRS_NOAA21_NRT
-2.19436,105.96137,2025-04-12,714,N21,n,2.0NRT,15.64,D,0.7,0.75,,,,,,firms,VIIRS,VIIRS_NOAA21_NRT
-0.44355,104.53386,2025-04-12,714,N21,n,2.0NRT,4.11,D,0.6,0.71,,,,,,firms,VIIRS,VIIRS_NOAA21_NRT
-0.05167,99.81206,2025-04-12,716,N21,n,2.0NRT,5.89,D,0.57,0.52,,,,,,firms,VIIRS,VIIRS_NOAA21_NRT
1.54975,103.45918,2025-04-12,716,N21,n,2.0NRT,7.23,D,0.54,0.68,,,,,,firms,VIIRS,VIIRS_NOAA21_NRT
4.57323,103.46105,2025-04-12,716,N21,n,2.0NRT,7.35,D,0.6,0.71,,,,,,firms,VIIRS,VIIRS_NOAA21_NRT
4.57418,103.46029,2025-04-12,716,N21,n,2.0NRT,3.08,D,0.6,0.71,,,,,,firms,VIIRS,VIIRS_NOAA21_NRT
-2.86157,122.16142,2025-04-12,1635,N21,n,2.0NRT,2.88,N,0.43,0.62,,,,,,firms,VIIRS,VIIRS_NOAA21_NRT
-2.83166,122.17315,2025-04-12,1635,N21,n,2.0NRT,3.6,N,0.43,0.62,,,,,,firms,VIIRS,VIIRS_NOAA21_NRT
-2.83101,122.16917,2025-04-12,1635,N21,n,2.0NRT,3.6,N,0.43,0.62,,,,,,firms,VIIRS,VIIRS_NOAA21_NRT
-1.56537,127.42741,2025-04-12,1635,N21,n,2.0NRT,0.59,N,0.4,0.44,,,,,,firms,VIIRS,VIIRS_NOAA21_NRT
-1.56133,127.42802,2025-04-12,1635,N21,n,2.0NRT,0.9,N,0.4,0.44,,,,,,firms,VIIRS,VIIRS_NOAA21_NRT
-1.45839,127.43673,2025-04-12,1635,N21,n,2.0NRT,12.5,N,0.4,0.44,,,,,,firms,VIIRS,VIIRS_NOAA21_NRT
-1.38333,122.47797,2025-04-12,1635,N21,n,2.0NRT,2.49,N,0.43,0.62,,,,,,firms,VIIRS,VIIRS_NOAA21_NRT
2.77928,125.40166,2025-04-12,1635,N21,n,2.0NRT,1.48,N,0.63,0.54,,,,,,firms,VIIRS,VIIRS_NOAA21_NRT
-0.91114,117.1137,2025-04-12,1813,N21,n,2.0NRT,0.56,N,0.42,0.61,,,,,,firms,VIIRS,VIIRS_NOAA21_NRT
-0.85496,117.18584,2025-04-12,1813,N21,n,2.0NRT,0.75,N,0.43,0.62,,,,,,firms,VIIRS,VIIRS_NOAA21_NRT
0.57126,117.45441,2025-04-12,1813,N21,n,2.0NRT,0.5,N,0.42,0.61,,,,,,firms,VIIRS,VIIRS_NOAA21_NRT
0.6846,117.56049,2025-04-12,1813,N21,n,2.0NRT,1.35,N,0.43,0.62,,,,,,firms,VIIRS,VIIRS_NOAA21_NRT
0.68521,117.55664,2025-04-12,1813,N21,n,2.0NRT,1.45,N,0.43,0.62,,,,,,firms,VIIRS,VIIRS_NOAA21_NRT
3.23873,112.70922,2025-04-12,1813,N21,n,2.0NRT,4.72,N,0.55,0.43,,,,,,firms,VIIRS,VIIRS_NOAA21_NRT
3.35143,112.68395,2025-04-12,1813,N21,n,2.0NRT,3.47,N,0.55,0.42,,,,,,firms,VIIRS,VIIRS_NOAA21_NRT
3.60402,112.41167,2025-04-12,1813,N21,n,2.0NRT,6.1,N,0.52,0.42,,,,,,firms,VIIRS,VIIRS_NOAA21_NRT
3.62636,112.68001,2025-04-12,1813,N21,n,2.0NRT,0.98,N,0.54,0.42,,,,,,firms,VIIRS,VIIRS_NOAA21_NRT
4.02104,103.34338,2025-04-12,1813,N21,n,2.0NRT,1.62,N,0.39,0.44,,,,,,firms,VIIRS,VIIRS_NOAA21_NRT
4.50142,111.64726,2025-04-12,1813,N21,n,2.0NRT,1.77,N,0.46,0.39,,,,,,firms,VIIRS,VIIRS_NOAA21_NRT
4.50695,105.24748,2025-04-12,1813,N21,n,2.0NRT,2.52,N,0.47,0.4,,,,,,firms,VIIRS,VIIRS_NOAA21_NRT
4.51057,105.24802,2025-04-12,1813,N21,n,2.0NRT,2.52,N,0.47,0.4,,,,,,firms,VIIRS,VIIRS_NOAA21_NRT
4.54208,114.11954,2025-04-12,1813,N21,n,2.0NRT,1.09,N,0.43,0.46,,,,,,firms,VIIRS,VIIRS_NOAA21_NRT
4.55409,103.45613,2025-04-12,1813,N21,n,2.0NRT,2.14,N,0.39,0.44,,,,,,firms,VIIRS,VIIRS_NOAA21_NRT
4.61486,114.3422,2025-04-12,1813,N21,n,2.0NRT,6.73,N,0.44,0.46,,,,,,firms,VIIRS,VIIRS_NOAA21_NRT
4.61895,114.34161,2025-04-12,1813,N21,n,2.0NRT,4.91,N,0.44,0.46,,,,,,firms,VIIRS,VIIRS_NOAA21_NRT
4.65719,103.38039,2025-04-12,1813,N21,n,2.0NRT,1.77,N,0.4,0.44,,,,,,firms,VIIRS,VIIRS_NOAA21_NRT
4.97882,112.98305,2025-04-12,1813,N21,n,2.0NRT,10.77,N,0.54,0.42,,,,,,firms,VIIRS,VIIRS_NOAA21_NRT
5.01461,101.7866,2025-04-12,1813,N21,n,2.0NRT,1.29,N,0.52,0.5,,,,,,firms,VIIRS,VIIRS_NOAA21_NRT
5.37188,104.89685,2025-04-12,1813,N21,n,2.0NRT,2.6,N,0.5,0.41,,,,,,firms,VIIRS,VIIRS_NOAA21_NRT
5.41077,105.18871,2025-04-12,1813,N21,n,2.0NRT,0.65,N,0.48,0.4,,,,,,firms,VIIRS,VIIRS_NOAA21_NRT
5.5019,105.20663,2025-04-12,1813,N21,n,2.0NRT,0.62,N,0.48,0.4,,,,,,firms,VIIRS,VIIRS_NOAA21_NRT
5.51805,105.66877,2025-04-12,1813,N21,n,2.0NRT,0.82,N,0.46,0.39,,,,,,firms,VIIRS,VIIRS_NOAA21_NRT
5.58569,104.4742,2025-04-12,1813,N21,n,2.0NRT,0.95,N,0.53,0.42,,,,,,firms,VIIRS,VIIRS_NOAA21_NRT
5.643,105.04322,2025-04-12,1813,N21,n,2.0NRT,0.68,N,0.49,0.41,,,,,,firms,VIIRS,VIIRS_NOAA21_NRT
5.87352,114.29632,2025-04-12,1813,N21,n,2.0NRT,5.47,N,0.42,0.45,,,,,,firms,VIIRS,VIIRS_NOAA21_NRT
-8.11326,112.92661,2025-04-12,1815,N21,n,2.0NRT,6.89,N,0.55,0.51,,,,,,firms,VIIRS,VIIRS_NOAA21_NRT
-7.24204,109.21522,2025-04-12,1815,N21,n,2.0NRT,1.67,N,0.47,0.4,,,,,,firms,VIIRS,VIIRS_NOAA21_NRT
-7.23945,111.73429,2025-04-12,1815,N21,n,2.0NRT,1.79,N,0.45,0.47,,,,,,firms,VIIRS,VIIRS_NOAA21_NRT
-6.54756,108.09644,2025-04-12,1815,N21,n,2.0NRT,0.98,N,0.42,0.38,,,,,,firms,VIIRS,VIIRS_NOAA21_NRT
-6.54698,108.09267,2025-04-12,1815,N21,n,2.0NRT,0.97,N,0.42,0.38,,,,,,firms,VIIRS,VIIRS_NOAA21_NRT
-6.09991,106.67299,2025-04-12,1815,N21,n,2.0NRT,0.87,N,0.39,0.36,,,,,,firms,VIIRS,VIIRS_NOAA21_NRT
-5.37293,106.56705,2025-04-12,1815,N21,n,2.0NRT,2.66,N,0.38,0.36,,,,,,firms,VIIRS,VIIRS_NOAA21_NRT
-2.55769,104.76904,2025-04-12,1815,N21,n,2.0NRT,1.04,N,0.42,0.38,,,,,,firms,VIIRS,VIIRS_NOAA21_NRT
-2.20029,115.57455,2025-04-12,1815,N21,n,2.0NRT,0.94,N,0.34,0.56,,,,,,firms,VIIRS,VIIRS_NOAA21_NRT
-2.19984,115.5715,2025-04-12,1815,N21,n,2.0NRT,0.94,N,0.34,0.56,,,,,,firms,VIIRS,VIIRS_NOAA21_NRT
-2.17316,115.56893,2025-04-12,1815,N21,n,2.0NRT,1.92,N,0.34,0.56,,,,,,firms,VIIRS,VIIRS_NOAA21_NRT
-2.17065,115.56889,2025-04-12,1815,N21,n,2.0NRT,2.67,N,0.34,0.56,,,,,,firms,VIIRS,VIIRS_NOAA21_NRT
-2.06358,115.57194,2025-04-12,1815,N21,n,2.0NRT,1.34,N,0.34,0.56,,,,,,firms,VIIRS,VIIRS_NOAA21_NRT
-2.06056,115.5709,2025-04-12,1815,N21,n,2.0NRT,2.21,N,0.34,0.56,,,,,,firms,VIIRS,VIIRS_NOAA21_NRT
-1.94126,115.85766,2025-04-12,1815,N21,n,2.0NRT,1.42,N,0.36,0.57,,,,,,firms,VIIRS,VIIRS_NOAA21_NRT
-1.89384,115.86222,2025-04-12,1815,N21,h,2.0NRT,9.88,N,0.36,0.57,,,,,,firms,VIIRS,VIIRS_NOAA21_NRT
-1.89336,115.85901,2025-04-12,1815,N21,n,2.0NRT,5.5,N,0.36,0.57,,,,,,firms,VIIRS,VIIRS_NOAA21_NRT
-1.8933,115.86198,2025-04-12,1815,N21,h,2.0NRT,10.02,N,0.36,0.57,,,,,,firms,VIIRS,VIIRS_NOAA21_NRT
-1.89281,115.85878,2025-04-12,1815,N21,n,2.0NRT,5.37,N,0.36,0.57,,,,,,firms,VIIRS,VIIRS_NOAA21_NRT
-1.57563,103.68613,2025-04-12,1815,N21,n,2.0NRT,1.46,N,0.48,0.4,,,,,,firms,VIIRS,VIIRS_NOAA21_NRT
-1.17469,103.35758,2025-04-12,1815,N21,n,2.0NRT,1.05,N,0.5,0.41,,,,,,firms,VIIRS,VIIRS_NOAA21_NRT
0.53639,101.60349,2025-04-12,1815,N21,n,2.0NRT,0.61,N,0.45,0.47,,,,,,firms,VIIRS,VIIRS_NOAA21_NRT
-8.12662,140.74881,2025-04-13,332,N21,n,2.0NRT,2.71,D,0.36,0.58,,,,,,firms,VIIRS,VIIRS_NOAA21_NRT
-9.2941,119.92031,2025-04-13,512,N21,n,2.0NRT,12.52,D,0.56,0.43,,,,,,firms,VIIRS,VIIRS_NOAA21_NRT
-9.29339,119.92548,2025-04-13,512,N21,n,2.0NRT,9.54,D,0.56,0.43,,,,,,firms,VIIRS,VIIRS_NOAA21_NRT
-9.09734,125.96441,2025-04-13,512,N21,n,2.0NRT,5.95,D,0.4,0.37,,,,,,firms,VIIRS,VIIRS_NOAA21_NRT
-4.78827,123.19949,2025-04-13,514,N21,n,2.0NRT,2.71,D,0.39,0.36,,,,,,firms,VIIRS,VIIRS_NOAA21_NRT
-3.90342,122.41829,2025-04-13,514,N21,n,2.0NRT,5.26,D,0.39,0.36,,,,,,firms,VIIRS,VIIRS_NOAA21_NRT
-3.87227,122.39931,2025-04-13,514,N21,n,2.0NRT,5.66,D,0.39,0.36,,,,,,firms,VIIRS,VIIRS_NOAA21_NRT
-3.87174,122.40281,2025-04-13,514,N21,n,2.0NRT,5.66,D,0.39,0.36,,,,,,firms,VIIRS,VIIRS_NOAA21_NRT
-3.87121,122.4063,2025-04-13,514,N21,n,2.0NRT,3.9,D,0.39,0.36,,,,,,firms,VIIRS,VIIRS_NOAA21_NRT
-3.87068,122.40982,2025-04-13,514,N21,n,2.0NRT,3.9,D,0.39,0.36,,,,,,firms,VIIRS,VIIRS_NOAA21_NRT
-3.86947,122.39531,2025-04-13,514,N21,n,2.0NRT,6.54,D,0.39,0.36,,,,,,firms,VIIRS,VIIRS_NOAA21_NRT
-2.83421,122.16022,2025-04-13,514,N21,n,2.0NRT,5.14,D,0.39,0.36,,,,,,firms,VIIRS,VIIRS_NOAA21_NRT
-2.82982,122.1667,2025-04-13,514,N21,n,2.0NRT,3.41,D,0.39,0.36,,,,,,firms,VIIRS,VIIRS_NOAA21_NRT
-2.82876,122.17371,2025-04-13,514,N21,n,2.0NRT,11.13,D,0.39,0.36,,,,,,firms,VIIRS,VIIRS_NOAA21_NRT
-2.82597,122.16971,2025-04-13,514,N21,n,2.0NRT,3.41,D,0.39,0.36,,,,,,firms,VIIRS,VIIRS_NOAA21_NRT
-2.67368,118.89129,2025-04-13,514,N21,l,2.0NRT,7.08,D,0.53,0.42,,,,,,firms,VIIRS,VIIRS_NOAA21_NRT
-2.26914,121.7633,2025-04-13,514,N21,l,2.0NRT,6.95,D,0.4,0.37,,,,,,firms,VIIRS,VIIRS_NOAA21_NRT
-2.01075,121.42068,2025-04-13,514,N21,l,2.0NRT,7.44,D,0.4,0.37,,,,,,firms,VIIRS,VIIRS_NOAA21_NRT
-2.00912,121.43147,2025-04-13,514,N21,l,2.0NRT,4.75,D,0.4,0.37,,,,,,firms,VIIRS,VIIRS_NOAA21_NRT
-2.00737,121.4202,2025-04-13,514,N21,l,2.0NRT,7.44,D,0.4,0.37,,,,,,firms,VIIRS,VIIRS_NOAA21_NRT
-2.00575,121.43101,2025-04-13,514,N21,l,2.0NRT,4.75,D,0.4,0.37,,,,,,firms,VIIRS,VIIRS_NOAA21_NRT
-2.00391,121.43092,2025-04-13,514,N21,n,2.0NRT,8.66,D,0.4,0.37,,,,,,firms,VIIRS,VIIRS_NOAA21_NRT
-2.00053,121.43044,2025-04-13,514,N21,n,2.0NRT,8.66,D,0.4,0.37,,,,,,firms,VIIRS,VIIRS_NOAA21_NRT
-1.35635,131.129,2025-04-13,514,N21,h,2.0NRT,12.29,D,0.33,0.55,,,,,,firms,VIIRS,VIIRS_NOAA21_NRT
2.81907,112.33275,2025-04-13,516,N21,n,2.0NRT,7.32,D,0.4,0.6,,,,,,firms,VIIRS,VIIRS_NOAA21_NRT
3.22703,113.53776,2025-04-13,516,N21,n,2.0NRT,4.41,D,0.33,0.55,,,,,,firms,VIIRS,VIIRS_NOAA21_NRT
4.06105,117.21417,2025-04-13,516,N21,l,2.0NRT,9.21,D,0.54,0.42,,,,,,firms,VIIRS,VIIRS_NOAA21_NRT
4.25483,114.3055,2025-04-13,516,N21,n,2.0NRT,8.95,D,0.56,0.51,,,,,,firms,VIIRS,VIIRS_NOAA21_NRT
4.25722,114.30726,2025-04-13,516,N21,n,2.0NRT,7.88,D,0.56,0.51,,,,,,firms,VIIRS,VIIRS_NOAA21_NRT
4.29791,117.89185,2025-04-13,516,N21,l,2.0NRT,6.56,D,0.49,0.41,,,,,,firms,VIIRS,VIIRS_NOAA21_NRT
4.70018,113.94333,2025-04-13,516,N21,n,2.0NRT,7.71,D,0.58,0.52,,,,,,firms,VIIRS,VIIRS_NOAA21_NRT
5.21122,114.74258,2025-04-13,516,N21,n,2.0NRT,3.0,D,0.5,0.49,,,,,,firms,VIIRS,VIIRS_NOAA21_NRT
5.21261,114.74154,2025-04-13,516,N21,n,2.0NRT,2.89,D,0.5,0.49,,,,,,firms,VIIRS,VIIRS_NOAA21_NRT
5.42755,114.71061,2025-04-13,516,N21,n,2.0NRT,3.69,D,0.5,0.49,,,,,,firms,VIIRS,VIIRS_NOAA21_NRT
5.62088,114.89092,2025-04-13,516,N21,n,2.0NRT,4.58,D,0.48,0.48,,,,,,firms,VIIRS,VIIRS_NOAA21_NRT
-3.42976,104.39729,2025-04-13,657,N21,n,2.0NRT,9.18,D,0.49,0.49,,,,,,firms,VIIRS,VIIRS_NOAA21_NRT
-2.77315,106.15194,2025-04-13,657,N21,n,2.0NRT,1.94,D,0.33,0.55,,,,,,firms,VIIRS,VIIRS_NOAA21_NRT
-2.7087,106.07588,2025-04-13,657,N21,n,2.0NRT,2.11,D,0.33,0.55,,,,,,firms,VIIRS,VIIRS_NOAA21_NRT
-2.06089,102.8608,2025-04-13,657,N21,n,2.0NRT,6.07,D,0.41,0.45,,,,,,firms,VIIRS,VIIRS_NOAA21_NRT
1.714,99.81786,2025-04-13,657,N21,n,2.0NRT,5.15,D,0.46,0.39,,,,,,firms,VIIRS,VIIRS_NOAA21_NRT
1.71462,99.82194,2025-04-13,657,N21,n,2.0NRT,5.15,D,0.46,0.39,,,,,,firms,VIIRS,VIIRS_NOAA21_NRT
2.94527,98.12157,2025-04-13,659,N21,n,2.0NRT,5.25,D,0.41,0.37,,,,,,firms,VIIRS,VIIRS_NOAA21_NRT
3.8468,98.42827,2025-04-13,659,N21,n,2.0NRT,5.45,D,0.42,0.38,,,,,,firms,VIIRS,VIIRS_NOAA21_NRT
3.85368,96.64129,2025-04-13,659,N21,n,2.0NRT,4.75,D,0.38,0.36,,,,,,firms,VIIRS,VIIRS_NOAA21_NRT
4.41078,97.71873,2025-04-13,659,N21,n,2.0NRT,6.2,D,0.4,0.37,,,,,,firms,VIIRS,VIIRS_NOAA21_NRT
5.42847,100.57437,2025-04-13,659,N21,l,2.0NRT,7.45,D,0.56,0.43,,,,,,firms,VIIRS,VIIRS_NOAA21_NRT
5.58644,104.47546,2025-04-13,659,N21,n,2.0NRT,1.8,D,0.34,0.56,,,,,,firms,VIIRS,VIIRS_NOAA21_NRT
5.64567,100.74299,2025-04-13,659,N21,n,2.0NRT,2.91,D,0.38,0.44,,,,,,firms,VIIRS,VIIRS_NOAA21_NRT
5.8623,101.148,2025-04-13,659,N21,n,2.0NRT,4.91,D,0.41,0.45,,,,,,firms,VIIRS,VIIRS_NOAA21_NRT
5.86285,101.14835,2025-04-13,659,N21,n,2.0NRT,5.42,D,0.41,0.45,,,,,,firms,VIIRS,VIIRS_NOAA21_NRT
0.48135,127.99846,2025-04-13,1613,N21,n,2.0NRT,4.08,N,0.41,0.61,,,,,,firms,VIIRS,VIIRS_NOAA21_NRT
0.48249,127.99103,2025-04-13,1613,N21,n,2.0NRT,4.31,N,0.41,0.61,,,,,,firms,VIIRS,VIIRS_NOAA21_NRT
0.48911,127.98497,2025-04-13,1613,N21,n,2.0NRT,3.45,N,0.41,0.61,,,,,,firms,VIIRS,VIIRS_NOAA21_NRT
1.49515,127.63017,2025-04-13,1613,N21,n,2.0NRT,5.38,N,0.45,0.63,,,,,,firms,VIIRS,VIIRS_NOAA21_NRT
1.49564,127.63143,2025-04-13,1613,N21,n,2.0NRT,2.83,N,0.45,0.63,,,,,,firms,VIIRS,VIIRS_NOAA21_NRT
1.49658,127.62518,2025-04-13,1613,N21,n,2.0NRT,2.83,N,0.46,0.63,,,,,,firms,VIIRS,VIIRS_NOAA21_NRT
-1.81664,136.75233,2025-04-13,1616,N21,n,2.0NRT,0.78,N,0.39,0.36,,,,,,firms,VIIRS,VIIRS_NOAA21_NRT
-1.8161,136.7489,2025-04-13,1616,N21,n,2.0NRT,0.78,N,0.39,0.36,,,,,,firms,VIIRS,VIIRS_NOAA21_NRT
-1.56483,127.42559,2025-04-13,1616,N21,n,2.0NRT,2.03,N,0.42,0.61,,,,,,firms,VIIRS,VIIRS_NOAA21_NRT
-1.55922,127.42636,2025-04-13,1616,N21,n,2.0NRT,2.26,N,0.42,0.61,,,,,,firms,VIIRS,VIIRS_NOAA21_NRT
-1.45923,127.43621,2025-04-13,1616,N21,n,2.0NRT,8.21,N,0.42,0.61,,,,,,firms,VIIRS,VIIRS_NOAA21_NRT
-1.45357,127.43668,2025-04-13,1616,N21,n,2.0NRT,1.48,N,0.42,0.61,,,,,,firms,VIIRS,VIIRS_NOAA21_NRT
-8.27165,123.50237,2025-04-13,1618,N21,n,2.0NRT,4.67,N,0.6,0.71,,,,,,firms,VIIRS,VIIRS_NOAA21_NRT
4.74054,113.72797,2025-04-13,1754,N21,n,2.0NRT,2.41,N,0.39,0.36,,,,,,firms,VIIRS,VIIRS_NOAA21_NRT
5.87647,114.29489,2025-04-13,1754,N21,n,2.0NRT,7.24,N,0.39,0.36,,,,,,firms,VIIRS,VIIRS_NOAA21_NRT
-2.8769,122.16335,2025-04-13,1756,N21,n,2.0NRT,1.54,N,0.47,0.64,,,,,,firms,VIIRS,VIIRS_NOAA21_NRT
-2.87624,122.15891,2025-04-13,1756,N21,n,2.0NRT,1.54,N,0.47,0.64,,,,,,firms,VIIRS,VIIRS_NOAA21_NRT
-2.86326,122.15221,2025-04-13,1756,N21,n,2.0NRT,2.15,N,0.47,0.64,,,,,,firms,VIIRS,VIIRS_NOAA21_NRT
-2.83745,122.13966,2025-04-13,1756,N21,n,2.0NRT,2.1,N,0.47,0.64,,,,,,firms,VIIRS,VIIRS_NOAA21_NRT
-2.57992,121.38193,2025-04-13,1756,N21,n,2.0NRT,3.22,N,0.41,0.61,,,,,,firms,VIIRS,VIIRS_NOAA21_NRT
-2.57632,121.39186,2025-04-13,1756,N21,n,2.0NRT,3.07,N,0.41,0.61,,,,,,firms,VIIRS,VIIRS_NOAA21_NRT
-2.57571,121.38777,2025-04-13,1756,N21,n,2.0NRT,3.54,N,0.41,0.61,,,,,,firms,VIIRS,VIIRS_NOAA21_NRT
-2.57547,121.39046,2025-04-13,1756,N21,n,2.0NRT,1.6,N,0.41,0.61,,,,,,firms,VIIRS,VIIRS_NOAA21_NRT
-2.57511,121.38386,2025-04-13,1756,N21,n,2.0NRT,3.54,N,0.41,0.61,,,,,,firms,VIIRS,VIIRS_NOAA21_NRT
-2.57489,121.38645,2025-04-13,1756,N21,n,2.0NRT,1.6,N,0.41,0.61,,,,,,firms,VIIRS,VIIRS_NOAA21_NRT
-2.57453,121.37997,2025-04-13,1756,N21,n,2.0NRT,4.87,N,0.41,0.61,,,,,,firms,VIIRS,VIIRS_NOAA21_NRT
-2.57433,121.38255,2025-04-13,1756,N21,n,2.0NRT,3.22,N,0.41,0.61,,,,,,firms,VIIRS,VIIRS_NOAA21_NRT
-1.38498,122.48035,2025-04-13,1756,N21,n,2.0NRT,2.32,N,0.47,0.64,,,,,,firms,VIIRS,VIIRS_NOAA21_NRT
-1.37913,122.48132,2025-04-13,1756,N21,n,2.0NRT,2.32,N,0.47,0.64,,,,,,firms,VIIRS,VIIRS_NOAA21_NRT
-1.19913,114.73465,2025-04-13,1756,N21,n,2.0NRT,1.99,N,0.45,0.39,,,,,,firms,VIIRS,VIIRS_NOAA21_NRT
-1.19559,114.73518,2025-04-13,1756,N21,n,2.0NRT,1.97,N,0.45,0.39,,,,,,firms,VIIRS,VIIRS_NOAA21_NRT
0.89455,124.08286,2025-04-13,1756,N21,n,2.0NRT,1.03,N,0.56,0.69,,,,,,firms,VIIRS,VIIRS_NOAA21_NRT
-10.09432,120.71085,2025-04-13,1758,N21,n,2.0NRT,1.16,N,0.48,0.64,,,,,,firms,VIIRS,VIIRS_NOAA21_NRT
-10.09008,120.71055,2025-04-13,1758,N21,n,2.0NRT,0.9,N,0.48,0.64,,,,,,firms,VIIRS,VIIRS_NOAA21_NRT
-8.92566,116.76118,2025-04-13,1758,N21,n,2.0NRT,0.97,N,0.49,0.49,,,,,,firms,VIIRS,VIIRS_NOAA21_NRT
-8.53739,122.77158,2025-04-13,1758,N21,n,2.0NRT,1.72,N,0.63,0.72,,,,,,firms,VIIRS,VIIRS_NOAA21_NRT
-8.11563,112.92645,2025-04-13,1758,N21,n,2.0NRT,3.8,N,0.43,0.38,,,,,,firms,VIIRS,VIIRS_NOAA21_NRT
-8.11207,112.92648,2025-04-13,1758,N21,n,2.0NRT,6.82,N,0.43,0.38,,,,,,firms,VIIRS,VIIRS_NOAA21_NRT
-8.11145,112.92237,2025-04-13,1758,N21,n,2.0NRT,6.82,N,0.43,0.38,,,,,,firms,VIIRS,VIIRS_NOAA21_NRT
-7.94288,112.95141,2025-04-13,1758,N21,n,2.0NRT,1.74,N,0.43,0.38,,,,,,firms,VIIRS,VIIRS_NOAA21_NRT
-7.5466,110.44326,2025-04-13,1758,N21,n,2.0NRT,3.86,N,0.38,0.36,,,,,,firms,VIIRS,VIIRS_NOAA21_NRT
-7.54606,110.43979,2025-04-13,1758,N21,n,2.0NRT,3.86,N,0.38,0.36,,,,,,firms,VIIRS,VIIRS_NOAA21_NRT
-7.54498,110.43283,2025-04-13,1758,N21,n,2.0NRT,1.14,N,0.38,0.36,,,,,,firms,VIIRS,VIIRS_NOAA21_NRT
-7.5433,110.44379,2025-04-13,1758,N21,n,2.0NRT,3.86,N,0.38,0.36,,,,,,firms,VIIRS,VIIRS_NOAA21_NRT
-7.54276,110.44032,2025-04-13,1758,N21,n,2.0NRT,3.86,N,0.38,0.36,,,,,,firms,VIIRS,VIIRS_NOAA21_NRT
-7.24035,111.73364,2025-04-13,1758,N21,n,2.0NRT,1.73,N,0.39,0.36,,,,,,firms,VIIRS,VIIRS_NOAA21_NRT
-5.21234,119.56886,2025-04-14,453,N21,n,2.0NRT,2.45,D,0.36,0.57,,,,,,firms,VIIRS,VIIRS_NOAA21_NRT
-3.51822,126.18247,2025-04-14,453,N21,n,2.0NRT,2.64,D,0.41,0.37,,,,,,firms,VIIRS,VIIRS_NOAA21_NRT
-8.27422,123.50576,2025-04-14,455,N21,n,2.0NRT,14.26,D,0.43,0.46,,,,,,firms,VIIRS,VIIRS_NOAA21_NRT
-3.90281,122.41886,2025-04-14,455,N21,n,2.0NRT,10.18,D,0.44,0.46,,,,,,firms,VIIRS,VIIRS_NOAA21_NRT
-3.87189,122.39446,2025-04-14,455,N21,n,2.0NRT,4.94,D,0.44,0.46,,,,,,firms,VIIRS,VIIRS_NOAA21_NRT
-3.87131,122.3984,2025-04-14,455,N21,n,2.0NRT,4.94,D,0.44,0.46,,,,,,firms,VIIRS,VIIRS_NOAA21_NRT
-3.87073,122.40232,2025-04-14,455,N21,n,2.0NRT,7.68,D,0.44,0.46,,,,,,firms,VIIRS,VIIRS_NOAA21_NRT
-3.87016,122.40623,2025-04-14,455,N21,n,2.0NRT,7.68,D,0.44,0.46,,,,,,firms,VIIRS,VIIRS_NOAA21_NRT
-3.86958,122.41016,2025-04-14,455,N21,n,2.0NRT,6.03,D,0.44,0.46,,,,,,firms,VIIRS,VIIRS_NOAA21_NRT
-2.87978,122.16655,2025-04-14,455,N21,n,2.0NRT,5.09,D,0.44,0.46,,,,,,firms,VIIRS,VIIRS_NOAA21_NRT
-2.87977,122.16613,2025-04-14,455,N21,n,2.0NRT,4.02,D,0.44,0.46,,,,,,firms,VIIRS,VIIRS_NOAA21_NRT
-2.57622,121.38056,2025-04-14,455,N21,n,2.0NRT,23.06,D,0.49,0.49,,,,,,firms,VIIRS,VIIRS_NOAA21_NRT
-2.57556,121.38483,2025-04-14,455,N21,n,2.0NRT,40.44,D,0.49,0.49,,,,,,firms,VIIRS,VIIRS_NOAA21_NRT
-2.57492,121.38265,2025-04-14,455,N21,n,2.0NRT,54.05,D,0.49,0.49,,,,,,firms,VIIRS,VIIRS_NOAA21_NRT
-2.26957,121.76438,2025-04-14,455,N21,n,2.0NRT,4.93,D,0.46,0.47,,,,,,firms,VIIRS,VIIRS_NOAA21_NRT
-1.80122,121.70772,2025-04-14,455,N21,n,2.0NRT,4.73,D,0.46,0.47,,,,,,firms,VIIRS,VIIRS_NOAA21_NRT
-0.86447,133.27121,2025-04-14,455,N21,n,2.0NRT,3.09,D,0.44,0.46,,,,,,firms,VIIRS,VIIRS_NOAA21_NRT
-0.85223,133.23796,2025-04-14,455,N21,n,2.0NRT,4.84,D,0.44,0.46,,,,,,firms,VIIRS,VIIRS_NOAA21_NRT
-0.85164,133.27023,2025-04-14,455,N21,n,2.0NRT,3.76,D,0.44,0.46,,,,,,firms,VIIRS,VIIRS_NOAA21_NRT
-0.84191,133.13695,2025-04-14,455,N21,n,2.0NRT,3.74,D,0.43,0.46,,,,,,firms,VIIRS,VIIRS_NOAA21_NRT
-0.83046,132.99104,2025-04-14,455,N21,n,2.0NRT,6.74,D,0.42,0.46,,,,,,firms,VIIRS,VIIRS_NOAA21_NRT
0.4652,122.00442,2025-04-14,455,N21,n,2.0NRT,4.44,D,0.4,0.45,,,,,,firms,VIIRS,VIIRS_NOAA21_NRT
5.95363,125.62864,2025-04-14,457,N21,n,2.0NRT,8.9,D,0.38,0.36,,,,,,firms,VIIRS,VIIRS_NOAA21_NRT
-3.80801,103.81749,2025-04-14,635,N21,n,2.0NRT,7.64,D,0.39,0.36,,,,,,firms,VIIRS,VIIRS_NOAA21_NRT
-3.80747,103.82098,2025-04-14,635,N21,n,2.0NRT,7.64,D,0.39,0.36,,,,,,firms,VIIRS,VIIRS_NOAA21_NRT
-3.79415,103.81895,2025-04-14,635,N21,n,2.0NRT,3.19,D,0.39,0.36,,,,,,firms,VIIRS,VIIRS_NOAA21_NRT
-3.72511,103.71442,2025-04-14,635,N21,n,2.0NRT,2.8,D,0.39,0.36,,,,,,firms,VIIRS,VIIRS_NOAA21_NRT
-2.86971,106.27319,2025-04-14,635,N21,n,2.0NRT,4.19,D,0.5,0.41,,,,,,firms,VIIRS,VIIRS_NOAA21_NRT
-2.86883,101.59157,2025-04-14,635,N21,n,2.0NRT,9.03,D,0.39,0.36,,,,,,firms,VIIRS,VIIRS_NOAA21_NRT
-2.8683,101.59506,2025-04-14,635,N21,n,2.0NRT,9.03,D,0.39,0.36,,,,,,firms,VIIRS,VIIRS_NOAA21_NRT
-2.17608,101.00444,2025-04-14,635,N21,n,2.0NRT,4.91,D,0.4,0.37,,,,,,firms,VIIRS,VIIRS_NOAA21_NRT
-0.30084,112.14571,2025-04-14,635,N21,n,2.0NRT,10.75,D,0.44,0.63,,,,,,firms,VIIRS,VIIRS_NOAA21_NRT
0.56323,101.44201,2025-04-14,637,N21,l,2.0NRT,4.27,D,0.39,0.36,,,,,,firms,VIIRS,VIIRS_NOAA21_NRT
2.26633,102.12672,2025-04-14,637,N21,n,2.0NRT,3.69,D,0.39,0.36,,,,,,firms,VIIRS,VIIRS_NOAA21_NRT
2.4216,102.20895,2025-04-14,637,N21,n,2.0NRT,4.01,D,0.39,0.36,,,,,,firms,VIIRS,VIIRS_NOAA21_NRT
2.42491,102.20845,2025-04-14,637,N21,n,2.0NRT,5.02,D,0.39,0.36,,,,,,firms,VIIRS,VIIRS_NOAA21_NRT
2.73895,102.39527,2025-04-14,637,N21,n,2.0NRT,5.27,D,0.39,0.36,,,,,,firms,VIIRS,VIIRS_NOAA21_NRT
3.27638,113.06398,2025-04-14,637,N21,n,2.0NRT,14.83,D,0.59,0.7,,,,,,firms,VIIRS,VIIRS_NOAA21_NRT
3.27707,113.06891,2025-04-14,637,N21,n,2.0NRT,18.51,D,0.59,0.7,,,,,,firms,VIIRS,VIIRS_NOAA21_NRT
3.2839,113.08675,2025-04-14,637,N21,n,2.0NRT,11.12,D,0.59,0.7,,,,,,firms,VIIRS,VIIRS_NOAA21_NRT
3.28568,113.08383,2025-04-14,637,N21,n,2.0NRT,11.27,D,0.59,0.7,,,,,,firms,VIIRS,VIIRS_NOAA21_NRT
3.2864,113.08899,2025-04-14,637,N21,n,2.0NRT,8.99,D,0.59,0.7,,,,,,firms,VIIRS,VIIRS_NOAA21_NRT
3.60465,112.41109,2025-04-14,637,N21,n,2.0NRT,6.75,D,0.53,0.67,,,,,,firms,VIIRS,VIIRS_NOAA21_NRT
3.60487,112.41262,2025-04-14,637,N21,n,2.0NRT,5.91,D,0.53,0.67,,,,,,firms,VIIRS,VIIRS_NOAA21_NRT
4.87639,100.70342,2025-04-14,637,N21,n,2.0NRT,6.26,D,0.38,0.36,,,,,,firms,VIIRS,VIIRS_NOAA21_NRT
4.97818,112.98643,2025-04-14,637,N21,n,2.0NRT,11.52,D,0.61,0.71,,,,,,firms,VIIRS,VIIRS_NOAA21_NRT
4.98322,103.31702,2025-04-14,637,N21,n,2.0NRT,8.63,D,0.43,0.38,,,,,,firms,VIIRS,VIIRS_NOAA21_NRT
5.52179,100.60856,2025-04-14,637,N21,l,2.0NRT,5.01,D,0.38,0.36,,,,,,firms,VIIRS,VIIRS_NOAA21_NRT
5.87103,102.10651,2025-04-14,637,N21,n,2.0NRT,4.33,D,0.4,0.37,,,,,,firms,VIIRS,VIIRS_NOAA21_NRT
5.99395,101.16134,2025-04-14,637,N21,n,2.0NRT,5.54,D,0.39,0.36,,,,,,firms,VIIRS,VIIRS_NOAA21_NRT
-1.81791,136.75128,2025-04-14,1556,N21,n,2.0NRT,6.39,N,0.41,0.45,,,,,,firms,VIIRS,VIIRS_NOAA21_NRT
0.67676,117.56425,2025-04-14,1737,N21,n,2.0NRT,0.66,N,0.39,0.36,,,,,,firms,VIIRS,VIIRS_NOAA21_NRT
0.6839,117.56183,2025-04-14,1737,N21,n,2.0NRT,3.11,N,0.39,0.36,,,,,,firms,VIIRS,VIIRS_NOAA21_NRT
0.68828,117.55545,2025-04-14,1737,N21,n,2.0NRT,1.11,N,0.39,0.36,,,,,,firms,VIIRS,VIIRS_NOAA21_NRT
4.6861,114.15599,2025-04-14,1737,N21,n,2.0NRT,3.71,N,0.51,0.41,,,,,,firms,VIIRS,VIIRS_NOAA21_NRT
4.69883,113.94167,2025-04-14,1737,N21,n,2.0NRT,5.59,N,0.52,0.42,,,,,,firms,VIIRS,VIIRS_NOAA21_NRT
4.97789,112.9827,2025-04-14,1737,N21,n,2.0NRT,1.61,N,0.4,0.44,,,,,,firms,VIIRS,VIIRS_NOAA21_NRT
4.97843,112.97912,2025-04-14,1737,N21,n,2.0NRT,1.59,N,0.4,0.44,,,,,,firms,VIIRS,VIIRS_NOAA21_NRT
-8.2751,123.51583,2025-04-14,1739,N21,n,2.0NRT,5.46,N,0.33,0.55,,,,,,firms,VIIRS,VIIRS_NOAA21_NRT
-8.27447,123.51885,2025-04-14,1739,N21,n,2.0NRT,4.5,N,0.33,0.55,,,,,,firms,VIIRS,VIIRS_NOAA21_NRT
-8.27436,123.51049,2025-04-14,1739,N21,h,2.0NRT,5.1,N,0.33,0.55,,,,,,firms,VIIRS,VIIRS_NOAA21_NRT
-8.27381,123.50652,2025-04-14,1739,N21,n,2.0NRT,5.1,N,0.33,0.55,,,,,,firms,VIIRS,VIIRS_NOAA21_NRT
-8.27367,123.5126,2025-04-14,1739,N21,h,2.0NRT,4.5,N,0.33,0.55,,,,,,firms,VIIRS,VIIRS_NOAA21_NRT
-8.2731,123.50814,2025-04-14,1739,N21,n,2.0NRT,5.96,N,0.33,0.55,,,,,,firms,VIIRS,VIIRS_NOAA21_NRT
-3.87063,122.41026,2025-04-14,1739,N21,n,2.0NRT,2.96,N,0.48,0.48,,,,,,firms,VIIRS,VIIRS_NOAA21_NRT
-3.87,122.40601,2025-04-14,1739,N21,n,2.0NRT,1.75,N,0.48,0.48,,,,,,firms,VIIRS,VIIRS_NOAA21_NRT
-2.88106,122.15683,2025-04-14,1739,N21,n,2.0NRT,2.18,N,0.44,0.46,,,,,,firms,VIIRS,VIIRS_NOAA21_NRT
-2.5803,121.3845,2025-04-14,1739,N21,n,2.0NRT,20.92,N,0.39,0.44,,,,,,firms,VIIRS,VIIRS_NOAA21_NRT
-2.57976,121.38087,2025-04-14,1739,N21,n,2.0NRT,21.02,N,0.39,0.44,,,,,,firms,VIIRS,VIIRS_NOAA21_NRT
-2.57736,121.39231,2025-04-14,1739,N21,n,2.0NRT,0.57,N,0.39,0.44,,,,,,firms,VIIRS,VIIRS_NOAA21_NRT
-2.57681,121.38862,2025-04-14,1739,N21,n,2.0NRT,20.92,N,0.39,0.44,,,,,,firms,VIIRS,VIIRS_NOAA21_NRT
-2.57628,121.385,2025-04-14,1739,N21,n,2.0NRT,20.92,N,0.39,0.44,,,,,,firms,VIIRS,VIIRS_NOAA21_NRT
-2.57575,121.38141,2025-04-14,1739,N21,h,2.0NRT,21.02,N,0.39,0.44,,,,,,firms,VIIRS,VIIRS_NOAA21_NRT
-2.57521,121.37783,2025-04-14,1739,N21,n,2.0NRT,21.02,N,0.39,0.44,,,,,,firms,VIIRS,VIIRS_NOAA21_NRT
-2.5712,121.3784,2025-04-14,1739,N21,n,2.0NRT,2.39,N,0.39,0.44,,,,,,firms,VIIRS,VIIRS_NOAA21_NRT
-2.56948,121.37821,2025-04-14,1739,N21,n,2.0NRT,2.4,N,0.39,0.44,,,,,,firms,VIIRS,VIIRS_NOAA21_NRT
-2.01337,121.42134,2025-04-14,1739,N21,n,2.0NRT,1.08,N,0.39,0.44,,,,,,firms,VIIRS,VIIRS_NOAA21_NRT
-2.01284,121.41792,2025-04-14,1739,N21,n,2.0NRT,1.08,N,0.39,0.44,,,,,,firms,VIIRS,VIIRS_NOAA21_NRT
-2.00884,121.41843,2025-04-14,1739,N21,n,2.0NRT,0.47,N,0.39,0.44,,,,,,firms,VIIRS,VIIRS_NOAA21_NRT
-1.99843,121.43033,2025-04-14,1739,N21,n,2.0NRT,1.64,N,0.39,0.44,,,,,,firms,VIIRS,VIIRS_NOAA21_NRT
-0.58127,117.38504,2025-04-14,1739,N21,n,2.0NRT,1.57,N,0.39,0.36,,,,,,firms,VIIRS,VIIRS_NOAA21_NRT
-8.92335,116.76302,2025-04-14,1741,N21,n,2.0NRT,0.95,N,0.41,0.37,,,,,,firms,VIIRS,VIIRS_NOAA21_NRT
-8.11431,112.92385,2025-04-14,1741,N21,n,2.0NRT,13.38,N,0.42,0.38,,,,,,firms,VIIRS,VIIRS_NOAA21_NRT
-8.1109,112.92461,2025-04-14,1741,N21,n,2.0NRT,8.74,N,0.42,0.38,,,,,,firms,VIIRS,VIIRS_NOAA21_NRT
-7.94347,112.95188,2025-04-14,1741,N21,n,2.0NRT,1.47,N,0.42,0.38,,,,,,firms,VIIRS,VIIRS_NOAA21_NRT
-7.70424,108.99413,2025-04-14,1741,N21,n,2.0NRT,0.78,N,0.47,0.48,,,,,,firms,VIIRS,VIIRS_NOAA21_NRT
-7.54156,110.44338,2025-04-14,1741,N21,n,2.0NRT,0.29,N,0.38,0.43,,,,,,firms,VIIRS,VIIRS_NOAA21_NRT
-7.18492,111.68916,2025-04-14,1741,N21,n,2.0NRT,1.99,N,0.49,0.4,,,,,,firms,VIIRS,VIIRS_NOAA21_NRT
-6.30183,108.63339,2025-04-14,1741,N21,n,2.0NRT,4.92,N,0.52,0.5,,,,,,firms,VIIRS,VIIRS_NOAA21_NRT
-6.13472,107.02752,2025-04-14,1741,N21,n,2.0NRT,1.53,N,0.34,0.56,,,,,,firms,VIIRS,VIIRS_NOAA21_NRT
-6.13201,107.02672,2025-04-14,1741,N21,n,2.0NRT,1.61,N,0.34,0.56,,,,,,firms,VIIRS,VIIRS_NOAA21_NRT
3.60322,98.78247,2025-04-14,1915,N21,n,2.0NRT,0.89,N,0.48,0.48,,,,,,firms,VIIRS,VIIRS_NOAA21_NRT
4.02,103.3429,2025-04-14,1915,N21,n,2.0NRT,1.37,N,0.49,0.65,,,,,,firms,VIIRS,VIIRS_NOAA21_NRT
4.99703,102.27574,2025-04-14,1915,N21,n,2.0NRT,0.85,N,0.4,0.6,,,,,,firms,VIIRS,VIIRS_NOAA21_NRT
5.2226,97.07156,2025-04-14,1915,N21,n,2.0NRT,1.15,N,0.53,0.42,,,,,,firms,VIIRS,VIIRS_NOAA21_NRT
-8.98882,126.06364,2025-04-15,434,N21,n,2.0NRT,8.56,D,0.62,0.54,,,,,,firms,VIIRS,VIIRS_NOAA21_NRT
-8.98633,126.06592,2025-04-15,434,N21,n,2.0NRT,7.83,D,0.62,0.54,,,,,,firms,VIIRS,VIIRS_NOAA21_NRT
-4.08423,120.17287,2025-04-15,436,N21,n,2.0NRT,7.27,D,0.68,0.74,,,,,,firms,VIIRS,VIIRS_NOAA21_NRT
-3.9043,122.41878,2025-04-15,436,N21,n,2.0NRT,7.67,D,0.47,0.64,,,,,,firms,VIIRS,VIIRS_NOAA21_NRT
-2.57491,121.38302,2025-04-15,436,N21,h,2.0NRT,35.68,D,0.53,0.67,,,,,,firms,VIIRS,VIIRS_NOAA21_NRT
-2.57447,121.38326,2025-04-15,436,N21,h,2.0NRT,35.47,D,0.53,0.67,,,,,,firms,VIIRS,VIIRS_NOAA21_NRT
-1.21851,121.57556,2025-04-15,436,N21,n,2.0NRT,8.93,D,0.49,0.65,,,,,,firms,VIIRS,VIIRS_NOAA21_NRT
-1.18426,122.90704,2025-04-15,436,N21,n,2.0NRT,5.56,D,0.4,0.6,,,,,,firms,VIIRS,VIIRS_NOAA21_NRT
-0.78935,133.04161,2025-04-15,436,N21,n,2.0NRT,4.94,D,0.39,0.36,,,,,,firms,VIIRS,VIIRS_NOAA21_NRT
-0.74858,133.5748,2025-04-15,436,N21,n,2.0NRT,2.97,D,0.4,0.37,,,,,,firms,VIIRS,VIIRS_NOAA21_NRT
-0.72929,133.90205,2025-04-15,436,N21,n,2.0NRT,3.9,D,0.41,0.37,,,,,,firms,VIIRS,VIIRS_NOAA21_NRT
-0.32874,119.95598,2025-04-15,438,N21,n,2.0NRT,3.4,D,0.62,0.71,,,,,,firms,VIIRS,VIIRS_NOAA21_NRT
0.55514,120.36084,2025-04-15,438,N21,n,2.0NRT,11.11,D,0.56,0.69,,,,,,firms,VIIRS,VIIRS_NOAA21_NRT
-8.11264,112.92645,2025-04-15,616,N21,n,2.0NRT,7.84,D,0.54,0.42,,,,,,firms,VIIRS,VIIRS_NOAA21_NRT
-8.11149,112.92307,2025-04-15,616,N21,n,2.0NRT,4.67,D,0.54,0.42,,,,,,firms,VIIRS,VIIRS_NOAA21_NRT
-3.92491,119.96381,2025-04-15,616,N21,n,2.0NRT,9.58,D,0.63,0.72,,,,,,firms,VIIRS,VIIRS_NOAA21_NRT
-3.80053,120.10356,2025-04-15,616,N21,n,2.0NRT,4.53,D,0.65,0.73,,,,,,firms,VIIRS,VIIRS_NOAA21_NRT
-3.72482,103.71714,2025-04-15,618,N21,n,2.0NRT,3.78,D,0.5,0.41,,,,,,firms,VIIRS,VIIRS_NOAA21_NRT
-3.66635,102.35291,2025-04-15,618,N21,n,2.0NRT,2.47,D,0.4,0.44,,,,,,firms,VIIRS,VIIRS_NOAA21_NRT
-3.66229,102.35236,2025-04-15,618,N21,n,2.0NRT,4.67,D,0.4,0.44,,,,,,firms,VIIRS,VIIRS_NOAA21_NRT
-3.03397,101.67391,2025-04-15,618,N21,n,2.0NRT,4.08,D,0.44,0.46,,,,,,firms,VIIRS,VIIRS_NOAA21_NRT
-2.97542,101.6299,2025-04-15,618,N21,n,2.0NRT,4.11,D,0.44,0.46,,,,,,firms,VIIRS,VIIRS_NOAA21_NRT
1.68396,103.34206,2025-04-15,618,N21,n,2.0NRT,7.65,D,0.46,0.39,,,,,,firms,VIIRS,VIIRS_NOAA21_NRT
1.67333,101.47655,2025-04-15,620,N21,n,2.0NRT,8.51,D,0.38,0.44,,,,,,firms,VIIRS,VIIRS_NOAA21_NRT
1.95419,102.68812,2025-04-15,620,N21,n,2.0NRT,5.47,D,0.49,0.4,,,,,,firms,VIIRS,VIIRS_NOAA21_NRT
2.24855,102.41365,2025-04-15,620,N21,n,2.0NRT,6.04,D,0.5,0.41,,,,,,firms,VIIRS,VIIRS_NOAA21_NRT
2.26465,102.12387,2025-04-15,620,N21,n,2.0NRT,1.91,D,0.52,0.41,,,,,,firms,VIIRS,VIIRS_NOAA21_NRT
2.60696,99.39501,2025-04-15,620,N21,n,2.0NRT,5.36,D,0.51,0.49,,,,,,firms,VIIRS,VIIRS_NOAA21_NRT
2.60928,99.39511,2025-04-15,620,N21,n,2.0NRT,5.88,D,0.51,0.49,,,,,,firms,VIIRS,VIIRS_NOAA21_NRT
2.73736,102.39397,2025-04-15,620,N21,n,2.0NRT,5.37,D,0.49,0.41,,,,,,firms,VIIRS,VIIRS_NOAA21_NRT
2.86687,101.80381,2025-04-15,620,N21,l,2.0NRT,11.18,D,0.53,0.42,,,,,,firms,VIIRS,VIIRS_NOAA21_NRT
2.88733,103.34011,2025-04-15,620,N21,n,2.0NRT,14.44,D,0.44,0.39,,,,,,firms,VIIRS,VIIRS_NOAA21_NRT
3.11691,101.42028,2025-04-15,620,N21,n,2.0NRT,6.97,D,0.56,0.43,,,,,,firms,VIIRS,VIIRS_NOAA21_NRT
3.3711,101.57951,2025-04-15,620,N21,n,2.0NRT,9.62,D,0.54,0.42,,,,,,firms,VIIRS,VIIRS_NOAA21_NRT
3.49265,101.48441,2025-04-15,620,N21,n,2.0NRT,9.32,D,0.54,0.42,,,,,,firms,VIIRS,VIIRS_NOAA21_NRT
3.99315,101.00788,2025-04-15,620,N21,n,2.0NRT,5.58,D,0.57,0.43,,,,,,firms,VIIRS,VIIRS_NOAA21_NRT
4.69992,113.9418,2025-04-15,620,N21,n,2.0NRT,2.32,D,0.33,0.55,,,,,,firms,VIIRS,VIIRS_NOAA21_NRT
2.7787,125.40881,2025-04-15,1715,N21,n,2.0NRT,1.44,N,0.46,0.39,,,,,,firms,VIIRS,VIIRS_NOAA21_NRT
-2.87984,122.16532,2025-04-15,1717,N21,n,2.0NRT,0.71,N,0.39,0.36,,,,,,firms,VIIRS,VIIRS_NOAA21_NRT
-2.87928,122.1618,2025-04-15,1717,N21,n,2.0NRT,0.71,N,0.39,0.36,,,,,,firms,VIIRS,VIIRS_NOAA21_NRT
-2.87873,122.15827,2025-04-15,1717,N21,n,2.0NRT,1.12,N,0.39,0.36,,,,,,firms,VIIRS,VIIRS_NOAA21_NRT
-2.87595,122.16232,2025-04-15,1717,N21,n,2.0NRT,0.71,N,0.39,0.36,,,,,,firms,VIIRS,VIIRS_NOAA21_NRT
-2.8643,122.15331,2025-04-15,1717,N21,n,2.0NRT,0.54,N,0.39,0.36,,,,,,firms,VIIRS,VIIRS_NOAA21_NRT
-2.86206,122.16088,2025-04-15,1717,N21,n,2.0NRT,0.43,N,0.39,0.36,,,,,,firms,VIIRS,VIIRS_NOAA21_NRT
-2.85818,122.15787,2025-04-15,1717,N21,n,2.0NRT,0.9,N,0.39,0.36,,,,,,firms,VIIRS,VIIRS_NOAA21_NRT
-2.82817,122.16261,2025-04-15,1717,N21,n,2.0NRT,1.4,N,0.39,0.36,,,,,,firms,VIIRS,VIIRS_NOAA21_NRT
-2.8232,122.15257,2025-04-15,1717,N21,n,2.0NRT,0.81,N,0.39,0.36,,,,,,firms,VIIRS,VIIRS_NOAA21_NRT
-2.21005,115.49812,2025-04-15,1717,N21,n,2.0NRT,2.34,N,0.44,0.46,,,,,,firms,VIIRS,VIIRS_NOAA21_NRT
-2.15848,115.58298,2025-04-15,1717,N21,n,2.0NRT,1.35,N,0.44,0.46,,,,,,firms,VIIRS,VIIRS_NOAA21_NRT
-1.45972,127.4381,2025-04-15,1717,N21,n,2.0NRT,0.71,N,0.46,0.47,,,,,,firms,VIIRS,VIIRS_NOAA21_NRT
-1.45915,127.43439,2025-04-15,1717,N21,n,2.0NRT,0.71,N,0.46,0.47,,,,,,firms,VIIRS,VIIRS_NOAA21_NRT
-1.24871,122.59012,2025-04-15,1717,N21,n,2.0NRT,0.52,N,0.39,0.36,,,,,,firms,VIIRS,VIIRS_NOAA21_NRT
-8.27436,123.51039,2025-04-15,1720,N21,n,2.0NRT,7.28,N,0.49,0.4,,,,,,firms,VIIRS,VIIRS_NOAA21_NRT
-8.27363,123.50552,2025-04-15,1720,N21,n,2.0NRT,7.28,N,0.49,0.4,,,,,,firms,VIIRS,VIIRS_NOAA21_NRT
-8.11386,112.92486,2025-04-15,1720,N21,n,2.0NRT,7.73,N,0.53,0.5,,,,,,firms,VIIRS,VIIRS_NOAA21_NRT
-8.11379,112.9226,2025-04-15,1720,N21,n,2.0NRT,19.63,N,0.53,0.5,,,,,,firms,VIIRS,VIIRS_NOAA21_NRT
-8.11313,112.92057,2025-04-15,1720,N21,n,2.0NRT,13.91,N,0.53,0.5,,,,,,firms,VIIRS,VIIRS_NOAA21_NRT
-7.70407,108.99329,2025-04-15,1720,N21,n,2.0NRT,2.78,N,0.5,0.65,,,,,,firms,VIIRS,VIIRS_NOAA21_NRT
-7.53922,110.43204,2025-04-15,1720,N21,n,2.0NRT,0.6,N,0.4,0.6,,,,,,firms,VIIRS,VIIRS_NOAA21_NRT
-7.23875,111.73222,2025-04-15,1720,N21,n,2.0NRT,2.29,N,0.33,0.55,,,,,,firms,VIIRS,VIIRS_NOAA21_NRT
1.67227,101.47825,2025-04-15,1858,N21,n,2.0NRT,1.31,N,0.57,0.43,,,,,,firms,VIIRS,VIIRS_NOAA21_NRT
1.67298,101.47699,2025-04-15,1858,N21,n,2.0NRT,2.52,N,0.57,0.43,,,,,,firms,VIIRS,VIIRS_NOAA21_NRT
4.66414,103.36352,2025-04-15,1858,N21,n,2.0NRT,1.14,N,0.45,0.47,,,,,,firms,VIIRS,VIIRS_NOAA21_NRT
5.64423,104.98021,2025-04-15,1858,N21,n,2.0NRT,2.89,N,0.56,0.51,,,,,,firms,VIIRS,VIIRS_NOAA21_NRT
5.64707,104.97794,2025-04-15,1858,N21,n,2.0NRT,5.26,N,0.56,0.51,,,,,,firms,VIIRS,VIIRS_NOAA21_NRT
-6.46113,107.21277,2025-04-15,1900,N21,n,2.0NRT,1.33,N,0.62,0.71,,,,,,firms,VIIRS,VIIRS_NOAA21_NRT
-6.24434,106.34792,2025-04-15,1900,N21,n,2.0NRT,26.05,N,0.53,0.67,,,,,,firms,VIIRS,VIIRS_NOAA21_NRT
-6.24369,106.34318,2025-04-15,1900,N21,h,2.0NRT,32.63,N,0.53,0.67,,,,,,firms,VIIRS,VIIRS_NOAA21_NRT
-6.24362,106.34731,2025-04-15,1900,N21,n,2.0NRT,21.12,N,0.53,0.67,,,,,,firms,VIIRS,VIIRS_NOAA21_NRT
-6.243,106.34254,2025-04-15,1900,N21,n,2.0NRT,21.12,N,0.53,0.67,,,,,,firms,VIIRS,VIIRS_NOAA21_NRT
-6.01146,105.98161,2025-04-15,1900,N21,n,2.0NRT,2.68,N,0.5,0.66,,,,,,firms,VIIRS,VIIRS_NOAA21_NRT
-6.00786,105.98328,2025-04-15,1900,N21,n,2.0NRT,6.47,N,0.5,0.66,,,,,,firms,VIIRS,VIIRS_NOAA21_NRT
-6.00547,105.98252,2025-04-15,1900,N21,n,2.0NRT,3.93,N,0.5,0.66,,,,,,firms,VIIRS,VIIRS_NOAA21_NRT
-5.99532,105.99761,2025-04-15,1900,N21,n,2.0NRT,1.25,N,0.5,0.66,,,,,,firms,VIIRS,VIIRS_NOAA21_NRT
-1.91066,103.17755,2025-04-15,1900,N21,n,2.0NRT,1.64,N,0.55,0.51,,,,,,firms,VIIRS,VIIRS_NOAA21_NRT
-4.11291,138.98117,2025-04-16,417,N21,n,2.0NRT,56.13,D,0.4,0.37,,,,,,firms,VIIRS,VIIRS_NOAA21_NRT
-3.65628,138.58873,2025-04-16,417,N21,n,2.0NRT,2.95,D,0.39,0.36,,,,,,firms,VIIRS,VIIRS_NOAA21_NRT
-8.63508,115.19808,2025-04-16,555,N21,n,2.0NRT,0.95,D,0.41,0.37,,,,,,firms,VIIRS,VIIRS_NOAA21_NRT
-8.55478,116.95399,2025-04-16,555,N21,n,2.0NRT,3.69,D,0.49,0.4,,,,,,firms,VIIRS,VIIRS_NOAA21_NRT
-8.3707,117.83576,2025-04-16,555,N21,n,2.0NRT,2.36,D,0.55,0.42,,,,,,firms,VIIRS,VIIRS_NOAA21_NRT
-6.97392,107.61127,2025-04-16,557,N21,n,2.0NRT,3.8,D,0.42,0.45,,,,,,firms,VIIRS,VIIRS_NOAA21_NRT
-6.96592,107.61732,2025-04-16,557,N21,l,2.0NRT,3.13,D,0.42,0.45,,,,,,firms,VIIRS,VIIRS_NOAA21_NRT
-3.6397,105.38385,2025-04-16,557,N21,n,2.0NRT,5.47,D,0.52,0.5,,,,,,firms,VIIRS,VIIRS_NOAA21_NRT
-2.87018,106.4221,2025-04-16,557,N21,n,2.0NRT,2.37,D,0.43,0.46,,,,,,firms,VIIRS,VIIRS_NOAA21_NRT
-2.71348,106.13853,2025-04-16,557,N21,n,2.0NRT,5.2,D,0.45,0.47,,,,,,firms,VIIRS,VIIRS_NOAA21_NRT
-2.69263,106.10257,2025-04-16,557,N21,n,2.0NRT,3.06,D,0.45,0.47,,,,,,firms,VIIRS,VIIRS_NOAA21_NRT
-2.68424,105.9807,2025-04-16,557,N21,n,2.0NRT,5.4,D,0.46,0.47,,,,,,firms,VIIRS,VIIRS_NOAA21_NRT
-2.62526,106.03535,2025-04-16,557,N21,n,2.0NRT,12.13,D,0.46,0.47,,,,,,firms,VIIRS,VIIRS_NOAA21_NRT
-2.62464,106.01024,2025-04-16,557,N21,n,2.0NRT,2.69,D,0.46,0.47,,,,,,firms,VIIRS,VIIRS_NOAA21_NRT
-2.62096,106.03473,2025-04-16,557,N21,n,2.0NRT,12.13,D,0.46,0.47,,,,,,firms,VIIRS,VIIRS_NOAA21_NRT
-2.58604,106.0629,2025-04-16,557,N21,n,2.0NRT,43.12,D,0.45,0.47,,,,,,firms,VIIRS,VIIRS_NOAA21_NRT
-2.54444,103.09878,2025-04-16,557,N21,n,2.0NRT,3.48,D,0.36,0.58,,,,,,firms,VIIRS,VIIRS_NOAA21_NRT
-2.46446,105.2061,2025-04-16,557,N21,n,2.0NRT,6.56,D,0.52,0.5,,,,,,firms,VIIRS,VIIRS_NOAA21_NRT
-1.53105,121.2059,2025-04-16,557,N21,n,2.0NRT,4.72,D,0.39,0.6,,,,,,firms,VIIRS,VIIRS_NOAA21_NRT
-1.52922,121.20509,2025-04-16,557,N21,n,2.0NRT,4.56,D,0.39,0.6,,,,,,firms,VIIRS,VIIRS_NOAA21_NRT
0.42554,108.9958,2025-04-16,559,N21,l,2.0NRT,8.17,D,0.43,0.38,,,,,,firms,VIIRS,VIIRS_NOAA21_NRT
1.6736,101.47518,2025-04-16,559,N21,h,2.0NRT,9.97,D,0.41,0.6,,,,,,firms,VIIRS,VIIRS_NOAA21_NRT
3.2778,113.06423,2025-04-16,559,N21,n,2.0NRT,12.74,D,0.43,0.38,,,,,,firms,VIIRS,VIIRS_NOAA21_NRT
3.52234,113.31373,2025-04-16,559,N21,n,2.0NRT,4.5,D,0.44,0.38,,,,,,firms,VIIRS,VIIRS_NOAA21_NRT
0.48822,127.97675,2025-04-16,1658,N21,n,2.0NRT,2.2,N,0.4,0.37,,,,,,firms,VIIRS,VIIRS_NOAA21_NRT
0.49045,127.9844,2025-04-16,1658,N21,n,2.0NRT,0.61,N,0.4,0.37,,,,,,firms,VIIRS,VIIRS_NOAA21_NRT
0.51167,127.89334,2025-04-16,1658,N21,n,2.0NRT,1.3,N,0.4,0.37,,,,,,firms,VIIRS,VIIRS_NOAA21_NRT
0.68031,117.56117,2025-04-16,1658,N21,n,2.0NRT,1.82,N,0.37,0.58,,,,,,firms,VIIRS,VIIRS_NOAA21_NRT
1.69833,127.87805,2025-04-16,1658,N21,n,2.0NRT,1.68,N,0.39,0.36,,,,,,firms,VIIRS,VIIRS_NOAA21_NRT
1.69887,127.8746,2025-04-16,1658,N21,n,2.0NRT,1.68,N,0.39,0.36,,,,,,firms,VIIRS,VIIRS_NOAA21_NRT
1.70148,127.87856,2025-04-16,1658,N21,n,2.0NRT,1.09,N,0.39,0.36,,,,,,firms,VIIRS,VIIRS_NOAA21_NRT
1.70203,127.87511,2025-04-16,1658,N21,n,2.0NRT,1.09,N,0.39,0.36,,,,,,firms,VIIRS,VIIRS_NOAA21_NRT
2.77757,125.4052,2025-04-16,1658,N21,n,2.0NRT,0.68,N,0.41,0.37,,,,,,firms,VIIRS,VIIRS_NOAA21_NRT
2.78097,125.40566,2025-04-16,1658,N21,n,2.0NRT,1.76,N,0.41,0.37,,,,,,firms,VIIRS,VIIRS_NOAA21_NRT
4.27521,126.71509,2025-04-16,1658,N21,n,2.0NRT,0.81,N,0.39,0.36,,,,,,firms,VIIRS,VIIRS_NOAA21_NRT
-8.53648,122.76762,2025-04-16,1702,N21,n,2.0NRT,3.48,N,0.41,0.37,,,,,,firms,VIIRS,VIIRS_NOAA21_NRT
-8.27453,123.50802,2025-04-16,1702,N21,n,2.0NRT,5.59,N,0.39,0.37,,,,,,firms,VIIRS,VIIRS_NOAA21_NRT
-8.27398,123.50455,2025-04-16,1702,N21,n,2.0NRT,7.88,N,0.39,0.37,,,,,,firms,VIIRS,VIIRS_NOAA21_NRT
-8.11387,112.92247,2025-04-16,1702,N21,n,2.0NRT,4.78,N,0.56,0.69,,,,,,firms,VIIRS,VIIRS_NOAA21_NRT
-8.11236,112.91454,2025-04-16,1702,N21,n,2.0NRT,3.79,N,0.56,0.69,,,,,,firms,VIIRS,VIIRS_NOAA21_NRT
4.97519,112.98486,2025-04-16,1838,N21,n,2.0NRT,7.51,N,0.48,0.65,,,,,,firms,VIIRS,VIIRS_NOAA21_NRT
5.37111,104.89866,2025-04-16,1838,N21,n,2.0NRT,1.28,N,0.44,0.38,,,,,,firms,VIIRS,VIIRS_NOAA21_NRT
5.37173,104.89477,2025-04-16,1838,N21,n,2.0NRT,1.4,N,0.44,0.38,,,,,,firms,VIIRS,VIIRS_NOAA21_NRT
5.41139,105.19151,2025-04-16,1838,N21,n,2.0NRT,0.81,N,0.45,0.39,,,,,,firms,VIIRS,VIIRS_NOAA21_NRT
5.53105,104.99049,2025-04-16,1838,N21,n,2.0NRT,2.37,N,0.44,0.38,,,,,,firms,VIIRS,VIIRS_NOAA21_NRT
5.58643,104.47453,2025-04-16,1838,N21,n,2.0NRT,0.8,N,0.42,0.38,,,,,,firms,VIIRS,VIIRS_NOAA21_NRT
5.64218,105.04403,2025-04-16,1838,N21,n,2.0NRT,1.72,N,0.44,0.38,,,,,,firms,VIIRS,VIIRS_NOAA21_NRT
-7.70411,108.9967,2025-04-16,1841,N21,n,2.0NRT,1.11,N,0.4,0.6,,,,,,firms,VIIRS,VIIRS_NOAA21_NRT
4.00467,103.34756,2025-04-16,1841,N21,n,2.0NRT,1.92,N,0.4,0.37,,,,,,firms,VIIRS,VIIRS_NOAA21_NRT
4.01919,103.34255,2025-04-16,1841,N21,n,2.0NRT,1.81,N,0.4,0.37,,,,,,firms,VIIRS,VIIRS_NOAA21_NRT
-6.01031,105.98597,2025-04-16,1843,N21,n,2.0NRT,2.06,N,0.47,0.47,,,,,,firms,VIIRS,VIIRS_NOAA21_NRT
-6.00909,105.97761,2025-04-16,1843,N21,n,2.0NRT,4.13,N,0.47,0.47,,,,,,firms,VIIRS,VIIRS_NOAA21_NRT
-6.00535,105.98244,2025-04-16,1843,N21,n,2.0NRT,2.75,N,0.47,0.47,,,,,,firms,VIIRS,VIIRS_NOAA21_NRT
-8.54711,116.86507,2025-04-17,538,N21,n,2.0NRT,6.11,D,0.4,0.37,,,,,,firms,VIIRS,VIIRS_NOAA21_NRT
-8.52007,119.0358,2025-04-17,538,N21,n,2.0NRT,4.24,D,0.39,0.36,,,,,,firms,VIIRS,VIIRS_NOAA21_NRT
-8.273,123.50706,2025-04-17,538,N21,n,2.0NRT,5.88,D,0.42,0.45,,,,,,firms,VIIRS,VIIRS_NOAA21_NRT
-8.27227,123.51139,2025-04-17,538,N21,n,2.0NRT,5.88,D,0.42,0.45,,,,,,firms,VIIRS,VIIRS_NOAA21_NRT
-8.0865,117.94026,2025-04-17,538,N21,n,2.0NRT,6.28,D,0.38,0.36,,,,,,firms,VIIRS,VIIRS_NOAA21_NRT
-3.99506,119.92017,2025-04-17,538,N21,n,2.0NRT,3.2,D,0.45,0.39,,,,,,firms,VIIRS,VIIRS_NOAA21_NRT
-3.87031,122.40369,2025-04-17,538,N21,n,2.0NRT,5.68,D,0.41,0.45,,,,,,firms,VIIRS,VIIRS_NOAA21_NRT
-3.77156,119.63571,2025-04-17,538,N21,n,2.0NRT,6.35,D,0.44,0.38,,,,,,firms,VIIRS,VIIRS_NOAA21_NRT
-2.01388,121.41903,2025-04-17,540,N21,n,2.0NRT,5.78,D,0.57,0.43,,,,,,firms,VIIRS,VIIRS_NOAA21_NRT
-2.00994,121.41835,2025-04-17,540,N21,n,2.0NRT,5.78,D,0.57,0.43,,,,,,firms,VIIRS,VIIRS_NOAA21_NRT
-1.37205,121.73408,2025-04-17,540,N21,n,2.0NRT,7.42,D,0.41,0.45,,,,,,firms,VIIRS,VIIRS_NOAA21_NRT
-1.37185,121.73434,2025-04-17,540,N21,n,2.0NRT,8.84,D,0.41,0.45,,,,,,firms,VIIRS,VIIRS_NOAA21_NRT
-1.20695,121.56287,2025-04-17,540,N21,n,2.0NRT,5.71,D,0.4,0.44,,,,,,firms,VIIRS,VIIRS_NOAA21_NRT
0.51354,120.8147,2025-04-17,540,N21,n,2.0NRT,19.16,D,0.57,0.43,,,,,,firms,VIIRS,VIIRS_NOAA21_NRT
0.67456,117.56455,2025-04-17,540,N21,n,2.0NRT,3.23,D,0.4,0.37,,,,,,firms,VIIRS,VIIRS_NOAA21_NRT
0.68411,117.55947,2025-04-17,540,N21,n,2.0NRT,6.85,D,0.4,0.37,,,,,,firms,VIIRS,VIIRS_NOAA21_NRT
0.68692,117.55536,2025-04-17,540,N21,n,2.0NRT,4.84,D,0.4,0.37,,,,,,firms,VIIRS,VIIRS_NOAA21_NRT
0.82249,116.9748,2025-04-17,540,N21,n,2.0NRT,8.83,D,0.39,0.36,,,,,,firms,VIIRS,VIIRS_NOAA21_NRT
0.82328,116.93557,2025-04-17,540,N21,n,2.0NRT,16.87,D,0.39,0.36,,,,,,firms,VIIRS,VIIRS_NOAA21_NRT
0.84183,116.96763,2025-04-17,540,N21,n,2.0NRT,2.19,D,0.39,0.36,,,,,,firms,VIIRS,VIIRS_NOAA21_NRT
0.84584,109.53526,2025-04-17,540,N21,n,2.0NRT,5.37,D,0.49,0.49,,,,,,firms,VIIRS,VIIRS_NOAA21_NRT
4.7411,113.72642,2025-04-17,542,N21,n,2.0NRT,1.54,D,0.4,0.37,,,,,,firms,VIIRS,VIIRS_NOAA21_NRT
5.33508,116.8704,2025-04-17,542,N21,n,2.0NRT,4.62,D,0.41,0.37,,,,,,firms,VIIRS,VIIRS_NOAA21_NRT
2.19506,99.28993,2025-04-17,722,N21,n,2.0NRT,6.52,D,0.37,0.58,,,,,,firms,VIIRS,VIIRS_NOAA21_NRT
5.22289,97.10067,2025-04-17,722,N21,n,2.0NRT,4.85,D,0.57,0.52,,,,,,firms,VIIRS,VIIRS_NOAA21_NRT
-1.45735,127.43594,2025-04-17,1639,N21,n,2.0NRT,4.5,N,0.48,0.4,,,,,,firms,VIIRS,VIIRS_NOAA21_NRT
0.48133,128.00429,2025-04-17,1639,N21,n,2.0NRT,1.83,N,0.48,0.4,,,,,,firms,VIIRS,VIIRS_NOAA21_NRT
0.50917,127.89896,2025-04-17,1639,N21,n,2.0NRT,1.72,N,0.48,0.4,,,,,,firms,VIIRS,VIIRS_NOAA21_NRT
0.50985,127.89465,2025-04-17,1639,N21,n,2.0NRT,1.72,N,0.48,0.4,,,,,,firms,VIIRS,VIIRS_NOAA21_NRT
1.49365,127.63562,2025-04-17,1639,N21,n,2.0NRT,2.58,N,0.51,0.41,,,,,,firms,VIIRS,VIIRS_NOAA21_NRT
1.49437,127.631,2025-04-17,1639,N21,n,2.0NRT,7.99,N,0.51,0.41,,,,,,firms,VIIRS,VIIRS_NOAA21_NRT
1.69962,127.88065,2025-04-17,1639,N21,n,2.0NRT,3.07,N,0.5,0.41,,,,,,firms,VIIRS,VIIRS_NOAA21_NRT
1.70033,127.87611,2025-04-17,1639,N21,n,2.0NRT,3.07,N,0.5,0.41,,,,,,firms,VIIRS,VIIRS_NOAA21_NRT
2.78352,125.39955,2025-04-17,1639,N21,n,2.0NRT,1.25,N,0.49,0.49,,,,,,firms,VIIRS,VIIRS_NOAA21_NRT
-3.87368,122.40879,2025-04-17,1641,N21,n,2.0NRT,1.66,N,0.62,0.54,,,,,,firms,VIIRS,VIIRS_NOAA21_NRT
-3.87276,122.40322,2025-04-17,1641,N21,n,2.0NRT,1.66,N,0.62,0.54,,,,,,firms,VIIRS,VIIRS_NOAA21_NRT
-3.87184,122.39764,2025-04-17,1641,N21,n,2.0NRT,3.14,N,0.62,0.54,,,,,,firms,VIIRS,VIIRS_NOAA21_NRT
-3.87093,122.39208,2025-04-17,1641,N21,n,2.0NRT,3.14,N,0.63,0.54,,,,,,firms,VIIRS,VIIRS_NOAA21_NRT
-3.86875,122.4096,2025-04-17,1641,N21,n,2.0NRT,3.72,N,0.62,0.54,,,,,,firms,VIIRS,VIIRS_NOAA21_NRT
0.10505,117.46996,2025-04-17,1819,N21,n,2.0NRT,2.81,N,0.55,0.68,,,,,,firms,VIIRS,VIIRS_NOAA21_NRT
0.1067,117.46979,2025-04-17,1819,N21,n,2.0NRT,2.53,N,0.55,0.68,,,,,,firms,VIIRS,VIIRS_NOAA21_NRT
2.73911,102.39355,2025-04-17,1819,N21,n,2.0NRT,2.53,N,0.52,0.42,,,,,,firms,VIIRS,VIIRS_NOAA21_NRT
2.85836,97.78961,2025-04-17,1819,N21,n,2.0NRT,0.42,N,0.35,0.57,,,,,,firms,VIIRS,VIIRS_NOAA21_NRT
3.2377,112.71109,2025-04-17,1819,N21,n,2.0NRT,3.94,N,0.46,0.47,,,,,,firms,VIIRS,VIIRS_NOAA21_NRT
3.49668,98.22562,2025-04-17,1819,N21,n,2.0NRT,0.43,N,0.34,0.56,,,,,,firms,VIIRS,VIIRS_NOAA21_NRT
3.97428,103.37492,2025-04-17,1819,N21,n,2.0NRT,2.29,N,0.48,0.4,,,,,,firms,VIIRS,VIIRS_NOAA21_NRT
4.00512,103.34448,2025-04-17,1819,N21,n,2.0NRT,2.05,N,0.48,0.4,,,,,,firms,VIIRS,VIIRS_NOAA21_NRT
4.02045,103.34238,2025-04-17,1819,N21,n,2.0NRT,3.09,N,0.48,0.4,,,,,,firms,VIIRS,VIIRS_NOAA21_NRT
4.28846,103.42675,2025-04-17,1819,N21,n,2.0NRT,4.12,N,0.48,0.4,,,,,,firms,VIIRS,VIIRS_NOAA21_NRT
4.55684,103.46008,2025-04-17,1819,N21,n,2.0NRT,1.99,N,0.48,0.4,,,,,,firms,VIIRS,VIIRS_NOAA21_NRT
4.5575,103.45576,2025-04-17,1819,N21,n,2.0NRT,1.99,N,0.48,0.4,,,,,,firms,VIIRS,VIIRS_NOAA21_NRT
4.65873,103.38047,2025-04-17,1819,N21,n,2.0NRT,0.73,N,0.49,0.4,,,,,,firms,VIIRS,VIIRS_NOAA21_NRT
4.66138,103.36304,2025-04-17,1819,N21,n,2.0NRT,1.25,N,0.49,0.4,,,,,,firms,VIIRS,VIIRS_NOAA21_NRT
5.37029,104.89573,2025-04-17,1819,N21,n,2.0NRT,1.24,N,0.42,0.38,,,,,,firms,VIIRS,VIIRS_NOAA21_NRT
5.40985,105.18933,2025-04-17,1819,N21,n,2.0NRT,1.54,N,0.41,0.37,,,,,,firms,VIIRS,VIIRS_NOAA21_NRT
5.50158,105.207,2025-04-17,1819,N21,n,2.0NRT,1.02,N,0.41,0.37,,,,,,firms,VIIRS,VIIRS_NOAA21_NRT
5.51809,105.66946,2025-04-17,1819,N21,n,2.0NRT,0.73,N,0.4,0.37,,,,,,firms,VIIRS,VIIRS_NOAA21_NRT
5.58561,104.47575,2025-04-17,1819,N21,n,2.0NRT,0.72,N,0.44,0.38,,,,,,firms,VIIRS,VIIRS_NOAA21_NRT
5.64556,104.97961,2025-04-17,1819,N21,n,2.0NRT,1.34,N,0.42,0.38,,,,,,firms,VIIRS,VIIRS_NOAA21_NRT
5.87464,114.2955,2025-04-17,1819,N21,n,2.0NRT,7.28,N,0.54,0.5,,,,,,firms,VIIRS,VIIRS_NOAA21_NRT
-7.54411,110.44595,2025-04-17,1821,N21,n,2.0NRT,3.04,N,0.47,0.48,,,,,,firms,VIIRS,VIIRS_NOAA21_NRT
-7.54365,110.44276,2025-04-17,1821,N21,n,2.0NRT,3.81,N,0.47,0.48,,,,,,firms,VIIRS,VIIRS_NOAA21_NRT
-7.2411,109.21752,2025-04-17,1821,N21,n,2.0NRT,1.15,N,0.39,0.44,,,,,,firms,VIIRS,VIIRS_NOAA21_NRT
-7.24062,109.21421,2025-04-17,1821,N21,n,2.0NRT,1.15,N,0.39,0.44,,,,,,firms,VIIRS,VIIRS_NOAA21_NRT
-6.54892,108.0963,2025-04-17,1821,N21,n,2.0NRT,0.79,N,0.49,0.4,,,,,,firms,VIIRS,VIIRS_NOAA21_NRT
-6.37395,106.34401,2025-04-17,1821,N21,n,2.0NRT,0.7,N,0.41,0.37,,,,,,firms,VIIRS,VIIRS_NOAA21_NRT
-6.20071,106.61016,2025-04-17,1821,N21,n,2.0NRT,0.5,N,0.42,0.38,,,,,,firms,VIIRS,VIIRS_NOAA21_NRT
-6.09795,106.67146,2025-04-17,1821,N21,n,2.0NRT,1.41,N,0.42,0.38,,,,,,firms,VIIRS,VIIRS_NOAA21_NRT
-6.01015,105.98564,2025-04-17,1821,N21,n,2.0NRT,1.9,N,0.4,0.37,,,,,,firms,VIIRS,VIIRS_NOAA21_NRT
-5.37372,106.56593,2025-04-17,1821,N21,n,2.0NRT,5.05,N,0.41,0.37,,,,,,firms,VIIRS,VIIRS_NOAA21_NRT
-3.99818,102.42799,2025-04-17,1821,N21,n,2.0NRT,0.96,N,0.44,0.38,,,,,,firms,VIIRS,VIIRS_NOAA21_NRT
-3.80795,103.81785,2025-04-17,1821,N21,n,2.0NRT,1.53,N,0.4,0.37,,,,,,firms,VIIRS,VIIRS_NOAA21_NRT
-3.8046,103.81837,2025-04-17,1821,N21,n,2.0NRT,1.53,N,0.4,0.37,,,,,,firms,VIIRS,VIIRS_NOAA21_NRT
-2.32638,100.99181,2025-04-17,1821,N21,n,2.0NRT,1.3,N,0.54,0.42,,,,,,firms,VIIRS,VIIRS_NOAA21_NRT
-1.56318,103.6963,2025-04-17,1821,N21,n,2.0NRT,1.79,N,0.41,0.37,,,,,,firms,VIIRS,VIIRS_NOAA21_NRT
0.44414,101.89059,2025-04-17,1821,N21,n,2.0NRT,1.85,N,0.52,0.42,,,,,,firms,VIIRS,VIIRS_NOAA21_NRT
0.71245,100.34705,2025-04-17,1821,N21,n,2.0NRT,1.88,N,0.44,0.46,,,,,,firms,VIIRS,VIIRS_NOAA21_NRT
0.71265,100.34636,2025-04-17,1821,N21,n,2.0NRT,2.18,N,0.44,0.46,,,,,,firms,VIIRS,VIIRS_NOAA21_NRT
0.72645,101.47545,2025-04-17,1821,N21,n,2.0NRT,0.99,N,0.56,0.43,,,,,,firms,VIIRS,VIIRS_NOAA21_NRT
0.74449,101.46296,2025-04-17,1821,N21,n,2.0NRT,0.9,N,0.56,0.43,,,,,,firms,VIIRS,VIIRS_NOAA21_NRT
0.84775,101.39346,2025-04-17,1821,N21,n,2.0NRT,1.8,N,0.57,0.43,,,,,,firms,VIIRS,VIIRS_NOAA21_NRT
1.01739,103.9622,2025-04-17,1821,N21,n,2.0NRT,0.59,N,0.42,0.38,,,,,,firms,VIIRS,VIIRS_NOAA21_NRT
-0.85917,133.23721,2025-04-18,340,N21,n,2.0NRT,13.75,D,0.74,0.76,,,,,,firms,VIIRS,VIIRS_NOAA21_NRT
-0.85841,133.23944,2025-04-18,340,N21,n,2.0NRT,15.99,D,0.74,0.76,,,,,,firms,VIIRS,VIIRS_NOAA21_NRT
-0.85803,133.28883,2025-04-18,340,N21,n,2.0NRT,7.93,D,0.74,0.76,,,,,,firms,VIIRS,VIIRS_NOAA21_NRT
-10.02767,120.72484,2025-04-18,518,N21,n,2.0NRT,4.97,D,0.43,0.38,,,,,,firms,VIIRS,VIIRS_NOAA21_NRT
-9.35662,119.98846,2025-04-18,518,N21,n,2.0NRT,23.03,D,0.46,0.39,,,,,,firms,VIIRS,VIIRS_NOAA21_NRT
-8.80055,120.47646,2025-04-18,518,N21,n,2.0NRT,2.15,D,0.43,0.38,,,,,,firms,VIIRS,VIIRS_NOAA21_NRT
-3.91204,120.23843,2025-04-18,521,N21,n,2.0NRT,3.43,D,0.4,0.37,,,,,,firms,VIIRS,VIIRS_NOAA21_NRT
-3.68916,126.38319,2025-04-18,521,N21,n,2.0NRT,10.0,D,0.56,0.43,,,,,,firms,VIIRS,VIIRS_NOAA21_NRT
-3.48555,122.08862,2025-04-18,521,N21,n,2.0NRT,4.37,D,0.38,0.36,,,,,,firms,VIIRS,VIIRS_NOAA21_NRT
-1.66259,124.56841,2025-04-18,521,N21,n,2.0NRT,2.0,D,0.47,0.4,,,,,,firms,VIIRS,VIIRS_NOAA21_NRT
-1.51448,122.34613,2025-04-18,521,N21,n,2.0NRT,1.56,D,0.39,0.36,,,,,,firms,VIIRS,VIIRS_NOAA21_NRT
-1.49897,122.31522,2025-04-18,521,N21,n,2.0NRT,3.52,D,0.39,0.36,,,,,,firms,VIIRS,VIIRS_NOAA21_NRT
-1.49525,122.3397,2025-04-18,521,N21,n,2.0NRT,2.28,D,0.39,0.36,,,,,,firms,VIIRS,VIIRS_NOAA21_NRT
-1.3821,122.47992,2025-04-18,521,N21,n,2.0NRT,6.99,D,0.4,0.37,,,,,,firms,VIIRS,VIIRS_NOAA21_NRT
-1.37696,123.30252,2025-04-18,521,N21,n,2.0NRT,4.22,D,0.42,0.37,,,,,,firms,VIIRS,VIIRS_NOAA21_NRT
-1.30713,123.3686,2025-04-18,521,N21,n,2.0NRT,1.88,D,0.42,0.38,,,,,,firms,VIIRS,VIIRS_NOAA21_NRT
-1.30256,119.32447,2025-04-18,521,N21,n,2.0NRT,5.24,D,0.41,0.37,,,,,,firms,VIIRS,VIIRS_NOAA21_NRT
-1.27402,121.96259,2025-04-18,521,N21,n,2.0NRT,3.63,D,0.39,0.36,,,,,,firms,VIIRS,VIIRS_NOAA21_NRT
-0.97449,123.24883,2025-04-18,521,N21,n,2.0NRT,5.87,D,0.42,0.38,,,,,,firms,VIIRS,VIIRS_NOAA21_NRT
-0.87786,122.96689,2025-04-18,521,N21,n,2.0NRT,2.89,D,0.41,0.37,,,,,,firms,VIIRS,VIIRS_NOAA21_NRT
-0.83193,122.52125,2025-04-18,521,N21,n,2.0NRT,3.87,D,0.4,0.37,,,,,,firms,VIIRS,VIIRS_NOAA21_NRT
0.26852,120.18879,2025-04-18,523,N21,n,2.0NRT,1.86,D,0.39,0.36,,,,,,firms,VIIRS,VIIRS_NOAA21_NRT
0.61865,120.4096,2025-04-18,523,N21,n,2.0NRT,2.31,D,0.39,0.36,,,,,,firms,VIIRS,VIIRS_NOAA21_NRT
0.66252,117.06715,2025-04-18,523,N21,n,2.0NRT,4.91,D,0.5,0.41,,,,,,firms,VIIRS,VIIRS_NOAA21_NRT
0.6885,117.55518,2025-04-18,523,N21,l,2.0NRT,5.57,D,0.47,0.4,,,,,,firms,VIIRS,VIIRS_NOAA21_NRT
0.69197,122.76444,2025-04-18,523,N21,n,2.0NRT,3.82,D,0.41,0.37,,,,,,firms,VIIRS,VIIRS_NOAA21_NRT
0.80866,116.96405,2025-04-18,523,N21,n,2.0NRT,4.56,D,0.5,0.41,,,,,,firms,VIIRS,VIIRS_NOAA21_NRT
0.82093,123.36507,2025-04-18,523,N21,n,2.0NRT,3.2,D,0.44,0.38,,,,,,firms,VIIRS,VIIRS_NOAA21_NRT
0.83675,117.10627,2025-04-18,523,N21,n,2.0NRT,2.09,D,0.49,0.41,,,,,,firms,VIIRS,VIIRS_NOAA21_NRT
1.70108,127.87715,2025-04-18,523,N21,n,2.0NRT,25.3,D,0.56,0.51,,,,,,firms,VIIRS,VIIRS_NOAA21_NRT
3.27791,113.06457,2025-04-18,523,N21,n,2.0NRT,2.78,D,0.55,0.51,,,,,,firms,VIIRS,VIIRS_NOAA21_NRT
3.28575,113.08335,2025-04-18,523,N21,n,2.0NRT,11.66,D,0.55,0.51,,,,,,firms,VIIRS,VIIRS_NOAA21_NRT
3.60841,112.41171,2025-04-18,523,N21,n,2.0NRT,6.04,D,0.6,0.53,,,,,,firms,VIIRS,VIIRS_NOAA21_NRT
4.74161,113.72731,2025-04-18,523,N21,n,2.0NRT,9.7,D,0.47,0.48,,,,,,firms,VIIRS,VIIRS_NOAA21_NRT
4.97985,112.98112,2025-04-18,523,N21,n,2.0NRT,7.43,D,0.52,0.5,,,,,,firms,VIIRS,VIIRS_NOAA21_NRT
5.85445,125.51882,2025-04-18,523,N21,n,2.0NRT,3.99,D,0.45,0.47,,,,,,firms,VIIRS,VIIRS_NOAA21_NRT
5.87867,125.53628,2025-04-18,523,N21,n,2.0NRT,12.24,D,0.45,0.47,,,,,,firms,VIIRS,VIIRS_NOAA21_NRT
5.87913,125.53949,2025-04-18,523,N21,n,2.0NRT,11.25,D,0.45,0.47,,,,,,firms,VIIRS,VIIRS_NOAA21_NRT
5.9004,125.50676,2025-04-18,523,N21,n,2.0NRT,4.69,D,0.45,0.47,,,,,,firms,VIIRS,VIIRS_NOAA21_NRT
5.9059,125.36346,2025-04-18,523,N21,n,2.0NRT,3.98,D,0.44,0.46,,,,,,firms,VIIRS,VIIRS_NOAA21_NRT
5.9199,125.52459,2025-04-18,523,N21,n,2.0NRT,62.23,D,0.45,0.47,,,,,,firms,VIIRS,VIIRS_NOAA21_NRT
5.92229,125.51064,2025-04-18,523,N21,n,2.0NRT,3.47,D,0.45,0.47,,,,,,firms,VIIRS,VIIRS_NOAA21_NRT
5.94143,125.52326,2025-04-18,523,N21,n,2.0NRT,7.11,D,0.45,0.47,,,,,,firms,VIIRS,VIIRS_NOAA21_NRT
5.98048,125.40366,2025-04-18,523,N21,n,2.0NRT,7.45,D,0.44,0.46,,,,,,firms,VIIRS,VIIRS_NOAA21_NRT
5.99271,124.85902,2025-04-18,523,N21,n,2.0NRT,3.57,D,0.41,0.45,,,,,,firms,VIIRS,VIIRS_NOAA21_NRT
5.99584,124.96732,2025-04-18,523,N21,n,2.0NRT,4.25,D,0.41,0.45,,,,,,firms,VIIRS,VIIRS_NOAA21_NRT
-3.80533,103.8164,2025-04-18,701,N21,n,2.0NRT,13.62,D,0.56,0.52,,,,,,firms,VIIRS,VIIRS_NOAA21_NRT
-3.65521,105.72562,2025-04-18,701,N21,n,2.0NRT,3.97,D,0.38,0.59,,,,,,firms,VIIRS,VIIRS_NOAA21_NRT
-2.48858,101.22156,2025-04-18,701,N21,n,2.0NRT,2.13,D,0.4,0.44,,,,,,firms,VIIRS,VIIRS_NOAA21_NRT
-2.20528,101.13654,2025-04-18,701,N21,n,2.0NRT,6.06,D,0.4,0.44,,,,,,firms,VIIRS,VIIRS_NOAA21_NRT
-2.20125,101.13591,2025-04-18,701,N21,n,2.0NRT,49.8,D,0.4,0.44,,,,,,firms,VIIRS,VIIRS_NOAA21_NRT
-2.18038,101.00751,2025-04-18,701,N21,n,2.0NRT,12.21,D,0.39,0.44,,,,,,firms,VIIRS,VIIRS_NOAA21_NRT
-2.17693,101.00343,2025-04-18,701,N21,n,2.0NRT,16.55,D,0.39,0.44,,,,,,firms,VIIRS,VIIRS_NOAA21_NRT
-2.16606,100.99467,2025-04-18,701,N21,n,2.0NRT,8.76,D,0.39,0.44,,,,,,firms,VIIRS,VIIRS_NOAA21_NRT
-2.12497,101.08717,2025-04-18,701,N21,n,2.0NRT,4.27,D,0.39,0.44,,,,,,firms,VIIRS,VIIRS_NOAA21_NRT
-1.17499,101.59781,2025-04-18,701,N21,n,2.0NRT,3.6,D,0.44,0.46,,,,,,firms,VIIRS,VIIRS_NOAA21_NRT
-0.76561,101.32984,2025-04-18,701,N21,n,2.0NRT,6.2,D,0.43,0.46,,,,,,firms,VIIRS,VIIRS_NOAA21_NRT
-0.2163,101.21203,2025-04-18,701,N21,n,2.0NRT,3.91,D,0.43,0.46,,,,,,firms,VIIRS,VIIRS_NOAA21_NRT
-0.15966,101.18027,2025-04-18,701,N21,n,2.0NRT,8.55,D,0.43,0.46,,,,,,firms,VIIRS,VIIRS_NOAA21_NRT
-0.15606,101.1759,2025-04-18,701,N21,n,2.0NRT,18.28,D,0.43,0.46,,,,,,firms,VIIRS,VIIRS_NOAA21_NRT
-0.15592,101.86232,2025-04-18,701,N21,n,2.0NRT,4.93,D,0.47,0.48,,,,,,firms,VIIRS,VIIRS_NOAA21_NRT
-0.1555,101.1796,2025-04-18,701,N21,n,2.0NRT,8.55,D,0.43,0.46,,,,,,firms,VIIRS,VIIRS_NOAA21_NRT
-0.14528,101.87351,2025-04-18,701,N21,n,2.0NRT,9.9,D,0.47,0.48,,,,,,firms,VIIRS,VIIRS_NOAA21_NRT
-0.14091,101.87283,2025-04-18,701,N21,n,2.0NRT,9.9,D,0.47,0.48,,,,,,firms,VIIRS,VIIRS_NOAA21_NRT
0.42534,100.74881,2025-04-18,701,N21,n,2.0NRT,21.02,D,0.41,0.45,,,,,,firms,VIIRS,VIIRS_NOAA21_NRT
0.62344,100.35255,2025-04-18,701,N21,n,2.0NRT,4.52,D,0.39,0.44,,,,,,firms,VIIRS,VIIRS_NOAA21_NRT
0.66871,100.2041,2025-04-18,701,N21,n,2.0NRT,4.54,D,0.57,0.43,,,,,,firms,VIIRS,VIIRS_NOAA21_NRT
0.70246,100.37476,2025-04-18,701,N21,n,2.0NRT,3.35,D,0.39,0.44,,,,,,firms,VIIRS,VIIRS_NOAA21_NRT
0.98016,101.27042,2025-04-18,701,N21,n,2.0NRT,2.67,D,0.45,0.47,,,,,,firms,VIIRS,VIIRS_NOAA21_NRT
1.09065,100.32964,2025-04-18,701,N21,n,2.0NRT,4.46,D,0.39,0.44,,,,,,firms,VIIRS,VIIRS_NOAA21_NRT
1.67447,101.47768,2025-04-18,701,N21,n,2.0NRT,4.0,D,0.47,0.48,,,,,,firms,VIIRS,VIIRS_NOAA21_NRT
2.16382,101.04956,2025-04-18,701,N21,n,2.0NRT,12.98,D,0.45,0.47,,,,,,firms,VIIRS,VIIRS_NOAA21_NRT
2.35792,98.0899,2025-04-18,703,N21,n,2.0NRT,8.57,D,0.46,0.39,,,,,,firms,VIIRS,VIIRS_NOAA21_NRT
2.52634,99.02473,2025-04-18,703,N21,n,2.0NRT,6.83,D,0.51,0.41,,,,,,firms,VIIRS,VIIRS_NOAA21_NRT
2.62751,98.00597,2025-04-18,703,N21,n,2.0NRT,4.69,D,0.46,0.39,,,,,,firms,VIIRS,VIIRS_NOAA21_NRT
2.69378,97.77047,2025-04-18,703,N21,n,2.0NRT,8.13,D,0.45,0.39,,,,,,firms,VIIRS,VIIRS_NOAA21_NRT
3.98033,108.27151,2025-04-18,703,N21,n,2.0NRT,18.47,D,0.76,0.77,,,,,,firms,VIIRS,VIIRS_NOAA21_NRT
3.98557,108.27359,2025-04-18,703,N21,n,2.0NRT,16.91,D,0.77,0.77,,,,,,firms,VIIRS,VIIRS_NOAA21_NRT
3.99544,108.29308,2025-04-18,703,N21,n,2.0NRT,5.85,D,0.77,0.77,,,,,,firms,VIIRS,VIIRS_NOAA21_NRT
5.67385,95.06514,2025-04-18,703,N21,n,2.0NRT,3.21,D,0.39,0.36,,,,,,firms,VIIRS,VIIRS_NOAA21_NRT
5.91249,100.71073,2025-04-18,703,N21,n,2.0NRT,13.34,D,0.49,0.48,,,,,,firms,VIIRS,VIIRS_NOAA21_NRT
0.47965,128.00378,2025-04-18,1620,N21,n,2.0NRT,2.49,N,0.32,0.55,,,,,,firms,VIIRS,VIIRS_NOAA21_NRT
0.48008,128.00099,2025-04-18,1620,N21,n,2.0NRT,2.49,N,0.32,0.55,,,,,,firms,VIIRS,VIIRS_NOAA21_NRT
0.48052,127.99817,2025-04-18,1620,N21,n,2.0NRT,2.39,N,0.32,0.55,,,,,,firms,VIIRS,VIIRS_NOAA21_NRT
0.48097,127.99525,2025-04-18,1620,N21,n,2.0NRT,2.39,N,0.32,0.55,,,,,,firms,VIIRS,VIIRS_NOAA21_NRT
0.48142,127.9924,2025-04-18,1620,N21,n,2.0NRT,1.93,N,0.32,0.55,,,,,,firms,VIIRS,VIIRS_NOAA21_NRT
0.48187,127.98946,2025-04-18,1620,N21,n,2.0NRT,1.93,N,0.32,0.55,,,,,,firms,VIIRS,VIIRS_NOAA21_NRT
0.48639,127.99337,2025-04-18,1620,N21,n,2.0NRT,1.93,N,0.32,0.55,,,,,,firms,VIIRS,VIIRS_NOAA21_NRT
0.51172,127.8968,2025-04-18,1620,N21,n,2.0NRT,1.48,N,0.33,0.55,,,,,,firms,VIIRS,VIIRS_NOAA21_NRT
0.51218,127.89381,2025-04-18,1620,N21,n,2.0NRT,1.48,N,0.33,0.55,,,,,,firms,VIIRS,VIIRS_NOAA21_NRT
1.4953,127.63237,2025-04-18,1620,N21,n,2.0NRT,2.38,N,0.35,0.57,,,,,,firms,VIIRS,VIIRS_NOAA21_NRT
1.49585,127.62874,2025-04-18,1620,N21,n,2.0NRT,2.38,N,0.35,0.57,,,,,,firms,VIIRS,VIIRS_NOAA21_NRT
1.69925,127.87966,2025-04-18,1620,N21,n,2.0NRT,6.14,N,0.34,0.56,,,,,,firms,VIIRS,VIIRS_NOAA21_NRT
1.69974,127.87644,2025-04-18,1620,N21,n,2.0NRT,6.14,N,0.34,0.56,,,,,,firms,VIIRS,VIIRS_NOAA21_NRT
-1.52875,127.42144,2025-04-18,1622,N21,n,2.0NRT,0.88,N,0.33,0.55,,,,,,firms,VIIRS,VIIRS_NOAA21_NRT
-1.45914,127.43841,2025-04-18,1622,N21,n,2.0NRT,1.96,N,0.33,0.55,,,,,,firms,VIIRS,VIIRS_NOAA21_NRT
-1.45859,127.43502,2025-04-18,1622,N21,n,2.0NRT,1.96,N,0.33,0.55,,,,,,firms,VIIRS,VIIRS_NOAA21_NRT
4.97723,112.98387,2025-04-18,1800,N21,n,2.0NRT,3.16,N,0.4,0.37,,,,,,firms,VIIRS,VIIRS_NOAA21_NRT
4.97778,112.98033,2025-04-18,1800,N21,n,2.0NRT,3.16,N,0.4,0.37,,,,,,firms,VIIRS,VIIRS_NOAA21_NRT
4.98034,112.98117,2025-04-18,1800,N21,n,2.0NRT,1.74,N,0.4,0.37,,,,,,firms,VIIRS,VIIRS_NOAA21_NRT
5.42714,114.7133,2025-04-18,1800,N21,n,2.0NRT,3.56,N,0.45,0.39,,,,,,firms,VIIRS,VIIRS_NOAA21_NRT
5.64818,104.97721,2025-04-18,1800,N21,n,2.0NRT,1.41,N,0.53,0.5,,,,,,firms,VIIRS,VIIRS_NOAA21_NRT
-1.56498,103.69692,2025-04-18,1802,N21,n,2.0NRT,0.67,N,0.5,0.49,,,,,,firms,VIIRS,VIIRS_NOAA21_NRT
-0.98545,103.33412,2025-04-18,1802,N21,n,2.0NRT,0.87,N,0.54,0.51,,,,,,firms,VIIRS,VIIRS_NOAA21_NRT
-0.73173,117.05949,2025-04-18,1802,N21,n,2.0NRT,1.03,N,0.5,0.49,,,,,,firms,VIIRS,VIIRS_NOAA21_NRT
-0.58462,117.38406,2025-04-18,1802,N21,n,2.0NRT,1.31,N,0.52,0.5,,,,,,firms,VIIRS,VIIRS_NOAA21_NRT
-0.48661,102.47595,2025-04-18,1802,N21,n,2.0NRT,1.99,N,0.63,0.54,,,,,,firms,VIIRS,VIIRS_NOAA21_NRT
-0.45367,102.17064,2025-04-18,1802,N21,n,2.0NRT,0.85,N,0.33,0.56,,,,,,firms,VIIRS,VIIRS_NOAA21_NRT
-0.15394,101.06161,2025-04-18,1802,N21,n,2.0NRT,1.75,N,0.4,0.6,,,,,,firms,VIIRS,VIIRS_NOAA21_NRT
0.44063,101.89259,2025-04-18,1802,N21,n,2.0NRT,1.25,N,0.36,0.57,,,,,,firms,VIIRS,VIIRS_NOAA21_NRT
0.44113,101.8894,2025-04-18,1802,N21,n,2.0NRT,1.25,N,0.36,0.57,,,,,,firms,VIIRS,VIIRS_NOAA21_NRT
0.67402,117.56528,2025-04-18,1802,N21,n,2.0NRT,1.0,N,0.51,0.49,,,,,,firms,VIIRS,VIIRS_NOAA21_NRT
0.67548,117.56709,2025-04-18,1802,N21,n,2.0NRT,1.6,N,0.51,0.49,,,,,,firms,VIIRS,VIIRS_NOAA21_NRT
0.67621,117.56257,2025-04-18,1802,N21,n,2.0NRT,1.6,N,0.51,0.49,,,,,,firms,VIIRS,VIIRS_NOAA21_NRT
0.68145,117.55875,2025-04-18,1802,N21,n,2.0NRT,2.43,N,0.51,0.49,,,,,,firms,VIIRS,VIIRS_NOAA21_NRT
0.68595,117.55953,2025-04-18,1802,N21,n,2.0NRT,0.66,N,0.51,0.49,,,,,,firms,VIIRS,VIIRS_NOAA21_NRT
0.68669,117.55496,2025-04-18,1802,N21,n,2.0NRT,0.66,N,0.51,0.49,,,,,,firms,VIIRS,VIIRS_NOAA21_NRT
0.72623,101.47224,2025-04-18,1802,N21,n,2.0NRT,0.71,N,0.39,0.59,,,,,,firms,VIIRS,VIIRS_NOAA21_NRT
0.84619,101.39155,2025-04-18,1802,N21,n,2.0NRT,0.94,N,0.4,0.6,,,,,,firms,VIIRS,VIIRS_NOAA21_NRT
1.37701,104.15801,2025-04-18,1802,N21,n,2.0NRT,2.49,N,0.52,0.5,,,,,,firms,VIIRS,VIIRS_NOAA21_NRT
1.66998,101.47334,2025-04-18,1802,N21,n,2.0NRT,4.92,N,0.4,0.6,,,,,,firms,VIIRS,VIIRS_NOAA21_NRT
1.67549,101.47416,2025-04-18,1802,N21,n,2.0NRT,4.92,N,0.4,0.6,,,,,,firms,VIIRS,VIIRS_NOAA21_NRT
2.38836,111.35062,2025-04-18,1802,N21,n,2.0NRT,1.69,N,0.38,0.36,,,,,,firms,VIIRS,VIIRS_NOAA21_NRT
2.74034,102.39616,2025-04-18,1802,N21,n,2.0NRT,1.99,N,0.36,0.57,,,,,,firms,VIIRS,VIIRS_NOAA21_NRT
2.74082,102.39297,2025-04-18,1802,N21,n,2.0NRT,2.31,N,0.36,0.57,,,,,,firms,VIIRS,VIIRS_NOAA21_NRT
3.5218,113.31294,2025-04-18,1802,N21,n,2.0NRT,1.83,N,0.41,0.37,,,,,,firms,VIIRS,VIIRS_NOAA21_NRT
3.5252,113.31348,2025-04-18,1802,N21,n,2.0NRT,1.79,N,0.41,0.37,,,,,,firms,VIIRS,VIIRS_NOAA21_NRT
3.53414,113.34502,2025-04-18,1802,N21,n,2.0NRT,1.37,N,0.41,0.37,,,,,,firms,VIIRS,VIIRS_NOAA21_NRT
3.62633,112.67751,2025-04-18,1802,N21,n,2.0NRT,0.99,N,0.4,0.37,,,,,,firms,VIIRS,VIIRS_NOAA21_NRT
4.08685,113.9089,2025-04-18,1802,N21,n,2.0NRT,1.53,N,0.43,0.38,,,,,,firms,VIIRS,VIIRS_NOAA21_NRT
4.16522,106.225,2025-04-18,1802,N21,n,2.0NRT,17.26,N,0.42,0.45,,,,,,firms,VIIRS,VIIRS_NOAA21_NRT
4.16645,106.22574,2025-04-18,1802,N21,n,2.0NRT,17.39,N,0.42,0.45,,,,,,firms,VIIRS,VIIRS_NOAA21_NRT
4.28264,103.4295,2025-04-18,1802,N21,n,2.0NRT,0.97,N,0.32,0.55,,,,,,firms,VIIRS,VIIRS_NOAA21_NRT
4.28808,103.42728,2025-04-18,1802,N21,n,2.0NRT,0.97,N,0.32,0.55,,,,,,firms,VIIRS,VIIRS_NOAA21_NRT
5.3735,104.89818,2025-04-18,1802,N21,n,2.0NRT,4.59,N,0.53,0.5,,,,,,firms,VIIRS,VIIRS_NOAA21_NRT
5.37418,104.89342,2025-04-18,1802,N21,n,2.0NRT,4.67,N,0.53,0.5,,,,,,firms,VIIRS,VIIRS_NOAA21_NRT
5.41011,105.18795,2025-04-18,1802,N21,n,2.0NRT,1.62,N,0.51,0.49,,,,,,firms,VIIRS,VIIRS_NOAA21_NRT
5.41167,105.19083,2025-04-18,1802,N21,n,2.0NRT,1.69,N,0.51,0.49,,,,,,firms,VIIRS,VIIRS_NOAA21_NRT
5.50133,105.20824,2025-04-18,1802,N21,n,2.0NRT,1.48,N,0.51,0.49,,,,,,firms,VIIRS,VIIRS_NOAA21_NRT
5.5032,105.20781,2025-04-18,1802,N21,n,2.0NRT,2.33,N,0.51,0.49,,,,,,firms,VIIRS,VIIRS_NOAA21_NRT
5.58601,104.47236,2025-04-18,1802,N21,n,2.0NRT,4.2,N,0.57,0.52,,,,,,firms,VIIRS,VIIRS_NOAA21_NRT
-8.11504,112.92716,2025-04-18,1804,N21,n,2.0NRT,5.53,N,0.52,0.41,,,,,,firms,VIIRS,VIIRS_NOAA21_NRT
-8.11117,112.92704,2025-04-18,1804,N21,n,2.0NRT,5.53,N,0.52,0.41,,,,,,firms,VIIRS,VIIRS_NOAA21_NRT
-7.94456,112.95289,2025-04-18,1804,N21,n,2.0NRT,1.76,N,0.52,0.41,,,,,,firms,VIIRS,VIIRS_NOAA21_NRT
-6.09835,106.67306,2025-04-18,1804,N21,n,2.0NRT,1.48,N,0.44,0.38,,,,,,firms,VIIRS,VIIRS_NOAA21_NRT
-7.62703,138.76828,2025-04-19,459,N21,n,2.0NRT,4.78,D,0.52,0.67,,,,,,firms,VIIRS,VIIRS_NOAA21_NRT
-3.94712,136.41759,2025-04-19,459,N21,n,2.0NRT,9.25,D,0.42,0.61,,,,,,firms,VIIRS,VIIRS_NOAA21_NRT
-2.6262,119.2385,2025-04-19,501,N21,n,2.0NRT,14.69,D,0.54,0.51,,,,,,firms,VIIRS,VIIRS_NOAA21_NRT
-2.62546,119.24335,2025-04-19,501,N21,n,2.0NRT,23.82,D,0.54,0.51,,,,,,firms,VIIRS,VIIRS_NOAA21_NRT
-1.5624,127.42787,2025-04-19,501,N21,n,2.0NRT,6.14,D,0.4,0.37,,,,,,firms,VIIRS,VIIRS_NOAA21_NRT
-1.45912,127.437,2025-04-19,501,N21,n,2.0NRT,7.91,D,0.4,0.37,,,,,,firms,VIIRS,VIIRS_NOAA21_NRT
-1.45576,127.43656,2025-04-19,501,N21,n,2.0NRT,7.91,D,0.4,0.37,,,,,,firms,VIIRS,VIIRS_NOAA21_NRT
0.50996,127.8969,2025-04-19,501,N21,n,2.0NRT,7.71,D,0.43,0.38,,,,,,firms,VIIRS,VIIRS_NOAA21_NRT
1.15287,125.00861,2025-04-19,501,N21,n,2.0NRT,2.88,D,0.39,0.36,,,,,,firms,VIIRS,VIIRS_NOAA21_NRT
3.2848,113.08437,2025-04-19,504,N21,n,2.0NRT,15.31,D,0.59,0.7,,,,,,firms,VIIRS,VIIRS_NOAA21_NRT
4.97598,112.97814,2025-04-19,504,N21,n,2.0NRT,11.29,D,0.56,0.69,,,,,,firms,VIIRS,VIIRS_NOAA21_NRT
4.97791,112.97947,2025-04-19,504,N21,n,2.0NRT,11.24,D,0.56,0.69,,,,,,firms,VIIRS,VIIRS_NOAA21_NRT
5.57045,125.36141,2025-04-19,504,N21,n,2.0NRT,3.61,D,0.39,0.36,,,,,,firms,VIIRS,VIIRS_NOAA21_NRT
-6.76416,111.96559,2025-04-19,640,N21,n,2.0NRT,1.63,D,0.43,0.62,,,,,,firms,VIIRS,VIIRS_NOAA21_NRT
-4.21501,104.05047,2025-04-19,642,N21,n,2.0NRT,6.47,D,0.44,0.39,,,,,,firms,VIIRS,VIIRS_NOAA21_NRT
-3.80778,103.81988,2025-04-19,642,N21,n,2.0NRT,14.77,D,0.44,0.38,,,,,,firms,VIIRS,VIIRS_NOAA21_NRT
-3.80543,103.8195,2025-04-19,642,N21,n,2.0NRT,15.96,D,0.44,0.38,,,,,,firms,VIIRS,VIIRS_NOAA21_NRT
-3.69648,105.49685,2025-04-19,642,N21,n,2.0NRT,7.34,D,0.53,0.42,,,,,,firms,VIIRS,VIIRS_NOAA21_NRT
-3.56478,102.1614,2025-04-19,642,N21,n,2.0NRT,10.72,D,0.39,0.36,,,,,,firms,VIIRS,VIIRS_NOAA21_NRT
-3.54099,105.40385,2025-04-19,642,N21,n,2.0NRT,6.29,D,0.53,0.42,,,,,,firms,VIIRS,VIIRS_NOAA21_NRT
-3.39757,104.56549,2025-04-19,642,N21,n,2.0NRT,13.17,D,0.48,0.4,,,,,,firms,VIIRS,VIIRS_NOAA21_NRT
-3.11206,112.12719,2025-04-19,642,N21,n,2.0NRT,3.77,D,0.51,0.66,,,,,,firms,VIIRS,VIIRS_NOAA21_NRT
-2.87413,101.58739,2025-04-19,642,N21,n,2.0NRT,7.57,D,0.39,0.36,,,,,,firms,VIIRS,VIIRS_NOAA21_NRT
-2.53463,101.40269,2025-04-19,642,N21,n,2.0NRT,3.07,D,0.39,0.36,,,,,,firms,VIIRS,VIIRS_NOAA21_NRT
-2.27633,101.20451,2025-04-19,642,N21,n,2.0NRT,1.54,D,0.38,0.36,,,,,,firms,VIIRS,VIIRS_NOAA21_NRT
-2.24097,101.05431,2025-04-19,642,N21,n,2.0NRT,3.51,D,0.38,0.36,,,,,,firms,VIIRS,VIIRS_NOAA21_NRT
-2.16844,100.99364,2025-04-19,642,N21,n,2.0NRT,2.25,D,0.38,0.36,,,,,,firms,VIIRS,VIIRS_NOAA21_NRT
-2.07867,101.09576,2025-04-19,642,N21,n,2.0NRT,6.17,D,0.38,0.36,,,,,,firms,VIIRS,VIIRS_NOAA21_NRT
-1.00225,110.37859,2025-04-19,642,N21,n,2.0NRT,4.06,D,0.42,0.61,,,,,,firms,VIIRS,VIIRS_NOAA21_NRT
-2.05613,101.08879,2025-04-19,644,N21,n,2.0NRT,2.16,D,0.38,0.36,,,,,,firms,VIIRS,VIIRS_NOAA21_NRT
-1.72635,100.86095,2025-04-19,644,N21,n,2.0NRT,2.92,D,0.38,0.36,,,,,,firms,VIIRS,VIIRS_NOAA21_NRT
-1.06,100.81572,2025-04-19,644,N21,n,2.0NRT,2.56,D,0.38,0.36,,,,,,firms,VIIRS,VIIRS_NOAA21_NRT
0.3149,101.17946,2025-04-19,644,N21,n,2.0NRT,4.46,D,0.39,0.36,,,,,,firms,VIIRS,VIIRS_NOAA21_NRT
0.45798,109.65357,2025-04-19,644,N21,n,2.0NRT,8.29,D,0.39,0.59,,,,,,firms,VIIRS,VIIRS_NOAA21_NRT
0.4617,109.65356,2025-04-19,644,N21,n,2.0NRT,7.77,D,0.39,0.59,,,,,,firms,VIIRS,VIIRS_NOAA21_NRT
1.01142,104.57584,2025-04-19,644,N21,n,2.0NRT,38.86,D,0.55,0.42,,,,,,firms,VIIRS,VIIRS_NOAA21_NRT
1.25858,97.40559,2025-04-19,644,N21,n,2.0NRT,7.15,D,0.44,0.39,,,,,,firms,VIIRS,VIIRS_NOAA21_NRT
3.27794,113.06516,2025-04-19,644,N21,n,2.0NRT,15.65,D,0.75,0.77,,,,,,firms,VIIRS,VIIRS_NOAA21_NRT
3.28784,113.0842,2025-04-19,644,N21,n,2.0NRT,12.36,D,0.75,0.77,,,,,,firms,VIIRS,VIIRS_NOAA21_NRT
3.33616,97.8862,2025-04-19,644,N21,n,2.0NRT,8.27,D,0.41,0.37,,,,,,firms,VIIRS,VIIRS_NOAA21_NRT
3.33749,97.88537,2025-04-19,644,N21,n,2.0NRT,8.44,D,0.41,0.37,,,,,,firms,VIIRS,VIIRS_NOAA21_NRT
3.41373,103.14413,2025-04-19,644,N21,n,2.0NRT,3.52,D,0.49,0.4,,,,,,firms,VIIRS,VIIRS_NOAA21_NRT
3.55962,103.42155,2025-04-19,644,N21,n,2.0NRT,7.91,D,0.5,0.41,,,,,,firms,VIIRS,VIIRS_NOAA21_NRT
3.56029,103.42607,2025-04-19,644,N21,n,2.0NRT,8.8,D,0.5,0.41,,,,,,firms,VIIRS,VIIRS_NOAA21_NRT
3.81447,102.43116,2025-04-19,644,N21,n,2.0NRT,3.69,D,0.45,0.39,,,,,,firms,VIIRS,VIIRS_NOAA21_NRT
3.8527,96.64185,2025-04-19,644,N21,l,2.0NRT,5.77,D,0.45,0.39,,,,,,firms,VIIRS,VIIRS_NOAA21_NRT
5.3732,104.89703,2025-04-19,644,N21,n,2.0NRT,3.65,D,0.44,0.46,,,,,,firms,VIIRS,VIIRS_NOAA21_NRT
5.39505,102.8709,2025-04-19,644,N21,n,2.0NRT,5.81,D,0.5,0.41,,,,,,firms,VIIRS,VIIRS_NOAA21_NRT
5.39766,102.87172,2025-04-19,644,N21,n,2.0NRT,5.45,D,0.5,0.41,,,,,,firms,VIIRS,VIIRS_NOAA21_NRT
5.50144,101.96394,2025-04-19,644,N21,n,2.0NRT,4.42,D,0.45,0.39,,,,,,firms,VIIRS,VIIRS_NOAA21_NRT
5.6781,100.85733,2025-04-19,644,N21,n,2.0NRT,2.21,D,0.41,0.37,,,,,,firms,VIIRS,VIIRS_NOAA21_NRT
5.8013,100.63035,2025-04-19,646,N21,n,2.0NRT,2.85,D,0.4,0.37,,,,,,firms,VIIRS,VIIRS_NOAA21_NRT
5.80185,100.63394,2025-04-19,646,N21,n,2.0NRT,4.53,D,0.4,0.37,,,,,,firms,VIIRS,VIIRS_NOAA21_NRT
5.9116,100.70966,2025-04-19,646,N21,n,2.0NRT,8.39,D,0.41,0.37,,,,,,firms,VIIRS,VIIRS_NOAA21_NRT
-1.81904,136.74857,2025-04-19,1603,N21,n,2.0NRT,1.43,N,0.49,0.4,,,,,,firms,VIIRS,VIIRS_NOAA21_NRT
-1.81536,136.74928,2025-04-19,1603,N21,n,2.0NRT,1.1,N,0.49,0.4,,,,,,firms,VIIRS,VIIRS_NOAA21_NRT
0.47906,127.99271,2025-04-19,1603,N21,n,2.0NRT,4.57,N,0.69,0.74,,,,,,firms,VIIRS,VIIRS_NOAA21_NRT
0.48,127.9866,2025-04-19,1603,N21,n,2.0NRT,4.57,N,0.69,0.74,,,,,,firms,VIIRS,VIIRS_NOAA21_NRT
0.48242,128.00299,2025-04-19,1603,N21,n,2.0NRT,6.15,N,0.69,0.74,,,,,,firms,VIIRS,VIIRS_NOAA21_NRT
0.48344,127.99665,2025-04-19,1603,N21,n,2.0NRT,7.77,N,0.69,0.74,,,,,,firms,VIIRS,VIIRS_NOAA21_NRT
0.48373,128.00751,2025-04-19,1603,N21,n,2.0NRT,4.52,N,0.69,0.74,,,,,,firms,VIIRS,VIIRS_NOAA21_NRT
0.48446,127.9903,2025-04-19,1603,N21,n,2.0NRT,7.77,N,0.69,0.74,,,,,,firms,VIIRS,VIIRS_NOAA21_NRT
0.48475,128.00085,2025-04-19,1603,N21,n,2.0NRT,4.52,N,0.69,0.74,,,,,,firms,VIIRS,VIIRS_NOAA21_NRT
0.4854,127.98445,2025-04-19,1603,N21,n,2.0NRT,9.46,N,0.69,0.74,,,,,,firms,VIIRS,VIIRS_NOAA21_NRT
0.48576,127.99432,2025-04-19,1603,N21,n,2.0NRT,4.57,N,0.69,0.74,,,,,,firms,VIIRS,VIIRS_NOAA21_NRT
0.48674,127.98796,2025-04-19,1603,N21,n,2.0NRT,4.57,N,0.69,0.74,,,,,,firms,VIIRS,VIIRS_NOAA21_NRT
0.48727,127.97284,2025-04-19,1603,N21,n,2.0NRT,1.58,N,0.69,0.74,,,,,,firms,VIIRS,VIIRS_NOAA21_NRT
0.48758,127.98253,2025-04-19,1603,N21,n,2.0NRT,7.39,N,0.69,0.74,,,,,,firms,VIIRS,VIIRS_NOAA21_NRT
0.4784,127.99429,2025-04-19,1741,N21,n,2.0NRT,3.96,N,0.64,0.72,,,,,,firms,VIIRS,VIIRS_NOAA21_NRT
0.47875,128.00101,2025-04-19,1741,N21,n,2.0NRT,6.93,N,0.64,0.72,,,,,,firms,VIIRS,VIIRS_NOAA21_NRT
0.47931,127.98868,2025-04-19,1741,N21,n,2.0NRT,4.65,N,0.64,0.72,,,,,,firms,VIIRS,VIIRS_NOAA21_NRT
0.47963,127.9953,2025-04-19,1741,N21,n,2.0NRT,5.31,N,0.64,0.72,,,,,,firms,VIIRS,VIIRS_NOAA21_NRT
0.48049,127.98972,2025-04-19,1741,N21,n,2.0NRT,5.31,N,0.64,0.72,,,,,,firms,VIIRS,VIIRS_NOAA21_NRT
0.48333,128.00557,2025-04-19,1741,N21,n,2.0NRT,3.42,N,0.64,0.72,,,,,,firms,VIIRS,VIIRS_NOAA21_NRT
0.48419,128.00023,2025-04-19,1741,N21,n,2.0NRT,3.96,N,0.64,0.72,,,,,,firms,VIIRS,VIIRS_NOAA21_NRT
0.48506,127.99489,2025-04-19,1741,N21,n,2.0NRT,3.96,N,0.64,0.72,,,,,,firms,VIIRS,VIIRS_NOAA21_NRT
0.48593,127.98946,2025-04-19,1741,N21,n,2.0NRT,4.65,N,0.64,0.72,,,,,,firms,VIIRS,VIIRS_NOAA21_NRT
0.48693,127.98322,2025-04-19,1741,N21,n,2.0NRT,4.65,N,0.64,0.72,,,,,,firms,VIIRS,VIIRS_NOAA21_NRT
0.48713,127.99044,2025-04-19,1741,N21,n,2.0NRT,5.31,N,0.64,0.72,,,,,,firms,VIIRS,VIIRS_NOAA21_NRT
0.48804,127.98448,2025-04-19,1741,N21,n,2.0NRT,8.91,N,0.64,0.72,,,,,,firms,VIIRS,VIIRS_NOAA21_NRT
0.50788,127.89492,2025-04-19,1741,N21,n,2.0NRT,2.35,N,0.63,0.72,,,,,,firms,VIIRS,VIIRS_NOAA21_NRT
0.61709,117.42854,2025-04-19,1741,N21,n,2.0NRT,0.38,N,0.41,0.37,,,,,,firms,VIIRS,VIIRS_NOAA21_NRT
0.67594,117.56601,2025-04-19,1741,N21,n,2.0NRT,4.51,N,0.42,0.37,,,,,,firms,VIIRS,VIIRS_NOAA21_NRT
0.68393,117.55968,2025-04-19,1741,N21,n,2.0NRT,3.57,N,0.41,0.37,,,,,,firms,VIIRS,VIIRS_NOAA21_NRT
0.68792,117.55652,2025-04-19,1741,N21,n,2.0NRT,3.57,N,0.41,0.37,,,,,,firms,VIIRS,VIIRS_NOAA21_NRT
3.27776,113.06355,2025-04-19,1741,N21,n,2.0NRT,1.93,N,0.46,0.39,,,,,,firms,VIIRS,VIIRS_NOAA21_NRT
3.28244,113.08118,2025-04-19,1741,N21,n,2.0NRT,2.02,N,0.46,0.39,,,,,,firms,VIIRS,VIIRS_NOAA21_NRT
3.28541,113.08585,2025-04-19,1741,N21,n,2.0NRT,2.02,N,0.46,0.39,,,,,,firms,VIIRS,VIIRS_NOAA21_NRT
3.28604,113.08169,2025-04-19,1741,N21,n,2.0NRT,2.02,N,0.46,0.39,,,,,,firms,VIIRS,VIIRS_NOAA21_NRT
3.28964,113.0822,2025-04-19,1741,N21,n,2.0NRT,3.86,N,0.46,0.39,,,,,,firms,VIIRS,VIIRS_NOAA21_NRT
3.52301,113.31149,2025-04-19,1741,N21,n,2.0NRT,1.34,N,0.45,0.39,,,,,,firms,VIIRS,VIIRS_NOAA21_NRT
3.60519,112.40899,2025-04-19,1741,N21,n,2.0NRT,5.98,N,0.5,0.41,,,,,,firms,VIIRS,VIIRS_NOAA21_NRT
3.66227,117.21696,2025-04-19,1741,N21,n,2.0NRT,0.94,N,0.39,0.36,,,,,,firms,VIIRS,VIIRS_NOAA21_NRT
4.02074,103.34157,2025-04-19,1741,N21,n,2.0NRT,1.58,N,0.7,0.75,,,,,,firms,VIIRS,VIIRS_NOAA21_NRT
4.54081,114.11826,2025-04-19,1741,N21,n,2.0NRT,2.71,N,0.43,0.38,,,,,,firms,VIIRS,VIIRS_NOAA21_NRT
4.55506,103.45486,2025-04-19,1741,N21,n,2.0NRT,4.08,N,0.7,0.75,,,,,,firms,VIIRS,VIIRS_NOAA21_NRT
4.55624,103.45571,2025-04-19,1741,N21,n,2.0NRT,5.02,N,0.7,0.75,,,,,,firms,VIIRS,VIIRS_NOAA21_NRT
4.6751,113.85571,2025-04-19,1741,N21,n,2.0NRT,5.62,N,0.44,0.38,,,,,,firms,VIIRS,VIIRS_NOAA21_NRT
4.70179,113.93993,2025-04-19,1741,N21,n,2.0NRT,0.91,N,0.44,0.38,,,,,,firms,VIIRS,VIIRS_NOAA21_NRT
4.72861,116.64459,2025-04-19,1741,N21,n,2.0NRT,0.98,N,0.38,0.36,,,,,,firms,VIIRS,VIIRS_NOAA21_NRT
4.74144,113.72786,2025-04-19,1741,N21,n,2.0NRT,2.53,N,0.45,0.39,,,,,,firms,VIIRS,VIIRS_NOAA21_NRT
4.97855,112.9834,2025-04-19,1741,N21,n,2.0NRT,5.0,N,0.49,0.4,,,,,,firms,VIIRS,VIIRS_NOAA21_NRT
4.97922,112.97903,2025-04-19,1741,N21,n,2.0NRT,5.0,N,0.49,0.4,,,,,,firms,VIIRS,VIIRS_NOAA21_NRT
5.37213,104.89706,2025-04-19,1741,N21,n,2.0NRT,1.81,N,0.57,0.69,,,,,,firms,VIIRS,VIIRS_NOAA21_NRT
5.37285,104.89194,2025-04-19,1741,N21,n,2.0NRT,1.81,N,0.57,0.69,,,,,,firms,VIIRS,VIIRS_NOAA21_NRT
5.87557,114.29425,2025-04-19,1741,N21,n,2.0NRT,2.89,N,0.43,0.38,,,,,,firms,VIIRS,VIIRS_NOAA21_NRT
-3.9054,122.42214,2025-04-19,1743,N21,n,2.0NRT,2.25,N,0.61,0.53,,,,,,firms,VIIRS,VIIRS_NOAA21_NRT
-3.87213,122.39946,2025-04-19,1743,N21,n,2.0NRT,2.04,N,0.61,0.53,,,,,,firms,VIIRS,VIIRS_NOAA21_NRT
-3.87134,122.39405,2025-04-19,1743,N21,n,2.0NRT,2.04,N,0.61,0.53,,,,,,firms,VIIRS,VIIRS_NOAA21_NRT
-3.03108,113.85664,2025-04-19,1743,N21,n,2.0NRT,0.75,N,0.39,0.36,,,,,,firms,VIIRS,VIIRS_NOAA21_NRT
-3.02571,113.75719,2025-04-19,1743,N21,n,2.0NRT,0.45,N,0.39,0.36,,,,,,firms,VIIRS,VIIRS_NOAA21_NRT
-2.93751,115.23802,2025-04-19,1743,N21,n,2.0NRT,0.63,N,0.39,0.36,,,,,,firms,VIIRS,VIIRS_NOAA21_NRT
-2.21292,115.52051,2025-04-19,1743,N21,n,2.0NRT,0.75,N,0.39,0.36,,,,,,firms,VIIRS,VIIRS_NOAA21_NRT
-2.21246,115.49582,2025-04-19,1743,N21,n,2.0NRT,2.07,N,0.39,0.36,,,,,,firms,VIIRS,VIIRS_NOAA21_NRT
-2.20915,115.49634,2025-04-19,1743,N21,n,2.0NRT,2.07,N,0.39,0.36,,,,,,firms,VIIRS,VIIRS_NOAA21_NRT
-2.17354,115.57251,2025-04-19,1743,N21,n,2.0NRT,1.09,N,0.39,0.36,,,,,,firms,VIIRS,VIIRS_NOAA21_NRT
-2.17023,115.57303,2025-04-19,1743,N21,n,2.0NRT,0.72,N,0.39,0.36,,,,,,firms,VIIRS,VIIRS_NOAA21_NRT
-2.16692,115.57352,2025-04-19,1743,N21,n,2.0NRT,0.72,N,0.39,0.36,,,,,,firms,VIIRS,VIIRS_NOAA21_NRT
-2.16468,115.58096,2025-04-19,1743,N21,n,2.0NRT,2.04,N,0.39,0.36,,,,,,firms,VIIRS,VIIRS_NOAA21_NRT
-2.16136,115.58146,2025-04-19,1743,N21,n,2.0NRT,2.04,N,0.39,0.36,,,,,,firms,VIIRS,VIIRS_NOAA21_NRT
-2.15805,115.58196,2025-04-19,1743,N21,n,2.0NRT,1.63,N,0.39,0.36,,,,,,firms,VIIRS,VIIRS_NOAA21_NRT
-2.06127,115.57273,2025-04-19,1743,N21,n,2.0NRT,1.15,N,0.39,0.36,,,,,,firms,VIIRS,VIIRS_NOAA21_NRT
-1.9428,115.86055,2025-04-19,1743,N21,n,2.0NRT,0.86,N,0.39,0.36,,,,,,firms,VIIRS,VIIRS_NOAA21_NRT
-1.89573,115.86428,2025-04-19,1743,N21,n,2.0NRT,5.88,N,0.39,0.36,,,,,,firms,VIIRS,VIIRS_NOAA21_NRT
-1.89241,115.86479,2025-04-19,1743,N21,n,2.0NRT,5.88,N,0.39,0.36,,,,,,firms,VIIRS,VIIRS_NOAA21_NRT
-1.89187,115.86132,2025-04-19,1743,N21,n,2.0NRT,2.18,N,0.39,0.36,,,,,,firms,VIIRS,VIIRS_NOAA21_NRT
-1.45742,127.43716,2025-04-19,1743,N21,n,2.0NRT,5.1,N,0.63,0.72,,,,,,firms,VIIRS,VIIRS_NOAA21_NRT
-1.45659,127.43791,2025-04-19,1743,N21,n,2.0NRT,3.59,N,0.63,0.72,,,,,,firms,VIIRS,VIIRS_NOAA21_NRT
-1.29162,114.76107,2025-04-19,1743,N21,n,2.0NRT,0.43,N,0.39,0.36,,,,,,firms,VIIRS,VIIRS_NOAA21_NRT
1.37576,104.15529,2025-04-19,1743,N21,n,2.0NRT,1.16,N,0.56,0.69,,,,,,firms,VIIRS,VIIRS_NOAA21_NRT
1.37744,104.15887,2025-04-19,1743,N21,n,2.0NRT,1.34,N,0.56,0.69,,,,,,firms,VIIRS,VIIRS_NOAA21_NRT
1.57823,103.86408,2025-04-19,1743,N21,n,2.0NRT,0.6,N,0.59,0.7,,,,,,firms,VIIRS,VIIRS_NOAA21_NRT
-10.09911,120.70937,2025-04-19,1745,N21,n,2.0NRT,1.31,N,0.57,0.52,,,,,,firms,VIIRS,VIIRS_NOAA21_NRT
-10.09434,120.71,2025-04-19,1745,N21,n,2.0NRT,1.31,N,0.57,0.52,,,,,,firms,VIIRS,VIIRS_NOAA21_NRT
-8.53777,122.7712,2025-04-19,1745,N21,n,2.0NRT,2.09,N,0.38,0.59,,,,,,firms,VIIRS,VIIRS_NOAA21_NRT
-8.53733,122.76788,2025-04-19,1745,N21,n,2.0NRT,2.02,N,0.38,0.59,,,,,,firms,VIIRS,VIIRS_NOAA21_NRT
-8.27639,123.51773,2025-04-19,1745,N21,n,2.0NRT,4.02,N,0.42,0.61,,,,,,firms,VIIRS,VIIRS_NOAA21_NRT
-8.27488,123.51917,2025-04-19,1745,N21,n,2.0NRT,1.97,N,0.42,0.61,,,,,,firms,VIIRS,VIIRS_NOAA21_NRT
-8.27373,123.50993,2025-04-19,1745,N21,n,2.0NRT,1.97,N,0.42,0.61,,,,,,firms,VIIRS,VIIRS_NOAA21_NRT
-8.17641,114.44166,2025-04-19,1745,N21,n,2.0NRT,0.4,N,0.39,0.36,,,,,,firms,VIIRS,VIIRS_NOAA21_NRT
4.55314,103.45533,2025-04-19,1921,N21,n,2.0NRT,2.78,N,0.63,0.72,,,,,,firms,VIIRS,VIIRS_NOAA21_NRT
4.55369,103.45548,2025-04-19,1921,N21,n,2.0NRT,3.18,N,0.63,0.72,,,,,,firms,VIIRS,VIIRS_NOAA21_NRT
-6.56021,139.36557,2025-04-20,440,N21,n,2.0NRT,3.3,D,0.56,0.52,,,,,,firms,VIIRS,VIIRS_NOAA21_NRT
-3.9113,120.12621,2025-04-20,442,N21,n,2.0NRT,8.23,D,0.53,0.67,,,,,,firms,VIIRS,VIIRS_NOAA21_NRT
-3.9109,120.12608,2025-04-20,442,N21,n,2.0NRT,7.72,D,0.53,0.67,,,,,,firms,VIIRS,VIIRS_NOAA21_NRT
-3.90215,122.37265,2025-04-20,442,N21,n,2.0NRT,2.25,D,0.37,0.58,,,,,,firms,VIIRS,VIIRS_NOAA21_NRT
-3.87191,122.39932,2025-04-20,442,N21,n,2.0NRT,4.63,D,0.37,0.58,,,,,,firms,VIIRS,VIIRS_NOAA21_NRT
-3.87143,122.40258,2025-04-20,442,N21,n,2.0NRT,6.9,D,0.37,0.58,,,,,,firms,VIIRS,VIIRS_NOAA21_NRT
-3.87046,122.4091,2025-04-20,442,N21,n,2.0NRT,3.65,D,0.37,0.58,,,,,,firms,VIIRS,VIIRS_NOAA21_NRT
-2.57733,121.37959,2025-04-20,442,N21,n,2.0NRT,50.21,D,0.41,0.61,,,,,,firms,VIIRS,VIIRS_NOAA21_NRT
-2.57682,121.3831,2025-04-20,442,N21,l,2.0NRT,50.21,D,0.41,0.61,,,,,,firms,VIIRS,VIIRS_NOAA21_NRT
-2.5763,121.38659,2025-04-20,442,N21,n,2.0NRT,43.06,D,0.41,0.61,,,,,,firms,VIIRS,VIIRS_NOAA21_NRT
-2.32938,119.33425,2025-04-20,442,N21,n,2.0NRT,4.91,D,0.57,0.69,,,,,,firms,VIIRS,VIIRS_NOAA21_NRT
-2.00509,121.43261,2025-04-20,442,N21,n,2.0NRT,4.82,D,0.4,0.6,,,,,,firms,VIIRS,VIIRS_NOAA21_NRT
-2.00428,121.43098,2025-04-20,442,N21,n,2.0NRT,7.23,D,0.4,0.6,,,,,,firms,VIIRS,VIIRS_NOAA21_NRT
-1.5159,122.25678,2025-04-20,442,N21,n,2.0NRT,3.71,D,0.35,0.56,,,,,,firms,VIIRS,VIIRS_NOAA21_NRT
-1.51543,122.25981,2025-04-20,442,N21,n,2.0NRT,3.71,D,0.35,0.56,,,,,,firms,VIIRS,VIIRS_NOAA21_NRT
-1.49681,122.34692,2025-04-20,442,N21,n,2.0NRT,2.72,D,0.34,0.56,,,,,,firms,VIIRS,VIIRS_NOAA21_NRT
-1.45712,127.43732,2025-04-20,442,N21,n,2.0NRT,19.0,D,0.48,0.4,,,,,,firms,VIIRS,VIIRS_NOAA21_NRT
-1.266,122.51344,2025-04-20,444,N21,n,2.0NRT,2.2,D,0.33,0.55,,,,,,firms,VIIRS,VIIRS_NOAA21_NRT
0.08198,116.76122,2025-04-20,444,N21,n,2.0NRT,9.38,D,0.79,0.78,,,,,,firms,VIIRS,VIIRS_NOAA21_NRT
0.48017,128.00073,2025-04-20,444,N21,l,2.0NRT,5.38,D,0.43,0.38,,,,,,firms,VIIRS,VIIRS_NOAA21_NRT
0.48076,128.00461,2025-04-20,444,N21,l,2.0NRT,5.38,D,0.43,0.38,,,,,,firms,VIIRS,VIIRS_NOAA21_NRT
0.48188,127.9887,2025-04-20,444,N21,l,2.0NRT,6.31,D,0.43,0.38,,,,,,firms,VIIRS,VIIRS_NOAA21_NRT
0.48247,127.99255,2025-04-20,444,N21,l,2.0NRT,12.83,D,0.43,0.38,,,,,,firms,VIIRS,VIIRS_NOAA21_NRT
0.48536,127.98821,2025-04-20,444,N21,l,2.0NRT,13.27,D,0.43,0.38,,,,,,firms,VIIRS,VIIRS_NOAA21_NRT
0.51081,127.8978,2025-04-20,444,N21,l,2.0NRT,11.46,D,0.43,0.38,,,,,,firms,VIIRS,VIIRS_NOAA21_NRT
0.53744,120.35287,2025-04-20,444,N21,n,2.0NRT,2.73,D,0.44,0.62,,,,,,firms,VIIRS,VIIRS_NOAA21_NRT
0.54036,120.3528,2025-04-20,444,N21,n,2.0NRT,4.11,D,0.44,0.62,,,,,,firms,VIIRS,VIIRS_NOAA21_NRT
1.35422,116.6338,2025-04-20,444,N21,n,2.0NRT,23.72,D,0.77,0.77,,,,,,firms,VIIRS,VIIRS_NOAA21_NRT
1.49355,127.63245,2025-04-20,444,N21,n,2.0NRT,12.31,D,0.44,0.38,,,,,,firms,VIIRS,VIIRS_NOAA21_NRT
1.68718,117.1887,2025-04-20,444,N21,n,2.0NRT,2.9,D,0.7,0.75,,,,,,firms,VIIRS,VIIRS_NOAA21_NRT
2.95654,117.32686,2025-04-20,444,N21,n,2.0NRT,11.99,D,0.65,0.73,,,,,,firms,VIIRS,VIIRS_NOAA21_NRT
-7.04659,107.74643,2025-04-20,622,N21,n,2.0NRT,3.25,D,0.39,0.36,,,,,,firms,VIIRS,VIIRS_NOAA21_NRT
-6.70699,108.33948,2025-04-20,622,N21,n,2.0NRT,3.17,D,0.41,0.37,,,,,,firms,VIIRS,VIIRS_NOAA21_NRT
-6.42017,107.44147,2025-04-20,622,N21,n,2.0NRT,1.89,D,0.39,0.36,,,,,,firms,VIIRS,VIIRS_NOAA21_NRT
-6.38707,107.21502,2025-04-20,622,N21,l,2.0NRT,6.24,D,0.39,0.36,,,,,,firms,VIIRS,VIIRS_NOAA21_NRT
-6.26703,107.20016,2025-04-20,622,N21,l,2.0NRT,4.32,D,0.39,0.36,,,,,,firms,VIIRS,VIIRS_NOAA21_NRT
-6.2291,106.55603,2025-04-20,622,N21,n,2.0NRT,3.83,D,0.38,0.36,,,,,,firms,VIIRS,VIIRS_NOAA21_NRT
-6.00434,105.98101,2025-04-20,622,N21,n,2.0NRT,9.49,D,0.39,0.36,,,,,,firms,VIIRS,VIIRS_NOAA21_NRT
-4.76531,105.76531,2025-04-20,622,N21,n,2.0NRT,3.79,D,0.39,0.36,,,,,,firms,VIIRS,VIIRS_NOAA21_NRT
-2.45872,102.50851,2025-04-20,622,N21,n,2.0NRT,3.63,D,0.47,0.39,,,,,,firms,VIIRS,VIIRS_NOAA21_NRT
-2.30887,101.21994,2025-04-20,622,N21,n,2.0NRT,13.02,D,0.55,0.42,,,,,,firms,VIIRS,VIIRS_NOAA21_NRT
-2.30812,101.22488,2025-04-20,622,N21,n,2.0NRT,8.95,D,0.54,0.42,,,,,,firms,VIIRS,VIIRS_NOAA21_NRT
-2.30111,101.21883,2025-04-20,622,N21,n,2.0NRT,7.01,D,0.55,0.42,,,,,,firms,VIIRS,VIIRS_NOAA21_NRT
-2.18327,101.14955,2025-04-20,622,N21,n,2.0NRT,4.79,D,0.55,0.43,,,,,,firms,VIIRS,VIIRS_NOAA21_NRT
-2.15513,101.14281,2025-04-20,622,N21,n,2.0NRT,3.93,D,0.55,0.43,,,,,,firms,VIIRS,VIIRS_NOAA21_NRT
-2.14777,103.00613,2025-04-20,622,N21,n,2.0NRT,4.06,D,0.44,0.38,,,,,,firms,VIIRS,VIIRS_NOAA21_NRT
-1.41155,100.61869,2025-04-20,622,N21,n,2.0NRT,3.55,D,0.38,0.44,,,,,,firms,VIIRS,VIIRS_NOAA21_NRT
-1.1331,101.38128,2025-04-20,622,N21,n,2.0NRT,5.68,D,0.52,0.41,,,,,,firms,VIIRS,VIIRS_NOAA21_NRT
-0.68288,100.79088,2025-04-20,622,N21,n,2.0NRT,4.12,D,0.55,0.43,,,,,,firms,VIIRS,VIIRS_NOAA21_NRT
-0.43732,116.36443,2025-04-20,622,N21,n,2.0NRT,7.35,D,0.52,0.67,,,,,,firms,VIIRS,VIIRS_NOAA21_NRT
0.59187,116.78286,2025-04-20,622,N21,n,2.0NRT,5.31,D,0.58,0.69,,,,,,firms,VIIRS,VIIRS_NOAA21_NRT
1.31725,116.68587,2025-04-20,622,N21,n,2.0NRT,4.62,D,0.58,0.7,,,,,,firms,VIIRS,VIIRS_NOAA21_NRT
1.32129,111.1592,2025-04-20,622,N21,n,2.0NRT,6.74,D,0.48,0.48,,,,,,firms,VIIRS,VIIRS_NOAA21_NRT
1.32174,111.15974,2025-04-20,622,N21,n,2.0NRT,6.87,D,0.48,0.48,,,,,,firms,VIIRS,VIIRS_NOAA21_NRT
1.35096,116.63312,2025-04-20,622,N21,n,2.0NRT,5.11,D,0.58,0.7,,,,,,firms,VIIRS,VIIRS_NOAA21_NRT
1.36984,117.01974,2025-04-20,622,N21,n,2.0NRT,4.07,D,0.62,0.71,,,,,,firms,VIIRS,VIIRS_NOAA21_NRT
1.45304,103.9696,2025-04-20,622,N21,n,2.0NRT,4.96,D,0.39,0.36,,,,,,firms,VIIRS,VIIRS_NOAA21_NRT
1.48501,117.24889,2025-04-20,622,N21,n,2.0NRT,6.39,D,0.64,0.72,,,,,,firms,VIIRS,VIIRS_NOAA21_NRT
1.49011,117.24973,2025-04-20,622,N21,n,2.0NRT,15.27,D,0.64,0.72,,,,,,firms,VIIRS,VIIRS_NOAA21_NRT
1.49161,117.24792,2025-04-20,622,N21,n,2.0NRT,6.39,D,0.64,0.72,,,,,,firms,VIIRS,VIIRS_NOAA21_NRT
-3.84421,103.61813,2025-04-20,625,N21,n,2.0NRT,3.01,D,0.43,0.38,,,,,,firms,VIIRS,VIIRS_NOAA21_NRT
-3.80668,103.8183,2025-04-20,625,N21,n,2.0NRT,12.86,D,0.42,0.38,,,,,,firms,VIIRS,VIIRS_NOAA21_NRT
-3.43904,101.98096,2025-04-20,625,N21,n,2.0NRT,3.65,D,0.51,0.41,,,,,,firms,VIIRS,VIIRS_NOAA21_NRT
-3.43853,101.97829,2025-04-20,625,N21,n,2.0NRT,2.52,D,0.51,0.41,,,,,,firms,VIIRS,VIIRS_NOAA21_NRT
-3.18292,102.94044,2025-04-20,625,N21,n,2.0NRT,2.65,D,0.45,0.39,,,,,,firms,VIIRS,VIIRS_NOAA21_NRT
-2.56713,102.79475,2025-04-20,625,N21,n,2.0NRT,4.31,D,0.45,0.39,,,,,,firms,VIIRS,VIIRS_NOAA21_NRT
-1.2463,116.81773,2025-04-20,625,N21,n,2.0NRT,3.74,D,0.54,0.68,,,,,,firms,VIIRS,VIIRS_NOAA21_NRT
-1.24058,116.81787,2025-04-20,625,N21,n,2.0NRT,7.36,D,0.54,0.68,,,,,,firms,VIIRS,VIIRS_NOAA21_NRT
-1.24012,116.81674,2025-04-20,625,N21,n,2.0NRT,5.88,D,0.54,0.68,,,,,,firms,VIIRS,VIIRS_NOAA21_NRT
-0.43798,116.36782,2025-04-20,625,N21,n,2.0NRT,8.33,D,0.52,0.67,,,,,,firms,VIIRS,VIIRS_NOAA21_NRT
1.59058,103.64491,2025-04-20,625,N21,l,2.0NRT,6.27,D,0.39,0.37,,,,,,firms,VIIRS,VIIRS_NOAA21_NRT
1.67349,101.47343,2025-04-20,625,N21,n,2.0NRT,5.11,D,0.47,0.4,,,,,,firms,VIIRS,VIIRS_NOAA21_NRT
3.08527,101.72038,2025-04-20,625,N21,l,2.0NRT,6.57,D,0.44,0.39,,,,,,firms,VIIRS,VIIRS_NOAA21_NRT
3.2772,113.06466,2025-04-20,625,N21,n,2.0NRT,4.22,D,0.35,0.57,,,,,,firms,VIIRS,VIIRS_NOAA21_NRT
3.27853,113.07375,2025-04-20,625,N21,n,2.0NRT,2.58,D,0.35,0.57,,,,,,firms,VIIRS,VIIRS_NOAA21_NRT
3.2853,113.30392,2025-04-20,625,N21,n,2.0NRT,9.39,D,0.36,0.58,,,,,,firms,VIIRS,VIIRS_NOAA21_NRT
3.28555,113.0856,2025-04-20,625,N21,n,2.0NRT,5.1,D,0.35,0.57,,,,,,firms,VIIRS,VIIRS_NOAA21_NRT
3.29075,113.085,2025-04-20,625,N21,n,2.0NRT,5.1,D,0.35,0.57,,,,,,firms,VIIRS,VIIRS_NOAA21_NRT
3.29238,113.13223,2025-04-20,625,N21,n,2.0NRT,2.65,D,0.35,0.57,,,,,,firms,VIIRS,VIIRS_NOAA21_NRT
3.34962,112.68282,2025-04-20,625,N21,n,2.0NRT,1.93,D,0.33,0.55,,,,,,firms,VIIRS,VIIRS_NOAA21_NRT
3.5228,113.3121,2025-04-20,625,N21,n,2.0NRT,4.81,D,0.37,0.58,,,,,,firms,VIIRS,VIIRS_NOAA21_NRT
4.00384,103.34562,2025-04-20,625,N21,l,2.0NRT,6.04,D,0.39,0.36,,,,,,firms,VIIRS,VIIRS_NOAA21_NRT
4.00477,113.91359,2025-04-20,625,N21,n,2.0NRT,2.54,D,0.41,0.61,,,,,,firms,VIIRS,VIIRS_NOAA21_NRT
4.0077,103.34859,2025-04-20,625,N21,n,2.0NRT,3.75,D,0.39,0.36,,,,,,firms,VIIRS,VIIRS_NOAA21_NRT
4.04429,113.8753,2025-04-20,625,N21,n,2.0NRT,4.1,D,0.41,0.6,,,,,,firms,VIIRS,VIIRS_NOAA21_NRT
4.55002,113.62481,2025-04-20,625,N21,n,2.0NRT,4.76,D,0.4,0.6,,,,,,firms,VIIRS,VIIRS_NOAA21_NRT
4.55528,103.4577,2025-04-20,625,N21,n,2.0NRT,10.28,D,0.39,0.36,,,,,,firms,VIIRS,VIIRS_NOAA21_NRT
4.73987,113.73014,2025-04-20,625,N21,n,2.0NRT,5.31,D,0.41,0.61,,,,,,firms,VIIRS,VIIRS_NOAA21_NRT
4.97901,112.98434,2025-04-20,625,N21,h,2.0NRT,9.59,D,0.37,0.58,,,,,,firms,VIIRS,VIIRS_NOAA21_NRT
4.3743,117.51292,2025-04-20,1722,N21,n,2.0NRT,1.83,N,0.49,0.41,,,,,,firms,VIIRS,VIIRS_NOAA21_NRT
4.68523,114.15675,2025-04-20,1722,N21,n,2.0NRT,4.99,N,0.54,0.51,,,,,,firms,VIIRS,VIIRS_NOAA21_NRT
-2.88025,122.16173,2025-04-20,1724,N21,n,2.0NRT,0.86,N,0.44,0.38,,,,,,firms,VIIRS,VIIRS_NOAA21_NRT
-2.87964,122.15778,2025-04-20,1724,N21,n,2.0NRT,0.86,N,0.44,0.38,,,,,,firms,VIIRS,VIIRS_NOAA21_NRT
-2.82883,122.17789,2025-04-20,1724,N21,n,2.0NRT,0.97,N,0.44,0.38,,,,,,firms,VIIRS,VIIRS_NOAA21_NRT
-1.56455,127.42889,2025-04-20,1724,N21,n,2.0NRT,1.36,N,0.58,0.52,,,,,,firms,VIIRS,VIIRS_NOAA21_NRT
-1.56429,127.42801,2025-04-20,1724,N21,n,2.0NRT,1.84,N,0.58,0.52,,,,,,firms,VIIRS,VIIRS_NOAA21_NRT
-1.56379,127.42403,2025-04-20,1724,N21,n,2.0NRT,1.36,N,0.58,0.52,,,,,,firms,VIIRS,VIIRS_NOAA21_NRT
-1.4577,127.43549,2025-04-20,1724,N21,n,2.0NRT,8.16,N,0.58,0.52,,,,,,firms,VIIRS,VIIRS_NOAA21_NRT
-1.45763,127.4361,2025-04-20,1724,N21,n,2.0NRT,9.79,N,0.58,0.52,,,,,,firms,VIIRS,VIIRS_NOAA21_NRT
0.67576,117.56573,2025-04-20,1724,N21,n,2.0NRT,2.43,N,0.45,0.39,,,,,,firms,VIIRS,VIIRS_NOAA21_NRT
0.68348,117.56277,2025-04-20,1724,N21,n,2.0NRT,1.36,N,0.45,0.39,,,,,,firms,VIIRS,VIIRS_NOAA21_NRT
0.6841,117.5588,2025-04-20,1724,N21,n,2.0NRT,1.36,N,0.45,0.39,,,,,,firms,VIIRS,VIIRS_NOAA21_NRT
0.68827,117.55534,2025-04-20,1724,N21,n,2.0NRT,0.97,N,0.45,0.39,,,,,,firms,VIIRS,VIIRS_NOAA21_NRT
-8.54027,122.76664,2025-04-20,1726,N21,n,2.0NRT,3.35,N,0.54,0.42,,,,,,firms,VIIRS,VIIRS_NOAA21_NRT
-8.53638,122.76713,2025-04-20,1726,N21,n,2.0NRT,3.35,N,0.54,0.42,,,,,,firms,VIIRS,VIIRS_NOAA21_NRT
-8.41309,117.98075,2025-04-20,1726,N21,n,2.0NRT,1.01,N,0.38,0.36,,,,,,firms,VIIRS,VIIRS_NOAA21_NRT
-8.27472,123.50956,2025-04-20,1726,N21,n,2.0NRT,3.96,N,0.4,0.44,,,,,,firms,VIIRS,VIIRS_NOAA21_NRT
-8.11452,112.92527,2025-04-20,1726,N21,n,2.0NRT,0.86,N,0.42,0.45,,,,,,firms,VIIRS,VIIRS_NOAA21_NRT
-8.11396,112.92196,2025-04-20,1726,N21,n,2.0NRT,1.09,N,0.42,0.45,,,,,,firms,VIIRS,VIIRS_NOAA21_NRT
-7.24175,111.73195,2025-04-20,1726,N21,n,2.0NRT,1.52,N,0.51,0.5,,,,,,firms,VIIRS,VIIRS_NOAA21_NRT
-6.48127,106.89848,2025-04-20,1726,N21,n,2.0NRT,1.5,N,0.57,0.69,,,,,,firms,VIIRS,VIIRS_NOAA21_NRT
-6.00929,105.98266,2025-04-20,1726,N21,n,2.0NRT,2.23,N,0.67,0.73,,,,,,firms,VIIRS,VIIRS_NOAA21_NRT
-3.9047,122.41718,2025-04-20,1726,N21,n,2.0NRT,4.12,N,0.46,0.39,,,,,,firms,VIIRS,VIIRS_NOAA21_NRT
-3.90173,122.42185,2025-04-20,1726,N21,n,2.0NRT,1.81,N,0.46,0.39,,,,,,firms,VIIRS,VIIRS_NOAA21_NRT
0.68136,101.11829,2025-04-20,1904,N21,n,2.0NRT,0.97,N,0.47,0.47,,,,,,firms,VIIRS,VIIRS_NOAA21_NRT
1.26239,101.13455,2025-04-20,1904,N21,n,2.0NRT,1.08,N,0.46,0.47,,,,,,firms,VIIRS,VIIRS_NOAA21_NRT
1.37863,104.16271,2025-04-20,1904,N21,n,2.0NRT,0.49,N,0.37,0.58,,,,,,firms,VIIRS,VIIRS_NOAA21_NRT
1.67187,101.47926,2025-04-20,1904,N21,n,2.0NRT,2.14,N,0.48,0.48,,,,,,firms,VIIRS,VIIRS_NOAA21_NRT
1.67254,101.47504,2025-04-20,1904,N21,n,2.0NRT,3.34,N,0.48,0.48,,,,,,firms,VIIRS,VIIRS_NOAA21_NRT
4.60227,95.75213,2025-04-20,1904,N21,n,2.0NRT,0.5,N,0.38,0.36,,,,,,firms,VIIRS,VIIRS_NOAA21_NRT
5.22155,97.07295,2025-04-20,1904,N21,n,2.0NRT,0.55,N,0.39,0.36,,,,,,firms,VIIRS,VIIRS_NOAA21_NRT
5.22488,97.07347,2025-04-20,1904,N21,n,2.0NRT,1.7,N,0.39,0.36,,,,,,firms,VIIRS,VIIRS_NOAA21_NRT
5.37106,104.89814,2025-04-20,1904,N21,n,2.0NRT,3.1,N,0.36,0.57,,,,,,firms,VIIRS,VIIRS_NOAA21_NRT
5.37159,104.89497,2025-04-20,1904,N21,n,2.0NRT,3.1,N,0.36,0.57,,,,,,firms,VIIRS,VIIRS_NOAA21_NRT
5.64877,104.98087,2025-04-20,1904,N21,n,2.0NRT,4.4,N,0.36,0.57,,,,,,firms,VIIRS,VIIRS_NOAA21_NRT
-2.5213,103.15611,2025-04-20,1906,N21,n,2.0NRT,0.38,N,0.36,0.57,,,,,,firms,VIIRS,VIIRS_NOAA21_NRT
-6.63349,139.05026,2025-04-21,421,N21,n,2.0NRT,4.69,D,0.43,0.38,,,,,,firms,VIIRS,VIIRS_NOAA21_NRT
-3.40928,135.36911,2025-04-21,421,N21,n,2.0NRT,2.23,D,0.39,0.36,,,,,,firms,VIIRS,VIIRS_NOAA21_NRT
-2.65427,140.80965,2025-04-21,421,N21,n,2.0NRT,2.72,D,0.39,0.44,,,,,,firms,VIIRS,VIIRS_NOAA21_NRT
-2.64118,140.81456,2025-04-21,421,N21,n,2.0NRT,3.5,D,0.39,0.44,,,,,,firms,VIIRS,VIIRS_NOAA21_NRT
-9.08742,117.07891,2025-04-21,601,N21,n,2.0NRT,4.21,D,0.4,0.44,,,,,,firms,VIIRS,VIIRS_NOAA21_NRT
-9.08484,117.04532,2025-04-21,601,N21,n,2.0NRT,2.68,D,0.39,0.44,,,,,,firms,VIIRS,VIIRS_NOAA21_NRT
-1.95755,110.41928,2025-04-21,603,N21,n,2.0NRT,2.23,D,0.38,0.36,,,,,,firms,VIIRS,VIIRS_NOAA21_NRT
-0.04955,100.88707,2025-04-21,605,N21,h,2.0NRT,19.98,D,0.37,0.58,,,,,,firms,VIIRS,VIIRS_NOAA21_NRT
-0.04894,100.88569,2025-04-21,605,N21,n,2.0NRT,12.0,D,0.37,0.58,,,,,,firms,VIIRS,VIIRS_NOAA21_NRT
-0.04848,100.88869,2025-04-21,605,N21,h,2.0NRT,18.17,D,0.37,0.58,,,,,,firms,VIIRS,VIIRS_NOAA21_NRT
-0.04436,100.88568,2025-04-21,605,N21,n,2.0NRT,34.32,D,0.37,0.58,,,,,,firms,VIIRS,VIIRS_NOAA21_NRT
-0.04386,100.88881,2025-04-21,605,N21,n,2.0NRT,34.32,D,0.37,0.58,,,,,,firms,VIIRS,VIIRS_NOAA21_NRT
-0.04373,100.88432,2025-04-21,605,N21,n,2.0NRT,42.31,D,0.37,0.58,,,,,,firms,VIIRS,VIIRS_NOAA21_NRT
-0.04325,100.88747,2025-04-21,605,N21,h,2.0NRT,55.02,D,0.37,0.58,,,,,,firms,VIIRS,VIIRS_NOAA21_NRT
0.14675,100.80145,2025-04-21,605,N21,n,2.0NRT,4.26,D,0.37,0.58,,,,,,firms,VIIRS,VIIRS_NOAA21_NRT
1.58254,110.41451,2025-04-21,605,N21,l,2.0NRT,4.84,D,0.39,0.36,,,,,,firms,VIIRS,VIIRS_NOAA21_NRT
2.10383,102.60801,2025-04-21,605,N21,n,2.0NRT,6.58,D,0.52,0.5,,,,,,firms,VIIRS,VIIRS_NOAA21_NRT
3.28475,113.08302,2025-04-21,605,N21,n,2.0NRT,34.75,D,0.51,0.41,,,,,,firms,VIIRS,VIIRS_NOAA21_NRT
3.28918,113.08703,2025-04-21,605,N21,n,2.0NRT,7.01,D,0.51,0.41,,,,,,firms,VIIRS,VIIRS_NOAA21_NRT
3.73488,103.30793,2025-04-21,605,N21,n,2.0NRT,6.41,D,0.44,0.46,,,,,,firms,VIIRS,VIIRS_NOAA21_NRT
3.9491,116.88127,2025-04-21,605,N21,n,2.0NRT,6.1,D,0.61,0.54,,,,,,firms,VIIRS,VIIRS_NOAA21_NRT
4.02214,103.34321,2025-04-21,605,N21,n,2.0NRT,6.18,D,0.43,0.46,,,,,,firms,VIIRS,VIIRS_NOAA21_NRT
4.7064,114.44419,2025-04-21,605,N21,n,2.0NRT,8.94,D,0.43,0.46,,,,,,firms,VIIRS,VIIRS_NOAA21_NRT
5.21238,114.74577,2025-04-21,605,N21,n,2.0NRT,6.54,D,0.46,0.47,,,,,,firms,VIIRS,VIIRS_NOAA21_NRT
5.21386,114.74493,2025-04-21,605,N21,n,2.0NRT,6.05,D,0.46,0.47,,,,,,firms,VIIRS,VIIRS_NOAA21_NRT
5.46402,116.17574,2025-04-21,605,N21,n,2.0NRT,4.72,D,0.58,0.52,,,,,,firms,VIIRS,VIIRS_NOAA21_NRT
5.65429,116.94929,2025-04-21,605,N21,n,2.0NRT,2.34,D,0.33,0.55,,,,,,firms,VIIRS,VIIRS_NOAA21_NRT
5.87532,114.29869,2025-04-21,605,N21,n,2.0NRT,4.37,D,0.44,0.46,,,,,,firms,VIIRS,VIIRS_NOAA21_NRT
4.9219,103.31372,2025-04-21,608,N21,n,2.0NRT,3.38,D,0.42,0.45,,,,,,firms,VIIRS,VIIRS_NOAA21_NRT
5.14108,103.22144,2025-04-21,608,N21,n,2.0NRT,3.4,D,0.42,0.46,,,,,,firms,VIIRS,VIIRS_NOAA21_NRT
5.15419,102.93041,2025-04-21,608,N21,n,2.0NRT,6.43,D,0.44,0.46,,,,,,firms,VIIRS,VIIRS_NOAA21_NRT
5.15438,102.92984,2025-04-21,608,N21,n,2.0NRT,6.39,D,0.44,0.46,,,,,,firms,VIIRS,VIIRS_NOAA21_NRT
4.39025,95.99191,2025-04-21,748,N21,n,2.0NRT,3.69,D,0.64,0.72,,,,,,firms,VIIRS,VIIRS_NOAA21_NRT
-3.87231,122.40303,2025-04-21,1705,N21,n,2.0NRT,1.44,N,0.41,0.37,,,,,,firms,VIIRS,VIIRS_NOAA21_NRT
-3.87116,122.39574,2025-04-21,1705,N21,n,2.0NRT,0.93,N,0.41,0.37,,,,,,firms,VIIRS,VIIRS_NOAA21_NRT
-3.87058,122.3921,2025-04-21,1705,N21,n,2.0NRT,0.93,N,0.41,0.37,,,,,,firms,VIIRS,VIIRS_NOAA21_NRT
-2.88154,122.15429,2025-04-21,1705,N21,n,2.0NRT,1.49,N,0.42,0.38,,,,,,firms,VIIRS,VIIRS_NOAA21_NRT
-2.88042,122.16965,2025-04-21,1705,N21,n,2.0NRT,1.11,N,0.42,0.38,,,,,,firms,VIIRS,VIIRS_NOAA21_NRT
-2.87984,122.16594,2025-04-21,1705,N21,n,2.0NRT,1.11,N,0.42,0.38,,,,,,firms,VIIRS,VIIRS_NOAA21_NRT
-2.87925,122.16221,2025-04-21,1705,N21,n,2.0NRT,1.75,N,0.42,0.38,,,,,,firms,VIIRS,VIIRS_NOAA21_NRT
-2.87866,122.15848,2025-04-21,1705,N21,n,2.0NRT,1.75,N,0.42,0.38,,,,,,firms,VIIRS,VIIRS_NOAA21_NRT
-2.87808,122.15474,2025-04-21,1705,N21,n,2.0NRT,1.49,N,0.42,0.38,,,,,,firms,VIIRS,VIIRS_NOAA21_NRT
-2.8758,122.16271,2025-04-21,1705,N21,n,2.0NRT,2.0,N,0.42,0.38,,,,,,firms,VIIRS,VIIRS_NOAA21_NRT
-2.86368,122.15307,2025-04-21,1705,N21,n,2.0NRT,1.48,N,0.42,0.38,,,,,,firms,VIIRS,VIIRS_NOAA21_NRT
-2.8614,122.16107,2025-04-21,1705,N21,n,2.0NRT,1.67,N,0.42,0.38,,,,,,firms,VIIRS,VIIRS_NOAA21_NRT
-2.85166,122.16646,2025-04-21,1705,N21,n,2.0NRT,1.21,N,0.42,0.38,,,,,,firms,VIIRS,VIIRS_NOAA21_NRT
-2.84058,122.14114,2025-04-21,1705,N21,n,2.0NRT,2.67,N,0.42,0.38,,,,,,firms,VIIRS,VIIRS_NOAA21_NRT
-2.83154,122.17332,2025-04-21,1705,N21,n,2.0NRT,4.28,N,0.42,0.38,,,,,,firms,VIIRS,VIIRS_NOAA21_NRT
-2.82808,122.17379,2025-04-21,1705,N21,n,2.0NRT,5.09,N,0.42,0.38,,,,,,firms,VIIRS,VIIRS_NOAA21_NRT
-2.82508,122.15493,2025-04-21,1705,N21,n,2.0NRT,1.7,N,0.42,0.38,,,,,,firms,VIIRS,VIIRS_NOAA21_NRT
-2.16706,115.57479,2025-04-21,1705,N21,n,2.0NRT,1.22,N,0.36,0.57,,,,,,firms,VIIRS,VIIRS_NOAA21_NRT
-2.16288,115.58201,2025-04-21,1705,N21,n,2.0NRT,1.52,N,0.36,0.57,,,,,,firms,VIIRS,VIIRS_NOAA21_NRT
-1.89186,115.86524,2025-04-21,1705,N21,n,2.0NRT,0.39,N,0.35,0.57,,,,,,firms,VIIRS,VIIRS_NOAA21_NRT
0.48113,127.98979,2025-04-21,1705,N21,n,2.0NRT,2.05,N,0.45,0.39,,,,,,firms,VIIRS,VIIRS_NOAA21_NRT
0.48469,127.99031,2025-04-21,1705,N21,n,2.0NRT,2.13,N,0.45,0.39,,,,,,firms,VIIRS,VIIRS_NOAA21_NRT
0.48532,127.98628,2025-04-21,1705,N21,n,2.0NRT,2.84,N,0.45,0.39,,,,,,firms,VIIRS,VIIRS_NOAA21_NRT
0.48723,127.97406,2025-04-21,1705,N21,n,2.0NRT,2.46,N,0.45,0.39,,,,,,firms,VIIRS,VIIRS_NOAA21_NRT
0.4931,127.98312,2025-04-21,1705,N21,n,2.0NRT,1.63,N,0.45,0.39,,,,,,firms,VIIRS,VIIRS_NOAA21_NRT
1.49454,127.63543,2025-04-21,1705,N21,n,2.0NRT,2.67,N,0.43,0.38,,,,,,firms,VIIRS,VIIRS_NOAA21_NRT
1.49514,127.63165,2025-04-21,1705,N21,n,2.0NRT,2.67,N,0.43,0.38,,,,,,firms,VIIRS,VIIRS_NOAA21_NRT
1.51493,127.93872,2025-04-21,1705,N21,n,2.0NRT,2.46,N,0.44,0.38,,,,,,firms,VIIRS,VIIRS_NOAA21_NRT
4.37422,117.51131,2025-04-21,1705,N21,n,2.0NRT,1.26,N,0.34,0.56,,,,,,firms,VIIRS,VIIRS_NOAA21_NRT
-8.53956,122.76757,2025-04-21,1707,N21,n,2.0NRT,1.48,N,0.38,0.36,,,,,,firms,VIIRS,VIIRS_NOAA21_NRT
-8.53626,122.76809,2025-04-21,1707,N21,n,2.0NRT,3.04,N,0.38,0.36,,,,,,firms,VIIRS,VIIRS_NOAA21_NRT
-8.27467,123.50913,2025-04-21,1707,N21,n,2.0NRT,6.67,N,0.39,0.36,,,,,,firms,VIIRS,VIIRS_NOAA21_NRT
-8.27413,123.50562,2025-04-21,1707,N21,n,2.0NRT,6.67,N,0.39,0.36,,,,,,firms,VIIRS,VIIRS_NOAA21_NRT
-8.27136,123.50963,2025-04-21,1707,N21,n,2.0NRT,0.4,N,0.39,0.36,,,,,,firms,VIIRS,VIIRS_NOAA21_NRT
-8.27082,123.50612,2025-04-21,1707,N21,n,2.0NRT,0.4,N,0.39,0.36,,,,,,firms,VIIRS,VIIRS_NOAA21_NRT
-8.11245,112.92371,2025-04-21,1707,N21,n,2.0NRT,4.56,N,0.44,0.62,,,,,,firms,VIIRS,VIIRS_NOAA21_NRT
-8.11177,112.91998,2025-04-21,1707,N21,n,2.0NRT,5.86,N,0.44,0.62,,,,,,firms,VIIRS,VIIRS_NOAA21_NRT
-1.24461,116.81186,2025-04-21,1707,N21,n,2.0NRT,2.82,N,0.61,0.54,,,,,,firms,VIIRS,VIIRS_NOAA21_NRT
5.22253,97.07178,2025-04-21,1845,N21,n,2.0NRT,1.61,N,0.49,0.41,,,,,,firms,VIIRS,VIIRS_NOAA21_NRT
-7.70402,108.99639,2025-04-21,1847,N21,n,2.0NRT,1.42,N,0.51,0.66,,,,,,firms,VIIRS,VIIRS_NOAA21_NRT
-8.63796,116.865,2025-04-22,544,N21,n,2.0NRT,2.46,D,0.38,0.36,,,,,,firms,VIIRS,VIIRS_NOAA21_NRT
-8.58445,118.36602,2025-04-22,544,N21,n,2.0NRT,2.62,D,0.41,0.37,,,,,,firms,VIIRS,VIIRS_NOAA21_NRT
-8.56324,116.86337,2025-04-22,544,N21,l,2.0NRT,3.16,D,0.38,0.36,,,,,,firms,VIIRS,VIIRS_NOAA21_NRT
-8.55657,118.29336,2025-04-22,544,N21,n,2.0NRT,1.89,D,0.41,0.37,,,,,,firms,VIIRS,VIIRS_NOAA21_NRT
-8.51873,118.29118,2025-04-22,544,N21,n,2.0NRT,2.14,D,0.41,0.37,,,,,,firms,VIIRS,VIIRS_NOAA21_NRT
-7.92115,112.65276,2025-04-22,544,N21,n,2.0NRT,5.58,D,0.5,0.41,,,,,,firms,VIIRS,VIIRS_NOAA21_NRT
-4.97342,120.22553,2025-04-22,544,N21,n,2.0NRT,5.29,D,0.54,0.42,,,,,,firms,VIIRS,VIIRS_NOAA21_NRT
-4.61127,120.03088,2025-04-22,544,N21,n,2.0NRT,5.69,D,0.54,0.42,,,,,,firms,VIIRS,VIIRS_NOAA21_NRT
-4.1747,114.69019,2025-04-22,546,N21,n,2.0NRT,7.21,D,0.39,0.36,,,,,,firms,VIIRS,VIIRS_NOAA21_NRT
-3.80781,103.82025,2025-04-22,546,N21,n,2.0NRT,5.62,D,0.57,0.69,,,,,,firms,VIIRS,VIIRS_NOAA21_NRT
-3.78774,119.70073,2025-04-22,546,N21,n,2.0NRT,8.76,D,0.53,0.42,,,,,,firms,VIIRS,VIIRS_NOAA21_NRT
-3.78646,119.70342,2025-04-22,546,N21,n,2.0NRT,3.54,D,0.53,0.42,,,,,,firms,VIIRS,VIIRS_NOAA21_NRT
-3.74176,119.64538,2025-04-22,546,N21,n,2.0NRT,2.44,D,0.52,0.42,,,,,,firms,VIIRS,VIIRS_NOAA21_NRT
-2.6988,103.04971,2025-04-22,546,N21,n,2.0NRT,3.12,D,0.62,0.71,,,,,,firms,VIIRS,VIIRS_NOAA21_NRT
-2.57575,121.38006,2025-04-22,546,N21,n,2.0NRT,14.66,D,0.47,0.47,,,,,,firms,VIIRS,VIIRS_NOAA21_NRT
-2.57506,121.38429,2025-04-22,546,N21,n,2.0NRT,23.27,D,0.47,0.47,,,,,,firms,VIIRS,VIIRS_NOAA21_NRT
-2.27772,102.84093,2025-04-22,546,N21,n,2.0NRT,6.85,D,0.63,0.72,,,,,,firms,VIIRS,VIIRS_NOAA21_NRT
-2.24585,102.78454,2025-04-22,546,N21,n,2.0NRT,14.3,D,0.64,0.72,,,,,,firms,VIIRS,VIIRS_NOAA21_NRT
-2.24502,102.79023,2025-04-22,546,N21,n,2.0NRT,17.2,D,0.64,0.72,,,,,,firms,VIIRS,VIIRS_NOAA21_NRT
-2.21242,115.49708,2025-04-22,546,N21,n,2.0NRT,3.57,D,0.38,0.36,,,,,,firms,VIIRS,VIIRS_NOAA21_NRT
-2.20913,115.49659,2025-04-22,546,N21,n,2.0NRT,4.63,D,0.38,0.36,,,,,,firms,VIIRS,VIIRS_NOAA21_NRT
-2.16195,115.58433,2025-04-22,546,N21,n,2.0NRT,1.99,D,0.39,0.36,,,,,,firms,VIIRS,VIIRS_NOAA21_NRT
-2.15865,115.58382,2025-04-22,546,N21,n,2.0NRT,1.99,D,0.39,0.36,,,,,,firms,VIIRS,VIIRS_NOAA21_NRT
-2.15542,103.036,2025-04-22,546,N21,n,2.0NRT,5.06,D,0.61,0.71,,,,,,firms,VIIRS,VIIRS_NOAA21_NRT
-1.89469,115.86353,2025-04-22,546,N21,n,2.0NRT,4.15,D,0.39,0.36,,,,,,firms,VIIRS,VIIRS_NOAA21_NRT
-1.89138,115.86303,2025-04-22,546,N21,n,2.0NRT,4.15,D,0.39,0.36,,,,,,firms,VIIRS,VIIRS_NOAA21_NRT
-1.57281,112.47795,2025-04-22,546,N21,n,2.0NRT,2.77,D,0.44,0.38,,,,,,firms,VIIRS,VIIRS_NOAA21_NRT
-1.23676,113.48678,2025-04-22,546,N21,n,2.0NRT,4.75,D,0.4,0.37,,,,,,firms,VIIRS,VIIRS_NOAA21_NRT
0.6085,116.75449,2025-04-22,546,N21,n,2.0NRT,5.1,D,0.42,0.38,,,,,,firms,VIIRS,VIIRS_NOAA21_NRT
1.37815,104.15831,2025-04-22,546,N21,n,2.0NRT,5.79,D,0.45,0.63,,,,,,firms,VIIRS,VIIRS_NOAA21_NRT
1.49789,117.19138,2025-04-22,546,N21,n,2.0NRT,4.15,D,0.45,0.39,,,,,,firms,VIIRS,VIIRS_NOAA21_NRT
1.50144,117.19084,2025-04-22,546,N21,n,2.0NRT,2.78,D,0.45,0.39,,,,,,firms,VIIRS,VIIRS_NOAA21_NRT
2.19031,116.9315,2025-04-22,546,N21,n,2.0NRT,8.29,D,0.45,0.39,,,,,,firms,VIIRS,VIIRS_NOAA21_NRT
2.34631,116.8119,2025-04-22,546,N21,n,2.0NRT,2.95,D,0.44,0.38,,,,,,firms,VIIRS,VIIRS_NOAA21_NRT
2.99324,117.32684,2025-04-22,546,N21,n,2.0NRT,9.01,D,0.47,0.4,,,,,,firms,VIIRS,VIIRS_NOAA21_NRT
3.54604,116.88885,2025-04-22,548,N21,n,2.0NRT,2.61,D,0.46,0.39,,,,,,firms,VIIRS,VIIRS_NOAA21_NRT
3.85027,116.86686,2025-04-22,548,N21,n,2.0NRT,11.28,D,0.46,0.39,,,,,,firms,VIIRS,VIIRS_NOAA21_NRT
4.25411,117.39638,2025-04-22,548,N21,n,2.0NRT,3.61,D,0.49,0.41,,,,,,firms,VIIRS,VIIRS_NOAA21_NRT
4.70002,113.94121,2025-04-22,548,N21,n,2.0NRT,2.86,D,0.38,0.36,,,,,,firms,VIIRS,VIIRS_NOAA21_NRT
4.74168,113.72758,2025-04-22,548,N21,n,2.0NRT,3.01,D,0.38,0.36,,,,,,firms,VIIRS,VIIRS_NOAA21_NRT
-2.61245,102.59412,2025-04-22,726,N21,n,2.0NRT,39.39,D,0.67,0.73,,,,,,firms,VIIRS,VIIRS_NOAA21_NRT
-2.61141,102.60048,2025-04-22,726,N21,l,2.0NRT,48.27,D,0.67,0.73,,,,,,firms,VIIRS,VIIRS_NOAA21_NRT
-2.52076,102.77151,2025-04-22,726,N21,n,2.0NRT,9.55,D,0.69,0.74,,,,,,firms,VIIRS,VIIRS_NOAA21_NRT
-2.28059,102.84111,2025-04-22,726,N21,n,2.0NRT,7.11,D,0.7,0.75,,,,,,firms,VIIRS,VIIRS_NOAA21_NRT
-2.2492,102.78745,2025-04-22,726,N21,n,2.0NRT,12.3,D,0.69,0.75,,,,,,firms,VIIRS,VIIRS_NOAA21_NRT
-1.98887,101.01915,2025-04-22,726,N21,n,2.0NRT,5.05,D,0.53,0.67,,,,,,firms,VIIRS,VIIRS_NOAA21_NRT
-1.44621,100.64273,2025-04-22,726,N21,n,2.0NRT,3.8,D,0.51,0.66,,,,,,firms,VIIRS,VIIRS_NOAA21_NRT
-1.4594,127.43739,2025-04-22,1645,N21,n,2.0NRT,5.04,N,0.42,0.37,,,,,,firms,VIIRS,VIIRS_NOAA21_NRT
-8.27276,123.50687,2025-04-22,1648,N21,n,2.0NRT,2.43,N,0.54,0.42,,,,,,firms,VIIRS,VIIRS_NOAA21_NRT
-2.17618,115.57539,2025-04-22,1648,N21,n,2.0NRT,3.41,N,0.77,0.77,,,,,,firms,VIIRS,VIIRS_NOAA21_NRT
-2.16913,115.57665,2025-04-22,1648,N21,n,2.0NRT,3.41,N,0.77,0.77,,,,,,firms,VIIRS,VIIRS_NOAA21_NRT
-10.09189,120.71357,2025-04-22,1650,N21,n,2.0NRT,0.7,N,0.5,0.49,,,,,,firms,VIIRS,VIIRS_NOAA21_NRT
-8.92345,116.76352,2025-04-22,1650,N21,n,2.0NRT,0.31,N,0.49,0.65,,,,,,firms,VIIRS,VIIRS_NOAA21_NRT
4.0208,103.34066,2025-04-22,1826,N21,n,2.0NRT,0.56,N,0.41,0.37,,,,,,firms,VIIRS,VIIRS_NOAA21_NRT
4.02421,103.34119,2025-04-22,1826,N21,n,2.0NRT,0.56,N,0.41,0.37,,,,,,firms,VIIRS,VIIRS_NOAA21_NRT
4.60039,96.75055,2025-04-22,1826,N21,n,2.0NRT,1.75,N,0.35,0.56,,,,,,firms,VIIRS,VIIRS_NOAA21_NRT
5.22491,97.07127,2025-04-22,1826,N21,n,2.0NRT,0.56,N,0.34,0.56,,,,,,firms,VIIRS,VIIRS_NOAA21_NRT
-7.23941,111.73465,2025-04-22,1828,N21,n,2.0NRT,1.94,N,0.36,0.58,,,,,,firms,VIIRS,VIIRS_NOAA21_NRT
-7.23895,111.73556,2025-04-22,1828,N21,n,2.0NRT,1.9,N,0.36,0.58,,,,,,firms,VIIRS,VIIRS_NOAA21_NRT
-6.54641,108.09379,2025-04-22,1828,N21,n,2.0NRT,1.26,N,0.4,0.44,,,,,,firms,VIIRS,VIIRS_NOAA21_NRT
-6.18443,106.35326,2025-04-22,1828,N21,n,2.0NRT,0.71,N,0.47,0.4,,,,,,firms,VIIRS,VIIRS_NOAA21_NRT
-6.009,105.97755,2025-04-22,1828,N21,n,2.0NRT,0.75,N,0.45,0.39,,,,,,firms,VIIRS,VIIRS_NOAA21_NRT
-2.17149,115.56577,2025-04-22,1828,N21,n,2.0NRT,1.74,N,0.57,0.69,,,,,,firms,VIIRS,VIIRS_NOAA21_NRT
-2.16116,115.58305,2025-04-22,1828,N21,n,2.0NRT,8.43,N,0.57,0.69,,,,,,firms,VIIRS,VIIRS_NOAA21_NRT
-2.16039,115.57785,2025-04-22,1828,N21,n,2.0NRT,11.61,N,0.57,0.69,,,,,,firms,VIIRS,VIIRS_NOAA21_NRT
-1.5756,103.6843,2025-04-22,1828,N21,n,2.0NRT,2.05,N,0.38,0.36,,,,,,firms,VIIRS,VIIRS_NOAA21_NRT
-1.57283,103.68824,2025-04-22,1828,N21,n,2.0NRT,2.05,N,0.38,0.36,,,,,,firms,VIIRS,VIIRS_NOAA21_NRT
-1.51368,112.57281,2025-04-22,1828,N21,n,2.0NRT,0.67,N,0.34,0.56,,,,,,firms,VIIRS,VIIRS_NOAA21_NRT
-0.74987,102.24128,2025-04-22,1828,N21,n,2.0NRT,1.65,N,0.41,0.37,,,,,,firms,VIIRS,VIIRS_NOAA21_NRT
0.91826,104.66195,2025-04-22,1828,N21,n,2.0NRT,2.17,N,0.38,0.36,,,,,,firms,VIIRS,VIIRS_NOAA21_NRT
-8.65359,115.17838,2025-04-22,1830,N21,n,2.0NRT,4.29,N,0.66,0.73,,,,,,firms,VIIRS,VIIRS_NOAA21_NRT
-8.65058,115.18289,2025-04-22,1830,N21,n,2.0NRT,3.36,N,0.66,0.73,,,,,,firms,VIIRS,VIIRS_NOAA21_NRT
-8.64982,115.17688,2025-04-22,1830,N21,n,2.0NRT,3.1,N,0.66,0.73,,,,,,firms,VIIRS,VIIRS_NOAA21_NRT
-7.70396,108.9959,2025-04-22,1830,N21,n,2.0NRT,3.32,N,0.48,0.48,,,,,,firms,VIIRS,VIIRS_NOAA21_NRT
-2.22449,136.4129,2025-04-23,347,N21,n,2.0NRT,4.54,D,0.36,0.58,,,,,,firms,VIIRS,VIIRS_NOAA21_NRT
-2.22404,136.41371,2025-04-23,347,N21,n,2.0NRT,7.63,D,0.36,0.58,,,,,,firms,VIIRS,VIIRS_NOAA21_NRT
-9.10563,117.03241,2025-04-23,523,N21,n,2.0NRT,1.28,D,0.54,0.42,,,,,,firms,VIIRS,VIIRS_NOAA21_NRT
-8.69251,118.83881,2025-04-23,523,N21,n,2.0NRT,3.38,D,0.43,0.38,,,,,,firms,VIIRS,VIIRS_NOAA21_NRT
-8.27282,123.50726,2025-04-23,523,N21,n,2.0NRT,10.75,D,0.42,0.38,,,,,,firms,VIIRS,VIIRS_NOAA21_NRT
-8.41034,117.1156,2025-04-23,525,N21,n,2.0NRT,4.12,D,0.53,0.42,,,,,,firms,VIIRS,VIIRS_NOAA21_NRT
-8.11342,112.92318,2025-04-23,525,N21,n,2.0NRT,5.03,D,0.33,0.55,,,,,,firms,VIIRS,VIIRS_NOAA21_NRT
-4.9583,120.2432,2025-04-23,525,N21,n,2.0NRT,3.18,D,0.38,0.36,,,,,,firms,VIIRS,VIIRS_NOAA21_NRT
-3.81358,122.18565,2025-04-23,525,N21,n,2.0NRT,7.67,D,0.41,0.37,,,,,,firms,VIIRS,VIIRS_NOAA21_NRT
-3.68305,120.04277,2025-04-23,525,N21,n,2.0NRT,4.33,D,0.38,0.36,,,,,,firms,VIIRS,VIIRS_NOAA21_NRT
-2.57674,121.38056,2025-04-23,525,N21,n,2.0NRT,25.86,D,0.4,0.37,,,,,,firms,VIIRS,VIIRS_NOAA21_NRT
-2.57618,121.38414,2025-04-23,525,N21,n,2.0NRT,25.86,D,0.4,0.37,,,,,,firms,VIIRS,VIIRS_NOAA21_NRT
-2.0055,121.43172,2025-04-23,525,N21,n,2.0NRT,6.06,D,0.4,0.37,,,,,,firms,VIIRS,VIIRS_NOAA21_NRT
-1.99876,121.43064,2025-04-23,525,N21,l,2.0NRT,5.06,D,0.4,0.37,,,,,,firms,VIIRS,VIIRS_NOAA21_NRT
-2.48804,102.80661,2025-04-23,707,N21,n,2.0NRT,2.91,D,0.32,0.55,,,,,,firms,VIIRS,VIIRS_NOAA21_NRT
-2.34466,102.67928,2025-04-23,707,N21,n,2.0NRT,7.36,D,0.64,0.54,,,,,,firms,VIIRS,VIIRS_NOAA21_NRT
-2.33467,102.89668,2025-04-23,707,N21,n,2.0NRT,2.79,D,0.33,0.55,,,,,,firms,VIIRS,VIIRS_NOAA21_NRT
-2.28273,102.5518,2025-04-23,707,N21,n,2.0NRT,20.8,D,0.62,0.54,,,,,,firms,VIIRS,VIIRS_NOAA21_NRT
-2.28182,102.55735,2025-04-23,707,N21,n,2.0NRT,18.09,D,0.62,0.54,,,,,,firms,VIIRS,VIIRS_NOAA21_NRT
-2.06375,102.95527,2025-04-23,707,N21,n,2.0NRT,4.9,D,0.34,0.56,,,,,,firms,VIIRS,VIIRS_NOAA21_NRT
-1.73574,102.69035,2025-04-23,707,N21,n,2.0NRT,2.3,D,0.33,0.55,,,,,,firms,VIIRS,VIIRS_NOAA21_NRT
1.46264,99.56882,2025-04-23,707,N21,n,2.0NRT,2.55,D,0.45,0.47,,,,,,firms,VIIRS,VIIRS_NOAA21_NRT
4.43654,95.88036,2025-04-23,709,N21,n,2.0NRT,3.15,D,0.45,0.39,,,,,,firms,VIIRS,VIIRS_NOAA21_NRT
0.47948,128.00525,2025-04-23,1628,N21,n,2.0NRT,1.33,N,0.5,0.49,,,,,,firms,VIIRS,VIIRS_NOAA21_NRT
0.48017,128.00073,2025-04-23,1628,N21,n,2.0NRT,1.33,N,0.5,0.49,,,,,,firms,VIIRS,VIIRS_NOAA21_NRT
0.48086,127.99623,2025-04-23,1628,N21,n,2.0NRT,1.03,N,0.5,0.49,,,,,,firms,VIIRS,VIIRS_NOAA21_NRT
0.48154,127.99174,2025-04-23,1628,N21,n,2.0NRT,1.03,N,0.5,0.49,,,,,,firms,VIIRS,VIIRS_NOAA21_NRT
0.48223,127.98727,2025-04-23,1628,N21,n,2.0NRT,0.69,N,0.5,0.49,,,,,,firms,VIIRS,VIIRS_NOAA21_NRT
0.48672,127.98799,2025-04-23,1628,N21,n,2.0NRT,1.09,N,0.5,0.49,,,,,,firms,VIIRS,VIIRS_NOAA21_NRT
0.48737,127.98373,2025-04-23,1628,N21,n,2.0NRT,1.09,N,0.5,0.49,,,,,,firms,VIIRS,VIIRS_NOAA21_NRT
0.48869,127.97505,2025-04-23,1628,N21,n,2.0NRT,1.13,N,0.5,0.49,,,,,,firms,VIIRS,VIIRS_NOAA21_NRT
-8.53983,122.75924,2025-04-23,1630,N21,n,2.0NRT,4.53,N,0.41,0.61,,,,,,firms,VIIRS,VIIRS_NOAA21_NRT
-8.53532,122.76572,2025-04-23,1630,N21,n,2.0NRT,6.47,N,0.41,0.61,,,,,,firms,VIIRS,VIIRS_NOAA21_NRT
-8.53435,122.76044,2025-04-23,1630,N21,n,2.0NRT,4.53,N,0.41,0.61,,,,,,firms,VIIRS,VIIRS_NOAA21_NRT
4.74059,113.7284,2025-04-23,1806,N21,n,2.0NRT,9.66,N,0.48,0.4,,,,,,firms,VIIRS,VIIRS_NOAA21_NRT
4.97678,112.98085,2025-04-23,1806,N21,n,2.0NRT,1.2,N,0.44,0.39,,,,,,firms,VIIRS,VIIRS_NOAA21_NRT
4.97967,112.98538,2025-04-23,1806,N21,n,2.0NRT,1.2,N,0.44,0.39,,,,,,firms,VIIRS,VIIRS_NOAA21_NRT
4.9803,112.98141,2025-04-23,1806,N21,n,2.0NRT,1.2,N,0.44,0.39,,,,,,firms,VIIRS,VIIRS_NOAA21_NRT
5.01909,111.92133,2025-04-23,1806,N21,n,2.0NRT,1.45,N,0.41,0.37,,,,,,firms,VIIRS,VIIRS_NOAA21_NRT
5.42797,114.71078,2025-04-23,1806,N21,n,2.0NRT,5.52,N,0.54,0.42,,,,,,firms,VIIRS,VIIRS_NOAA21_NRT
5.43802,114.69766,2025-04-23,1806,N21,n,2.0NRT,7.55,N,0.54,0.42,,,,,,firms,VIIRS,VIIRS_NOAA21_NRT
5.87643,114.29549,2025-04-23,1806,N21,n,2.0NRT,4.52,N,0.5,0.41,,,,,,firms,VIIRS,VIIRS_NOAA21_NRT
-2.8742,115.26295,2025-04-23,1809,N21,n,2.0NRT,1.78,N,0.51,0.5,,,,,,firms,VIIRS,VIIRS_NOAA21_NRT
-2.2099,115.4957,2025-04-23,1809,N21,n,2.0NRT,2.74,N,0.52,0.5,,,,,,firms,VIIRS,VIIRS_NOAA21_NRT
-2.20874,115.49262,2025-04-23,1809,N21,n,2.0NRT,2.48,N,0.52,0.5,,,,,,firms,VIIRS,VIIRS_NOAA21_NRT
-2.1614,115.58094,2025-04-23,1809,N21,n,2.0NRT,4.24,N,0.53,0.5,,,,,,firms,VIIRS,VIIRS_NOAA21_NRT
-2.15679,115.58151,2025-04-23,1809,N21,n,2.0NRT,1.93,N,0.53,0.5,,,,,,firms,VIIRS,VIIRS_NOAA21_NRT
-1.89448,115.86336,2025-04-23,1809,N21,n,2.0NRT,2.66,N,0.55,0.51,,,,,,firms,VIIRS,VIIRS_NOAA21_NRT
-1.88982,115.86407,2025-04-23,1809,N21,n,2.0NRT,2.66,N,0.55,0.51,,,,,,firms,VIIRS,VIIRS_NOAA21_NRT
-1.82993,112.24946,2025-04-23,1809,N21,n,2.0NRT,0.99,N,0.48,0.4,,,,,,firms,VIIRS,VIIRS_NOAA21_NRT
-1.32945,113.96918,2025-04-23,1809,N21,n,2.0NRT,0.42,N,0.4,0.44,,,,,,firms,VIIRS,VIIRS_NOAA21_NRT
1.37891,104.15839,2025-04-23,1809,N21,n,2.0NRT,1.35,N,0.41,0.45,,,,,,firms,VIIRS,VIIRS_NOAA21_NRT
3.2794,113.06387,2025-04-23,1809,N21,n,2.0NRT,2.4,N,0.47,0.39,,,,,,firms,VIIRS,VIIRS_NOAA21_NRT
4.55647,103.4593,2025-04-23,1809,N21,n,2.0NRT,3.16,N,0.51,0.49,,,,,,firms,VIIRS,VIIRS_NOAA21_NRT
4.67445,113.85641,2025-04-23,1809,N21,n,2.0NRT,6.48,N,0.49,0.4,,,,,,firms,VIIRS,VIIRS_NOAA21_NRT
5.37068,104.89703,2025-04-23,1809,N21,n,2.0NRT,3.98,N,0.42,0.45,,,,,,firms,VIIRS,VIIRS_NOAA21_NRT
5.5033,105.20908,2025-04-23,1809,N21,n,2.0NRT,3.94,N,0.4,0.44,,,,,,firms,VIIRS,VIIRS_NOAA21_NRT
-8.11222,112.92442,2025-04-23,1811,N21,n,2.0NRT,0.44,N,0.43,0.46,,,,,,firms,VIIRS,VIIRS_NOAA21_NRT
-7.54468,110.44607,2025-04-23,1811,N21,n,2.0NRT,1.32,N,0.46,0.39,,,,,,firms,VIIRS,VIIRS_NOAA21_NRT
-7.54413,110.44241,2025-04-23,1811,N21,n,2.0NRT,3.88,N,0.46,0.39,,,,,,firms,VIIRS,VIIRS_NOAA21_NRT
-7.24153,109.21346,2025-04-23,1811,N21,n,2.0NRT,1.09,N,0.41,0.37,,,,,,firms,VIIRS,VIIRS_NOAA21_NRT
-3.81243,104.16183,2025-04-23,1811,N21,n,2.0NRT,0.79,N,0.52,0.42,,,,,,firms,VIIRS,VIIRS_NOAA21_NRT
-3.81221,104.16402,2025-04-23,1811,N21,n,2.0NRT,1.5,N,0.52,0.42,,,,,,firms,VIIRS,VIIRS_NOAA21_NRT
-3.8069,103.81842,2025-04-23,1811,N21,n,2.0NRT,3.91,N,0.55,0.42,,,,,,firms,VIIRS,VIIRS_NOAA21_NRT
-9.07194,117.0804,2025-04-24,506,N21,n,2.0NRT,3.23,D,0.37,0.58,,,,,,firms,VIIRS,VIIRS_NOAA21_NRT
-9.06135,117.11975,2025-04-24,506,N21,n,2.0NRT,4.75,D,0.37,0.58,,,,,,firms,VIIRS,VIIRS_NOAA21_NRT
-9.06094,117.12287,2025-04-24,506,N21,n,2.0NRT,8.0,D,0.37,0.58,,,,,,firms,VIIRS,VIIRS_NOAA21_NRT
-8.54005,122.76505,2025-04-24,506,N21,n,2.0NRT,9.09,D,0.47,0.4,,,,,,firms,VIIRS,VIIRS_NOAA21_NRT
-8.31631,118.97375,2025-04-24,506,N21,n,2.0NRT,6.21,D,0.54,0.51,,,,,,firms,VIIRS,VIIRS_NOAA21_NRT
-8.2719,123.50576,2025-04-24,506,N21,n,2.0NRT,19.13,D,0.44,0.38,,,,,,firms,VIIRS,VIIRS_NOAA21_NRT
-4.03973,119.91453,2025-04-24,508,N21,n,2.0NRT,5.58,D,0.4,0.44,,,,,,firms,VIIRS,VIIRS_NOAA21_NRT
-3.80443,120.12217,2025-04-24,508,N21,n,2.0NRT,7.36,D,0.39,0.44,,,,,,firms,VIIRS,VIIRS_NOAA21_NRT
-3.2598,119.27748,2025-04-24,508,N21,n,2.0NRT,3.44,D,0.43,0.46,,,,,,firms,VIIRS,VIIRS_NOAA21_NRT
-2.83335,118.77478,2025-04-24,508,N21,n,2.0NRT,8.34,D,0.46,0.47,,,,,,firms,VIIRS,VIIRS_NOAA21_NRT
4.97698,112.98145,2025-04-24,510,N21,n,2.0NRT,11.24,D,0.44,0.62,,,,,,firms,VIIRS,VIIRS_NOAA21_NRT
-7.70228,108.99569,2025-04-24,646,N21,n,2.0NRT,4.16,D,0.33,0.55,,,,,,firms,VIIRS,VIIRS_NOAA21_NRT
-7.69672,108.99773,2025-04-24,646,N21,n,2.0NRT,5.01,D,0.33,0.55,,,,,,firms,VIIRS,VIIRS_NOAA21_NRT
-3.8065,103.81776,2025-04-24,648,N21,n,2.0NRT,14.12,D,0.52,0.42,,,,,,firms,VIIRS,VIIRS_NOAA21_NRT
-2.45539,102.25122,2025-04-24,648,N21,n,2.0NRT,3.57,D,0.45,0.39,,,,,,firms,VIIRS,VIIRS_NOAA21_NRT
-2.44903,102.27138,2025-04-24,648,N21,n,2.0NRT,2.75,D,0.45,0.39,,,,,,firms,VIIRS,VIIRS_NOAA21_NRT
-2.43419,102.27321,2025-04-24,648,N21,n,2.0NRT,5.12,D,0.45,0.39,,,,,,firms,VIIRS,VIIRS_NOAA21_NRT
-2.18849,103.06885,2025-04-24,650,N21,n,2.0NRT,4.78,D,0.5,0.41,,,,,,firms,VIIRS,VIIRS_NOAA21_NRT
3.38671,102.70673,2025-04-24,650,N21,n,2.0NRT,4.37,D,0.56,0.43,,,,,,firms,VIIRS,VIIRS_NOAA21_NRT
4.50077,102.58562,2025-04-24,650,N21,n,2.0NRT,8.49,D,0.57,0.43,,,,,,firms,VIIRS,VIIRS_NOAA21_NRT
4.55526,103.45884,2025-04-24,650,N21,n,2.0NRT,4.89,D,0.43,0.46,,,,,,firms,VIIRS,VIIRS_NOAA21_NRT
-8.27062,123.50515,2025-04-24,1609,N21,n,2.0NRT,6.41,N,0.77,0.78,,,,,,firms,VIIRS,VIIRS_NOAA21_NRT
-8.26366,123.46981,2025-04-24,1609,N21,n,2.0NRT,6.41,N,0.78,0.78,,,,,,firms,VIIRS,VIIRS_NOAA21_NRT
2.38973,111.34846,2025-04-24,1747,N21,n,2.0NRT,1.32,N,0.46,0.39,,,,,,firms,VIIRS,VIIRS_NOAA21_NRT
2.7827,111.7393,2025-04-24,1747,N21,n,2.0NRT,1.24,N,0.45,0.39,,,,,,firms,VIIRS,VIIRS_NOAA21_NRT
3.2776,113.07362,2025-04-24,1747,N21,n,2.0NRT,0.94,N,0.4,0.37,,,,,,firms,VIIRS,VIIRS_NOAA21_NRT
3.27817,113.07002,2025-04-24,1747,N21,n,2.0NRT,0.94,N,0.4,0.37,,,,,,firms,VIIRS,VIIRS_NOAA21_NRT
3.27874,113.06639,2025-04-24,1747,N21,n,2.0NRT,1.6,N,0.4,0.37,,,,,,firms,VIIRS,VIIRS_NOAA21_NRT
3.2793,113.06276,2025-04-24,1747,N21,n,2.0NRT,1.6,N,0.4,0.37,,,,,,firms,VIIRS,VIIRS_NOAA21_NRT
3.28165,113.08145,2025-04-24,1747,N21,n,2.0NRT,1.3,N,0.4,0.37,,,,,,firms,VIIRS,VIIRS_NOAA21_NRT
3.28448,113.08556,2025-04-24,1747,N21,n,2.0NRT,1.48,N,0.4,0.37,,,,,,firms,VIIRS,VIIRS_NOAA21_NRT
3.28503,113.08195,2025-04-24,1747,N21,n,2.0NRT,1.3,N,0.4,0.37,,,,,,firms,VIIRS,VIIRS_NOAA21_NRT
3.28785,113.08605,2025-04-24,1747,N21,n,2.0NRT,1.11,N,0.4,0.37,,,,,,firms,VIIRS,VIIRS_NOAA21_NRT
3.28841,113.08244,2025-04-24,1747,N21,n,2.0NRT,2.28,N,0.4,0.37,,,,,,firms,VIIRS,VIIRS_NOAA21_NRT
3.29068,113.09016,2025-04-24,1747,N21,n,2.0NRT,1.11,N,0.4,0.37,,,,,,firms,VIIRS,VIIRS_NOAA21_NRT
3.29123,113.08656,2025-04-24,1747,N21,n,2.0NRT,1.11,N,0.4,0.37,,,,,,firms,VIIRS,VIIRS_NOAA21_NRT
3.52222,113.31268,2025-04-24,1747,N21,n,2.0NRT,0.88,N,0.4,0.37,,,,,,firms,VIIRS,VIIRS_NOAA21_NRT
3.60468,112.4119,2025-04-24,1747,N21,n,2.0NRT,3.29,N,0.43,0.38,,,,,,firms,VIIRS,VIIRS_NOAA21_NRT
4.55789,103.45766,2025-04-24,1747,N21,n,2.0NRT,2.39,N,0.54,0.68,,,,,,firms,VIIRS,VIIRS_NOAA21_NRT
4.73974,113.72896,2025-04-24,1747,N21,n,2.0NRT,1.05,N,0.4,0.37,,,,,,firms,VIIRS,VIIRS_NOAA21_NRT
4.74029,113.72543,2025-04-24,1747,N21,n,2.0NRT,1.05,N,0.4,0.37,,,,,,firms,VIIRS,VIIRS_NOAA21_NRT
4.74309,113.72947,2025-04-24,1747,N21,n,2.0NRT,1.05,N,0.4,0.37,,,,,,firms,VIIRS,VIIRS_NOAA21_NRT
4.74363,113.72594,2025-04-24,1747,N21,n,2.0NRT,1.05,N,0.4,0.37,,,,,,firms,VIIRS,VIIRS_NOAA21_NRT
5.37284,104.89465,2025-04-24,1747,N21,n,2.0NRT,4.85,N,0.44,0.63,,,,,,firms,VIIRS,VIIRS_NOAA21_NRT
5.56496,114.98669,2025-04-24,1747,N21,n,2.0NRT,0.59,N,0.38,0.36,,,,,,firms,VIIRS,VIIRS_NOAA21_NRT
-3.30771,104.31886,2025-04-24,1749,N21,n,2.0NRT,0.81,N,0.35,0.57,,,,,,firms,VIIRS,VIIRS_NOAA21_NRT
-1.57698,103.68472,2025-04-24,1749,N21,n,2.0NRT,2.75,N,0.42,0.61,,,,,,firms,VIIRS,VIIRS_NOAA21_NRT
-1.572,103.68935,2025-04-24,1749,N21,n,2.0NRT,1.75,N,0.42,0.61,,,,,,firms,VIIRS,VIIRS_NOAA21_NRT
1.37727,104.15887,2025-04-24,1749,N21,n,2.0NRT,2.25,N,0.43,0.62,,,,,,firms,VIIRS,VIIRS_NOAA21_NRT
1.67356,101.47172,2025-04-24,1749,N21,n,2.0NRT,5.52,N,0.67,0.74,,,,,,firms,VIIRS,VIIRS_NOAA21_NRT
1.67628,101.47227,2025-04-24,1749,N21,n,2.0NRT,4.12,N,0.67,0.74,,,,,,firms,VIIRS,VIIRS_NOAA21_NRT
2.73668,102.39198,2025-04-24,1749,N21,n,2.0NRT,3.15,N,0.6,0.71,,,,,,firms,VIIRS,VIIRS_NOAA21_NRT
2.73762,102.39054,2025-04-24,1749,N21,n,2.0NRT,3.2,N,0.6,0.71,,,,,,firms,VIIRS,VIIRS_NOAA21_NRT
3.01007,101.38123,2025-04-24,1749,N21,n,2.0NRT,0.96,N,0.71,0.75,,,,,,firms,VIIRS,VIIRS_NOAA21_NRT
3.01023,101.38168,2025-04-24,1749,N21,n,2.0NRT,2.05,N,0.72,0.75,,,,,,firms,VIIRS,VIIRS_NOAA21_NRT
-8.2739,123.51957,2025-04-24,1752,N21,n,2.0NRT,1.78,N,0.54,0.68,,,,,,firms,VIIRS,VIIRS_NOAA21_NRT
-8.11525,112.92593,2025-04-24,1752,N21,n,2.0NRT,22.26,N,0.39,0.36,,,,,,firms,VIIRS,VIIRS_NOAA21_NRT
-8.11469,112.92234,2025-04-24,1752,N21,n,2.0NRT,10.99,N,0.39,0.36,,,,,,firms,VIIRS,VIIRS_NOAA21_NRT
-8.11136,112.92275,2025-04-24,1752,N21,n,2.0NRT,10.99,N,0.39,0.36,,,,,,firms,VIIRS,VIIRS_NOAA21_NRT
-7.54368,110.4425,2025-04-24,1752,N21,n,2.0NRT,1.87,N,0.41,0.37,,,,,,firms,VIIRS,VIIRS_NOAA21_NRT
-7.24226,111.73282,2025-04-24,1752,N21,n,2.0NRT,1.56,N,0.39,0.36,,,,,,firms,VIIRS,VIIRS_NOAA21_NRT
-7.23895,111.73333,2025-04-24,1752,N21,n,2.0NRT,1.56,N,0.39,0.36,,,,,,firms,VIIRS,VIIRS_NOAA21_NRT
-6.12635,106.69991,2025-04-24,1752,N21,n,2.0NRT,1.46,N,0.44,0.46,,,,,,firms,VIIRS,VIIRS_NOAA21_NRT
-6.08284,106.34478,2025-04-24,1752,N21,n,2.0NRT,0.57,N,0.46,0.47,,,,,,firms,VIIRS,VIIRS_NOAA21_NRT
-6.08123,106.34492,2025-04-24,1752,N21,n,2.0NRT,0.64,N,0.47,0.47,,,,,,firms,VIIRS,VIIRS_NOAA21_NRT
-6.01164,105.9771,2025-04-24,1752,N21,n,2.0NRT,2.11,N,0.49,0.49,,,,,,firms,VIIRS,VIIRS_NOAA21_NRT
-6.01125,105.98228,2025-04-24,1752,N21,n,2.0NRT,1.47,N,0.49,0.49,,,,,,firms,VIIRS,VIIRS_NOAA21_NRT
-6.01049,105.97786,2025-04-24,1752,N21,n,2.0NRT,1.47,N,0.49,0.49,,,,,,firms,VIIRS,VIIRS_NOAA21_NRT
-6.00792,105.98227,2025-04-24,1752,N21,n,2.0NRT,2.3,N,0.49,0.49,,,,,,firms,VIIRS,VIIRS_NOAA21_NRT
-6.00347,105.983,2025-04-24,1752,N21,n,2.0NRT,2.3,N,0.49,0.49,,,,,,firms,VIIRS,VIIRS_NOAA21_NRT
1.66985,101.47903,2025-04-24,1930,N21,n,2.0NRT,3.37,N,0.66,0.73,,,,,,firms,VIIRS,VIIRS_NOAA21_NRT
1.67459,101.47599,2025-04-24,1930,N21,n,2.0NRT,3.91,N,0.65,0.73,,,,,,firms,VIIRS,VIIRS_NOAA21_NRT
1.74598,100.92904,2025-04-24,1930,N21,n,2.0NRT,1.53,N,0.6,0.7,,,,,,firms,VIIRS,VIIRS_NOAA21_NRT
-8.5372,122.76619,2025-04-25,446,N21,n,2.0NRT,7.12,D,0.63,0.54,,,,,,firms,VIIRS,VIIRS_NOAA21_NRT
-3.82592,120.19382,2025-04-25,446,N21,n,2.0NRT,3.27,D,0.41,0.6,,,,,,firms,VIIRS,VIIRS_NOAA21_NRT
-3.80498,120.10399,2025-04-25,446,N21,n,2.0NRT,5.11,D,0.41,0.61,,,,,,firms,VIIRS,VIIRS_NOAA21_NRT
-3.80465,120.1056,2025-04-25,446,N21,n,2.0NRT,8.58,D,0.41,0.61,,,,,,firms,VIIRS,VIIRS_NOAA21_NRT
-2.01231,121.41972,2025-04-25,449,N21,n,2.0NRT,9.81,D,0.62,0.54,,,,,,firms,VIIRS,VIIRS_NOAA21_NRT
-8.11395,112.9271,2025-04-25,629,N21,n,2.0NRT,15.57,D,0.58,0.52,,,,,,firms,VIIRS,VIIRS_NOAA21_NRT
-6.43242,107.32641,2025-04-25,629,N21,n,2.0NRT,2.48,D,0.43,0.38,,,,,,firms,VIIRS,VIIRS_NOAA21_NRT
-6.10178,106.54191,2025-04-25,629,N21,n,2.0NRT,3.64,D,0.4,0.37,,,,,,firms,VIIRS,VIIRS_NOAA21_NRT
-6.03224,105.95658,2025-04-25,629,N21,n,2.0NRT,1.9,D,0.39,0.36,,,,,,firms,VIIRS,VIIRS_NOAA21_NRT
-5.44496,105.30912,2025-04-25,629,N21,n,2.0NRT,8.57,D,0.39,0.36,,,,,,firms,VIIRS,VIIRS_NOAA21_NRT
-3.73475,115.58948,2025-04-25,629,N21,n,2.0NRT,3.42,D,0.52,0.67,,,,,,firms,VIIRS,VIIRS_NOAA21_NRT
-2.86091,101.60864,2025-04-25,629,N21,n,2.0NRT,5.42,D,0.44,0.38,,,,,,firms,VIIRS,VIIRS_NOAA21_NRT
-2.76654,101.51512,2025-04-25,629,N21,n,2.0NRT,2.01,D,0.44,0.38,,,,,,firms,VIIRS,VIIRS_NOAA21_NRT
-2.25217,101.01348,2025-04-25,629,N21,l,2.0NRT,6.4,D,0.46,0.39,,,,,,firms,VIIRS,VIIRS_NOAA21_NRT
-2.20434,101.01484,2025-04-25,629,N21,n,2.0NRT,10.32,D,0.46,0.39,,,,,,firms,VIIRS,VIIRS_NOAA21_NRT
-2.05298,101.08643,2025-04-25,629,N21,n,2.0NRT,1.8,D,0.45,0.39,,,,,,firms,VIIRS,VIIRS_NOAA21_NRT
-1.40879,112.97899,2025-04-25,629,N21,n,2.0NRT,8.57,D,0.37,0.58,,,,,,firms,VIIRS,VIIRS_NOAA21_NRT
-1.34549,112.99929,2025-04-25,629,N21,n,2.0NRT,2.57,D,0.38,0.58,,,,,,firms,VIIRS,VIIRS_NOAA21_NRT
-1.24347,100.59801,2025-04-25,629,N21,n,2.0NRT,4.15,D,0.47,0.4,,,,,,firms,VIIRS,VIIRS_NOAA21_NRT
-1.09335,109.9799,2025-04-25,629,N21,n,2.0NRT,7.61,D,0.47,0.48,,,,,,firms,VIIRS,VIIRS_NOAA21_NRT
-0.05278,99.81126,2025-04-25,629,N21,l,2.0NRT,3.73,D,0.5,0.41,,,,,,firms,VIIRS,VIIRS_NOAA21_NRT
-0.02952,100.50336,2025-04-25,629,N21,n,2.0NRT,5.19,D,0.46,0.39,,,,,,firms,VIIRS,VIIRS_NOAA21_NRT
0.00444,110.16766,2025-04-25,629,N21,n,2.0NRT,3.8,D,0.5,0.49,,,,,,firms,VIIRS,VIIRS_NOAA21_NRT
0.05574,109.56682,2025-04-25,629,N21,n,2.0NRT,5.25,D,0.46,0.47,,,,,,firms,VIIRS,VIIRS_NOAA21_NRT
0.13076,100.7947,2025-04-25,629,N21,n,2.0NRT,6.15,D,0.44,0.39,,,,,,firms,VIIRS,VIIRS_NOAA21_NRT
0.20447,111.63774,2025-04-25,629,N21,n,2.0NRT,5.72,D,0.32,0.55,,,,,,firms,VIIRS,VIIRS_NOAA21_NRT
0.2049,111.64059,2025-04-25,629,N21,n,2.0NRT,5.72,D,0.32,0.55,,,,,,firms,VIIRS,VIIRS_NOAA21_NRT
0.30281,101.1421,2025-04-25,629,N21,n,2.0NRT,3.24,D,0.43,0.38,,,,,,firms,VIIRS,VIIRS_NOAA21_NRT
0.3767,103.10622,2025-04-25,629,N21,n,2.0NRT,13.02,D,0.39,0.36,,,,,,firms,VIIRS,VIIRS_NOAA21_NRT
0.38,103.10572,2025-04-25,629,N21,n,2.0NRT,13.02,D,0.39,0.36,,,,,,firms,VIIRS,VIIRS_NOAA21_NRT
-4.53836,104.25661,2025-04-25,631,N21,n,2.0NRT,4.32,D,0.38,0.36,,,,,,firms,VIIRS,VIIRS_NOAA21_NRT
-3.84948,102.88055,2025-04-25,631,N21,n,2.0NRT,11.17,D,0.4,0.37,,,,,,firms,VIIRS,VIIRS_NOAA21_NRT
1.35712,103.55532,2025-04-25,631,N21,n,2.0NRT,6.52,D,0.38,0.36,,,,,,firms,VIIRS,VIIRS_NOAA21_NRT
1.67221,101.47475,2025-04-25,631,N21,l,2.0NRT,12.94,D,0.41,0.37,,,,,,firms,VIIRS,VIIRS_NOAA21_NRT
1.9785,99.12048,2025-04-25,631,N21,n,2.0NRT,18.55,D,0.51,0.41,,,,,,firms,VIIRS,VIIRS_NOAA21_NRT
2.24706,102.41499,2025-04-25,631,N21,n,2.0NRT,8.91,D,0.39,0.36,,,,,,firms,VIIRS,VIIRS_NOAA21_NRT
2.25036,102.41449,2025-04-25,631,N21,l,2.0NRT,5.44,D,0.39,0.36,,,,,,firms,VIIRS,VIIRS_NOAA21_NRT
2.26988,102.18447,2025-04-25,631,N21,n,2.0NRT,5.68,D,0.39,0.36,,,,,,firms,VIIRS,VIIRS_NOAA21_NRT
2.83396,101.53817,2025-04-25,631,N21,n,2.0NRT,18.39,D,0.4,0.37,,,,,,firms,VIIRS,VIIRS_NOAA21_NRT
3.297,97.9445,2025-04-25,631,N21,n,2.0NRT,4.46,D,0.39,0.44,,,,,,firms,VIIRS,VIIRS_NOAA21_NRT
3.29996,97.94617,2025-04-25,631,N21,n,2.0NRT,3.2,D,0.39,0.44,,,,,,firms,VIIRS,VIIRS_NOAA21_NRT
3.40098,97.88836,2025-04-25,631,N21,n,2.0NRT,8.04,D,0.39,0.44,,,,,,firms,VIIRS,VIIRS_NOAA21_NRT
3.40305,97.88712,2025-04-25,631,N21,n,2.0NRT,7.23,D,0.39,0.44,,,,,,firms,VIIRS,VIIRS_NOAA21_NRT
3.48777,101.47636,2025-04-25,631,N21,l,2.0NRT,8.49,D,0.4,0.37,,,,,,firms,VIIRS,VIIRS_NOAA21_NRT
3.48831,101.4799,2025-04-25,631,N21,l,2.0NRT,6.84,D,0.4,0.37,,,,,,firms,VIIRS,VIIRS_NOAA21_NRT
3.49221,101.48294,2025-04-25,631,N21,l,2.0NRT,6.84,D,0.4,0.37,,,,,,firms,VIIRS,VIIRS_NOAA21_NRT
3.49556,101.48244,2025-04-25,631,N21,l,2.0NRT,6.56,D,0.4,0.37,,,,,,firms,VIIRS,VIIRS_NOAA21_NRT
3.63312,102.29276,2025-04-25,631,N21,n,2.0NRT,2.06,D,0.39,0.36,,,,,,firms,VIIRS,VIIRS_NOAA21_NRT
4.55505,103.45644,2025-04-25,631,N21,n,2.0NRT,3.44,D,0.39,0.36,,,,,,firms,VIIRS,VIIRS_NOAA21_NRT
5.61874,114.88924,2025-04-25,1728,N21,n,2.0NRT,1.28,N,0.39,0.44,,,,,,firms,VIIRS,VIIRS_NOAA21_NRT
0.67443,117.56509,2025-04-25,1730,N21,n,2.0NRT,0.77,N,0.4,0.37,,,,,,firms,VIIRS,VIIRS_NOAA21_NRT
0.67778,117.56559,2025-04-25,1730,N21,n,2.0NRT,0.77,N,0.4,0.37,,,,,,firms,VIIRS,VIIRS_NOAA21_NRT
0.68168,117.56255,2025-04-25,1730,N21,n,2.0NRT,0.92,N,0.4,0.37,,,,,,firms,VIIRS,VIIRS_NOAA21_NRT
0.68223,117.55904,2025-04-25,1730,N21,n,2.0NRT,0.97,N,0.4,0.37,,,,,,firms,VIIRS,VIIRS_NOAA21_NRT
0.68613,117.55602,2025-04-25,1730,N21,n,2.0NRT,0.97,N,0.4,0.37,,,,,,firms,VIIRS,VIIRS_NOAA21_NRT
0.69114,117.54591,2025-04-25,1730,N21,n,2.0NRT,1.54,N,0.4,0.37,,,,,,firms,VIIRS,VIIRS_NOAA21_NRT
0.69169,117.54237,2025-04-25,1730,N21,n,2.0NRT,1.54,N,0.4,0.37,,,,,,firms,VIIRS,VIIRS_NOAA21_NRT
3.76241,112.06437,2025-04-25,1730,N21,n,2.0NRT,6.42,N,0.57,0.52,,,,,,firms,VIIRS,VIIRS_NOAA21_NRT
3.76387,112.0629,2025-04-25,1730,N21,n,2.0NRT,5.41,N,0.57,0.52,,,,,,firms,VIIRS,VIIRS_NOAA21_NRT
4.54058,114.11846,2025-04-25,1730,N21,n,2.0NRT,2.01,N,0.42,0.46,,,,,,firms,VIIRS,VIIRS_NOAA21_NRT
4.66979,114.4593,2025-04-25,1730,N21,n,2.0NRT,2.24,N,0.4,0.45,,,,,,firms,VIIRS,VIIRS_NOAA21_NRT
4.68535,114.15853,2025-04-25,1730,N21,n,2.0NRT,3.1,N,0.42,0.45,,,,,,firms,VIIRS,VIIRS_NOAA21_NRT
4.74067,113.72594,2025-04-25,1730,N21,n,2.0NRT,6.46,N,0.45,0.47,,,,,,firms,VIIRS,VIIRS_NOAA21_NRT
-8.65216,125.34314,2025-04-25,1732,N21,n,2.0NRT,0.5,N,0.34,0.56,,,,,,firms,VIIRS,VIIRS_NOAA21_NRT
-8.27375,123.51421,2025-04-25,1732,N21,n,2.0NRT,3.79,N,0.51,0.49,,,,,,firms,VIIRS,VIIRS_NOAA21_NRT
-8.27285,123.50783,2025-04-25,1732,N21,n,2.0NRT,3.94,N,0.51,0.49,,,,,,firms,VIIRS,VIIRS_NOAA21_NRT
-8.11316,112.92586,2025-04-25,1732,N21,n,2.0NRT,3.36,N,0.5,0.41,,,,,,firms,VIIRS,VIIRS_NOAA21_NRT
-8.11247,112.92168,2025-04-25,1732,N21,n,2.0NRT,3.36,N,0.5,0.41,,,,,,firms,VIIRS,VIIRS_NOAA21_NRT
-7.94236,112.95452,2025-04-25,1732,N21,n,2.0NRT,3.06,N,0.5,0.41,,,,,,firms,VIIRS,VIIRS_NOAA21_NRT
-3.41218,104.14367,2025-04-25,1732,N21,n,2.0NRT,0.84,N,0.77,0.78,,,,,,firms,VIIRS,VIIRS_NOAA21_NRT
2.24927,102.19489,2025-04-25,1910,N21,n,2.0NRT,0.51,N,0.34,0.56,,,,,,firms,VIIRS,VIIRS_NOAA21_NRT
4.93381,102.42336,2025-04-25,1910,N21,n,2.0NRT,0.61,N,0.63,0.54,,,,,,firms,VIIRS,VIIRS_NOAA21_NRT
4.9373,102.42329,2025-04-25,1910,N21,n,2.0NRT,1.11,N,0.63,0.54,,,,,,firms,VIIRS,VIIRS_NOAA21_NRT
5.64673,104.97975,2025-04-25,1910,N21,n,2.0NRT,4.02,N,0.46,0.64,,,,,,firms,VIIRS,VIIRS_NOAA21_NRT
-1.21292,103.41798,2025-04-25,1913,N21,n,2.0NRT,0.89,N,0.46,0.64,,,,,,firms,VIIRS,VIIRS_NOAA21_NRT
-0.45546,102.17093,2025-04-25,1913,N21,n,2.0NRT,0.43,N,0.37,0.58,,,,,,firms,VIIRS,VIIRS_NOAA21_NRT
1.26025,101.13132,2025-04-25,1913,N21,n,2.0NRT,1.45,N,0.59,0.53,,,,,,firms,VIIRS,VIIRS_NOAA21_NRT
1.37341,101.22208,2025-04-25,1913,N21,n,2.0NRT,1.22,N,0.59,0.53,,,,,,firms,VIIRS,VIIRS_NOAA21_NRT
-8.53752,122.75481,2025-04-26,427,N21,n,2.0NRT,9.96,D,0.68,0.74,,,,,,firms,VIIRS,VIIRS_NOAA21_NRT
-8.27219,123.50438,2025-04-26,427,N21,n,2.0NRT,9.09,D,0.6,0.7,,,,,,firms,VIIRS,VIIRS_NOAA21_NRT
-1.81918,136.75229,2025-04-26,429,N21,n,2.0NRT,6.5,D,0.44,0.38,,,,,,firms,VIIRS,VIIRS_NOAA21_NRT
-1.81568,136.75165,2025-04-26,429,N21,n,2.0NRT,5.26,D,0.44,0.38,,,,,,firms,VIIRS,VIIRS_NOAA21_NRT
-10.09486,120.71439,2025-04-26,608,N21,n,2.0NRT,12.39,D,0.43,0.62,,,,,,firms,VIIRS,VIIRS_NOAA21_NRT
-8.54055,122.77086,2025-04-26,608,N21,n,2.0NRT,9.99,D,0.63,0.72,,,,,,firms,VIIRS,VIIRS_NOAA21_NRT
-8.53899,122.77417,2025-04-26,608,N21,n,2.0NRT,15.83,D,0.63,0.72,,,,,,firms,VIIRS,VIIRS_NOAA21_NRT
-8.5335,122.77248,2025-04-26,608,N21,n,2.0NRT,7.77,D,0.63,0.72,,,,,,firms,VIIRS,VIIRS_NOAA21_NRT
-8.26987,123.53246,2025-04-26,608,N21,n,2.0NRT,13.94,D,0.71,0.75,,,,,,firms,VIIRS,VIIRS_NOAA21_NRT
-8.26856,123.53493,2025-04-26,608,N21,n,2.0NRT,15.54,D,0.71,0.75,,,,,,firms,VIIRS,VIIRS_NOAA21_NRT
-8.35031,113.5982,2025-04-26,610,N21,n,2.0NRT,2.67,D,0.48,0.4,,,,,,firms,VIIRS,VIIRS_NOAA21_NRT
-8.34419,113.65894,2025-04-26,610,N21,n,2.0NRT,3.56,D,0.48,0.4,,,,,,firms,VIIRS,VIIRS_NOAA21_NRT
-7.61506,110.76419,2025-04-26,610,N21,l,2.0NRT,2.8,D,0.39,0.36,,,,,,firms,VIIRS,VIIRS_NOAA21_NRT
-6.84635,110.85385,2025-04-26,610,N21,n,2.0NRT,1.72,D,0.39,0.36,,,,,,firms,VIIRS,VIIRS_NOAA21_NRT
-6.63543,110.74411,2025-04-26,610,N21,n,2.0NRT,2.88,D,0.39,0.36,,,,,,firms,VIIRS,VIIRS_NOAA21_NRT
-6.5568,110.72462,2025-04-26,610,N21,n,2.0NRT,2.45,D,0.39,0.36,,,,,,firms,VIIRS,VIIRS_NOAA21_NRT
-6.54224,110.68648,2025-04-26,610,N21,n,2.0NRT,5.09,D,0.39,0.36,,,,,,firms,VIIRS,VIIRS_NOAA21_NRT
-6.43101,106.856,2025-04-26,610,N21,n,2.0NRT,1.36,D,0.45,0.39,,,,,,firms,VIIRS,VIIRS_NOAA21_NRT
-6.28048,107.11934,2025-04-26,610,N21,n,2.0NRT,3.6,D,0.44,0.38,,,,,,firms,VIIRS,VIIRS_NOAA21_NRT
-6.2799,107.12327,2025-04-26,610,N21,l,2.0NRT,3.6,D,0.44,0.38,,,,,,firms,VIIRS,VIIRS_NOAA21_NRT
-6.20042,106.33268,2025-04-26,610,N21,l,2.0NRT,7.04,D,0.48,0.4,,,,,,firms,VIIRS,VIIRS_NOAA21_NRT
-5.30503,105.43666,2025-04-26,610,N21,n,2.0NRT,2.34,D,0.52,0.41,,,,,,firms,VIIRS,VIIRS_NOAA21_NRT
-4.17825,104.19399,2025-04-26,610,N21,n,2.0NRT,2.25,D,0.4,0.44,,,,,,firms,VIIRS,VIIRS_NOAA21_NRT
-3.34584,104.08401,2025-04-26,610,N21,n,2.0NRT,5.42,D,0.39,0.44,,,,,,firms,VIIRS,VIIRS_NOAA21_NRT
-3.34445,104.08274,2025-04-26,610,N21,n,2.0NRT,6.79,D,0.39,0.44,,,,,,firms,VIIRS,VIIRS_NOAA21_NRT
-3.20896,104.09859,2025-04-26,610,N21,n,2.0NRT,22.22,D,0.39,0.44,,,,,,firms,VIIRS,VIIRS_NOAA21_NRT
-3.16395,112.03006,2025-04-26,610,N21,n,2.0NRT,3.63,D,0.46,0.39,,,,,,firms,VIIRS,VIIRS_NOAA21_NRT
-2.73619,112.34304,2025-04-26,610,N21,n,2.0NRT,7.97,D,0.48,0.4,,,,,,firms,VIIRS,VIIRS_NOAA21_NRT
-1.2891,113.31589,2025-04-26,610,N21,n,2.0NRT,5.05,D,0.57,0.43,,,,,,firms,VIIRS,VIIRS_NOAA21_NRT
-1.28893,113.31336,2025-04-26,610,N21,n,2.0NRT,4.14,D,0.57,0.43,,,,,,firms,VIIRS,VIIRS_NOAA21_NRT
-1.26821,113.40007,2025-04-26,610,N21,n,2.0NRT,6.8,D,0.38,0.43,,,,,,firms,VIIRS,VIIRS_NOAA21_NRT
-1.26769,113.40349,2025-04-26,610,N21,n,2.0NRT,6.8,D,0.38,0.43,,,,,,firms,VIIRS,VIIRS_NOAA21_NRT
-1.26649,113.40331,2025-04-26,610,N21,n,2.0NRT,13.63,D,0.57,0.43,,,,,,firms,VIIRS,VIIRS_NOAA21_NRT
-2.42402,102.93222,2025-04-26,612,N21,n,2.0NRT,2.59,D,0.45,0.47,,,,,,firms,VIIRS,VIIRS_NOAA21_NRT
-2.27691,102.84106,2025-04-26,612,N21,n,2.0NRT,5.61,D,0.46,0.47,,,,,,firms,VIIRS,VIIRS_NOAA21_NRT
-1.43016,110.58415,2025-04-26,612,N21,n,2.0NRT,7.04,D,0.41,0.37,,,,,,firms,VIIRS,VIIRS_NOAA21_NRT
-0.33113,109.10226,2025-04-26,612,N21,n,2.0NRT,4.84,D,0.39,0.36,,,,,,firms,VIIRS,VIIRS_NOAA21_NRT
-0.32781,109.10176,2025-04-26,612,N21,n,2.0NRT,4.84,D,0.39,0.36,,,,,,firms,VIIRS,VIIRS_NOAA21_NRT
-0.32385,109.17204,2025-04-26,612,N21,n,2.0NRT,3.0,D,0.39,0.36,,,,,,firms,VIIRS,VIIRS_NOAA21_NRT
-0.11923,110.20642,2025-04-26,612,N21,n,2.0NRT,7.94,D,0.41,0.37,,,,,,firms,VIIRS,VIIRS_NOAA21_NRT
0.01149,110.19081,2025-04-26,612,N21,n,2.0NRT,11.78,D,0.41,0.37,,,,,,firms,VIIRS,VIIRS_NOAA21_NRT
0.13205,110.15337,2025-04-26,612,N21,n,2.0NRT,4.92,D,0.41,0.37,,,,,,firms,VIIRS,VIIRS_NOAA21_NRT
0.33841,110.72285,2025-04-26,612,N21,n,2.0NRT,7.07,D,0.43,0.38,,,,,,firms,VIIRS,VIIRS_NOAA21_NRT
0.38163,109.27193,2025-04-26,612,N21,n,2.0NRT,3.36,D,0.39,0.36,,,,,,firms,VIIRS,VIIRS_NOAA21_NRT
0.39815,109.29096,2025-04-26,612,N21,n,2.0NRT,4.25,D,0.39,0.36,,,,,,firms,VIIRS,VIIRS_NOAA21_NRT
0.42998,108.98673,2025-04-26,612,N21,n,2.0NRT,4.65,D,0.39,0.36,,,,,,firms,VIIRS,VIIRS_NOAA21_NRT
0.5077,109.11717,2025-04-26,612,N21,n,2.0NRT,32.2,D,0.39,0.36,,,,,,firms,VIIRS,VIIRS_NOAA21_NRT
0.66437,97.89019,2025-04-26,612,N21,n,2.0NRT,4.29,D,0.45,0.63,,,,,,firms,VIIRS,VIIRS_NOAA21_NRT
0.66545,97.88982,2025-04-26,612,N21,n,2.0NRT,3.88,D,0.45,0.63,,,,,,firms,VIIRS,VIIRS_NOAA21_NRT
0.67642,117.56509,2025-04-26,612,N21,n,2.0NRT,4.02,D,0.39,0.59,,,,,,firms,VIIRS,VIIRS_NOAA21_NRT
0.73354,116.57305,2025-04-26,612,N21,n,2.0NRT,3.12,D,0.34,0.56,,,,,,firms,VIIRS,VIIRS_NOAA21_NRT
0.73543,116.57452,2025-04-26,612,N21,n,2.0NRT,4.13,D,0.34,0.56,,,,,,firms,VIIRS,VIIRS_NOAA21_NRT
0.76652,116.51627,2025-04-26,612,N21,n,2.0NRT,6.69,D,0.33,0.55,,,,,,firms,VIIRS,VIIRS_NOAA21_NRT
1.50943,110.606,2025-04-26,612,N21,n,2.0NRT,5.42,D,0.44,0.38,,,,,,firms,VIIRS,VIIRS_NOAA21_NRT
1.59927,109.90404,2025-04-26,612,N21,n,2.0NRT,4.14,D,0.41,0.37,,,,,,firms,VIIRS,VIIRS_NOAA21_NRT
1.6383,110.09249,2025-04-26,612,N21,n,2.0NRT,2.77,D,0.42,0.38,,,,,,firms,VIIRS,VIIRS_NOAA21_NRT
2.12987,98.93683,2025-04-26,612,N21,n,2.0NRT,3.13,D,0.36,0.58,,,,,,firms,VIIRS,VIIRS_NOAA21_NRT
2.13032,98.93803,2025-04-26,612,N21,n,2.0NRT,2.59,D,0.36,0.58,,,,,,firms,VIIRS,VIIRS_NOAA21_NRT
2.46513,111.37693,2025-04-26,612,N21,n,2.0NRT,4.43,D,0.49,0.4,,,,,,firms,VIIRS,VIIRS_NOAA21_NRT
2.86101,112.36551,2025-04-26,612,N21,n,2.0NRT,5.83,D,0.56,0.43,,,,,,firms,VIIRS,VIIRS_NOAA21_NRT
2.86495,112.36491,2025-04-26,612,N21,n,2.0NRT,5.83,D,0.56,0.43,,,,,,firms,VIIRS,VIIRS_NOAA21_NRT
3.09886,102.71389,2025-04-26,612,N21,n,2.0NRT,8.29,D,0.39,0.44,,,,,,firms,VIIRS,VIIRS_NOAA21_NRT
3.09942,102.71735,2025-04-26,612,N21,n,2.0NRT,9.6,D,0.39,0.44,,,,,,firms,VIIRS,VIIRS_NOAA21_NRT
3.10342,102.7168,2025-04-26,612,N21,n,2.0NRT,9.6,D,0.39,0.44,,,,,,firms,VIIRS,VIIRS_NOAA21_NRT
3.27775,113.06474,2025-04-26,612,N21,n,2.0NRT,13.8,D,0.42,0.45,,,,,,firms,VIIRS,VIIRS_NOAA21_NRT
3.27884,113.07214,2025-04-26,612,N21,n,2.0NRT,17.74,D,0.42,0.45,,,,,,firms,VIIRS,VIIRS_NOAA21_NRT
3.27941,113.07595,2025-04-26,612,N21,n,2.0NRT,8.69,D,0.42,0.45,,,,,,firms,VIIRS,VIIRS_NOAA21_NRT
3.28469,113.08298,2025-04-26,612,N21,n,2.0NRT,11.13,D,0.42,0.45,,,,,,firms,VIIRS,VIIRS_NOAA21_NRT
3.28525,113.08673,2025-04-26,612,N21,n,2.0NRT,11.13,D,0.42,0.45,,,,,,firms,VIIRS,VIIRS_NOAA21_NRT
3.28942,113.0862,2025-04-26,612,N21,n,2.0NRT,11.13,D,0.42,0.45,,,,,,firms,VIIRS,VIIRS_NOAA21_NRT
3.29054,113.09371,2025-04-26,612,N21,n,2.0NRT,6.68,D,0.42,0.46,,,,,,firms,VIIRS,VIIRS_NOAA21_NRT
3.30493,106.21377,2025-04-26,612,N21,n,2.0NRT,4.83,D,0.4,0.37,,,,,,firms,VIIRS,VIIRS_NOAA21_NRT
3.52225,113.31322,2025-04-26,612,N21,n,2.0NRT,7.29,D,0.44,0.46,,,,,,firms,VIIRS,VIIRS_NOAA21_NRT
3.5354,113.34367,2025-04-26,612,N21,n,2.0NRT,4.25,D,0.44,0.46,,,,,,firms,VIIRS,VIIRS_NOAA21_NRT
3.8011,114.32197,2025-04-26,612,N21,n,2.0NRT,2.88,D,0.52,0.5,,,,,,firms,VIIRS,VIIRS_NOAA21_NRT
3.91925,108.2977,2025-04-26,612,N21,n,2.0NRT,4.39,D,0.39,0.36,,,,,,firms,VIIRS,VIIRS_NOAA21_NRT
4.70586,114.44283,2025-04-26,612,N21,n,2.0NRT,1.57,D,0.55,0.51,,,,,,firms,VIIRS,VIIRS_NOAA21_NRT
3.52053,101.9062,2025-04-26,614,N21,l,2.0NRT,6.34,D,0.43,0.46,,,,,,firms,VIIRS,VIIRS_NOAA21_NRT
4.14416,105.10759,2025-04-26,614,N21,n,2.0NRT,1.57,D,0.43,0.38,,,,,,firms,VIIRS,VIIRS_NOAA21_NRT
4.55698,103.45971,2025-04-26,614,N21,n,2.0NRT,6.63,D,0.5,0.41,,,,,,firms,VIIRS,VIIRS_NOAA21_NRT
4.66018,103.37639,2025-04-26,614,N21,n,2.0NRT,5.32,D,0.51,0.41,,,,,,firms,VIIRS,VIIRS_NOAA21_NRT
5.12796,101.97683,2025-04-26,614,N21,n,2.0NRT,9.03,D,0.4,0.44,,,,,,firms,VIIRS,VIIRS_NOAA21_NRT
5.50159,101.96342,2025-04-26,614,N21,n,2.0NRT,5.83,D,0.4,0.44,,,,,,firms,VIIRS,VIIRS_NOAA21_NRT
5.51713,105.66938,2025-04-26,614,N21,n,2.0NRT,1.87,D,0.4,0.37,,,,,,firms,VIIRS,VIIRS_NOAA21_NRT
5.52505,102.5041,2025-04-26,614,N21,n,2.0NRT,4.33,D,0.55,0.43,,,,,,firms,VIIRS,VIIRS_NOAA21_NRT
5.52789,102.50149,2025-04-26,614,N21,n,2.0NRT,4.95,D,0.55,0.43,,,,,,firms,VIIRS,VIIRS_NOAA21_NRT
1.49393,127.63506,2025-04-26,1709,N21,n,2.0NRT,1.99,N,0.51,0.41,,,,,,firms,VIIRS,VIIRS_NOAA21_NRT
3.28528,113.08201,2025-04-26,1709,N21,n,2.0NRT,1.89,N,0.51,0.66,,,,,,firms,VIIRS,VIIRS_NOAA21_NRT
3.53724,113.34255,2025-04-26,1709,N21,n,2.0NRT,2.68,N,0.49,0.65,,,,,,firms,VIIRS,VIIRS_NOAA21_NRT
3.60837,112.41081,2025-04-26,1709,N21,n,2.0NRT,5.7,N,0.57,0.69,,,,,,firms,VIIRS,VIIRS_NOAA21_NRT
4.97927,112.9808,2025-04-26,1709,N21,n,2.0NRT,4.32,N,0.55,0.68,,,,,,firms,VIIRS,VIIRS_NOAA21_NRT
4.97994,112.97589,2025-04-26,1709,N21,n,2.0NRT,2.72,N,0.55,0.68,,,,,,firms,VIIRS,VIIRS_NOAA21_NRT
4.98038,112.98421,2025-04-26,1709,N21,n,2.0NRT,2.78,N,0.55,0.68,,,,,,firms,VIIRS,VIIRS_NOAA21_NRT
4.98108,112.97932,2025-04-26,1709,N21,n,2.0NRT,5.3,N,0.55,0.68,,,,,,firms,VIIRS,VIIRS_NOAA21_NRT
-2.57502,121.38554,2025-04-26,1711,N21,n,2.0NRT,1.2,N,0.4,0.37,,,,,,firms,VIIRS,VIIRS_NOAA21_NRT
-2.57446,121.382,2025-04-26,1711,N21,n,2.0NRT,1.2,N,0.4,0.37,,,,,,firms,VIIRS,VIIRS_NOAA21_NRT
-2.27159,121.76582,2025-04-26,1711,N21,n,2.0NRT,1.96,N,0.39,0.36,,,,,,firms,VIIRS,VIIRS_NOAA21_NRT
-2.00966,121.41732,2025-04-26,1711,N21,n,2.0NRT,0.43,N,0.4,0.37,,,,,,firms,VIIRS,VIIRS_NOAA21_NRT
-1.45697,127.43611,2025-04-26,1711,N21,n,2.0NRT,1.69,N,0.54,0.42,,,,,,firms,VIIRS,VIIRS_NOAA21_NRT
-0.58282,117.38662,2025-04-26,1711,N21,n,2.0NRT,0.91,N,0.45,0.47,,,,,,firms,VIIRS,VIIRS_NOAA21_NRT
0.68793,117.54475,2025-04-26,1711,N21,n,2.0NRT,3.41,N,0.46,0.47,,,,,,firms,VIIRS,VIIRS_NOAA21_NRT
0.69099,117.55347,2025-04-26,1711,N21,n,2.0NRT,1.03,N,0.46,0.47,,,,,,firms,VIIRS,VIIRS_NOAA21_NRT
0.69224,117.54536,2025-04-26,1711,N21,n,2.0NRT,3.41,N,0.46,0.47,,,,,,firms,VIIRS,VIIRS_NOAA21_NRT
1.16424,117.68069,2025-04-26,1711,N21,n,2.0NRT,1.91,N,0.45,0.47,,,,,,firms,VIIRS,VIIRS_NOAA21_NRT
-8.53967,122.76665,2025-04-26,1713,N21,n,2.0NRT,3.58,N,0.4,0.37,,,,,,firms,VIIRS,VIIRS_NOAA21_NRT
-8.53631,122.76716,2025-04-26,1713,N21,n,2.0NRT,3.58,N,0.4,0.37,,,,,,firms,VIIRS,VIIRS_NOAA21_NRT
-8.27476,123.51013,2025-04-26,1713,N21,n,2.0NRT,4.98,N,0.42,0.37,,,,,,firms,VIIRS,VIIRS_NOAA21_NRT
-8.27417,123.50617,2025-04-26,1713,N21,n,2.0NRT,10.07,N,0.41,0.37,,,,,,firms,VIIRS,VIIRS_NOAA21_NRT
-8.27073,123.50655,2025-04-26,1713,N21,n,2.0NRT,0.59,N,0.41,0.37,,,,,,firms,VIIRS,VIIRS_NOAA21_NRT
-8.11478,112.92239,2025-04-26,1713,N21,n,2.0NRT,2.91,N,0.34,0.56,,,,,,firms,VIIRS,VIIRS_NOAA21_NRT
-8.11421,112.91914,2025-04-26,1713,N21,n,2.0NRT,2.91,N,0.34,0.56,,,,,,firms,VIIRS,VIIRS_NOAA21_NRT
-8.11271,112.92292,2025-04-26,1713,N21,n,2.0NRT,5.02,N,0.34,0.56,,,,,,firms,VIIRS,VIIRS_NOAA21_NRT
-8.11214,112.91982,2025-04-26,1713,N21,n,2.0NRT,5.02,N,0.34,0.56,,,,,,firms,VIIRS,VIIRS_NOAA21_NRT
-8.1099,112.92455,2025-04-26,1713,N21,n,2.0NRT,2.91,N,0.34,0.56,,,,,,firms,VIIRS,VIIRS_NOAA21_NRT
-8.10945,112.922,2025-04-26,1713,N21,n,2.0NRT,2.91,N,0.34,0.56,,,,,,firms,VIIRS,VIIRS_NOAA21_NRT
-1.57445,103.686,2025-04-26,1851,N21,n,2.0NRT,1.27,N,0.46,0.47,,,,,,firms,VIIRS,VIIRS_NOAA21_NRT
-1.18835,103.37316,2025-04-26,1851,N21,n,2.0NRT,2.15,N,0.43,0.46,,,,,,firms,VIIRS,VIIRS_NOAA21_NRT
-1.1761,103.49041,2025-04-26,1851,N21,n,2.0NRT,1.74,N,0.44,0.46,,,,,,firms,VIIRS,VIIRS_NOAA21_NRT
-1.17344,103.35987,2025-04-26,1851,N21,n,2.0NRT,1.15,N,0.43,0.46,,,,,,firms,VIIRS,VIIRS_NOAA21_NRT
-1.11734,103.41951,2025-04-26,1851,N21,n,2.0NRT,12.2,N,0.43,0.46,,,,,,firms,VIIRS,VIIRS_NOAA21_NRT
-1.11314,103.42017,2025-04-26,1851,N21,n,2.0NRT,12.2,N,0.43,0.46,,,,,,firms,VIIRS,VIIRS_NOAA21_NRT
-1.08558,103.4087,2025-04-26,1851,N21,n,2.0NRT,5.46,N,0.43,0.46,,,,,,firms,VIIRS,VIIRS_NOAA21_NRT
-0.98676,103.3327,2025-04-26,1851,N21,n,2.0NRT,1.26,N,0.43,0.46,,,,,,firms,VIIRS,VIIRS_NOAA21_NRT
-0.53383,101.41628,2025-04-26,1851,N21,n,2.0NRT,1.07,N,0.48,0.4,,,,,,firms,VIIRS,VIIRS_NOAA21_NRT
-0.48778,102.47745,2025-04-26,1851,N21,n,2.0NRT,1.17,N,0.56,0.43,,,,,,firms,VIIRS,VIIRS_NOAA21_NRT
-0.46205,102.46626,2025-04-26,1851,N21,n,2.0NRT,0.8,N,0.55,0.43,,,,,,firms,VIIRS,VIIRS_NOAA21_NRT
-0.39334,100.45842,2025-04-26,1851,N21,n,2.0NRT,1.56,N,0.44,0.38,,,,,,firms,VIIRS,VIIRS_NOAA21_NRT
-0.39274,100.45459,2025-04-26,1851,N21,n,2.0NRT,1.05,N,0.44,0.38,,,,,,firms,VIIRS,VIIRS_NOAA21_NRT
-0.38924,100.45506,2025-04-26,1851,N21,n,2.0NRT,1.05,N,0.44,0.38,,,,,,firms,VIIRS,VIIRS_NOAA21_NRT
0.44087,101.89153,2025-04-26,1851,N21,n,2.0NRT,3.09,N,0.5,0.41,,,,,,firms,VIIRS,VIIRS_NOAA21_NRT
0.68204,101.11945,2025-04-26,1851,N21,n,2.0NRT,1.03,N,0.45,0.39,,,,,,firms,VIIRS,VIIRS_NOAA21_NRT
0.74387,101.46532,2025-04-26,1851,N21,n,2.0NRT,0.76,N,0.47,0.4,,,,,,firms,VIIRS,VIIRS_NOAA21_NRT
0.84594,101.39041,2025-04-26,1851,N21,n,2.0NRT,0.79,N,0.47,0.39,,,,,,firms,VIIRS,VIIRS_NOAA21_NRT
1.27929,100.33253,2025-04-26,1851,N21,n,2.0NRT,0.58,N,0.42,0.37,,,,,,firms,VIIRS,VIIRS_NOAA21_NRT
1.37586,104.15984,2025-04-26,1851,N21,n,2.0NRT,2.32,N,0.45,0.47,,,,,,firms,VIIRS,VIIRS_NOAA21_NRT
1.67316,101.47545,2025-04-26,1851,N21,n,2.0NRT,2.68,N,0.46,0.39,,,,,,firms,VIIRS,VIIRS_NOAA21_NRT
1.97408,101.41195,2025-04-26,1851,N21,n,2.0NRT,0.83,N,0.45,0.39,,,,,,firms,VIIRS,VIIRS_NOAA21_NRT
2.15002,99.99906,2025-04-26,1851,N21,n,2.0NRT,0.68,N,0.4,0.37,,,,,,firms,VIIRS,VIIRS_NOAA21_NRT
2.25177,102.10312,2025-04-26,1851,N21,n,2.0NRT,2.51,N,0.49,0.4,,,,,,firms,VIIRS,VIIRS_NOAA21_NRT
2.73718,102.3962,2025-04-26,1851,N21,n,2.0NRT,1.15,N,0.5,0.41,,,,,,firms,VIIRS,VIIRS_NOAA21_NRT
2.7379,102.39173,2025-04-26,1851,N21,n,2.0NRT,1.15,N,0.5,0.41,,,,,,firms,VIIRS,VIIRS_NOAA21_NRT
2.7852,111.74014,2025-04-26,1851,N21,n,2.0NRT,1.99,N,0.71,0.75,,,,,,firms,VIIRS,VIIRS_NOAA21_NRT
3.60768,112.41375,2025-04-26,1851,N21,n,2.0NRT,5.68,N,0.77,0.77,,,,,,firms,VIIRS,VIIRS_NOAA21_NRT
4.44412,95.89505,2025-04-26,1851,N21,n,2.0NRT,1.47,N,0.46,0.39,,,,,,firms,VIIRS,VIIRS_NOAA21_NRT
4.55486,103.45518,2025-04-26,1851,N21,n,2.0NRT,1.88,N,0.54,0.42,,,,,,firms,VIIRS,VIIRS_NOAA21_NRT
4.57452,95.7037,2025-04-26,1851,N21,n,2.0NRT,0.61,N,0.47,0.4,,,,,,firms,VIIRS,VIIRS_NOAA21_NRT
4.66005,103.38031,2025-04-26,1851,N21,n,2.0NRT,1.95,N,0.54,0.42,,,,,,firms,VIIRS,VIIRS_NOAA21_NRT
5.37168,104.89518,2025-04-26,1851,N21,n,2.0NRT,6.41,N,0.43,0.46,,,,,,firms,VIIRS,VIIRS_NOAA21_NRT
5.42314,102.88968,2025-04-26,1851,N21,n,2.0NRT,1.36,N,0.49,0.4,,,,,,firms,VIIRS,VIIRS_NOAA21_NRT
-7.70445,108.99588,2025-04-26,1853,N21,n,2.0NRT,1.08,N,0.66,0.73,,,,,,firms,VIIRS,VIIRS_NOAA21_NRT
-7.70123,108.99689,2025-04-26,1853,N21,n,2.0NRT,0.6,N,0.66,0.73,,,,,,firms,VIIRS,VIIRS_NOAA21_NRT
-2.20253,101.09,2025-04-26,1853,N21,n,2.0NRT,0.83,N,0.49,0.4,,,,,,firms,VIIRS,VIIRS_NOAA21_NRT
-2.17909,102.82397,2025-04-26,1853,N21,n,2.0NRT,0.69,N,0.41,0.45,,,,,,firms,VIIRS,VIIRS_NOAA21_NRT
-6.64056,139.09946,2025-04-27,410,N21,n,2.0NRT,3.88,D,0.39,0.36,,,,,,firms,VIIRS,VIIRS_NOAA21_NRT
-6.55171,139.12453,2025-04-27,410,N21,n,2.0NRT,1.57,D,0.39,0.36,,,,,,firms,VIIRS,VIIRS_NOAA21_NRT
-6.51332,134.12219,2025-04-27,410,N21,n,2.0NRT,5.09,D,0.44,0.46,,,,,,firms,VIIRS,VIIRS_NOAA21_NRT
-1.46057,127.43713,2025-04-27,412,N21,n,2.0NRT,9.42,D,0.54,0.68,,,,,,firms,VIIRS,VIIRS_NOAA21_NRT
-9.10029,125.90907,2025-04-27,550,N21,n,2.0NRT,7.73,D,0.48,0.64,,,,,,firms,VIIRS,VIIRS_NOAA21_NRT
-8.84897,120.28226,2025-04-27,550,N21,n,2.0NRT,6.24,D,0.4,0.44,,,,,,firms,VIIRS,VIIRS_NOAA21_NRT
-8.77361,116.86147,2025-04-27,550,N21,n,2.0NRT,4.04,D,0.41,0.37,,,,,,firms,VIIRS,VIIRS_NOAA21_NRT
-8.53326,116.89487,2025-04-27,550,N21,n,2.0NRT,8.42,D,0.41,0.37,,,,,,firms,VIIRS,VIIRS_NOAA21_NRT
-8.42892,123.60062,2025-04-27,550,N21,n,2.0NRT,8.28,D,0.34,0.56,,,,,,firms,VIIRS,VIIRS_NOAA21_NRT
-8.42657,123.59748,2025-04-27,550,N21,n,2.0NRT,3.3,D,0.34,0.56,,,,,,firms,VIIRS,VIIRS_NOAA21_NRT
-8.38937,117.87471,2025-04-27,550,N21,n,2.0NRT,3.86,D,0.45,0.39,,,,,,firms,VIIRS,VIIRS_NOAA21_NRT
-8.35112,113.59841,2025-04-27,550,N21,l,2.0NRT,2.4,D,0.4,0.37,,,,,,firms,VIIRS,VIIRS_NOAA21_NRT
-8.27087,123.50809,2025-04-27,550,N21,n,2.0NRT,6.48,D,0.34,0.56,,,,,,firms,VIIRS,VIIRS_NOAA21_NRT
-8.26998,123.51314,2025-04-27,550,N21,h,2.0NRT,6.48,D,0.34,0.56,,,,,,firms,VIIRS,VIIRS_NOAA21_NRT
-8.11472,112.92375,2025-04-27,550,N21,n,2.0NRT,34.95,D,0.41,0.37,,,,,,firms,VIIRS,VIIRS_NOAA21_NRT
-8.10468,117.97324,2025-04-27,550,N21,n,2.0NRT,4.01,D,0.46,0.39,,,,,,firms,VIIRS,VIIRS_NOAA21_NRT
-7.96969,110.68233,2025-04-27,550,N21,n,2.0NRT,4.29,D,0.52,0.42,,,,,,firms,VIIRS,VIIRS_NOAA21_NRT
-7.82044,113.35185,2025-04-27,550,N21,n,2.0NRT,5.23,D,0.4,0.37,,,,,,firms,VIIRS,VIIRS_NOAA21_NRT
-7.70379,112.812,2025-04-27,550,N21,n,2.0NRT,2.44,D,0.42,0.37,,,,,,firms,VIIRS,VIIRS_NOAA21_NRT
-7.70092,108.99374,2025-04-27,550,N21,n,2.0NRT,3.45,D,0.44,0.46,,,,,,firms,VIIRS,VIIRS_NOAA21_NRT
-7.70037,112.81149,2025-04-27,550,N21,n,2.0NRT,2.44,D,0.42,0.37,,,,,,firms,VIIRS,VIIRS_NOAA21_NRT
-7.66076,110.94926,2025-04-27,550,N21,n,2.0NRT,1.57,D,0.5,0.41,,,,,,firms,VIIRS,VIIRS_NOAA21_NRT
-7.63956,110.82965,2025-04-27,550,N21,n,2.0NRT,3.02,D,0.51,0.41,,,,,,firms,VIIRS,VIIRS_NOAA21_NRT
-7.62201,114.04346,2025-04-27,550,N21,n,2.0NRT,2.74,D,0.39,0.36,,,,,,firms,VIIRS,VIIRS_NOAA21_NRT
-7.56712,110.90047,2025-04-27,550,N21,n,2.0NRT,3.24,D,0.5,0.41,,,,,,firms,VIIRS,VIIRS_NOAA21_NRT
-7.56225,110.88123,2025-04-27,550,N21,l,2.0NRT,2.38,D,0.5,0.41,,,,,,firms,VIIRS,VIIRS_NOAA21_NRT
-7.55345,110.88924,2025-04-27,550,N21,l,2.0NRT,4.24,D,0.5,0.41,,,,,,firms,VIIRS,VIIRS_NOAA21_NRT
-7.52758,112.15987,2025-04-27,550,N21,n,2.0NRT,2.72,D,0.44,0.38,,,,,,firms,VIIRS,VIIRS_NOAA21_NRT
-7.50605,110.91586,2025-04-27,550,N21,l,2.0NRT,3.02,D,0.5,0.41,,,,,,firms,VIIRS,VIIRS_NOAA21_NRT
-7.50338,110.91897,2025-04-27,550,N21,n,2.0NRT,4.83,D,0.5,0.41,,,,,,firms,VIIRS,VIIRS_NOAA21_NRT
-7.44897,110.96739,2025-04-27,550,N21,n,2.0NRT,5.34,D,0.5,0.41,,,,,,firms,VIIRS,VIIRS_NOAA21_NRT
-7.43048,110.80356,2025-04-27,550,N21,n,2.0NRT,6.06,D,0.51,0.41,,,,,,firms,VIIRS,VIIRS_NOAA21_NRT
-7.16087,110.41496,2025-04-27,550,N21,l,2.0NRT,6.87,D,0.53,0.42,,,,,,firms,VIIRS,VIIRS_NOAA21_NRT
-7.04159,110.54626,2025-04-27,550,N21,n,2.0NRT,5.51,D,0.52,0.41,,,,,,firms,VIIRS,VIIRS_NOAA21_NRT
-7.00814,110.35182,2025-04-27,550,N21,n,2.0NRT,7.68,D,0.53,0.42,,,,,,firms,VIIRS,VIIRS_NOAA21_NRT
-6.92213,110.59784,2025-04-27,550,N21,n,2.0NRT,3.02,D,0.51,0.41,,,,,,firms,VIIRS,VIIRS_NOAA21_NRT
-6.73826,110.74191,2025-04-27,550,N21,n,2.0NRT,4.22,D,0.5,0.41,,,,,,firms,VIIRS,VIIRS_NOAA21_NRT
-3.86617,115.19341,2025-04-27,553,N21,l,2.0NRT,4.04,D,0.4,0.37,,,,,,firms,VIIRS,VIIRS_NOAA21_NRT
-2.84108,110.47682,2025-04-27,553,N21,n,2.0NRT,3.72,D,0.47,0.4,,,,,,firms,VIIRS,VIIRS_NOAA21_NRT
-2.77782,120.42809,2025-04-27,553,N21,n,2.0NRT,3.0,D,0.51,0.49,,,,,,firms,VIIRS,VIIRS_NOAA21_NRT
-2.57879,121.38003,2025-04-27,553,N21,n,2.0NRT,19.7,D,0.6,0.53,,,,,,firms,VIIRS,VIIRS_NOAA21_NRT
-2.5779,121.38556,2025-04-27,553,N21,n,2.0NRT,38.37,D,0.6,0.53,,,,,,firms,VIIRS,VIIRS_NOAA21_NRT
-2.16494,100.98664,2025-04-27,553,N21,n,2.0NRT,11.99,D,0.66,0.73,,,,,,firms,VIIRS,VIIRS_NOAA21_NRT
-2.16409,100.99247,2025-04-27,553,N21,n,2.0NRT,11.99,D,0.65,0.73,,,,,,firms,VIIRS,VIIRS_NOAA21_NRT
-2.01235,121.41913,2025-04-27,553,N21,n,2.0NRT,10.01,D,0.62,0.54,,,,,,firms,VIIRS,VIIRS_NOAA21_NRT
-1.29673,121.81028,2025-04-27,553,N21,n,2.0NRT,1.97,D,0.34,0.56,,,,,,firms,VIIRS,VIIRS_NOAA21_NRT
-1.09961,121.43244,2025-04-27,553,N21,n,2.0NRT,1.79,D,0.32,0.55,,,,,,firms,VIIRS,VIIRS_NOAA21_NRT
-1.08481,121.52823,2025-04-27,553,N21,n,2.0NRT,3.45,D,0.32,0.55,,,,,,firms,VIIRS,VIIRS_NOAA21_NRT
-1.08243,103.40797,2025-04-27,553,N21,h,2.0NRT,10.08,D,0.43,0.62,,,,,,firms,VIIRS,VIIRS_NOAA21_NRT
-0.86399,121.62971,2025-04-27,553,N21,n,2.0NRT,3.36,D,0.33,0.55,,,,,,firms,VIIRS,VIIRS_NOAA21_NRT
0.20136,111.05168,2025-04-27,553,N21,n,2.0NRT,4.22,D,0.42,0.37,,,,,,firms,VIIRS,VIIRS_NOAA21_NRT
0.51136,112.37663,2025-04-27,553,N21,n,2.0NRT,3.52,D,0.39,0.36,,,,,,firms,VIIRS,VIIRS_NOAA21_NRT
0.67581,117.56471,2025-04-27,553,N21,n,2.0NRT,6.28,D,0.56,0.43,,,,,,firms,VIIRS,VIIRS_NOAA21_NRT
0.68336,117.56175,2025-04-27,553,N21,n,2.0NRT,12.6,D,0.56,0.43,,,,,,firms,VIIRS,VIIRS_NOAA21_NRT
0.68653,117.55611,2025-04-27,553,N21,n,2.0NRT,7.86,D,0.56,0.43,,,,,,firms,VIIRS,VIIRS_NOAA21_NRT
0.68896,117.54555,2025-04-27,553,N21,n,2.0NRT,21.71,D,0.56,0.43,,,,,,firms,VIIRS,VIIRS_NOAA21_NRT
0.78655,116.93092,2025-04-27,553,N21,n,2.0NRT,2.12,D,0.52,0.41,,,,,,firms,VIIRS,VIIRS_NOAA21_NRT
0.78684,116.93405,2025-04-27,553,N21,n,2.0NRT,4.08,D,0.52,0.41,,,,,,firms,VIIRS,VIIRS_NOAA21_NRT
0.88814,117.71663,2025-04-27,553,N21,n,2.0NRT,4.46,D,0.39,0.44,,,,,,firms,VIIRS,VIIRS_NOAA21_NRT
0.89556,117.71194,2025-04-27,553,N21,n,2.0NRT,3.17,D,0.38,0.44,,,,,,firms,VIIRS,VIIRS_NOAA21_NRT
0.95443,117.86998,2025-04-27,553,N21,n,2.0NRT,11.17,D,0.39,0.44,,,,,,firms,VIIRS,VIIRS_NOAA21_NRT
0.96185,117.91956,2025-04-27,553,N21,n,2.0NRT,37.12,D,0.4,0.44,,,,,,firms,VIIRS,VIIRS_NOAA21_NRT
1.08688,117.12243,2025-04-27,553,N21,n,2.0NRT,14.04,D,0.54,0.42,,,,,,firms,VIIRS,VIIRS_NOAA21_NRT
1.09915,117.12556,2025-04-27,553,N21,n,2.0NRT,10.87,D,0.54,0.42,,,,,,firms,VIIRS,VIIRS_NOAA21_NRT
1.12557,117.11832,2025-04-27,553,N21,n,2.0NRT,14.16,D,0.54,0.42,,,,,,firms,VIIRS,VIIRS_NOAA21_NRT
1.36427,117.65759,2025-04-27,553,N21,n,2.0NRT,7.0,D,0.39,0.44,,,,,,firms,VIIRS,VIIRS_NOAA21_NRT
1.37381,117.23665,2025-04-27,553,N21,n,2.0NRT,8.21,D,0.55,0.43,,,,,,firms,VIIRS,VIIRS_NOAA21_NRT
1.3771,117.23887,2025-04-27,553,N21,n,2.0NRT,8.04,D,0.55,0.43,,,,,,firms,VIIRS,VIIRS_NOAA21_NRT
1.51247,118.16763,2025-04-27,553,N21,n,2.0NRT,4.97,D,0.42,0.45,,,,,,firms,VIIRS,VIIRS_NOAA21_NRT
2.7398,102.39355,2025-04-27,553,N21,n,2.0NRT,6.32,D,0.44,0.62,,,,,,firms,VIIRS,VIIRS_NOAA21_NRT
3.80988,108.37906,2025-04-27,553,N21,n,2.0NRT,3.61,D,0.5,0.41,,,,,,firms,VIIRS,VIIRS_NOAA21_NRT
4.05734,108.07465,2025-04-27,553,N21,n,2.0NRT,12.91,D,0.52,0.41,,,,,,firms,VIIRS,VIIRS_NOAA21_NRT
4.55469,103.45877,2025-04-27,553,N21,n,2.0NRT,5.02,D,0.34,0.56,,,,,,firms,VIIRS,VIIRS_NOAA21_NRT
4.55724,103.45583,2025-04-27,553,N21,n,2.0NRT,4.88,D,0.34,0.56,,,,,,firms,VIIRS,VIIRS_NOAA21_NRT
4.66228,103.37694,2025-04-27,553,N21,n,2.0NRT,4.13,D,0.35,0.56,,,,,,firms,VIIRS,VIIRS_NOAA21_NRT
4.94082,116.02651,2025-04-27,553,N21,n,2.0NRT,11.49,D,0.52,0.41,,,,,,firms,VIIRS,VIIRS_NOAA21_NRT
4.98006,112.98235,2025-04-27,553,N21,n,2.0NRT,5.53,D,0.39,0.36,,,,,,firms,VIIRS,VIIRS_NOAA21_NRT
5.39969,102.98342,2025-04-27,553,N21,n,2.0NRT,3.11,D,0.36,0.57,,,,,,firms,VIIRS,VIIRS_NOAA21_NRT
1.00563,104.01516,2025-04-27,555,N21,n,2.0NRT,3.43,D,0.36,0.57,,,,,,firms,VIIRS,VIIRS_NOAA21_NRT
1.00958,104.07298,2025-04-27,555,N21,n,2.0NRT,3.73,D,0.35,0.57,,,,,,firms,VIIRS,VIIRS_NOAA21_NRT
1.01478,104.0722,2025-04-27,555,N21,n,2.0NRT,4.7,D,0.35,0.57,,,,,,firms,VIIRS,VIIRS_NOAA21_NRT
1.03829,104.05251,2025-04-27,555,N21,n,2.0NRT,6.93,D,0.36,0.57,,,,,,firms,VIIRS,VIIRS_NOAA21_NRT
1.5759,103.77525,2025-04-27,555,N21,n,2.0NRT,5.28,D,0.37,0.58,,,,,,firms,VIIRS,VIIRS_NOAA21_NRT
1.57613,103.77596,2025-04-27,555,N21,n,2.0NRT,5.76,D,0.36,0.58,,,,,,firms,VIIRS,VIIRS_NOAA21_NRT
1.79313,109.72611,2025-04-27,555,N21,n,2.0NRT,4.22,D,0.45,0.39,,,,,,firms,VIIRS,VIIRS_NOAA21_NRT
1.80361,99.78638,2025-04-27,555,N21,n,2.0NRT,5.72,D,0.69,0.74,,,,,,firms,VIIRS,VIIRS_NOAA21_NRT
2.99877,116.51319,2025-04-27,555,N21,n,2.0NRT,4.3,D,0.52,0.42,,,,,,firms,VIIRS,VIIRS_NOAA21_NRT
4.23518,117.15398,2025-04-27,555,N21,n,2.0NRT,4.06,D,0.4,0.44,,,,,,firms,VIIRS,VIIRS_NOAA21_NRT
-2.31714,100.92281,2025-04-27,731,N21,n,2.0NRT,12.23,D,0.66,0.73,,,,,,firms,VIIRS,VIIRS_NOAA21_NRT
-2.31553,101.0358,2025-04-27,731,N21,n,2.0NRT,10.36,D,0.68,0.74,,,,,,firms,VIIRS,VIIRS_NOAA21_NRT
-2.31397,100.9194,2025-04-27,731,N21,n,2.0NRT,8.78,D,0.66,0.73,,,,,,firms,VIIRS,VIIRS_NOAA21_NRT
-2.31224,101.03197,2025-04-27,731,N21,n,2.0NRT,5.64,D,0.67,0.74,,,,,,firms,VIIRS,VIIRS_NOAA21_NRT
-2.16152,100.98914,2025-04-27,731,N21,n,2.0NRT,4.67,D,0.67,0.74,,,,,,firms,VIIRS,VIIRS_NOAA21_NRT
-0.51439,100.95103,2025-04-27,733,N21,n,2.0NRT,3.97,D,0.71,0.75,,,,,,firms,VIIRS,VIIRS_NOAA21_NRT
0.27499,99.2017,2025-04-27,733,N21,n,2.0NRT,4.46,D,0.56,0.68,,,,,,firms,VIIRS,VIIRS_NOAA21_NRT
0.28594,99.24535,2025-04-27,733,N21,n,2.0NRT,4.62,D,0.56,0.69,,,,,,firms,VIIRS,VIIRS_NOAA21_NRT
0.2884,99.24537,2025-04-27,733,N21,n,2.0NRT,4.58,D,0.56,0.69,,,,,,firms,VIIRS,VIIRS_NOAA21_NRT
1.2659,99.51866,2025-04-27,733,N21,n,2.0NRT,6.63,D,0.61,0.71,,,,,,firms,VIIRS,VIIRS_NOAA21_NRT
1.26662,99.51897,2025-04-27,733,N21,n,2.0NRT,9.22,D,0.61,0.71,,,,,,firms,VIIRS,VIIRS_NOAA21_NRT
2.81876,97.7289,2025-04-27,733,N21,n,2.0NRT,5.21,D,0.48,0.65,,,,,,firms,VIIRS,VIIRS_NOAA21_NRT
4.53311,95.79815,2025-04-27,733,N21,n,2.0NRT,6.02,D,0.37,0.58,,,,,,firms,VIIRS,VIIRS_NOAA21_NRT
4.73135,95.57061,2025-04-27,733,N21,n,2.0NRT,4.64,D,0.36,0.58,,,,,,firms,VIIRS,VIIRS_NOAA21_NRT
-0.49712,117.29734,2025-04-27,1652,N21,n,2.0NRT,1.03,N,0.48,0.65,,,,,,firms,VIIRS,VIIRS_NOAA21_NRT
-0.49534,117.29976,2025-04-27,1652,N21,n,2.0NRT,0.48,N,0.48,0.65,,,,,,firms,VIIRS,VIIRS_NOAA21_NRT
0.47967,127.98922,2025-04-27,1652,N21,n,2.0NRT,2.3,N,0.38,0.36,,,,,,firms,VIIRS,VIIRS_NOAA21_NRT
0.48083,128.00345,2025-04-27,1652,N21,n,2.0NRT,4.71,N,0.38,0.36,,,,,,firms,VIIRS,VIIRS_NOAA21_NRT
0.48136,128.00002,2025-04-27,1652,N21,n,2.0NRT,1.95,N,0.38,0.36,,,,,,firms,VIIRS,VIIRS_NOAA21_NRT
0.4819,127.9966,2025-04-27,1652,N21,n,2.0NRT,1.95,N,0.38,0.36,,,,,,firms,VIIRS,VIIRS_NOAA21_NRT
0.48243,127.99316,2025-04-27,1652,N21,n,2.0NRT,2.18,N,0.38,0.36,,,,,,firms,VIIRS,VIIRS_NOAA21_NRT
0.48297,127.98972,2025-04-27,1652,N21,n,2.0NRT,2.18,N,0.38,0.36,,,,,,firms,VIIRS,VIIRS_NOAA21_NRT
0.48573,127.99369,2025-04-27,1652,N21,n,2.0NRT,2.18,N,0.38,0.36,,,,,,firms,VIIRS,VIIRS_NOAA21_NRT
0.48627,127.99026,2025-04-27,1652,N21,n,2.0NRT,2.18,N,0.38,0.36,,,,,,firms,VIIRS,VIIRS_NOAA21_NRT
0.48681,127.98683,2025-04-27,1652,N21,n,2.0NRT,1.92,N,0.38,0.36,,,,,,firms,VIIRS,VIIRS_NOAA21_NRT
0.48734,127.9834,2025-04-27,1652,N21,n,2.0NRT,1.92,N,0.38,0.36,,,,,,firms,VIIRS,VIIRS_NOAA21_NRT
0.48841,127.97655,2025-04-27,1652,N21,n,2.0NRT,2.25,N,0.38,0.36,,,,,,firms,VIIRS,VIIRS_NOAA21_NRT
0.49031,127.89954,2025-04-27,1652,N21,n,2.0NRT,0.61,N,0.38,0.36,,,,,,firms,VIIRS,VIIRS_NOAA21_NRT
0.49064,127.98392,2025-04-27,1652,N21,n,2.0NRT,6.45,N,0.38,0.36,,,,,,firms,VIIRS,VIIRS_NOAA21_NRT
0.51066,127.89915,2025-04-27,1652,N21,n,2.0NRT,1.24,N,0.38,0.36,,,,,,firms,VIIRS,VIIRS_NOAA21_NRT
0.5112,127.89571,2025-04-27,1652,N21,n,2.0NRT,1.24,N,0.39,0.36,,,,,,firms,VIIRS,VIIRS_NOAA21_NRT
1.49415,127.63707,2025-04-27,1652,N21,n,2.0NRT,5.93,N,0.39,0.36,,,,,,firms,VIIRS,VIIRS_NOAA21_NRT
1.49469,127.63361,2025-04-27,1652,N21,n,2.0NRT,5.93,N,0.39,0.36,,,,,,firms,VIIRS,VIIRS_NOAA21_NRT
1.49523,127.63012,2025-04-27,1652,N21,n,2.0NRT,3.78,N,0.39,0.36,,,,,,firms,VIIRS,VIIRS_NOAA21_NRT
1.51522,127.93665,2025-04-27,1652,N21,n,2.0NRT,0.48,N,0.39,0.36,,,,,,firms,VIIRS,VIIRS_NOAA21_NRT
1.69812,127.87796,2025-04-27,1652,N21,n,2.0NRT,3.88,N,0.39,0.36,,,,,,firms,VIIRS,VIIRS_NOAA21_NRT
1.69866,127.87447,2025-04-27,1652,N21,n,2.0NRT,1.03,N,0.39,0.36,,,,,,firms,VIIRS,VIIRS_NOAA21_NRT
1.70197,127.87499,2025-04-27,1652,N21,n,2.0NRT,1.03,N,0.39,0.36,,,,,,firms,VIIRS,VIIRS_NOAA21_NRT
2.78281,125.4026,2025-04-27,1652,N21,n,2.0NRT,1.23,N,0.48,0.4,,,,,,firms,VIIRS,VIIRS_NOAA21_NRT
-8.27398,123.5064,2025-04-27,1654,N21,n,2.0NRT,4.38,N,0.44,0.39,,,,,,firms,VIIRS,VIIRS_NOAA21_NRT
-2.21489,115.49937,2025-04-27,1654,N21,n,2.0NRT,1.44,N,0.6,0.71,,,,,,firms,VIIRS,VIIRS_NOAA21_NRT
-2.2086,115.49855,2025-04-27,1654,N21,n,2.0NRT,3.4,N,0.6,0.71,,,,,,firms,VIIRS,VIIRS_NOAA21_NRT
-2.20844,115.5005,2025-04-27,1654,N21,n,2.0NRT,1.44,N,0.6,0.71,,,,,,firms,VIIRS,VIIRS_NOAA21_NRT
-8.53942,122.76873,2025-04-27,1656,N21,n,2.0NRT,2.0,N,0.48,0.4,,,,,,firms,VIIRS,VIIRS_NOAA21_NRT
-8.53902,122.76806,2025-04-27,1656,N21,n,2.0NRT,6.53,N,0.48,0.4,,,,,,firms,VIIRS,VIIRS_NOAA21_NRT
-8.53867,122.76426,2025-04-27,1656,N21,n,2.0NRT,3.92,N,0.48,0.4,,,,,,firms,VIIRS,VIIRS_NOAA21_NRT
-8.53829,122.76355,2025-04-27,1656,N21,n,2.0NRT,5.65,N,0.48,0.4,,,,,,firms,VIIRS,VIIRS_NOAA21_NRT
-8.53574,122.76914,2025-04-27,1656,N21,n,2.0NRT,2.0,N,0.48,0.4,,,,,,firms,VIIRS,VIIRS_NOAA21_NRT
-8.53533,122.7684,2025-04-27,1656,N21,n,2.0NRT,1.41,N,0.48,0.4,,,,,,firms,VIIRS,VIIRS_NOAA21_NRT
-8.53497,122.76462,2025-04-27,1656,N21,n,2.0NRT,3.92,N,0.48,0.4,,,,,,firms,VIIRS,VIIRS_NOAA21_NRT
-8.53459,122.76385,2025-04-27,1656,N21,n,2.0NRT,2.76,N,0.48,0.4,,,,,,firms,VIIRS,VIIRS_NOAA21_NRT
-8.34354,117.83735,2025-04-27,1656,N21,n,2.0NRT,0.89,N,0.33,0.55,,,,,,firms,VIIRS,VIIRS_NOAA21_NRT
-8.11141,112.92223,2025-04-27,1656,N21,n,2.0NRT,3.92,N,0.72,0.76,,,,,,firms,VIIRS,VIIRS_NOAA21_NRT
3.26778,102.57811,2025-04-27,1832,N21,n,2.0NRT,1.14,N,0.39,0.36,,,,,,firms,VIIRS,VIIRS_NOAA21_NRT
3.27612,113.07603,2025-04-27,1832,N21,n,2.0NRT,3.15,N,0.4,0.6,,,,,,firms,VIIRS,VIIRS_NOAA21_NRT
3.27671,113.07237,2025-04-27,1832,N21,n,2.0NRT,4.02,N,0.4,0.6,,,,,,firms,VIIRS,VIIRS_NOAA21_NRT
3.27699,113.07462,2025-04-27,1832,N21,n,2.0NRT,3.02,N,0.4,0.6,,,,,,firms,VIIRS,VIIRS_NOAA21_NRT
3.27784,113.06548,2025-04-27,1832,N21,n,2.0NRT,2.69,N,0.4,0.6,,,,,,firms,VIIRS,VIIRS_NOAA21_NRT
3.27876,113.06425,2025-04-27,1832,N21,n,2.0NRT,3.09,N,0.4,0.6,,,,,,firms,VIIRS,VIIRS_NOAA21_NRT
3.28044,113.08403,2025-04-27,1832,N21,n,2.0NRT,3.26,N,0.4,0.6,,,,,,firms,VIIRS,VIIRS_NOAA21_NRT
3.28065,113.08617,2025-04-27,1832,N21,n,2.0NRT,2.15,N,0.4,0.6,,,,,,firms,VIIRS,VIIRS_NOAA21_NRT
3.281,113.08057,2025-04-27,1832,N21,n,2.0NRT,2.79,N,0.4,0.6,,,,,,firms,VIIRS,VIIRS_NOAA21_NRT
3.28124,113.08271,2025-04-27,1832,N21,n,2.0NRT,2.15,N,0.4,0.6,,,,,,firms,VIIRS,VIIRS_NOAA21_NRT
3.28183,113.07925,2025-04-27,1832,N21,n,2.0NRT,3.02,N,0.4,0.6,,,,,,firms,VIIRS,VIIRS_NOAA21_NRT
3.28531,113.0887,2025-04-27,1832,N21,n,2.0NRT,3.26,N,0.4,0.6,,,,,,firms,VIIRS,VIIRS_NOAA21_NRT
3.28588,113.0852,2025-04-27,1832,N21,n,2.0NRT,3.26,N,0.4,0.6,,,,,,firms,VIIRS,VIIRS_NOAA21_NRT
3.28608,113.08739,2025-04-27,1832,N21,n,2.0NRT,3.88,N,0.4,0.6,,,,,,firms,VIIRS,VIIRS_NOAA21_NRT
3.28645,113.08171,2025-04-27,1832,N21,n,2.0NRT,2.79,N,0.4,0.6,,,,,,firms,VIIRS,VIIRS_NOAA21_NRT
3.28668,113.08389,2025-04-27,1832,N21,n,2.0NRT,3.88,N,0.4,0.6,,,,,,firms,VIIRS,VIIRS_NOAA21_NRT
3.29019,113.09335,2025-04-27,1832,N21,n,2.0NRT,2.56,N,0.4,0.6,,,,,,firms,VIIRS,VIIRS_NOAA21_NRT
3.29076,113.08984,2025-04-27,1832,N21,n,2.0NRT,3.75,N,0.4,0.6,,,,,,firms,VIIRS,VIIRS_NOAA21_NRT
3.29094,113.09193,2025-04-27,1832,N21,n,2.0NRT,3.44,N,0.4,0.6,,,,,,firms,VIIRS,VIIRS_NOAA21_NRT
3.29154,113.08846,2025-04-27,1832,N21,n,2.0NRT,3.88,N,0.4,0.6,,,,,,firms,VIIRS,VIIRS_NOAA21_NRT
3.62577,112.67929,2025-04-27,1832,N21,n,2.0NRT,5.61,N,0.37,0.58,,,,,,firms,VIIRS,VIIRS_NOAA21_NRT
4.02018,103.34085,2025-04-27,1832,N21,n,2.0NRT,1.21,N,0.38,0.36,,,,,,firms,VIIRS,VIIRS_NOAA21_NRT
4.14515,105.10636,2025-04-27,1832,N21,n,2.0NRT,3.41,N,0.4,0.37,,,,,,firms,VIIRS,VIIRS_NOAA21_NRT
4.55679,103.4564,2025-04-27,1832,N21,n,2.0NRT,2.66,N,0.38,0.36,,,,,,firms,VIIRS,VIIRS_NOAA21_NRT
4.64014,101.09753,2025-04-27,1832,N21,n,2.0NRT,0.74,N,0.44,0.39,,,,,,firms,VIIRS,VIIRS_NOAA21_NRT
4.66088,103.37794,2025-04-27,1832,N21,n,2.0NRT,3.15,N,0.39,0.36,,,,,,firms,VIIRS,VIIRS_NOAA21_NRT
4.97717,112.98392,2025-04-27,1832,N21,h,2.0NRT,9.28,N,0.37,0.58,,,,,,firms,VIIRS,VIIRS_NOAA21_NRT
4.99885,102.27398,2025-04-27,1832,N21,n,2.0NRT,0.59,N,0.4,0.37,,,,,,firms,VIIRS,VIIRS_NOAA21_NRT
5.37213,104.89719,2025-04-27,1832,N21,n,2.0NRT,1.67,N,0.39,0.36,,,,,,firms,VIIRS,VIIRS_NOAA21_NRT
5.41134,105.18874,2025-04-27,1832,N21,n,2.0NRT,3.5,N,0.4,0.37,,,,,,firms,VIIRS,VIIRS_NOAA21_NRT
5.58495,104.47558,2025-04-27,1832,N21,n,2.0NRT,0.59,N,0.39,0.36,,,,,,firms,VIIRS,VIIRS_NOAA21_NRT
-3.10162,104.70513,2025-04-27,1834,N21,n,2.0NRT,1.67,N,0.44,0.38,,,,,,firms,VIIRS,VIIRS_NOAA21_NRT
-2.53565,103.38103,2025-04-27,1834,N21,n,2.0NRT,0.89,N,0.4,0.37,,,,,,firms,VIIRS,VIIRS_NOAA21_NRT
-2.52072,103.15675,2025-04-27,1834,N21,n,2.0NRT,2.41,N,0.39,0.36,,,,,,firms,VIIRS,VIIRS_NOAA21_NRT
-2.15961,115.57814,2025-04-27,1834,N21,n,2.0NRT,2.04,N,0.73,0.76,,,,,,firms,VIIRS,VIIRS_NOAA21_NRT
-1.97427,102.20362,2025-04-27,1834,N21,n,2.0NRT,0.58,N,0.38,0.36,,,,,,firms,VIIRS,VIIRS_NOAA21_NRT
-1.93849,115.85507,2025-04-27,1834,N21,n,2.0NRT,1.33,N,0.76,0.77,,,,,,firms,VIIRS,VIIRS_NOAA21_NRT
-1.89728,115.85547,2025-04-27,1834,N21,n,2.0NRT,2.06,N,0.76,0.77,,,,,,firms,VIIRS,VIIRS_NOAA21_NRT
-1.89132,115.86368,2025-04-27,1834,N21,n,2.0NRT,2.4,N,0.76,0.77,,,,,,firms,VIIRS,VIIRS_NOAA21_NRT
-1.8903,115.85683,2025-04-27,1834,N21,n,2.0NRT,2.4,N,0.76,0.77,,,,,,firms,VIIRS,VIIRS_NOAA21_NRT
-1.57598,103.68453,2025-04-27,1834,N21,n,2.0NRT,1.82,N,0.4,0.37,,,,,,firms,VIIRS,VIIRS_NOAA21_NRT
-1.57318,103.68859,2025-04-27,1834,N21,n,2.0NRT,1.52,N,0.4,0.37,,,,,,firms,VIIRS,VIIRS_NOAA21_NRT
-1.56423,103.69724,2025-04-27,1834,N21,n,2.0NRT,1.02,N,0.4,0.37,,,,,,firms,VIIRS,VIIRS_NOAA21_NRT
-1.23565,109.22009,2025-04-27,1834,N21,n,2.0NRT,2.11,N,0.51,0.49,,,,,,firms,VIIRS,VIIRS_NOAA21_NRT
-1.21506,103.42005,2025-04-27,1834,N21,n,2.0NRT,0.53,N,0.39,0.36,,,,,,firms,VIIRS,VIIRS_NOAA21_NRT
-1.17481,103.35849,2025-04-27,1834,N21,n,2.0NRT,1.1,N,0.39,0.36,,,,,,firms,VIIRS,VIIRS_NOAA21_NRT
-1.16824,103.33816,2025-04-27,1834,N21,n,2.0NRT,1.07,N,0.39,0.36,,,,,,firms,VIIRS,VIIRS_NOAA21_NRT
-1.02531,103.36008,2025-04-27,1834,N21,n,2.0NRT,0.31,N,0.39,0.36,,,,,,firms,VIIRS,VIIRS_NOAA21_NRT
-0.7488,102.24143,2025-04-27,1834,N21,n,2.0NRT,0.71,N,0.38,0.36,,,,,,firms,VIIRS,VIIRS_NOAA21_NRT
0.44241,101.89233,2025-04-27,1834,N21,n,2.0NRT,2.46,N,0.39,0.36,,,,,,firms,VIIRS,VIIRS_NOAA21_NRT
1.37726,104.15927,2025-04-27,1834,N21,n,2.0NRT,2.26,N,0.39,0.36,,,,,,firms,VIIRS,VIIRS_NOAA21_NRT
1.6732,101.47483,2025-04-27,1834,N21,n,2.0NRT,3.76,N,0.41,0.37,,,,,,firms,VIIRS,VIIRS_NOAA21_NRT
1.67376,101.4712,2025-04-27,1834,N21,n,2.0NRT,3.76,N,0.41,0.37,,,,,,firms,VIIRS,VIIRS_NOAA21_NRT
2.25272,102.105,2025-04-27,1834,N21,n,2.0NRT,2.42,N,0.39,0.37,,,,,,firms,VIIRS,VIIRS_NOAA21_NRT
2.5329,101.81266,2025-04-27,1834,N21,n,2.0NRT,1.88,N,0.4,0.37,,,,,,firms,VIIRS,VIIRS_NOAA21_NRT
2.53627,101.81316,2025-04-27,1834,N21,n,2.0NRT,1.88,N,0.4,0.37,,,,,,firms,VIIRS,VIIRS_NOAA21_NRT
2.7383,102.3956,2025-04-27,1834,N21,n,2.0NRT,0.74,N,0.39,0.36,,,,,,firms,VIIRS,VIIRS_NOAA21_NRT
2.73885,102.39211,2025-04-27,1834,N21,n,2.0NRT,0.74,N,0.39,0.36,,,,,,firms,VIIRS,VIIRS_NOAA21_NRT
-8.119,112.96152,2025-04-27,1836,N21,n,2.0NRT,4.48,N,0.59,0.7,,,,,,firms,VIIRS,VIIRS_NOAA21_NRT
-8.11285,112.92686,2025-04-27,1836,N21,n,2.0NRT,2.69,N,0.59,0.7,,,,,,firms,VIIRS,VIIRS_NOAA21_NRT
-7.5468,110.44689,2025-04-27,1836,N21,n,2.0NRT,0.66,N,0.39,0.59,,,,,,firms,VIIRS,VIIRS_NOAA21_NRT
-7.5464,110.44394,2025-04-27,1836,N21,n,2.0NRT,0.93,N,0.39,0.59,,,,,,firms,VIIRS,VIIRS_NOAA21_NRT
-7.54118,110.44607,2025-04-27,1836,N21,n,2.0NRT,3.5,N,0.39,0.59,,,,,,firms,VIIRS,VIIRS_NOAA21_NRT
-7.54081,110.44337,2025-04-27,1836,N21,n,2.0NRT,2.48,N,0.39,0.59,,,,,,firms,VIIRS,VIIRS_NOAA21_NRT
-10.02841,123.88079,2025-04-28,529,N21,l,2.0NRT,7.04,D,0.5,0.41,,,,,,firms,VIIRS,VIIRS_NOAA21_NRT
-10.02137,120.43566,2025-04-28,529,N21,n,2.0NRT,2.47,D,0.39,0.36,,,,,,firms,VIIRS,VIIRS_NOAA21_NRT
-9.52722,119.21392,2025-04-28,531,N21,n,2.0NRT,4.21,D,0.39,0.36,,,,,,firms,VIIRS,VIIRS_NOAA21_NRT
-9.44422,119.11089,2025-04-28,531,N21,n,2.0NRT,2.4,D,0.39,0.36,,,,,,firms,VIIRS,VIIRS_NOAA21_NRT
-9.29493,119.94169,2025-04-28,531,N21,n,2.0NRT,3.03,D,0.38,0.36,,,,,,firms,VIIRS,VIIRS_NOAA21_NRT
-9.29428,119.92381,2025-04-28,531,N21,n,2.0NRT,4.4,D,0.38,0.36,,,,,,firms,VIIRS,VIIRS_NOAA21_NRT
-9.29045,119.92677,2025-04-28,531,N21,l,2.0NRT,4.54,D,0.38,0.36,,,,,,firms,VIIRS,VIIRS_NOAA21_NRT
-8.85482,121.02945,2025-04-28,531,N21,n,2.0NRT,3.35,D,0.4,0.37,,,,,,firms,VIIRS,VIIRS_NOAA21_NRT
-8.84769,118.0287,2025-04-28,531,N21,n,2.0NRT,5.2,D,0.41,0.37,,,,,,firms,VIIRS,VIIRS_NOAA21_NRT
-8.5793,125.49955,2025-04-28,531,N21,l,2.0NRT,7.01,D,0.43,0.46,,,,,,firms,VIIRS,VIIRS_NOAA21_NRT
-8.5787,125.50316,2025-04-28,531,N21,n,2.0NRT,3.77,D,0.43,0.46,,,,,,firms,VIIRS,VIIRS_NOAA21_NRT
-8.51768,118.17383,2025-04-28,531,N21,n,2.0NRT,2.71,D,0.4,0.37,,,,,,firms,VIIRS,VIIRS_NOAA21_NRT
-8.51375,118.17702,2025-04-28,531,N21,n,2.0NRT,2.71,D,0.4,0.37,,,,,,firms,VIIRS,VIIRS_NOAA21_NRT
-8.49497,118.14062,2025-04-28,531,N21,n,2.0NRT,2.94,D,0.4,0.37,,,,,,firms,VIIRS,VIIRS_NOAA21_NRT
-8.41422,117.97482,2025-04-28,531,N21,l,2.0NRT,2.35,D,0.41,0.37,,,,,,firms,VIIRS,VIIRS_NOAA21_NRT
-8.40983,117.11623,2025-04-28,531,N21,n,2.0NRT,3.04,D,0.44,0.38,,,,,,firms,VIIRS,VIIRS_NOAA21_NRT
-8.40559,124.53316,2025-04-28,531,N21,n,2.0NRT,6.99,D,0.57,0.43,,,,,,firms,VIIRS,VIIRS_NOAA21_NRT
-8.27307,123.51161,2025-04-28,531,N21,l,2.0NRT,21.08,D,0.5,0.41,,,,,,firms,VIIRS,VIIRS_NOAA21_NRT
-6.19508,120.41608,2025-04-28,531,N21,n,2.0NRT,14.94,D,0.4,0.37,,,,,,firms,VIIRS,VIIRS_NOAA21_NRT
-4.19208,122.07938,2025-04-28,531,N21,n,2.0NRT,4.89,D,0.47,0.4,,,,,,firms,VIIRS,VIIRS_NOAA21_NRT
-4.18776,120.09157,2025-04-28,531,N21,n,2.0NRT,3.0,D,0.4,0.37,,,,,,firms,VIIRS,VIIRS_NOAA21_NRT
-4.17903,122.25591,2025-04-28,531,N21,l,2.0NRT,24.53,D,0.48,0.4,,,,,,firms,VIIRS,VIIRS_NOAA21_NRT
-4.17835,122.26018,2025-04-28,531,N21,n,2.0NRT,24.53,D,0.48,0.4,,,,,,firms,VIIRS,VIIRS_NOAA21_NRT
-2.66879,119.20172,2025-04-28,531,N21,n,2.0NRT,1.62,D,0.39,0.36,,,,,,firms,VIIRS,VIIRS_NOAA21_NRT
-2.65049,119.20876,2025-04-28,531,N21,n,2.0NRT,9.29,D,0.39,0.36,,,,,,firms,VIIRS,VIIRS_NOAA21_NRT
-2.63192,119.24149,2025-04-28,531,N21,n,2.0NRT,4.83,D,0.39,0.36,,,,,,firms,VIIRS,VIIRS_NOAA21_NRT
-2.57666,121.38059,2025-04-28,531,N21,n,2.0NRT,21.8,D,0.46,0.39,,,,,,firms,VIIRS,VIIRS_NOAA21_NRT
-1.55224,127.4212,2025-04-28,531,N21,n,2.0NRT,7.82,D,0.38,0.59,,,,,,firms,VIIRS,VIIRS_NOAA21_NRT
-1.45894,127.43647,2025-04-28,531,N21,n,2.0NRT,7.48,D,0.39,0.59,,,,,,firms,VIIRS,VIIRS_NOAA21_NRT
-3.24568,107.99678,2025-04-28,533,N21,n,2.0NRT,8.6,D,0.47,0.64,,,,,,firms,VIIRS,VIIRS_NOAA21_NRT
-2.36787,112.87434,2025-04-28,533,N21,n,2.0NRT,4.9,D,0.42,0.45,,,,,,firms,VIIRS,VIIRS_NOAA21_NRT
-2.3523,111.66438,2025-04-28,533,N21,n,2.0NRT,8.42,D,0.51,0.49,,,,,,firms,VIIRS,VIIRS_NOAA21_NRT
-1.77952,120.65819,2025-04-28,533,N21,n,2.0NRT,4.82,D,0.43,0.38,,,,,,firms,VIIRS,VIIRS_NOAA21_NRT
-1.68516,120.65649,2025-04-28,533,N21,n,2.0NRT,1.6,D,0.43,0.38,,,,,,firms,VIIRS,VIIRS_NOAA21_NRT
-1.65597,120.00335,2025-04-28,533,N21,n,2.0NRT,2.13,D,0.41,0.37,,,,,,firms,VIIRS,VIIRS_NOAA21_NRT
-1.58032,120.24728,2025-04-28,533,N21,n,2.0NRT,4.39,D,0.42,0.38,,,,,,firms,VIIRS,VIIRS_NOAA21_NRT
-1.48364,119.98711,2025-04-28,533,N21,n,2.0NRT,4.03,D,0.41,0.37,,,,,,firms,VIIRS,VIIRS_NOAA21_NRT
0.30095,112.4718,2025-04-28,533,N21,n,2.0NRT,3.03,D,0.41,0.45,,,,,,firms,VIIRS,VIIRS_NOAA21_NRT
0.43311,108.99904,2025-04-28,533,N21,n,2.0NRT,3.54,D,0.35,0.57,,,,,,firms,VIIRS,VIIRS_NOAA21_NRT
0.69005,117.54424,2025-04-28,533,N21,n,2.0NRT,7.99,D,0.38,0.36,,,,,,firms,VIIRS,VIIRS_NOAA21_NRT
0.76582,122.48999,2025-04-28,533,N21,n,2.0NRT,6.54,D,0.38,0.44,,,,,,firms,VIIRS,VIIRS_NOAA21_NRT
0.82655,109.16122,2025-04-28,533,N21,n,2.0NRT,3.8,D,0.34,0.56,,,,,,firms,VIIRS,VIIRS_NOAA21_NRT
0.88261,120.91212,2025-04-28,533,N21,n,2.0NRT,2.63,D,0.47,0.4,,,,,,firms,VIIRS,VIIRS_NOAA21_NRT
1.36242,109.80959,2025-04-28,533,N21,n,2.0NRT,5.23,D,0.6,0.53,,,,,,firms,VIIRS,VIIRS_NOAA21_NRT
1.90414,112.7062,2025-04-28,533,N21,n,2.0NRT,3.68,D,0.56,0.43,,,,,,firms,VIIRS,VIIRS_NOAA21_NRT
2.24048,111.85817,2025-04-28,533,N21,l,2.0NRT,5.29,D,0.42,0.45,,,,,,firms,VIIRS,VIIRS_NOAA21_NRT
3.1389,113.91852,2025-04-28,533,N21,n,2.0NRT,10.78,D,0.47,0.39,,,,,,firms,VIIRS,VIIRS_NOAA21_NRT
3.28819,113.0816,2025-04-28,533,N21,n,2.0NRT,5.98,D,0.51,0.41,,,,,,firms,VIIRS,VIIRS_NOAA21_NRT
3.28965,113.09081,2025-04-28,533,N21,n,2.0NRT,8.3,D,0.51,0.41,,,,,,firms,VIIRS,VIIRS_NOAA21_NRT
3.5363,113.34512,2025-04-28,533,N21,n,2.0NRT,5.11,D,0.49,0.41,,,,,,firms,VIIRS,VIIRS_NOAA21_NRT
3.60768,112.41051,2025-04-28,533,N21,n,2.0NRT,4.49,D,0.56,0.43,,,,,,firms,VIIRS,VIIRS_NOAA21_NRT
4.70124,113.93982,2025-04-28,533,N21,n,2.0NRT,1.95,D,0.45,0.39,,,,,,firms,VIIRS,VIIRS_NOAA21_NRT
4.70131,113.9399,2025-04-28,533,N21,n,2.0NRT,1.61,D,0.45,0.39,,,,,,firms,VIIRS,VIIRS_NOAA21_NRT
-3.80672,103.81824,2025-04-28,714,N21,n,2.0NRT,7.28,D,0.47,0.64,,,,,,firms,VIIRS,VIIRS_NOAA21_NRT
-3.34738,104.52477,2025-04-28,714,N21,n,2.0NRT,3.7,D,0.53,0.67,,,,,,firms,VIIRS,VIIRS_NOAA21_NRT
-3.14752,103.36472,2025-04-28,714,N21,n,2.0NRT,8.12,D,0.45,0.63,,,,,,firms,VIIRS,VIIRS_NOAA21_NRT
-3.03783,103.56152,2025-04-28,714,N21,n,2.0NRT,4.48,D,0.46,0.64,,,,,,firms,VIIRS,VIIRS_NOAA21_NRT
-3.03777,103.56159,2025-04-28,714,N21,n,2.0NRT,4.25,D,0.46,0.64,,,,,,firms,VIIRS,VIIRS_NOAA21_NRT
-3.03614,103.74977,2025-04-28,714,N21,n,2.0NRT,4.17,D,0.48,0.64,,,,,,firms,VIIRS,VIIRS_NOAA21_NRT
-2.39922,102.89258,2025-04-28,714,N21,n,2.0NRT,5.33,D,0.42,0.61,,,,,,firms,VIIRS,VIIRS_NOAA21_NRT
-2.39741,102.89241,2025-04-28,714,N21,n,2.0NRT,4.35,D,0.42,0.61,,,,,,firms,VIIRS,VIIRS_NOAA21_NRT
-1.63803,102.59064,2025-04-28,714,N21,n,2.0NRT,4.21,D,0.42,0.61,,,,,,firms,VIIRS,VIIRS_NOAA21_NRT
4.14516,105.10769,2025-04-28,716,N21,n,2.0NRT,8.96,D,0.77,0.77,,,,,,firms,VIIRS,VIIRS_NOAA21_NRT
4.55734,103.45753,2025-04-28,716,N21,n,2.0NRT,10.05,D,0.6,0.7,,,,,,firms,VIIRS,VIIRS_NOAA21_NRT
-8.57903,125.49969,2025-04-28,1635,N21,n,2.0NRT,0.57,N,0.42,0.45,,,,,,firms,VIIRS,VIIRS_NOAA21_NRT
-8.27508,123.5047,2025-04-28,1635,N21,n,2.0NRT,7.22,N,0.57,0.52,,,,,,firms,VIIRS,VIIRS_NOAA21_NRT
-8.27209,123.50859,2025-04-28,1635,N21,n,2.0NRT,9.28,N,0.57,0.52,,,,,,firms,VIIRS,VIIRS_NOAA21_NRT
-8.27126,123.50401,2025-04-28,1635,N21,n,2.0NRT,9.28,N,0.57,0.52,,,,,,firms,VIIRS,VIIRS_NOAA21_NRT
-8.27045,123.50616,2025-04-28,1635,N21,n,2.0NRT,10.43,N,0.57,0.52,,,,,,firms,VIIRS,VIIRS_NOAA21_NRT
-8.10447,118.02998,2025-04-28,1635,N21,n,2.0NRT,3.67,N,0.68,0.74,,,,,,firms,VIIRS,VIIRS_NOAA21_NRT
-3.90395,122.42088,2025-04-28,1635,N21,n,2.0NRT,1.82,N,0.4,0.6,,,,,,firms,VIIRS,VIIRS_NOAA21_NRT
-3.90334,122.4173,2025-04-28,1635,N21,n,2.0NRT,2.8,N,0.4,0.6,,,,,,firms,VIIRS,VIIRS_NOAA21_NRT
-3.87344,122.40746,2025-04-28,1635,N21,n,2.0NRT,2.26,N,0.4,0.6,,,,,,firms,VIIRS,VIIRS_NOAA21_NRT
-3.87313,122.4076,2025-04-28,1635,N21,n,2.0NRT,2.77,N,0.4,0.6,,,,,,firms,VIIRS,VIIRS_NOAA21_NRT
-3.87282,122.40388,2025-04-28,1635,N21,n,2.0NRT,2.26,N,0.4,0.6,,,,,,firms,VIIRS,VIIRS_NOAA21_NRT
-3.87254,122.40401,2025-04-28,1635,N21,n,2.0NRT,2.77,N,0.4,0.6,,,,,,firms,VIIRS,VIIRS_NOAA21_NRT
-3.8722,122.40028,2025-04-28,1635,N21,n,2.0NRT,2.64,N,0.4,0.6,,,,,,firms,VIIRS,VIIRS_NOAA21_NRT
-3.87195,122.40043,2025-04-28,1635,N21,n,2.0NRT,2.74,N,0.4,0.6,,,,,,firms,VIIRS,VIIRS_NOAA21_NRT
-3.87158,122.39669,2025-04-28,1635,N21,n,2.0NRT,2.64,N,0.4,0.6,,,,,,firms,VIIRS,VIIRS_NOAA21_NRT
-3.87136,122.39683,2025-04-28,1635,N21,n,2.0NRT,2.74,N,0.4,0.6,,,,,,firms,VIIRS,VIIRS_NOAA21_NRT
-3.87096,122.3931,2025-04-28,1635,N21,n,2.0NRT,2.86,N,0.4,0.6,,,,,,firms,VIIRS,VIIRS_NOAA21_NRT
-3.87077,122.39323,2025-04-28,1635,N21,n,2.0NRT,2.47,N,0.4,0.6,,,,,,firms,VIIRS,VIIRS_NOAA21_NRT
-2.57702,121.38548,2025-04-28,1635,N21,n,2.0NRT,11.93,N,0.5,0.66,,,,,,firms,VIIRS,VIIRS_NOAA21_NRT
-2.57633,121.38132,2025-04-28,1635,N21,n,2.0NRT,19.85,N,0.5,0.66,,,,,,firms,VIIRS,VIIRS_NOAA21_NRT
-1.564,127.42546,2025-04-28,1635,N21,n,2.0NRT,0.76,N,0.4,0.44,,,,,,firms,VIIRS,VIIRS_NOAA21_NRT
-1.55994,127.42605,2025-04-28,1635,N21,n,2.0NRT,0.76,N,0.4,0.44,,,,,,firms,VIIRS,VIIRS_NOAA21_NRT
-1.45744,127.43834,2025-04-28,1635,N21,n,2.0NRT,4.77,N,0.4,0.44,,,,,,firms,VIIRS,VIIRS_NOAA21_NRT
-1.45682,127.43452,2025-04-28,1635,N21,n,2.0NRT,4.44,N,0.4,0.44,,,,,,firms,VIIRS,VIIRS_NOAA21_NRT
-0.08495,109.9663,2025-04-28,1813,N21,n,2.0NRT,0.68,N,0.43,0.38,,,,,,firms,VIIRS,VIIRS_NOAA21_NRT
1.59619,103.81605,2025-04-28,1813,N21,n,2.0NRT,0.75,N,0.52,0.41,,,,,,firms,VIIRS,VIIRS_NOAA21_NRT
3.2758,113.07241,2025-04-28,1813,N21,n,2.0NRT,1.57,N,0.38,0.43,,,,,,firms,VIIRS,VIIRS_NOAA21_NRT
3.27688,113.06567,2025-04-28,1813,N21,n,2.0NRT,1.71,N,0.38,0.43,,,,,,firms,VIIRS,VIIRS_NOAA21_NRT
3.28155,113.08734,2025-04-28,1813,N21,n,2.0NRT,2.62,N,0.38,0.43,,,,,,firms,VIIRS,VIIRS_NOAA21_NRT
3.28209,113.08397,2025-04-28,1813,N21,n,2.0NRT,5.74,N,0.38,0.43,,,,,,firms,VIIRS,VIIRS_NOAA21_NRT
3.28263,113.08059,2025-04-28,1813,N21,n,2.0NRT,5.74,N,0.38,0.43,,,,,,firms,VIIRS,VIIRS_NOAA21_NRT
3.2855,113.08806,2025-04-28,1813,N21,n,2.0NRT,2.62,N,0.38,0.43,,,,,,firms,VIIRS,VIIRS_NOAA21_NRT
3.28604,113.08469,2025-04-28,1813,N21,h,2.0NRT,5.74,N,0.38,0.43,,,,,,firms,VIIRS,VIIRS_NOAA21_NRT
3.28892,113.09216,2025-04-28,1813,N21,n,2.0NRT,2.46,N,0.38,0.44,,,,,,firms,VIIRS,VIIRS_NOAA21_NRT
3.28946,113.08878,2025-04-28,1813,N21,n,2.0NRT,2.46,N,0.38,0.43,,,,,,firms,VIIRS,VIIRS_NOAA21_NRT
3.29,113.08539,2025-04-28,1813,N21,n,2.0NRT,1.73,N,0.38,0.43,,,,,,firms,VIIRS,VIIRS_NOAA21_NRT
3.29054,113.082,2025-04-28,1813,N21,n,2.0NRT,1.73,N,0.38,0.43,,,,,,firms,VIIRS,VIIRS_NOAA21_NRT
3.52167,113.31432,2025-04-28,1813,N21,n,2.0NRT,2.46,N,0.39,0.44,,,,,,firms,VIIRS,VIIRS_NOAA21_NRT
3.60661,112.41399,2025-04-28,1813,N21,n,2.0NRT,3.57,N,0.52,0.42,,,,,,firms,VIIRS,VIIRS_NOAA21_NRT
3.60735,112.40936,2025-04-28,1813,N21,n,2.0NRT,3.57,N,0.52,0.42,,,,,,firms,VIIRS,VIIRS_NOAA21_NRT
3.7372,113.65771,2025-04-28,1813,N21,n,2.0NRT,2.07,N,0.41,0.45,,,,,,firms,VIIRS,VIIRS_NOAA21_NRT
4.14294,105.10691,2025-04-28,1813,N21,n,2.0NRT,6.08,N,0.47,0.4,,,,,,firms,VIIRS,VIIRS_NOAA21_NRT
4.14559,105.10866,2025-04-28,1813,N21,n,2.0NRT,4.91,N,0.47,0.4,,,,,,firms,VIIRS,VIIRS_NOAA21_NRT
4.14658,105.10746,2025-04-28,1813,N21,n,2.0NRT,1.2,N,0.47,0.4,,,,,,firms,VIIRS,VIIRS_NOAA21_NRT
4.28577,103.42807,2025-04-28,1813,N21,n,2.0NRT,1.29,N,0.4,0.44,,,,,,firms,VIIRS,VIIRS_NOAA21_NRT
4.55575,103.45803,2025-04-28,1813,N21,n,2.0NRT,1.94,N,0.4,0.44,,,,,,firms,VIIRS,VIIRS_NOAA21_NRT
4.6594,103.37786,2025-04-28,1813,N21,n,2.0NRT,1.95,N,0.4,0.44,,,,,,firms,VIIRS,VIIRS_NOAA21_NRT
4.67381,113.85681,2025-04-28,1813,N21,n,2.0NRT,3.31,N,0.41,0.45,,,,,,firms,VIIRS,VIIRS_NOAA21_NRT
4.74012,113.7305,2025-04-28,1813,N21,n,2.0NRT,3.16,N,0.4,0.44,,,,,,firms,VIIRS,VIIRS_NOAA21_NRT
4.74069,113.72692,2025-04-28,1813,N21,n,2.0NRT,3.16,N,0.4,0.44,,,,,,firms,VIIRS,VIIRS_NOAA21_NRT
4.7409,113.7298,2025-04-28,1813,N21,n,2.0NRT,4.22,N,0.4,0.44,,,,,,firms,VIIRS,VIIRS_NOAA21_NRT
4.97802,112.98341,2025-04-28,1813,N21,n,2.0NRT,7.72,N,0.54,0.42,,,,,,firms,VIIRS,VIIRS_NOAA21_NRT
4.97948,112.9859,2025-04-28,1813,N21,n,2.0NRT,4.34,N,0.54,0.42,,,,,,firms,VIIRS,VIIRS_NOAA21_NRT
4.98025,112.98109,2025-04-28,1813,N21,n,2.0NRT,6.37,N,0.54,0.42,,,,,,firms,VIIRS,VIIRS_NOAA21_NRT
5.02101,111.91898,2025-04-28,1813,N21,n,2.0NRT,2.67,N,0.47,0.4,,,,,,firms,VIIRS,VIIRS_NOAA21_NRT
5.37153,104.89513,2025-04-28,1813,N21,n,2.0NRT,1.86,N,0.5,0.41,,,,,,firms,VIIRS,VIIRS_NOAA21_NRT
5.37351,104.89732,2025-04-28,1813,N21,n,2.0NRT,1.74,N,0.5,0.41,,,,,,firms,VIIRS,VIIRS_NOAA21_NRT
5.41081,105.18987,2025-04-28,1813,N21,n,2.0NRT,1.3,N,0.48,0.4,,,,,,firms,VIIRS,VIIRS_NOAA21_NRT
5.42387,102.88892,2025-04-28,1813,N21,n,2.0NRT,1.44,N,0.44,0.46,,,,,,firms,VIIRS,VIIRS_NOAA21_NRT
5.50194,105.20627,2025-04-28,1813,N21,n,2.0NRT,0.61,N,0.48,0.4,,,,,,firms,VIIRS,VIIRS_NOAA21_NRT
5.51807,105.67049,2025-04-28,1813,N21,n,2.0NRT,0.61,N,0.46,0.39,,,,,,firms,VIIRS,VIIRS_NOAA21_NRT
5.60926,103.90498,2025-04-28,1813,N21,n,2.0NRT,1.75,N,0.38,0.44,,,,,,firms,VIIRS,VIIRS_NOAA21_NRT
5.64286,105.04195,2025-04-28,1813,N21,n,2.0NRT,0.66,N,0.5,0.41,,,,,,firms,VIIRS,VIIRS_NOAA21_NRT
5.64484,104.97834,2025-04-28,1813,N21,n,2.0NRT,2.36,N,0.5,0.41,,,,,,firms,VIIRS,VIIRS_NOAA21_NRT
5.83539,100.49933,2025-04-28,1813,N21,n,2.0NRT,0.71,N,0.33,0.55,,,,,,firms,VIIRS,VIIRS_NOAA21_NRT
5.87544,114.29767,2025-04-28,1813,N21,n,2.0NRT,2.19,N,0.42,0.45,,,,,,firms,VIIRS,VIIRS_NOAA21_NRT
-8.11471,112.92666,2025-04-28,1815,N21,n,2.0NRT,3.54,N,0.55,0.51,,,,,,firms,VIIRS,VIIRS_NOAA21_NRT
-8.11174,112.9275,2025-04-28,1815,N21,n,2.0NRT,3.74,N,0.55,0.51,,,,,,firms,VIIRS,VIIRS_NOAA21_NRT
-7.70195,108.99535,2025-04-28,1815,N21,n,2.0NRT,2.11,N,0.47,0.39,,,,,,firms,VIIRS,VIIRS_NOAA21_NRT
-7.54449,110.44431,2025-04-28,1815,N21,n,2.0NRT,6.55,N,0.56,0.43,,,,,,firms,VIIRS,VIIRS_NOAA21_NRT
-7.54434,110.4461,2025-04-28,1815,N21,n,2.0NRT,2.68,N,0.56,0.43,,,,,,firms,VIIRS,VIIRS_NOAA21_NRT
-7.54373,110.44203,2025-04-28,1815,N21,n,2.0NRT,2.73,N,0.56,0.43,,,,,,firms,VIIRS,VIIRS_NOAA21_NRT
-7.437,106.78883,2025-04-28,1815,N21,n,2.0NRT,1.67,N,0.39,0.36,,,,,,firms,VIIRS,VIIRS_NOAA21_NRT
-7.24054,109.21578,2025-04-28,1815,N21,n,2.0NRT,1.97,N,0.47,0.4,,,,,,firms,VIIRS,VIIRS_NOAA21_NRT
-6.5479,108.09435,2025-04-28,1815,N21,n,2.0NRT,1.48,N,0.42,0.37,,,,,,firms,VIIRS,VIIRS_NOAA21_NRT
-6.54778,108.09457,2025-04-28,1815,N21,n,2.0NRT,1.42,N,0.42,0.37,,,,,,firms,VIIRS,VIIRS_NOAA21_NRT
-4.46548,104.64752,2025-04-28,1815,N21,n,2.0NRT,0.95,N,0.41,0.37,,,,,,firms,VIIRS,VIIRS_NOAA21_NRT
-2.98958,115.21028,2025-04-28,1815,N21,n,2.0NRT,0.84,N,0.33,0.55,,,,,,firms,VIIRS,VIIRS_NOAA21_NRT
-2.03944,105.8994,2025-04-28,1815,N21,n,2.0NRT,0.31,N,0.39,0.37,,,,,,firms,VIIRS,VIIRS_NOAA21_NRT
-9.93121,120.2313,2025-04-29,512,N21,n,2.0NRT,5.11,D,0.55,0.43,,,,,,firms,VIIRS,VIIRS_NOAA21_NRT
-9.39474,119.71002,2025-04-29,512,N21,l,2.0NRT,5.41,D,0.39,0.44,,,,,,firms,VIIRS,VIIRS_NOAA21_NRT
-9.39028,119.71284,2025-04-29,512,N21,l,2.0NRT,6.22,D,0.39,0.44,,,,,,firms,VIIRS,VIIRS_NOAA21_NRT
-8.9908,117.27538,2025-04-29,512,N21,n,2.0NRT,8.28,D,0.55,0.51,,,,,,firms,VIIRS,VIIRS_NOAA21_NRT
-8.95583,125.56963,2025-04-29,512,N21,n,2.0NRT,8.98,D,0.39,0.36,,,,,,firms,VIIRS,VIIRS_NOAA21_NRT
-8.79755,120.53258,2025-04-29,512,N21,n,2.0NRT,3.16,D,0.51,0.41,,,,,,firms,VIIRS,VIIRS_NOAA21_NRT
-8.45978,119.2845,2025-04-29,512,N21,n,2.0NRT,11.59,D,0.4,0.44,,,,,,firms,VIIRS,VIIRS_NOAA21_NRT
-8.45514,119.28789,2025-04-29,512,N21,n,2.0NRT,9.94,D,0.4,0.44,,,,,,firms,VIIRS,VIIRS_NOAA21_NRT
-8.45161,119.28362,2025-04-29,512,N21,n,2.0NRT,9.57,D,0.4,0.44,,,,,,firms,VIIRS,VIIRS_NOAA21_NRT
-8.45105,119.28751,2025-04-29,512,N21,n,2.0NRT,9.94,D,0.4,0.44,,,,,,firms,VIIRS,VIIRS_NOAA21_NRT
-8.44697,119.28711,2025-04-29,512,N21,n,2.0NRT,13.13,D,0.4,0.44,,,,,,firms,VIIRS,VIIRS_NOAA21_NRT
-8.44287,119.28674,2025-04-29,512,N21,n,2.0NRT,13.13,D,0.4,0.44,,,,,,firms,VIIRS,VIIRS_NOAA21_NRT
-8.43878,119.28635,2025-04-29,512,N21,n,2.0NRT,10.78,D,0.4,0.44,,,,,,firms,VIIRS,VIIRS_NOAA21_NRT
-8.4347,119.2859,2025-04-29,512,N21,n,2.0NRT,10.78,D,0.4,0.44,,,,,,firms,VIIRS,VIIRS_NOAA21_NRT
-8.27491,123.50568,2025-04-29,512,N21,n,2.0NRT,4.95,D,0.39,0.36,,,,,,firms,VIIRS,VIIRS_NOAA21_NRT
-8.27439,123.50915,2025-04-29,512,N21,n,2.0NRT,4.95,D,0.39,0.36,,,,,,firms,VIIRS,VIIRS_NOAA21_NRT
-8.27156,123.50529,2025-04-29,512,N21,n,2.0NRT,4.95,D,0.39,0.36,,,,,,firms,VIIRS,VIIRS_NOAA21_NRT
-8.27105,123.50871,2025-04-29,512,N21,n,2.0NRT,4.95,D,0.39,0.36,,,,,,firms,VIIRS,VIIRS_NOAA21_NRT
-8.25218,124.79712,2025-04-29,512,N21,n,2.0NRT,3.88,D,0.39,0.36,,,,,,firms,VIIRS,VIIRS_NOAA21_NRT
-8.11026,112.92135,2025-04-29,512,N21,n,2.0NRT,13.37,D,0.55,0.68,,,,,,firms,VIIRS,VIIRS_NOAA21_NRT
-5.00492,122.94924,2025-04-29,514,N21,n,2.0NRT,3.58,D,0.39,0.36,,,,,,firms,VIIRS,VIIRS_NOAA21_NRT
-3.51937,126.19433,2025-04-29,514,N21,n,2.0NRT,3.66,D,0.45,0.39,,,,,,firms,VIIRS,VIIRS_NOAA21_NRT
-3.51873,126.19847,2025-04-29,514,N21,n,2.0NRT,5.27,D,0.45,0.39,,,,,,firms,VIIRS,VIIRS_NOAA21_NRT
-3.42087,126.05708,2025-04-29,514,N21,n,2.0NRT,3.25,D,0.44,0.39,,,,,,firms,VIIRS,VIIRS_NOAA21_NRT
-1.3807,122.48222,2025-04-29,514,N21,l,2.0NRT,4.23,D,0.39,0.36,,,,,,firms,VIIRS,VIIRS_NOAA21_NRT
0.48855,122.76396,2025-04-29,514,N21,n,2.0NRT,4.43,D,0.38,0.36,,,,,,firms,VIIRS,VIIRS_NOAA21_NRT
0.33672,111.84636,2025-04-29,516,N21,n,2.0NRT,3.27,D,0.48,0.65,,,,,,firms,VIIRS,VIIRS_NOAA21_NRT
1.6566,110.20377,2025-04-29,516,N21,n,2.0NRT,4.37,D,0.6,0.7,,,,,,firms,VIIRS,VIIRS_NOAA21_NRT
5.42913,114.71272,2025-04-29,516,N21,n,2.0NRT,3.96,D,0.5,0.49,,,,,,firms,VIIRS,VIIRS_NOAA21_NRT
-4.54751,103.33571,2025-04-29,654,N21,n,2.0NRT,17.7,D,0.4,0.44,,,,,,firms,VIIRS,VIIRS_NOAA21_NRT
-4.4732,103.02357,2025-04-29,654,N21,n,2.0NRT,3.42,D,0.38,0.43,,,,,,firms,VIIRS,VIIRS_NOAA21_NRT
-4.43835,103.13694,2025-04-29,654,N21,n,2.0NRT,7.28,D,0.39,0.44,,,,,,firms,VIIRS,VIIRS_NOAA21_NRT
-4.43638,103.13663,2025-04-29,654,N21,n,2.0NRT,6.64,D,0.39,0.44,,,,,,firms,VIIRS,VIIRS_NOAA21_NRT
-4.38974,102.99316,2025-04-29,654,N21,n,2.0NRT,2.14,D,0.57,0.43,,,,,,firms,VIIRS,VIIRS_NOAA21_NRT
-4.30146,105.76287,2025-04-29,654,N21,n,2.0NRT,7.39,D,0.58,0.52,,,,,,firms,VIIRS,VIIRS_NOAA21_NRT
-3.80534,103.81611,2025-04-29,654,N21,n,2.0NRT,8.49,D,0.44,0.46,,,,,,firms,VIIRS,VIIRS_NOAA21_NRT
-3.80472,103.81994,2025-04-29,654,N21,n,2.0NRT,8.49,D,0.44,0.46,,,,,,firms,VIIRS,VIIRS_NOAA21_NRT
-3.80227,104.13335,2025-04-29,654,N21,n,2.0NRT,8.56,D,0.46,0.47,,,,,,firms,VIIRS,VIIRS_NOAA21_NRT
-3.78953,102.92708,2025-04-29,654,N21,n,2.0NRT,2.86,D,0.39,0.44,,,,,,firms,VIIRS,VIIRS_NOAA21_NRT
-3.10566,103.18969,2025-04-29,657,N21,n,2.0NRT,3.22,D,0.41,0.45,,,,,,firms,VIIRS,VIIRS_NOAA21_NRT
-3.08697,103.20176,2025-04-29,657,N21,n,2.0NRT,12.67,D,0.41,0.45,,,,,,firms,VIIRS,VIIRS_NOAA21_NRT
-2.79703,106.21998,2025-04-29,657,N21,n,2.0NRT,1.41,D,0.33,0.55,,,,,,firms,VIIRS,VIIRS_NOAA21_NRT
-2.73574,106.32116,2025-04-29,657,N21,h,2.0NRT,7.79,D,0.34,0.56,,,,,,firms,VIIRS,VIIRS_NOAA21_NRT
-2.73363,106.31985,2025-04-29,657,N21,n,2.0NRT,8.94,D,0.34,0.56,,,,,,firms,VIIRS,VIIRS_NOAA21_NRT
-2.71112,106.24602,2025-04-29,657,N21,h,2.0NRT,5.85,D,0.34,0.56,,,,,,firms,VIIRS,VIIRS_NOAA21_NRT
-2.689,106.09441,2025-04-29,657,N21,n,2.0NRT,2.2,D,0.33,0.55,,,,,,firms,VIIRS,VIIRS_NOAA21_NRT
-2.07104,102.97342,2025-04-29,657,N21,n,2.0NRT,5.0,D,0.41,0.45,,,,,,firms,VIIRS,VIIRS_NOAA21_NRT
-2.06773,102.9723,2025-04-29,657,N21,n,2.0NRT,24.92,D,0.41,0.45,,,,,,firms,VIIRS,VIIRS_NOAA21_NRT
-2.05758,105.41791,2025-04-29,657,N21,n,2.0NRT,2.99,D,0.6,0.53,,,,,,firms,VIIRS,VIIRS_NOAA21_NRT
-1.56755,103.01941,2025-04-29,657,N21,n,2.0NRT,14.96,D,0.42,0.45,,,,,,firms,VIIRS,VIIRS_NOAA21_NRT
-0.92632,102.23869,2025-04-29,657,N21,n,2.0NRT,3.1,D,0.38,0.44,,,,,,firms,VIIRS,VIIRS_NOAA21_NRT
0.05498,109.28237,2025-04-29,657,N21,n,2.0NRT,7.0,D,0.6,0.71,,,,,,firms,VIIRS,VIIRS_NOAA21_NRT
0.18384,100.79684,2025-04-29,657,N21,n,2.0NRT,12.58,D,0.49,0.4,,,,,,firms,VIIRS,VIIRS_NOAA21_NRT
1.11477,97.41145,2025-04-29,657,N21,n,2.0NRT,10.25,D,0.39,0.36,,,,,,firms,VIIRS,VIIRS_NOAA21_NRT
1.12451,97.43109,2025-04-29,657,N21,n,2.0NRT,3.66,D,0.39,0.36,,,,,,firms,VIIRS,VIIRS_NOAA21_NRT
1.68051,109.80346,2025-04-29,657,N21,n,2.0NRT,7.82,D,0.7,0.75,,,,,,firms,VIIRS,VIIRS_NOAA21_NRT
1.74571,101.24327,2025-04-29,657,N21,n,2.0NRT,10.75,D,0.55,0.42,,,,,,firms,VIIRS,VIIRS_NOAA21_NRT
2.42498,102.60405,2025-04-29,657,N21,n,2.0NRT,10.03,D,0.45,0.47,,,,,,firms,VIIRS,VIIRS_NOAA21_NRT
2.42764,102.60138,2025-04-29,657,N21,n,2.0NRT,11.42,D,0.45,0.47,,,,,,firms,VIIRS,VIIRS_NOAA21_NRT
2.69507,97.76746,2025-04-29,657,N21,n,2.0NRT,2.78,D,0.4,0.37,,,,,,firms,VIIRS,VIIRS_NOAA21_NRT
2.9148,103.04179,2025-04-29,657,N21,n,2.0NRT,6.09,D,0.49,0.49,,,,,,firms,VIIRS,VIIRS_NOAA21_NRT
3.0637,99.02443,2025-04-29,657,N21,n,2.0NRT,8.58,D,0.43,0.38,,,,,,firms,VIIRS,VIIRS_NOAA21_NRT
3.11055,97.90309,2025-04-29,657,N21,n,2.0NRT,4.26,D,0.4,0.37,,,,,,firms,VIIRS,VIIRS_NOAA21_NRT
3.48666,101.47572,2025-04-29,657,N21,l,2.0NRT,5.76,D,0.4,0.44,,,,,,firms,VIIRS,VIIRS_NOAA21_NRT
3.98312,103.07388,2025-04-29,657,N21,n,2.0NRT,6.65,D,0.51,0.5,,,,,,firms,VIIRS,VIIRS_NOAA21_NRT
4.14368,105.10831,2025-04-29,657,N21,h,2.0NRT,10.31,D,0.36,0.57,,,,,,firms,VIIRS,VIIRS_NOAA21_NRT
3.37067,97.85223,2025-04-29,659,N21,n,2.0NRT,4.17,D,0.4,0.37,,,,,,firms,VIIRS,VIIRS_NOAA21_NRT
4.39275,97.75056,2025-04-29,659,N21,n,2.0NRT,2.41,D,0.4,0.37,,,,,,firms,VIIRS,VIIRS_NOAA21_NRT
4.50016,102.58353,2025-04-29,659,N21,n,2.0NRT,6.82,D,0.49,0.48,,,,,,firms,VIIRS,VIIRS_NOAA21_NRT
4.53071,95.79623,2025-04-29,659,N21,n,2.0NRT,4.02,D,0.39,0.36,,,,,,firms,VIIRS,VIIRS_NOAA21_NRT
4.53124,95.79967,2025-04-29,659,N21,n,2.0NRT,3.64,D,0.39,0.36,,,,,,firms,VIIRS,VIIRS_NOAA21_NRT
4.53417,103.34274,2025-04-29,659,N21,n,2.0NRT,8.43,D,0.55,0.51,,,,,,firms,VIIRS,VIIRS_NOAA21_NRT
4.7284,96.69031,2025-04-29,659,N21,n,2.0NRT,3.29,D,0.39,0.36,,,,,,firms,VIIRS,VIIRS_NOAA21_NRT
4.78117,101.64888,2025-04-29,659,N21,n,2.0NRT,9.05,D,0.42,0.46,,,,,,firms,VIIRS,VIIRS_NOAA21_NRT
4.78173,101.65283,2025-04-29,659,N21,n,2.0NRT,8.67,D,0.42,0.46,,,,,,firms,VIIRS,VIIRS_NOAA21_NRT
4.7853,101.64806,2025-04-29,659,N21,n,2.0NRT,9.05,D,0.42,0.46,,,,,,firms,VIIRS,VIIRS_NOAA21_NRT
4.78588,101.65209,2025-04-29,659,N21,n,2.0NRT,8.67,D,0.42,0.46,,,,,,firms,VIIRS,VIIRS_NOAA21_NRT
5.22515,97.0984,2025-04-29,659,N21,n,2.0NRT,10.97,D,0.39,0.36,,,,,,firms,VIIRS,VIIRS_NOAA21_NRT
5.34162,102.23975,2025-04-29,659,N21,n,2.0NRT,10.08,D,0.47,0.48,,,,,,firms,VIIRS,VIIRS_NOAA21_NRT
5.34675,102.00136,2025-04-29,659,N21,n,2.0NRT,17.98,D,0.46,0.47,,,,,,firms,VIIRS,VIIRS_NOAA21_NRT
5.50246,102.29346,2025-04-29,659,N21,n,2.0NRT,3.3,D,0.48,0.48,,,,,,firms,VIIRS,VIIRS_NOAA21_NRT
5.6883,101.827,2025-04-29,659,N21,n,2.0NRT,4.99,D,0.45,0.47,,,,,,firms,VIIRS,VIIRS_NOAA21_NRT
5.90374,101.94734,2025-04-29,659,N21,n,2.0NRT,6.15,D,0.46,0.47,,,,,,firms,VIIRS,VIIRS_NOAA21_NRT
0.51066,127.89632,2025-04-29,1613,N21,n,2.0NRT,2.34,N,0.42,0.61,,,,,,firms,VIIRS,VIIRS_NOAA21_NRT
1.49398,127.62603,2025-04-29,1613,N21,n,2.0NRT,2.88,N,0.46,0.63,,,,,,firms,VIIRS,VIIRS_NOAA21_NRT
-3.5243,126.19123,2025-04-29,1616,N21,n,2.0NRT,1.51,N,0.48,0.64,,,,,,firms,VIIRS,VIIRS_NOAA21_NRT
-1.56288,127.42721,2025-04-29,1616,N21,n,2.0NRT,3.45,N,0.42,0.61,,,,,,firms,VIIRS,VIIRS_NOAA21_NRT
-1.55724,127.42783,2025-04-29,1616,N21,n,2.0NRT,1.42,N,0.42,0.61,,,,,,firms,VIIRS,VIIRS_NOAA21_NRT
-1.53301,127.4203,2025-04-29,1616,N21,n,2.0NRT,1.13,N,0.42,0.61,,,,,,firms,VIIRS,VIIRS_NOAA21_NRT
-1.45684,127.43544,2025-04-29,1616,N21,h,2.0NRT,11.98,N,0.42,0.61,,,,,,firms,VIIRS,VIIRS_NOAA21_NRT
-8.27059,123.49967,2025-04-29,1618,N21,n,2.0NRT,4.95,N,0.6,0.71,,,,,,firms,VIIRS,VIIRS_NOAA21_NRT
5.3701,104.89677,2025-04-29,1754,N21,n,2.0NRT,2.52,N,0.34,0.56,,,,,,firms,VIIRS,VIIRS_NOAA21_NRT
5.37053,104.89371,2025-04-29,1754,N21,n,2.0NRT,2.62,N,0.34,0.56,,,,,,firms,VIIRS,VIIRS_NOAA21_NRT
5.41012,105.19013,2025-04-29,1754,N21,n,2.0NRT,1.95,N,0.33,0.55,,,,,,firms,VIIRS,VIIRS_NOAA21_NRT
5.41053,105.18721,2025-04-29,1754,N21,n,2.0NRT,2.18,N,0.33,0.55,,,,,,firms,VIIRS,VIIRS_NOAA21_NRT
5.64425,104.97694,2025-04-29,1754,N21,n,2.0NRT,1.33,N,0.34,0.56,,,,,,firms,VIIRS,VIIRS_NOAA21_NRT
5.64938,104.97766,2025-04-29,1754,N21,n,2.0NRT,1.33,N,0.34,0.56,,,,,,firms,VIIRS,VIIRS_NOAA21_NRT
5.83427,100.49787,2025-04-29,1754,N21,n,2.0NRT,1.11,N,0.7,0.75,,,,,,firms,VIIRS,VIIRS_NOAA21_NRT
5.83508,100.49909,2025-04-29,1754,N21,n,2.0NRT,1.88,N,0.7,0.75,,,,,,firms,VIIRS,VIIRS_NOAA21_NRT
-3.86667,115.19594,2025-04-29,1756,N21,n,2.0NRT,1.53,N,0.5,0.41,,,,,,firms,VIIRS,VIIRS_NOAA21_NRT
-3.03359,113.85635,2025-04-29,1756,N21,n,2.0NRT,0.77,N,0.43,0.38,,,,,,firms,VIIRS,VIIRS_NOAA21_NRT
-2.20959,115.49442,2025-04-29,1756,N21,n,2.0NRT,1.85,N,0.5,0.41,,,,,,firms,VIIRS,VIIRS_NOAA21_NRT
-2.19811,103.45235,2025-04-29,1756,N21,n,2.0NRT,2.89,N,0.33,0.55,,,,,,firms,VIIRS,VIIRS_NOAA21_NRT
-2.19726,103.45118,2025-04-29,1756,N21,n,2.0NRT,4.7,N,0.33,0.55,,,,,,firms,VIIRS,VIIRS_NOAA21_NRT
-2.19307,103.45313,2025-04-29,1756,N21,n,2.0NRT,2.89,N,0.33,0.55,,,,,,firms,VIIRS,VIIRS_NOAA21_NRT
-2.17132,115.56843,2025-04-29,1756,N21,n,2.0NRT,1.59,N,0.5,0.41,,,,,,firms,VIIRS,VIIRS_NOAA21_NRT
-2.16388,115.5808,2025-04-29,1756,N21,n,2.0NRT,2.69,N,0.5,0.41,,,,,,firms,VIIRS,VIIRS_NOAA21_NRT
-2.16147,115.57909,2025-04-29,1756,N21,n,2.0NRT,2.46,N,0.5,0.41,,,,,,firms,VIIRS,VIIRS_NOAA21_NRT
-2.0397,105.89681,2025-04-29,1756,N21,n,2.0NRT,0.86,N,0.45,0.47,,,,,,firms,VIIRS,VIIRS_NOAA21_NRT
-1.90796,103.01214,2025-04-29,1756,N21,n,2.0NRT,0.54,N,0.36,0.57,,,,,,firms,VIIRS,VIIRS_NOAA21_NRT
-1.57328,103.6899,2025-04-29,1756,N21,n,2.0NRT,0.5,N,0.32,0.55,,,,,,firms,VIIRS,VIIRS_NOAA21_NRT
-1.57236,103.68413,2025-04-29,1756,N21,n,2.0NRT,2.2,N,0.32,0.55,,,,,,firms,VIIRS,VIIRS_NOAA21_NRT
-1.23526,109.22059,2025-04-29,1756,N21,n,2.0NRT,4.15,N,0.45,0.39,,,,,,firms,VIIRS,VIIRS_NOAA21_NRT
-1.2152,103.50366,2025-04-29,1756,N21,n,2.0NRT,0.5,N,0.34,0.56,,,,,,firms,VIIRS,VIIRS_NOAA21_NRT
-0.98857,103.33228,2025-04-29,1756,N21,n,2.0NRT,0.63,N,0.35,0.57,,,,,,firms,VIIRS,VIIRS_NOAA21_NRT
-0.69189,114.72475,2025-04-29,1756,N21,n,2.0NRT,0.52,N,0.44,0.38,,,,,,firms,VIIRS,VIIRS_NOAA21_NRT
-0.51579,102.01875,2025-04-29,1756,N21,n,2.0NRT,1.64,N,0.44,0.62,,,,,,firms,VIIRS,VIIRS_NOAA21_NRT
-0.48709,102.47752,2025-04-29,1756,N21,n,2.0NRT,0.87,N,0.41,0.61,,,,,,firms,VIIRS,VIIRS_NOAA21_NRT
1.26078,101.13313,2025-04-29,1756,N21,n,2.0NRT,0.88,N,0.54,0.68,,,,,,firms,VIIRS,VIIRS_NOAA21_NRT
1.37653,104.15739,2025-04-29,1756,N21,n,2.0NRT,1.05,N,0.33,0.56,,,,,,firms,VIIRS,VIIRS_NOAA21_NRT
1.67212,101.47771,2025-04-29,1756,N21,n,2.0NRT,3.01,N,0.52,0.67,,,,,,firms,VIIRS,VIIRS_NOAA21_NRT
1.67284,101.47309,2025-04-29,1756,N21,n,2.0NRT,3.94,N,0.52,0.67,,,,,,firms,VIIRS,VIIRS_NOAA21_NRT
1.67316,101.4753,2025-04-29,1756,N21,n,2.0NRT,4.23,N,0.52,0.67,,,,,,firms,VIIRS,VIIRS_NOAA21_NRT
1.67358,101.46844,2025-04-29,1756,N21,n,2.0NRT,3.94,N,0.52,0.67,,,,,,firms,VIIRS,VIIRS_NOAA21_NRT
1.67386,101.47065,2025-04-29,1756,N21,n,2.0NRT,4.22,N,0.52,0.67,,,,,,firms,VIIRS,VIIRS_NOAA21_NRT
2.53268,101.81279,2025-04-29,1756,N21,n,2.0NRT,2.28,N,0.51,0.66,,,,,,firms,VIIRS,VIIRS_NOAA21_NRT
2.53337,101.8082,2025-04-29,1756,N21,n,2.0NRT,2.04,N,0.51,0.66,,,,,,firms,VIIRS,VIIRS_NOAA21_NRT
4.02346,103.34092,2025-04-29,1756,N21,n,2.0NRT,1.57,N,0.42,0.61,,,,,,firms,VIIRS,VIIRS_NOAA21_NRT
4.14681,105.10792,2025-04-29,1756,N21,n,2.0NRT,2.77,N,0.63,0.54,,,,,,firms,VIIRS,VIIRS_NOAA21_NRT
-8.92623,116.76302,2025-04-29,1758,N21,n,2.0NRT,1.18,N,0.49,0.48,,,,,,firms,VIIRS,VIIRS_NOAA21_NRT
-8.11944,114.05795,2025-04-29,1758,N21,n,2.0NRT,1.56,N,0.49,0.4,,,,,,firms,VIIRS,VIIRS_NOAA21_NRT
-8.11833,114.05576,2025-04-29,1758,N21,n,2.0NRT,1.4,N,0.49,0.4,,,,,,firms,VIIRS,VIIRS_NOAA21_NRT
-8.11182,112.92415,2025-04-29,1758,N21,n,2.0NRT,9.09,N,0.43,0.38,,,,,,firms,VIIRS,VIIRS_NOAA21_NRT
-7.78367,114.24307,2025-04-29,1758,N21,n,2.0NRT,1.15,N,0.49,0.41,,,,,,firms,VIIRS,VIIRS_NOAA21_NRT
-7.70265,108.99495,2025-04-29,1758,N21,n,2.0NRT,2.28,N,0.4,0.37,,,,,,firms,VIIRS,VIIRS_NOAA21_NRT
-7.5457,110.43127,2025-04-29,1758,N21,n,2.0NRT,1.03,N,0.38,0.36,,,,,,firms,VIIRS,VIIRS_NOAA21_NRT
-7.54404,110.44225,2025-04-29,1758,N21,n,2.0NRT,7.32,N,0.38,0.36,,,,,,firms,VIIRS,VIIRS_NOAA21_NRT
-7.54349,110.43877,2025-04-29,1758,N21,n,2.0NRT,7.32,N,0.38,0.36,,,,,,firms,VIIRS,VIIRS_NOAA21_NRT
-7.54074,110.44277,2025-04-29,1758,N21,n,2.0NRT,0.48,N,0.38,0.36,,,,,,firms,VIIRS,VIIRS_NOAA21_NRT
-7.35404,110.249,2025-04-29,1758,N21,n,2.0NRT,0.4,N,0.39,0.36,,,,,,firms,VIIRS,VIIRS_NOAA21_NRT
-7.24169,109.21565,2025-04-29,1758,N21,n,2.0NRT,2.76,N,0.4,0.37,,,,,,firms,VIIRS,VIIRS_NOAA21_NRT
-7.24073,111.73118,2025-04-29,1758,N21,n,2.0NRT,1.3,N,0.39,0.36,,,,,,firms,VIIRS,VIIRS_NOAA21_NRT
-6.80393,111.54282,2025-04-29,1758,N21,n,2.0NRT,1.2,N,0.39,0.36,,,,,,firms,VIIRS,VIIRS_NOAA21_NRT
-6.54821,108.09667,2025-04-29,1758,N21,n,2.0NRT,1.17,N,0.44,0.38,,,,,,firms,VIIRS,VIIRS_NOAA21_NRT
-6.54756,108.09271,2025-04-29,1758,N21,n,2.0NRT,1.41,N,0.44,0.38,,,,,,firms,VIIRS,VIIRS_NOAA21_NRT
-4.26256,104.89049,2025-04-29,1758,N21,n,2.0NRT,1.76,N,0.48,0.48,,,,,,firms,VIIRS,VIIRS_NOAA21_NRT
-3.41057,104.14783,2025-04-29,1758,N21,n,2.0NRT,1.21,N,0.56,0.52,,,,,,firms,VIIRS,VIIRS_NOAA21_NRT
-3.4085,104.14639,2025-04-29,1758,N21,n,2.0NRT,1.08,N,0.56,0.52,,,,,,firms,VIIRS,VIIRS_NOAA21_NRT
5.83776,100.50321,2025-04-29,1934,N21,n,2.0NRT,1.58,N,0.62,0.71,,,,,,firms,VIIRS,VIIRS_NOAA21_NRT
5.83831,100.50065,2025-04-29,1934,N21,n,2.0NRT,1.27,N,0.62,0.71,,,,,,firms,VIIRS,VIIRS_NOAA21_NRT
5.22547,97.10126,2025-04-29,1936,N21,n,2.0NRT,1.4,N,0.37,0.58,,,,,,firms,VIIRS,VIIRS_NOAA21_NRT
5.22603,97.09798,2025-04-29,1936,N21,n,2.0NRT,1.4,N,0.37,0.58,,,,,,firms,VIIRS,VIIRS_NOAA21_NRT
-4.19646,122.26688,2025-04-30,453,N21,n,2.0NRT,3.64,D,0.46,0.47,,,,,,firms,VIIRS,VIIRS_NOAA21_NRT
-3.69727,126.43001,2025-04-30,453,N21,n,2.0NRT,3.99,D,0.41,0.37,,,,,,firms,VIIRS,VIIRS_NOAA21_NRT
-9.12755,125.93603,2025-04-30,455,N21,n,2.0NRT,3.03,D,0.48,0.4,,,,,,firms,VIIRS,VIIRS_NOAA21_NRT
-8.7717,117.93456,2025-04-30,455,N21,n,2.0NRT,3.63,D,0.53,0.67,,,,,,firms,VIIRS,VIIRS_NOAA21_NRT
-8.38457,120.89331,2025-04-30,455,N21,n,2.0NRT,4.1,D,0.33,0.55,,,,,,firms,VIIRS,VIIRS_NOAA21_NRT
-8.38441,120.89286,2025-04-30,455,N21,n,2.0NRT,4.31,D,0.33,0.55,,,,,,firms,VIIRS,VIIRS_NOAA21_NRT
-8.27591,123.50456,2025-04-30,455,N21,n,2.0NRT,14.41,D,0.43,0.46,,,,,,firms,VIIRS,VIIRS_NOAA21_NRT
-8.27162,123.50464,2025-04-30,455,N21,n,2.0NRT,14.41,D,0.43,0.46,,,,,,firms,VIIRS,VIIRS_NOAA21_NRT
-2.87852,122.1638,2025-04-30,455,N21,n,2.0NRT,2.95,D,0.44,0.46,,,,,,firms,VIIRS,VIIRS_NOAA21_NRT
-2.00593,121.43315,2025-04-30,455,N21,n,2.0NRT,5.13,D,0.48,0.48,,,,,,firms,VIIRS,VIIRS_NOAA21_NRT
-1.45819,127.43633,2025-04-30,455,N21,n,2.0NRT,8.28,D,0.38,0.36,,,,,,firms,VIIRS,VIIRS_NOAA21_NRT
-1.43124,132.32143,2025-04-30,455,N21,n,2.0NRT,5.81,D,0.56,0.43,,,,,,firms,VIIRS,VIIRS_NOAA21_NRT
-1.24787,131.95134,2025-04-30,455,N21,n,2.0NRT,13.84,D,0.54,0.42,,,,,,firms,VIIRS,VIIRS_NOAA21_NRT
-0.81312,133.02951,2025-04-30,455,N21,n,2.0NRT,3.08,D,0.43,0.46,,,,,,firms,VIIRS,VIIRS_NOAA21_NRT
0.76164,122.52148,2025-04-30,455,N21,n,2.0NRT,8.42,D,0.56,0.43,,,,,,firms,VIIRS,VIIRS_NOAA21_NRT
2.0867,128.32191,2025-04-30,455,N21,n,2.0NRT,2.21,D,0.4,0.37,,,,,,firms,VIIRS,VIIRS_NOAA21_NRT
2.6478,117.68176,2025-04-30,455,N21,h,2.0NRT,12.8,D,0.37,0.58,,,,,,firms,VIIRS,VIIRS_NOAA21_NRT
2.64895,117.68362,2025-04-30,455,N21,n,2.0NRT,8.49,D,0.37,0.58,,,,,,firms,VIIRS,VIIRS_NOAA21_NRT
3.28459,113.07983,2025-04-30,457,N21,n,2.0NRT,20.73,D,0.76,0.77,,,,,,firms,VIIRS,VIIRS_NOAA21_NRT
3.28623,113.08305,2025-04-30,457,N21,n,2.0NRT,18.14,D,0.76,0.77,,,,,,firms,VIIRS,VIIRS_NOAA21_NRT
4.9803,112.97591,2025-04-30,457,N21,n,2.0NRT,12.57,D,0.72,0.76,,,,,,firms,VIIRS,VIIRS_NOAA21_NRT
-7.70214,108.99496,2025-04-30,633,N21,n,2.0NRT,12.33,D,0.41,0.45,,,,,,firms,VIIRS,VIIRS_NOAA21_NRT
-5.01433,104.27969,2025-04-30,635,N21,n,2.0NRT,4.88,D,0.4,0.37,,,,,,firms,VIIRS,VIIRS_NOAA21_NRT
-4.72258,105.33297,2025-04-30,635,N21,n,2.0NRT,7.98,D,0.43,0.38,,,,,,firms,VIIRS,VIIRS_NOAA21_NRT
-4.71911,105.33243,2025-04-30,635,N21,n,2.0NRT,7.98,D,0.43,0.38,,,,,,firms,VIIRS,VIIRS_NOAA21_NRT
-4.57653,103.27684,2025-04-30,635,N21,n,2.0NRT,9.75,D,0.38,0.36,,,,,,firms,VIIRS,VIIRS_NOAA21_NRT
-4.48415,104.4724,2025-04-30,635,N21,n,2.0NRT,6.83,D,0.4,0.37,,,,,,firms,VIIRS,VIIRS_NOAA21_NRT
-4.47042,103.21449,2025-04-30,635,N21,n,2.0NRT,4.23,D,0.38,0.36,,,,,,firms,VIIRS,VIIRS_NOAA21_NRT
-4.44033,103.23453,2025-04-30,635,N21,n,2.0NRT,2.6,D,0.38,0.36,,,,,,firms,VIIRS,VIIRS_NOAA21_NRT
-4.43108,103.09176,2025-04-30,635,N21,n,2.0NRT,3.0,D,0.38,0.36,,,,,,firms,VIIRS,VIIRS_NOAA21_NRT
-4.39155,103.01895,2025-04-30,635,N21,n,2.0NRT,3.04,D,0.38,0.36,,,,,,firms,VIIRS,VIIRS_NOAA21_NRT
-4.384,104.28394,2025-04-30,635,N21,n,2.0NRT,2.37,D,0.4,0.37,,,,,,firms,VIIRS,VIIRS_NOAA21_NRT
-3.80626,103.81999,2025-04-30,635,N21,n,2.0NRT,10.72,D,0.39,0.36,,,,,,firms,VIIRS,VIIRS_NOAA21_NRT
-3.49986,105.52684,2025-04-30,635,N21,n,2.0NRT,19.98,D,0.45,0.39,,,,,,firms,VIIRS,VIIRS_NOAA21_NRT
-3.49924,105.53084,2025-04-30,635,N21,n,2.0NRT,16.63,D,0.45,0.39,,,,,,firms,VIIRS,VIIRS_NOAA21_NRT
-3.3862,104.40088,2025-04-30,635,N21,n,2.0NRT,9.88,D,0.41,0.37,,,,,,firms,VIIRS,VIIRS_NOAA21_NRT
-3.25826,112.21956,2025-04-30,635,N21,n,2.0NRT,7.43,D,0.4,0.6,,,,,,firms,VIIRS,VIIRS_NOAA21_NRT
-3.06254,108.04211,2025-04-30,635,N21,n,2.0NRT,3.84,D,0.42,0.45,,,,,,firms,VIIRS,VIIRS_NOAA21_NRT
-2.71323,106.20203,2025-04-30,635,N21,n,2.0NRT,7.84,D,0.49,0.4,,,,,,firms,VIIRS,VIIRS_NOAA21_NRT
-2.71063,106.17023,2025-04-30,635,N21,n,2.0NRT,6.71,D,0.49,0.4,,,,,,firms,VIIRS,VIIRS_NOAA21_NRT
-2.68297,106.66992,2025-04-30,635,N21,n,2.0NRT,25.22,D,0.52,0.42,,,,,,firms,VIIRS,VIIRS_NOAA21_NRT
-2.50974,106.48848,2025-04-30,635,N21,n,2.0NRT,5.41,D,0.51,0.41,,,,,,firms,VIIRS,VIIRS_NOAA21_NRT
-2.50967,106.48515,2025-04-30,635,N21,n,2.0NRT,5.29,D,0.51,0.41,,,,,,firms,VIIRS,VIIRS_NOAA21_NRT
-2.49599,106.47365,2025-04-30,635,N21,n,2.0NRT,3.91,D,0.51,0.41,,,,,,firms,VIIRS,VIIRS_NOAA21_NRT
-0.09939,111.6951,2025-04-30,635,N21,n,2.0NRT,18.93,D,0.41,0.61,,,,,,firms,VIIRS,VIIRS_NOAA21_NRT
0.29882,109.64368,2025-04-30,637,N21,n,2.0NRT,6.57,D,0.6,0.53,,,,,,firms,VIIRS,VIIRS_NOAA21_NRT
0.4076,109.03557,2025-04-30,637,N21,n,2.0NRT,15.12,D,0.55,0.51,,,,,,firms,VIIRS,VIIRS_NOAA21_NRT
1.02729,103.8933,2025-04-30,637,N21,n,2.0NRT,6.09,D,0.42,0.38,,,,,,firms,VIIRS,VIIRS_NOAA21_NRT
1.4534,103.96921,2025-04-30,637,N21,l,2.0NRT,4.89,D,0.43,0.38,,,,,,firms,VIIRS,VIIRS_NOAA21_NRT
1.56229,98.80898,2025-04-30,637,N21,n,2.0NRT,4.32,D,0.45,0.39,,,,,,firms,VIIRS,VIIRS_NOAA21_NRT
1.59616,109.90442,2025-04-30,637,N21,n,2.0NRT,3.73,D,0.33,0.55,,,,,,firms,VIIRS,VIIRS_NOAA21_NRT
1.73053,111.77127,2025-04-30,637,N21,h,2.0NRT,20.74,D,0.45,0.63,,,,,,firms,VIIRS,VIIRS_NOAA21_NRT
1.97738,104.04958,2025-04-30,637,N21,n,2.0NRT,7.8,D,0.44,0.38,,,,,,firms,VIIRS,VIIRS_NOAA21_NRT
1.99565,113.79304,2025-04-30,637,N21,n,2.0NRT,6.19,D,0.62,0.72,,,,,,firms,VIIRS,VIIRS_NOAA21_NRT
2.01391,102.76984,2025-04-30,637,N21,n,2.0NRT,2.99,D,0.4,0.37,,,,,,firms,VIIRS,VIIRS_NOAA21_NRT
2.25552,98.11318,2025-04-30,637,N21,n,2.0NRT,4.91,D,0.47,0.4,,,,,,firms,VIIRS,VIIRS_NOAA21_NRT
2.84107,103.20169,2025-04-30,637,N21,n,2.0NRT,4.64,D,0.41,0.37,,,,,,firms,VIIRS,VIIRS_NOAA21_NRT
2.88992,97.80532,2025-04-30,637,N21,n,2.0NRT,19.64,D,0.48,0.4,,,,,,firms,VIIRS,VIIRS_NOAA21_NRT
3.19974,103.3916,2025-04-30,637,N21,n,2.0NRT,3.87,D,0.42,0.38,,,,,,firms,VIIRS,VIIRS_NOAA21_NRT
3.27912,113.06485,2025-04-30,637,N21,n,2.0NRT,10.02,D,0.58,0.7,,,,,,firms,VIIRS,VIIRS_NOAA21_NRT
3.30571,113.11377,2025-04-30,637,N21,n,2.0NRT,7.88,D,0.59,0.7,,,,,,firms,VIIRS,VIIRS_NOAA21_NRT
3.4869,101.47636,2025-04-30,637,N21,n,2.0NRT,7.9,D,0.38,0.36,,,,,,firms,VIIRS,VIIRS_NOAA21_NRT
3.49125,101.48274,2025-04-30,637,N21,n,2.0NRT,5.63,D,0.38,0.36,,,,,,firms,VIIRS,VIIRS_NOAA21_NRT
3.49455,101.48224,2025-04-30,637,N21,n,2.0NRT,8.37,D,0.38,0.36,,,,,,firms,VIIRS,VIIRS_NOAA21_NRT
4.02316,103.34245,2025-04-30,637,N21,n,2.0NRT,4.89,D,0.43,0.38,,,,,,firms,VIIRS,VIIRS_NOAA21_NRT
4.28906,103.42902,2025-04-30,637,N21,n,2.0NRT,9.58,D,0.43,0.38,,,,,,firms,VIIRS,VIIRS_NOAA21_NRT
4.52115,95.86206,2025-04-30,637,N21,n,2.0NRT,3.37,D,0.4,0.44,,,,,,firms,VIIRS,VIIRS_NOAA21_NRT
5.15942,103.11283,2025-04-30,637,N21,n,2.0NRT,5.13,D,0.43,0.38,,,,,,firms,VIIRS,VIIRS_NOAA21_NRT
5.24458,103.04946,2025-04-30,637,N21,n,2.0NRT,4.93,D,0.43,0.38,,,,,,firms,VIIRS,VIIRS_NOAA21_NRT
5.41207,102.99406,2025-04-30,637,N21,n,2.0NRT,3.74,D,0.42,0.38,,,,,,firms,VIIRS,VIIRS_NOAA21_NRT
5.73555,102.22944,2025-04-30,637,N21,n,2.0NRT,3.24,D,0.4,0.37,,,,,,firms,VIIRS,VIIRS_NOAA21_NRT
5.74186,102.20266,2025-04-30,637,N21,n,2.0NRT,3.63,D,0.4,0.37,,,,,,firms,VIIRS,VIIRS_NOAA21_NRT
5.99414,102.43327,2025-04-30,637,N21,n,2.0NRT,1.21,D,0.41,0.37,,,,,,firms,VIIRS,VIIRS_NOAA21_NRT
-1.45715,127.43883,2025-04-30,1737,N21,n,2.0NRT,2.56,N,0.49,0.65,,,,,,firms,VIIRS,VIIRS_NOAA21_NRT
-1.45659,127.43518,2025-04-30,1737,N21,n,2.0NRT,2.56,N,0.49,0.65,,,,,,firms,VIIRS,VIIRS_NOAA21_NRT
0.10596,117.47286,2025-04-30,1737,N21,n,2.0NRT,0.79,N,0.39,0.36,,,,,,firms,VIIRS,VIIRS_NOAA21_NRT
0.68528,117.46531,2025-04-30,1737,N21,n,2.0NRT,2.39,N,0.38,0.36,,,,,,firms,VIIRS,VIIRS_NOAA21_NRT
0.69073,117.54346,2025-04-30,1737,N21,n,2.0NRT,0.79,N,0.39,0.36,,,,,,firms,VIIRS,VIIRS_NOAA21_NRT
1.78305,117.95396,2025-04-30,1737,N21,n,2.0NRT,0.34,N,0.39,0.36,,,,,,firms,VIIRS,VIIRS_NOAA21_NRT
2.38788,111.34847,2025-04-30,1737,N21,n,2.0NRT,2.31,N,0.47,0.48,,,,,,firms,VIIRS,VIIRS_NOAA21_NRT
3.27945,113.06241,2025-04-30,1737,N21,n,2.0NRT,17.97,N,0.56,0.43,,,,,,firms,VIIRS,VIIRS_NOAA21_NRT
3.5224,113.3111,2025-04-30,1737,N21,n,2.0NRT,2.12,N,0.55,0.43,,,,,,firms,VIIRS,VIIRS_NOAA21_NRT
3.52294,113.31426,2025-04-30,1737,N21,n,2.0NRT,2.97,N,0.55,0.43,,,,,,firms,VIIRS,VIIRS_NOAA21_NRT
3.60717,112.4109,2025-04-30,1737,N21,n,2.0NRT,4.18,N,0.42,0.45,,,,,,firms,VIIRS,VIIRS_NOAA21_NRT
3.65252,117.22682,2025-04-30,1737,N21,n,2.0NRT,0.76,N,0.39,0.36,,,,,,firms,VIIRS,VIIRS_NOAA21_NRT
4.61613,114.34374,2025-04-30,1737,N21,n,2.0NRT,6.06,N,0.49,0.41,,,,,,firms,VIIRS,VIIRS_NOAA21_NRT
4.6168,114.33931,2025-04-30,1737,N21,n,2.0NRT,5.74,N,0.5,0.41,,,,,,firms,VIIRS,VIIRS_NOAA21_NRT
4.67406,113.85725,2025-04-30,1737,N21,n,2.0NRT,1.34,N,0.53,0.42,,,,,,firms,VIIRS,VIIRS_NOAA21_NRT
4.70015,113.94267,2025-04-30,1737,N21,n,2.0NRT,2.46,N,0.52,0.42,,,,,,firms,VIIRS,VIIRS_NOAA21_NRT
4.74105,113.72587,2025-04-30,1737,N21,n,2.0NRT,3.71,N,0.54,0.42,,,,,,firms,VIIRS,VIIRS_NOAA21_NRT
4.78467,113.49233,2025-04-30,1737,N21,n,2.0NRT,3.48,N,0.56,0.43,,,,,,firms,VIIRS,VIIRS_NOAA21_NRT
4.97987,112.98042,2025-04-30,1737,N21,n,2.0NRT,3.43,N,0.4,0.44,,,,,,firms,VIIRS,VIIRS_NOAA21_NRT
-8.53759,122.77065,2025-04-30,1739,N21,n,2.0NRT,3.99,N,0.59,0.53,,,,,,firms,VIIRS,VIIRS_NOAA21_NRT
-8.53716,122.7702,2025-04-30,1739,N21,n,2.0NRT,2.53,N,0.59,0.53,,,,,,firms,VIIRS,VIIRS_NOAA21_NRT
-8.27687,123.51289,2025-04-30,1739,N21,n,2.0NRT,0.88,N,0.33,0.55,,,,,,firms,VIIRS,VIIRS_NOAA21_NRT
-8.27168,123.51243,2025-04-30,1739,N21,n,2.0NRT,0.75,N,0.33,0.55,,,,,,firms,VIIRS,VIIRS_NOAA21_NRT
-6.00921,105.98425,2025-04-30,1739,N21,n,2.0NRT,2.35,N,0.4,0.6,,,,,,firms,VIIRS,VIIRS_NOAA21_NRT
-6.0091,105.9846,2025-04-30,1739,N21,n,2.0NRT,1.49,N,0.4,0.6,,,,,,firms,VIIRS,VIIRS_NOAA21_NRT
-6.00306,105.98154,2025-04-30,1739,N21,n,2.0NRT,5.61,N,0.4,0.6,,,,,,firms,VIIRS,VIIRS_NOAA21_NRT
-6.00297,105.98191,2025-04-30,1739,N21,n,2.0NRT,2.16,N,0.4,0.6,,,,,,firms,VIIRS,VIIRS_NOAA21_NRT
-6.00234,105.97829,2025-04-30,1739,N21,n,2.0NRT,2.16,N,0.4,0.6,,,,,,firms,VIIRS,VIIRS_NOAA21_NRT
-5.91206,107.92559,2025-04-30,1739,N21,n,2.0NRT,4.1,N,0.6,0.53,,,,,,firms,VIIRS,VIIRS_NOAA21_NRT
-3.86507,115.19466,2025-04-30,1739,N21,n,2.0NRT,2.82,N,0.39,0.36,,,,,,firms,VIIRS,VIIRS_NOAA21_NRT
-3.02515,113.75426,2025-04-30,1739,N21,n,2.0NRT,1.55,N,0.44,0.38,,,,,,firms,VIIRS,VIIRS_NOAA21_NRT
-2.93669,115.23997,2025-04-30,1739,N21,n,2.0NRT,1.14,N,0.39,0.36,,,,,,firms,VIIRS,VIIRS_NOAA21_NRT
-2.87594,115.26368,2025-04-30,1739,N21,n,2.0NRT,0.79,N,0.39,0.36,,,,,,firms,VIIRS,VIIRS_NOAA21_NRT
-2.21155,115.49716,2025-04-30,1739,N21,n,2.0NRT,2.5,N,0.39,0.36,,,,,,firms,VIIRS,VIIRS_NOAA21_NRT
-2.17205,115.57137,2025-04-30,1739,N21,n,2.0NRT,0.66,N,0.39,0.36,,,,,,firms,VIIRS,VIIRS_NOAA21_NRT
-2.16346,115.57996,2025-04-30,1739,N21,n,2.0NRT,1.3,N,0.39,0.36,,,,,,firms,VIIRS,VIIRS_NOAA21_NRT
-2.03967,105.89729,2025-04-30,1739,N21,n,2.0NRT,0.56,N,0.48,0.65,,,,,,firms,VIIRS,VIIRS_NOAA21_NRT
-1.89499,115.8642,2025-04-30,1739,N21,n,2.0NRT,4.2,N,0.39,0.36,,,,,,firms,VIIRS,VIIRS_NOAA21_NRT
-1.89167,115.86471,2025-04-30,1739,N21,n,2.0NRT,4.2,N,0.39,0.36,,,,,,firms,VIIRS,VIIRS_NOAA21_NRT
-1.85666,115.8596,2025-04-30,1739,N21,n,2.0NRT,1.24,N,0.39,0.36,,,,,,firms,VIIRS,VIIRS_NOAA21_NRT
-1.51512,114.39281,2025-04-30,1739,N21,n,2.0NRT,0.77,N,0.43,0.38,,,,,,firms,VIIRS,VIIRS_NOAA21_NRT
-1.45764,114.58646,2025-04-30,1739,N21,n,2.0NRT,0.91,N,0.42,0.38,,,,,,firms,VIIRS,VIIRS_NOAA21_NRT
-1.4542,114.58701,2025-04-30,1739,N21,n,2.0NRT,0.91,N,0.42,0.38,,,,,,firms,VIIRS,VIIRS_NOAA21_NRT
-1.32901,113.96775,2025-04-30,1739,N21,n,2.0NRT,0.99,N,0.44,0.39,,,,,,firms,VIIRS,VIIRS_NOAA21_NRT
-1.3139,113.08041,2025-04-30,1739,N21,n,2.0NRT,0.85,N,0.49,0.4,,,,,,firms,VIIRS,VIIRS_NOAA21_NRT
-1.29188,114.76041,2025-04-30,1739,N21,n,2.0NRT,0.69,N,0.41,0.37,,,,,,firms,VIIRS,VIIRS_NOAA21_NRT
-1.2473,116.81492,2025-04-30,1739,N21,n,2.0NRT,2.21,N,0.38,0.36,,,,,,firms,VIIRS,VIIRS_NOAA21_NRT
-1.19685,114.73734,2025-04-30,1739,N21,n,2.0NRT,0.56,N,0.42,0.37,,,,,,firms,VIIRS,VIIRS_NOAA21_NRT
-1.16261,114.76514,2025-04-30,1739,N21,n,2.0NRT,0.73,N,0.42,0.37,,,,,,firms,VIIRS,VIIRS_NOAA21_NRT
-0.64391,117.28535,2025-04-30,1739,N21,n,2.0NRT,0.82,N,0.39,0.36,,,,,,firms,VIIRS,VIIRS_NOAA21_NRT
1.38111,104.15929,2025-04-30,1739,N21,n,2.0NRT,2.13,N,0.72,0.75,,,,,,firms,VIIRS,VIIRS_NOAA21_NRT
1.38143,104.15517,2025-04-30,1739,N21,n,2.0NRT,1.72,N,0.71,0.75,,,,,,firms,VIIRS,VIIRS_NOAA21_NRT
-9.00975,117.21794,2025-04-30,1741,N21,n,2.0NRT,1.74,N,0.42,0.38,,,,,,firms,VIIRS,VIIRS_NOAA21_NRT
-8.9236,116.76262,2025-04-30,1741,N21,n,2.0NRT,2.58,N,0.41,0.37,,,,,,firms,VIIRS,VIIRS_NOAA21_NRT
-8.17658,114.44138,2025-04-30,1741,N21,n,2.0NRT,1.29,N,0.39,0.36,,,,,,firms,VIIRS,VIIRS_NOAA21_NRT
-8.11926,114.05735,2025-04-30,1741,N21,n,2.0NRT,1.8,N,0.39,0.36,,,,,,firms,VIIRS,VIIRS_NOAA21_NRT
-8.11442,112.92552,2025-04-30,1741,N21,n,2.0NRT,15.43,N,0.42,0.38,,,,,,firms,VIIRS,VIIRS_NOAA21_NRT
-8.11385,112.92194,2025-04-30,1741,N21,n,2.0NRT,24.16,N,0.42,0.38,,,,,,firms,VIIRS,VIIRS_NOAA21_NRT
-8.11102,112.92631,2025-04-30,1741,N21,n,2.0NRT,3.45,N,0.42,0.38,,,,,,firms,VIIRS,VIIRS_NOAA21_NRT
-8.11043,112.92268,2025-04-30,1741,N21,n,2.0NRT,6.66,N,0.42,0.38,,,,,,firms,VIIRS,VIIRS_NOAA21_NRT
-7.65037,108.47859,2025-04-30,1741,N21,n,2.0NRT,1.39,N,0.51,0.49,,,,,,firms,VIIRS,VIIRS_NOAA21_NRT
-7.64869,108.47781,2025-04-30,1741,N21,n,2.0NRT,1.47,N,0.51,0.49,,,,,,firms,VIIRS,VIIRS_NOAA21_NRT
-7.54285,110.43948,2025-04-30,1741,N21,n,2.0NRT,2.09,N,0.38,0.43,,,,,,firms,VIIRS,VIIRS_NOAA21_NRT
-7.26704,111.14846,2025-04-30,1741,N21,n,2.0NRT,1.35,N,0.53,0.42,,,,,,firms,VIIRS,VIIRS_NOAA21_NRT
-7.23991,109.21295,2025-04-30,1741,N21,n,2.0NRT,1.64,N,0.47,0.47,,,,,,firms,VIIRS,VIIRS_NOAA21_NRT
-7.23966,111.73189,2025-04-30,1741,N21,n,2.0NRT,2.38,N,0.49,0.4,,,,,,firms,VIIRS,VIIRS_NOAA21_NRT
-6.54596,108.09308,2025-04-30,1741,N21,n,2.0NRT,2.82,N,0.57,0.52,,,,,,firms,VIIRS,VIIRS_NOAA21_NRT
-6.47945,106.89994,2025-04-30,1741,N21,n,2.0NRT,1.67,N,0.34,0.56,,,,,,firms,VIIRS,VIIRS_NOAA21_NRT
3.99386,103.13733,2025-04-30,1915,N21,n,2.0NRT,1.18,N,0.47,0.64,,,,,,firms,VIIRS,VIIRS_NOAA21_NRT
3.99431,103.13873,2025-04-30,1915,N21,n,2.0NRT,1.52,N,0.47,0.64,,,,,,firms,VIIRS,VIIRS_NOAA21_NRT
4.55484,103.45824,2025-04-30,1915,N21,n,2.0NRT,3.72,N,0.49,0.65,,,,,,firms,VIIRS,VIIRS_NOAA21_NRT
-2.19568,103.4523,2025-04-30,1917,N21,n,2.0NRT,2.0,N,0.63,0.72,,,,,,firms,VIIRS,VIIRS_NOAA21_NRT
-0.52305,101.99239,2025-04-30,1917,N21,n,2.0NRT,0.83,N,0.47,0.64,,,,,,firms,VIIRS,VIIRS_NOAA21_NRT
-0.5153,102.01923,2025-04-30,1917,N21,n,2.0NRT,2.09,N,0.47,0.64,,,,,,firms,VIIRS,VIIRS_NOAA21_NRT
1.2824,101.08388,2025-04-30,1917,N21,n,2.0NRT,1.97,N,0.38,0.59,,,,,,firms,VIIRS,VIIRS_NOAA21_NRT
2.63117,97.95177,2025-04-30,1917,N21,n,2.0NRT,0.36,N,0.44,0.46,,,,,,firms,VIIRS,VIIRS_NOAA21_NRT
