latitude,longitude,acq_date,acq_time,satellite,confidence,version,frp,daynight,scan,track,brightness,brightness_t13,brightness_t31,bright_t14,bright_t15,source_api,sensor_type,satellite_source
-10.60806,123.38349,2025-11-02,505,N21,n,2.0NRT,7.74,D,0.47,0.39,,,,,,firms,VIIRS,VIIRS_NOAA21_NRT
-10.60444,123.38294,2025-11-02,505,N21,n,2.0NRT,7.74,D,0.47,0.39,,,,,,firms,VIIRS,VIIRS_NOAA21_NRT
-10.21708,124.01955,2025-11-02,505,N21,n,2.0NRT,1.86,D,0.43,0.38,,,,,,firms,VIIRS,VIIRS_NOAA21_NRT
-10.1928,123.93993,2025-11-02,505,N21,n,2.0NRT,6.69,D,0.44,0.38,,,,,,firms,VIIRS,VIIRS_NOAA21_NRT
-10.18823,124.07088,2025-11-02,505,N21,l,2.0NRT,6.86,D,0.43,0.38,,,,,,firms,VIIRS,VIIRS_NOAA21_NRT
-10.14135,124.1357,2025-11-02,505,N21,n,2.0NRT,2.84,D,0.43,0.38,,,,,,firms,VIIRS,VIIRS_NOAA21_NRT
-10.11658,124.01312,2025-11-02,505,N21,n,2.0NRT,1.63,D,0.43,0.38,,,,,,firms,VIIRS,VIIRS_NOAA21_NRT
-10.09229,124.39557,2025-11-02,505,N21,n,2.0NRT,3.52,D,0.42,0.38,,,,,,firms,VIIRS,VIIRS_NOAA21_NRT
-10.07975,123.99626,2025-11-02,505,N21,n,2.0NRT,4.64,D,0.43,0.38,,,,,,firms,VIIRS,VIIRS_NOAA21_NRT
-10.07756,120.80518,2025-11-02,505,N21,n,2.0NRT,28.5,D,0.43,0.46,,,,,,firms,VIIRS,VIIRS_NOAA21_NRT
-10.07719,120.80186,2025-11-02,505,N21,n,2.0NRT,15.3,D,0.43,0.46,,,,,,firms,VIIRS,VIIRS_NOAA21_NRT
-10.07664,120.80571,2025-11-02,505,N21,n,2.0NRT,15.3,D,0.43,0.46,,,,,,firms,VIIRS,VIIRS_NOAA21_NRT
-10.01575,124.46246,2025-11-02,505,N21,n,2.0NRT,2.14,D,0.42,0.37,,,,,,firms,VIIRS,VIIRS_NOAA21_NRT
-9.97961,124.59045,2025-11-02,505,N21,n,2.0NRT,2.77,D,0.41,0.37,,,,,,firms,VIIRS,VIIRS_NOAA21_NRT
-9.96869,124.61512,2025-11-02,505,N21,l,2.0NRT,24.63,D,0.41,0.37,,,,,,firms,VIIRS,VIIRS_NOAA21_NRT
-9.96631,124.51335,2025-11-02,505,N21,l,2.0NRT,8.23,D,0.41,0.37,,,,,,firms,VIIRS,VIIRS_NOAA21_NRT
-9.89207,124.06454,2025-11-02,505,N21,l,2.0NRT,2.64,D,0.43,0.38,,,,,,firms,VIIRS,VIIRS_NOAA21_NRT
-9.88348,120.32997,2025-11-02,505,N21,n,2.0NRT,8.65,D,0.46,0.47,,,,,,firms,VIIRS,VIIRS_NOAA21_NRT
-9.86925,124.52921,2025-11-02,505,N21,n,2.0NRT,9.76,D,0.41,0.37,,,,,,firms,VIIRS,VIIRS_NOAA21_NRT
-9.84907,124.04241,2025-11-02,505,N21,n,2.0NRT,7.65,D,0.43,0.38,,,,,,firms,VIIRS,VIIRS_NOAA21_NRT
-9.8199,120.34478,2025-11-02,505,N21,n,2.0NRT,7.47,D,0.46,0.47,,,,,,firms,VIIRS,VIIRS_NOAA21_NRT
-9.8174,120.34547,2025-11-02,505,N21,n,2.0NRT,6.83,D,0.46,0.47,,,,,,firms,VIIRS,VIIRS_NOAA21_NRT
-9.7917,124.51032,2025-11-02,505,N21,n,2.0NRT,3.29,D,0.41,0.37,,,,,,firms,VIIRS,VIIRS_NOAA21_NRT
-9.76965,124.61343,2025-11-02,505,N21,n,2.0NRT,3.22,D,0.41,0.37,,,,,,firms,VIIRS,VIIRS_NOAA21_NRT
-9.76068,124.62711,2025-11-02,505,N21,n,2.0NRT,4.84,D,0.41,0.37,,,,,,firms,VIIRS,VIIRS_NOAA21_NRT
-9.75433,124.61858,2025-11-02,505,N21,n,2.0NRT,13.76,D,0.41,0.37,,,,,,firms,VIIRS,VIIRS_NOAA21_NRT
-9.75426,124.12,2025-11-02,505,N21,n,2.0NRT,5.13,D,0.43,0.38,,,,,,firms,VIIRS,VIIRS_NOAA21_NRT
-9.74099,124.5211,2025-11-02,505,N21,l,2.0NRT,5.79,D,0.41,0.37,,,,,,firms,VIIRS,VIIRS_NOAA21_NRT
-9.73291,124.62236,2025-11-02,505,N21,l,2.0NRT,5.29,D,0.41,0.37,,,,,,firms,VIIRS,VIIRS_NOAA21_NRT
-9.72509,124.65155,2025-11-02,505,N21,n,2.0NRT,3.01,D,0.41,0.37,,,,,,firms,VIIRS,VIIRS_NOAA21_NRT
-9.68455,124.78429,2025-11-02,505,N21,l,2.0NRT,2.71,D,0.4,0.37,,,,,,firms,VIIRS,VIIRS_NOAA21_NRT
-9.63016,124.62912,2025-11-02,505,N21,n,2.0NRT,7.63,D,0.41,0.37,,,,,,firms,VIIRS,VIIRS_NOAA21_NRT
-9.58254,124.83221,2025-11-02,505,N21,n,2.0NRT,2.95,D,0.4,0.37,,,,,,firms,VIIRS,VIIRS_NOAA21_NRT
-9.51406,124.78101,2025-11-02,505,N21,n,2.0NRT,3.27,D,0.4,0.37,,,,,,firms,VIIRS,VIIRS_NOAA21_NRT
-9.51271,124.78101,2025-11-02,505,N21,n,2.0NRT,2.51,D,0.4,0.37,,,,,,firms,VIIRS,VIIRS_NOAA21_NRT
-9.48068,124.81015,2025-11-02,505,N21,n,2.0NRT,4.36,D,0.4,0.37,,,,,,firms,VIIRS,VIIRS_NOAA21_NRT
-9.45642,124.69399,2025-11-02,505,N21,l,2.0NRT,5.29,D,0.41,0.37,,,,,,firms,VIIRS,VIIRS_NOAA21_NRT
-9.42487,124.79047,2025-11-02,505,N21,l,2.0NRT,7.82,D,0.4,0.37,,,,,,firms,VIIRS,VIIRS_NOAA21_NRT
-9.42433,124.79413,2025-11-02,505,N21,l,2.0NRT,7.75,D,0.4,0.37,,,,,,firms,VIIRS,VIIRS_NOAA21_NRT
-9.38993,124.28844,2025-11-02,505,N21,n,2.0NRT,12.47,D,0.42,0.37,,,,,,firms,VIIRS,VIIRS_NOAA21_NRT
-9.28767,125.16736,2025-11-02,505,N21,n,2.0NRT,2.52,D,0.39,0.36,,,,,,firms,VIIRS,VIIRS_NOAA21_NRT
-9.0202,125.99624,2025-11-02,505,N21,n,2.0NRT,6.58,D,0.38,0.36,,,,,,firms,VIIRS,VIIRS_NOAA21_NRT
-8.9357,125.85842,2025-11-02,505,N21,n,2.0NRT,4.43,D,0.39,0.36,,,,,,firms,VIIRS,VIIRS_NOAA21_NRT
-8.9261,126.0776,2025-11-02,505,N21,n,2.0NRT,6.02,D,0.38,0.36,,,,,,firms,VIIRS,VIIRS_NOAA21_NRT
-8.8979,125.92673,2025-11-02,505,N21,n,2.0NRT,3.39,D,0.38,0.36,,,,,,firms,VIIRS,VIIRS_NOAA21_NRT
-8.84716,117.88513,2025-11-02,505,N21,n,2.0NRT,2.8,D,0.32,0.55,,,,,,firms,VIIRS,VIIRS_NOAA21_NRT
-8.83045,126.05864,2025-11-02,505,N21,n,2.0NRT,2.14,D,0.38,0.36,,,,,,firms,VIIRS,VIIRS_NOAA21_NRT
-8.8278,117.87654,2025-11-02,505,N21,n,2.0NRT,3.69,D,0.33,0.55,,,,,,firms,VIIRS,VIIRS_NOAA21_NRT
-8.82092,125.51553,2025-11-02,505,N21,n,2.0NRT,1.92,D,0.39,0.36,,,,,,firms,VIIRS,VIIRS_NOAA21_NRT
-8.78673,126.30071,2025-11-02,505,N21,l,2.0NRT,2.92,D,0.38,0.36,,,,,,firms,VIIRS,VIIRS_NOAA21_NRT
-8.78299,125.85526,2025-11-02,505,N21,n,2.0NRT,9.83,D,0.38,0.36,,,,,,firms,VIIRS,VIIRS_NOAA21_NRT
-8.73153,125.72609,2025-11-02,505,N21,n,2.0NRT,3.05,D,0.39,0.36,,,,,,firms,VIIRS,VIIRS_NOAA21_NRT
-8.72593,126.74049,2025-11-02,505,N21,l,2.0NRT,3.34,D,0.39,0.36,,,,,,firms,VIIRS,VIIRS_NOAA21_NRT
-8.68614,125.19411,2025-11-02,505,N21,n,2.0NRT,8.11,D,0.39,0.36,,,,,,firms,VIIRS,VIIRS_NOAA21_NRT
-8.67681,121.21095,2025-11-02,505,N21,n,2.0NRT,7.75,D,0.39,0.44,,,,,,firms,VIIRS,VIIRS_NOAA21_NRT
-8.67168,121.10153,2025-11-02,505,N21,n,2.0NRT,6.21,D,0.39,0.44,,,,,,firms,VIIRS,VIIRS_NOAA21_NRT
-8.64216,122.57911,2025-11-02,505,N21,n,2.0NRT,4.48,D,0.49,0.4,,,,,,firms,VIIRS,VIIRS_NOAA21_NRT
-8.63547,125.82155,2025-11-02,505,N21,l,2.0NRT,2.66,D,0.38,0.36,,,,,,firms,VIIRS,VIIRS_NOAA21_NRT
-8.62967,125.85976,2025-11-02,505,N21,n,2.0NRT,4.78,D,0.38,0.36,,,,,,firms,VIIRS,VIIRS_NOAA21_NRT
-8.62877,126.77467,2025-11-02,505,N21,n,2.0NRT,8.19,D,0.39,0.36,,,,,,firms,VIIRS,VIIRS_NOAA21_NRT
-8.62823,126.77818,2025-11-02,505,N21,n,2.0NRT,5.33,D,0.39,0.36,,,,,,firms,VIIRS,VIIRS_NOAA21_NRT
-8.61177,117.73431,2025-11-02,505,N21,n,2.0NRT,5.74,D,0.33,0.55,,,,,,firms,VIIRS,VIIRS_NOAA21_NRT
-8.60318,117.72121,2025-11-02,505,N21,n,2.0NRT,3.83,D,0.33,0.55,,,,,,firms,VIIRS,VIIRS_NOAA21_NRT
-8.60314,118.9113,2025-11-02,505,N21,n,2.0NRT,7.27,D,0.55,0.51,,,,,,firms,VIIRS,VIIRS_NOAA21_NRT
-8.5981,117.72058,2025-11-02,505,N21,n,2.0NRT,3.83,D,0.33,0.55,,,,,,firms,VIIRS,VIIRS_NOAA21_NRT
-8.58473,121.88625,2025-11-02,505,N21,n,2.0NRT,8.7,D,0.53,0.42,,,,,,firms,VIIRS,VIIRS_NOAA21_NRT
-8.57853,122.88484,2025-11-02,505,N21,l,2.0NRT,4.73,D,0.47,0.4,,,,,,firms,VIIRS,VIIRS_NOAA21_NRT
-8.57407,117.37312,2025-11-02,505,N21,n,2.0NRT,4.25,D,0.35,0.57,,,,,,firms,VIIRS,VIIRS_NOAA21_NRT
-8.56671,125.80299,2025-11-02,505,N21,n,2.0NRT,12.77,D,0.38,0.36,,,,,,firms,VIIRS,VIIRS_NOAA21_NRT
-8.5584,125.8799,2025-11-02,505,N21,l,2.0NRT,4.08,D,0.38,0.36,,,,,,firms,VIIRS,VIIRS_NOAA21_NRT
-8.50599,123.55371,2025-11-02,505,N21,l,2.0NRT,4.2,D,0.44,0.38,,,,,,firms,VIIRS,VIIRS_NOAA21_NRT
-8.49325,120.74123,2025-11-02,505,N21,n,2.0NRT,8.26,D,0.41,0.45,,,,,,firms,VIIRS,VIIRS_NOAA21_NRT
-8.48477,127.04683,2025-11-02,505,N21,n,2.0NRT,3.55,D,0.39,0.36,,,,,,firms,VIIRS,VIIRS_NOAA21_NRT
-8.44938,117.50208,2025-11-02,505,N21,n,2.0NRT,5.01,D,0.34,0.56,,,,,,firms,VIIRS,VIIRS_NOAA21_NRT
-8.41512,120.61674,2025-11-02,505,N21,n,2.0NRT,4.93,D,0.42,0.45,,,,,,firms,VIIRS,VIIRS_NOAA21_NRT
-8.38424,124.82993,2025-11-02,505,N21,l,2.0NRT,8.93,D,0.4,0.37,,,,,,firms,VIIRS,VIIRS_NOAA21_NRT
-8.38268,124.61005,2025-11-02,505,N21,n,2.0NRT,4.13,D,0.4,0.37,,,,,,firms,VIIRS,VIIRS_NOAA21_NRT
-8.38021,120.92641,2025-11-02,505,N21,n,2.0NRT,3.94,D,0.4,0.44,,,,,,firms,VIIRS,VIIRS_NOAA21_NRT
-8.37502,124.70776,2025-11-02,505,N21,l,2.0NRT,4.26,D,0.4,0.37,,,,,,firms,VIIRS,VIIRS_NOAA21_NRT
-8.36633,120.61723,2025-11-02,505,N21,n,2.0NRT,5.02,D,0.42,0.45,,,,,,firms,VIIRS,VIIRS_NOAA21_NRT
-8.35989,118.196,2025-11-02,505,N21,n,2.0NRT,6.38,D,0.61,0.53,,,,,,firms,VIIRS,VIIRS_NOAA21_NRT
-8.35634,120.44807,2025-11-02,505,N21,n,2.0NRT,4.98,D,0.43,0.46,,,,,,firms,VIIRS,VIIRS_NOAA21_NRT
-8.35211,120.44769,2025-11-02,505,N21,n,2.0NRT,4.98,D,0.43,0.46,,,,,,firms,VIIRS,VIIRS_NOAA21_NRT
-8.33761,120.39825,2025-11-02,505,N21,n,2.0NRT,4.88,D,0.43,0.46,,,,,,firms,VIIRS,VIIRS_NOAA21_NRT
-8.32895,118.96005,2025-11-02,505,N21,n,2.0NRT,4.83,D,0.54,0.51,,,,,,firms,VIIRS,VIIRS_NOAA21_NRT
-8.29418,118.63779,2025-11-02,505,N21,n,2.0NRT,15.03,D,0.57,0.52,,,,,,firms,VIIRS,VIIRS_NOAA21_NRT
-8.2859,116.50203,2025-11-02,505,N21,n,2.0NRT,3.05,D,0.4,0.6,,,,,,firms,VIIRS,VIIRS_NOAA21_NRT
-8.28562,123.44798,2025-11-02,505,N21,n,2.0NRT,9.86,D,0.44,0.38,,,,,,firms,VIIRS,VIIRS_NOAA21_NRT
-8.27737,120.61877,2025-11-02,505,N21,n,2.0NRT,9.65,D,0.42,0.45,,,,,,firms,VIIRS,VIIRS_NOAA21_NRT
-8.27497,120.61777,2025-11-02,505,N21,n,2.0NRT,22.96,D,0.42,0.45,,,,,,firms,VIIRS,VIIRS_NOAA21_NRT
-8.27325,120.61801,2025-11-02,505,N21,n,2.0NRT,11.63,D,0.42,0.45,,,,,,firms,VIIRS,VIIRS_NOAA21_NRT
-8.26893,125.00962,2025-11-02,505,N21,l,2.0NRT,3.33,D,0.39,0.36,,,,,,firms,VIIRS,VIIRS_NOAA21_NRT
-8.25311,124.97852,2025-11-02,505,N21,l,2.0NRT,3.68,D,0.39,0.36,,,,,,firms,VIIRS,VIIRS_NOAA21_NRT
-8.18334,117.65321,2025-11-02,505,N21,n,2.0NRT,4.86,D,0.33,0.55,,,,,,firms,VIIRS,VIIRS_NOAA21_NRT
-8.17548,117.67339,2025-11-02,505,N21,n,2.0NRT,7.3,D,0.33,0.55,,,,,,firms,VIIRS,VIIRS_NOAA21_NRT
-8.17406,125.09597,2025-11-02,505,N21,l,2.0NRT,5.45,D,0.39,0.36,,,,,,firms,VIIRS,VIIRS_NOAA21_NRT
-8.16624,117.62656,2025-11-02,505,N21,n,2.0NRT,3.24,D,0.33,0.55,,,,,,firms,VIIRS,VIIRS_NOAA21_NRT
-8.16479,118.12466,2025-11-02,505,N21,n,2.0NRT,9.22,D,0.61,0.54,,,,,,firms,VIIRS,VIIRS_NOAA21_NRT
-8.15364,124.75813,2025-11-02,505,N21,l,2.0NRT,9.79,D,0.4,0.37,,,,,,firms,VIIRS,VIIRS_NOAA21_NRT
-8.15309,124.76176,2025-11-02,505,N21,n,2.0NRT,14.58,D,0.4,0.37,,,,,,firms,VIIRS,VIIRS_NOAA21_NRT
-8.13688,117.80903,2025-11-02,505,N21,n,2.0NRT,4.85,D,0.32,0.55,,,,,,firms,VIIRS,VIIRS_NOAA21_NRT
-8.13142,124.5257,2025-11-02,505,N21,n,2.0NRT,10.9,D,0.4,0.37,,,,,,firms,VIIRS,VIIRS_NOAA21_NRT
-8.13085,131.02711,2025-11-02,505,N21,n,2.0NRT,1.51,D,0.39,0.44,,,,,,firms,VIIRS,VIIRS_NOAA21_NRT
-7.95761,131.16026,2025-11-02,505,N21,n,2.0NRT,3.04,D,0.4,0.44,,,,,,firms,VIIRS,VIIRS_NOAA21_NRT
-7.92629,131.30061,2025-11-02,505,N21,n,2.0NRT,3.14,D,0.41,0.45,,,,,,firms,VIIRS,VIIRS_NOAA21_NRT
-7.91963,129.86145,2025-11-02,505,N21,n,2.0NRT,6.1,D,0.5,0.41,,,,,,firms,VIIRS,VIIRS_NOAA21_NRT
-7.91946,129.60513,2025-11-02,505,N21,n,2.0NRT,3.74,D,0.49,0.4,,,,,,firms,VIIRS,VIIRS_NOAA21_NRT
-7.89034,126.2287,2025-11-02,505,N21,h,2.0NRT,11.43,D,0.38,0.36,,,,,,firms,VIIRS,VIIRS_NOAA21_NRT
-7.88756,126.22472,2025-11-02,505,N21,n,2.0NRT,4.81,D,0.38,0.36,,,,,,firms,VIIRS,VIIRS_NOAA21_NRT
-7.88703,126.22816,2025-11-02,505,N21,n,2.0NRT,4.81,D,0.38,0.36,,,,,,firms,VIIRS,VIIRS_NOAA21_NRT
-7.8865,126.23164,2025-11-02,505,N21,n,2.0NRT,6.19,D,0.38,0.36,,,,,,firms,VIIRS,VIIRS_NOAA21_NRT
-7.88597,126.23511,2025-11-02,505,N21,n,2.0NRT,6.19,D,0.38,0.36,,,,,,firms,VIIRS,VIIRS_NOAA21_NRT
-7.88426,126.22421,2025-11-02,505,N21,n,2.0NRT,4.81,D,0.38,0.36,,,,,,firms,VIIRS,VIIRS_NOAA21_NRT
-7.88267,126.23457,2025-11-02,505,N21,n,2.0NRT,6.19,D,0.38,0.36,,,,,,firms,VIIRS,VIIRS_NOAA21_NRT
-7.87838,126.23656,2025-11-02,505,N21,l,2.0NRT,5.53,D,0.38,0.36,,,,,,firms,VIIRS,VIIRS_NOAA21_NRT
-7.87614,126.22913,2025-11-02,505,N21,n,2.0NRT,10.79,D,0.38,0.36,,,,,,firms,VIIRS,VIIRS_NOAA21_NRT
-7.8756,126.23258,2025-11-02,505,N21,n,2.0NRT,10.79,D,0.38,0.36,,,,,,firms,VIIRS,VIIRS_NOAA21_NRT
-7.87507,126.23605,2025-11-02,505,N21,n,2.0NRT,5.53,D,0.38,0.36,,,,,,firms,VIIRS,VIIRS_NOAA21_NRT
-7.87283,126.22861,2025-11-02,505,N21,n,2.0NRT,6.33,D,0.38,0.36,,,,,,firms,VIIRS,VIIRS_NOAA21_NRT
-7.8723,126.23207,2025-11-02,505,N21,n,2.0NRT,6.33,D,0.38,0.36,,,,,,firms,VIIRS,VIIRS_NOAA21_NRT
-7.86334,126.2024,2025-11-02,505,N21,n,2.0NRT,7.1,D,0.38,0.36,,,,,,firms,VIIRS,VIIRS_NOAA21_NRT
-7.86164,131.28548,2025-11-02,505,N21,n,2.0NRT,4.81,D,0.41,0.45,,,,,,firms,VIIRS,VIIRS_NOAA21_NRT
-7.86004,126.2019,2025-11-02,505,N21,n,2.0NRT,7.1,D,0.38,0.36,,,,,,firms,VIIRS,VIIRS_NOAA21_NRT
-7.85773,125.81856,2025-11-02,505,N21,l,2.0NRT,104.75,D,0.38,0.36,,,,,,firms,VIIRS,VIIRS_NOAA21_NRT
-7.8572,125.82201,2025-11-02,505,N21,n,2.0NRT,25.02,D,0.38,0.36,,,,,,firms,VIIRS,VIIRS_NOAA21_NRT
-7.81859,131.41498,2025-11-02,505,N21,n,2.0NRT,2.54,D,0.41,0.45,,,,,,firms,VIIRS,VIIRS_NOAA21_NRT
-7.808,131.35988,2025-11-02,505,N21,n,2.0NRT,9.05,D,0.41,0.45,,,,,,firms,VIIRS,VIIRS_NOAA21_NRT
-7.77282,126.6372,2025-11-02,505,N21,n,2.0NRT,6.59,D,0.39,0.36,,,,,,firms,VIIRS,VIIRS_NOAA21_NRT
-7.57409,126.55921,2025-11-02,505,N21,n,2.0NRT,2.45,D,0.39,0.36,,,,,,firms,VIIRS,VIIRS_NOAA21_NRT
-7.51469,127.42196,2025-11-02,505,N21,l,2.0NRT,3.49,D,0.4,0.37,,,,,,firms,VIIRS,VIIRS_NOAA21_NRT
-7.3535,121.1339,2025-11-02,505,N21,n,2.0NRT,8.31,D,0.57,0.43,,,,,,firms,VIIRS,VIIRS_NOAA21_NRT
-7.19835,131.47887,2025-11-02,505,N21,n,2.0NRT,7.68,D,0.43,0.46,,,,,,firms,VIIRS,VIIRS_NOAA21_NRT
-6.19854,120.42025,2025-11-02,505,N21,n,2.0NRT,4.87,D,0.4,0.44,,,,,,firms,VIIRS,VIIRS_NOAA21_NRT
-5.55138,120.4064,2025-11-02,505,N21,n,2.0NRT,4.09,D,0.4,0.44,,,,,,firms,VIIRS,VIIRS_NOAA21_NRT
-5.55086,120.41,2025-11-02,505,N21,n,2.0NRT,4.09,D,0.39,0.44,,,,,,firms,VIIRS,VIIRS_NOAA21_NRT
-5.40952,123.04944,2025-11-02,505,N21,l,2.0NRT,2.72,D,0.43,0.38,,,,,,firms,VIIRS,VIIRS_NOAA21_NRT
-5.3719,123.1107,2025-11-02,505,N21,n,2.0NRT,4.12,D,0.43,0.38,,,,,,firms,VIIRS,VIIRS_NOAA21_NRT
-5.37183,123.0399,2025-11-02,505,N21,n,2.0NRT,3.43,D,0.43,0.38,,,,,,firms,VIIRS,VIIRS_NOAA21_NRT
-5.36894,123.03544,2025-11-02,505,N21,n,2.0NRT,3.43,D,0.43,0.38,,,,,,firms,VIIRS,VIIRS_NOAA21_NRT
-5.22196,122.98199,2025-11-02,505,N21,n,2.0NRT,3.38,D,0.43,0.38,,,,,,firms,VIIRS,VIIRS_NOAA21_NRT
-5.22027,122.98165,2025-11-02,505,N21,l,2.0NRT,2.78,D,0.43,0.38,,,,,,firms,VIIRS,VIIRS_NOAA21_NRT
-5.16751,123.02494,2025-11-02,505,N21,n,2.0NRT,4.07,D,0.43,0.38,,,,,,firms,VIIRS,VIIRS_NOAA21_NRT
-5.06563,122.95571,2025-11-02,505,N21,n,2.0NRT,7.09,D,0.43,0.38,,,,,,firms,VIIRS,VIIRS_NOAA21_NRT
-5.05803,122.93511,2025-11-02,505,N21,n,2.0NRT,33.19,D,0.43,0.38,,,,,,firms,VIIRS,VIIRS_NOAA21_NRT
-4.88687,122.6507,2025-11-02,508,N21,n,2.0NRT,5.08,D,0.44,0.38,,,,,,firms,VIIRS,VIIRS_NOAA21_NRT
-4.88628,122.65466,2025-11-02,508,N21,n,2.0NRT,3.46,D,0.44,0.38,,,,,,firms,VIIRS,VIIRS_NOAA21_NRT
-4.8417,122.63976,2025-11-02,508,N21,n,2.0NRT,3.77,D,0.44,0.38,,,,,,firms,VIIRS,VIIRS_NOAA21_NRT
-4.83574,120.31489,2025-11-02,508,N21,n,2.0NRT,7.0,D,0.39,0.44,,,,,,firms,VIIRS,VIIRS_NOAA21_NRT
-4.72445,122.69939,2025-11-02,508,N21,n,2.0NRT,5.37,D,0.44,0.38,,,,,,firms,VIIRS,VIIRS_NOAA21_NRT
-4.72387,122.70332,2025-11-02,508,N21,n,2.0NRT,8.19,D,0.44,0.38,,,,,,firms,VIIRS,VIIRS_NOAA21_NRT
-4.71161,123.19057,2025-11-02,508,N21,l,2.0NRT,10.02,D,0.42,0.38,,,,,,firms,VIIRS,VIIRS_NOAA21_NRT
-4.64443,121.84135,2025-11-02,508,N21,l,2.0NRT,5.28,D,0.48,0.4,,,,,,firms,VIIRS,VIIRS_NOAA21_NRT
-4.6362,121.94819,2025-11-02,508,N21,l,2.0NRT,4.76,D,0.47,0.4,,,,,,firms,VIIRS,VIIRS_NOAA21_NRT
-4.62566,123.01568,2025-11-02,508,N21,n,2.0NRT,14.36,D,0.42,0.38,,,,,,firms,VIIRS,VIIRS_NOAA21_NRT
-4.61414,123.02177,2025-11-02,508,N21,l,2.0NRT,5.72,D,0.42,0.38,,,,,,firms,VIIRS,VIIRS_NOAA21_NRT
-4.57841,121.90659,2025-11-02,508,N21,l,2.0NRT,7.27,D,0.47,0.4,,,,,,firms,VIIRS,VIIRS_NOAA21_NRT
-4.56245,121.93878,2025-11-02,508,N21,l,2.0NRT,5.96,D,0.47,0.4,,,,,,firms,VIIRS,VIIRS_NOAA21_NRT
-4.56182,121.94299,2025-11-02,508,N21,l,2.0NRT,6.46,D,0.47,0.4,,,,,,firms,VIIRS,VIIRS_NOAA21_NRT
-4.55881,121.93826,2025-11-02,508,N21,n,2.0NRT,7.89,D,0.47,0.4,,,,,,firms,VIIRS,VIIRS_NOAA21_NRT
-4.55819,121.94245,2025-11-02,508,N21,n,2.0NRT,3.26,D,0.47,0.4,,,,,,firms,VIIRS,VIIRS_NOAA21_NRT
-4.423,121.72018,2025-11-02,508,N21,l,2.0NRT,11.51,D,0.48,0.4,,,,,,firms,VIIRS,VIIRS_NOAA21_NRT
-4.33633,121.9499,2025-11-02,508,N21,l,2.0NRT,7.51,D,0.47,0.4,,,,,,firms,VIIRS,VIIRS_NOAA21_NRT
-3.90449,122.41982,2025-11-02,508,N21,l,2.0NRT,11.34,D,0.44,0.38,,,,,,firms,VIIRS,VIIRS_NOAA21_NRT
-3.90155,122.41534,2025-11-02,508,N21,n,2.0NRT,7.81,D,0.44,0.38,,,,,,firms,VIIRS,VIIRS_NOAA21_NRT
-3.90097,122.4193,2025-11-02,508,N21,n,2.0NRT,7.81,D,0.44,0.38,,,,,,firms,VIIRS,VIIRS_NOAA21_NRT
-2.87475,115.26529,2025-11-02,508,N21,h,2.0NRT,9.81,D,0.4,0.6,,,,,,firms,VIIRS,VIIRS_NOAA21_NRT
-2.85481,114.56555,2025-11-02,508,N21,n,2.0NRT,3.84,D,0.45,0.63,,,,,,firms,VIIRS,VIIRS_NOAA21_NRT
-2.71844,114.80128,2025-11-02,508,N21,n,2.0NRT,6.06,D,0.43,0.62,,,,,,firms,VIIRS,VIIRS_NOAA21_NRT
-2.69651,120.5555,2025-11-02,508,N21,n,2.0NRT,4.19,D,0.53,0.42,,,,,,firms,VIIRS,VIIRS_NOAA21_NRT
-2.64676,115.57177,2025-11-02,508,N21,n,2.0NRT,7.19,D,0.38,0.59,,,,,,firms,VIIRS,VIIRS_NOAA21_NRT
-2.64423,115.5713,2025-11-02,508,N21,n,2.0NRT,9.5,D,0.38,0.59,,,,,,firms,VIIRS,VIIRS_NOAA21_NRT
-2.5397,115.9559,2025-11-02,508,N21,n,2.0NRT,5.27,D,0.36,0.57,,,,,,firms,VIIRS,VIIRS_NOAA21_NRT
-2.52479,120.33379,2025-11-02,508,N21,n,2.0NRT,9.79,D,0.55,0.42,,,,,,firms,VIIRS,VIIRS_NOAA21_NRT
-2.51394,115.94937,2025-11-02,508,N21,n,2.0NRT,6.65,D,0.36,0.57,,,,,,firms,VIIRS,VIIRS_NOAA21_NRT
-2.44887,115.87983,2025-11-02,508,N21,n,2.0NRT,4.52,D,0.36,0.57,,,,,,firms,VIIRS,VIIRS_NOAA21_NRT
-2.21174,115.49829,2025-11-02,508,N21,n,2.0NRT,4.42,D,0.38,0.59,,,,,,firms,VIIRS,VIIRS_NOAA21_NRT
-2.16774,115.57159,2025-11-02,508,N21,n,2.0NRT,3.83,D,0.38,0.58,,,,,,firms,VIIRS,VIIRS_NOAA21_NRT
-2.03854,119.52223,2025-11-02,508,N21,n,2.0NRT,3.04,D,0.4,0.44,,,,,,firms,VIIRS,VIIRS_NOAA21_NRT
-2.00699,121.43341,2025-11-02,508,N21,l,2.0NRT,3.55,D,0.47,0.4,,,,,,firms,VIIRS,VIIRS_NOAA21_NRT
-2.00336,121.43295,2025-11-02,508,N21,n,2.0NRT,3.55,D,0.47,0.4,,,,,,firms,VIIRS,VIIRS_NOAA21_NRT
-2.00019,119.39066,2025-11-02,508,N21,n,2.0NRT,2.68,D,0.41,0.45,,,,,,firms,VIIRS,VIIRS_NOAA21_NRT
-1.99971,121.43259,2025-11-02,508,N21,n,2.0NRT,4.92,D,0.47,0.4,,,,,,firms,VIIRS,VIIRS_NOAA21_NRT
-1.98432,119.41279,2025-11-02,508,N21,n,2.0NRT,5.54,D,0.41,0.45,,,,,,firms,VIIRS,VIIRS_NOAA21_NRT
-1.96843,124.47346,2025-11-02,508,N21,n,2.0NRT,6.63,D,0.38,0.36,,,,,,firms,VIIRS,VIIRS_NOAA21_NRT
-1.9642,124.5676,2025-11-02,508,N21,n,2.0NRT,4.09,D,0.38,0.36,,,,,,firms,VIIRS,VIIRS_NOAA21_NRT
-1.89551,120.8569,2025-11-02,508,N21,l,2.0NRT,8.7,D,0.5,0.41,,,,,,firms,VIIRS,VIIRS_NOAA21_NRT
-1.6199,121.91255,2025-11-02,508,N21,n,2.0NRT,12.07,D,0.44,0.38,,,,,,firms,VIIRS,VIIRS_NOAA21_NRT
0.34924,117.45937,2025-11-02,508,N21,n,2.0NRT,4.11,D,0.51,0.49,,,,,,firms,VIIRS,VIIRS_NOAA21_NRT
0.35168,117.46082,2025-11-02,508,N21,n,2.0NRT,5.08,D,0.51,0.49,,,,,,firms,VIIRS,VIIRS_NOAA21_NRT
0.45083,119.92448,2025-11-02,508,N21,n,2.0NRT,3.49,D,0.53,0.42,,,,,,firms,VIIRS,VIIRS_NOAA21_NRT
0.471,117.44419,2025-11-02,508,N21,n,2.0NRT,11.09,D,0.51,0.49,,,,,,firms,VIIRS,VIIRS_NOAA21_NRT
0.47414,121.78466,2025-11-02,508,N21,l,2.0NRT,4.46,D,0.43,0.38,,,,,,firms,VIIRS,VIIRS_NOAA21_NRT
0.47998,128.00278,2025-11-02,508,N21,n,2.0NRT,11.62,D,0.51,0.41,,,,,,firms,VIIRS,VIIRS_NOAA21_NRT
0.48168,127.9887,2025-11-02,508,N21,n,2.0NRT,4.56,D,0.51,0.41,,,,,,firms,VIIRS,VIIRS_NOAA21_NRT
0.48236,127.99316,2025-11-02,508,N21,n,2.0NRT,6.56,D,0.51,0.41,,,,,,firms,VIIRS,VIIRS_NOAA21_NRT
0.4824,117.42875,2025-11-02,508,N21,n,2.0NRT,5.24,D,0.51,0.49,,,,,,firms,VIIRS,VIIRS_NOAA21_NRT
0.48304,127.99762,2025-11-02,508,N21,n,2.0NRT,6.56,D,0.51,0.41,,,,,,firms,VIIRS,VIIRS_NOAA21_NRT
0.48542,127.98808,2025-11-02,508,N21,n,2.0NRT,7.38,D,0.51,0.41,,,,,,firms,VIIRS,VIIRS_NOAA21_NRT
0.4861,127.99254,2025-11-02,508,N21,n,2.0NRT,7.23,D,0.51,0.41,,,,,,firms,VIIRS,VIIRS_NOAA21_NRT
0.48845,127.98276,2025-11-02,508,N21,n,2.0NRT,7.38,D,0.51,0.41,,,,,,firms,VIIRS,VIIRS_NOAA21_NRT
0.50903,127.89248,2025-11-02,508,N21,l,2.0NRT,5.94,D,0.5,0.41,,,,,,firms,VIIRS,VIIRS_NOAA21_NRT
0.50971,127.8969,2025-11-02,508,N21,n,2.0NRT,10.89,D,0.5,0.41,,,,,,firms,VIIRS,VIIRS_NOAA21_NRT
0.51292,117.23684,2025-11-02,508,N21,n,2.0NRT,10.13,D,0.52,0.5,,,,,,firms,VIIRS,VIIRS_NOAA21_NRT
0.51363,117.24148,2025-11-02,508,N21,n,2.0NRT,10.13,D,0.52,0.5,,,,,,firms,VIIRS,VIIRS_NOAA21_NRT
0.51388,117.23771,2025-11-02,508,N21,n,2.0NRT,20.22,D,0.52,0.5,,,,,,firms,VIIRS,VIIRS_NOAA21_NRT
0.51819,117.24081,2025-11-02,508,N21,n,2.0NRT,17.53,D,0.52,0.5,,,,,,firms,VIIRS,VIIRS_NOAA21_NRT
0.51919,117.24166,2025-11-02,508,N21,n,2.0NRT,20.22,D,0.52,0.5,,,,,,firms,VIIRS,VIIRS_NOAA21_NRT
0.70488,117.05007,2025-11-02,508,N21,n,2.0NRT,17.13,D,0.53,0.5,,,,,,firms,VIIRS,VIIRS_NOAA21_NRT
0.70565,117.05482,2025-11-02,508,N21,n,2.0NRT,17.13,D,0.53,0.5,,,,,,firms,VIIRS,VIIRS_NOAA21_NRT
0.70569,117.05373,2025-11-02,508,N21,n,2.0NRT,34.29,D,0.54,0.5,,,,,,firms,VIIRS,VIIRS_NOAA21_NRT
0.71246,117.12612,2025-11-02,508,N21,n,2.0NRT,16.21,D,0.53,0.5,,,,,,firms,VIIRS,VIIRS_NOAA21_NRT
0.71268,117.12986,2025-11-02,508,N21,n,2.0NRT,18.42,D,0.53,0.5,,,,,,firms,VIIRS,VIIRS_NOAA21_NRT
0.71321,117.13076,2025-11-02,508,N21,n,2.0NRT,16.21,D,0.53,0.5,,,,,,firms,VIIRS,VIIRS_NOAA21_NRT
0.71727,117.12922,2025-11-02,508,N21,n,2.0NRT,11.44,D,0.53,0.5,,,,,,firms,VIIRS,VIIRS_NOAA21_NRT
0.73303,117.13737,2025-11-02,508,N21,n,2.0NRT,3.12,D,0.53,0.5,,,,,,firms,VIIRS,VIIRS_NOAA21_NRT
0.76611,116.89776,2025-11-02,508,N21,n,2.0NRT,22.32,D,0.55,0.51,,,,,,firms,VIIRS,VIIRS_NOAA21_NRT
0.76688,116.9027,2025-11-02,508,N21,n,2.0NRT,16.9,D,0.55,0.51,,,,,,firms,VIIRS,VIIRS_NOAA21_NRT
0.83513,117.84007,2025-11-02,508,N21,n,2.0NRT,4.21,D,0.47,0.48,,,,,,firms,VIIRS,VIIRS_NOAA21_NRT
0.83653,117.83994,2025-11-02,508,N21,n,2.0NRT,3.04,D,0.47,0.48,,,,,,firms,VIIRS,VIIRS_NOAA21_NRT
0.84319,117.8815,2025-11-02,508,N21,n,2.0NRT,5.11,D,0.47,0.48,,,,,,firms,VIIRS,VIIRS_NOAA21_NRT
0.84583,117.88107,2025-11-02,508,N21,n,2.0NRT,5.22,D,0.47,0.48,,,,,,firms,VIIRS,VIIRS_NOAA21_NRT
0.85118,117.56303,2025-11-02,508,N21,n,2.0NRT,19.98,D,0.49,0.49,,,,,,firms,VIIRS,VIIRS_NOAA21_NRT
0.90349,118.20374,2025-11-02,508,N21,n,2.0NRT,9.11,D,0.44,0.46,,,,,,firms,VIIRS,VIIRS_NOAA21_NRT
0.95708,117.12659,2025-11-02,508,N21,n,2.0NRT,10.37,D,0.52,0.5,,,,,,firms,VIIRS,VIIRS_NOAA21_NRT
1.04172,117.09666,2025-11-02,508,N21,n,2.0NRT,7.94,D,0.52,0.5,,,,,,firms,VIIRS,VIIRS_NOAA21_NRT
1.04176,117.10005,2025-11-02,508,N21,n,2.0NRT,7.64,D,0.52,0.5,,,,,,firms,VIIRS,VIIRS_NOAA21_NRT
1.10026,127.69807,2025-11-02,508,N21,n,2.0NRT,5.56,D,0.5,0.41,,,,,,firms,VIIRS,VIIRS_NOAA21_NRT
1.49444,127.63409,2025-11-02,508,N21,n,2.0NRT,13.75,D,0.5,0.41,,,,,,firms,VIIRS,VIIRS_NOAA21_NRT
2.77927,125.40649,2025-11-02,508,N21,l,2.0NRT,10.98,D,0.41,0.37,,,,,,firms,VIIRS,VIIRS_NOAA21_NRT
2.11292,117.52204,2025-11-02,510,N21,n,2.0NRT,2.05,D,0.47,0.48,,,,,,firms,VIIRS,VIIRS_NOAA21_NRT
2.54272,113.05891,2025-11-02,510,N21,n,2.0NRT,14.51,D,0.48,0.64,,,,,,firms,VIIRS,VIIRS_NOAA21_NRT
2.54341,113.06316,2025-11-02,510,N21,n,2.0NRT,17.41,D,0.47,0.64,,,,,,firms,VIIRS,VIIRS_NOAA21_NRT
3.0386,113.20695,2025-11-02,510,N21,n,2.0NRT,21.51,D,0.46,0.63,,,,,,firms,VIIRS,VIIRS_NOAA21_NRT
3.03927,113.21095,2025-11-02,510,N21,h,2.0NRT,21.51,D,0.45,0.63,,,,,,firms,VIIRS,VIIRS_NOAA21_NRT
3.18109,113.61816,2025-11-02,510,N21,n,2.0NRT,5.85,D,0.42,0.61,,,,,,firms,VIIRS,VIIRS_NOAA21_NRT
3.18173,113.62192,2025-11-02,510,N21,n,2.0NRT,5.69,D,0.42,0.61,,,,,,firms,VIIRS,VIIRS_NOAA21_NRT
3.18263,113.61942,2025-11-02,510,N21,n,2.0NRT,11.35,D,0.42,0.61,,,,,,firms,VIIRS,VIIRS_NOAA21_NRT
3.30866,113.11102,2025-11-02,510,N21,n,2.0NRT,5.53,D,0.46,0.63,,,,,,firms,VIIRS,VIIRS_NOAA21_NRT
3.52173,113.31229,2025-11-02,510,N21,n,2.0NRT,6.39,D,0.44,0.62,,,,,,firms,VIIRS,VIIRS_NOAA21_NRT
3.54583,113.35222,2025-11-02,510,N21,n,2.0NRT,5.46,D,0.44,0.62,,,,,,firms,VIIRS,VIIRS_NOAA21_NRT
3.60347,112.40984,2025-11-02,510,N21,n,2.0NRT,6.02,D,0.51,0.66,,,,,,firms,VIIRS,VIIRS_NOAA21_NRT
3.66553,114.37188,2025-11-02,510,N21,n,2.0NRT,6.86,D,0.37,0.58,,,,,,firms,VIIRS,VIIRS_NOAA21_NRT
3.84512,113.79155,2025-11-02,510,N21,h,2.0NRT,24.2,D,0.4,0.6,,,,,,firms,VIIRS,VIIRS_NOAA21_NRT
3.84596,113.78939,2025-11-02,510,N21,n,2.0NRT,13.38,D,0.4,0.6,,,,,,firms,VIIRS,VIIRS_NOAA21_NRT
3.84658,113.79298,2025-11-02,510,N21,h,2.0NRT,13.38,D,0.4,0.6,,,,,,firms,VIIRS,VIIRS_NOAA21_NRT
4.00725,117.67149,2025-11-02,510,N21,n,2.0NRT,5.37,D,0.43,0.46,,,,,,firms,VIIRS,VIIRS_NOAA21_NRT
4.08948,116.86962,2025-11-02,510,N21,n,2.0NRT,4.75,D,0.49,0.48,,,,,,firms,VIIRS,VIIRS_NOAA21_NRT
4.18252,114.07546,2025-11-02,510,N21,n,2.0NRT,3.61,D,0.38,0.59,,,,,,firms,VIIRS,VIIRS_NOAA21_NRT
4.7428,113.72541,2025-11-02,510,N21,n,2.0NRT,3.53,D,0.39,0.59,,,,,,firms,VIIRS,VIIRS_NOAA21_NRT
4.94708,116.40215,2025-11-02,510,N21,n,2.0NRT,11.93,D,0.51,0.49,,,,,,firms,VIIRS,VIIRS_NOAA21_NRT
4.97801,112.97945,2025-11-02,510,N21,h,2.0NRT,23.65,D,0.44,0.62,,,,,,firms,VIIRS,VIIRS_NOAA21_NRT
5.27583,116.42136,2025-11-02,510,N21,n,2.0NRT,14.62,D,0.5,0.49,,,,,,firms,VIIRS,VIIRS_NOAA21_NRT
5.45046,116.5705,2025-11-02,510,N21,n,2.0NRT,7.12,D,0.49,0.48,,,,,,firms,VIIRS,VIIRS_NOAA21_NRT
5.79077,118.0276,2025-11-02,510,N21,n,2.0NRT,2.75,D,0.39,0.44,,,,,,firms,VIIRS,VIIRS_NOAA21_NRT
5.79476,118.02705,2025-11-02,510,N21,n,2.0NRT,4.54,D,0.39,0.44,,,,,,firms,VIIRS,VIIRS_NOAA21_NRT
-4.82425,103.48835,2025-11-02,648,N21,n,2.0NRT,4.93,D,0.49,0.4,,,,,,firms,VIIRS,VIIRS_NOAA21_NRT
-4.51737,104.16152,2025-11-02,648,N21,n,2.0NRT,4.36,D,0.53,0.42,,,,,,firms,VIIRS,VIIRS_NOAA21_NRT
-4.42665,105.24074,2025-11-02,648,N21,n,2.0NRT,9.02,D,0.42,0.45,,,,,,firms,VIIRS,VIIRS_NOAA21_NRT
-4.42534,105.23997,2025-11-02,648,N21,n,2.0NRT,12.56,D,0.42,0.45,,,,,,firms,VIIRS,VIIRS_NOAA21_NRT
-4.19502,102.66292,2025-11-02,648,N21,n,2.0NRT,3.97,D,0.45,0.39,,,,,,firms,VIIRS,VIIRS_NOAA21_NRT
-4.10263,103.79561,2025-11-02,648,N21,n,2.0NRT,5.61,D,0.52,0.41,,,,,,firms,VIIRS,VIIRS_NOAA21_NRT
-4.09996,102.64473,2025-11-02,648,N21,n,2.0NRT,15.54,D,0.45,0.39,,,,,,firms,VIIRS,VIIRS_NOAA21_NRT
-3.98162,103.77526,2025-11-02,648,N21,n,2.0NRT,4.54,D,0.52,0.41,,,,,,firms,VIIRS,VIIRS_NOAA21_NRT
-3.97511,104.08119,2025-11-02,648,N21,n,2.0NRT,4.2,D,0.54,0.42,,,,,,firms,VIIRS,VIIRS_NOAA21_NRT
-3.92537,102.8623,2025-11-02,648,N21,n,2.0NRT,6.15,D,0.46,0.39,,,,,,firms,VIIRS,VIIRS_NOAA21_NRT
-3.91567,104.06949,2025-11-02,648,N21,n,2.0NRT,27.62,D,0.54,0.42,,,,,,firms,VIIRS,VIIRS_NOAA21_NRT
-3.91258,104.06407,2025-11-02,648,N21,n,2.0NRT,27.62,D,0.54,0.42,,,,,,firms,VIIRS,VIIRS_NOAA21_NRT
-3.89687,102.87958,2025-11-02,648,N21,n,2.0NRT,4.77,D,0.46,0.39,,,,,,firms,VIIRS,VIIRS_NOAA21_NRT
-3.82797,102.41579,2025-11-02,648,N21,n,2.0NRT,2.31,D,0.44,0.39,,,,,,firms,VIIRS,VIIRS_NOAA21_NRT
-3.77438,102.45657,2025-11-02,648,N21,n,2.0NRT,3.71,D,0.45,0.39,,,,,,firms,VIIRS,VIIRS_NOAA21_NRT
-3.73498,102.36108,2025-11-02,648,N21,n,2.0NRT,10.68,D,0.44,0.38,,,,,,firms,VIIRS,VIIRS_NOAA21_NRT
-3.73436,102.36503,2025-11-02,648,N21,n,2.0NRT,12.7,D,0.44,0.38,,,,,,firms,VIIRS,VIIRS_NOAA21_NRT
-3.73033,104.37557,2025-11-02,648,N21,n,2.0NRT,20.55,D,0.56,0.43,,,,,,firms,VIIRS,VIIRS_NOAA21_NRT
-3.69927,102.47319,2025-11-02,648,N21,n,2.0NRT,3.74,D,0.45,0.39,,,,,,firms,VIIRS,VIIRS_NOAA21_NRT
-3.69865,102.47715,2025-11-02,648,N21,n,2.0NRT,3.74,D,0.45,0.39,,,,,,firms,VIIRS,VIIRS_NOAA21_NRT
-3.69574,102.4726,2025-11-02,648,N21,n,2.0NRT,6.3,D,0.45,0.39,,,,,,firms,VIIRS,VIIRS_NOAA21_NRT
-3.58199,103.92048,2025-11-02,648,N21,n,2.0NRT,7.64,D,0.53,0.42,,,,,,firms,VIIRS,VIIRS_NOAA21_NRT
-3.56973,102.98276,2025-11-02,648,N21,n,2.0NRT,6.76,D,0.47,0.4,,,,,,firms,VIIRS,VIIRS_NOAA21_NRT
-3.53771,102.16277,2025-11-02,648,N21,n,2.0NRT,23.75,D,0.44,0.38,,,,,,firms,VIIRS,VIIRS_NOAA21_NRT
-3.52255,102.07713,2025-11-02,648,N21,n,2.0NRT,4.46,D,0.43,0.38,,,,,,firms,VIIRS,VIIRS_NOAA21_NRT
-3.4846,103.19101,2025-11-02,648,N21,n,2.0NRT,22.32,D,0.49,0.4,,,,,,firms,VIIRS,VIIRS_NOAA21_NRT
-3.48391,103.19538,2025-11-02,648,N21,n,2.0NRT,22.32,D,0.49,0.4,,,,,,firms,VIIRS,VIIRS_NOAA21_NRT
-3.48253,102.09489,2025-11-02,648,N21,n,2.0NRT,3.43,D,0.43,0.38,,,,,,firms,VIIRS,VIIRS_NOAA21_NRT
-3.47976,103.15022,2025-11-02,648,N21,n,2.0NRT,5.87,D,0.48,0.4,,,,,,firms,VIIRS,VIIRS_NOAA21_NRT
-3.47563,103.10529,2025-11-02,648,N21,n,2.0NRT,7.4,D,0.48,0.4,,,,,,firms,VIIRS,VIIRS_NOAA21_NRT
-3.47494,103.10957,2025-11-02,648,N21,n,2.0NRT,10.34,D,0.48,0.4,,,,,,firms,VIIRS,VIIRS_NOAA21_NRT
-3.37281,102.94733,2025-11-02,648,N21,n,2.0NRT,6.49,D,0.47,0.4,,,,,,firms,VIIRS,VIIRS_NOAA21_NRT
-3.35951,103.15089,2025-11-02,648,N21,n,2.0NRT,17.52,D,0.49,0.4,,,,,,firms,VIIRS,VIIRS_NOAA21_NRT
-3.28157,102.43221,2025-11-02,648,N21,n,2.0NRT,6.03,D,0.45,0.39,,,,,,firms,VIIRS,VIIRS_NOAA21_NRT
-3.26546,101.77197,2025-11-02,648,N21,n,2.0NRT,6.99,D,0.42,0.38,,,,,,firms,VIIRS,VIIRS_NOAA21_NRT
-3.26201,101.77144,2025-11-02,648,N21,n,2.0NRT,13.7,D,0.42,0.38,,,,,,firms,VIIRS,VIIRS_NOAA21_NRT
-3.25379,102.424,2025-11-02,648,N21,n,2.0NRT,5.08,D,0.45,0.39,,,,,,firms,VIIRS,VIIRS_NOAA21_NRT
-3.24777,102.39453,2025-11-02,648,N21,n,2.0NRT,3.79,D,0.45,0.39,,,,,,firms,VIIRS,VIIRS_NOAA21_NRT
-3.2471,102.39748,2025-11-02,648,N21,n,2.0NRT,4.38,D,0.45,0.39,,,,,,firms,VIIRS,VIIRS_NOAA21_NRT
-3.24137,102.80626,2025-11-02,648,N21,n,2.0NRT,7.77,D,0.47,0.4,,,,,,firms,VIIRS,VIIRS_NOAA21_NRT
-3.2101,102.35677,2025-11-02,648,N21,n,2.0NRT,2.67,D,0.45,0.39,,,,,,firms,VIIRS,VIIRS_NOAA21_NRT
-3.20829,102.09161,2025-11-02,648,N21,n,2.0NRT,7.07,D,0.44,0.38,,,,,,firms,VIIRS,VIIRS_NOAA21_NRT
-3.20526,102.75336,2025-11-02,648,N21,n,2.0NRT,5.49,D,0.47,0.39,,,,,,firms,VIIRS,VIIRS_NOAA21_NRT
-3.19781,102.36581,2025-11-02,648,N21,n,2.0NRT,9.75,D,0.45,0.39,,,,,,firms,VIIRS,VIIRS_NOAA21_NRT
-3.15749,102.06411,2025-11-02,648,N21,n,2.0NRT,142.14,D,0.43,0.38,,,,,,firms,VIIRS,VIIRS_NOAA21_NRT
-3.15684,103.37032,2025-11-02,648,N21,n,2.0NRT,6.26,D,0.5,0.41,,,,,,firms,VIIRS,VIIRS_NOAA21_NRT
-3.15169,102.05534,2025-11-02,648,N21,n,2.0NRT,3.16,D,0.43,0.38,,,,,,firms,VIIRS,VIIRS_NOAA21_NRT
-3.14028,102.41,2025-11-02,648,N21,n,2.0NRT,8.57,D,0.45,0.39,,,,,,firms,VIIRS,VIIRS_NOAA21_NRT
-3.1401,102.40965,2025-11-02,648,N21,n,2.0NRT,6.34,D,0.45,0.39,,,,,,firms,VIIRS,VIIRS_NOAA21_NRT
-3.13811,101.95885,2025-11-02,648,N21,n,2.0NRT,6.03,D,0.43,0.38,,,,,,firms,VIIRS,VIIRS_NOAA21_NRT
-3.12564,103.20618,2025-11-02,648,N21,n,2.0NRT,24.0,D,0.49,0.4,,,,,,firms,VIIRS,VIIRS_NOAA21_NRT
-3.12309,103.20774,2025-11-02,648,N21,n,2.0NRT,29.04,D,0.49,0.4,,,,,,firms,VIIRS,VIIRS_NOAA21_NRT
-3.12134,103.74625,2025-11-02,648,N21,n,2.0NRT,5.31,D,0.53,0.42,,,,,,firms,VIIRS,VIIRS_NOAA21_NRT
-3.11546,102.05809,2025-11-02,648,N21,n,2.0NRT,3.38,D,0.43,0.38,,,,,,firms,VIIRS,VIIRS_NOAA21_NRT
-3.11466,101.99467,2025-11-02,648,N21,n,2.0NRT,17.21,D,0.43,0.38,,,,,,firms,VIIRS,VIIRS_NOAA21_NRT
-3.08878,104.03204,2025-11-02,648,N21,n,2.0NRT,7.98,D,0.55,0.43,,,,,,firms,VIIRS,VIIRS_NOAA21_NRT
-3.05333,101.85096,2025-11-02,648,N21,n,2.0NRT,10.78,D,0.43,0.38,,,,,,firms,VIIRS,VIIRS_NOAA21_NRT
-3.05046,101.84657,2025-11-02,648,N21,n,2.0NRT,10.78,D,0.43,0.38,,,,,,firms,VIIRS,VIIRS_NOAA21_NRT
-3.02747,103.65228,2025-11-02,648,N21,n,2.0NRT,6.44,D,0.52,0.42,,,,,,firms,VIIRS,VIIRS_NOAA21_NRT
-2.96747,102.68563,2025-11-02,648,N21,n,2.0NRT,9.38,D,0.47,0.39,,,,,,firms,VIIRS,VIIRS_NOAA21_NRT
-2.9599,103.70908,2025-11-02,648,N21,n,2.0NRT,2.7,D,0.53,0.42,,,,,,firms,VIIRS,VIIRS_NOAA21_NRT
-2.95928,101.7785,2025-11-02,648,N21,n,2.0NRT,1.87,D,0.43,0.38,,,,,,firms,VIIRS,VIIRS_NOAA21_NRT
-2.94255,101.77213,2025-11-02,648,N21,n,2.0NRT,6.4,D,0.43,0.38,,,,,,firms,VIIRS,VIIRS_NOAA21_NRT
-2.91903,101.74136,2025-11-02,648,N21,n,2.0NRT,3.39,D,0.42,0.38,,,,,,firms,VIIRS,VIIRS_NOAA21_NRT
-2.91662,101.71784,2025-11-02,648,N21,n,2.0NRT,8.15,D,0.42,0.38,,,,,,firms,VIIRS,VIIRS_NOAA21_NRT
-2.87944,101.56983,2025-11-02,648,N21,n,2.0NRT,7.45,D,0.42,0.38,,,,,,firms,VIIRS,VIIRS_NOAA21_NRT
-2.86849,101.59496,2025-11-02,648,N21,n,2.0NRT,61.85,D,0.42,0.38,,,,,,firms,VIIRS,VIIRS_NOAA21_NRT
-2.86791,101.59872,2025-11-02,648,N21,n,2.0NRT,61.85,D,0.42,0.38,,,,,,firms,VIIRS,VIIRS_NOAA21_NRT
-2.8679,102.89468,2025-11-02,648,N21,n,2.0NRT,4.86,D,0.48,0.4,,,,,,firms,VIIRS,VIIRS_NOAA21_NRT
-2.86045,101.60136,2025-11-02,648,N21,n,2.0NRT,4.08,D,0.42,0.38,,,,,,firms,VIIRS,VIIRS_NOAA21_NRT
-2.85767,101.57397,2025-11-02,648,N21,n,2.0NRT,7.86,D,0.42,0.38,,,,,,firms,VIIRS,VIIRS_NOAA21_NRT
-2.84283,101.55634,2025-11-02,648,N21,n,2.0NRT,6.86,D,0.42,0.38,,,,,,firms,VIIRS,VIIRS_NOAA21_NRT
-2.83963,101.53279,2025-11-02,648,N21,n,2.0NRT,7.27,D,0.42,0.38,,,,,,firms,VIIRS,VIIRS_NOAA21_NRT
-2.83946,101.53296,2025-11-02,648,N21,n,2.0NRT,8.69,D,0.42,0.37,,,,,,firms,VIIRS,VIIRS_NOAA21_NRT
-2.83003,102.7513,2025-11-02,648,N21,n,2.0NRT,16.5,D,0.47,0.4,,,,,,firms,VIIRS,VIIRS_NOAA21_NRT
-2.82077,101.51823,2025-11-02,648,N21,n,2.0NRT,7.31,D,0.42,0.37,,,,,,firms,VIIRS,VIIRS_NOAA21_NRT
-2.81101,101.5589,2025-11-02,648,N21,n,2.0NRT,5.47,D,0.42,0.38,,,,,,firms,VIIRS,VIIRS_NOAA21_NRT
-2.80061,103.76562,2025-11-02,648,N21,n,2.0NRT,5.13,D,0.53,0.42,,,,,,firms,VIIRS,VIIRS_NOAA21_NRT
-2.78523,103.7632,2025-11-02,648,N21,n,2.0NRT,10.93,D,0.53,0.42,,,,,,firms,VIIRS,VIIRS_NOAA21_NRT
-2.78184,101.54274,2025-11-02,648,N21,n,2.0NRT,37.22,D,0.42,0.38,,,,,,firms,VIIRS,VIIRS_NOAA21_NRT
-2.77805,103.70851,2025-11-02,648,N21,n,2.0NRT,4.1,D,0.53,0.42,,,,,,firms,VIIRS,VIIRS_NOAA21_NRT
-2.7157,101.51749,2025-11-02,648,N21,n,2.0NRT,11.92,D,0.42,0.38,,,,,,firms,VIIRS,VIIRS_NOAA21_NRT
-2.71425,103.47128,2025-11-02,648,N21,n,2.0NRT,5.45,D,0.52,0.41,,,,,,firms,VIIRS,VIIRS_NOAA21_NRT
-2.68576,103.62872,2025-11-02,648,N21,n,2.0NRT,4.41,D,0.53,0.42,,,,,,firms,VIIRS,VIIRS_NOAA21_NRT
-2.67527,102.8321,2025-11-02,648,N21,n,2.0NRT,108.09,D,0.48,0.4,,,,,,firms,VIIRS,VIIRS_NOAA21_NRT
-2.66931,102.82246,2025-11-02,648,N21,n,2.0NRT,6.79,D,0.48,0.4,,,,,,firms,VIIRS,VIIRS_NOAA21_NRT
-2.6578,102.77715,2025-11-02,648,N21,n,2.0NRT,7.68,D,0.47,0.4,,,,,,firms,VIIRS,VIIRS_NOAA21_NRT
-2.65417,102.77657,2025-11-02,648,N21,n,2.0NRT,11.76,D,0.47,0.4,,,,,,firms,VIIRS,VIIRS_NOAA21_NRT
-2.64885,101.45013,2025-11-02,648,N21,n,2.0NRT,13.1,D,0.42,0.37,,,,,,firms,VIIRS,VIIRS_NOAA21_NRT
-2.6361,103.62103,2025-11-02,648,N21,n,2.0NRT,3.55,D,0.53,0.42,,,,,,firms,VIIRS,VIIRS_NOAA21_NRT
-2.61397,102.71922,2025-11-02,648,N21,n,2.0NRT,10.62,D,0.47,0.4,,,,,,firms,VIIRS,VIIRS_NOAA21_NRT
-2.59712,103.99035,2025-11-02,648,N21,n,2.0NRT,4.98,D,0.55,0.43,,,,,,firms,VIIRS,VIIRS_NOAA21_NRT
-2.58953,102.68528,2025-11-02,648,N21,n,2.0NRT,3.61,D,0.47,0.4,,,,,,firms,VIIRS,VIIRS_NOAA21_NRT
-2.55557,103.54292,2025-11-02,648,N21,n,2.0NRT,6.27,D,0.52,0.42,,,,,,firms,VIIRS,VIIRS_NOAA21_NRT
-2.54503,101.73589,2025-11-02,648,N21,n,2.0NRT,2.81,D,0.43,0.38,,,,,,firms,VIIRS,VIIRS_NOAA21_NRT
-2.5005,102.79865,2025-11-02,648,N21,l,2.0NRT,8.35,D,0.48,0.4,,,,,,firms,VIIRS,VIIRS_NOAA21_NRT
-2.49994,103.06273,2025-11-02,648,N21,n,2.0NRT,17.27,D,0.49,0.4,,,,,,firms,VIIRS,VIIRS_NOAA21_NRT
-2.498,103.05993,2025-11-02,648,N21,n,2.0NRT,7.94,D,0.49,0.4,,,,,,firms,VIIRS,VIIRS_NOAA21_NRT
-2.49733,103.06431,2025-11-02,648,N21,n,2.0NRT,7.94,D,0.49,0.4,,,,,,firms,VIIRS,VIIRS_NOAA21_NRT
-2.55994,101.23254,2025-11-02,650,N21,n,2.0NRT,2.64,D,0.41,0.37,,,,,,firms,VIIRS,VIIRS_NOAA21_NRT
-2.55938,101.23223,2025-11-02,650,N21,n,2.0NRT,1.9,D,0.41,0.37,,,,,,firms,VIIRS,VIIRS_NOAA21_NRT
-2.52842,101.41231,2025-11-02,650,N21,n,2.0NRT,3.0,D,0.42,0.37,,,,,,firms,VIIRS,VIIRS_NOAA21_NRT
-2.47477,101.39622,2025-11-02,650,N21,n,2.0NRT,4.43,D,0.42,0.37,,,,,,firms,VIIRS,VIIRS_NOAA21_NRT
-2.46903,101.41069,2025-11-02,650,N21,n,2.0NRT,11.08,D,0.42,0.37,,,,,,firms,VIIRS,VIIRS_NOAA21_NRT
-2.37224,102.24553,2025-11-02,650,N21,n,2.0NRT,15.51,D,0.45,0.39,,,,,,firms,VIIRS,VIIRS_NOAA21_NRT
-2.36041,102.1576,2025-11-02,650,N21,n,2.0NRT,48.92,D,0.45,0.39,,,,,,firms,VIIRS,VIIRS_NOAA21_NRT
-2.3483,102.57714,2025-11-02,650,N21,n,2.0NRT,25.13,D,0.47,0.39,,,,,,firms,VIIRS,VIIRS_NOAA21_NRT
-2.31754,102.62471,2025-11-02,650,N21,n,2.0NRT,6.32,D,0.47,0.4,,,,,,firms,VIIRS,VIIRS_NOAA21_NRT
-2.31407,101.23174,2025-11-02,650,N21,n,2.0NRT,11.38,D,0.41,0.37,,,,,,firms,VIIRS,VIIRS_NOAA21_NRT
-2.26348,101.04089,2025-11-02,650,N21,n,2.0NRT,3.63,D,0.41,0.37,,,,,,firms,VIIRS,VIIRS_NOAA21_NRT
-2.26235,101.04029,2025-11-02,650,N21,n,2.0NRT,16.79,D,0.41,0.37,,,,,,firms,VIIRS,VIIRS_NOAA21_NRT
-2.2613,100.88831,2025-11-02,650,N21,n,2.0NRT,12.13,D,0.4,0.37,,,,,,firms,VIIRS,VIIRS_NOAA21_NRT
-2.24878,101.0382,2025-11-02,650,N21,n,2.0NRT,2.22,D,0.41,0.37,,,,,,firms,VIIRS,VIIRS_NOAA21_NRT
-2.24866,100.9936,2025-11-02,650,N21,n,2.0NRT,3.31,D,0.41,0.37,,,,,,firms,VIIRS,VIIRS_NOAA21_NRT
-2.24472,100.9967,2025-11-02,650,N21,n,2.0NRT,3.31,D,0.41,0.37,,,,,,firms,VIIRS,VIIRS_NOAA21_NRT
-2.24417,101.18725,2025-11-02,650,N21,n,2.0NRT,7.44,D,0.41,0.37,,,,,,firms,VIIRS,VIIRS_NOAA21_NRT
-2.24133,100.99619,2025-11-02,650,N21,n,2.0NRT,4.09,D,0.41,0.37,,,,,,firms,VIIRS,VIIRS_NOAA21_NRT
-2.23794,100.99567,2025-11-02,650,N21,n,2.0NRT,4.09,D,0.41,0.37,,,,,,firms,VIIRS,VIIRS_NOAA21_NRT
-2.23739,100.9993,2025-11-02,650,N21,n,2.0NRT,2.75,D,0.41,0.37,,,,,,firms,VIIRS,VIIRS_NOAA21_NRT
-2.23673,101.6665,2025-11-02,650,N21,n,2.0NRT,1.97,D,0.43,0.38,,,,,,firms,VIIRS,VIIRS_NOAA21_NRT
-2.2313,102.03278,2025-11-02,650,N21,n,2.0NRT,7.42,D,0.44,0.39,,,,,,firms,VIIRS,VIIRS_NOAA21_NRT
-2.22749,100.86102,2025-11-02,650,N21,n,2.0NRT,5.76,D,0.4,0.37,,,,,,firms,VIIRS,VIIRS_NOAA21_NRT
-2.22699,101.15807,2025-11-02,650,N21,n,2.0NRT,4.93,D,0.41,0.37,,,,,,firms,VIIRS,VIIRS_NOAA21_NRT
-2.22693,100.86462,2025-11-02,650,N21,n,2.0NRT,8.73,D,0.4,0.37,,,,,,firms,VIIRS,VIIRS_NOAA21_NRT
-2.22411,100.8605,2025-11-02,650,N21,n,2.0NRT,5.76,D,0.4,0.37,,,,,,firms,VIIRS,VIIRS_NOAA21_NRT
-2.22156,100.98944,2025-11-02,650,N21,n,2.0NRT,12.52,D,0.41,0.37,,,,,,firms,VIIRS,VIIRS_NOAA21_NRT
-2.22125,101.12732,2025-11-02,650,N21,n,2.0NRT,3.92,D,0.41,0.37,,,,,,firms,VIIRS,VIIRS_NOAA21_NRT
-2.21817,100.98892,2025-11-02,650,N21,n,2.0NRT,12.52,D,0.41,0.37,,,,,,firms,VIIRS,VIIRS_NOAA21_NRT
-2.21766,101.01485,2025-11-02,650,N21,n,2.0NRT,3.45,D,0.41,0.37,,,,,,firms,VIIRS,VIIRS_NOAA21_NRT
-2.21586,101.68671,2025-11-02,650,N21,n,2.0NRT,4.11,D,0.43,0.38,,,,,,firms,VIIRS,VIIRS_NOAA21_NRT
-2.21427,101.01433,2025-11-02,650,N21,n,2.0NRT,3.45,D,0.41,0.37,,,,,,firms,VIIRS,VIIRS_NOAA21_NRT
-2.21203,101.02885,2025-11-02,650,N21,n,2.0NRT,4.73,D,0.41,0.37,,,,,,firms,VIIRS,VIIRS_NOAA21_NRT
-2.20239,101.00136,2025-11-02,650,N21,n,2.0NRT,3.41,D,0.41,0.37,,,,,,firms,VIIRS,VIIRS_NOAA21_NRT
-2.20183,101.00499,2025-11-02,650,N21,n,2.0NRT,3.41,D,0.41,0.37,,,,,,firms,VIIRS,VIIRS_NOAA21_NRT
-2.19788,101.00809,2025-11-02,650,N21,n,2.0NRT,6.32,D,0.41,0.37,,,,,,firms,VIIRS,VIIRS_NOAA21_NRT
-2.19732,101.01172,2025-11-02,650,N21,n,2.0NRT,6.32,D,0.41,0.37,,,,,,firms,VIIRS,VIIRS_NOAA21_NRT
-2.19597,100.84148,2025-11-02,650,N21,n,2.0NRT,4.76,D,0.4,0.37,,,,,,firms,VIIRS,VIIRS_NOAA21_NRT
-2.19449,101.00758,2025-11-02,650,N21,n,2.0NRT,6.32,D,0.41,0.37,,,,,,firms,VIIRS,VIIRS_NOAA21_NRT
-2.19054,101.01068,2025-11-02,650,N21,n,2.0NRT,2.51,D,0.41,0.37,,,,,,firms,VIIRS,VIIRS_NOAA21_NRT
-2.18242,100.82863,2025-11-02,650,N21,n,2.0NRT,6.11,D,0.4,0.37,,,,,,firms,VIIRS,VIIRS_NOAA21_NRT
-2.18093,101.0055,2025-11-02,650,N21,n,2.0NRT,7.2,D,0.41,0.37,,,,,,firms,VIIRS,VIIRS_NOAA21_NRT
-2.18037,101.00912,2025-11-02,650,N21,n,2.0NRT,7.2,D,0.41,0.37,,,,,,firms,VIIRS,VIIRS_NOAA21_NRT
-2.1785,100.8317,2025-11-02,650,N21,n,2.0NRT,5.21,D,0.4,0.37,,,,,,firms,VIIRS,VIIRS_NOAA21_NRT
-2.17754,101.00498,2025-11-02,650,N21,n,2.0NRT,26.12,D,0.41,0.37,,,,,,firms,VIIRS,VIIRS_NOAA21_NRT
-2.17497,102.23341,2025-11-02,650,N21,n,2.0NRT,5.1,D,0.45,0.39,,,,,,firms,VIIRS,VIIRS_NOAA21_NRT
-2.16906,100.99255,2025-11-02,650,N21,n,2.0NRT,7.44,D,0.41,0.37,,,,,,firms,VIIRS,VIIRS_NOAA21_NRT
-2.16567,100.99203,2025-11-02,650,N21,n,2.0NRT,10.2,D,0.41,0.37,,,,,,firms,VIIRS,VIIRS_NOAA21_NRT
-2.15317,100.99788,2025-11-02,650,N21,h,2.0NRT,20.55,D,0.41,0.37,,,,,,firms,VIIRS,VIIRS_NOAA21_NRT
-2.15262,101.0015,2025-11-02,650,N21,n,2.0NRT,3.8,D,0.41,0.37,,,,,,firms,VIIRS,VIIRS_NOAA21_NRT
-2.1479,102.19633,2025-11-02,650,N21,n,2.0NRT,10.93,D,0.45,0.39,,,,,,firms,VIIRS,VIIRS_NOAA21_NRT
-2.14522,100.98181,2025-11-02,650,N21,n,2.0NRT,6.06,D,0.41,0.37,,,,,,firms,VIIRS,VIIRS_NOAA21_NRT
-2.14312,101.04103,2025-11-02,650,N21,n,2.0NRT,5.19,D,0.41,0.37,,,,,,firms,VIIRS,VIIRS_NOAA21_NRT
-2.13684,101.01398,2025-11-02,650,N21,n,2.0NRT,8.01,D,0.41,0.37,,,,,,firms,VIIRS,VIIRS_NOAA21_NRT
-2.13183,101.04674,2025-11-02,650,N21,n,2.0NRT,6.13,D,0.41,0.37,,,,,,firms,VIIRS,VIIRS_NOAA21_NRT
-2.13116,101.00566,2025-11-02,650,N21,n,2.0NRT,4.67,D,0.41,0.37,,,,,,firms,VIIRS,VIIRS_NOAA21_NRT
-2.11946,103.0322,2025-11-02,650,N21,n,2.0NRT,4.5,D,0.5,0.41,,,,,,firms,VIIRS,VIIRS_NOAA21_NRT
-2.10643,101.07632,2025-11-02,650,N21,n,2.0NRT,4.24,D,0.41,0.37,,,,,,firms,VIIRS,VIIRS_NOAA21_NRT
-2.08075,100.88307,2025-11-02,650,N21,n,2.0NRT,3.51,D,0.4,0.37,,,,,,firms,VIIRS,VIIRS_NOAA21_NRT
-2.07738,100.88255,2025-11-02,650,N21,n,2.0NRT,3.51,D,0.4,0.37,,,,,,firms,VIIRS,VIIRS_NOAA21_NRT
-2.07682,100.88617,2025-11-02,650,N21,n,2.0NRT,2.37,D,0.4,0.37,,,,,,firms,VIIRS,VIIRS_NOAA21_NRT
-2.04266,102.19698,2025-11-02,650,N21,n,2.0NRT,3.45,D,0.45,0.39,,,,,,firms,VIIRS,VIIRS_NOAA21_NRT
-2.02236,102.21039,2025-11-02,650,N21,n,2.0NRT,4.18,D,0.45,0.39,,,,,,firms,VIIRS,VIIRS_NOAA21_NRT
-1.70998,100.84677,2025-11-02,650,N21,n,2.0NRT,5.08,D,0.41,0.37,,,,,,firms,VIIRS,VIIRS_NOAA21_NRT
-1.28156,101.35214,2025-11-02,650,N21,n,2.0NRT,7.23,D,0.42,0.38,,,,,,firms,VIIRS,VIIRS_NOAA21_NRT
-1.01867,100.91829,2025-11-02,650,N21,n,2.0NRT,3.11,D,0.41,0.37,,,,,,firms,VIIRS,VIIRS_NOAA21_NRT
-0.93297,101.6143,2025-11-02,650,N21,n,2.0NRT,3.49,D,0.44,0.38,,,,,,firms,VIIRS,VIIRS_NOAA21_NRT
-0.92338,101.26685,2025-11-02,650,N21,n,2.0NRT,6.81,D,0.42,0.38,,,,,,firms,VIIRS,VIIRS_NOAA21_NRT
-0.92258,101.26699,2025-11-02,650,N21,n,2.0NRT,6.87,D,0.42,0.38,,,,,,firms,VIIRS,VIIRS_NOAA21_NRT
-0.88544,101.21451,2025-11-02,650,N21,n,2.0NRT,4.78,D,0.42,0.38,,,,,,firms,VIIRS,VIIRS_NOAA21_NRT
-0.86585,101.60001,2025-11-02,650,N21,n,2.0NRT,4.14,D,0.44,0.38,,,,,,firms,VIIRS,VIIRS_NOAA21_NRT
-0.86235,101.59943,2025-11-02,650,N21,n,2.0NRT,4.14,D,0.44,0.38,,,,,,firms,VIIRS,VIIRS_NOAA21_NRT
-0.84542,101.59282,2025-11-02,650,N21,n,2.0NRT,46.16,D,0.44,0.38,,,,,,firms,VIIRS,VIIRS_NOAA21_NRT
-0.8432,101.32828,2025-11-02,650,N21,n,2.0NRT,2.43,D,0.43,0.38,,,,,,firms,VIIRS,VIIRS_NOAA21_NRT
-0.84192,101.5923,2025-11-02,650,N21,n,2.0NRT,46.16,D,0.44,0.38,,,,,,firms,VIIRS,VIIRS_NOAA21_NRT
-0.79814,101.00626,2025-11-02,650,N21,n,2.0NRT,10.0,D,0.42,0.37,,,,,,firms,VIIRS,VIIRS_NOAA21_NRT
-0.79758,101.00993,2025-11-02,650,N21,n,2.0NRT,24.05,D,0.42,0.37,,,,,,firms,VIIRS,VIIRS_NOAA21_NRT
-0.79361,100.9446,2025-11-02,650,N21,n,2.0NRT,3.11,D,0.41,0.37,,,,,,firms,VIIRS,VIIRS_NOAA21_NRT
-0.71693,100.22833,2025-11-02,650,N21,l,2.0NRT,2.89,D,0.4,0.37,,,,,,firms,VIIRS,VIIRS_NOAA21_NRT
-0.69753,101.04446,2025-11-02,650,N21,n,2.0NRT,2.21,D,0.42,0.37,,,,,,firms,VIIRS,VIIRS_NOAA21_NRT
-0.54192,100.43603,2025-11-02,650,N21,n,2.0NRT,6.09,D,0.4,0.37,,,,,,firms,VIIRS,VIIRS_NOAA21_NRT
-0.45854,100.02905,2025-11-02,650,N21,n,2.0NRT,20.46,D,0.39,0.36,,,,,,firms,VIIRS,VIIRS_NOAA21_NRT
-0.4221,100.62137,2025-11-02,650,N21,n,2.0NRT,3.11,D,0.41,0.37,,,,,,firms,VIIRS,VIIRS_NOAA21_NRT
-0.27289,100.01826,2025-11-02,650,N21,n,2.0NRT,2.87,D,0.39,0.36,,,,,,firms,VIIRS,VIIRS_NOAA21_NRT
-0.22813,100.06882,2025-11-02,650,N21,n,2.0NRT,2.98,D,0.4,0.37,,,,,,firms,VIIRS,VIIRS_NOAA21_NRT
-0.21653,101.20709,2025-11-02,650,N21,n,2.0NRT,4.11,D,0.43,0.38,,,,,,firms,VIIRS,VIIRS_NOAA21_NRT
-0.21159,99.81909,2025-11-02,650,N21,l,2.0NRT,2.37,D,0.39,0.36,,,,,,firms,VIIRS,VIIRS_NOAA21_NRT
-0.16484,100.32712,2025-11-02,650,N21,n,2.0NRT,4.1,D,0.4,0.37,,,,,,firms,VIIRS,VIIRS_NOAA21_NRT
-0.15899,99.85342,2025-11-02,650,N21,n,2.0NRT,9.27,D,0.39,0.36,,,,,,firms,VIIRS,VIIRS_NOAA21_NRT
-0.15566,99.85292,2025-11-02,650,N21,n,2.0NRT,9.27,D,0.39,0.36,,,,,,firms,VIIRS,VIIRS_NOAA21_NRT
-0.12136,100.11776,2025-11-02,650,N21,n,2.0NRT,5.47,D,0.4,0.37,,,,,,firms,VIIRS,VIIRS_NOAA21_NRT
0.08806,99.62267,2025-11-02,650,N21,n,2.0NRT,3.07,D,0.39,0.36,,,,,,firms,VIIRS,VIIRS_NOAA21_NRT
0.17371,99.87284,2025-11-02,650,N21,n,2.0NRT,44.71,D,0.39,0.36,,,,,,firms,VIIRS,VIIRS_NOAA21_NRT
0.18267,99.86454,2025-11-02,650,N21,n,2.0NRT,6.23,D,0.39,0.36,,,,,,firms,VIIRS,VIIRS_NOAA21_NRT
0.19222,100.03531,2025-11-02,650,N21,n,2.0NRT,3.17,D,0.4,0.37,,,,,,firms,VIIRS,VIIRS_NOAA21_NRT
0.2284,111.94469,2025-11-02,650,N21,n,2.0NRT,10.12,D,0.71,0.75,,,,,,firms,VIIRS,VIIRS_NOAA21_NRT
0.22845,111.94283,2025-11-02,650,N21,n,2.0NRT,7.99,D,0.71,0.75,,,,,,firms,VIIRS,VIIRS_NOAA21_NRT
0.24762,99.17657,2025-11-02,650,N21,n,2.0NRT,8.24,D,0.39,0.36,,,,,,firms,VIIRS,VIIRS_NOAA21_NRT
0.25197,99.33794,2025-11-02,650,N21,n,2.0NRT,6.79,D,0.39,0.36,,,,,,firms,VIIRS,VIIRS_NOAA21_NRT
0.28651,99.2056,2025-11-02,650,N21,n,2.0NRT,16.35,D,0.39,0.36,,,,,,firms,VIIRS,VIIRS_NOAA21_NRT
0.41167,99.42664,2025-11-02,650,N21,n,2.0NRT,5.56,D,0.39,0.36,,,,,,firms,VIIRS,VIIRS_NOAA21_NRT
0.47344,99.51909,2025-11-02,650,N21,n,2.0NRT,2.59,D,0.39,0.36,,,,,,firms,VIIRS,VIIRS_NOAA21_NRT
0.47812,100.42477,2025-11-02,650,N21,n,2.0NRT,4.05,D,0.41,0.37,,,,,,firms,VIIRS,VIIRS_NOAA21_NRT
0.55979,109.35963,2025-11-02,650,N21,n,2.0NRT,5.97,D,0.48,0.65,,,,,,firms,VIIRS,VIIRS_NOAA21_NRT
0.58878,100.5125,2025-11-02,650,N21,n,2.0NRT,4.79,D,0.41,0.37,,,,,,firms,VIIRS,VIIRS_NOAA21_NRT
0.70193,100.37515,2025-11-02,650,N21,n,2.0NRT,6.87,D,0.41,0.37,,,,,,firms,VIIRS,VIIRS_NOAA21_NRT
0.87306,110.90698,2025-11-02,650,N21,n,2.0NRT,10.48,D,0.62,0.71,,,,,,firms,VIIRS,VIIRS_NOAA21_NRT
0.98714,99.2089,2025-11-02,650,N21,n,2.0NRT,25.0,D,0.39,0.36,,,,,,firms,VIIRS,VIIRS_NOAA21_NRT
1.02911,100.49793,2025-11-02,650,N21,n,2.0NRT,2.78,D,0.41,0.37,,,,,,firms,VIIRS,VIIRS_NOAA21_NRT
1.04259,99.84288,2025-11-02,650,N21,l,2.0NRT,1.83,D,0.4,0.37,,,,,,firms,VIIRS,VIIRS_NOAA21_NRT
1.10018,101.0301,2025-11-02,650,N21,n,2.0NRT,5.06,D,0.43,0.38,,,,,,firms,VIIRS,VIIRS_NOAA21_NRT
1.12067,99.83826,2025-11-02,650,N21,n,2.0NRT,6.6,D,0.4,0.37,,,,,,firms,VIIRS,VIIRS_NOAA21_NRT
1.13914,99.67239,2025-11-02,650,N21,n,2.0NRT,3.7,D,0.39,0.36,,,,,,firms,VIIRS,VIIRS_NOAA21_NRT
1.17295,98.97838,2025-11-02,650,N21,n,2.0NRT,6.06,D,0.39,0.36,,,,,,firms,VIIRS,VIIRS_NOAA21_NRT
1.31133,99.59561,2025-11-02,650,N21,n,2.0NRT,10.08,D,0.39,0.36,,,,,,firms,VIIRS,VIIRS_NOAA21_NRT
1.36055,99.56321,2025-11-02,650,N21,n,2.0NRT,2.09,D,0.39,0.36,,,,,,firms,VIIRS,VIIRS_NOAA21_NRT
1.37755,99.87858,2025-11-02,650,N21,n,2.0NRT,6.17,D,0.4,0.37,,,,,,firms,VIIRS,VIIRS_NOAA21_NRT
1.38204,98.96696,2025-11-02,650,N21,n,2.0NRT,10.25,D,0.39,0.36,,,,,,firms,VIIRS,VIIRS_NOAA21_NRT
1.38523,99.05448,2025-11-02,650,N21,n,2.0NRT,3.6,D,0.39,0.36,,,,,,firms,VIIRS,VIIRS_NOAA21_NRT
1.40915,100.98822,2025-11-02,650,N21,n,2.0NRT,3.19,D,0.43,0.38,,,,,,firms,VIIRS,VIIRS_NOAA21_NRT
1.41452,99.64864,2025-11-02,650,N21,n,2.0NRT,3.67,D,0.39,0.36,,,,,,firms,VIIRS,VIIRS_NOAA21_NRT
1.47658,99.49842,2025-11-02,650,N21,n,2.0NRT,20.81,D,0.39,0.36,,,,,,firms,VIIRS,VIIRS_NOAA21_NRT
1.95456,98.52887,2025-11-02,650,N21,n,2.0NRT,9.84,D,0.38,0.36,,,,,,firms,VIIRS,VIIRS_NOAA21_NRT
1.97696,99.30194,2025-11-02,650,N21,n,2.0NRT,6.95,D,0.39,0.36,,,,,,firms,VIIRS,VIIRS_NOAA21_NRT
2.00898,98.95241,2025-11-02,650,N21,n,2.0NRT,11.97,D,0.39,0.36,,,,,,firms,VIIRS,VIIRS_NOAA21_NRT
2.0729,99.01681,2025-11-02,650,N21,n,2.0NRT,6.51,D,0.39,0.36,,,,,,firms,VIIRS,VIIRS_NOAA21_NRT
2.09162,100.35975,2025-11-02,650,N21,n,2.0NRT,2.65,D,0.42,0.37,,,,,,firms,VIIRS,VIIRS_NOAA21_NRT
2.09179,100.36015,2025-11-02,650,N21,n,2.0NRT,2.72,D,0.42,0.37,,,,,,firms,VIIRS,VIIRS_NOAA21_NRT
2.09183,98.89324,2025-11-02,650,N21,n,2.0NRT,5.28,D,0.39,0.36,,,,,,firms,VIIRS,VIIRS_NOAA21_NRT
2.10544,99.74116,2025-11-02,650,N21,n,2.0NRT,1.88,D,0.4,0.37,,,,,,firms,VIIRS,VIIRS_NOAA21_NRT
2.65485,97.81808,2025-11-02,650,N21,n,2.0NRT,6.91,D,0.39,0.36,,,,,,firms,VIIRS,VIIRS_NOAA21_NRT
2.65763,97.81414,2025-11-02,650,N21,n,2.0NRT,3.67,D,0.39,0.36,,,,,,firms,VIIRS,VIIRS_NOAA21_NRT
2.65973,97.8279,2025-11-02,650,N21,n,2.0NRT,6.88,D,0.39,0.36,,,,,,firms,VIIRS,VIIRS_NOAA21_NRT
2.66964,97.82641,2025-11-02,650,N21,n,2.0NRT,3.93,D,0.39,0.36,,,,,,firms,VIIRS,VIIRS_NOAA21_NRT
2.67903,97.82146,2025-11-02,650,N21,n,2.0NRT,1.41,D,0.39,0.36,,,,,,firms,VIIRS,VIIRS_NOAA21_NRT
2.70745,97.7817,2025-11-02,650,N21,n,2.0NRT,2.59,D,0.39,0.36,,,,,,firms,VIIRS,VIIRS_NOAA21_NRT
2.73384,97.86571,2025-11-02,650,N21,n,2.0NRT,3.28,D,0.39,0.36,,,,,,firms,VIIRS,VIIRS_NOAA21_NRT
2.76837,97.80417,2025-11-02,650,N21,n,2.0NRT,6.1,D,0.39,0.36,,,,,,firms,VIIRS,VIIRS_NOAA21_NRT
2.82738,97.67812,2025-11-02,650,N21,n,2.0NRT,8.27,D,0.39,0.36,,,,,,firms,VIIRS,VIIRS_NOAA21_NRT
2.82777,97.70276,2025-11-02,650,N21,n,2.0NRT,2.72,D,0.39,0.36,,,,,,firms,VIIRS,VIIRS_NOAA21_NRT
2.83055,97.69881,2025-11-02,650,N21,n,2.0NRT,6.24,D,0.39,0.36,,,,,,firms,VIIRS,VIIRS_NOAA21_NRT
2.83068,97.67762,2025-11-02,650,N21,n,2.0NRT,8.27,D,0.39,0.36,,,,,,firms,VIIRS,VIIRS_NOAA21_NRT
3.04645,97.39958,2025-11-02,650,N21,n,2.0NRT,4.1,D,0.39,0.36,,,,,,firms,VIIRS,VIIRS_NOAA21_NRT
3.25042,98.19903,2025-11-02,650,N21,n,2.0NRT,2.95,D,0.38,0.36,,,,,,firms,VIIRS,VIIRS_NOAA21_NRT
3.4893,101.48013,2025-11-02,650,N21,l,2.0NRT,9.32,D,0.48,0.4,,,,,,firms,VIIRS,VIIRS_NOAA21_NRT
3.49359,101.48383,2025-11-02,650,N21,l,2.0NRT,6.76,D,0.48,0.4,,,,,,firms,VIIRS,VIIRS_NOAA21_NRT
3.4952,101.44455,2025-11-02,650,N21,n,2.0NRT,3.73,D,0.48,0.4,,,,,,firms,VIIRS,VIIRS_NOAA21_NRT
4.14364,96.99197,2025-11-02,650,N21,n,2.0NRT,2.58,D,0.39,0.36,,,,,,firms,VIIRS,VIIRS_NOAA21_NRT
-1.81578,136.75064,2025-11-02,1607,N21,n,2.0NRT,2.4,N,0.42,0.38,,,,,,firms,VIIRS,VIIRS_NOAA21_NRT
-1.52886,127.42132,2025-11-02,1607,N21,n,2.0NRT,2.46,N,0.55,0.68,,,,,,firms,VIIRS,VIIRS_NOAA21_NRT
0.4796,128.00354,2025-11-02,1607,N21,n,2.0NRT,2.08,N,0.54,0.68,,,,,,firms,VIIRS,VIIRS_NOAA21_NRT
0.48037,127.9987,2025-11-02,1607,N21,n,2.0NRT,2.08,N,0.54,0.68,,,,,,firms,VIIRS,VIIRS_NOAA21_NRT
0.48113,127.99392,2025-11-02,1607,N21,n,2.0NRT,2.71,N,0.54,0.68,,,,,,firms,VIIRS,VIIRS_NOAA21_NRT
0.4819,127.98901,2025-11-02,1607,N21,n,2.0NRT,2.71,N,0.54,0.68,,,,,,firms,VIIRS,VIIRS_NOAA21_NRT
0.48802,127.99044,2025-11-02,1607,N21,n,2.0NRT,4.29,N,0.54,0.68,,,,,,firms,VIIRS,VIIRS_NOAA21_NRT
0.48877,127.98571,2025-11-02,1607,N21,n,2.0NRT,4.25,N,0.54,0.68,,,,,,firms,VIIRS,VIIRS_NOAA21_NRT
-9.82221,130.26939,2025-11-02,1609,N21,n,2.0NRT,4.52,N,0.51,0.49,,,,,,firms,VIIRS,VIIRS_NOAA21_NRT
-9.82138,130.26485,2025-11-02,1609,N21,n,2.0NRT,4.52,N,0.51,0.49,,,,,,firms,VIIRS,VIIRS_NOAA21_NRT
-7.89158,126.2318,2025-11-02,1609,N21,n,2.0NRT,2.5,N,0.52,0.67,,,,,,firms,VIIRS,VIIRS_NOAA21_NRT
-7.89102,126.23456,2025-11-02,1609,N21,n,2.0NRT,1.46,N,0.52,0.67,,,,,,firms,VIIRS,VIIRS_NOAA21_NRT
-7.89022,126.2301,2025-11-02,1609,N21,n,2.0NRT,1.46,N,0.52,0.67,,,,,,firms,VIIRS,VIIRS_NOAA21_NRT
1.41164,118.32775,2025-11-02,1747,N21,n,2.0NRT,0.74,N,0.52,0.42,,,,,,firms,VIIRS,VIIRS_NOAA21_NRT
2.67236,112.47751,2025-11-02,1747,N21,n,2.0NRT,0.51,N,0.42,0.37,,,,,,firms,VIIRS,VIIRS_NOAA21_NRT
2.67578,112.47803,2025-11-02,1747,N21,n,2.0NRT,0.51,N,0.42,0.37,,,,,,firms,VIIRS,VIIRS_NOAA21_NRT
2.7058,112.35237,2025-11-02,1747,N21,n,2.0NRT,1.27,N,0.42,0.38,,,,,,firms,VIIRS,VIIRS_NOAA21_NRT
2.77799,125.41676,2025-11-02,1747,N21,n,2.0NRT,1.77,N,0.5,0.66,,,,,,firms,VIIRS,VIIRS_NOAA21_NRT
3.06442,113.41487,2025-11-02,1747,N21,n,2.0NRT,1.86,N,0.4,0.37,,,,,,firms,VIIRS,VIIRS_NOAA21_NRT
3.06776,113.41538,2025-11-02,1747,N21,n,2.0NRT,1.86,N,0.4,0.37,,,,,,firms,VIIRS,VIIRS_NOAA21_NRT
3.23963,112.71133,2025-11-02,1747,N21,n,2.0NRT,2.29,N,0.41,0.37,,,,,,firms,VIIRS,VIIRS_NOAA21_NRT
3.27831,113.07166,2025-11-02,1747,N21,n,2.0NRT,3.79,N,0.4,0.37,,,,,,firms,VIIRS,VIIRS_NOAA21_NRT
3.27945,113.06439,2025-11-02,1747,N21,n,2.0NRT,2.68,N,0.4,0.37,,,,,,firms,VIIRS,VIIRS_NOAA21_NRT
3.28056,113.07935,2025-11-02,1747,N21,n,2.0NRT,1.09,N,0.4,0.37,,,,,,firms,VIIRS,VIIRS_NOAA21_NRT
3.28394,113.07985,2025-11-02,1747,N21,n,2.0NRT,1.09,N,0.4,0.37,,,,,,firms,VIIRS,VIIRS_NOAA21_NRT
3.28675,113.08395,2025-11-02,1747,N21,n,2.0NRT,2.56,N,0.4,0.37,,,,,,firms,VIIRS,VIIRS_NOAA21_NRT
3.28899,113.09167,2025-11-02,1747,N21,n,2.0NRT,1.39,N,0.4,0.37,,,,,,firms,VIIRS,VIIRS_NOAA21_NRT
3.28956,113.08807,2025-11-02,1747,N21,n,2.0NRT,1.39,N,0.4,0.37,,,,,,firms,VIIRS,VIIRS_NOAA21_NRT
3.29069,113.08085,2025-11-02,1747,N21,n,2.0NRT,2.56,N,0.4,0.37,,,,,,firms,VIIRS,VIIRS_NOAA21_NRT
3.2907,113.09248,2025-11-02,1747,N21,n,2.0NRT,2.49,N,0.4,0.37,,,,,,firms,VIIRS,VIIRS_NOAA21_NRT
3.29126,113.08886,2025-11-02,1747,N21,n,2.0NRT,2.49,N,0.4,0.37,,,,,,firms,VIIRS,VIIRS_NOAA21_NRT
3.30872,113.10996,2025-11-02,1747,N21,n,2.0NRT,4.01,N,0.4,0.37,,,,,,firms,VIIRS,VIIRS_NOAA21_NRT
3.52233,113.31453,2025-11-02,1747,N21,n,2.0NRT,1.26,N,0.4,0.37,,,,,,firms,VIIRS,VIIRS_NOAA21_NRT
3.52568,113.31504,2025-11-02,1747,N21,n,2.0NRT,1.26,N,0.4,0.37,,,,,,firms,VIIRS,VIIRS_NOAA21_NRT
3.53413,113.34914,2025-11-02,1747,N21,n,2.0NRT,1.57,N,0.4,0.37,,,,,,firms,VIIRS,VIIRS_NOAA21_NRT
3.53686,113.30946,2025-11-02,1747,N21,n,2.0NRT,1.52,N,0.4,0.37,,,,,,firms,VIIRS,VIIRS_NOAA21_NRT
3.54419,113.35067,2025-11-02,1747,N21,n,2.0NRT,1.89,N,0.4,0.37,,,,,,firms,VIIRS,VIIRS_NOAA21_NRT
3.60587,112.41302,2025-11-02,1747,N21,n,2.0NRT,2.42,N,0.43,0.38,,,,,,firms,VIIRS,VIIRS_NOAA21_NRT
3.60647,112.4092,2025-11-02,1747,N21,n,2.0NRT,2.42,N,0.43,0.38,,,,,,firms,VIIRS,VIIRS_NOAA21_NRT
3.62766,112.67818,2025-11-02,1747,N21,n,2.0NRT,1.43,N,0.42,0.38,,,,,,firms,VIIRS,VIIRS_NOAA21_NRT
3.63333,112.70954,2025-11-02,1747,N21,n,2.0NRT,1.02,N,0.42,0.37,,,,,,firms,VIIRS,VIIRS_NOAA21_NRT
4.548,114.59595,2025-11-02,1747,N21,n,2.0NRT,2.04,N,0.38,0.36,,,,,,firms,VIIRS,VIIRS_NOAA21_NRT
4.67377,113.85478,2025-11-02,1747,N21,n,2.0NRT,1.1,N,0.39,0.36,,,,,,firms,VIIRS,VIIRS_NOAA21_NRT
4.74073,113.72778,2025-11-02,1747,N21,n,2.0NRT,4.7,N,0.4,0.37,,,,,,firms,VIIRS,VIIRS_NOAA21_NRT
4.97759,112.98376,2025-11-02,1747,N21,n,2.0NRT,4.76,N,0.42,0.38,,,,,,firms,VIIRS,VIIRS_NOAA21_NRT
4.97817,112.98003,2025-11-02,1747,N21,n,2.0NRT,7.71,N,0.42,0.38,,,,,,firms,VIIRS,VIIRS_NOAA21_NRT
-4.63819,121.94542,2025-11-02,1749,N21,n,2.0NRT,0.9,N,0.37,0.58,,,,,,firms,VIIRS,VIIRS_NOAA21_NRT
-3.90542,122.41599,2025-11-02,1749,N21,n,2.0NRT,2.65,N,0.39,0.59,,,,,,firms,VIIRS,VIIRS_NOAA21_NRT
-3.90352,122.41821,2025-11-02,1749,N21,n,2.0NRT,2.62,N,0.39,0.59,,,,,,firms,VIIRS,VIIRS_NOAA21_NRT
-3.903,122.41476,2025-11-02,1749,N21,n,2.0NRT,2.62,N,0.39,0.59,,,,,,firms,VIIRS,VIIRS_NOAA21_NRT
-3.9005,122.4203,2025-11-02,1749,N21,n,2.0NRT,1.53,N,0.39,0.59,,,,,,firms,VIIRS,VIIRS_NOAA21_NRT
-3.9,122.41682,2025-11-02,1749,N21,n,2.0NRT,1.53,N,0.39,0.59,,,,,,firms,VIIRS,VIIRS_NOAA21_NRT
-3.87337,122.40154,2025-11-02,1749,N21,n,2.0NRT,1.29,N,0.39,0.59,,,,,,firms,VIIRS,VIIRS_NOAA21_NRT
-3.87286,122.39809,2025-11-02,1749,N21,n,2.0NRT,1.29,N,0.39,0.59,,,,,,firms,VIIRS,VIIRS_NOAA21_NRT
-3.87235,122.39463,2025-11-02,1749,N21,n,2.0NRT,1.4,N,0.39,0.59,,,,,,firms,VIIRS,VIIRS_NOAA21_NRT
-3.87184,122.39117,2025-11-02,1749,N21,n,2.0NRT,1.4,N,0.39,0.59,,,,,,firms,VIIRS,VIIRS_NOAA21_NRT
-3.86899,122.40929,2025-11-02,1749,N21,n,2.0NRT,3.39,N,0.39,0.59,,,,,,firms,VIIRS,VIIRS_NOAA21_NRT
-3.47831,122.2388,2025-11-02,1749,N21,n,2.0NRT,1.65,N,0.37,0.58,,,,,,firms,VIIRS,VIIRS_NOAA21_NRT
-3.08231,115.12169,2025-11-02,1749,N21,n,2.0NRT,2.07,N,0.41,0.37,,,,,,firms,VIIRS,VIIRS_NOAA21_NRT
-2.89251,115.25607,2025-11-02,1749,N21,n,2.0NRT,1.62,N,0.42,0.37,,,,,,firms,VIIRS,VIIRS_NOAA21_NRT
-2.8891,115.25663,2025-11-02,1749,N21,n,2.0NRT,1.62,N,0.42,0.37,,,,,,firms,VIIRS,VIIRS_NOAA21_NRT
-2.88226,115.25768,2025-11-02,1749,N21,n,2.0NRT,0.48,N,0.42,0.37,,,,,,firms,VIIRS,VIIRS_NOAA21_NRT
-2.876,115.26242,2025-11-02,1749,N21,n,2.0NRT,0.86,N,0.42,0.37,,,,,,firms,VIIRS,VIIRS_NOAA21_NRT
-0.71051,117.06426,2025-11-02,1749,N21,n,2.0NRT,1.17,N,0.47,0.4,,,,,,firms,VIIRS,VIIRS_NOAA21_NRT
-0.70913,117.06265,2025-11-02,1749,N21,n,2.0NRT,1.82,N,0.47,0.4,,,,,,firms,VIIRS,VIIRS_NOAA21_NRT
-0.5492,102.70816,2025-11-02,1749,N21,n,2.0NRT,6.76,N,0.51,0.66,,,,,,firms,VIIRS,VIIRS_NOAA21_NRT
-0.54847,102.70359,2025-11-02,1749,N21,n,2.0NRT,5.13,N,0.51,0.66,,,,,,firms,VIIRS,VIIRS_NOAA21_NRT
-0.48113,102.67912,2025-11-02,1749,N21,n,2.0NRT,0.7,N,0.52,0.67,,,,,,firms,VIIRS,VIIRS_NOAA21_NRT
0.60012,117.43844,2025-11-02,1749,N21,n,2.0NRT,1.02,N,0.48,0.4,,,,,,firms,VIIRS,VIIRS_NOAA21_NRT
0.61469,117.44062,2025-11-02,1749,N21,n,2.0NRT,3.1,N,0.48,0.4,,,,,,firms,VIIRS,VIIRS_NOAA21_NRT
0.64419,117.4669,2025-11-02,1749,N21,n,2.0NRT,1.86,N,0.48,0.4,,,,,,firms,VIIRS,VIIRS_NOAA21_NRT
0.6448,117.46588,2025-11-02,1749,N21,n,2.0NRT,2.01,N,0.48,0.4,,,,,,firms,VIIRS,VIIRS_NOAA21_NRT
0.67369,117.56679,2025-11-02,1749,N21,n,2.0NRT,2.69,N,0.48,0.4,,,,,,firms,VIIRS,VIIRS_NOAA21_NRT
0.67735,117.56743,2025-11-02,1749,N21,n,2.0NRT,2.12,N,0.48,0.4,,,,,,firms,VIIRS,VIIRS_NOAA21_NRT
0.67802,117.56316,2025-11-02,1749,N21,n,2.0NRT,2.12,N,0.48,0.4,,,,,,firms,VIIRS,VIIRS_NOAA21_NRT
0.68235,117.55941,2025-11-02,1749,N21,n,2.0NRT,2.96,N,0.48,0.4,,,,,,firms,VIIRS,VIIRS_NOAA21_NRT
0.68551,117.46806,2025-11-02,1749,N21,n,2.0NRT,1.24,N,0.48,0.4,,,,,,firms,VIIRS,VIIRS_NOAA21_NRT
0.68669,117.55569,2025-11-02,1749,N21,n,2.0NRT,5.81,N,0.48,0.4,,,,,,firms,VIIRS,VIIRS_NOAA21_NRT
0.69101,117.55206,2025-11-02,1749,N21,n,2.0NRT,2.49,N,0.48,0.4,,,,,,firms,VIIRS,VIIRS_NOAA21_NRT
1.3773,104.15916,2025-11-02,1749,N21,n,2.0NRT,1.29,N,0.44,0.62,,,,,,firms,VIIRS,VIIRS_NOAA21_NRT
1.37853,104.15128,2025-11-02,1749,N21,n,2.0NRT,1.57,N,0.44,0.62,,,,,,firms,VIIRS,VIIRS_NOAA21_NRT
-8.92464,116.7602,2025-11-02,1751,N21,n,2.0NRT,0.91,N,0.57,0.43,,,,,,firms,VIIRS,VIIRS_NOAA21_NRT
-8.12029,112.93275,2025-11-02,1751,N21,n,2.0NRT,2.41,N,0.39,0.36,,,,,,firms,VIIRS,VIIRS_NOAA21_NRT
-8.11975,112.92905,2025-11-02,1751,N21,n,2.0NRT,2.41,N,0.39,0.36,,,,,,firms,VIIRS,VIIRS_NOAA21_NRT
-8.11595,112.92928,2025-11-02,1751,N21,n,2.0NRT,1.94,N,0.39,0.36,,,,,,firms,VIIRS,VIIRS_NOAA21_NRT
-8.11539,112.92567,2025-11-02,1751,N21,n,2.0NRT,6.4,N,0.39,0.36,,,,,,firms,VIIRS,VIIRS_NOAA21_NRT
-8.11205,112.92605,2025-11-02,1751,N21,n,2.0NRT,6.4,N,0.39,0.36,,,,,,firms,VIIRS,VIIRS_NOAA21_NRT
-7.94325,112.95415,2025-11-02,1751,N21,n,2.0NRT,1.12,N,0.39,0.36,,,,,,firms,VIIRS,VIIRS_NOAA21_NRT
-7.55565,110.43326,2025-11-02,1751,N21,n,2.0NRT,1.21,N,0.41,0.37,,,,,,firms,VIIRS,VIIRS_NOAA21_NRT
-7.55502,110.42936,2025-11-02,1751,N21,n,2.0NRT,1.4,N,0.41,0.37,,,,,,firms,VIIRS,VIIRS_NOAA21_NRT
-7.55295,110.438,2025-11-02,1751,N21,n,2.0NRT,4.04,N,0.41,0.37,,,,,,firms,VIIRS,VIIRS_NOAA21_NRT
-7.55231,110.43408,2025-11-02,1751,N21,n,2.0NRT,4.04,N,0.41,0.37,,,,,,firms,VIIRS,VIIRS_NOAA21_NRT
-7.55025,110.4428,2025-11-02,1751,N21,n,2.0NRT,1.45,N,0.41,0.37,,,,,,firms,VIIRS,VIIRS_NOAA21_NRT
-7.54963,110.43893,2025-11-02,1751,N21,n,2.0NRT,4.04,N,0.41,0.37,,,,,,firms,VIIRS,VIIRS_NOAA21_NRT
-7.54696,110.44386,2025-11-02,1751,N21,n,2.0NRT,13.67,N,0.41,0.37,,,,,,firms,VIIRS,VIIRS_NOAA21_NRT
-7.54632,110.43991,2025-11-02,1751,N21,n,2.0NRT,8.37,N,0.41,0.37,,,,,,firms,VIIRS,VIIRS_NOAA21_NRT
-7.54364,110.44476,2025-11-02,1751,N21,n,2.0NRT,13.67,N,0.41,0.37,,,,,,firms,VIIRS,VIIRS_NOAA21_NRT
-7.54297,110.44067,2025-11-02,1751,N21,n,2.0NRT,8.37,N,0.41,0.37,,,,,,firms,VIIRS,VIIRS_NOAA21_NRT
-7.54028,110.44545,2025-11-02,1751,N21,n,2.0NRT,0.89,N,0.41,0.37,,,,,,firms,VIIRS,VIIRS_NOAA21_NRT
-7.24156,111.73129,2025-11-02,1751,N21,n,2.0NRT,1.05,N,0.39,0.36,,,,,,firms,VIIRS,VIIRS_NOAA21_NRT
-10.60018,123.326,2025-11-03,446,N21,n,2.0NRT,9.89,D,0.62,0.54,,,,,,firms,VIIRS,VIIRS_NOAA21_NRT
-10.29078,123.93171,2025-11-03,446,N21,n,2.0NRT,9.86,D,0.56,0.51,,,,,,firms,VIIRS,VIIRS_NOAA21_NRT
-10.07655,120.79979,2025-11-03,446,N21,n,2.0NRT,13.7,D,0.45,0.63,,,,,,firms,VIIRS,VIIRS_NOAA21_NRT
-10.07604,120.80388,2025-11-03,446,N21,h,2.0NRT,28.38,D,0.45,0.63,,,,,,firms,VIIRS,VIIRS_NOAA21_NRT
-10.07125,120.79512,2025-11-03,446,N21,n,2.0NRT,99.59,D,0.45,0.63,,,,,,firms,VIIRS,VIIRS_NOAA21_NRT
-10.07074,120.79916,2025-11-03,446,N21,l,2.0NRT,99.59,D,0.45,0.63,,,,,,firms,VIIRS,VIIRS_NOAA21_NRT
-10.07023,120.80325,2025-11-03,446,N21,h,2.0NRT,166.95,D,0.45,0.63,,,,,,firms,VIIRS,VIIRS_NOAA21_NRT
-10.06784,123.91946,2025-11-03,446,N21,n,2.0NRT,4.51,D,0.55,0.51,,,,,,firms,VIIRS,VIIRS_NOAA21_NRT
-10.06492,120.79859,2025-11-03,446,N21,n,2.0NRT,99.59,D,0.45,0.63,,,,,,firms,VIIRS,VIIRS_NOAA21_NRT
-10.06442,120.80259,2025-11-03,446,N21,h,2.0NRT,166.95,D,0.45,0.63,,,,,,firms,VIIRS,VIIRS_NOAA21_NRT
-9.82637,124.57937,2025-11-03,446,N21,n,2.0NRT,3.78,D,0.5,0.49,,,,,,firms,VIIRS,VIIRS_NOAA21_NRT
-9.82344,124.58014,2025-11-03,446,N21,n,2.0NRT,6.41,D,0.5,0.49,,,,,,firms,VIIRS,VIIRS_NOAA21_NRT
-9.82094,130.26717,2025-11-03,446,N21,n,2.0NRT,3.88,D,0.39,0.36,,,,,,firms,VIIRS,VIIRS_NOAA21_NRT
-9.8169,124.75359,2025-11-03,446,N21,n,2.0NRT,30.62,D,0.48,0.48,,,,,,firms,VIIRS,VIIRS_NOAA21_NRT
-9.76022,124.57611,2025-11-03,446,N21,n,2.0NRT,4.01,D,0.49,0.49,,,,,,firms,VIIRS,VIIRS_NOAA21_NRT
-9.66771,120.08668,2025-11-03,446,N21,n,2.0NRT,7.69,D,0.5,0.66,,,,,,firms,VIIRS,VIIRS_NOAA21_NRT
-9.6653,120.08847,2025-11-03,446,N21,n,2.0NRT,10.85,D,0.5,0.66,,,,,,firms,VIIRS,VIIRS_NOAA21_NRT
-9.59781,124.42197,2025-11-03,446,N21,n,2.0NRT,7.41,D,0.5,0.49,,,,,,firms,VIIRS,VIIRS_NOAA21_NRT
-9.54713,124.65939,2025-11-03,446,N21,n,2.0NRT,8.87,D,0.48,0.48,,,,,,firms,VIIRS,VIIRS_NOAA21_NRT
-9.50968,124.66946,2025-11-03,446,N21,n,2.0NRT,3.59,D,0.48,0.48,,,,,,firms,VIIRS,VIIRS_NOAA21_NRT
-9.50523,124.66898,2025-11-03,446,N21,n,2.0NRT,5.55,D,0.48,0.48,,,,,,firms,VIIRS,VIIRS_NOAA21_NRT
-9.49729,120.18986,2025-11-03,446,N21,n,2.0NRT,8.21,D,0.49,0.65,,,,,,firms,VIIRS,VIIRS_NOAA21_NRT
-9.49674,120.19415,2025-11-03,446,N21,h,2.0NRT,15.8,D,0.49,0.65,,,,,,firms,VIIRS,VIIRS_NOAA21_NRT
-9.45099,119.71334,2025-11-03,446,N21,n,2.0NRT,10.36,D,0.53,0.67,,,,,,firms,VIIRS,VIIRS_NOAA21_NRT
-9.4361,119.83179,2025-11-03,446,N21,n,2.0NRT,3.88,D,0.52,0.67,,,,,,firms,VIIRS,VIIRS_NOAA21_NRT
-9.41675,123.96399,2025-11-03,446,N21,n,2.0NRT,5.34,D,0.54,0.51,,,,,,firms,VIIRS,VIIRS_NOAA21_NRT
-9.38829,125.18872,2025-11-03,446,N21,n,2.0NRT,1.79,D,0.44,0.46,,,,,,firms,VIIRS,VIIRS_NOAA21_NRT
-9.38564,124.2291,2025-11-03,446,N21,n,2.0NRT,4.24,D,0.52,0.5,,,,,,firms,VIIRS,VIIRS_NOAA21_NRT
-9.38116,124.22794,2025-11-03,446,N21,n,2.0NRT,4.24,D,0.52,0.5,,,,,,firms,VIIRS,VIIRS_NOAA21_NRT
-9.35341,124.05302,2025-11-03,446,N21,n,2.0NRT,4.25,D,0.53,0.5,,,,,,firms,VIIRS,VIIRS_NOAA21_NRT
-9.35329,124.05188,2025-11-03,446,N21,n,2.0NRT,7.4,D,0.53,0.5,,,,,,firms,VIIRS,VIIRS_NOAA21_NRT
-9.34784,124.73676,2025-11-03,446,N21,n,2.0NRT,5.59,D,0.48,0.48,,,,,,firms,VIIRS,VIIRS_NOAA21_NRT
-9.34485,124.6611,2025-11-03,446,N21,n,2.0NRT,4.4,D,0.48,0.48,,,,,,firms,VIIRS,VIIRS_NOAA21_NRT
-9.28319,124.2244,2025-11-03,446,N21,n,2.0NRT,14.14,D,0.51,0.5,,,,,,firms,VIIRS,VIIRS_NOAA21_NRT
-9.26149,124.28217,2025-11-03,446,N21,n,2.0NRT,4.21,D,0.51,0.49,,,,,,firms,VIIRS,VIIRS_NOAA21_NRT
-9.12697,125.9272,2025-11-03,446,N21,n,2.0NRT,3.73,D,0.4,0.44,,,,,,firms,VIIRS,VIIRS_NOAA21_NRT
-9.12668,125.60389,2025-11-03,446,N21,n,2.0NRT,1.81,D,0.41,0.45,,,,,,firms,VIIRS,VIIRS_NOAA21_NRT
-9.11566,124.72727,2025-11-03,446,N21,n,2.0NRT,5.67,D,0.47,0.48,,,,,,firms,VIIRS,VIIRS_NOAA21_NRT
-9.05217,124.80085,2025-11-03,446,N21,n,2.0NRT,7.92,D,0.47,0.48,,,,,,firms,VIIRS,VIIRS_NOAA21_NRT
-8.9426,125.84766,2025-11-03,446,N21,n,2.0NRT,6.69,D,0.4,0.44,,,,,,firms,VIIRS,VIIRS_NOAA21_NRT
-8.91682,126.06057,2025-11-03,446,N21,n,2.0NRT,6.29,D,0.39,0.44,,,,,,firms,VIIRS,VIIRS_NOAA21_NRT
-8.87521,117.9866,2025-11-03,446,N21,n,2.0NRT,8.88,D,0.68,0.74,,,,,,firms,VIIRS,VIIRS_NOAA21_NRT
-8.865,126.19894,2025-11-03,446,N21,n,2.0NRT,11.39,D,0.57,0.43,,,,,,firms,VIIRS,VIIRS_NOAA21_NRT
-8.85986,126.17773,2025-11-03,446,N21,n,2.0NRT,4.97,D,0.57,0.43,,,,,,firms,VIIRS,VIIRS_NOAA21_NRT
-8.80965,120.74957,2025-11-03,446,N21,n,2.0NRT,3.57,D,0.44,0.62,,,,,,firms,VIIRS,VIIRS_NOAA21_NRT
-8.72204,118.66224,2025-11-03,446,N21,n,2.0NRT,15.76,D,0.61,0.71,,,,,,firms,VIIRS,VIIRS_NOAA21_NRT
-8.70736,121.26695,2025-11-03,446,N21,n,2.0NRT,3.66,D,0.4,0.6,,,,,,firms,VIIRS,VIIRS_NOAA21_NRT
-8.6948,125.17692,2025-11-03,446,N21,n,2.0NRT,8.16,D,0.44,0.46,,,,,,firms,VIIRS,VIIRS_NOAA21_NRT
-8.69266,126.93106,2025-11-03,446,N21,n,2.0NRT,29.79,D,0.51,0.41,,,,,,firms,VIIRS,VIIRS_NOAA21_NRT
-8.67629,126.91062,2025-11-03,446,N21,n,2.0NRT,3.65,D,0.51,0.41,,,,,,firms,VIIRS,VIIRS_NOAA21_NRT
-8.67311,125.14616,2025-11-03,446,N21,n,2.0NRT,1.8,D,0.44,0.46,,,,,,firms,VIIRS,VIIRS_NOAA21_NRT
-8.65384,126.82552,2025-11-03,446,N21,n,2.0NRT,2.94,D,0.52,0.41,,,,,,firms,VIIRS,VIIRS_NOAA21_NRT
-8.65373,126.82385,2025-11-03,446,N21,n,2.0NRT,2.7,D,0.52,0.41,,,,,,firms,VIIRS,VIIRS_NOAA21_NRT
-8.62337,125.46272,2025-11-03,446,N21,n,2.0NRT,2.82,D,0.42,0.45,,,,,,firms,VIIRS,VIIRS_NOAA21_NRT
-8.62225,126.77598,2025-11-03,446,N21,n,2.0NRT,4.45,D,0.52,0.42,,,,,,firms,VIIRS,VIIRS_NOAA21_NRT
-8.55061,125.85312,2025-11-03,446,N21,n,2.0NRT,4.69,D,0.39,0.44,,,,,,firms,VIIRS,VIIRS_NOAA21_NRT
-8.53195,120.42868,2025-11-03,446,N21,n,2.0NRT,8.76,D,0.46,0.64,,,,,,firms,VIIRS,VIIRS_NOAA21_NRT
-8.52583,125.88261,2025-11-03,446,N21,n,2.0NRT,4.73,D,0.39,0.44,,,,,,firms,VIIRS,VIIRS_NOAA21_NRT
-8.52005,123.43626,2025-11-03,446,N21,n,2.0NRT,9.0,D,0.57,0.52,,,,,,firms,VIIRS,VIIRS_NOAA21_NRT
-8.46192,123.51018,2025-11-03,446,N21,n,2.0NRT,4.57,D,0.56,0.52,,,,,,firms,VIIRS,VIIRS_NOAA21_NRT
-8.46009,123.51136,2025-11-03,446,N21,n,2.0NRT,3.06,D,0.56,0.51,,,,,,firms,VIIRS,VIIRS_NOAA21_NRT
-8.43779,124.43284,2025-11-03,446,N21,n,2.0NRT,10.46,D,0.48,0.48,,,,,,firms,VIIRS,VIIRS_NOAA21_NRT
-8.43754,124.43136,2025-11-03,446,N21,n,2.0NRT,8.96,D,0.48,0.48,,,,,,firms,VIIRS,VIIRS_NOAA21_NRT
-8.42861,127.07493,2025-11-03,446,N21,n,2.0NRT,3.46,D,0.5,0.41,,,,,,firms,VIIRS,VIIRS_NOAA21_NRT
-8.41568,124.20033,2025-11-03,446,N21,n,2.0NRT,13.5,D,0.5,0.49,,,,,,firms,VIIRS,VIIRS_NOAA21_NRT
-8.3987,120.63018,2025-11-03,446,N21,n,2.0NRT,4.24,D,0.44,0.63,,,,,,firms,VIIRS,VIIRS_NOAA21_NRT
-8.37793,124.82259,2025-11-03,446,N21,l,2.0NRT,2.1,D,0.46,0.47,,,,,,firms,VIIRS,VIIRS_NOAA21_NRT
-8.36325,124.83327,2025-11-03,446,N21,n,2.0NRT,2.24,D,0.45,0.47,,,,,,firms,VIIRS,VIIRS_NOAA21_NRT
-8.35572,124.60232,2025-11-03,446,N21,n,2.0NRT,2.51,D,0.47,0.48,,,,,,firms,VIIRS,VIIRS_NOAA21_NRT
-8.33447,124.91322,2025-11-03,446,N21,n,2.0NRT,4.9,D,0.45,0.47,,,,,,firms,VIIRS,VIIRS_NOAA21_NRT
-8.27148,125.08534,2025-11-03,446,N21,n,2.0NRT,5.96,D,0.44,0.46,,,,,,firms,VIIRS,VIIRS_NOAA21_NRT
-8.26715,125.08552,2025-11-03,446,N21,n,2.0NRT,5.96,D,0.44,0.46,,,,,,firms,VIIRS,VIIRS_NOAA21_NRT
-8.25488,125.01952,2025-11-03,446,N21,n,2.0NRT,6.04,D,0.44,0.46,,,,,,firms,VIIRS,VIIRS_NOAA21_NRT
-8.25461,125.01956,2025-11-03,446,N21,n,2.0NRT,3.54,D,0.44,0.46,,,,,,firms,VIIRS,VIIRS_NOAA21_NRT
-8.2124,130.9706,2025-11-03,446,N21,l,2.0NRT,5.74,D,0.38,0.36,,,,,,firms,VIIRS,VIIRS_NOAA21_NRT
-8.19324,124.31647,2025-11-03,446,N21,l,2.0NRT,13.6,D,0.49,0.49,,,,,,firms,VIIRS,VIIRS_NOAA21_NRT
-8.19272,124.32029,2025-11-03,446,N21,n,2.0NRT,13.6,D,0.49,0.48,,,,,,firms,VIIRS,VIIRS_NOAA21_NRT
-8.16799,124.7189,2025-11-03,446,N21,n,2.0NRT,4.27,D,0.46,0.47,,,,,,firms,VIIRS,VIIRS_NOAA21_NRT
-8.04836,129.74416,2025-11-03,446,N21,n,2.0NRT,5.93,D,0.39,0.36,,,,,,firms,VIIRS,VIIRS_NOAA21_NRT
-8.04554,129.74017,2025-11-03,446,N21,n,2.0NRT,5.93,D,0.39,0.36,,,,,,firms,VIIRS,VIIRS_NOAA21_NRT
-7.94644,129.72215,2025-11-03,446,N21,n,2.0NRT,6.71,D,0.39,0.36,,,,,,firms,VIIRS,VIIRS_NOAA21_NRT
-7.93869,129.63715,2025-11-03,446,N21,n,2.0NRT,2.52,D,0.39,0.36,,,,,,firms,VIIRS,VIIRS_NOAA21_NRT
-7.93407,129.84982,2025-11-03,446,N21,l,2.0NRT,6.63,D,0.39,0.36,,,,,,firms,VIIRS,VIIRS_NOAA21_NRT
-7.91901,129.60854,2025-11-03,446,N21,l,2.0NRT,3.02,D,0.39,0.37,,,,,,firms,VIIRS,VIIRS_NOAA21_NRT
-7.9162,129.6044,2025-11-03,446,N21,l,2.0NRT,3.02,D,0.39,0.37,,,,,,firms,VIIRS,VIIRS_NOAA21_NRT
-7.89512,126.23129,2025-11-03,446,N21,n,2.0NRT,20.0,D,0.55,0.43,,,,,,firms,VIIRS,VIIRS_NOAA21_NRT
-7.87795,126.24026,2025-11-03,446,N21,n,2.0NRT,17.66,D,0.55,0.43,,,,,,firms,VIIRS,VIIRS_NOAA21_NRT
-7.87726,126.24512,2025-11-03,446,N21,l,2.0NRT,6.58,D,0.55,0.43,,,,,,firms,VIIRS,VIIRS_NOAA21_NRT
-7.87333,126.24487,2025-11-03,446,N21,n,2.0NRT,6.58,D,0.55,0.43,,,,,,firms,VIIRS,VIIRS_NOAA21_NRT
-7.87278,126.2427,2025-11-03,446,N21,n,2.0NRT,6.76,D,0.55,0.42,,,,,,firms,VIIRS,VIIRS_NOAA21_NRT
-7.8694,126.24451,2025-11-03,446,N21,n,2.0NRT,11.55,D,0.55,0.43,,,,,,firms,VIIRS,VIIRS_NOAA21_NRT
-7.86886,126.24232,2025-11-03,446,N21,n,2.0NRT,6.76,D,0.55,0.42,,,,,,firms,VIIRS,VIIRS_NOAA21_NRT
-7.86813,126.24725,2025-11-03,446,N21,n,2.0NRT,5.44,D,0.55,0.42,,,,,,firms,VIIRS,VIIRS_NOAA21_NRT
-7.86619,126.2391,2025-11-03,446,N21,n,2.0NRT,14.21,D,0.55,0.43,,,,,,firms,VIIRS,VIIRS_NOAA21_NRT
-7.86569,126.23682,2025-11-03,446,N21,n,2.0NRT,12.87,D,0.55,0.43,,,,,,firms,VIIRS,VIIRS_NOAA21_NRT
-7.8655,126.24401,2025-11-03,446,N21,n,2.0NRT,11.55,D,0.55,0.43,,,,,,firms,VIIRS,VIIRS_NOAA21_NRT
-7.86496,126.24178,2025-11-03,446,N21,n,2.0NRT,12.87,D,0.55,0.42,,,,,,firms,VIIRS,VIIRS_NOAA21_NRT
-7.86449,126.2228,2025-11-03,446,N21,n,2.0NRT,9.5,D,0.55,0.43,,,,,,firms,VIIRS,VIIRS_NOAA21_NRT
-7.86423,126.24677,2025-11-03,446,N21,n,2.0NRT,4.42,D,0.55,0.42,,,,,,firms,VIIRS,VIIRS_NOAA21_NRT
-7.86413,126.22042,2025-11-03,446,N21,n,2.0NRT,7.0,D,0.55,0.43,,,,,,firms,VIIRS,VIIRS_NOAA21_NRT
-7.86375,126.22807,2025-11-03,446,N21,n,2.0NRT,9.5,D,0.55,0.43,,,,,,firms,VIIRS,VIIRS_NOAA21_NRT
-7.86335,126.22571,2025-11-03,446,N21,l,2.0NRT,16.81,D,0.55,0.43,,,,,,firms,VIIRS,VIIRS_NOAA21_NRT
-7.86302,126.23331,2025-11-03,446,N21,n,2.0NRT,23.32,D,0.55,0.43,,,,,,firms,VIIRS,VIIRS_NOAA21_NRT
-7.86258,126.23095,2025-11-03,446,N21,n,2.0NRT,16.81,D,0.55,0.43,,,,,,firms,VIIRS,VIIRS_NOAA21_NRT
-7.8623,126.23849,2025-11-03,446,N21,n,2.0NRT,23.32,D,0.55,0.43,,,,,,firms,VIIRS,VIIRS_NOAA21_NRT
-7.86181,126.2362,2025-11-03,446,N21,l,2.0NRT,12.87,D,0.55,0.43,,,,,,firms,VIIRS,VIIRS_NOAA21_NRT
-7.86162,126.2434,2025-11-03,446,N21,n,2.0NRT,5.44,D,0.55,0.43,,,,,,firms,VIIRS,VIIRS_NOAA21_NRT
-7.86108,126.24114,2025-11-03,446,N21,n,2.0NRT,12.87,D,0.55,0.42,,,,,,firms,VIIRS,VIIRS_NOAA21_NRT
-7.85987,126.22742,2025-11-03,446,N21,n,2.0NRT,9.5,D,0.55,0.43,,,,,,firms,VIIRS,VIIRS_NOAA21_NRT
-7.85945,126.22514,2025-11-03,446,N21,l,2.0NRT,7.67,D,0.55,0.43,,,,,,firms,VIIRS,VIIRS_NOAA21_NRT
-6.63819,139.03624,2025-11-03,446,N21,n,2.0NRT,4.19,D,0.34,0.56,,,,,,firms,VIIRS,VIIRS_NOAA21_NRT
-8.56832,117.35369,2025-11-03,448,N21,n,2.0NRT,9.21,D,0.75,0.77,,,,,,firms,VIIRS,VIIRS_NOAA21_NRT
-8.34036,120.63061,2025-11-03,448,N21,h,2.0NRT,10.38,D,0.44,0.63,,,,,,firms,VIIRS,VIIRS_NOAA21_NRT
-8.33701,120.65655,2025-11-03,448,N21,n,2.0NRT,4.28,D,0.44,0.62,,,,,,firms,VIIRS,VIIRS_NOAA21_NRT
-8.18344,117.67331,2025-11-03,448,N21,n,2.0NRT,7.53,D,0.7,0.75,,,,,,firms,VIIRS,VIIRS_NOAA21_NRT
-8.16728,117.58367,2025-11-03,448,N21,n,2.0NRT,9.62,D,0.71,0.75,,,,,,firms,VIIRS,VIIRS_NOAA21_NRT
-8.1186,118.09093,2025-11-03,448,N21,n,2.0NRT,13.78,D,0.66,0.73,,,,,,firms,VIIRS,VIIRS_NOAA21_NRT
-7.32026,121.12059,2025-11-03,448,N21,h,2.0NRT,12.99,D,0.4,0.6,,,,,,firms,VIIRS,VIIRS_NOAA21_NRT
-5.44058,122.79404,2025-11-03,448,N21,n,2.0NRT,11.79,D,0.57,0.52,,,,,,firms,VIIRS,VIIRS_NOAA21_NRT
-5.43951,122.79187,2025-11-03,448,N21,n,2.0NRT,11.18,D,0.57,0.52,,,,,,firms,VIIRS,VIIRS_NOAA21_NRT
-5.35362,123.57967,2025-11-03,448,N21,n,2.0NRT,7.58,D,0.5,0.49,,,,,,firms,VIIRS,VIIRS_NOAA21_NRT
-5.35297,123.58418,2025-11-03,448,N21,n,2.0NRT,7.58,D,0.5,0.49,,,,,,firms,VIIRS,VIIRS_NOAA21_NRT
-5.25108,123.08296,2025-11-03,448,N21,n,2.0NRT,16.63,D,0.54,0.51,,,,,,firms,VIIRS,VIIRS_NOAA21_NRT
-5.25039,123.08774,2025-11-03,448,N21,n,2.0NRT,8.98,D,0.54,0.51,,,,,,firms,VIIRS,VIIRS_NOAA21_NRT
-5.18389,123.03093,2025-11-03,448,N21,n,2.0NRT,9.8,D,0.54,0.51,,,,,,firms,VIIRS,VIIRS_NOAA21_NRT
-5.18294,123.02944,2025-11-03,448,N21,n,2.0NRT,20.58,D,0.54,0.51,,,,,,firms,VIIRS,VIIRS_NOAA21_NRT
-5.17928,123.03007,2025-11-03,448,N21,n,2.0NRT,9.8,D,0.54,0.51,,,,,,firms,VIIRS,VIIRS_NOAA21_NRT
-4.99488,122.90221,2025-11-03,448,N21,n,2.0NRT,4.99,D,0.55,0.51,,,,,,firms,VIIRS,VIIRS_NOAA21_NRT
-4.96371,122.8995,2025-11-03,448,N21,n,2.0NRT,7.38,D,0.55,0.51,,,,,,firms,VIIRS,VIIRS_NOAA21_NRT
-4.94564,122.89251,2025-11-03,448,N21,n,2.0NRT,6.64,D,0.55,0.51,,,,,,firms,VIIRS,VIIRS_NOAA21_NRT
-4.92992,120.24697,2025-11-03,448,N21,n,2.0NRT,4.11,D,0.42,0.61,,,,,,firms,VIIRS,VIIRS_NOAA21_NRT
-4.87469,122.99798,2025-11-03,448,N21,n,2.0NRT,6.72,D,0.54,0.51,,,,,,firms,VIIRS,VIIRS_NOAA21_NRT
-4.87321,123.00075,2025-11-03,448,N21,n,2.0NRT,6.67,D,0.54,0.51,,,,,,firms,VIIRS,VIIRS_NOAA21_NRT
-4.86009,120.11008,2025-11-03,448,N21,n,2.0NRT,5.54,D,0.43,0.62,,,,,,firms,VIIRS,VIIRS_NOAA21_NRT
-4.85751,120.11061,2025-11-03,448,N21,n,2.0NRT,5.69,D,0.43,0.62,,,,,,firms,VIIRS,VIIRS_NOAA21_NRT
-4.83799,120.18286,2025-11-03,448,N21,n,2.0NRT,5.23,D,0.42,0.61,,,,,,firms,VIIRS,VIIRS_NOAA21_NRT
-4.74668,123.00565,2025-11-03,448,N21,n,2.0NRT,28.31,D,0.54,0.5,,,,,,firms,VIIRS,VIIRS_NOAA21_NRT
-4.74205,123.00503,2025-11-03,448,N21,n,2.0NRT,28.31,D,0.54,0.5,,,,,,firms,VIIRS,VIIRS_NOAA21_NRT
-4.72278,123.1673,2025-11-03,448,N21,n,2.0NRT,5.64,D,0.52,0.5,,,,,,firms,VIIRS,VIIRS_NOAA21_NRT
-4.70999,121.68633,2025-11-03,448,N21,n,2.0NRT,2.53,D,0.33,0.55,,,,,,firms,VIIRS,VIIRS_NOAA21_NRT
-4.6179,123.0202,2025-11-03,448,N21,n,2.0NRT,9.88,D,0.53,0.5,,,,,,firms,VIIRS,VIIRS_NOAA21_NRT
-4.61327,123.01967,2025-11-03,448,N21,n,2.0NRT,9.88,D,0.53,0.5,,,,,,firms,VIIRS,VIIRS_NOAA21_NRT
-4.43993,121.71104,2025-11-03,448,N21,n,2.0NRT,2.46,D,0.33,0.55,,,,,,firms,VIIRS,VIIRS_NOAA21_NRT
-4.43908,122.23618,2025-11-03,448,N21,n,2.0NRT,7.23,D,0.6,0.53,,,,,,firms,VIIRS,VIIRS_NOAA21_NRT
-4.38807,122.55502,2025-11-03,448,N21,n,2.0NRT,6.65,D,0.57,0.52,,,,,,firms,VIIRS,VIIRS_NOAA21_NRT
-4.37845,122.38,2025-11-03,448,N21,n,2.0NRT,20.33,D,0.58,0.52,,,,,,firms,VIIRS,VIIRS_NOAA21_NRT
-4.3777,122.38516,2025-11-03,448,N21,n,2.0NRT,21.47,D,0.58,0.52,,,,,,firms,VIIRS,VIIRS_NOAA21_NRT
-4.34496,122.54288,2025-11-03,448,N21,n,2.0NRT,4.98,D,0.57,0.52,,,,,,firms,VIIRS,VIIRS_NOAA21_NRT
-4.2652,122.71214,2025-11-03,448,N21,n,2.0NRT,5.75,D,0.55,0.51,,,,,,firms,VIIRS,VIIRS_NOAA21_NRT
-4.26254,122.71483,2025-11-03,448,N21,n,2.0NRT,7.24,D,0.55,0.51,,,,,,firms,VIIRS,VIIRS_NOAA21_NRT
-4.26155,122.47663,2025-11-03,448,N21,n,2.0NRT,8.44,D,0.57,0.52,,,,,,firms,VIIRS,VIIRS_NOAA21_NRT
-4.13446,123.21499,2025-11-03,448,N21,n,2.0NRT,11.97,D,0.51,0.49,,,,,,firms,VIIRS,VIIRS_NOAA21_NRT
-3.98556,122.39052,2025-11-03,448,N21,n,2.0NRT,6.77,D,0.58,0.52,,,,,,firms,VIIRS,VIIRS_NOAA21_NRT
-3.98453,122.39234,2025-11-03,448,N21,n,2.0NRT,3.96,D,0.58,0.52,,,,,,firms,VIIRS,VIIRS_NOAA21_NRT
-3.90311,122.41707,2025-11-03,448,N21,n,2.0NRT,15.23,D,0.57,0.52,,,,,,firms,VIIRS,VIIRS_NOAA21_NRT
-3.90237,122.42218,2025-11-03,448,N21,n,2.0NRT,10.14,D,0.57,0.52,,,,,,firms,VIIRS,VIIRS_NOAA21_NRT
-3.87125,122.40221,2025-11-03,448,N21,n,2.0NRT,13.87,D,0.57,0.52,,,,,,firms,VIIRS,VIIRS_NOAA21_NRT
-3.8709,122.39925,2025-11-03,448,N21,n,2.0NRT,13.95,D,0.57,0.52,,,,,,firms,VIIRS,VIIRS_NOAA21_NRT
-3.87053,122.40732,2025-11-03,448,N21,n,2.0NRT,11.61,D,0.57,0.52,,,,,,firms,VIIRS,VIIRS_NOAA21_NRT
-3.86937,122.40945,2025-11-03,448,N21,n,2.0NRT,7.2,D,0.57,0.52,,,,,,firms,VIIRS,VIIRS_NOAA21_NRT
-3.80358,126.69295,2025-11-03,448,N21,n,2.0NRT,5.24,D,0.46,0.39,,,,,,firms,VIIRS,VIIRS_NOAA21_NRT
-3.78258,122.37187,2025-11-03,448,N21,n,2.0NRT,20.95,D,0.57,0.52,,,,,,firms,VIIRS,VIIRS_NOAA21_NRT
-3.78199,122.36954,2025-11-03,448,N21,n,2.0NRT,12.21,D,0.57,0.52,,,,,,firms,VIIRS,VIIRS_NOAA21_NRT
-3.7812,122.37474,2025-11-03,448,N21,n,2.0NRT,12.21,D,0.57,0.52,,,,,,firms,VIIRS,VIIRS_NOAA21_NRT
-3.75146,126.58617,2025-11-03,448,N21,n,2.0NRT,4.56,D,0.47,0.4,,,,,,firms,VIIRS,VIIRS_NOAA21_NRT
-3.68524,122.23066,2025-11-03,448,N21,n,2.0NRT,8.06,D,0.59,0.52,,,,,,firms,VIIRS,VIIRS_NOAA21_NRT
-3.68502,122.23297,2025-11-03,448,N21,n,2.0NRT,5.34,D,0.58,0.52,,,,,,firms,VIIRS,VIIRS_NOAA21_NRT
-3.56636,126.6907,2025-11-03,448,N21,n,2.0NRT,5.19,D,0.46,0.39,,,,,,firms,VIIRS,VIIRS_NOAA21_NRT
-3.53611,122.11163,2025-11-03,448,N21,n,2.0NRT,10.88,D,0.59,0.53,,,,,,firms,VIIRS,VIIRS_NOAA21_NRT
-3.49426,122.0678,2025-11-03,448,N21,n,2.0NRT,3.27,D,0.6,0.53,,,,,,firms,VIIRS,VIIRS_NOAA21_NRT
-3.47798,122.2403,2025-11-03,448,N21,n,2.0NRT,7.34,D,0.58,0.52,,,,,,firms,VIIRS,VIIRS_NOAA21_NRT
-3.47795,122.24187,2025-11-03,448,N21,n,2.0NRT,8.71,D,0.58,0.52,,,,,,firms,VIIRS,VIIRS_NOAA21_NRT
-3.21084,127.05357,2025-11-03,448,N21,l,2.0NRT,4.46,D,0.44,0.38,,,,,,firms,VIIRS,VIIRS_NOAA21_NRT
-3.20731,127.05312,2025-11-03,448,N21,l,2.0NRT,10.46,D,0.44,0.38,,,,,,firms,VIIRS,VIIRS_NOAA21_NRT
-3.18871,122.47112,2025-11-03,448,N21,n,2.0NRT,7.32,D,0.55,0.51,,,,,,firms,VIIRS,VIIRS_NOAA21_NRT
-3.136,122.10191,2025-11-03,448,N21,n,2.0NRT,9.33,D,0.59,0.53,,,,,,firms,VIIRS,VIIRS_NOAA21_NRT
-3.11233,126.86486,2025-11-03,448,N21,n,2.0NRT,5.87,D,0.45,0.39,,,,,,firms,VIIRS,VIIRS_NOAA21_NRT
-2.83134,122.17699,2025-11-03,448,N21,n,2.0NRT,17.52,D,0.57,0.52,,,,,,firms,VIIRS,VIIRS_NOAA21_NRT
-2.83076,122.17519,2025-11-03,448,N21,n,2.0NRT,11.07,D,0.57,0.52,,,,,,firms,VIIRS,VIIRS_NOAA21_NRT
-2.82503,116.35391,2025-11-03,448,N21,n,2.0NRT,15.39,D,0.73,0.76,,,,,,firms,VIIRS,VIIRS_NOAA21_NRT
-2.82482,116.35756,2025-11-03,448,N21,n,2.0NRT,10.75,D,0.73,0.76,,,,,,firms,VIIRS,VIIRS_NOAA21_NRT
-2.7328,119.17713,2025-11-03,448,N21,n,2.0NRT,16.41,D,0.46,0.64,,,,,,firms,VIIRS,VIIRS_NOAA21_NRT
-2.73211,119.18194,2025-11-03,448,N21,n,2.0NRT,17.82,D,0.46,0.64,,,,,,firms,VIIRS,VIIRS_NOAA21_NRT
-2.69458,119.19343,2025-11-03,448,N21,n,2.0NRT,10.67,D,0.46,0.64,,,,,,firms,VIIRS,VIIRS_NOAA21_NRT
-2.69392,119.19789,2025-11-03,448,N21,n,2.0NRT,5.99,D,0.46,0.64,,,,,,firms,VIIRS,VIIRS_NOAA21_NRT
-2.66033,119.18439,2025-11-03,448,N21,n,2.0NRT,7.27,D,0.46,0.64,,,,,,firms,VIIRS,VIIRS_NOAA21_NRT
-2.65042,119.21162,2025-11-03,448,N21,h,2.0NRT,66.3,D,0.46,0.63,,,,,,firms,VIIRS,VIIRS_NOAA21_NRT
-2.6504,119.20919,2025-11-03,448,N21,n,2.0NRT,35.29,D,0.46,0.63,,,,,,firms,VIIRS,VIIRS_NOAA21_NRT
-2.64981,119.21307,2025-11-03,448,N21,l,2.0NRT,35.29,D,0.46,0.63,,,,,,firms,VIIRS,VIIRS_NOAA21_NRT
-2.47021,119.37894,2025-11-03,448,N21,n,2.0NRT,6.01,D,0.44,0.63,,,,,,firms,VIIRS,VIIRS_NOAA21_NRT
-2.33711,119.5889,2025-11-03,448,N21,n,2.0NRT,7.09,D,0.43,0.62,,,,,,firms,VIIRS,VIIRS_NOAA21_NRT
-2.3358,119.55954,2025-11-03,448,N21,n,2.0NRT,11.25,D,0.43,0.62,,,,,,firms,VIIRS,VIIRS_NOAA21_NRT
-2.33127,119.58944,2025-11-03,448,N21,n,2.0NRT,7.96,D,0.43,0.62,,,,,,firms,VIIRS,VIIRS_NOAA21_NRT
-2.32891,119.56699,2025-11-03,448,N21,n,2.0NRT,5.42,D,0.43,0.62,,,,,,firms,VIIRS,VIIRS_NOAA21_NRT
-2.01155,124.34452,2025-11-03,448,N21,n,2.0NRT,7.64,D,0.4,0.44,,,,,,firms,VIIRS,VIIRS_NOAA21_NRT
-1.89156,124.82285,2025-11-03,448,N21,n,2.0NRT,27.15,D,0.56,0.43,,,,,,firms,VIIRS,VIIRS_NOAA21_NRT
-1.89088,124.82468,2025-11-03,448,N21,n,2.0NRT,22.85,D,0.56,0.43,,,,,,firms,VIIRS,VIIRS_NOAA21_NRT
-1.70621,123.52401,2025-11-03,448,N21,n,2.0NRT,3.29,D,0.45,0.47,,,,,,firms,VIIRS,VIIRS_NOAA21_NRT
-1.56687,127.42846,2025-11-03,448,N21,l,2.0NRT,7.92,D,0.41,0.37,,,,,,firms,VIIRS,VIIRS_NOAA21_NRT
-1.56005,127.42738,2025-11-03,448,N21,l,2.0NRT,11.59,D,0.41,0.37,,,,,,firms,VIIRS,VIIRS_NOAA21_NRT
-1.46003,127.43838,2025-11-03,448,N21,l,2.0NRT,6.85,D,0.41,0.37,,,,,,firms,VIIRS,VIIRS_NOAA21_NRT
-1.45663,127.43784,2025-11-03,448,N21,l,2.0NRT,6.85,D,0.41,0.37,,,,,,firms,VIIRS,VIIRS_NOAA21_NRT
-2.04056,119.53628,2025-11-03,450,N21,n,2.0NRT,5.95,D,0.43,0.62,,,,,,firms,VIIRS,VIIRS_NOAA21_NRT
-2.03848,119.53768,2025-11-03,450,N21,n,2.0NRT,10.27,D,0.43,0.62,,,,,,firms,VIIRS,VIIRS_NOAA21_NRT
-2.01529,119.36056,2025-11-03,450,N21,n,2.0NRT,6.16,D,0.44,0.62,,,,,,firms,VIIRS,VIIRS_NOAA21_NRT
-2.01479,119.36391,2025-11-03,450,N21,n,2.0NRT,8.17,D,0.44,0.62,,,,,,firms,VIIRS,VIIRS_NOAA21_NRT
-2.0041,119.39645,2025-11-03,450,N21,h,2.0NRT,10.13,D,0.44,0.62,,,,,,firms,VIIRS,VIIRS_NOAA21_NRT
-1.99321,119.46906,2025-11-03,450,N21,n,2.0NRT,4.66,D,0.43,0.62,,,,,,firms,VIIRS,VIIRS_NOAA21_NRT
-1.98831,119.38571,2025-11-03,450,N21,n,2.0NRT,6.19,D,0.44,0.62,,,,,,firms,VIIRS,VIIRS_NOAA21_NRT
-1.88281,120.66283,2025-11-03,450,N21,n,2.0NRT,3.05,D,0.35,0.57,,,,,,firms,VIIRS,VIIRS_NOAA21_NRT
-1.879,120.662,2025-11-03,450,N21,n,2.0NRT,3.12,D,0.35,0.57,,,,,,firms,VIIRS,VIIRS_NOAA21_NRT
-1.77981,119.53817,2025-11-03,450,N21,n,2.0NRT,2.85,D,0.42,0.61,,,,,,firms,VIIRS,VIIRS_NOAA21_NRT
-1.62701,121.7382,2025-11-03,450,N21,n,2.0NRT,8.65,D,0.59,0.53,,,,,,firms,VIIRS,VIIRS_NOAA21_NRT
-1.61438,121.85547,2025-11-03,450,N21,n,2.0NRT,6.54,D,0.58,0.52,,,,,,firms,VIIRS,VIIRS_NOAA21_NRT
-1.59799,123.1617,2025-11-03,450,N21,n,2.0NRT,7.63,D,0.47,0.48,,,,,,firms,VIIRS,VIIRS_NOAA21_NRT
-1.58507,121.98679,2025-11-03,450,N21,n,2.0NRT,15.85,D,0.57,0.52,,,,,,firms,VIIRS,VIIRS_NOAA21_NRT
-1.56299,123.15763,2025-11-03,450,N21,n,2.0NRT,4.52,D,0.47,0.48,,,,,,firms,VIIRS,VIIRS_NOAA21_NRT
-1.53051,122.95661,2025-11-03,450,N21,n,2.0NRT,7.81,D,0.48,0.48,,,,,,firms,VIIRS,VIIRS_NOAA21_NRT
-1.5305,122.95642,2025-11-03,450,N21,n,2.0NRT,9.8,D,0.48,0.48,,,,,,firms,VIIRS,VIIRS_NOAA21_NRT
-1.52062,121.89156,2025-11-03,450,N21,n,2.0NRT,14.69,D,0.57,0.52,,,,,,firms,VIIRS,VIIRS_NOAA21_NRT
-1.51781,122.98033,2025-11-03,450,N21,n,2.0NRT,10.58,D,0.48,0.48,,,,,,firms,VIIRS,VIIRS_NOAA21_NRT
-1.45966,123.49335,2025-11-03,450,N21,n,2.0NRT,3.92,D,0.44,0.46,,,,,,firms,VIIRS,VIIRS_NOAA21_NRT
-1.45669,122.93771,2025-11-03,450,N21,n,2.0NRT,8.71,D,0.48,0.48,,,,,,firms,VIIRS,VIIRS_NOAA21_NRT
-1.45328,123.50793,2025-11-03,450,N21,n,2.0NRT,4.14,D,0.44,0.46,,,,,,firms,VIIRS,VIIRS_NOAA21_NRT
-1.45309,123.50835,2025-11-03,450,N21,n,2.0NRT,3.62,D,0.44,0.46,,,,,,firms,VIIRS,VIIRS_NOAA21_NRT
-1.44402,122.93197,2025-11-03,450,N21,n,2.0NRT,7.25,D,0.48,0.48,,,,,,firms,VIIRS,VIIRS_NOAA21_NRT
-1.36098,123.17939,2025-11-03,450,N21,n,2.0NRT,7.69,D,0.46,0.47,,,,,,firms,VIIRS,VIIRS_NOAA21_NRT
-1.13342,119.89523,2025-11-03,450,N21,n,2.0NRT,3.76,D,0.39,0.59,,,,,,firms,VIIRS,VIIRS_NOAA21_NRT
-1.05327,121.41682,2025-11-03,450,N21,n,2.0NRT,4.8,D,0.61,0.53,,,,,,firms,VIIRS,VIIRS_NOAA21_NRT
-1.0263,121.41003,2025-11-03,450,N21,n,2.0NRT,6.3,D,0.61,0.53,,,,,,firms,VIIRS,VIIRS_NOAA21_NRT
-1.02549,121.41512,2025-11-03,450,N21,n,2.0NRT,6.3,D,0.61,0.53,,,,,,firms,VIIRS,VIIRS_NOAA21_NRT
-1.02424,121.41111,2025-11-03,450,N21,n,2.0NRT,9.77,D,0.61,0.53,,,,,,firms,VIIRS,VIIRS_NOAA21_NRT
-0.9995,123.33177,2025-11-03,450,N21,n,2.0NRT,7.0,D,0.45,0.47,,,,,,firms,VIIRS,VIIRS_NOAA21_NRT
-0.54783,119.79911,2025-11-03,450,N21,n,2.0NRT,10.51,D,0.39,0.59,,,,,,firms,VIIRS,VIIRS_NOAA21_NRT
-0.54727,119.80275,2025-11-03,450,N21,n,2.0NRT,9.58,D,0.39,0.59,,,,,,firms,VIIRS,VIIRS_NOAA21_NRT
-0.51312,115.84711,2025-11-03,450,N21,n,2.0NRT,7.64,D,0.73,0.76,,,,,,firms,VIIRS,VIIRS_NOAA21_NRT
-0.4622,116.52319,2025-11-03,450,N21,n,2.0NRT,8.76,D,0.65,0.73,,,,,,firms,VIIRS,VIIRS_NOAA21_NRT
-0.45967,116.52301,2025-11-03,450,N21,n,2.0NRT,13.19,D,0.65,0.73,,,,,,firms,VIIRS,VIIRS_NOAA21_NRT
-0.17722,117.05402,2025-11-03,450,N21,n,2.0NRT,17.13,D,0.59,0.7,,,,,,firms,VIIRS,VIIRS_NOAA21_NRT
-0.17637,117.05935,2025-11-03,450,N21,n,2.0NRT,21.09,D,0.59,0.7,,,,,,firms,VIIRS,VIIRS_NOAA21_NRT
0.44797,128.6666,2025-11-03,450,N21,n,2.0NRT,2.39,D,0.38,0.36,,,,,,firms,VIIRS,VIIRS_NOAA21_NRT
0.50537,122.81679,2025-11-03,450,N21,n,2.0NRT,2.52,D,0.46,0.47,,,,,,firms,VIIRS,VIIRS_NOAA21_NRT
0.52599,122.69496,2025-11-03,450,N21,n,2.0NRT,9.91,D,0.47,0.48,,,,,,firms,VIIRS,VIIRS_NOAA21_NRT
0.5431,122.17282,2025-11-03,450,N21,n,2.0NRT,6.89,D,0.51,0.49,,,,,,firms,VIIRS,VIIRS_NOAA21_NRT
0.57092,120.37325,2025-11-03,450,N21,n,2.0NRT,6.84,D,0.34,0.56,,,,,,firms,VIIRS,VIIRS_NOAA21_NRT
0.58094,120.37053,2025-11-03,450,N21,h,2.0NRT,13.71,D,0.34,0.56,,,,,,firms,VIIRS,VIIRS_NOAA21_NRT
0.69001,117.5544,2025-11-03,450,N21,n,2.0NRT,10.78,D,0.53,0.67,,,,,,firms,VIIRS,VIIRS_NOAA21_NRT
0.78645,116.90761,2025-11-03,450,N21,n,2.0NRT,9.15,D,0.59,0.7,,,,,,firms,VIIRS,VIIRS_NOAA21_NRT
0.86116,123.55639,2025-11-03,450,N21,n,2.0NRT,1.91,D,0.41,0.45,,,,,,firms,VIIRS,VIIRS_NOAA21_NRT
0.94631,117.89168,2025-11-03,450,N21,n,2.0NRT,7.25,D,0.5,0.66,,,,,,firms,VIIRS,VIIRS_NOAA21_NRT
4.88467,116.00232,2025-11-03,453,N21,n,2.0NRT,77.39,D,0.58,0.7,,,,,,firms,VIIRS,VIIRS_NOAA21_NRT
4.88556,116.00745,2025-11-03,453,N21,l,2.0NRT,56.07,D,0.58,0.7,,,,,,firms,VIIRS,VIIRS_NOAA21_NRT
4.88783,116.00253,2025-11-03,453,N21,n,2.0NRT,90.64,D,0.58,0.7,,,,,,firms,VIIRS,VIIRS_NOAA21_NRT
4.88875,116.00766,2025-11-03,453,N21,n,2.0NRT,48.4,D,0.58,0.7,,,,,,firms,VIIRS,VIIRS_NOAA21_NRT
4.891,116.00123,2025-11-03,453,N21,n,2.0NRT,49.46,D,0.58,0.7,,,,,,firms,VIIRS,VIIRS_NOAA21_NRT
4.89193,116.00661,2025-11-03,453,N21,l,2.0NRT,48.99,D,0.58,0.7,,,,,,firms,VIIRS,VIIRS_NOAA21_NRT
4.89414,116.00142,2025-11-03,453,N21,n,2.0NRT,53.6,D,0.58,0.7,,,,,,firms,VIIRS,VIIRS_NOAA21_NRT
4.89513,116.00694,2025-11-03,453,N21,l,2.0NRT,39.7,D,0.58,0.7,,,,,,firms,VIIRS,VIIRS_NOAA21_NRT
4.89751,115.98384,2025-11-03,453,N21,n,2.0NRT,7.49,D,0.58,0.7,,,,,,firms,VIIRS,VIIRS_NOAA21_NRT
5.55419,116.19543,2025-11-03,453,N21,n,2.0NRT,6.71,D,0.55,0.68,,,,,,firms,VIIRS,VIIRS_NOAA21_NRT
-8.16566,117.5808,2025-11-03,629,N21,n,2.0NRT,7.49,D,0.59,0.7,,,,,,firms,VIIRS,VIIRS_NOAA21_NRT
-6.42928,107.71304,2025-11-03,629,N21,n,2.0NRT,3.62,D,0.44,0.38,,,,,,firms,VIIRS,VIIRS_NOAA21_NRT
-6.42909,107.66853,2025-11-03,629,N21,n,2.0NRT,4.39,D,0.44,0.38,,,,,,firms,VIIRS,VIIRS_NOAA21_NRT
-3.10597,101.97397,2025-11-03,629,N21,l,2.0NRT,4.4,D,0.43,0.38,,,,,,firms,VIIRS,VIIRS_NOAA21_NRT
-3.09402,101.94437,2025-11-03,629,N21,n,2.0NRT,17.82,D,0.43,0.38,,,,,,firms,VIIRS,VIIRS_NOAA21_NRT
-3.07836,101.93048,2025-11-03,629,N21,n,2.0NRT,6.28,D,0.43,0.38,,,,,,firms,VIIRS,VIIRS_NOAA21_NRT
-3.06563,101.92067,2025-11-03,629,N21,n,2.0NRT,20.52,D,0.43,0.38,,,,,,firms,VIIRS,VIIRS_NOAA21_NRT
-3.06036,101.86124,2025-11-03,629,N21,n,2.0NRT,7.7,D,0.43,0.38,,,,,,firms,VIIRS,VIIRS_NOAA21_NRT
-3.05979,101.86503,2025-11-03,629,N21,n,2.0NRT,7.7,D,0.43,0.38,,,,,,firms,VIIRS,VIIRS_NOAA21_NRT
-3.05686,101.86082,2025-11-03,629,N21,n,2.0NRT,4.25,D,0.43,0.38,,,,,,firms,VIIRS,VIIRS_NOAA21_NRT
-3.05629,101.86461,2025-11-03,629,N21,n,2.0NRT,4.25,D,0.43,0.38,,,,,,firms,VIIRS,VIIRS_NOAA21_NRT
-3.04463,101.79967,2025-11-03,629,N21,n,2.0NRT,12.62,D,0.43,0.38,,,,,,firms,VIIRS,VIIRS_NOAA21_NRT
-2.90663,101.74799,2025-11-03,629,N21,n,2.0NRT,7.31,D,0.43,0.38,,,,,,firms,VIIRS,VIIRS_NOAA21_NRT
-2.90493,101.7357,2025-11-03,629,N21,n,2.0NRT,11.24,D,0.44,0.38,,,,,,firms,VIIRS,VIIRS_NOAA21_NRT
-2.53459,101.40897,2025-11-03,629,N21,n,2.0NRT,3.77,D,0.45,0.39,,,,,,firms,VIIRS,VIIRS_NOAA21_NRT
-2.50036,101.42004,2025-11-03,629,N21,n,2.0NRT,29.16,D,0.44,0.39,,,,,,firms,VIIRS,VIIRS_NOAA21_NRT
-2.49685,101.41939,2025-11-03,629,N21,n,2.0NRT,29.16,D,0.44,0.39,,,,,,firms,VIIRS,VIIRS_NOAA21_NRT
-2.49225,101.37817,2025-11-03,629,N21,n,2.0NRT,21.32,D,0.45,0.39,,,,,,firms,VIIRS,VIIRS_NOAA21_NRT
-2.42017,102.10798,2025-11-03,629,N21,n,2.0NRT,8.18,D,0.42,0.37,,,,,,firms,VIIRS,VIIRS_NOAA21_NRT
-2.36421,102.57478,2025-11-03,629,N21,n,2.0NRT,6.4,D,0.4,0.37,,,,,,firms,VIIRS,VIIRS_NOAA21_NRT
-2.36224,105.93346,2025-11-03,629,N21,n,2.0NRT,9.4,D,0.41,0.37,,,,,,firms,VIIRS,VIIRS_NOAA21_NRT
-2.35884,105.93293,2025-11-03,629,N21,n,2.0NRT,9.4,D,0.41,0.37,,,,,,firms,VIIRS,VIIRS_NOAA21_NRT
-2.34265,101.19651,2025-11-03,629,N21,n,2.0NRT,9.95,D,0.45,0.39,,,,,,firms,VIIRS,VIIRS_NOAA21_NRT
-2.33597,101.21629,2025-11-03,629,N21,l,2.0NRT,8.44,D,0.45,0.39,,,,,,firms,VIIRS,VIIRS_NOAA21_NRT
-2.32885,101.21521,2025-11-03,629,N21,l,2.0NRT,12.39,D,0.45,0.39,,,,,,firms,VIIRS,VIIRS_NOAA21_NRT
-2.32582,100.92086,2025-11-03,629,N21,l,2.0NRT,13.32,D,0.47,0.4,,,,,,firms,VIIRS,VIIRS_NOAA21_NRT
-2.32221,100.92033,2025-11-03,629,N21,l,2.0NRT,204.82,D,0.47,0.4,,,,,,firms,VIIRS,VIIRS_NOAA21_NRT
-2.32108,101.21833,2025-11-03,629,N21,n,2.0NRT,8.69,D,0.45,0.39,,,,,,firms,VIIRS,VIIRS_NOAA21_NRT
-2.31395,101.2173,2025-11-03,629,N21,n,2.0NRT,19.84,D,0.45,0.39,,,,,,firms,VIIRS,VIIRS_NOAA21_NRT
-2.30852,101.22903,2025-11-03,629,N21,l,2.0NRT,32.89,D,0.45,0.39,,,,,,firms,VIIRS,VIIRS_NOAA21_NRT
-2.3079,101.23311,2025-11-03,629,N21,l,2.0NRT,32.89,D,0.45,0.39,,,,,,firms,VIIRS,VIIRS_NOAA21_NRT
-2.30326,101.21574,2025-11-03,629,N21,h,2.0NRT,41.14,D,0.45,0.39,,,,,,firms,VIIRS,VIIRS_NOAA21_NRT
-2.28779,101.22173,2025-11-03,629,N21,n,2.0NRT,6.55,D,0.45,0.39,,,,,,firms,VIIRS,VIIRS_NOAA21_NRT
-2.2831,102.52885,2025-11-03,629,N21,n,2.0NRT,3.47,D,0.4,0.37,,,,,,firms,VIIRS,VIIRS_NOAA21_NRT
-2.27711,101.22017,2025-11-03,629,N21,l,2.0NRT,21.71,D,0.45,0.39,,,,,,firms,VIIRS,VIIRS_NOAA21_NRT
-2.27648,101.22432,2025-11-03,629,N21,l,2.0NRT,23.14,D,0.45,0.39,,,,,,firms,VIIRS,VIIRS_NOAA21_NRT
-2.26553,101.03941,2025-11-03,629,N21,n,2.0NRT,11.26,D,0.46,0.39,,,,,,firms,VIIRS,VIIRS_NOAA21_NRT
-2.264,101.03873,2025-11-03,629,N21,n,2.0NRT,12.28,D,0.46,0.39,,,,,,firms,VIIRS,VIIRS_NOAA21_NRT
-2.25956,100.88602,2025-11-03,629,N21,l,2.0NRT,9.95,D,0.47,0.4,,,,,,firms,VIIRS,VIIRS_NOAA21_NRT
-2.25345,101.18353,2025-11-03,629,N21,l,2.0NRT,7.51,D,0.45,0.39,,,,,,firms,VIIRS,VIIRS_NOAA21_NRT
-2.25028,100.99509,2025-11-03,629,N21,l,2.0NRT,13.14,D,0.46,0.39,,,,,,firms,VIIRS,VIIRS_NOAA21_NRT
-2.24989,101.18301,2025-11-03,629,N21,l,2.0NRT,7.51,D,0.45,0.39,,,,,,firms,VIIRS,VIIRS_NOAA21_NRT
-2.24605,100.99868,2025-11-03,629,N21,l,2.0NRT,9.1,D,0.46,0.39,,,,,,firms,VIIRS,VIIRS_NOAA21_NRT
-2.24398,101.03627,2025-11-03,629,N21,n,2.0NRT,7.49,D,0.46,0.39,,,,,,firms,VIIRS,VIIRS_NOAA21_NRT
-2.24307,100.99403,2025-11-03,629,N21,l,2.0NRT,9.1,D,0.46,0.39,,,,,,firms,VIIRS,VIIRS_NOAA21_NRT
-2.24245,100.99816,2025-11-03,629,N21,l,2.0NRT,9.1,D,0.46,0.39,,,,,,firms,VIIRS,VIIRS_NOAA21_NRT
-2.24182,101.00227,2025-11-03,629,N21,l,2.0NRT,30.77,D,0.46,0.39,,,,,,firms,VIIRS,VIIRS_NOAA21_NRT
-2.23885,100.99763,2025-11-03,629,N21,l,2.0NRT,11.06,D,0.46,0.39,,,,,,firms,VIIRS,VIIRS_NOAA21_NRT
-2.23634,101.01408,2025-11-03,629,N21,l,2.0NRT,6.29,D,0.46,0.39,,,,,,firms,VIIRS,VIIRS_NOAA21_NRT
-2.23587,100.99298,2025-11-03,629,N21,l,2.0NRT,11.06,D,0.46,0.39,,,,,,firms,VIIRS,VIIRS_NOAA21_NRT
-2.23571,101.01821,2025-11-03,629,N21,n,2.0NRT,7.81,D,0.46,0.39,,,,,,firms,VIIRS,VIIRS_NOAA21_NRT
-2.23525,100.9971,2025-11-03,629,N21,l,2.0NRT,11.06,D,0.46,0.39,,,,,,firms,VIIRS,VIIRS_NOAA21_NRT
-2.23236,101.15988,2025-11-03,629,N21,l,2.0NRT,7.52,D,0.45,0.39,,,,,,firms,VIIRS,VIIRS_NOAA21_NRT
-2.23211,101.01768,2025-11-03,629,N21,n,2.0NRT,7.81,D,0.46,0.39,,,,,,firms,VIIRS,VIIRS_NOAA21_NRT
-2.23149,101.0218,2025-11-03,629,N21,n,2.0NRT,7.81,D,0.46,0.39,,,,,,firms,VIIRS,VIIRS_NOAA21_NRT
-2.22878,101.1594,2025-11-03,629,N21,n,2.0NRT,10.94,D,0.45,0.39,,,,,,firms,VIIRS,VIIRS_NOAA21_NRT
-2.2282,100.97075,2025-11-03,629,N21,l,2.0NRT,11.39,D,0.46,0.39,,,,,,firms,VIIRS,VIIRS_NOAA21_NRT
-2.22815,101.16354,2025-11-03,629,N21,l,2.0NRT,10.94,D,0.45,0.39,,,,,,firms,VIIRS,VIIRS_NOAA21_NRT
-2.22773,101.04647,2025-11-03,629,N21,l,2.0NRT,21.21,D,0.46,0.39,,,,,,firms,VIIRS,VIIRS_NOAA21_NRT
-2.22414,101.04594,2025-11-03,629,N21,l,2.0NRT,38.75,D,0.46,0.39,,,,,,firms,VIIRS,VIIRS_NOAA21_NRT
-2.22287,100.85928,2025-11-03,629,N21,n,2.0NRT,15.37,D,0.47,0.4,,,,,,firms,VIIRS,VIIRS_NOAA21_NRT
-2.2221,100.98673,2025-11-03,629,N21,l,2.0NRT,6.65,D,0.46,0.39,,,,,,firms,VIIRS,VIIRS_NOAA21_NRT
-2.22165,101.15834,2025-11-03,629,N21,n,2.0NRT,5.22,D,0.45,0.39,,,,,,firms,VIIRS,VIIRS_NOAA21_NRT
-2.22147,100.99086,2025-11-03,629,N21,n,2.0NRT,10.26,D,0.46,0.39,,,,,,firms,VIIRS,VIIRS_NOAA21_NRT
-2.22119,101.13743,2025-11-03,629,N21,n,2.0NRT,5.36,D,0.45,0.39,,,,,,firms,VIIRS,VIIRS_NOAA21_NRT
-2.22055,101.04541,2025-11-03,629,N21,l,2.0NRT,38.75,D,0.46,0.39,,,,,,firms,VIIRS,VIIRS_NOAA21_NRT
-2.22023,100.9991,2025-11-03,629,N21,l,2.0NRT,10.03,D,0.46,0.39,,,,,,firms,VIIRS,VIIRS_NOAA21_NRT
-2.2185,100.98621,2025-11-03,629,N21,n,2.0NRT,7.28,D,0.46,0.39,,,,,,firms,VIIRS,VIIRS_NOAA21_NRT
-2.21788,100.99033,2025-11-03,629,N21,n,2.0NRT,5.01,D,0.46,0.39,,,,,,firms,VIIRS,VIIRS_NOAA21_NRT
-2.21773,101.01558,2025-11-03,629,N21,n,2.0NRT,6.53,D,0.46,0.39,,,,,,firms,VIIRS,VIIRS_NOAA21_NRT
-2.21759,101.04078,2025-11-03,629,N21,l,2.0NRT,15.84,D,0.46,0.39,,,,,,firms,VIIRS,VIIRS_NOAA21_NRT
-2.21414,101.01505,2025-11-03,629,N21,n,2.0NRT,11.9,D,0.46,0.39,,,,,,firms,VIIRS,VIIRS_NOAA21_NRT
-2.2104,101.03973,2025-11-03,629,N21,n,2.0NRT,19.81,D,0.46,0.39,,,,,,firms,VIIRS,VIIRS_NOAA21_NRT
-2.20521,101.00111,2025-11-03,629,N21,n,2.0NRT,6.5,D,0.46,0.39,,,,,,firms,VIIRS,VIIRS_NOAA21_NRT
-2.20162,101.00057,2025-11-03,629,N21,l,2.0NRT,5.52,D,0.46,0.39,,,,,,firms,VIIRS,VIIRS_NOAA21_NRT
-2.19638,100.8382,2025-11-03,629,N21,l,2.0NRT,6.98,D,0.47,0.4,,,,,,firms,VIIRS,VIIRS_NOAA21_NRT
-2.19575,100.84241,2025-11-03,629,N21,l,2.0NRT,7.79,D,0.47,0.4,,,,,,firms,VIIRS,VIIRS_NOAA21_NRT
-2.19413,101.17132,2025-11-03,629,N21,l,2.0NRT,12.65,D,0.45,0.39,,,,,,firms,VIIRS,VIIRS_NOAA21_NRT
-2.19133,101.02011,2025-11-03,629,N21,l,2.0NRT,3.23,D,0.46,0.39,,,,,,firms,VIIRS,VIIRS_NOAA21_NRT
-2.19055,101.17094,2025-11-03,629,N21,l,2.0NRT,18.45,D,0.45,0.39,,,,,,firms,VIIRS,VIIRS_NOAA21_NRT
-2.18949,101.15384,2025-11-03,629,N21,l,2.0NRT,7.58,D,0.45,0.39,,,,,,firms,VIIRS,VIIRS_NOAA21_NRT
-2.18512,101.18268,2025-11-03,629,N21,l,2.0NRT,4.03,D,0.45,0.39,,,,,,firms,VIIRS,VIIRS_NOAA21_NRT
-2.18134,100.83205,2025-11-03,629,N21,l,2.0NRT,22.57,D,0.47,0.4,,,,,,firms,VIIRS,VIIRS_NOAA21_NRT
-2.1788,101.00564,2025-11-03,629,N21,l,2.0NRT,11.49,D,0.46,0.39,,,,,,firms,VIIRS,VIIRS_NOAA21_NRT
-2.17771,100.83154,2025-11-03,629,N21,l,2.0NRT,4.51,D,0.47,0.4,,,,,,firms,VIIRS,VIIRS_NOAA21_NRT
-2.17771,102.24854,2025-11-03,629,N21,n,2.0NRT,7.13,D,0.41,0.37,,,,,,firms,VIIRS,VIIRS_NOAA21_NRT
-2.17284,100.99633,2025-11-03,629,N21,n,2.0NRT,9.53,D,0.46,0.39,,,,,,firms,VIIRS,VIIRS_NOAA21_NRT
-2.17096,101.18001,2025-11-03,629,N21,n,2.0NRT,3.86,D,0.45,0.39,,,,,,firms,VIIRS,VIIRS_NOAA21_NRT
-2.16924,100.9958,2025-11-03,629,N21,l,2.0NRT,9.53,D,0.46,0.39,,,,,,firms,VIIRS,VIIRS_NOAA21_NRT
-2.16798,101.17558,2025-11-03,629,N21,n,2.0NRT,7.11,D,0.45,0.39,,,,,,firms,VIIRS,VIIRS_NOAA21_NRT
-2.16784,100.99156,2025-11-03,629,N21,l,2.0NRT,8.43,D,0.46,0.39,,,,,,firms,VIIRS,VIIRS_NOAA21_NRT
-2.1672,100.99568,2025-11-03,629,N21,n,2.0NRT,8.43,D,0.46,0.39,,,,,,firms,VIIRS,VIIRS_NOAA21_NRT
-2.16565,100.99525,2025-11-03,629,N21,l,2.0NRT,12.49,D,0.46,0.39,,,,,,firms,VIIRS,VIIRS_NOAA21_NRT
-2.15262,101.01873,2025-11-03,629,N21,n,2.0NRT,3.86,D,0.46,0.39,,,,,,firms,VIIRS,VIIRS_NOAA21_NRT
-2.15218,100.99768,2025-11-03,629,N21,l,2.0NRT,5.54,D,0.46,0.39,,,,,,firms,VIIRS,VIIRS_NOAA21_NRT
-2.14859,100.99715,2025-11-03,629,N21,l,2.0NRT,5.54,D,0.46,0.39,,,,,,firms,VIIRS,VIIRS_NOAA21_NRT
-2.14796,101.00127,2025-11-03,629,N21,l,2.0NRT,5.54,D,0.46,0.39,,,,,,firms,VIIRS,VIIRS_NOAA21_NRT
-2.14752,100.98012,2025-11-03,629,N21,n,2.0NRT,10.66,D,0.46,0.39,,,,,,firms,VIIRS,VIIRS_NOAA21_NRT
-2.14689,100.98425,2025-11-03,629,N21,l,2.0NRT,10.66,D,0.46,0.39,,,,,,firms,VIIRS,VIIRS_NOAA21_NRT
-2.14525,101.04278,2025-11-03,629,N21,n,2.0NRT,6.03,D,0.46,0.39,,,,,,firms,VIIRS,VIIRS_NOAA21_NRT
-2.14392,100.97959,2025-11-03,629,N21,n,2.0NRT,10.66,D,0.46,0.39,,,,,,firms,VIIRS,VIIRS_NOAA21_NRT
-2.14373,101.00485,2025-11-03,629,N21,l,2.0NRT,20.53,D,0.46,0.39,,,,,,firms,VIIRS,VIIRS_NOAA21_NRT
-2.13888,101.01252,2025-11-03,629,N21,n,2.0NRT,6.25,D,0.46,0.39,,,,,,firms,VIIRS,VIIRS_NOAA21_NRT
-2.13825,101.01662,2025-11-03,629,N21,n,2.0NRT,6.25,D,0.46,0.39,,,,,,firms,VIIRS,VIIRS_NOAA21_NRT
-2.13529,101.01199,2025-11-03,629,N21,n,2.0NRT,7.27,D,0.46,0.39,,,,,,firms,VIIRS,VIIRS_NOAA21_NRT
-2.13295,101.00324,2025-11-03,629,N21,l,2.0NRT,9.59,D,0.46,0.39,,,,,,firms,VIIRS,VIIRS_NOAA21_NRT
-2.11499,101.16843,2025-11-03,629,N21,l,2.0NRT,5.69,D,0.45,0.39,,,,,,firms,VIIRS,VIIRS_NOAA21_NRT
-2.10376,101.07455,2025-11-03,629,N21,n,2.0NRT,5.18,D,0.46,0.39,,,,,,firms,VIIRS,VIIRS_NOAA21_NRT
-2.08071,100.88555,2025-11-03,629,N21,l,2.0NRT,5.16,D,0.47,0.39,,,,,,firms,VIIRS,VIIRS_NOAA21_NRT
-2.02449,101.02656,2025-11-03,629,N21,n,2.0NRT,3.43,D,0.46,0.39,,,,,,firms,VIIRS,VIIRS_NOAA21_NRT
-2.0118,101.03761,2025-11-03,629,N21,n,2.0NRT,3.91,D,0.46,0.39,,,,,,firms,VIIRS,VIIRS_NOAA21_NRT
-2.01124,102.0536,2025-11-03,629,N21,n,2.0NRT,16.15,D,0.42,0.37,,,,,,firms,VIIRS,VIIRS_NOAA21_NRT
-1.93731,100.98148,2025-11-03,629,N21,l,2.0NRT,4.2,D,0.46,0.39,,,,,,firms,VIIRS,VIIRS_NOAA21_NRT
-1.93631,100.96419,2025-11-03,629,N21,n,2.0NRT,4.84,D,0.46,0.39,,,,,,firms,VIIRS,VIIRS_NOAA21_NRT
-1.88187,100.95996,2025-11-03,629,N21,n,2.0NRT,8.18,D,0.46,0.39,,,,,,firms,VIIRS,VIIRS_NOAA21_NRT
-1.30884,101.37122,2025-11-03,629,N21,n,2.0NRT,6.88,D,0.44,0.38,,,,,,firms,VIIRS,VIIRS_NOAA21_NRT
-1.18834,112.51723,2025-11-03,629,N21,n,2.0NRT,6.87,D,0.35,0.56,,,,,,firms,VIIRS,VIIRS_NOAA21_NRT
-1.16393,101.42066,2025-11-03,629,N21,l,2.0NRT,5.85,D,0.43,0.38,,,,,,firms,VIIRS,VIIRS_NOAA21_NRT
-0.99631,100.83508,2025-11-03,629,N21,n,2.0NRT,2.7,D,0.46,0.39,,,,,,firms,VIIRS,VIIRS_NOAA21_NRT
-0.74278,116.22145,2025-11-03,629,N21,n,2.0NRT,21.73,D,0.64,0.72,,,,,,firms,VIIRS,VIIRS_NOAA21_NRT
-0.74189,116.22712,2025-11-03,629,N21,n,2.0NRT,24.24,D,0.64,0.72,,,,,,firms,VIIRS,VIIRS_NOAA21_NRT
-0.74081,116.22365,2025-11-03,629,N21,n,2.0NRT,55.28,D,0.64,0.72,,,,,,firms,VIIRS,VIIRS_NOAA21_NRT
-0.73529,116.22607,2025-11-03,629,N21,n,2.0NRT,11.1,D,0.64,0.72,,,,,,firms,VIIRS,VIIRS_NOAA21_NRT
-0.61206,116.11947,2025-11-03,629,N21,n,2.0NRT,12.02,D,0.63,0.72,,,,,,firms,VIIRS,VIIRS_NOAA21_NRT
-0.59475,101.15845,2025-11-03,629,N21,n,2.0NRT,5.07,D,0.44,0.38,,,,,,firms,VIIRS,VIIRS_NOAA21_NRT
-0.58925,116.05283,2025-11-03,629,N21,n,2.0NRT,15.69,D,0.62,0.72,,,,,,firms,VIIRS,VIIRS_NOAA21_NRT
-0.58268,116.05193,2025-11-03,629,N21,n,2.0NRT,15.69,D,0.62,0.72,,,,,,firms,VIIRS,VIIRS_NOAA21_NRT
-0.58178,116.05748,2025-11-03,629,N21,n,2.0NRT,28.13,D,0.62,0.72,,,,,,firms,VIIRS,VIIRS_NOAA21_NRT
-0.57904,116.03732,2025-11-03,629,N21,n,2.0NRT,9.36,D,0.62,0.72,,,,,,firms,VIIRS,VIIRS_NOAA21_NRT
-0.57886,116.03432,2025-11-03,629,N21,n,2.0NRT,10.83,D,0.62,0.71,,,,,,firms,VIIRS,VIIRS_NOAA21_NRT
-0.48561,115.99351,2025-11-03,629,N21,n,2.0NRT,5.5,D,0.62,0.71,,,,,,firms,VIIRS,VIIRS_NOAA21_NRT
-0.48297,100.89651,2025-11-03,629,N21,n,2.0NRT,9.11,D,0.45,0.39,,,,,,firms,VIIRS,VIIRS_NOAA21_NRT
-0.17461,112.07961,2025-11-03,629,N21,n,2.0NRT,3.65,D,0.34,0.56,,,,,,firms,VIIRS,VIIRS_NOAA21_NRT
-0.12681,109.22107,2025-11-03,629,N21,n,2.0NRT,2.8,D,0.43,0.46,,,,,,firms,VIIRS,VIIRS_NOAA21_NRT
-0.03189,99.85636,2025-11-03,629,N21,l,2.0NRT,6.99,D,0.5,0.41,,,,,,firms,VIIRS,VIIRS_NOAA21_NRT
0.04637,110.54874,2025-11-03,629,N21,n,2.0NRT,5.26,D,0.53,0.5,,,,,,firms,VIIRS,VIIRS_NOAA21_NRT
0.04804,100.72006,2025-11-03,629,N21,l,2.0NRT,14.63,D,0.45,0.39,,,,,,firms,VIIRS,VIIRS_NOAA21_NRT
0.10528,116.7479,2025-11-03,629,N21,n,2.0NRT,9.38,D,0.71,0.75,,,,,,firms,VIIRS,VIIRS_NOAA21_NRT
0.12614,101.57899,2025-11-03,629,N21,n,2.0NRT,5.63,D,0.42,0.37,,,,,,firms,VIIRS,VIIRS_NOAA21_NRT
0.24101,109.19287,2025-11-03,629,N21,n,2.0NRT,3.26,D,0.43,0.46,,,,,,firms,VIIRS,VIIRS_NOAA21_NRT
0.25228,99.33643,2025-11-03,629,N21,n,2.0NRT,6.59,D,0.53,0.42,,,,,,firms,VIIRS,VIIRS_NOAA21_NRT
0.32406,111.92241,2025-11-03,629,N21,n,2.0NRT,5.71,D,0.33,0.55,,,,,,firms,VIIRS,VIIRS_NOAA21_NRT
0.40745,112.712,2025-11-03,629,N21,n,2.0NRT,3.02,D,0.38,0.59,,,,,,firms,VIIRS,VIIRS_NOAA21_NRT
0.4343,112.81619,2025-11-03,629,N21,n,2.0NRT,8.26,D,0.39,0.59,,,,,,firms,VIIRS,VIIRS_NOAA21_NRT
0.51308,112.10786,2025-11-03,629,N21,n,2.0NRT,4.27,D,0.34,0.56,,,,,,firms,VIIRS,VIIRS_NOAA21_NRT
0.51488,112.10619,2025-11-03,629,N21,l,2.0NRT,42.7,D,0.35,0.56,,,,,,firms,VIIRS,VIIRS_NOAA21_NRT
0.51534,112.10925,2025-11-03,629,N21,h,2.0NRT,42.7,D,0.35,0.56,,,,,,firms,VIIRS,VIIRS_NOAA21_NRT
0.51774,112.104,2025-11-03,629,N21,n,2.0NRT,29.48,D,0.34,0.56,,,,,,firms,VIIRS,VIIRS_NOAA21_NRT
0.52004,112.10537,2025-11-03,629,N21,h,2.0NRT,9.18,D,0.35,0.56,,,,,,firms,VIIRS,VIIRS_NOAA21_NRT
0.5205,112.10848,2025-11-03,629,N21,n,2.0NRT,9.18,D,0.35,0.56,,,,,,firms,VIIRS,VIIRS_NOAA21_NRT
0.55332,112.11607,2025-11-03,629,N21,n,2.0NRT,43.26,D,0.35,0.56,,,,,,firms,VIIRS,VIIRS_NOAA21_NRT
0.58018,112.32722,2025-11-03,629,N21,n,2.0NRT,2.54,D,0.36,0.57,,,,,,firms,VIIRS,VIIRS_NOAA21_NRT
0.67041,112.95721,2025-11-03,629,N21,n,2.0NRT,4.88,D,0.4,0.6,,,,,,firms,VIIRS,VIIRS_NOAA21_NRT
0.73104,117.05283,2025-11-03,629,N21,n,2.0NRT,16.28,D,0.77,0.77,,,,,,firms,VIIRS,VIIRS_NOAA21_NRT
0.86993,112.97109,2025-11-03,629,N21,n,2.0NRT,4.98,D,0.4,0.6,,,,,,firms,VIIRS,VIIRS_NOAA21_NRT
0.87024,112.97032,2025-11-03,629,N21,n,2.0NRT,3.58,D,0.4,0.6,,,,,,firms,VIIRS,VIIRS_NOAA21_NRT
0.91255,112.91619,2025-11-03,629,N21,n,2.0NRT,3.26,D,0.4,0.6,,,,,,firms,VIIRS,VIIRS_NOAA21_NRT
1.00878,111.93536,2025-11-03,629,N21,h,2.0NRT,5.93,D,0.34,0.56,,,,,,firms,VIIRS,VIIRS_NOAA21_NRT
1.06296,111.92814,2025-11-03,629,N21,n,2.0NRT,5.52,D,0.34,0.56,,,,,,firms,VIIRS,VIIRS_NOAA21_NRT
2.33766,113.23641,2025-11-03,629,N21,n,2.0NRT,3.6,D,0.44,0.63,,,,,,firms,VIIRS,VIIRS_NOAA21_NRT
-4.67323,104.54089,2025-11-03,631,N21,n,2.0NRT,2.24,D,0.38,0.36,,,,,,firms,VIIRS,VIIRS_NOAA21_NRT
-4.66282,104.47161,2025-11-03,631,N21,n,2.0NRT,2.08,D,0.38,0.36,,,,,,firms,VIIRS,VIIRS_NOAA21_NRT
-4.6096,103.21123,2025-11-03,631,N21,n,2.0NRT,2.85,D,0.4,0.37,,,,,,firms,VIIRS,VIIRS_NOAA21_NRT
-4.54845,105.84045,2025-11-03,631,N21,n,2.0NRT,5.17,D,0.4,0.37,,,,,,firms,VIIRS,VIIRS_NOAA21_NRT
-4.47252,104.4526,2025-11-03,631,N21,n,2.0NRT,5.73,D,0.38,0.36,,,,,,firms,VIIRS,VIIRS_NOAA21_NRT
-4.44302,105.22073,2025-11-03,631,N21,n,2.0NRT,4.37,D,0.39,0.36,,,,,,firms,VIIRS,VIIRS_NOAA21_NRT
-4.39548,105.11066,2025-11-03,631,N21,n,2.0NRT,4.17,D,0.39,0.36,,,,,,firms,VIIRS,VIIRS_NOAA21_NRT
-4.39367,104.18579,2025-11-03,631,N21,n,2.0NRT,6.22,D,0.39,0.36,,,,,,firms,VIIRS,VIIRS_NOAA21_NRT
-4.388,105.57994,2025-11-03,631,N21,n,2.0NRT,18.16,D,0.39,0.36,,,,,,firms,VIIRS,VIIRS_NOAA21_NRT
-4.35339,104.02776,2025-11-03,631,N21,n,2.0NRT,10.73,D,0.39,0.36,,,,,,firms,VIIRS,VIIRS_NOAA21_NRT
-4.34958,102.79717,2025-11-03,631,N21,n,2.0NRT,5.27,D,0.41,0.37,,,,,,firms,VIIRS,VIIRS_NOAA21_NRT
-4.34458,104.17484,2025-11-03,631,N21,n,2.0NRT,2.22,D,0.39,0.36,,,,,,firms,VIIRS,VIIRS_NOAA21_NRT
-4.32087,104.61855,2025-11-03,631,N21,n,2.0NRT,8.28,D,0.38,0.36,,,,,,firms,VIIRS,VIIRS_NOAA21_NRT
-4.31497,104.19155,2025-11-03,631,N21,n,2.0NRT,4.84,D,0.39,0.36,,,,,,firms,VIIRS,VIIRS_NOAA21_NRT
-4.18749,104.20319,2025-11-03,631,N21,n,2.0NRT,3.81,D,0.38,0.36,,,,,,firms,VIIRS,VIIRS_NOAA21_NRT
-4.17474,104.17287,2025-11-03,631,N21,n,2.0NRT,3.34,D,0.39,0.36,,,,,,firms,VIIRS,VIIRS_NOAA21_NRT
-4.12834,104.29975,2025-11-03,631,N21,n,2.0NRT,2.92,D,0.38,0.36,,,,,,firms,VIIRS,VIIRS_NOAA21_NRT
-4.05781,103.37832,2025-11-03,631,N21,n,2.0NRT,1.83,D,0.39,0.37,,,,,,firms,VIIRS,VIIRS_NOAA21_NRT
-3.98532,102.56194,2025-11-03,631,N21,n,2.0NRT,5.23,D,0.41,0.37,,,,,,firms,VIIRS,VIIRS_NOAA21_NRT
-3.86967,105.89806,2025-11-03,631,N21,n,2.0NRT,16.98,D,0.4,0.37,,,,,,firms,VIIRS,VIIRS_NOAA21_NRT
-3.86686,105.89395,2025-11-03,631,N21,n,2.0NRT,76.58,D,0.4,0.37,,,,,,firms,VIIRS,VIIRS_NOAA21_NRT
-3.72716,103.7206,2025-11-03,631,N21,n,2.0NRT,2.5,D,0.39,0.36,,,,,,firms,VIIRS,VIIRS_NOAA21_NRT
-3.72437,103.71663,2025-11-03,631,N21,n,2.0NRT,6.71,D,0.39,0.36,,,,,,firms,VIIRS,VIIRS_NOAA21_NRT
-3.70943,104.61773,2025-11-03,631,N21,n,2.0NRT,3.0,D,0.38,0.36,,,,,,firms,VIIRS,VIIRS_NOAA21_NRT
-3.59959,102.21687,2025-11-03,631,N21,n,2.0NRT,3.38,D,0.42,0.38,,,,,,firms,VIIRS,VIIRS_NOAA21_NRT
-3.5934,103.14361,2025-11-03,631,N21,n,2.0NRT,2.85,D,0.4,0.37,,,,,,firms,VIIRS,VIIRS_NOAA21_NRT
-3.48366,104.40241,2025-11-03,631,N21,n,2.0NRT,3.62,D,0.38,0.36,,,,,,firms,VIIRS,VIIRS_NOAA21_NRT
-3.45205,102.02817,2025-11-03,631,N21,n,2.0NRT,6.49,D,0.43,0.38,,,,,,firms,VIIRS,VIIRS_NOAA21_NRT
-3.4219,104.60754,2025-11-03,631,N21,n,2.0NRT,6.85,D,0.38,0.36,,,,,,firms,VIIRS,VIIRS_NOAA21_NRT
-3.35135,104.3568,2025-11-03,631,N21,n,2.0NRT,4.95,D,0.38,0.36,,,,,,firms,VIIRS,VIIRS_NOAA21_NRT
-3.34637,105.78632,2025-11-03,631,N21,n,2.0NRT,2.9,D,0.4,0.37,,,,,,firms,VIIRS,VIIRS_NOAA21_NRT
-3.15904,104.08064,2025-11-03,631,N21,n,2.0NRT,5.49,D,0.38,0.36,,,,,,firms,VIIRS,VIIRS_NOAA21_NRT
-2.94545,106.83411,2025-11-03,631,N21,n,2.0NRT,13.72,D,0.44,0.38,,,,,,firms,VIIRS,VIIRS_NOAA21_NRT
-2.94118,106.86152,2025-11-03,631,N21,n,2.0NRT,4.77,D,0.44,0.38,,,,,,firms,VIIRS,VIIRS_NOAA21_NRT
-2.7519,106.63458,2025-11-03,631,N21,n,2.0NRT,6.63,D,0.43,0.38,,,,,,firms,VIIRS,VIIRS_NOAA21_NRT
-2.1994,115.28947,2025-11-03,631,N21,n,2.0NRT,3.75,D,0.52,0.67,,,,,,firms,VIIRS,VIIRS_NOAA21_NRT
-1.87904,112.34092,2025-11-03,631,N21,n,2.0NRT,4.0,D,0.33,0.55,,,,,,firms,VIIRS,VIIRS_NOAA21_NRT
-1.55224,112.90272,2025-11-03,631,N21,n,2.0NRT,2.55,D,0.36,0.58,,,,,,firms,VIIRS,VIIRS_NOAA21_NRT
0.3341,99.26521,2025-11-03,631,N21,n,2.0NRT,8.87,D,0.53,0.42,,,,,,firms,VIIRS,VIIRS_NOAA21_NRT
0.33484,99.27,2025-11-03,631,N21,n,2.0NRT,8.87,D,0.53,0.42,,,,,,firms,VIIRS,VIIRS_NOAA21_NRT
0.33676,99.18047,2025-11-03,631,N21,n,2.0NRT,12.28,D,0.54,0.42,,,,,,firms,VIIRS,VIIRS_NOAA21_NRT
0.41394,99.42963,2025-11-03,631,N21,n,2.0NRT,13.86,D,0.52,0.42,,,,,,firms,VIIRS,VIIRS_NOAA21_NRT
0.414,99.43098,2025-11-03,631,N21,l,2.0NRT,13.35,D,0.52,0.42,,,,,,firms,VIIRS,VIIRS_NOAA21_NRT
0.58197,100.51493,2025-11-03,631,N21,n,2.0NRT,5.87,D,0.46,0.39,,,,,,firms,VIIRS,VIIRS_NOAA21_NRT
0.58477,100.51472,2025-11-03,631,N21,n,2.0NRT,8.17,D,0.45,0.39,,,,,,firms,VIIRS,VIIRS_NOAA21_NRT
0.58553,100.51435,2025-11-03,631,N21,n,2.0NRT,5.15,D,0.46,0.39,,,,,,firms,VIIRS,VIIRS_NOAA21_NRT
1.10032,101.02802,2025-11-03,631,N21,n,2.0NRT,8.13,D,0.43,0.38,,,,,,firms,VIIRS,VIIRS_NOAA21_NRT
1.10092,101.03183,2025-11-03,631,N21,n,2.0NRT,13.94,D,0.43,0.38,,,,,,firms,VIIRS,VIIRS_NOAA21_NRT
1.10154,101.02801,2025-11-03,631,N21,n,2.0NRT,7.49,D,0.43,0.38,,,,,,firms,VIIRS,VIIRS_NOAA21_NRT
1.10212,101.03181,2025-11-03,631,N21,h,2.0NRT,11.15,D,0.43,0.38,,,,,,firms,VIIRS,VIIRS_NOAA21_NRT
1.1027,101.03564,2025-11-03,631,N21,n,2.0NRT,11.15,D,0.43,0.38,,,,,,firms,VIIRS,VIIRS_NOAA21_NRT
1.10439,101.0313,2025-11-03,631,N21,n,2.0NRT,13.94,D,0.43,0.38,,,,,,firms,VIIRS,VIIRS_NOAA21_NRT
1.2574,97.2544,2025-11-03,631,N21,n,2.0NRT,4.38,D,0.46,0.47,,,,,,firms,VIIRS,VIIRS_NOAA21_NRT
1.38925,97.29341,2025-11-03,631,N21,n,2.0NRT,16.29,D,0.46,0.47,,,,,,firms,VIIRS,VIIRS_NOAA21_NRT
1.39215,97.29378,2025-11-03,631,N21,n,2.0NRT,13.37,D,0.46,0.47,,,,,,firms,VIIRS,VIIRS_NOAA21_NRT
1.52794,99.33373,2025-11-03,631,N21,l,2.0NRT,14.86,D,0.51,0.41,,,,,,firms,VIIRS,VIIRS_NOAA21_NRT
1.5317,99.33321,2025-11-03,631,N21,l,2.0NRT,7.38,D,0.51,0.41,,,,,,firms,VIIRS,VIIRS_NOAA21_NRT
1.56545,101.19653,2025-11-03,631,N21,n,2.0NRT,7.71,D,0.42,0.38,,,,,,firms,VIIRS,VIIRS_NOAA21_NRT
1.57629,99.32307,2025-11-03,631,N21,n,2.0NRT,7.82,D,0.51,0.41,,,,,,firms,VIIRS,VIIRS_NOAA21_NRT
1.80043,99.34309,2025-11-03,631,N21,n,2.0NRT,4.21,D,0.51,0.41,,,,,,firms,VIIRS,VIIRS_NOAA21_NRT
1.94556,99.10175,2025-11-03,631,N21,n,2.0NRT,4.97,D,0.52,0.41,,,,,,firms,VIIRS,VIIRS_NOAA21_NRT
1.94627,99.10629,2025-11-03,631,N21,n,2.0NRT,4.97,D,0.52,0.41,,,,,,firms,VIIRS,VIIRS_NOAA21_NRT
2.05646,98.96721,2025-11-03,631,N21,n,2.0NRT,23.02,D,0.53,0.42,,,,,,firms,VIIRS,VIIRS_NOAA21_NRT
2.18729,98.86469,2025-11-03,631,N21,n,2.0NRT,6.25,D,0.53,0.42,,,,,,firms,VIIRS,VIIRS_NOAA21_NRT
2.20675,98.81421,2025-11-03,631,N21,n,2.0NRT,10.23,D,0.54,0.42,,,,,,firms,VIIRS,VIIRS_NOAA21_NRT
2.24098,98.42063,2025-11-03,631,N21,n,2.0NRT,20.12,D,0.56,0.43,,,,,,firms,VIIRS,VIIRS_NOAA21_NRT
2.3885,98.08791,2025-11-03,631,N21,n,2.0NRT,5.02,D,0.39,0.44,,,,,,firms,VIIRS,VIIRS_NOAA21_NRT
2.40819,102.00055,2025-11-03,631,N21,n,2.0NRT,5.04,D,0.39,0.36,,,,,,firms,VIIRS,VIIRS_NOAA21_NRT
2.41153,102.00005,2025-11-03,631,N21,n,2.0NRT,5.04,D,0.39,0.36,,,,,,firms,VIIRS,VIIRS_NOAA21_NRT
2.57789,98.97709,2025-11-03,631,N21,n,2.0NRT,6.98,D,0.52,0.41,,,,,,firms,VIIRS,VIIRS_NOAA21_NRT
2.57862,98.98174,2025-11-03,631,N21,n,2.0NRT,6.98,D,0.52,0.41,,,,,,firms,VIIRS,VIIRS_NOAA21_NRT
2.59886,114.32813,2025-11-03,631,N21,n,2.0NRT,9.29,D,0.53,0.67,,,,,,firms,VIIRS,VIIRS_NOAA21_NRT
2.59959,114.33315,2025-11-03,631,N21,n,2.0NRT,10.19,D,0.53,0.67,,,,,,firms,VIIRS,VIIRS_NOAA21_NRT
2.83316,101.53916,2025-11-03,631,N21,n,2.0NRT,4.41,D,0.4,0.37,,,,,,firms,VIIRS,VIIRS_NOAA21_NRT
2.93248,116.3795,2025-11-03,631,N21,n,2.0NRT,6.36,D,0.75,0.77,,,,,,firms,VIIRS,VIIRS_NOAA21_NRT
2.94191,101.38239,2025-11-03,631,N21,n,2.0NRT,4.18,D,0.4,0.37,,,,,,firms,VIIRS,VIIRS_NOAA21_NRT
2.94361,101.37108,2025-11-03,631,N21,n,2.0NRT,4.49,D,0.4,0.37,,,,,,firms,VIIRS,VIIRS_NOAA21_NRT
2.94528,101.38188,2025-11-03,631,N21,n,2.0NRT,10.45,D,0.4,0.37,,,,,,firms,VIIRS,VIIRS_NOAA21_NRT
2.96493,101.39733,2025-11-03,631,N21,n,2.0NRT,3.87,D,0.4,0.37,,,,,,firms,VIIRS,VIIRS_NOAA21_NRT
3.00519,101.45738,2025-11-03,631,N21,n,2.0NRT,2.28,D,0.4,0.37,,,,,,firms,VIIRS,VIIRS_NOAA21_NRT
3.00848,101.47887,2025-11-03,631,N21,n,2.0NRT,2.73,D,0.4,0.37,,,,,,firms,VIIRS,VIIRS_NOAA21_NRT
3.03907,112.63708,2025-11-03,631,N21,n,2.0NRT,5.62,D,0.41,0.61,,,,,,firms,VIIRS,VIIRS_NOAA21_NRT
3.04648,101.37762,2025-11-03,631,N21,n,2.0NRT,6.99,D,0.4,0.37,,,,,,firms,VIIRS,VIIRS_NOAA21_NRT
3.06492,113.41584,2025-11-03,631,N21,n,2.0NRT,4.57,D,0.47,0.64,,,,,,firms,VIIRS,VIIRS_NOAA21_NRT
3.08772,113.52351,2025-11-03,631,N21,n,2.0NRT,4.87,D,0.48,0.64,,,,,,firms,VIIRS,VIIRS_NOAA21_NRT
3.48641,101.47401,2025-11-03,631,N21,n,2.0NRT,4.11,D,0.4,0.37,,,,,,firms,VIIRS,VIIRS_NOAA21_NRT
3.49086,101.48056,2025-11-03,631,N21,l,2.0NRT,6.81,D,0.4,0.37,,,,,,firms,VIIRS,VIIRS_NOAA21_NRT
3.49141,101.48412,2025-11-03,631,N21,l,2.0NRT,3.94,D,0.4,0.37,,,,,,firms,VIIRS,VIIRS_NOAA21_NRT
3.49477,101.48362,2025-11-03,631,N21,l,2.0NRT,3.94,D,0.4,0.37,,,,,,firms,VIIRS,VIIRS_NOAA21_NRT
3.60411,112.41228,2025-11-03,631,N21,n,2.0NRT,4.83,D,0.41,0.6,,,,,,firms,VIIRS,VIIRS_NOAA21_NRT
3.78513,102.39863,2025-11-03,631,N21,n,2.0NRT,7.15,D,0.39,0.36,,,,,,firms,VIIRS,VIIRS_NOAA21_NRT
4.01847,114.52823,2025-11-03,631,N21,n,2.0NRT,4.67,D,0.58,0.69,,,,,,firms,VIIRS,VIIRS_NOAA21_NRT
4.0192,114.53343,2025-11-03,631,N21,n,2.0NRT,4.67,D,0.58,0.7,,,,,,firms,VIIRS,VIIRS_NOAA21_NRT
4.08965,113.8822,2025-11-03,631,N21,n,2.0NRT,8.91,D,0.52,0.67,,,,,,firms,VIIRS,VIIRS_NOAA21_NRT
4.09046,113.88289,2025-11-03,631,N21,n,2.0NRT,7.59,D,0.52,0.67,,,,,,firms,VIIRS,VIIRS_NOAA21_NRT
4.09153,115.60577,2025-11-03,631,N21,n,2.0NRT,18.6,D,0.69,0.74,,,,,,firms,VIIRS,VIIRS_NOAA21_NRT
4.34835,100.99393,2025-11-03,631,N21,l,2.0NRT,4.18,D,0.41,0.37,,,,,,firms,VIIRS,VIIRS_NOAA21_NRT
4.43054,115.75582,2025-11-03,631,N21,n,2.0NRT,11.75,D,0.71,0.75,,,,,,firms,VIIRS,VIIRS_NOAA21_NRT
4.55501,103.45628,2025-11-03,631,N21,n,2.0NRT,1.59,D,0.39,0.36,,,,,,firms,VIIRS,VIIRS_NOAA21_NRT
4.73879,113.7303,2025-11-03,631,N21,n,2.0NRT,5.05,D,0.52,0.67,,,,,,firms,VIIRS,VIIRS_NOAA21_NRT
4.98036,112.98341,2025-11-03,631,N21,n,2.0NRT,16.74,D,0.47,0.64,,,,,,firms,VIIRS,VIIRS_NOAA21_NRT
5.62248,114.89199,2025-11-03,631,N21,n,2.0NRT,8.46,D,0.65,0.73,,,,,,firms,VIIRS,VIIRS_NOAA21_NRT
5.64346,105.0433,2025-11-03,631,N21,n,2.0NRT,8.09,D,0.44,0.39,,,,,,firms,VIIRS,VIIRS_NOAA21_NRT
5.61975,114.88888,2025-11-03,1728,N21,n,2.0NRT,3.74,N,0.4,0.44,,,,,,firms,VIIRS,VIIRS_NOAA21_NRT
-1.56923,127.43056,2025-11-03,1730,N21,n,2.0NRT,1.17,N,0.37,0.58,,,,,,firms,VIIRS,VIIRS_NOAA21_NRT
-1.45724,127.43771,2025-11-03,1730,N21,n,2.0NRT,4.18,N,0.37,0.58,,,,,,firms,VIIRS,VIIRS_NOAA21_NRT
-1.4568,127.43478,2025-11-03,1730,N21,n,2.0NRT,4.18,N,0.37,0.58,,,,,,firms,VIIRS,VIIRS_NOAA21_NRT
-1.24552,116.81406,2025-11-03,1730,N21,n,2.0NRT,2.38,N,0.4,0.37,,,,,,firms,VIIRS,VIIRS_NOAA21_NRT
-1.19513,114.73572,2025-11-03,1730,N21,n,2.0NRT,0.45,N,0.49,0.41,,,,,,firms,VIIRS,VIIRS_NOAA21_NRT
-0.85458,117.18566,2025-11-03,1730,N21,n,2.0NRT,0.84,N,0.4,0.37,,,,,,firms,VIIRS,VIIRS_NOAA21_NRT
-0.70897,117.0622,2025-11-03,1730,N21,n,2.0NRT,1.93,N,0.4,0.37,,,,,,firms,VIIRS,VIIRS_NOAA21_NRT
-0.69839,117.12598,2025-11-03,1730,N21,n,2.0NRT,1.82,N,0.4,0.37,,,,,,firms,VIIRS,VIIRS_NOAA21_NRT
0.4792,127.98946,2025-11-03,1730,N21,n,2.0NRT,2.19,N,0.38,0.59,,,,,,firms,VIIRS,VIIRS_NOAA21_NRT
0.48249,128.0033,2025-11-03,1730,N21,n,2.0NRT,2.8,N,0.38,0.59,,,,,,firms,VIIRS,VIIRS_NOAA21_NRT
0.483,128.00008,2025-11-03,1730,N21,n,2.0NRT,2.8,N,0.38,0.59,,,,,,firms,VIIRS,VIIRS_NOAA21_NRT
0.48353,127.99672,2025-11-03,1730,N21,n,2.0NRT,3.07,N,0.38,0.59,,,,,,firms,VIIRS,VIIRS_NOAA21_NRT
0.48404,127.99348,2025-11-03,1730,N21,n,2.0NRT,3.07,N,0.38,0.59,,,,,,firms,VIIRS,VIIRS_NOAA21_NRT
0.48457,127.99015,2025-11-03,1730,N21,n,2.0NRT,4.34,N,0.38,0.59,,,,,,firms,VIIRS,VIIRS_NOAA21_NRT
0.4851,127.98678,2025-11-03,1730,N21,n,2.0NRT,4.34,N,0.38,0.59,,,,,,firms,VIIRS,VIIRS_NOAA21_NRT
0.48568,127.9831,2025-11-03,1730,N21,n,2.0NRT,2.28,N,0.38,0.59,,,,,,firms,VIIRS,VIIRS_NOAA21_NRT
0.48679,127.97605,2025-11-03,1730,N21,n,2.0NRT,1.93,N,0.38,0.59,,,,,,firms,VIIRS,VIIRS_NOAA21_NRT
0.49108,127.9836,2025-11-03,1730,N21,n,2.0NRT,2.28,N,0.38,0.59,,,,,,firms,VIIRS,VIIRS_NOAA21_NRT
0.50998,127.89803,2025-11-03,1730,N21,n,2.0NRT,1.49,N,0.37,0.58,,,,,,firms,VIIRS,VIIRS_NOAA21_NRT
0.5105,127.89476,2025-11-03,1730,N21,n,2.0NRT,1.49,N,0.37,0.58,,,,,,firms,VIIRS,VIIRS_NOAA21_NRT
0.69048,117.55246,2025-11-03,1730,N21,n,2.0NRT,1.61,N,0.4,0.37,,,,,,firms,VIIRS,VIIRS_NOAA21_NRT
3.27586,113.06337,2025-11-03,1730,N21,n,2.0NRT,2.45,N,0.48,0.48,,,,,,firms,VIIRS,VIIRS_NOAA21_NRT
3.28027,113.064,2025-11-03,1730,N21,n,2.0NRT,2.45,N,0.48,0.48,,,,,,firms,VIIRS,VIIRS_NOAA21_NRT
-9.82218,130.27429,2025-11-03,1732,N21,n,2.0NRT,4.44,N,0.78,0.78,,,,,,firms,VIIRS,VIIRS_NOAA21_NRT
-8.45859,127.10492,2025-11-03,1732,N21,n,2.0NRT,0.88,N,0.45,0.63,,,,,,firms,VIIRS,VIIRS_NOAA21_NRT
-8.45806,127.10078,2025-11-03,1732,N21,n,2.0NRT,1.84,N,0.45,0.63,,,,,,firms,VIIRS,VIIRS_NOAA21_NRT
-8.45742,127.10447,2025-11-03,1732,N21,n,2.0NRT,0.82,N,0.45,0.63,,,,,,firms,VIIRS,VIIRS_NOAA21_NRT
-8.45686,127.10033,2025-11-03,1732,N21,n,2.0NRT,1.51,N,0.45,0.63,,,,,,firms,VIIRS,VIIRS_NOAA21_NRT
-8.16107,118.11096,2025-11-03,1732,N21,n,2.0NRT,1.14,N,0.4,0.37,,,,,,firms,VIIRS,VIIRS_NOAA21_NRT
-8.12253,112.93822,2025-11-03,1732,N21,n,2.0NRT,0.87,N,0.51,0.41,,,,,,firms,VIIRS,VIIRS_NOAA21_NRT
-8.11771,112.93227,2025-11-03,1732,N21,n,2.0NRT,3.32,N,0.51,0.41,,,,,,firms,VIIRS,VIIRS_NOAA21_NRT
-8.11712,112.92869,2025-11-03,1732,N21,n,2.0NRT,1.62,N,0.51,0.41,,,,,,firms,VIIRS,VIIRS_NOAA21_NRT
-7.90213,126.23096,2025-11-03,1732,N21,n,2.0NRT,1.23,N,0.38,0.59,,,,,,firms,VIIRS,VIIRS_NOAA21_NRT
-7.90169,126.22759,2025-11-03,1732,N21,n,2.0NRT,1.12,N,0.38,0.59,,,,,,firms,VIIRS,VIIRS_NOAA21_NRT
-7.89936,126.2299,2025-11-03,1732,N21,n,2.0NRT,1.62,N,0.38,0.59,,,,,,firms,VIIRS,VIIRS_NOAA21_NRT
-7.8989,126.22652,2025-11-03,1732,N21,n,2.0NRT,1.6,N,0.38,0.59,,,,,,firms,VIIRS,VIIRS_NOAA21_NRT
-7.88429,126.24007,2025-11-03,1732,N21,n,2.0NRT,0.52,N,0.38,0.59,,,,,,firms,VIIRS,VIIRS_NOAA21_NRT
-7.87927,126.24352,2025-11-03,1732,N21,n,2.0NRT,2.66,N,0.38,0.59,,,,,,firms,VIIRS,VIIRS_NOAA21_NRT
-7.86418,126.25371,2025-11-03,1732,N21,n,2.0NRT,2.47,N,0.38,0.59,,,,,,firms,VIIRS,VIIRS_NOAA21_NRT
-7.86375,126.25054,2025-11-03,1732,N21,n,2.0NRT,2.47,N,0.38,0.59,,,,,,firms,VIIRS,VIIRS_NOAA21_NRT
-7.85952,126.21923,2025-11-03,1732,N21,n,2.0NRT,2.5,N,0.38,0.59,,,,,,firms,VIIRS,VIIRS_NOAA21_NRT
-7.85584,126.23264,2025-11-03,1732,N21,n,2.0NRT,1.81,N,0.38,0.59,,,,,,firms,VIIRS,VIIRS_NOAA21_NRT
-7.85409,126.21964,2025-11-03,1732,N21,n,2.0NRT,2.05,N,0.38,0.59,,,,,,firms,VIIRS,VIIRS_NOAA21_NRT
-7.85373,126.21695,2025-11-03,1732,N21,n,2.0NRT,2.52,N,0.38,0.59,,,,,,firms,VIIRS,VIIRS_NOAA21_NRT
-7.85055,126.23409,2025-11-03,1732,N21,n,2.0NRT,1.81,N,0.38,0.59,,,,,,firms,VIIRS,VIIRS_NOAA21_NRT
-7.84884,126.22137,2025-11-03,1732,N21,n,2.0NRT,2.05,N,0.38,0.59,,,,,,firms,VIIRS,VIIRS_NOAA21_NRT
-7.2526,107.63516,2025-11-03,1732,N21,n,2.0NRT,0.64,N,0.39,0.59,,,,,,firms,VIIRS,VIIRS_NOAA21_NRT
-6.48154,106.89843,2025-11-03,1732,N21,n,2.0NRT,1.12,N,0.45,0.63,,,,,,firms,VIIRS,VIIRS_NOAA21_NRT
-6.47748,106.90009,2025-11-03,1732,N21,n,2.0NRT,1.03,N,0.45,0.63,,,,,,firms,VIIRS,VIIRS_NOAA21_NRT
-3.90266,122.4224,2025-11-03,1732,N21,n,2.0NRT,0.99,N,0.56,0.43,,,,,,firms,VIIRS,VIIRS_NOAA21_NRT
-3.90259,122.42072,2025-11-03,1732,N21,n,2.0NRT,1.58,N,0.56,0.43,,,,,,firms,VIIRS,VIIRS_NOAA21_NRT
-3.9019,122.41743,2025-11-03,1732,N21,n,2.0NRT,3.06,N,0.56,0.43,,,,,,firms,VIIRS,VIIRS_NOAA21_NRT
-3.90186,122.41575,2025-11-03,1732,N21,n,2.0NRT,1.58,N,0.56,0.43,,,,,,firms,VIIRS,VIIRS_NOAA21_NRT
-3.87224,122.40673,2025-11-03,1732,N21,n,2.0NRT,2.45,N,0.56,0.43,,,,,,firms,VIIRS,VIIRS_NOAA21_NRT
-3.87148,122.40177,2025-11-03,1732,N21,n,2.0NRT,2.22,N,0.56,0.43,,,,,,firms,VIIRS,VIIRS_NOAA21_NRT
-3.87073,122.39681,2025-11-03,1732,N21,n,2.0NRT,2.22,N,0.56,0.43,,,,,,firms,VIIRS,VIIRS_NOAA21_NRT
-3.86997,122.39184,2025-11-03,1732,N21,n,2.0NRT,1.05,N,0.55,0.43,,,,,,firms,VIIRS,VIIRS_NOAA21_NRT
-3.76333,115.43326,2025-11-03,1732,N21,n,2.0NRT,1.63,N,0.43,0.38,,,,,,firms,VIIRS,VIIRS_NOAA21_NRT
-3.76272,115.42942,2025-11-03,1732,N21,n,2.0NRT,1.63,N,0.43,0.38,,,,,,firms,VIIRS,VIIRS_NOAA21_NRT
1.09972,101.02867,2025-11-03,1910,N21,n,2.0NRT,3.46,N,0.58,0.52,,,,,,firms,VIIRS,VIIRS_NOAA21_NRT
1.10365,101.03454,2025-11-03,1910,N21,n,2.0NRT,1.52,N,0.58,0.52,,,,,,firms,VIIRS,VIIRS_NOAA21_NRT
1.10446,101.02945,2025-11-03,1910,N21,n,2.0NRT,1.52,N,0.58,0.52,,,,,,firms,VIIRS,VIIRS_NOAA21_NRT
1.25924,101.1348,2025-11-03,1910,N21,n,2.0NRT,1.34,N,0.58,0.52,,,,,,firms,VIIRS,VIIRS_NOAA21_NRT
1.5619,99.41662,2025-11-03,1910,N21,n,2.0NRT,2.35,N,0.44,0.46,,,,,,firms,VIIRS,VIIRS_NOAA21_NRT
1.56606,99.41765,2025-11-03,1910,N21,n,2.0NRT,2.35,N,0.44,0.46,,,,,,firms,VIIRS,VIIRS_NOAA21_NRT
3.37596,101.57874,2025-11-03,1910,N21,n,2.0NRT,1.27,N,0.58,0.52,,,,,,firms,VIIRS,VIIRS_NOAA21_NRT
4.65498,103.38401,2025-11-03,1910,N21,n,2.0NRT,5.32,N,0.37,0.58,,,,,,firms,VIIRS,VIIRS_NOAA21_NRT
4.65553,103.38075,2025-11-03,1910,N21,h,2.0NRT,5.32,N,0.37,0.58,,,,,,firms,VIIRS,VIIRS_NOAA21_NRT
4.66079,103.38168,2025-11-03,1910,N21,n,2.0NRT,1.94,N,0.37,0.58,,,,,,firms,VIIRS,VIIRS_NOAA21_NRT
-2.21809,101.04391,2025-11-03,1912,N21,n,2.0NRT,1.01,N,0.32,0.55,,,,,,firms,VIIRS,VIIRS_NOAA21_NRT
-2.21766,101.04104,2025-11-03,1912,N21,n,2.0NRT,1.13,N,0.32,0.55,,,,,,firms,VIIRS,VIIRS_NOAA21_NRT
-2.16956,100.99277,2025-11-03,1912,N21,n,2.0NRT,0.79,N,0.32,0.55,,,,,,firms,VIIRS,VIIRS_NOAA21_NRT
-2.169,100.99277,2025-11-03,1912,N21,n,2.0NRT,0.83,N,0.32,0.55,,,,,,firms,VIIRS,VIIRS_NOAA21_NRT
-2.10937,101.17486,2025-11-03,1912,N21,n,2.0NRT,0.56,N,0.33,0.55,,,,,,firms,VIIRS,VIIRS_NOAA21_NRT
-0.94673,100.67458,2025-11-03,1912,N21,n,2.0NRT,0.66,N,0.59,0.53,,,,,,firms,VIIRS,VIIRS_NOAA21_NRT
-0.84805,100.73497,2025-11-03,1912,N21,n,2.0NRT,2.2,N,0.59,0.53,,,,,,firms,VIIRS,VIIRS_NOAA21_NRT
-0.84736,100.7304,2025-11-03,1912,N21,n,2.0NRT,2.2,N,0.59,0.53,,,,,,firms,VIIRS,VIIRS_NOAA21_NRT
-0.5572,102.70658,2025-11-03,1912,N21,n,2.0NRT,3.47,N,0.4,0.6,,,,,,firms,VIIRS,VIIRS_NOAA21_NRT
-0.55665,102.70303,2025-11-03,1912,N21,n,2.0NRT,1.93,N,0.4,0.6,,,,,,firms,VIIRS,VIIRS_NOAA21_NRT
-0.5561,102.69949,2025-11-03,1912,N21,n,2.0NRT,1.93,N,0.4,0.6,,,,,,firms,VIIRS,VIIRS_NOAA21_NRT
-0.55174,102.70744,2025-11-03,1912,N21,n,2.0NRT,1.84,N,0.4,0.6,,,,,,firms,VIIRS,VIIRS_NOAA21_NRT
0.73418,100.1013,2025-11-03,1912,N21,n,2.0NRT,2.17,N,0.5,0.49,,,,,,firms,VIIRS,VIIRS_NOAA21_NRT
0.73793,100.10667,2025-11-03,1912,N21,n,2.0NRT,1.62,N,0.5,0.49,,,,,,firms,VIIRS,VIIRS_NOAA21_NRT
0.77681,101.42887,2025-11-03,1912,N21,n,2.0NRT,1.45,N,0.62,0.54,,,,,,firms,VIIRS,VIIRS_NOAA21_NRT
1.17588,99.7372,2025-11-03,1912,N21,n,2.0NRT,0.41,N,0.47,0.48,,,,,,firms,VIIRS,VIIRS_NOAA21_NRT
-10.32837,123.84977,2025-11-04,427,N21,n,2.0NRT,5.4,D,0.6,0.71,,,,,,firms,VIIRS,VIIRS_NOAA21_NRT
-10.23682,123.9482,2025-11-04,427,N21,n,2.0NRT,5.37,D,0.59,0.7,,,,,,firms,VIIRS,VIIRS_NOAA21_NRT
-10.05872,124.00533,2025-11-04,427,N21,n,2.0NRT,5.23,D,0.58,0.7,,,,,,firms,VIIRS,VIIRS_NOAA21_NRT
-9.98118,124.53974,2025-11-04,427,N21,n,2.0NRT,5.15,D,0.53,0.67,,,,,,firms,VIIRS,VIIRS_NOAA21_NRT
-9.74891,124.80332,2025-11-04,427,N21,n,2.0NRT,4.68,D,0.51,0.66,,,,,,firms,VIIRS,VIIRS_NOAA21_NRT
-9.73735,124.64278,2025-11-04,427,N21,n,2.0NRT,9.06,D,0.52,0.67,,,,,,firms,VIIRS,VIIRS_NOAA21_NRT
-9.72099,124.77975,2025-11-04,427,N21,n,2.0NRT,3.41,D,0.51,0.66,,,,,,firms,VIIRS,VIIRS_NOAA21_NRT
-9.71966,124.78006,2025-11-04,427,N21,n,2.0NRT,2.78,D,0.51,0.66,,,,,,firms,VIIRS,VIIRS_NOAA21_NRT
-9.35037,124.73932,2025-11-04,427,N21,n,2.0NRT,3.83,D,0.51,0.66,,,,,,firms,VIIRS,VIIRS_NOAA21_NRT
-9.29135,124.21513,2025-11-04,427,N21,n,2.0NRT,4.44,D,0.55,0.68,,,,,,firms,VIIRS,VIIRS_NOAA21_NRT
-9.18127,125.637,2025-11-04,427,N21,n,2.0NRT,4.22,D,0.44,0.62,,,,,,firms,VIIRS,VIIRS_NOAA21_NRT
-9.17832,125.63144,2025-11-04,427,N21,n,2.0NRT,8.06,D,0.44,0.62,,,,,,firms,VIIRS,VIIRS_NOAA21_NRT
-9.17649,125.62928,2025-11-04,427,N21,n,2.0NRT,7.58,D,0.44,0.62,,,,,,firms,VIIRS,VIIRS_NOAA21_NRT
-9.1191,125.20574,2025-11-04,427,N21,n,2.0NRT,4.78,D,0.47,0.64,,,,,,firms,VIIRS,VIIRS_NOAA21_NRT
-9.0224,126.06766,2025-11-04,427,N21,n,2.0NRT,5.87,D,0.41,0.6,,,,,,firms,VIIRS,VIIRS_NOAA21_NRT
-9.02224,126.06928,2025-11-04,427,N21,h,2.0NRT,11.95,D,0.41,0.6,,,,,,firms,VIIRS,VIIRS_NOAA21_NRT
-9.02192,126.07129,2025-11-04,427,N21,n,2.0NRT,5.87,D,0.41,0.6,,,,,,firms,VIIRS,VIIRS_NOAA21_NRT
-8.95746,126.134,2025-11-04,427,N21,n,2.0NRT,7.57,D,0.4,0.6,,,,,,firms,VIIRS,VIIRS_NOAA21_NRT
-8.95195,126.13331,2025-11-04,427,N21,h,2.0NRT,7.57,D,0.4,0.6,,,,,,firms,VIIRS,VIIRS_NOAA21_NRT
-8.95148,126.13692,2025-11-04,427,N21,n,2.0NRT,7.57,D,0.4,0.6,,,,,,firms,VIIRS,VIIRS_NOAA21_NRT
-8.55608,125.80676,2025-11-04,427,N21,n,2.0NRT,7.15,D,0.42,0.61,,,,,,firms,VIIRS,VIIRS_NOAA21_NRT
-8.4983,123.56785,2025-11-04,427,N21,n,2.0NRT,14.66,D,0.6,0.7,,,,,,firms,VIIRS,VIIRS_NOAA21_NRT
-8.49719,123.56626,2025-11-04,427,N21,n,2.0NRT,12.29,D,0.59,0.7,,,,,,firms,VIIRS,VIIRS_NOAA21_NRT
-8.39771,127.27497,2025-11-04,427,N21,n,2.0NRT,3.69,D,0.33,0.55,,,,,,firms,VIIRS,VIIRS_NOAA21_NRT
-8.38421,124.47569,2025-11-04,427,N21,n,2.0NRT,7.25,D,0.51,0.66,,,,,,firms,VIIRS,VIIRS_NOAA21_NRT
-8.38254,124.47804,2025-11-04,427,N21,n,2.0NRT,10.87,D,0.51,0.66,,,,,,firms,VIIRS,VIIRS_NOAA21_NRT
-8.28521,125.01821,2025-11-04,427,N21,n,2.0NRT,5.92,D,0.47,0.64,,,,,,firms,VIIRS,VIIRS_NOAA21_NRT
-8.1701,130.97195,2025-11-04,427,N21,n,2.0NRT,8.77,D,0.56,0.43,,,,,,firms,VIIRS,VIIRS_NOAA21_NRT
-8.11976,129.8864,2025-11-04,427,N21,n,2.0NRT,6.68,D,0.43,0.46,,,,,,firms,VIIRS,VIIRS_NOAA21_NRT
-8.11865,129.8943,2025-11-04,427,N21,n,2.0NRT,17.29,D,0.43,0.46,,,,,,firms,VIIRS,VIIRS_NOAA21_NRT
-8.1181,129.89821,2025-11-04,427,N21,n,2.0NRT,17.29,D,0.43,0.46,,,,,,firms,VIIRS,VIIRS_NOAA21_NRT
-7.88474,126.24083,2025-11-04,427,N21,n,2.0NRT,3.79,D,0.38,0.59,,,,,,firms,VIIRS,VIIRS_NOAA21_NRT
-7.88429,126.24412,2025-11-04,427,N21,n,2.0NRT,3.79,D,0.38,0.59,,,,,,firms,VIIRS,VIIRS_NOAA21_NRT
-7.88386,126.24729,2025-11-04,427,N21,n,2.0NRT,5.54,D,0.38,0.59,,,,,,firms,VIIRS,VIIRS_NOAA21_NRT
-7.87231,126.2517,2025-11-04,427,N21,n,2.0NRT,4.05,D,0.38,0.59,,,,,,firms,VIIRS,VIIRS_NOAA21_NRT
-7.86139,126.25153,2025-11-04,427,N21,n,2.0NRT,9.66,D,0.38,0.59,,,,,,firms,VIIRS,VIIRS_NOAA21_NRT
-7.85186,126.24092,2025-11-04,427,N21,n,2.0NRT,3.55,D,0.38,0.59,,,,,,firms,VIIRS,VIIRS_NOAA21_NRT
-7.84995,126.21413,2025-11-04,427,N21,n,2.0NRT,6.69,D,0.38,0.59,,,,,,firms,VIIRS,VIIRS_NOAA21_NRT
-7.84793,126.22934,2025-11-04,427,N21,n,2.0NRT,5.68,D,0.38,0.59,,,,,,firms,VIIRS,VIIRS_NOAA21_NRT
-7.8475,126.23258,2025-11-04,427,N21,n,2.0NRT,5.68,D,0.38,0.59,,,,,,firms,VIIRS,VIIRS_NOAA21_NRT
-7.84709,126.23565,2025-11-04,427,N21,n,2.0NRT,3.55,D,0.38,0.59,,,,,,firms,VIIRS,VIIRS_NOAA21_NRT
-7.75904,126.61316,2025-11-04,427,N21,n,2.0NRT,2.33,D,0.36,0.57,,,,,,firms,VIIRS,VIIRS_NOAA21_NRT
-2.65679,140.51837,2025-11-04,427,N21,n,2.0NRT,4.02,D,0.47,0.48,,,,,,firms,VIIRS,VIIRS_NOAA21_NRT
-4.71722,122.98341,2025-11-04,429,N21,n,2.0NRT,9.22,D,0.58,0.7,,,,,,firms,VIIRS,VIIRS_NOAA21_NRT
-4.71436,122.98412,2025-11-04,429,N21,n,2.0NRT,8.98,D,0.58,0.7,,,,,,firms,VIIRS,VIIRS_NOAA21_NRT
-4.21634,123.08587,2025-11-04,429,N21,n,2.0NRT,6.65,D,0.56,0.69,,,,,,firms,VIIRS,VIIRS_NOAA21_NRT
-4.20955,122.56858,2025-11-04,429,N21,n,2.0NRT,6.0,D,0.61,0.71,,,,,,firms,VIIRS,VIIRS_NOAA21_NRT
-3.63594,126.39145,2025-11-04,429,N21,n,2.0NRT,3.58,D,0.32,0.55,,,,,,firms,VIIRS,VIIRS_NOAA21_NRT
-3.56089,126.48058,2025-11-04,429,N21,n,2.0NRT,5.9,D,0.63,0.54,,,,,,firms,VIIRS,VIIRS_NOAA21_NRT
-3.08832,126.82423,2025-11-04,429,N21,n,2.0NRT,5.77,D,0.59,0.53,,,,,,firms,VIIRS,VIIRS_NOAA21_NRT
-2.57788,121.37757,2025-11-04,429,N21,n,2.0NRT,21.44,D,0.7,0.75,,,,,,firms,VIIRS,VIIRS_NOAA21_NRT
-2.57702,121.38331,2025-11-04,429,N21,l,2.0NRT,21.44,D,0.7,0.75,,,,,,firms,VIIRS,VIIRS_NOAA21_NRT
-1.66784,121.82137,2025-11-04,429,N21,n,2.0NRT,8.06,D,0.63,0.72,,,,,,firms,VIIRS,VIIRS_NOAA21_NRT
-1.45946,127.43883,2025-11-04,429,N21,n,2.0NRT,13.53,D,0.5,0.49,,,,,,firms,VIIRS,VIIRS_NOAA21_NRT
-1.44603,122.97945,2025-11-04,429,N21,n,2.0NRT,13.02,D,0.52,0.67,,,,,,firms,VIIRS,VIIRS_NOAA21_NRT
-1.3892,123.20325,2025-11-04,429,N21,n,2.0NRT,6.24,D,0.5,0.66,,,,,,firms,VIIRS,VIIRS_NOAA21_NRT
-1.3864,123.20268,2025-11-04,429,N21,n,2.0NRT,4.79,D,0.5,0.66,,,,,,firms,VIIRS,VIIRS_NOAA21_NRT
-0.86941,134.0358,2025-11-04,429,N21,n,2.0NRT,2.3,D,0.38,0.36,,,,,,firms,VIIRS,VIIRS_NOAA21_NRT
0.47894,127.99093,2025-11-04,429,N21,l,2.0NRT,2.94,D,0.43,0.46,,,,,,firms,VIIRS,VIIRS_NOAA21_NRT
0.47954,127.9948,2025-11-04,429,N21,n,2.0NRT,2.94,D,0.43,0.46,,,,,,firms,VIIRS,VIIRS_NOAA21_NRT
0.48014,127.99867,2025-11-04,429,N21,n,2.0NRT,7.3,D,0.43,0.46,,,,,,firms,VIIRS,VIIRS_NOAA21_NRT
0.48076,128.00266,2025-11-04,429,N21,n,2.0NRT,7.3,D,0.43,0.46,,,,,,firms,VIIRS,VIIRS_NOAA21_NRT
0.48138,128.00668,2025-11-04,429,N21,n,2.0NRT,6.49,D,0.43,0.46,,,,,,firms,VIIRS,VIIRS_NOAA21_NRT
0.48315,127.99039,2025-11-04,429,N21,n,2.0NRT,9.64,D,0.43,0.46,,,,,,firms,VIIRS,VIIRS_NOAA21_NRT
0.48376,127.99432,2025-11-04,429,N21,n,2.0NRT,9.64,D,0.43,0.46,,,,,,firms,VIIRS,VIIRS_NOAA21_NRT
0.48677,127.98601,2025-11-04,429,N21,n,2.0NRT,12.78,D,0.43,0.46,,,,,,firms,VIIRS,VIIRS_NOAA21_NRT
0.48925,127.97421,2025-11-04,429,N21,l,2.0NRT,6.33,D,0.43,0.46,,,,,,firms,VIIRS,VIIRS_NOAA21_NRT
0.51161,127.89503,2025-11-04,429,N21,n,2.0NRT,6.16,D,0.44,0.46,,,,,,firms,VIIRS,VIIRS_NOAA21_NRT
0.51196,127.89447,2025-11-04,429,N21,n,2.0NRT,7.34,D,0.44,0.46,,,,,,firms,VIIRS,VIIRS_NOAA21_NRT
-10.22158,123.89597,2025-11-04,607,N21,n,2.0NRT,11.84,D,0.68,0.74,,,,,,firms,VIIRS,VIIRS_NOAA21_NRT
-10.22003,123.89373,2025-11-04,607,N21,n,2.0NRT,7.33,D,0.68,0.74,,,,,,firms,VIIRS,VIIRS_NOAA21_NRT
-8.70008,119.03559,2025-11-04,607,N21,n,2.0NRT,8.37,D,0.34,0.56,,,,,,firms,VIIRS,VIIRS_NOAA21_NRT
-8.66299,118.90137,2025-11-04,607,N21,n,2.0NRT,8.52,D,0.34,0.56,,,,,,firms,VIIRS,VIIRS_NOAA21_NRT
-8.45108,118.98065,2025-11-04,607,N21,n,2.0NRT,6.44,D,0.34,0.56,,,,,,firms,VIIRS,VIIRS_NOAA21_NRT
-8.4487,118.98024,2025-11-04,607,N21,n,2.0NRT,4.59,D,0.34,0.56,,,,,,firms,VIIRS,VIIRS_NOAA21_NRT
-8.18862,117.64084,2025-11-04,607,N21,n,2.0NRT,15.06,D,0.56,0.52,,,,,,firms,VIIRS,VIIRS_NOAA21_NRT
-8.13234,118.10513,2025-11-04,607,N21,n,2.0NRT,10.48,D,0.6,0.53,,,,,,firms,VIIRS,VIIRS_NOAA21_NRT
-8.11866,118.06885,2025-11-04,607,N21,n,2.0NRT,19.21,D,0.6,0.53,,,,,,firms,VIIRS,VIIRS_NOAA21_NRT
-7.7039,108.99596,2025-11-04,609,N21,n,2.0NRT,3.91,D,0.39,0.36,,,,,,firms,VIIRS,VIIRS_NOAA21_NRT
-6.84126,111.21403,2025-11-04,609,N21,n,2.0NRT,4.29,D,0.4,0.37,,,,,,firms,VIIRS,VIIRS_NOAA21_NRT
-5.36847,123.04609,2025-11-04,609,N21,n,2.0NRT,11.21,D,0.74,0.76,,,,,,firms,VIIRS,VIIRS_NOAA21_NRT
-4.91331,103.65687,2025-11-04,609,N21,n,2.0NRT,13.13,D,0.44,0.46,,,,,,firms,VIIRS,VIIRS_NOAA21_NRT
-4.51139,120.04508,2025-11-04,609,N21,n,2.0NRT,4.79,D,0.47,0.64,,,,,,firms,VIIRS,VIIRS_NOAA21_NRT
-3.90998,102.90415,2025-11-04,609,N21,n,2.0NRT,12.18,D,0.48,0.48,,,,,,firms,VIIRS,VIIRS_NOAA21_NRT
-3.90935,102.90835,2025-11-04,609,N21,n,2.0NRT,15.2,D,0.48,0.48,,,,,,firms,VIIRS,VIIRS_NOAA21_NRT
-3.7811,103.26684,2025-11-04,609,N21,n,2.0NRT,7.21,D,0.45,0.47,,,,,,firms,VIIRS,VIIRS_NOAA21_NRT
-3.72433,103.71638,2025-11-04,609,N21,n,2.0NRT,7.37,D,0.42,0.45,,,,,,firms,VIIRS,VIIRS_NOAA21_NRT
-3.49243,103.14323,2025-11-04,609,N21,n,2.0NRT,37.51,D,0.46,0.47,,,,,,firms,VIIRS,VIIRS_NOAA21_NRT
-3.37321,104.28471,2025-11-04,609,N21,n,2.0NRT,2.26,D,0.38,0.44,,,,,,firms,VIIRS,VIIRS_NOAA21_NRT
-3.25614,101.97065,2025-11-04,609,N21,n,2.0NRT,10.11,D,0.54,0.51,,,,,,firms,VIIRS,VIIRS_NOAA21_NRT
-3.07747,101.78541,2025-11-04,609,N21,n,2.0NRT,3.69,D,0.56,0.51,,,,,,firms,VIIRS,VIIRS_NOAA21_NRT
-2.19687,110.88145,2025-11-04,609,N21,n,2.0NRT,9.41,D,0.42,0.37,,,,,,firms,VIIRS,VIIRS_NOAA21_NRT
-2.18204,111.06718,2025-11-04,609,N21,n,2.0NRT,3.74,D,0.42,0.38,,,,,,firms,VIIRS,VIIRS_NOAA21_NRT
-1.83894,112.0383,2025-11-04,609,N21,n,2.0NRT,5.41,D,0.47,0.4,,,,,,firms,VIIRS,VIIRS_NOAA21_NRT
-1.65145,114.46232,2025-11-04,609,N21,n,2.0NRT,3.83,D,0.44,0.46,,,,,,firms,VIIRS,VIIRS_NOAA21_NRT
-1.28922,112.78037,2025-11-04,609,N21,n,2.0NRT,9.62,D,0.52,0.42,,,,,,firms,VIIRS,VIIRS_NOAA21_NRT
-1.2504,114.09585,2025-11-04,609,N21,n,2.0NRT,18.74,D,0.42,0.45,,,,,,firms,VIIRS,VIIRS_NOAA21_NRT
-1.24802,114.09509,2025-11-04,609,N21,n,2.0NRT,17.01,D,0.42,0.45,,,,,,firms,VIIRS,VIIRS_NOAA21_NRT
-1.24767,113.58648,2025-11-04,609,N21,n,2.0NRT,10.31,D,0.39,0.44,,,,,,firms,VIIRS,VIIRS_NOAA21_NRT
-0.90952,114.10105,2025-11-04,609,N21,n,2.0NRT,3.59,D,0.42,0.46,,,,,,firms,VIIRS,VIIRS_NOAA21_NRT
-0.88998,114.31464,2025-11-04,609,N21,n,2.0NRT,15.66,D,0.44,0.46,,,,,,firms,VIIRS,VIIRS_NOAA21_NRT
-0.88986,114.31474,2025-11-04,609,N21,n,2.0NRT,15.23,D,0.44,0.46,,,,,,firms,VIIRS,VIIRS_NOAA21_NRT
-0.88937,114.31849,2025-11-04,609,N21,n,2.0NRT,4.44,D,0.44,0.46,,,,,,firms,VIIRS,VIIRS_NOAA21_NRT
-0.88927,114.3186,2025-11-04,609,N21,n,2.0NRT,3.72,D,0.44,0.46,,,,,,firms,VIIRS,VIIRS_NOAA21_NRT
-0.86173,113.91766,2025-11-04,609,N21,n,2.0NRT,5.27,D,0.41,0.45,,,,,,firms,VIIRS,VIIRS_NOAA21_NRT
-0.73488,114.478,2025-11-04,609,N21,n,2.0NRT,9.01,D,0.45,0.47,,,,,,firms,VIIRS,VIIRS_NOAA21_NRT
-0.63334,115.14052,2025-11-04,609,N21,n,2.0NRT,73.63,D,0.5,0.49,,,,,,firms,VIIRS,VIIRS_NOAA21_NRT
-0.63265,115.14503,2025-11-04,609,N21,n,2.0NRT,29.74,D,0.5,0.49,,,,,,firms,VIIRS,VIIRS_NOAA21_NRT
-0.36496,116.72246,2025-11-04,609,N21,n,2.0NRT,2.97,D,0.33,0.55,,,,,,firms,VIIRS,VIIRS_NOAA21_NRT
-0.90704,100.92889,2025-11-04,612,N21,n,2.0NRT,14.21,D,0.59,0.53,,,,,,firms,VIIRS,VIIRS_NOAA21_NRT
-0.85499,101.144,2025-11-04,612,N21,n,2.0NRT,16.88,D,0.57,0.52,,,,,,firms,VIIRS,VIIRS_NOAA21_NRT
-0.85427,101.14051,2025-11-04,612,N21,n,2.0NRT,16.6,D,0.57,0.52,,,,,,firms,VIIRS,VIIRS_NOAA21_NRT
-0.78074,101.27097,2025-11-04,612,N21,n,2.0NRT,13.63,D,0.56,0.51,,,,,,firms,VIIRS,VIIRS_NOAA21_NRT
-0.77651,109.53512,2025-11-04,612,N21,n,2.0NRT,6.15,D,0.39,0.36,,,,,,firms,VIIRS,VIIRS_NOAA21_NRT
-0.5557,102.70105,2025-11-04,612,N21,n,2.0NRT,38.76,D,0.44,0.46,,,,,,firms,VIIRS,VIIRS_NOAA21_NRT
-0.5551,102.705,2025-11-04,612,N21,n,2.0NRT,38.76,D,0.44,0.46,,,,,,firms,VIIRS,VIIRS_NOAA21_NRT
-0.55449,102.70894,2025-11-04,612,N21,n,2.0NRT,5.95,D,0.44,0.46,,,,,,firms,VIIRS,VIIRS_NOAA21_NRT
-0.55025,102.70831,2025-11-04,612,N21,n,2.0NRT,6.88,D,0.44,0.46,,,,,,firms,VIIRS,VIIRS_NOAA21_NRT
-0.46544,110.14228,2025-11-04,612,N21,n,2.0NRT,25.04,D,0.41,0.37,,,,,,firms,VIIRS,VIIRS_NOAA21_NRT
-0.21902,109.96011,2025-11-04,612,N21,n,2.0NRT,6.9,D,0.4,0.37,,,,,,firms,VIIRS,VIIRS_NOAA21_NRT
-0.21565,109.95959,2025-11-04,612,N21,n,2.0NRT,4.27,D,0.4,0.37,,,,,,firms,VIIRS,VIIRS_NOAA21_NRT
-0.21228,109.95908,2025-11-04,612,N21,l,2.0NRT,4.27,D,0.4,0.37,,,,,,firms,VIIRS,VIIRS_NOAA21_NRT
-0.16098,100.71334,2025-11-04,612,N21,n,2.0NRT,4.27,D,0.6,0.53,,,,,,firms,VIIRS,VIIRS_NOAA21_NRT
-0.13913,111.07903,2025-11-04,612,N21,n,2.0NRT,3.26,D,0.44,0.38,,,,,,firms,VIIRS,VIIRS_NOAA21_NRT
-0.01753,111.92123,2025-11-04,612,N21,n,2.0NRT,9.93,D,0.49,0.4,,,,,,firms,VIIRS,VIIRS_NOAA21_NRT
0.46444,109.20213,2025-11-04,612,N21,n,2.0NRT,4.54,D,0.39,0.36,,,,,,firms,VIIRS,VIIRS_NOAA21_NRT
0.49546,109.16106,2025-11-04,612,N21,n,2.0NRT,17.11,D,0.39,0.36,,,,,,firms,VIIRS,VIIRS_NOAA21_NRT
0.49739,110.81257,2025-11-04,612,N21,n,2.0NRT,6.03,D,0.44,0.38,,,,,,firms,VIIRS,VIIRS_NOAA21_NRT
0.51892,109.29335,2025-11-04,612,N21,n,2.0NRT,5.0,D,0.39,0.36,,,,,,firms,VIIRS,VIIRS_NOAA21_NRT
0.5272,112.74927,2025-11-04,612,N21,n,2.0NRT,22.5,D,0.55,0.43,,,,,,firms,VIIRS,VIIRS_NOAA21_NRT
0.55738,112.18194,2025-11-04,612,N21,n,2.0NRT,9.66,D,0.51,0.41,,,,,,firms,VIIRS,VIIRS_NOAA21_NRT
0.56307,109.33686,2025-11-04,612,N21,n,2.0NRT,5.06,D,0.39,0.36,,,,,,firms,VIIRS,VIIRS_NOAA21_NRT
0.57132,109.25674,2025-11-04,612,N21,n,2.0NRT,2.99,D,0.39,0.36,,,,,,firms,VIIRS,VIIRS_NOAA21_NRT
0.61109,109.00461,2025-11-04,612,N21,n,2.0NRT,19.38,D,0.39,0.36,,,,,,firms,VIIRS,VIIRS_NOAA21_NRT
0.61441,109.00411,2025-11-04,612,N21,n,2.0NRT,19.38,D,0.39,0.36,,,,,,firms,VIIRS,VIIRS_NOAA21_NRT
0.62066,108.97834,2025-11-04,612,N21,n,2.0NRT,6.99,D,0.39,0.36,,,,,,firms,VIIRS,VIIRS_NOAA21_NRT
0.62157,109.00658,2025-11-04,612,N21,n,2.0NRT,6.54,D,0.39,0.36,,,,,,firms,VIIRS,VIIRS_NOAA21_NRT
0.62198,110.36845,2025-11-04,612,N21,n,2.0NRT,9.86,D,0.42,0.38,,,,,,firms,VIIRS,VIIRS_NOAA21_NRT
0.6221,109.01006,2025-11-04,612,N21,n,2.0NRT,6.54,D,0.39,0.36,,,,,,firms,VIIRS,VIIRS_NOAA21_NRT
0.65293,111.5522,2025-11-04,612,N21,n,2.0NRT,4.1,D,0.47,0.4,,,,,,firms,VIIRS,VIIRS_NOAA21_NRT
0.79287,109.10459,2025-11-04,612,N21,n,2.0NRT,5.58,D,0.39,0.36,,,,,,firms,VIIRS,VIIRS_NOAA21_NRT
0.84003,109.23623,2025-11-04,612,N21,n,2.0NRT,2.58,D,0.39,0.36,,,,,,firms,VIIRS,VIIRS_NOAA21_NRT
0.9394,110.85884,2025-11-04,612,N21,n,2.0NRT,12.1,D,0.44,0.39,,,,,,firms,VIIRS,VIIRS_NOAA21_NRT
1.35359,109.14639,2025-11-04,612,N21,n,2.0NRT,2.48,D,0.39,0.36,,,,,,firms,VIIRS,VIIRS_NOAA21_NRT
1.35692,109.1459,2025-11-04,612,N21,n,2.0NRT,2.48,D,0.39,0.36,,,,,,firms,VIIRS,VIIRS_NOAA21_NRT
1.55674,111.34138,2025-11-04,612,N21,n,2.0NRT,5.24,D,0.47,0.4,,,,,,firms,VIIRS,VIIRS_NOAA21_NRT
1.92439,109.47941,2025-11-04,612,N21,n,2.0NRT,11.51,D,0.4,0.37,,,,,,firms,VIIRS,VIIRS_NOAA21_NRT
1.95137,109.47532,2025-11-04,612,N21,n,2.0NRT,3.54,D,0.4,0.37,,,,,,firms,VIIRS,VIIRS_NOAA21_NRT
2.22361,117.48339,2025-11-04,612,N21,n,2.0NRT,4.71,D,0.41,0.6,,,,,,firms,VIIRS,VIIRS_NOAA21_NRT
2.22413,117.48689,2025-11-04,612,N21,n,2.0NRT,4.71,D,0.41,0.6,,,,,,firms,VIIRS,VIIRS_NOAA21_NRT
3.13268,113.94772,2025-11-04,612,N21,n,2.0NRT,11.32,D,0.48,0.48,,,,,,firms,VIIRS,VIIRS_NOAA21_NRT
-6.99387,133.85524,2025-11-04,1533,N21,n,2.0NRT,3.21,N,0.72,0.76,,,,,,firms,VIIRS,VIIRS_NOAA21_NRT
-6.99307,133.85118,2025-11-04,1533,N21,n,2.0NRT,5.31,N,0.72,0.76,,,,,,firms,VIIRS,VIIRS_NOAA21_NRT
-6.99266,133.84875,2025-11-04,1533,N21,n,2.0NRT,3.21,N,0.72,0.76,,,,,,firms,VIIRS,VIIRS_NOAA21_NRT
-4.69063,122.00864,2025-11-04,1711,N21,n,2.0NRT,1.53,N,0.39,0.36,,,,,,firms,VIIRS,VIIRS_NOAA21_NRT
-4.68733,122.00915,2025-11-04,1711,N21,n,2.0NRT,1.53,N,0.39,0.36,,,,,,firms,VIIRS,VIIRS_NOAA21_NRT
-4.41408,122.86916,2025-11-04,1711,N21,n,2.0NRT,1.74,N,0.39,0.36,,,,,,firms,VIIRS,VIIRS_NOAA21_NRT
-3.90459,122.41779,2025-11-04,1711,N21,n,2.0NRT,0.85,N,0.38,0.36,,,,,,firms,VIIRS,VIIRS_NOAA21_NRT
-3.90405,122.41435,2025-11-04,1711,N21,n,2.0NRT,1.65,N,0.38,0.36,,,,,,firms,VIIRS,VIIRS_NOAA21_NRT
-3.90129,122.4183,2025-11-04,1711,N21,n,2.0NRT,0.85,N,0.38,0.36,,,,,,firms,VIIRS,VIIRS_NOAA21_NRT
-3.87216,122.40956,2025-11-04,1711,N21,n,2.0NRT,2.11,N,0.38,0.36,,,,,,firms,VIIRS,VIIRS_NOAA21_NRT
-3.87162,122.40613,2025-11-04,1711,N21,n,2.0NRT,2.57,N,0.38,0.36,,,,,,firms,VIIRS,VIIRS_NOAA21_NRT
-3.87108,122.40269,2025-11-04,1711,N21,n,2.0NRT,2.57,N,0.38,0.36,,,,,,firms,VIIRS,VIIRS_NOAA21_NRT
-3.87054,122.39925,2025-11-04,1711,N21,n,2.0NRT,1.89,N,0.38,0.36,,,,,,firms,VIIRS,VIIRS_NOAA21_NRT
-3.87001,122.39583,2025-11-04,1711,N21,n,2.0NRT,1.89,N,0.38,0.36,,,,,,firms,VIIRS,VIIRS_NOAA21_NRT
-3.86947,122.39239,2025-11-04,1711,N21,n,2.0NRT,1.41,N,0.38,0.36,,,,,,firms,VIIRS,VIIRS_NOAA21_NRT
-3.76331,115.43256,2025-11-04,1711,N21,n,2.0NRT,2.4,N,0.55,0.51,,,,,,firms,VIIRS,VIIRS_NOAA21_NRT
-3.76123,115.42942,2025-11-04,1711,N21,n,2.0NRT,2.52,N,0.55,0.51,,,,,,firms,VIIRS,VIIRS_NOAA21_NRT
-3.47809,122.23917,2025-11-04,1711,N21,n,2.0NRT,1.88,N,0.39,0.36,,,,,,firms,VIIRS,VIIRS_NOAA21_NRT
-3.13704,122.19088,2025-11-04,1711,N21,n,2.0NRT,0.31,N,0.39,0.36,,,,,,firms,VIIRS,VIIRS_NOAA21_NRT
-2.88094,122.16328,2025-11-04,1711,N21,n,2.0NRT,1.53,N,0.39,0.36,,,,,,firms,VIIRS,VIIRS_NOAA21_NRT
-2.8804,122.15984,2025-11-04,1711,N21,n,2.0NRT,2.03,N,0.39,0.36,,,,,,firms,VIIRS,VIIRS_NOAA21_NRT
-2.87986,122.15638,2025-11-04,1711,N21,n,2.0NRT,2.03,N,0.39,0.36,,,,,,firms,VIIRS,VIIRS_NOAA21_NRT
-2.87396,122.16502,2025-11-04,1711,N21,n,2.0NRT,1.42,N,0.39,0.36,,,,,,firms,VIIRS,VIIRS_NOAA21_NRT
-2.87342,122.16158,2025-11-04,1711,N21,n,2.0NRT,1.89,N,0.39,0.36,,,,,,firms,VIIRS,VIIRS_NOAA21_NRT
-2.86518,122.15225,2025-11-04,1711,N21,n,2.0NRT,1.7,N,0.39,0.36,,,,,,firms,VIIRS,VIIRS_NOAA21_NRT
-2.86295,122.15964,2025-11-04,1711,N21,n,2.0NRT,2.41,N,0.39,0.36,,,,,,firms,VIIRS,VIIRS_NOAA21_NRT
-2.86187,122.15276,2025-11-04,1711,N21,n,2.0NRT,2.52,N,0.39,0.36,,,,,,firms,VIIRS,VIIRS_NOAA21_NRT
-2.8508,122.16862,2025-11-04,1711,N21,n,2.0NRT,1.15,N,0.39,0.36,,,,,,firms,VIIRS,VIIRS_NOAA21_NRT
-2.83712,122.12466,2025-11-04,1711,N21,n,2.0NRT,0.36,N,0.39,0.36,,,,,,firms,VIIRS,VIIRS_NOAA21_NRT
-2.83592,122.16026,2025-11-04,1711,N21,n,2.0NRT,0.84,N,0.39,0.36,,,,,,firms,VIIRS,VIIRS_NOAA21_NRT
-2.83479,122.17461,2025-11-04,1711,N21,n,2.0NRT,2.72,N,0.39,0.36,,,,,,firms,VIIRS,VIIRS_NOAA21_NRT
-2.83315,122.16422,2025-11-04,1711,N21,n,2.0NRT,1.67,N,0.39,0.36,,,,,,firms,VIIRS,VIIRS_NOAA21_NRT
-2.83261,122.16076,2025-11-04,1711,N21,n,2.0NRT,0.84,N,0.39,0.36,,,,,,firms,VIIRS,VIIRS_NOAA21_NRT
-2.82984,122.16471,2025-11-04,1711,N21,n,2.0NRT,2.74,N,0.39,0.36,,,,,,firms,VIIRS,VIIRS_NOAA21_NRT
-2.82816,122.17561,2025-11-04,1711,N21,n,2.0NRT,3.16,N,0.39,0.36,,,,,,firms,VIIRS,VIIRS_NOAA21_NRT
-2.8249,122.15486,2025-11-04,1711,N21,n,2.0NRT,1.69,N,0.39,0.36,,,,,,firms,VIIRS,VIIRS_NOAA21_NRT
-2.82327,122.14452,2025-11-04,1711,N21,n,2.0NRT,1.3,N,0.39,0.36,,,,,,firms,VIIRS,VIIRS_NOAA21_NRT
-2.82273,122.14106,2025-11-04,1711,N21,n,2.0NRT,0.98,N,0.39,0.36,,,,,,firms,VIIRS,VIIRS_NOAA21_NRT
-2.82219,122.1376,2025-11-04,1711,N21,n,2.0NRT,0.98,N,0.39,0.36,,,,,,firms,VIIRS,VIIRS_NOAA21_NRT
-2.60835,121.36143,2025-11-04,1711,N21,n,2.0NRT,0.84,N,0.4,0.37,,,,,,firms,VIIRS,VIIRS_NOAA21_NRT
-2.58089,121.38409,2025-11-04,1711,N21,n,2.0NRT,0.71,N,0.4,0.37,,,,,,firms,VIIRS,VIIRS_NOAA21_NRT
-2.58033,121.38055,2025-11-04,1711,N21,n,2.0NRT,0.94,N,0.4,0.37,,,,,,firms,VIIRS,VIIRS_NOAA21_NRT
-2.57977,121.377,2025-11-04,1711,N21,n,2.0NRT,0.94,N,0.4,0.37,,,,,,firms,VIIRS,VIIRS_NOAA21_NRT
-2.57753,121.38464,2025-11-04,1711,N21,n,2.0NRT,9.2,N,0.4,0.37,,,,,,firms,VIIRS,VIIRS_NOAA21_NRT
-2.57696,121.38108,2025-11-04,1711,N21,n,2.0NRT,11.11,N,0.4,0.37,,,,,,firms,VIIRS,VIIRS_NOAA21_NRT
-2.5764,121.37753,2025-11-04,1711,N21,n,2.0NRT,11.11,N,0.4,0.37,,,,,,firms,VIIRS,VIIRS_NOAA21_NRT
-2.57417,121.38519,2025-11-04,1711,N21,n,2.0NRT,9.2,N,0.4,0.37,,,,,,firms,VIIRS,VIIRS_NOAA21_NRT
-2.5736,121.38161,2025-11-04,1711,N21,n,2.0NRT,11.11,N,0.4,0.37,,,,,,firms,VIIRS,VIIRS_NOAA21_NRT
-2.57304,121.37806,2025-11-04,1711,N21,n,2.0NRT,11.11,N,0.4,0.37,,,,,,firms,VIIRS,VIIRS_NOAA21_NRT
-2.56967,121.37857,2025-11-04,1711,N21,n,2.0NRT,1.65,N,0.4,0.37,,,,,,firms,VIIRS,VIIRS_NOAA21_NRT
-2.27004,121.76276,2025-11-04,1711,N21,n,2.0NRT,2.25,N,0.4,0.37,,,,,,firms,VIIRS,VIIRS_NOAA21_NRT
-2.10807,119.33474,2025-11-04,1711,N21,n,2.0NRT,0.51,N,0.49,0.4,,,,,,firms,VIIRS,VIIRS_NOAA21_NRT
-2.01424,121.41975,2025-11-04,1711,N21,n,2.0NRT,0.9,N,0.4,0.37,,,,,,firms,VIIRS,VIIRS_NOAA21_NRT
-2.01087,121.42031,2025-11-04,1711,N21,n,2.0NRT,2.42,N,0.4,0.37,,,,,,firms,VIIRS,VIIRS_NOAA21_NRT
-2.00921,121.43164,2025-11-04,1711,N21,n,2.0NRT,6.63,N,0.4,0.37,,,,,,firms,VIIRS,VIIRS_NOAA21_NRT
-2.00692,121.41723,2025-11-04,1711,N21,n,2.0NRT,2.88,N,0.4,0.37,,,,,,firms,VIIRS,VIIRS_NOAA21_NRT
-2.00584,121.43218,2025-11-04,1711,N21,n,2.0NRT,5.28,N,0.4,0.37,,,,,,firms,VIIRS,VIIRS_NOAA21_NRT
-2.00248,121.43275,2025-11-04,1711,N21,n,2.0NRT,5.28,N,0.4,0.37,,,,,,firms,VIIRS,VIIRS_NOAA21_NRT
0.4809,128.00537,2025-11-04,1711,N21,n,2.0NRT,2.68,N,0.55,0.42,,,,,,firms,VIIRS,VIIRS_NOAA21_NRT
0.48168,128.00047,2025-11-04,1711,N21,n,2.0NRT,3.13,N,0.55,0.42,,,,,,firms,VIIRS,VIIRS_NOAA21_NRT
0.48244,127.99568,2025-11-04,1711,N21,n,2.0NRT,3.13,N,0.55,0.42,,,,,,firms,VIIRS,VIIRS_NOAA21_NRT
0.4832,127.99088,2025-11-04,1711,N21,n,2.0NRT,9.26,N,0.54,0.42,,,,,,firms,VIIRS,VIIRS_NOAA21_NRT
0.48784,127.9866,2025-11-04,1711,N21,n,2.0NRT,4.29,N,0.54,0.42,,,,,,firms,VIIRS,VIIRS_NOAA21_NRT
1.49158,127.63486,2025-11-04,1711,N21,n,2.0NRT,4.01,N,0.5,0.41,,,,,,firms,VIIRS,VIIRS_NOAA21_NRT
1.49386,127.63322,2025-11-04,1711,N21,n,2.0NRT,7.89,N,0.5,0.41,,,,,,firms,VIIRS,VIIRS_NOAA21_NRT
1.4953,127.6355,2025-11-04,1711,N21,n,2.0NRT,4.01,N,0.5,0.41,,,,,,firms,VIIRS,VIIRS_NOAA21_NRT
1.55592,117.22292,2025-11-04,1711,N21,n,2.0NRT,1.09,N,0.5,0.49,,,,,,firms,VIIRS,VIIRS_NOAA21_NRT
1.70089,127.878,2025-11-04,1711,N21,n,2.0NRT,3.11,N,0.52,0.41,,,,,,firms,VIIRS,VIIRS_NOAA21_NRT
2.77441,125.40774,2025-11-04,1711,N21,n,2.0NRT,0.95,N,0.4,0.37,,,,,,firms,VIIRS,VIIRS_NOAA21_NRT
2.7811,125.40868,2025-11-04,1711,N21,n,2.0NRT,1.94,N,0.4,0.37,,,,,,firms,VIIRS,VIIRS_NOAA21_NRT
-10.58968,123.32061,2025-11-04,1713,N21,n,2.0NRT,3.16,N,0.42,0.38,,,,,,firms,VIIRS,VIIRS_NOAA21_NRT
-9.77741,124.5442,2025-11-04,1713,N21,n,2.0NRT,0.53,N,0.47,0.4,,,,,,firms,VIIRS,VIIRS_NOAA21_NRT
-8.92399,116.7629,2025-11-04,1713,N21,n,2.0NRT,1.35,N,0.56,0.43,,,,,,firms,VIIRS,VIIRS_NOAA21_NRT
-8.89531,116.73663,2025-11-04,1713,N21,n,2.0NRT,0.99,N,0.56,0.43,,,,,,firms,VIIRS,VIIRS_NOAA21_NRT
-8.12066,118.06683,2025-11-04,1713,N21,n,2.0NRT,0.52,N,0.48,0.4,,,,,,firms,VIIRS,VIIRS_NOAA21_NRT
-8.11742,112.93184,2025-11-04,1713,N21,n,2.0NRT,4.65,N,0.35,0.56,,,,,,firms,VIIRS,VIIRS_NOAA21_NRT
-8.11708,112.92996,2025-11-04,1713,N21,n,2.0NRT,2.91,N,0.35,0.56,,,,,,firms,VIIRS,VIIRS_NOAA21_NRT
-8.11673,112.928,2025-11-04,1713,N21,n,2.0NRT,2.91,N,0.35,0.56,,,,,,firms,VIIRS,VIIRS_NOAA21_NRT
-8.11586,112.92318,2025-11-04,1713,N21,n,2.0NRT,1.7,N,0.35,0.56,,,,,,firms,VIIRS,VIIRS_NOAA21_NRT
-1.70755,123.53693,2025-11-04,1713,N21,n,2.0NRT,1.16,N,0.39,0.36,,,,,,firms,VIIRS,VIIRS_NOAA21_NRT
-1.70424,123.53741,2025-11-04,1713,N21,n,2.0NRT,1.44,N,0.39,0.36,,,,,,firms,VIIRS,VIIRS_NOAA21_NRT
-1.70371,123.534,2025-11-04,1713,N21,n,2.0NRT,2.91,N,0.39,0.36,,,,,,firms,VIIRS,VIIRS_NOAA21_NRT
-1.5654,127.42768,2025-11-04,1713,N21,n,2.0NRT,3.96,N,0.54,0.42,,,,,,firms,VIIRS,VIIRS_NOAA21_NRT
-1.56156,127.42834,2025-11-04,1713,N21,n,2.0NRT,3.96,N,0.54,0.42,,,,,,firms,VIIRS,VIIRS_NOAA21_NRT
-1.45811,127.43649,2025-11-04,1713,N21,n,2.0NRT,10.69,N,0.54,0.42,,,,,,firms,VIIRS,VIIRS_NOAA21_NRT
-0.71053,117.06241,2025-11-04,1713,N21,n,2.0NRT,1.05,N,0.47,0.48,,,,,,firms,VIIRS,VIIRS_NOAA21_NRT
0.68353,117.56127,2025-11-04,1713,N21,n,2.0NRT,0.85,N,0.46,0.47,,,,,,firms,VIIRS,VIIRS_NOAA21_NRT
0.68847,117.55782,2025-11-04,1713,N21,n,2.0NRT,0.85,N,0.46,0.47,,,,,,firms,VIIRS,VIIRS_NOAA21_NRT
0.6891,117.5537,2025-11-04,1713,N21,n,2.0NRT,1.17,N,0.46,0.47,,,,,,firms,VIIRS,VIIRS_NOAA21_NRT
0.68973,117.54958,2025-11-04,1713,N21,n,2.0NRT,1.17,N,0.46,0.47,,,,,,firms,VIIRS,VIIRS_NOAA21_NRT
0.69343,117.55422,2025-11-04,1713,N21,n,2.0NRT,1.42,N,0.46,0.47,,,,,,firms,VIIRS,VIIRS_NOAA21_NRT
0.69406,117.55013,2025-11-04,1713,N21,n,2.0NRT,1.42,N,0.46,0.47,,,,,,firms,VIIRS,VIIRS_NOAA21_NRT
-0.22578,101.20982,2025-11-04,1851,N21,n,2.0NRT,0.37,N,0.47,0.39,,,,,,firms,VIIRS,VIIRS_NOAA21_NRT
1.56519,101.19337,2025-11-04,1851,N21,n,2.0NRT,0.79,N,0.45,0.39,,,,,,firms,VIIRS,VIIRS_NOAA21_NRT
4.142,105.10935,2025-11-04,1851,N21,n,2.0NRT,3.21,N,0.46,0.47,,,,,,firms,VIIRS,VIIRS_NOAA21_NRT
4.14429,105.10766,2025-11-04,1851,N21,n,2.0NRT,2.03,N,0.46,0.47,,,,,,firms,VIIRS,VIIRS_NOAA21_NRT
-7.70448,108.9942,2025-11-04,1853,N21,n,2.0NRT,2.53,N,0.65,0.73,,,,,,firms,VIIRS,VIIRS_NOAA21_NRT
-7.70119,108.99962,2025-11-04,1853,N21,n,2.0NRT,1.8,N,0.65,0.73,,,,,,firms,VIIRS,VIIRS_NOAA21_NRT
-7.70043,108.99381,2025-11-04,1853,N21,n,2.0NRT,1.8,N,0.65,0.73,,,,,,firms,VIIRS,VIIRS_NOAA21_NRT
-8.74365,140.83345,2025-11-05,408,N21,n,2.0NRT,2.61,D,0.38,0.36,,,,,,firms,VIIRS,VIIRS_NOAA21_NRT
-7.96552,131.2256,2025-11-05,410,N21,n,2.0NRT,2.94,D,0.37,0.58,,,,,,firms,VIIRS,VIIRS_NOAA21_NRT
-7.70993,130.97984,2025-11-05,410,N21,n,2.0NRT,3.0,D,0.38,0.59,,,,,,firms,VIIRS,VIIRS_NOAA21_NRT
-3.99066,137.98372,2025-11-05,410,N21,n,2.0NRT,4.92,D,0.4,0.37,,,,,,firms,VIIRS,VIIRS_NOAA21_NRT
-2.63161,140.93172,2025-11-05,410,N21,n,2.0NRT,7.9,D,0.41,0.37,,,,,,firms,VIIRS,VIIRS_NOAA21_NRT
0.4808,127.98946,2025-11-05,412,N21,n,2.0NRT,6.09,D,0.46,0.64,,,,,,firms,VIIRS,VIIRS_NOAA21_NRT
0.48085,127.98882,2025-11-05,412,N21,n,2.0NRT,6.23,D,0.46,0.64,,,,,,firms,VIIRS,VIIRS_NOAA21_NRT
0.48147,127.99369,2025-11-05,412,N21,n,2.0NRT,6.09,D,0.46,0.64,,,,,,firms,VIIRS,VIIRS_NOAA21_NRT
0.48154,127.99306,2025-11-05,412,N21,n,2.0NRT,6.23,D,0.46,0.64,,,,,,firms,VIIRS,VIIRS_NOAA21_NRT
0.48213,127.99794,2025-11-05,412,N21,n,2.0NRT,7.51,D,0.46,0.64,,,,,,firms,VIIRS,VIIRS_NOAA21_NRT
0.48224,127.99729,2025-11-05,412,N21,n,2.0NRT,7.88,D,0.46,0.64,,,,,,firms,VIIRS,VIIRS_NOAA21_NRT
0.48281,128.00227,2025-11-05,412,N21,n,2.0NRT,7.51,D,0.46,0.64,,,,,,firms,VIIRS,VIIRS_NOAA21_NRT
0.48295,128.00162,2025-11-05,412,N21,n,2.0NRT,7.88,D,0.46,0.64,,,,,,firms,VIIRS,VIIRS_NOAA21_NRT
0.48604,127.9849,2025-11-05,412,N21,n,2.0NRT,13.3,D,0.46,0.64,,,,,,firms,VIIRS,VIIRS_NOAA21_NRT
0.48607,127.98434,2025-11-05,412,N21,n,2.0NRT,13.53,D,0.46,0.64,,,,,,firms,VIIRS,VIIRS_NOAA21_NRT
0.48665,127.9888,2025-11-05,412,N21,n,2.0NRT,6.09,D,0.46,0.64,,,,,,firms,VIIRS,VIIRS_NOAA21_NRT
0.4867,127.9882,2025-11-05,412,N21,n,2.0NRT,6.23,D,0.46,0.64,,,,,,firms,VIIRS,VIIRS_NOAA21_NRT
0.48734,127.99319,2025-11-05,412,N21,n,2.0NRT,6.09,D,0.46,0.64,,,,,,firms,VIIRS,VIIRS_NOAA21_NRT
0.48742,127.99258,2025-11-05,412,N21,n,2.0NRT,6.23,D,0.46,0.64,,,,,,firms,VIIRS,VIIRS_NOAA21_NRT
0.49199,127.98412,2025-11-05,412,N21,n,2.0NRT,7.35,D,0.46,0.64,,,,,,firms,VIIRS,VIIRS_NOAA21_NRT
0.5128,127.8916,2025-11-05,412,N21,n,2.0NRT,5.42,D,0.47,0.64,,,,,,firms,VIIRS,VIIRS_NOAA21_NRT
1.09577,127.7379,2025-11-05,412,N21,n,2.0NRT,3.67,D,0.47,0.64,,,,,,firms,VIIRS,VIIRS_NOAA21_NRT
1.09644,127.73817,2025-11-05,412,N21,n,2.0NRT,3.36,D,0.47,0.64,,,,,,firms,VIIRS,VIIRS_NOAA21_NRT
1.13396,124.97926,2025-11-05,412,N21,n,2.0NRT,11.6,D,0.73,0.76,,,,,,firms,VIIRS,VIIRS_NOAA21_NRT
1.45542,127.82012,2025-11-05,412,N21,n,2.0NRT,7.94,D,0.46,0.63,,,,,,firms,VIIRS,VIIRS_NOAA21_NRT
1.49499,127.62726,2025-11-05,412,N21,l,2.0NRT,8.05,D,0.47,0.64,,,,,,firms,VIIRS,VIIRS_NOAA21_NRT
1.49581,127.62782,2025-11-05,412,N21,n,2.0NRT,6.68,D,0.47,0.64,,,,,,firms,VIIRS,VIIRS_NOAA21_NRT
-10.27352,123.82614,2025-11-05,550,N21,h,2.0NRT,13.56,D,0.32,0.55,,,,,,firms,VIIRS,VIIRS_NOAA21_NRT
-10.22445,123.89671,2025-11-05,550,N21,n,2.0NRT,3.24,D,0.33,0.55,,,,,,firms,VIIRS,VIIRS_NOAA21_NRT
-10.20666,123.90873,2025-11-05,550,N21,n,2.0NRT,2.89,D,0.33,0.55,,,,,,firms,VIIRS,VIIRS_NOAA21_NRT
-10.11819,123.94116,2025-11-05,550,N21,n,2.0NRT,3.9,D,0.33,0.55,,,,,,firms,VIIRS,VIIRS_NOAA21_NRT
-10.04487,124.39907,2025-11-05,550,N21,n,2.0NRT,16.55,D,0.36,0.57,,,,,,firms,VIIRS,VIIRS_NOAA21_NRT
-10.04335,123.95807,2025-11-05,550,N21,n,2.0NRT,2.56,D,0.33,0.55,,,,,,firms,VIIRS,VIIRS_NOAA21_NRT
-10.04052,124.39347,2025-11-05,550,N21,n,2.0NRT,33.47,D,0.36,0.57,,,,,,firms,VIIRS,VIIRS_NOAA21_NRT
-10.04,124.39631,2025-11-05,550,N21,h,2.0NRT,16.55,D,0.36,0.57,,,,,,firms,VIIRS,VIIRS_NOAA21_NRT
-10.03889,124.40234,2025-11-05,550,N21,n,2.0NRT,9.98,D,0.36,0.57,,,,,,firms,VIIRS,VIIRS_NOAA21_NRT
-10.03833,124.4054,2025-11-05,550,N21,h,2.0NRT,9.98,D,0.36,0.57,,,,,,firms,VIIRS,VIIRS_NOAA21_NRT
-10.01589,124.41015,2025-11-05,550,N21,n,2.0NRT,7.35,D,0.36,0.57,,,,,,firms,VIIRS,VIIRS_NOAA21_NRT
-10.00118,124.40232,2025-11-05,550,N21,n,2.0NRT,2.85,D,0.36,0.57,,,,,,firms,VIIRS,VIIRS_NOAA21_NRT
-9.89637,124.58849,2025-11-05,550,N21,n,2.0NRT,5.2,D,0.37,0.58,,,,,,firms,VIIRS,VIIRS_NOAA21_NRT
-9.89328,124.4583,2025-11-05,550,N21,n,2.0NRT,1.86,D,0.36,0.57,,,,,,firms,VIIRS,VIIRS_NOAA21_NRT
-9.79385,124.76748,2025-11-05,550,N21,n,2.0NRT,7.75,D,0.38,0.59,,,,,,firms,VIIRS,VIIRS_NOAA21_NRT
-9.60282,124.70624,2025-11-05,550,N21,n,2.0NRT,4.34,D,0.38,0.59,,,,,,firms,VIIRS,VIIRS_NOAA21_NRT
-9.57054,124.7755,2025-11-05,550,N21,n,2.0NRT,3.57,D,0.38,0.59,,,,,,firms,VIIRS,VIIRS_NOAA21_NRT
-9.54186,124.36769,2025-11-05,550,N21,n,2.0NRT,3.92,D,0.36,0.57,,,,,,firms,VIIRS,VIIRS_NOAA21_NRT
-9.53625,120.08421,2025-11-05,550,N21,n,2.0NRT,5.22,D,0.57,0.43,,,,,,firms,VIIRS,VIIRS_NOAA21_NRT
-9.32853,125.22619,2025-11-05,550,N21,n,2.0NRT,4.94,D,0.42,0.61,,,,,,firms,VIIRS,VIIRS_NOAA21_NRT
-8.93735,120.9922,2025-11-05,550,N21,n,2.0NRT,26.68,D,0.44,0.46,,,,,,firms,VIIRS,VIIRS_NOAA21_NRT
-8.45611,117.62205,2025-11-05,550,N21,n,2.0NRT,7.62,D,0.44,0.38,,,,,,firms,VIIRS,VIIRS_NOAA21_NRT
-8.44942,117.59677,2025-11-05,550,N21,n,2.0NRT,3.72,D,0.43,0.38,,,,,,firms,VIIRS,VIIRS_NOAA21_NRT
-8.43657,117.17522,2025-11-05,550,N21,n,2.0NRT,3.23,D,0.42,0.38,,,,,,firms,VIIRS,VIIRS_NOAA21_NRT
-8.344,120.26781,2025-11-05,550,N21,n,2.0NRT,2.79,D,0.4,0.44,,,,,,firms,VIIRS,VIIRS_NOAA21_NRT
-8.33431,124.85184,2025-11-05,550,N21,n,2.0NRT,31.97,D,0.41,0.61,,,,,,firms,VIIRS,VIIRS_NOAA21_NRT
-8.33064,123.73186,2025-11-05,550,N21,n,2.0NRT,4.29,D,0.34,0.56,,,,,,firms,VIIRS,VIIRS_NOAA21_NRT
-8.32879,124.85085,2025-11-05,550,N21,n,2.0NRT,8.19,D,0.41,0.61,,,,,,firms,VIIRS,VIIRS_NOAA21_NRT
-8.27235,123.50851,2025-11-05,550,N21,h,2.0NRT,18.6,D,0.33,0.55,,,,,,firms,VIIRS,VIIRS_NOAA21_NRT
-8.27161,123.51277,2025-11-05,550,N21,n,2.0NRT,11.59,D,0.33,0.56,,,,,,firms,VIIRS,VIIRS_NOAA21_NRT
-8.25988,125.01608,2025-11-05,550,N21,n,2.0NRT,6.59,D,0.42,0.61,,,,,,firms,VIIRS,VIIRS_NOAA21_NRT
-8.25889,119.04043,2025-11-05,550,N21,n,2.0NRT,4.87,D,0.51,0.41,,,,,,firms,VIIRS,VIIRS_NOAA21_NRT
-8.25882,125.0126,2025-11-05,550,N21,n,2.0NRT,4.99,D,0.42,0.61,,,,,,firms,VIIRS,VIIRS_NOAA21_NRT
-8.18479,118.13486,2025-11-05,550,N21,n,2.0NRT,7.81,D,0.46,0.39,,,,,,firms,VIIRS,VIIRS_NOAA21_NRT
-8.17565,117.62628,2025-11-05,550,N21,n,2.0NRT,11.82,D,0.44,0.38,,,,,,firms,VIIRS,VIIRS_NOAA21_NRT
-8.12861,118.10555,2025-11-05,550,N21,n,2.0NRT,8.45,D,0.46,0.39,,,,,,firms,VIIRS,VIIRS_NOAA21_NRT
-8.11891,118.07384,2025-11-05,550,N21,n,2.0NRT,5.43,D,0.46,0.39,,,,,,firms,VIIRS,VIIRS_NOAA21_NRT
-8.10781,118.05122,2025-11-05,550,N21,n,2.0NRT,4.07,D,0.46,0.39,,,,,,firms,VIIRS,VIIRS_NOAA21_NRT
-6.19042,120.45882,2025-11-05,550,N21,n,2.0NRT,10.52,D,0.45,0.47,,,,,,firms,VIIRS,VIIRS_NOAA21_NRT
-5.90033,120.501,2025-11-05,550,N21,n,2.0NRT,4.02,D,0.46,0.47,,,,,,firms,VIIRS,VIIRS_NOAA21_NRT
-5.63233,119.68464,2025-11-05,550,N21,n,2.0NRT,2.25,D,0.41,0.45,,,,,,firms,VIIRS,VIIRS_NOAA21_NRT
-5.34011,123.08412,2025-11-05,550,N21,n,2.0NRT,3.76,D,0.35,0.57,,,,,,firms,VIIRS,VIIRS_NOAA21_NRT
-4.43647,121.74785,2025-11-05,550,N21,n,2.0NRT,16.3,D,0.58,0.52,,,,,,firms,VIIRS,VIIRS_NOAA21_NRT
-4.43574,120.04541,2025-11-05,550,N21,n,2.0NRT,4.15,D,0.45,0.47,,,,,,firms,VIIRS,VIIRS_NOAA21_NRT
-4.43169,121.74693,2025-11-05,550,N21,n,2.0NRT,16.3,D,0.58,0.52,,,,,,firms,VIIRS,VIIRS_NOAA21_NRT
-4.43082,121.75219,2025-11-05,550,N21,n,2.0NRT,21.26,D,0.58,0.52,,,,,,firms,VIIRS,VIIRS_NOAA21_NRT
-4.40706,122.47829,2025-11-05,550,N21,n,2.0NRT,3.28,D,0.33,0.55,,,,,,firms,VIIRS,VIIRS_NOAA21_NRT
-4.39974,122.61443,2025-11-05,550,N21,n,2.0NRT,4.52,D,0.34,0.56,,,,,,firms,VIIRS,VIIRS_NOAA21_NRT
-4.39467,122.61345,2025-11-05,550,N21,n,2.0NRT,4.52,D,0.34,0.56,,,,,,firms,VIIRS,VIIRS_NOAA21_NRT
-4.35953,122.51982,2025-11-05,550,N21,n,2.0NRT,2.51,D,0.33,0.55,,,,,,firms,VIIRS,VIIRS_NOAA21_NRT
-4.21648,122.54339,2025-11-05,550,N21,h,2.0NRT,15.93,D,0.33,0.56,,,,,,firms,VIIRS,VIIRS_NOAA21_NRT
-4.21599,122.54634,2025-11-05,550,N21,n,2.0NRT,14.61,D,0.33,0.56,,,,,,firms,VIIRS,VIIRS_NOAA21_NRT
-4.2114,122.54253,2025-11-05,550,N21,n,2.0NRT,15.93,D,0.33,0.56,,,,,,firms,VIIRS,VIIRS_NOAA21_NRT
-4.21092,122.54546,2025-11-05,550,N21,l,2.0NRT,14.61,D,0.33,0.56,,,,,,firms,VIIRS,VIIRS_NOAA21_NRT
-4.18537,122.23287,2025-11-05,550,N21,n,2.0NRT,5.29,D,0.32,0.54,,,,,,firms,VIIRS,VIIRS_NOAA21_NRT
-4.13611,123.22368,2025-11-05,550,N21,n,2.0NRT,3.1,D,0.37,0.58,,,,,,firms,VIIRS,VIIRS_NOAA21_NRT
-4.08591,122.55298,2025-11-05,550,N21,n,2.0NRT,4.52,D,0.34,0.56,,,,,,firms,VIIRS,VIIRS_NOAA21_NRT
-3.81135,122.09634,2025-11-05,552,N21,n,2.0NRT,6.34,D,0.63,0.54,,,,,,firms,VIIRS,VIIRS_NOAA21_NRT
-3.76307,115.43047,2025-11-05,552,N21,n,2.0NRT,2.07,D,0.4,0.37,,,,,,firms,VIIRS,VIIRS_NOAA21_NRT
-3.55838,122.13682,2025-11-05,552,N21,n,2.0NRT,4.54,D,0.32,0.55,,,,,,firms,VIIRS,VIIRS_NOAA21_NRT
-3.55797,122.13933,2025-11-05,552,N21,n,2.0NRT,4.54,D,0.32,0.55,,,,,,firms,VIIRS,VIIRS_NOAA21_NRT
-3.53904,122.09822,2025-11-05,552,N21,n,2.0NRT,5.29,D,0.32,0.55,,,,,,firms,VIIRS,VIIRS_NOAA21_NRT
-3.53853,122.10138,2025-11-05,552,N21,n,2.0NRT,5.29,D,0.32,0.55,,,,,,firms,VIIRS,VIIRS_NOAA21_NRT
-3.476,119.07626,2025-11-05,552,N21,n,2.0NRT,3.56,D,0.4,0.44,,,,,,firms,VIIRS,VIIRS_NOAA21_NRT
-3.33436,122.15556,2025-11-05,552,N21,n,2.0NRT,3.0,D,0.32,0.55,,,,,,firms,VIIRS,VIIRS_NOAA21_NRT
-3.28637,122.19674,2025-11-05,552,N21,n,2.0NRT,2.85,D,0.33,0.55,,,,,,firms,VIIRS,VIIRS_NOAA21_NRT
-3.28226,122.19028,2025-11-05,552,N21,n,2.0NRT,5.5,D,0.33,0.55,,,,,,firms,VIIRS,VIIRS_NOAA21_NRT
-3.27522,119.57294,2025-11-05,552,N21,n,2.0NRT,12.25,D,0.43,0.46,,,,,,firms,VIIRS,VIIRS_NOAA21_NRT
-3.24242,119.56246,2025-11-05,552,N21,n,2.0NRT,4.88,D,0.43,0.46,,,,,,firms,VIIRS,VIIRS_NOAA21_NRT
-3.02217,119.22726,2025-11-05,552,N21,n,2.0NRT,6.24,D,0.42,0.45,,,,,,firms,VIIRS,VIIRS_NOAA21_NRT
-2.93218,115.72579,2025-11-05,552,N21,n,2.0NRT,3.91,D,0.41,0.37,,,,,,firms,VIIRS,VIIRS_NOAA21_NRT
-2.9253,115.77055,2025-11-05,552,N21,n,2.0NRT,6.44,D,0.42,0.37,,,,,,firms,VIIRS,VIIRS_NOAA21_NRT
-2.88519,115.25655,2025-11-05,552,N21,n,2.0NRT,6.74,D,0.4,0.37,,,,,,firms,VIIRS,VIIRS_NOAA21_NRT
-2.87398,115.26218,2025-11-05,552,N21,n,2.0NRT,6.83,D,0.4,0.37,,,,,,firms,VIIRS,VIIRS_NOAA21_NRT
-2.826,121.64795,2025-11-05,552,N21,n,2.0NRT,13.0,D,0.61,0.54,,,,,,firms,VIIRS,VIIRS_NOAA21_NRT
-2.82192,121.64228,2025-11-05,552,N21,n,2.0NRT,69.37,D,0.61,0.53,,,,,,firms,VIIRS,VIIRS_NOAA21_NRT
-2.82112,121.64715,2025-11-05,552,N21,n,2.0NRT,69.37,D,0.61,0.54,,,,,,firms,VIIRS,VIIRS_NOAA21_NRT
-2.76387,121.1572,2025-11-05,552,N21,n,2.0NRT,8.11,D,0.57,0.52,,,,,,firms,VIIRS,VIIRS_NOAA21_NRT
-2.63141,121.60861,2025-11-05,552,N21,n,2.0NRT,11.9,D,0.61,0.54,,,,,,firms,VIIRS,VIIRS_NOAA21_NRT
-2.57782,116.2654,2025-11-05,552,N21,n,2.0NRT,3.8,D,0.44,0.38,,,,,,firms,VIIRS,VIIRS_NOAA21_NRT
-2.57556,121.37693,2025-11-05,552,N21,n,2.0NRT,13.44,D,0.59,0.53,,,,,,firms,VIIRS,VIIRS_NOAA21_NRT
-2.57469,121.38238,2025-11-05,552,N21,n,2.0NRT,40.95,D,0.59,0.53,,,,,,firms,VIIRS,VIIRS_NOAA21_NRT
-2.41473,115.69125,2025-11-05,552,N21,n,2.0NRT,9.44,D,0.42,0.37,,,,,,firms,VIIRS,VIIRS_NOAA21_NRT
-2.37788,121.8098,2025-11-05,552,N21,n,2.0NRT,3.19,D,0.32,0.54,,,,,,firms,VIIRS,VIIRS_NOAA21_NRT
-2.26304,119.39259,2025-11-05,552,N21,n,2.0NRT,7.87,D,0.44,0.46,,,,,,firms,VIIRS,VIIRS_NOAA21_NRT
-2.19131,115.95422,2025-11-05,552,N21,n,2.0NRT,18.67,D,0.43,0.38,,,,,,firms,VIIRS,VIIRS_NOAA21_NRT
-2.1648,115.90365,2025-11-05,552,N21,n,2.0NRT,8.68,D,0.43,0.38,,,,,,firms,VIIRS,VIIRS_NOAA21_NRT
-2.16134,115.90311,2025-11-05,552,N21,n,2.0NRT,8.68,D,0.43,0.38,,,,,,firms,VIIRS,VIIRS_NOAA21_NRT
-2.10238,115.91756,2025-11-05,552,N21,n,2.0NRT,4.07,D,0.43,0.38,,,,,,firms,VIIRS,VIIRS_NOAA21_NRT
-2.01376,121.42001,2025-11-05,552,N21,n,2.0NRT,6.97,D,0.61,0.53,,,,,,firms,VIIRS,VIIRS_NOAA21_NRT
-2.00891,121.41908,2025-11-05,552,N21,n,2.0NRT,6.97,D,0.61,0.53,,,,,,firms,VIIRS,VIIRS_NOAA21_NRT
-1.9639,115.58851,2025-11-05,552,N21,n,2.0NRT,5.98,D,0.42,0.37,,,,,,firms,VIIRS,VIIRS_NOAA21_NRT
-1.96047,115.58799,2025-11-05,552,N21,n,2.0NRT,4.95,D,0.42,0.37,,,,,,firms,VIIRS,VIIRS_NOAA21_NRT
-1.89337,115.86251,2025-11-05,552,N21,n,2.0NRT,9.85,D,0.43,0.38,,,,,,firms,VIIRS,VIIRS_NOAA21_NRT
-1.79568,121.55983,2025-11-05,552,N21,n,2.0NRT,25.66,D,0.63,0.54,,,,,,firms,VIIRS,VIIRS_NOAA21_NRT
-1.68169,121.76069,2025-11-05,552,N21,h,2.0NRT,14.06,D,0.32,0.55,,,,,,firms,VIIRS,VIIRS_NOAA21_NRT
-1.65542,121.76412,2025-11-05,552,N21,n,2.0NRT,15.85,D,0.33,0.55,,,,,,firms,VIIRS,VIIRS_NOAA21_NRT
-1.655,121.76674,2025-11-05,552,N21,h,2.0NRT,24.5,D,0.33,0.55,,,,,,firms,VIIRS,VIIRS_NOAA21_NRT
-1.6309,112.98849,2025-11-05,552,N21,n,2.0NRT,9.17,D,0.39,0.36,,,,,,firms,VIIRS,VIIRS_NOAA21_NRT
-1.60103,122.00846,2025-11-05,552,N21,n,2.0NRT,3.46,D,0.34,0.56,,,,,,firms,VIIRS,VIIRS_NOAA21_NRT
-1.57748,122.123,2025-11-05,552,N21,n,2.0NRT,3.72,D,0.35,0.56,,,,,,firms,VIIRS,VIIRS_NOAA21_NRT
-1.53489,122.15742,2025-11-05,552,N21,n,2.0NRT,3.35,D,0.35,0.57,,,,,,firms,VIIRS,VIIRS_NOAA21_NRT
-1.53376,113.53588,2025-11-05,552,N21,n,2.0NRT,142.26,D,0.38,0.36,,,,,,firms,VIIRS,VIIRS_NOAA21_NRT
-1.47789,122.88389,2025-11-05,552,N21,n,2.0NRT,3.16,D,0.39,0.59,,,,,,firms,VIIRS,VIIRS_NOAA21_NRT
-1.38047,122.41161,2025-11-05,552,N21,n,2.0NRT,9.25,D,0.36,0.58,,,,,,firms,VIIRS,VIIRS_NOAA21_NRT
-1.38047,122.41347,2025-11-05,552,N21,h,2.0NRT,14.51,D,0.36,0.58,,,,,,firms,VIIRS,VIIRS_NOAA21_NRT
-1.37994,122.41489,2025-11-05,552,N21,n,2.0NRT,10.11,D,0.36,0.58,,,,,,firms,VIIRS,VIIRS_NOAA21_NRT
-1.2725,122.44563,2025-11-05,552,N21,n,2.0NRT,6.62,D,0.37,0.58,,,,,,firms,VIIRS,VIIRS_NOAA21_NRT
-0.84176,113.57135,2025-11-05,552,N21,n,2.0NRT,8.05,D,0.38,0.36,,,,,,firms,VIIRS,VIIRS_NOAA21_NRT
-0.83846,113.57085,2025-11-05,552,N21,n,2.0NRT,8.05,D,0.38,0.36,,,,,,firms,VIIRS,VIIRS_NOAA21_NRT
-0.82207,113.43507,2025-11-05,552,N21,n,2.0NRT,7.26,D,0.38,0.36,,,,,,firms,VIIRS,VIIRS_NOAA21_NRT
3.15981,116.47224,2025-11-05,554,N21,n,2.0NRT,6.25,D,0.52,0.41,,,,,,firms,VIIRS,VIIRS_NOAA21_NRT
3.27713,113.06631,2025-11-05,554,N21,n,2.0NRT,1.59,D,0.39,0.36,,,,,,firms,VIIRS,VIIRS_NOAA21_NRT
3.27818,113.07322,2025-11-05,554,N21,n,2.0NRT,6.74,D,0.39,0.36,,,,,,firms,VIIRS,VIIRS_NOAA21_NRT
3.28254,113.07967,2025-11-05,554,N21,l,2.0NRT,2.4,D,0.39,0.36,,,,,,firms,VIIRS,VIIRS_NOAA21_NRT
3.28307,113.08312,2025-11-05,554,N21,l,2.0NRT,4.11,D,0.39,0.36,,,,,,firms,VIIRS,VIIRS_NOAA21_NRT
3.28691,113.08608,2025-11-05,554,N21,n,2.0NRT,4.66,D,0.39,0.36,,,,,,firms,VIIRS,VIIRS_NOAA21_NRT
3.29074,113.08905,2025-11-05,554,N21,n,2.0NRT,4.34,D,0.39,0.36,,,,,,firms,VIIRS,VIIRS_NOAA21_NRT
3.29127,113.09251,2025-11-05,554,N21,n,2.0NRT,4.34,D,0.39,0.36,,,,,,firms,VIIRS,VIIRS_NOAA21_NRT
3.30767,113.11129,2025-11-05,554,N21,n,2.0NRT,6.23,D,0.39,0.36,,,,,,firms,VIIRS,VIIRS_NOAA21_NRT
3.52168,113.31247,2025-11-05,554,N21,n,2.0NRT,5.13,D,0.39,0.36,,,,,,firms,VIIRS,VIIRS_NOAA21_NRT
3.52554,113.31546,2025-11-05,554,N21,n,2.0NRT,2.76,D,0.39,0.36,,,,,,firms,VIIRS,VIIRS_NOAA21_NRT
0.63548,100.33501,2025-11-05,735,N21,n,2.0NRT,3.21,D,0.67,0.73,,,,,,firms,VIIRS,VIIRS_NOAA21_NRT
1.01302,99.85662,2025-11-05,735,N21,n,2.0NRT,9.04,D,0.63,0.72,,,,,,firms,VIIRS,VIIRS_NOAA21_NRT
1.01431,99.85949,2025-11-05,735,N21,n,2.0NRT,9.19,D,0.63,0.72,,,,,,firms,VIIRS,VIIRS_NOAA21_NRT
2.85664,97.8783,2025-11-05,735,N21,h,2.0NRT,15.85,D,0.49,0.65,,,,,,firms,VIIRS,VIIRS_NOAA21_NRT
2.85896,97.8771,2025-11-05,735,N21,n,2.0NRT,13.49,D,0.49,0.65,,,,,,firms,VIIRS,VIIRS_NOAA21_NRT
2.8596,97.88139,2025-11-05,735,N21,n,2.0NRT,15.12,D,0.49,0.65,,,,,,firms,VIIRS,VIIRS_NOAA21_NRT
2.87157,98.63398,2025-11-05,735,N21,n,2.0NRT,13.68,D,0.55,0.68,,,,,,firms,VIIRS,VIIRS_NOAA21_NRT
2.9943,98.44878,2025-11-05,735,N21,n,2.0NRT,5.53,D,0.54,0.68,,,,,,firms,VIIRS,VIIRS_NOAA21_NRT
3.00113,98.4524,2025-11-05,735,N21,n,2.0NRT,4.76,D,0.54,0.68,,,,,,firms,VIIRS,VIIRS_NOAA21_NRT
3.03432,97.94783,2025-11-05,735,N21,n,2.0NRT,15.74,D,0.5,0.65,,,,,,firms,VIIRS,VIIRS_NOAA21_NRT
5.11381,96.35288,2025-11-05,735,N21,n,2.0NRT,6.09,D,0.41,0.61,,,,,,firms,VIIRS,VIIRS_NOAA21_NRT
5.11425,96.35323,2025-11-05,735,N21,n,2.0NRT,6.18,D,0.41,0.61,,,,,,firms,VIIRS,VIIRS_NOAA21_NRT
5.37513,95.75653,2025-11-05,735,N21,n,2.0NRT,3.17,D,0.38,0.59,,,,,,firms,VIIRS,VIIRS_NOAA21_NRT
1.49444,127.63502,2025-11-05,1649,N21,n,2.0NRT,1.99,N,0.39,0.36,,,,,,firms,VIIRS,VIIRS_NOAA21_NRT
1.49521,127.63125,2025-11-05,1649,N21,n,2.0NRT,1.87,N,0.39,0.36,,,,,,firms,VIIRS,VIIRS_NOAA21_NRT
1.5142,127.93646,2025-11-05,1649,N21,n,2.0NRT,0.77,N,0.39,0.36,,,,,,firms,VIIRS,VIIRS_NOAA21_NRT
1.69871,127.87924,2025-11-05,1649,N21,n,2.0NRT,0.69,N,0.39,0.36,,,,,,firms,VIIRS,VIIRS_NOAA21_NRT
1.69939,127.87546,2025-11-05,1649,N21,n,2.0NRT,0.3,N,0.39,0.36,,,,,,firms,VIIRS,VIIRS_NOAA21_NRT
2.77795,125.4015,2025-11-05,1649,N21,n,2.0NRT,2.32,N,0.47,0.39,,,,,,firms,VIIRS,VIIRS_NOAA21_NRT
-3.87151,122.40278,2025-11-05,1652,N21,n,2.0NRT,1.11,N,0.54,0.42,,,,,,firms,VIIRS,VIIRS_NOAA21_NRT
-3.57626,126.20839,2025-11-05,1652,N21,n,2.0NRT,1.21,N,0.39,0.36,,,,,,firms,VIIRS,VIIRS_NOAA21_NRT
-2.87727,122.15837,2025-11-05,1652,N21,n,2.0NRT,2.43,N,0.38,0.43,,,,,,firms,VIIRS,VIIRS_NOAA21_NRT
-2.82873,122.17598,2025-11-05,1652,N21,n,2.0NRT,7.14,N,0.57,0.43,,,,,,firms,VIIRS,VIIRS_NOAA21_NRT
-2.82831,122.1731,2025-11-05,1652,N21,n,2.0NRT,0.95,N,0.38,0.43,,,,,,firms,VIIRS,VIIRS_NOAA21_NRT
-2.57665,121.37891,2025-11-05,1652,N21,n,2.0NRT,1.59,N,0.43,0.46,,,,,,firms,VIIRS,VIIRS_NOAA21_NRT
-2.43862,133.13911,2025-11-05,1652,N21,n,2.0NRT,1.9,N,0.38,0.43,,,,,,firms,VIIRS,VIIRS_NOAA21_NRT
-2.43658,133.1315,2025-11-05,1652,N21,n,2.0NRT,2.94,N,0.38,0.43,,,,,,firms,VIIRS,VIIRS_NOAA21_NRT
-1.58482,122.08617,2025-11-05,1652,N21,n,2.0NRT,1.5,N,0.4,0.44,,,,,,firms,VIIRS,VIIRS_NOAA21_NRT
-1.56984,127.43022,2025-11-05,1652,N21,n,2.0NRT,1.46,N,0.39,0.36,,,,,,firms,VIIRS,VIIRS_NOAA21_NRT
-1.56788,127.42826,2025-11-05,1652,N21,n,2.0NRT,3.21,N,0.39,0.36,,,,,,firms,VIIRS,VIIRS_NOAA21_NRT
-1.56501,127.42741,2025-11-05,1652,N21,n,2.0NRT,2.28,N,0.39,0.36,,,,,,firms,VIIRS,VIIRS_NOAA21_NRT
-1.56302,127.42543,2025-11-05,1652,N21,n,2.0NRT,2.2,N,0.39,0.36,,,,,,firms,VIIRS,VIIRS_NOAA21_NRT
-1.38235,122.48004,2025-11-05,1652,N21,n,2.0NRT,1.62,N,0.38,0.44,,,,,,firms,VIIRS,VIIRS_NOAA21_NRT
0.48134,127.99086,2025-11-05,1652,N21,n,2.0NRT,2.18,N,0.38,0.36,,,,,,firms,VIIRS,VIIRS_NOAA21_NRT
0.48314,128.00317,2025-11-05,1652,N21,n,2.0NRT,2.17,N,0.38,0.36,,,,,,firms,VIIRS,VIIRS_NOAA21_NRT
0.48546,127.99186,2025-11-05,1652,N21,n,2.0NRT,2.18,N,0.38,0.36,,,,,,firms,VIIRS,VIIRS_NOAA21_NRT
0.48625,127.98809,2025-11-05,1652,N21,n,2.0NRT,2.18,N,0.38,0.36,,,,,,firms,VIIRS,VIIRS_NOAA21_NRT
0.48715,127.98434,2025-11-05,1652,N21,n,2.0NRT,2.07,N,0.38,0.36,,,,,,firms,VIIRS,VIIRS_NOAA21_NRT
0.48896,127.9769,2025-11-05,1652,N21,n,2.0NRT,1.98,N,0.38,0.36,,,,,,firms,VIIRS,VIIRS_NOAA21_NRT
0.49134,127.98537,2025-11-05,1652,N21,n,2.0NRT,4.94,N,0.38,0.36,,,,,,firms,VIIRS,VIIRS_NOAA21_NRT
0.49221,127.98163,2025-11-05,1652,N21,n,2.0NRT,4.94,N,0.38,0.36,,,,,,firms,VIIRS,VIIRS_NOAA21_NRT
0.50995,127.89879,2025-11-05,1652,N21,n,2.0NRT,0.91,N,0.39,0.36,,,,,,firms,VIIRS,VIIRS_NOAA21_NRT
0.51074,127.89502,2025-11-05,1652,N21,n,2.0NRT,2.13,N,0.39,0.36,,,,,,firms,VIIRS,VIIRS_NOAA21_NRT
0.6919,117.55299,2025-11-05,1652,N21,n,2.0NRT,3.25,N,0.39,0.59,,,,,,firms,VIIRS,VIIRS_NOAA21_NRT
-7.8932,126.23983,2025-11-05,1654,N21,n,2.0NRT,2.24,N,0.38,0.36,,,,,,firms,VIIRS,VIIRS_NOAA21_NRT
-7.8742,126.25644,2025-11-05,1654,N21,n,2.0NRT,1.06,N,0.38,0.36,,,,,,firms,VIIRS,VIIRS_NOAA21_NRT
3.00253,112.89764,2025-11-05,1832,N21,n,2.0NRT,0.47,N,0.39,0.59,,,,,,firms,VIIRS,VIIRS_NOAA21_NRT
3.27588,113.06504,2025-11-05,1832,N21,n,2.0NRT,5.04,N,0.4,0.6,,,,,,firms,VIIRS,VIIRS_NOAA21_NRT
3.28811,113.09243,2025-11-05,1832,N21,n,2.0NRT,2.35,N,0.4,0.6,,,,,,firms,VIIRS,VIIRS_NOAA21_NRT
3.28925,113.08553,2025-11-05,1832,N21,n,2.0NRT,3.06,N,0.4,0.6,,,,,,firms,VIIRS,VIIRS_NOAA21_NRT
5.5032,105.20729,2025-11-05,1832,N21,n,2.0NRT,2.62,N,0.39,0.36,,,,,,firms,VIIRS,VIIRS_NOAA21_NRT
-2.53701,103.17603,2025-11-05,1834,N21,n,2.0NRT,0.57,N,0.39,0.36,,,,,,firms,VIIRS,VIIRS_NOAA21_NRT
-2.53133,102.57227,2025-11-05,1834,N21,n,2.0NRT,0.74,N,0.38,0.36,,,,,,firms,VIIRS,VIIRS_NOAA21_NRT
-2.50069,103.11752,2025-11-05,1834,N21,n,2.0NRT,1.17,N,0.39,0.36,,,,,,firms,VIIRS,VIIRS_NOAA21_NRT
-2.28281,102.37585,2025-11-05,1834,N21,n,2.0NRT,1.32,N,0.38,0.36,,,,,,firms,VIIRS,VIIRS_NOAA21_NRT
-2.07345,102.97488,2025-11-05,1834,N21,n,2.0NRT,0.94,N,0.39,0.36,,,,,,firms,VIIRS,VIIRS_NOAA21_NRT
-1.42577,101.72894,2025-11-05,1834,N21,n,2.0NRT,1.03,N,0.39,0.36,,,,,,firms,VIIRS,VIIRS_NOAA21_NRT
-1.29065,101.51822,2025-11-05,1834,N21,n,2.0NRT,0.52,N,0.39,0.36,,,,,,firms,VIIRS,VIIRS_NOAA21_NRT
-0.91514,102.07424,2025-11-05,1834,N21,n,2.0NRT,0.52,N,0.39,0.36,,,,,,firms,VIIRS,VIIRS_NOAA21_NRT
-0.81222,101.65737,2025-11-05,1834,N21,n,2.0NRT,1.1,N,0.39,0.36,,,,,,firms,VIIRS,VIIRS_NOAA21_NRT
-0.80944,101.66143,2025-11-05,1834,N21,n,2.0NRT,1.06,N,0.39,0.36,,,,,,firms,VIIRS,VIIRS_NOAA21_NRT
-0.8089,101.65794,2025-11-05,1834,N21,n,2.0NRT,1.48,N,0.39,0.36,,,,,,firms,VIIRS,VIIRS_NOAA21_NRT
-0.80836,101.65447,2025-11-05,1834,N21,n,2.0NRT,1.48,N,0.39,0.36,,,,,,firms,VIIRS,VIIRS_NOAA21_NRT
-0.80612,101.66199,2025-11-05,1834,N21,n,2.0NRT,1.06,N,0.39,0.36,,,,,,firms,VIIRS,VIIRS_NOAA21_NRT
-0.80558,101.65852,2025-11-05,1834,N21,n,2.0NRT,1.48,N,0.39,0.36,,,,,,firms,VIIRS,VIIRS_NOAA21_NRT
-0.7524,100.97439,2025-11-05,1834,N21,n,2.0NRT,1.21,N,0.41,0.37,,,,,,firms,VIIRS,VIIRS_NOAA21_NRT
0.44097,101.89166,2025-11-05,1834,N21,n,2.0NRT,1.83,N,0.39,0.36,,,,,,firms,VIIRS,VIIRS_NOAA21_NRT
0.68216,101.11913,2025-11-05,1834,N21,n,2.0NRT,0.66,N,0.41,0.37,,,,,,firms,VIIRS,VIIRS_NOAA21_NRT
1.10064,101.027,2025-11-05,1834,N21,n,2.0NRT,2.09,N,0.42,0.38,,,,,,firms,VIIRS,VIIRS_NOAA21_NRT
1.32782,100.71635,2025-11-05,1834,N21,n,2.0NRT,1.41,N,0.43,0.38,,,,,,firms,VIIRS,VIIRS_NOAA21_NRT
1.3313,100.71688,2025-11-05,1834,N21,n,2.0NRT,0.28,N,0.43,0.38,,,,,,firms,VIIRS,VIIRS_NOAA21_NRT
1.37273,104.15589,2025-11-05,1834,N21,n,2.0NRT,0.65,N,0.39,0.36,,,,,,firms,VIIRS,VIIRS_NOAA21_NRT
1.67311,101.47588,2025-11-05,1834,N21,n,2.0NRT,0.67,N,0.41,0.37,,,,,,firms,VIIRS,VIIRS_NOAA21_NRT
1.79965,103.62432,2025-11-05,1834,N21,n,2.0NRT,1.13,N,0.39,0.36,,,,,,firms,VIIRS,VIIRS_NOAA21_NRT
1.81548,103.15691,2025-11-05,1834,N21,n,2.0NRT,0.95,N,0.38,0.36,,,,,,firms,VIIRS,VIIRS_NOAA21_NRT
1.81601,103.15349,2025-11-05,1834,N21,n,2.0NRT,0.95,N,0.38,0.36,,,,,,firms,VIIRS,VIIRS_NOAA21_NRT
1.96148,99.47566,2025-11-05,1834,N21,n,2.0NRT,1.25,N,0.5,0.41,,,,,,firms,VIIRS,VIIRS_NOAA21_NRT
2.1835,103.00069,2025-11-05,1834,N21,n,2.0NRT,0.61,N,0.38,0.36,,,,,,firms,VIIRS,VIIRS_NOAA21_NRT
2.18679,103.00119,2025-11-05,1834,N21,n,2.0NRT,0.61,N,0.38,0.36,,,,,,firms,VIIRS,VIIRS_NOAA21_NRT
2.86017,97.79131,2025-11-05,1834,N21,n,2.0NRT,1.08,N,0.44,0.46,,,,,,firms,VIIRS,VIIRS_NOAA21_NRT
2.99924,97.95502,2025-11-05,1834,N21,n,2.0NRT,1.47,N,0.43,0.46,,,,,,firms,VIIRS,VIIRS_NOAA21_NRT
-3.41533,135.44772,2025-11-06,353,N21,n,2.0NRT,4.02,D,0.34,0.56,,,,,,firms,VIIRS,VIIRS_NOAA21_NRT
-2.55947,133.1373,2025-11-06,353,N21,n,2.0NRT,6.79,D,0.48,0.65,,,,,,firms,VIIRS,VIIRS_NOAA21_NRT
-1.81595,136.74925,2025-11-06,353,N21,n,2.0NRT,16.74,D,0.53,0.5,,,,,,firms,VIIRS,VIIRS_NOAA21_NRT
-1.3048,133.85837,2025-11-06,353,N21,n,2.0NRT,8.47,D,0.41,0.61,,,,,,firms,VIIRS,VIIRS_NOAA21_NRT
-1.30451,133.85799,2025-11-06,353,N21,n,2.0NRT,9.5,D,0.42,0.61,,,,,,firms,VIIRS,VIIRS_NOAA21_NRT
-9.82823,124.66848,2025-11-06,529,N21,n,2.0NRT,4.87,D,0.55,0.42,,,,,,firms,VIIRS,VIIRS_NOAA21_NRT
-9.78172,124.58057,2025-11-06,529,N21,n,2.0NRT,6.55,D,0.54,0.42,,,,,,firms,VIIRS,VIIRS_NOAA21_NRT
-9.77964,124.57819,2025-11-06,529,N21,l,2.0NRT,2.82,D,0.54,0.42,,,,,,firms,VIIRS,VIIRS_NOAA21_NRT
-9.7788,124.58308,2025-11-06,529,N21,l,2.0NRT,2.82,D,0.54,0.42,,,,,,firms,VIIRS,VIIRS_NOAA21_NRT
-9.77128,124.55724,2025-11-06,529,N21,l,2.0NRT,1.97,D,0.54,0.42,,,,,,firms,VIIRS,VIIRS_NOAA21_NRT
-9.76718,124.67471,2025-11-06,529,N21,n,2.0NRT,4.86,D,0.55,0.43,,,,,,firms,VIIRS,VIIRS_NOAA21_NRT
-9.76603,124.67688,2025-11-06,529,N21,n,2.0NRT,7.03,D,0.55,0.43,,,,,,firms,VIIRS,VIIRS_NOAA21_NRT
-9.74294,124.64697,2025-11-06,529,N21,l,2.0NRT,2.51,D,0.55,0.42,,,,,,firms,VIIRS,VIIRS_NOAA21_NRT
-9.72005,124.81,2025-11-06,529,N21,n,2.0NRT,6.53,D,0.56,0.43,,,,,,firms,VIIRS,VIIRS_NOAA21_NRT
-9.71977,124.64204,2025-11-06,529,N21,l,2.0NRT,2.87,D,0.55,0.42,,,,,,firms,VIIRS,VIIRS_NOAA21_NRT
-9.7192,124.81512,2025-11-06,529,N21,n,2.0NRT,6.53,D,0.56,0.43,,,,,,firms,VIIRS,VIIRS_NOAA21_NRT
-9.70827,124.68702,2025-11-06,529,N21,l,2.0NRT,2.82,D,0.55,0.43,,,,,,firms,VIIRS,VIIRS_NOAA21_NRT
-9.70581,124.62997,2025-11-06,529,N21,n,2.0NRT,3.24,D,0.55,0.42,,,,,,firms,VIIRS,VIIRS_NOAA21_NRT
-9.68716,124.6933,2025-11-06,529,N21,n,2.0NRT,7.19,D,0.55,0.43,,,,,,firms,VIIRS,VIIRS_NOAA21_NRT
-8.18616,129.85052,2025-11-06,529,N21,n,2.0NRT,8.15,D,0.43,0.62,,,,,,firms,VIIRS,VIIRS_NOAA21_NRT
-8.60637,117.74455,2025-11-06,531,N21,n,2.0NRT,6.69,D,0.42,0.38,,,,,,firms,VIIRS,VIIRS_NOAA21_NRT
-8.42455,117.45652,2025-11-06,531,N21,l,2.0NRT,15.37,D,0.43,0.38,,,,,,firms,VIIRS,VIIRS_NOAA21_NRT
-8.32621,124.85335,2025-11-06,531,N21,n,2.0NRT,13.85,D,0.39,0.44,,,,,,firms,VIIRS,VIIRS_NOAA21_NRT
-8.1323,118.1065,2025-11-06,531,N21,l,2.0NRT,4.09,D,0.4,0.37,,,,,,firms,VIIRS,VIIRS_NOAA21_NRT
-8.12892,118.10593,2025-11-06,531,N21,l,2.0NRT,4.09,D,0.4,0.37,,,,,,firms,VIIRS,VIIRS_NOAA21_NRT
-7.98981,113.91969,2025-11-06,531,N21,n,2.0NRT,3.56,D,0.44,0.46,,,,,,firms,VIIRS,VIIRS_NOAA21_NRT
-3.86781,119.58399,2025-11-06,531,N21,n,2.0NRT,3.53,D,0.39,0.36,,,,,,firms,VIIRS,VIIRS_NOAA21_NRT
-3.59962,120.24744,2025-11-06,531,N21,n,2.0NRT,3.43,D,0.4,0.37,,,,,,firms,VIIRS,VIIRS_NOAA21_NRT
-3.5989,126.38158,2025-11-06,531,N21,n,2.0NRT,9.47,D,0.59,0.53,,,,,,firms,VIIRS,VIIRS_NOAA21_NRT
-3.5987,126.41357,2025-11-06,531,N21,n,2.0NRT,6.18,D,0.59,0.53,,,,,,firms,VIIRS,VIIRS_NOAA21_NRT
-3.56822,126.2077,2025-11-06,531,N21,n,2.0NRT,5.57,D,0.58,0.52,,,,,,firms,VIIRS,VIIRS_NOAA21_NRT
-3.41252,122.0963,2025-11-06,531,N21,n,2.0NRT,9.86,D,0.48,0.4,,,,,,firms,VIIRS,VIIRS_NOAA21_NRT
-3.28029,122.20028,2025-11-06,531,N21,n,2.0NRT,36.79,D,0.49,0.4,,,,,,firms,VIIRS,VIIRS_NOAA21_NRT
-3.13556,122.0935,2025-11-06,531,N21,n,2.0NRT,14.12,D,0.48,0.4,,,,,,firms,VIIRS,VIIRS_NOAA21_NRT
-3.11617,122.12084,2025-11-06,531,N21,n,2.0NRT,5.0,D,0.48,0.4,,,,,,firms,VIIRS,VIIRS_NOAA21_NRT
-3.03257,115.77295,2025-11-06,531,N21,l,2.0NRT,6.35,D,0.45,0.39,,,,,,firms,VIIRS,VIIRS_NOAA21_NRT
-3.02137,115.75086,2025-11-06,531,N21,n,2.0NRT,5.07,D,0.45,0.39,,,,,,firms,VIIRS,VIIRS_NOAA21_NRT
-2.95955,115.72978,2025-11-06,531,N21,n,2.0NRT,17.51,D,0.45,0.39,,,,,,firms,VIIRS,VIIRS_NOAA21_NRT
-2.95257,119.56699,2025-11-06,531,N21,n,2.0NRT,10.02,D,0.39,0.36,,,,,,firms,VIIRS,VIIRS_NOAA21_NRT
-2.92693,115.72952,2025-11-06,531,N21,n,2.0NRT,15.93,D,0.45,0.39,,,,,,firms,VIIRS,VIIRS_NOAA21_NRT
-2.91334,115.7476,2025-11-06,531,N21,l,2.0NRT,13.5,D,0.45,0.39,,,,,,firms,VIIRS,VIIRS_NOAA21_NRT
-2.88729,115.94569,2025-11-06,531,N21,l,2.0NRT,11.53,D,0.44,0.38,,,,,,firms,VIIRS,VIIRS_NOAA21_NRT
-2.86033,115.90962,2025-11-06,531,N21,n,2.0NRT,8.72,D,0.44,0.38,,,,,,firms,VIIRS,VIIRS_NOAA21_NRT
-2.85954,115.90945,2025-11-06,531,N21,n,2.0NRT,8.56,D,0.44,0.38,,,,,,firms,VIIRS,VIIRS_NOAA21_NRT
-2.84587,120.153,2025-11-06,531,N21,n,2.0NRT,1.67,D,0.4,0.37,,,,,,firms,VIIRS,VIIRS_NOAA21_NRT
-2.8055,121.63911,2025-11-06,531,N21,n,2.0NRT,17.35,D,0.46,0.39,,,,,,firms,VIIRS,VIIRS_NOAA21_NRT
-2.5827,121.43895,2025-11-06,531,N21,n,2.0NRT,2.33,D,0.45,0.39,,,,,,firms,VIIRS,VIIRS_NOAA21_NRT
-2.57748,121.37932,2025-11-06,531,N21,n,2.0NRT,9.62,D,0.45,0.39,,,,,,firms,VIIRS,VIIRS_NOAA21_NRT
-2.57684,121.3834,2025-11-06,531,N21,l,2.0NRT,55.72,D,0.45,0.39,,,,,,firms,VIIRS,VIIRS_NOAA21_NRT
-2.57393,121.37873,2025-11-06,531,N21,n,2.0NRT,9.62,D,0.45,0.39,,,,,,firms,VIIRS,VIIRS_NOAA21_NRT
-2.54232,121.57867,2025-11-06,531,N21,n,2.0NRT,7.82,D,0.46,0.39,,,,,,firms,VIIRS,VIIRS_NOAA21_NRT
-2.53967,121.58382,2025-11-06,531,N21,n,2.0NRT,5.89,D,0.46,0.39,,,,,,firms,VIIRS,VIIRS_NOAA21_NRT
-2.53809,121.58212,2025-11-06,531,N21,n,2.0NRT,9.98,D,0.46,0.39,,,,,,firms,VIIRS,VIIRS_NOAA21_NRT
-2.53608,121.58318,2025-11-06,531,N21,n,2.0NRT,5.89,D,0.46,0.39,,,,,,firms,VIIRS,VIIRS_NOAA21_NRT
-2.5338,120.42738,2025-11-06,531,N21,n,2.0NRT,6.12,D,0.41,0.37,,,,,,firms,VIIRS,VIIRS_NOAA21_NRT
-2.522,120.2515,2025-11-06,531,N21,n,2.0NRT,10.59,D,0.41,0.37,,,,,,firms,VIIRS,VIIRS_NOAA21_NRT
-2.51104,120.39362,2025-11-06,531,N21,n,2.0NRT,5.63,D,0.41,0.37,,,,,,firms,VIIRS,VIIRS_NOAA21_NRT
-2.50118,120.38811,2025-11-06,531,N21,n,2.0NRT,6.38,D,0.41,0.37,,,,,,firms,VIIRS,VIIRS_NOAA21_NRT
-2.49776,120.38759,2025-11-06,531,N21,n,2.0NRT,5.48,D,0.41,0.37,,,,,,firms,VIIRS,VIIRS_NOAA21_NRT
-2.35792,121.7939,2025-11-06,531,N21,n,2.0NRT,6.17,D,0.48,0.4,,,,,,firms,VIIRS,VIIRS_NOAA21_NRT
-2.0106,121.41913,2025-11-06,531,N21,n,2.0NRT,9.66,D,0.46,0.39,,,,,,firms,VIIRS,VIIRS_NOAA21_NRT
-2.00702,121.41851,2025-11-06,531,N21,n,2.0NRT,5.58,D,0.46,0.39,,,,,,firms,VIIRS,VIIRS_NOAA21_NRT
-1.70169,121.77386,2025-11-06,531,N21,n,2.0NRT,7.73,D,0.48,0.4,,,,,,firms,VIIRS,VIIRS_NOAA21_NRT
-1.70101,121.77824,2025-11-06,531,N21,n,2.0NRT,5.8,D,0.48,0.4,,,,,,firms,VIIRS,VIIRS_NOAA21_NRT
-1.66342,121.75419,2025-11-06,531,N21,n,2.0NRT,4.32,D,0.48,0.4,,,,,,firms,VIIRS,VIIRS_NOAA21_NRT
-1.66273,121.75861,2025-11-06,531,N21,n,2.0NRT,4.32,D,0.48,0.4,,,,,,firms,VIIRS,VIIRS_NOAA21_NRT
-1.64941,121.84341,2025-11-06,531,N21,n,2.0NRT,6.8,D,0.49,0.4,,,,,,firms,VIIRS,VIIRS_NOAA21_NRT
-1.59646,121.75218,2025-11-06,531,N21,n,2.0NRT,9.76,D,0.48,0.4,,,,,,firms,VIIRS,VIIRS_NOAA21_NRT
-1.4945,119.9795,2025-11-06,531,N21,n,2.0NRT,4.12,D,0.41,0.37,,,,,,firms,VIIRS,VIIRS_NOAA21_NRT
-1.47425,122.90343,2025-11-06,531,N21,n,2.0NRT,12.59,D,0.56,0.43,,,,,,firms,VIIRS,VIIRS_NOAA21_NRT
-1.47113,122.90002,2025-11-06,531,N21,n,2.0NRT,22.41,D,0.56,0.43,,,,,,firms,VIIRS,VIIRS_NOAA21_NRT
-1.47035,122.90262,2025-11-06,531,N21,n,2.0NRT,12.59,D,0.56,0.43,,,,,,firms,VIIRS,VIIRS_NOAA21_NRT
-1.4358,123.40748,2025-11-06,531,N21,n,2.0NRT,3.04,D,0.4,0.44,,,,,,firms,VIIRS,VIIRS_NOAA21_NRT
-1.42714,122.24492,2025-11-06,531,N21,n,2.0NRT,4.51,D,0.52,0.41,,,,,,firms,VIIRS,VIIRS_NOAA21_NRT
-1.35932,121.59064,2025-11-06,531,N21,n,2.0NRT,14.86,D,0.48,0.4,,,,,,firms,VIIRS,VIIRS_NOAA21_NRT
-1.27487,121.97143,2025-11-06,531,N21,n,2.0NRT,5.42,D,0.5,0.41,,,,,,firms,VIIRS,VIIRS_NOAA21_NRT
-0.98236,123.24088,2025-11-06,531,N21,n,2.0NRT,1.86,D,0.4,0.44,,,,,,firms,VIIRS,VIIRS_NOAA21_NRT
-1.50012,116.17402,2025-11-06,533,N21,n,2.0NRT,10.68,D,0.42,0.38,,,,,,firms,VIIRS,VIIRS_NOAA21_NRT
-0.98195,121.84502,2025-11-06,533,N21,n,2.0NRT,3.88,D,0.5,0.41,,,,,,firms,VIIRS,VIIRS_NOAA21_NRT
0.5353,120.99474,2025-11-06,533,N21,n,2.0NRT,8.11,D,0.47,0.4,,,,,,firms,VIIRS,VIIRS_NOAA21_NRT
0.59071,121.46474,2025-11-06,533,N21,n,2.0NRT,8.26,D,0.5,0.41,,,,,,firms,VIIRS,VIIRS_NOAA21_NRT
0.59199,121.46336,2025-11-06,533,N21,n,2.0NRT,7.99,D,0.49,0.41,,,,,,firms,VIIRS,VIIRS_NOAA21_NRT
0.68696,117.55544,2025-11-06,533,N21,n,2.0NRT,3.03,D,0.38,0.36,,,,,,firms,VIIRS,VIIRS_NOAA21_NRT
0.85708,122.92001,2025-11-06,533,N21,n,2.0NRT,1.59,D,0.41,0.45,,,,,,firms,VIIRS,VIIRS_NOAA21_NRT
0.94761,122.96896,2025-11-06,533,N21,n,2.0NRT,3.84,D,0.41,0.45,,,,,,firms,VIIRS,VIIRS_NOAA21_NRT
1.496,127.6368,2025-11-06,533,N21,n,2.0NRT,7.75,D,0.44,0.62,,,,,,firms,VIIRS,VIIRS_NOAA21_NRT
1.60409,110.43446,2025-11-06,533,N21,n,2.0NRT,4.6,D,0.54,0.51,,,,,,firms,VIIRS,VIIRS_NOAA21_NRT
1.67602,117.93452,2025-11-06,533,N21,n,2.0NRT,5.85,D,0.39,0.36,,,,,,firms,VIIRS,VIIRS_NOAA21_NRT
1.7792,117.87603,2025-11-06,533,N21,n,2.0NRT,5.98,D,0.39,0.36,,,,,,firms,VIIRS,VIIRS_NOAA21_NRT
1.84682,117.80521,2025-11-06,533,N21,n,2.0NRT,11.13,D,0.38,0.36,,,,,,firms,VIIRS,VIIRS_NOAA21_NRT
1.85185,117.79391,2025-11-06,533,N21,n,2.0NRT,3.01,D,0.38,0.36,,,,,,firms,VIIRS,VIIRS_NOAA21_NRT
1.95177,117.24434,2025-11-06,533,N21,n,2.0NRT,28.47,D,0.38,0.36,,,,,,firms,VIIRS,VIIRS_NOAA21_NRT
1.96344,117.72414,2025-11-06,533,N21,n,2.0NRT,4.33,D,0.38,0.36,,,,,,firms,VIIRS,VIIRS_NOAA21_NRT
1.99143,117.305,2025-11-06,533,N21,n,2.0NRT,3.3,D,0.38,0.36,,,,,,firms,VIIRS,VIIRS_NOAA21_NRT
2.01183,117.65974,2025-11-06,533,N21,n,2.0NRT,2.44,D,0.38,0.36,,,,,,firms,VIIRS,VIIRS_NOAA21_NRT
2.05779,117.4695,2025-11-06,533,N21,n,2.0NRT,13.27,D,0.38,0.36,,,,,,firms,VIIRS,VIIRS_NOAA21_NRT
2.07272,117.45671,2025-11-06,533,N21,n,2.0NRT,3.96,D,0.38,0.36,,,,,,firms,VIIRS,VIIRS_NOAA21_NRT
2.09194,117.38366,2025-11-06,533,N21,n,2.0NRT,2.54,D,0.38,0.36,,,,,,firms,VIIRS,VIIRS_NOAA21_NRT
2.22622,117.88306,2025-11-06,533,N21,n,2.0NRT,5.49,D,0.39,0.36,,,,,,firms,VIIRS,VIIRS_NOAA21_NRT
2.22841,117.96758,2025-11-06,533,N21,n,2.0NRT,2.54,D,0.39,0.36,,,,,,firms,VIIRS,VIIRS_NOAA21_NRT
2.23013,117.44319,2025-11-06,533,N21,n,2.0NRT,2.1,D,0.38,0.36,,,,,,firms,VIIRS,VIIRS_NOAA21_NRT
2.23835,117.51913,2025-11-06,533,N21,n,2.0NRT,2.28,D,0.38,0.36,,,,,,firms,VIIRS,VIIRS_NOAA21_NRT
2.28097,117.99832,2025-11-06,533,N21,n,2.0NRT,3.86,D,0.39,0.36,,,,,,firms,VIIRS,VIIRS_NOAA21_NRT
2.44794,117.57705,2025-11-06,533,N21,n,2.0NRT,3.29,D,0.38,0.36,,,,,,firms,VIIRS,VIIRS_NOAA21_NRT
2.52289,117.48821,2025-11-06,533,N21,n,2.0NRT,2.48,D,0.38,0.36,,,,,,firms,VIIRS,VIIRS_NOAA21_NRT
2.57373,128.56622,2025-11-06,533,N21,n,2.0NRT,17.42,D,0.53,0.67,,,,,,firms,VIIRS,VIIRS_NOAA21_NRT
2.58443,117.55967,2025-11-06,533,N21,n,2.0NRT,3.05,D,0.38,0.36,,,,,,firms,VIIRS,VIIRS_NOAA21_NRT
2.59606,117.54738,2025-11-06,533,N21,n,2.0NRT,5.0,D,0.38,0.36,,,,,,firms,VIIRS,VIIRS_NOAA21_NRT
2.78223,125.41003,2025-11-06,533,N21,n,2.0NRT,4.44,D,0.32,0.55,,,,,,firms,VIIRS,VIIRS_NOAA21_NRT
3.00348,117.20487,2025-11-06,533,N21,n,2.0NRT,3.76,D,0.38,0.36,,,,,,firms,VIIRS,VIIRS_NOAA21_NRT
3.08318,117.19632,2025-11-06,533,N21,n,2.0NRT,5.95,D,0.38,0.36,,,,,,firms,VIIRS,VIIRS_NOAA21_NRT
3.23772,116.98229,2025-11-06,533,N21,n,2.0NRT,2.46,D,0.38,0.36,,,,,,firms,VIIRS,VIIRS_NOAA21_NRT
3.27204,117.09645,2025-11-06,533,N21,n,2.0NRT,5.96,D,0.38,0.36,,,,,,firms,VIIRS,VIIRS_NOAA21_NRT
3.27587,117.09939,2025-11-06,533,N21,n,2.0NRT,4.66,D,0.38,0.36,,,,,,firms,VIIRS,VIIRS_NOAA21_NRT
3.27647,113.0731,2025-11-06,533,N21,n,2.0NRT,5.2,D,0.52,0.42,,,,,,firms,VIIRS,VIIRS_NOAA21_NRT
3.27878,113.0631,2025-11-06,533,N21,n,2.0NRT,4.53,D,0.52,0.42,,,,,,firms,VIIRS,VIIRS_NOAA21_NRT
3.29002,113.08514,2025-11-06,533,N21,n,2.0NRT,6.14,D,0.52,0.41,,,,,,firms,VIIRS,VIIRS_NOAA21_NRT
3.29075,113.08977,2025-11-06,533,N21,n,2.0NRT,5.75,D,0.52,0.41,,,,,,firms,VIIRS,VIIRS_NOAA21_NRT
3.30574,113.11119,2025-11-06,533,N21,n,2.0NRT,4.81,D,0.52,0.41,,,,,,firms,VIIRS,VIIRS_NOAA21_NRT
3.5019,116.70812,2025-11-06,533,N21,n,2.0NRT,3.22,D,0.39,0.36,,,,,,firms,VIIRS,VIIRS_NOAA21_NRT
3.54535,113.35075,2025-11-06,533,N21,n,2.0NRT,4.42,D,0.5,0.41,,,,,,firms,VIIRS,VIIRS_NOAA21_NRT
4.53275,116.31211,2025-11-06,533,N21,n,2.0NRT,4.63,D,0.39,0.36,,,,,,firms,VIIRS,VIIRS_NOAA21_NRT
4.67665,116.62851,2025-11-06,533,N21,n,2.0NRT,2.96,D,0.38,0.36,,,,,,firms,VIIRS,VIIRS_NOAA21_NRT
4.73957,116.41758,2025-11-06,533,N21,n,2.0NRT,6.44,D,0.39,0.36,,,,,,firms,VIIRS,VIIRS_NOAA21_NRT
4.97854,112.98177,2025-11-06,533,N21,n,2.0NRT,17.13,D,0.5,0.41,,,,,,firms,VIIRS,VIIRS_NOAA21_NRT
5.82454,125.4023,2025-11-06,533,N21,n,2.0NRT,1.96,D,0.36,0.57,,,,,,firms,VIIRS,VIIRS_NOAA21_NRT
-0.5544,102.69534,2025-11-06,713,N21,n,2.0NRT,4.16,D,0.43,0.62,,,,,,firms,VIIRS,VIIRS_NOAA21_NRT
1.14041,101.02692,2025-11-06,713,N21,n,2.0NRT,5.86,D,0.35,0.57,,,,,,firms,VIIRS,VIIRS_NOAA21_NRT
1.32173,100.72133,2025-11-06,713,N21,n,2.0NRT,2.95,D,0.34,0.56,,,,,,firms,VIIRS,VIIRS_NOAA21_NRT
1.32313,100.71533,2025-11-06,713,N21,n,2.0NRT,8.29,D,0.34,0.56,,,,,,firms,VIIRS,VIIRS_NOAA21_NRT
1.3236,100.71832,2025-11-06,713,N21,l,2.0NRT,50.14,D,0.34,0.56,,,,,,firms,VIIRS,VIIRS_NOAA21_NRT
1.32407,100.72133,2025-11-06,713,N21,n,2.0NRT,50.14,D,0.34,0.56,,,,,,firms,VIIRS,VIIRS_NOAA21_NRT
1.32454,100.72435,2025-11-06,713,N21,l,2.0NRT,81.04,D,0.34,0.56,,,,,,firms,VIIRS,VIIRS_NOAA21_NRT
1.32501,100.72737,2025-11-06,713,N21,n,2.0NRT,81.04,D,0.34,0.56,,,,,,firms,VIIRS,VIIRS_NOAA21_NRT
1.32548,100.73038,2025-11-06,713,N21,n,2.0NRT,14.39,D,0.34,0.56,,,,,,firms,VIIRS,VIIRS_NOAA21_NRT
1.32595,100.73341,2025-11-06,713,N21,n,2.0NRT,14.39,D,0.34,0.56,,,,,,firms,VIIRS,VIIRS_NOAA21_NRT
1.32642,100.73643,2025-11-06,713,N21,n,2.0NRT,3.61,D,0.34,0.56,,,,,,firms,VIIRS,VIIRS_NOAA21_NRT
1.32689,100.73943,2025-11-06,713,N21,n,2.0NRT,3.61,D,0.34,0.56,,,,,,firms,VIIRS,VIIRS_NOAA21_NRT
1.32736,100.74242,2025-11-06,713,N21,n,2.0NRT,10.32,D,0.34,0.56,,,,,,firms,VIIRS,VIIRS_NOAA21_NRT
1.32778,100.71159,2025-11-06,713,N21,n,2.0NRT,8.29,D,0.34,0.56,,,,,,firms,VIIRS,VIIRS_NOAA21_NRT
1.32825,100.71459,2025-11-06,713,N21,l,2.0NRT,8.29,D,0.34,0.56,,,,,,firms,VIIRS,VIIRS_NOAA21_NRT
1.32872,100.71759,2025-11-06,713,N21,l,2.0NRT,50.14,D,0.34,0.56,,,,,,firms,VIIRS,VIIRS_NOAA21_NRT
1.33013,100.72662,2025-11-06,713,N21,n,2.0NRT,81.04,D,0.34,0.56,,,,,,firms,VIIRS,VIIRS_NOAA21_NRT
1.3306,100.72961,2025-11-06,713,N21,l,2.0NRT,14.39,D,0.34,0.56,,,,,,firms,VIIRS,VIIRS_NOAA21_NRT
1.33107,100.73264,2025-11-06,713,N21,n,2.0NRT,14.39,D,0.34,0.56,,,,,,firms,VIIRS,VIIRS_NOAA21_NRT
1.33154,100.73565,2025-11-06,713,N21,n,2.0NRT,3.61,D,0.34,0.56,,,,,,firms,VIIRS,VIIRS_NOAA21_NRT
1.33201,100.73866,2025-11-06,713,N21,n,2.0NRT,3.61,D,0.34,0.56,,,,,,firms,VIIRS,VIIRS_NOAA21_NRT
1.32551,100.71157,2025-11-06,716,N21,n,2.0NRT,7.9,D,0.34,0.56,,,,,,firms,VIIRS,VIIRS_NOAA21_NRT
1.32596,100.71458,2025-11-06,716,N21,n,2.0NRT,7.9,D,0.34,0.56,,,,,,firms,VIIRS,VIIRS_NOAA21_NRT
1.3264,100.71758,2025-11-06,716,N21,n,2.0NRT,47.8,D,0.34,0.56,,,,,,firms,VIIRS,VIIRS_NOAA21_NRT
1.3273,100.7236,2025-11-06,716,N21,n,2.0NRT,51.81,D,0.34,0.56,,,,,,firms,VIIRS,VIIRS_NOAA21_NRT
1.32774,100.72662,2025-11-06,716,N21,n,2.0NRT,51.81,D,0.34,0.56,,,,,,firms,VIIRS,VIIRS_NOAA21_NRT
1.32819,100.72964,2025-11-06,716,N21,l,2.0NRT,11.65,D,0.34,0.56,,,,,,firms,VIIRS,VIIRS_NOAA21_NRT
1.32864,100.73267,2025-11-06,716,N21,n,2.0NRT,11.65,D,0.34,0.56,,,,,,firms,VIIRS,VIIRS_NOAA21_NRT
1.32909,100.73569,2025-11-06,716,N21,n,2.0NRT,3.99,D,0.34,0.56,,,,,,firms,VIIRS,VIIRS_NOAA21_NRT
1.32953,100.73869,2025-11-06,716,N21,n,2.0NRT,3.99,D,0.34,0.56,,,,,,firms,VIIRS,VIIRS_NOAA21_NRT
1.33107,100.71381,2025-11-06,716,N21,n,2.0NRT,7.9,D,0.34,0.56,,,,,,firms,VIIRS,VIIRS_NOAA21_NRT
1.33152,100.71682,2025-11-06,716,N21,n,2.0NRT,47.8,D,0.34,0.56,,,,,,firms,VIIRS,VIIRS_NOAA21_NRT
1.33197,100.71983,2025-11-06,716,N21,n,2.0NRT,47.8,D,0.34,0.56,,,,,,firms,VIIRS,VIIRS_NOAA21_NRT
1.33241,100.72283,2025-11-06,716,N21,l,2.0NRT,51.81,D,0.34,0.56,,,,,,firms,VIIRS,VIIRS_NOAA21_NRT
1.33286,100.72585,2025-11-06,716,N21,n,2.0NRT,51.81,D,0.34,0.56,,,,,,firms,VIIRS,VIIRS_NOAA21_NRT
1.33331,100.72887,2025-11-06,716,N21,n,2.0NRT,11.65,D,0.34,0.56,,,,,,firms,VIIRS,VIIRS_NOAA21_NRT
1.33376,100.73188,2025-11-06,716,N21,n,2.0NRT,11.65,D,0.34,0.56,,,,,,firms,VIIRS,VIIRS_NOAA21_NRT
1.33421,100.73492,2025-11-06,716,N21,n,2.0NRT,3.99,D,0.34,0.56,,,,,,firms,VIIRS,VIIRS_NOAA21_NRT
1.33753,100.72206,2025-11-06,716,N21,n,2.0NRT,2.29,D,0.34,0.56,,,,,,firms,VIIRS,VIIRS_NOAA21_NRT
1.33798,100.72509,2025-11-06,716,N21,n,2.0NRT,2.29,D,0.34,0.56,,,,,,firms,VIIRS,VIIRS_NOAA21_NRT
1.37806,100.67887,2025-11-06,716,N21,n,2.0NRT,3.55,D,0.34,0.56,,,,,,firms,VIIRS,VIIRS_NOAA21_NRT
2.28973,99.20082,2025-11-06,716,N21,n,2.0NRT,4.99,D,0.55,0.51,,,,,,firms,VIIRS,VIIRS_NOAA21_NRT
2.29289,99.20233,2025-11-06,716,N21,n,2.0NRT,6.17,D,0.55,0.51,,,,,,firms,VIIRS,VIIRS_NOAA21_NRT
1.49521,127.63275,2025-11-06,1632,N21,n,2.0NRT,3.81,N,0.44,0.46,,,,,,firms,VIIRS,VIIRS_NOAA21_NRT
1.49585,127.62857,2025-11-06,1632,N21,n,2.0NRT,2.27,N,0.44,0.46,,,,,,firms,VIIRS,VIIRS_NOAA21_NRT
1.69999,127.87679,2025-11-06,1632,N21,n,2.0NRT,1.39,N,0.42,0.45,,,,,,firms,VIIRS,VIIRS_NOAA21_NRT
2.77958,125.39732,2025-11-06,1632,N21,n,2.0NRT,1.52,N,0.32,0.55,,,,,,firms,VIIRS,VIIRS_NOAA21_NRT
-3.9049,122.41734,2025-11-06,1634,N21,n,2.0NRT,0.95,N,0.41,0.6,,,,,,firms,VIIRS,VIIRS_NOAA21_NRT
-3.90428,122.41373,2025-11-06,1634,N21,n,2.0NRT,1.89,N,0.41,0.6,,,,,,firms,VIIRS,VIIRS_NOAA21_NRT
-3.9,122.42189,2025-11-06,1634,N21,n,2.0NRT,0.95,N,0.41,0.6,,,,,,firms,VIIRS,VIIRS_NOAA21_NRT
-3.89938,122.41826,2025-11-06,1634,N21,n,2.0NRT,0.95,N,0.41,0.6,,,,,,firms,VIIRS,VIIRS_NOAA21_NRT
-3.87293,122.39645,2025-11-06,1634,N21,n,2.0NRT,1.11,N,0.41,0.61,,,,,,firms,VIIRS,VIIRS_NOAA21_NRT
-3.87238,122.39246,2025-11-06,1634,N21,n,2.0NRT,3.28,N,0.41,0.61,,,,,,firms,VIIRS,VIIRS_NOAA21_NRT
-3.8723,122.39281,2025-11-06,1634,N21,n,2.0NRT,1.11,N,0.41,0.61,,,,,,firms,VIIRS,VIIRS_NOAA21_NRT
-3.86929,122.40826,2025-11-06,1634,N21,n,2.0NRT,2.23,N,0.41,0.6,,,,,,firms,VIIRS,VIIRS_NOAA21_NRT
-3.86926,122.40797,2025-11-06,1634,N21,n,2.0NRT,2.43,N,0.41,0.61,,,,,,firms,VIIRS,VIIRS_NOAA21_NRT
-3.86866,122.40433,2025-11-06,1634,N21,n,2.0NRT,2.18,N,0.41,0.61,,,,,,firms,VIIRS,VIIRS_NOAA21_NRT
-3.86866,122.40462,2025-11-06,1634,N21,n,2.0NRT,1.85,N,0.41,0.61,,,,,,firms,VIIRS,VIIRS_NOAA21_NRT
-3.86806,122.40067,2025-11-06,1634,N21,n,2.0NRT,2.18,N,0.41,0.61,,,,,,firms,VIIRS,VIIRS_NOAA21_NRT
-3.86803,122.40099,2025-11-06,1634,N21,n,2.0NRT,1.85,N,0.41,0.61,,,,,,firms,VIIRS,VIIRS_NOAA21_NRT
-1.81921,136.75046,2025-11-06,1634,N21,n,2.0NRT,6.95,N,0.53,0.42,,,,,,firms,VIIRS,VIIRS_NOAA21_NRT
-1.81821,136.74872,2025-11-06,1634,N21,n,2.0NRT,13.85,N,0.53,0.42,,,,,,firms,VIIRS,VIIRS_NOAA21_NRT
-1.81537,136.75089,2025-11-06,1634,N21,n,2.0NRT,6.95,N,0.53,0.42,,,,,,firms,VIIRS,VIIRS_NOAA21_NRT
-1.56758,127.43048,2025-11-06,1634,N21,n,2.0NRT,2.48,N,0.4,0.45,,,,,,firms,VIIRS,VIIRS_NOAA21_NRT
-1.56289,127.42733,2025-11-06,1634,N21,n,2.0NRT,7.05,N,0.4,0.45,,,,,,firms,VIIRS,VIIRS_NOAA21_NRT
-1.55881,127.42789,2025-11-06,1634,N21,n,2.0NRT,5.44,N,0.4,0.45,,,,,,firms,VIIRS,VIIRS_NOAA21_NRT
-1.46009,127.43681,2025-11-06,1634,N21,n,2.0NRT,10.45,N,0.41,0.45,,,,,,firms,VIIRS,VIIRS_NOAA21_NRT
-1.45598,127.43725,2025-11-06,1634,N21,n,2.0NRT,10.45,N,0.41,0.45,,,,,,firms,VIIRS,VIIRS_NOAA21_NRT
-1.38006,122.48087,2025-11-06,1634,N21,n,2.0NRT,0.31,N,0.44,0.63,,,,,,firms,VIIRS,VIIRS_NOAA21_NRT
0.47955,128.00046,2025-11-06,1634,N21,n,2.0NRT,2.4,N,0.4,0.44,,,,,,firms,VIIRS,VIIRS_NOAA21_NRT
0.4801,127.99687,2025-11-06,1634,N21,n,2.0NRT,2.5,N,0.4,0.44,,,,,,firms,VIIRS,VIIRS_NOAA21_NRT
0.48065,127.99336,2025-11-06,1634,N21,n,2.0NRT,2.5,N,0.4,0.44,,,,,,firms,VIIRS,VIIRS_NOAA21_NRT
0.48121,127.98977,2025-11-06,1634,N21,n,2.0NRT,3.45,N,0.4,0.44,,,,,,firms,VIIRS,VIIRS_NOAA21_NRT
0.48299,128.00488,2025-11-06,1634,N21,n,2.0NRT,2.4,N,0.4,0.44,,,,,,firms,VIIRS,VIIRS_NOAA21_NRT
0.48356,128.00124,2025-11-06,1634,N21,n,2.0NRT,2.4,N,0.4,0.44,,,,,,firms,VIIRS,VIIRS_NOAA21_NRT
0.48469,127.99406,2025-11-06,1634,N21,n,2.0NRT,2.5,N,0.4,0.44,,,,,,firms,VIIRS,VIIRS_NOAA21_NRT
0.48525,127.99046,2025-11-06,1634,N21,n,2.0NRT,3.45,N,0.4,0.44,,,,,,firms,VIIRS,VIIRS_NOAA21_NRT
0.4858,127.9869,2025-11-06,1634,N21,n,2.0NRT,3.45,N,0.4,0.44,,,,,,firms,VIIRS,VIIRS_NOAA21_NRT
0.48633,127.98353,2025-11-06,1634,N21,n,2.0NRT,1.99,N,0.4,0.44,,,,,,firms,VIIRS,VIIRS_NOAA21_NRT
0.48741,127.97662,2025-11-06,1634,N21,n,2.0NRT,3.12,N,0.4,0.44,,,,,,firms,VIIRS,VIIRS_NOAA21_NRT
0.49036,127.98426,2025-11-06,1634,N21,n,2.0NRT,4.81,N,0.4,0.44,,,,,,firms,VIIRS,VIIRS_NOAA21_NRT
0.50846,127.89529,2025-11-06,1634,N21,n,2.0NRT,1.65,N,0.4,0.45,,,,,,firms,VIIRS,VIIRS_NOAA21_NRT
0.51253,127.8959,2025-11-06,1634,N21,n,2.0NRT,2.5,N,0.4,0.45,,,,,,firms,VIIRS,VIIRS_NOAA21_NRT
-8.88897,125.85294,2025-11-06,1637,N21,n,2.0NRT,0.75,N,0.4,0.44,,,,,,firms,VIIRS,VIIRS_NOAA21_NRT
-2.21013,115.49345,2025-11-06,1813,N21,n,2.0NRT,0.51,N,0.33,0.56,,,,,,firms,VIIRS,VIIRS_NOAA21_NRT
-1.24622,116.81768,2025-11-06,1813,N21,n,2.0NRT,1.75,N,0.4,0.6,,,,,,firms,VIIRS,VIIRS_NOAA21_NRT
-0.70778,117.06271,2025-11-06,1813,N21,n,2.0NRT,0.7,N,0.41,0.6,,,,,,firms,VIIRS,VIIRS_NOAA21_NRT
-0.45678,102.17103,2025-11-06,1813,N21,n,2.0NRT,1.02,N,0.41,0.45,,,,,,firms,VIIRS,VIIRS_NOAA21_NRT
3.01382,101.72971,2025-11-06,1813,N21,n,2.0NRT,0.94,N,0.5,0.49,,,,,,firms,VIIRS,VIIRS_NOAA21_NRT
3.27631,113.07243,2025-11-06,1813,N21,n,2.0NRT,2.04,N,0.57,0.43,,,,,,firms,VIIRS,VIIRS_NOAA21_NRT
3.27711,113.06744,2025-11-06,1813,N21,n,2.0NRT,2.04,N,0.57,0.43,,,,,,firms,VIIRS,VIIRS_NOAA21_NRT
3.27791,113.06249,2025-11-06,1813,N21,n,2.0NRT,3.91,N,0.57,0.43,,,,,,firms,VIIRS,VIIRS_NOAA21_NRT
3.28256,113.08388,2025-11-06,1813,N21,n,2.0NRT,2.06,N,0.57,0.43,,,,,,firms,VIIRS,VIIRS_NOAA21_NRT
3.28649,113.08459,2025-11-06,1813,N21,n,2.0NRT,2.06,N,0.57,0.43,,,,,,firms,VIIRS,VIIRS_NOAA21_NRT
3.28963,113.09029,2025-11-06,1813,N21,n,2.0NRT,3.45,N,0.57,0.43,,,,,,firms,VIIRS,VIIRS_NOAA21_NRT
3.30614,113.11374,2025-11-06,1813,N21,n,2.0NRT,1.06,N,0.57,0.43,,,,,,firms,VIIRS,VIIRS_NOAA21_NRT
3.30693,113.10874,2025-11-06,1813,N21,n,2.0NRT,1.51,N,0.57,0.43,,,,,,firms,VIIRS,VIIRS_NOAA21_NRT
3.52251,113.31331,2025-11-06,1813,N21,n,2.0NRT,1.54,N,0.39,0.44,,,,,,firms,VIIRS,VIIRS_NOAA21_NRT
3.60785,112.41035,2025-11-06,1813,N21,n,2.0NRT,0.88,N,0.51,0.41,,,,,,firms,VIIRS,VIIRS_NOAA21_NRT
4.28713,103.4265,2025-11-06,1813,N21,n,2.0NRT,1.09,N,0.4,0.44,,,,,,firms,VIIRS,VIIRS_NOAA21_NRT
4.28784,103.42647,2025-11-06,1813,N21,n,2.0NRT,1.4,N,0.4,0.44,,,,,,firms,VIIRS,VIIRS_NOAA21_NRT
4.69892,113.94045,2025-11-06,1813,N21,n,2.0NRT,4.92,N,0.41,0.45,,,,,,firms,VIIRS,VIIRS_NOAA21_NRT
4.97534,112.98558,2025-11-06,1813,N21,n,2.0NRT,2.41,N,0.53,0.42,,,,,,firms,VIIRS,VIIRS_NOAA21_NRT
4.97612,112.98085,2025-11-06,1813,N21,n,2.0NRT,3.64,N,0.53,0.42,,,,,,firms,VIIRS,VIIRS_NOAA21_NRT
4.97662,112.98399,2025-11-06,1813,N21,n,2.0NRT,3.04,N,0.53,0.42,,,,,,firms,VIIRS,VIIRS_NOAA21_NRT
4.97738,112.97924,2025-11-06,1813,N21,n,2.0NRT,3.04,N,0.53,0.42,,,,,,firms,VIIRS,VIIRS_NOAA21_NRT
4.97916,112.98621,2025-11-06,1813,N21,n,2.0NRT,2.41,N,0.53,0.42,,,,,,firms,VIIRS,VIIRS_NOAA21_NRT
4.97994,112.98148,2025-11-06,1813,N21,n,2.0NRT,3.64,N,0.53,0.42,,,,,,firms,VIIRS,VIIRS_NOAA21_NRT
4.98044,112.98462,2025-11-06,1813,N21,n,2.0NRT,3.04,N,0.53,0.42,,,,,,firms,VIIRS,VIIRS_NOAA21_NRT
5.52961,104.98608,2025-11-06,1813,N21,n,2.0NRT,3.05,N,0.5,0.41,,,,,,firms,VIIRS,VIIRS_NOAA21_NRT
-6.7633,111.96391,2025-11-06,1815,N21,n,2.0NRT,2.06,N,0.45,0.47,,,,,,firms,VIIRS,VIIRS_NOAA21_NRT
-3.03641,115.1583,2025-11-06,1815,N21,n,2.0NRT,0.7,N,0.33,0.55,,,,,,firms,VIIRS,VIIRS_NOAA21_NRT
-3.03596,115.15536,2025-11-06,1815,N21,n,2.0NRT,0.7,N,0.33,0.55,,,,,,firms,VIIRS,VIIRS_NOAA21_NRT
-2.99685,115.20306,2025-11-06,1815,N21,n,2.0NRT,0.65,N,0.33,0.55,,,,,,firms,VIIRS,VIIRS_NOAA21_NRT
-2.89157,115.25459,2025-11-06,1815,N21,n,2.0NRT,1.09,N,0.33,0.55,,,,,,firms,VIIRS,VIIRS_NOAA21_NRT
-2.88655,115.25548,2025-11-06,1815,N21,n,2.0NRT,0.77,N,0.33,0.55,,,,,,firms,VIIRS,VIIRS_NOAA21_NRT
-2.88152,115.25632,2025-11-06,1815,N21,n,2.0NRT,0.77,N,0.33,0.55,,,,,,firms,VIIRS,VIIRS_NOAA21_NRT
-2.8769,115.25997,2025-11-06,1815,N21,n,2.0NRT,0.75,N,0.33,0.55,,,,,,firms,VIIRS,VIIRS_NOAA21_NRT
-2.87187,115.26083,2025-11-06,1815,N21,n,2.0NRT,0.75,N,0.33,0.55,,,,,,firms,VIIRS,VIIRS_NOAA21_NRT
-1.57582,103.68681,2025-11-06,1815,N21,n,2.0NRT,0.44,N,0.49,0.4,,,,,,firms,VIIRS,VIIRS_NOAA21_NRT
-1.57283,103.69173,2025-11-06,1815,N21,n,2.0NRT,0.71,N,0.49,0.4,,,,,,firms,VIIRS,VIIRS_NOAA21_NRT
-1.57214,103.68739,2025-11-06,1815,N21,n,2.0NRT,0.71,N,0.49,0.4,,,,,,firms,VIIRS,VIIRS_NOAA21_NRT
-0.93402,101.35114,2025-11-06,1815,N21,n,2.0NRT,1.9,N,0.46,0.47,,,,,,firms,VIIRS,VIIRS_NOAA21_NRT
-1.82009,136.74879,2025-11-07,332,N21,n,2.0NRT,15.28,D,0.57,0.69,,,,,,firms,VIIRS,VIIRS_NOAA21_NRT
-9.83136,124.59397,2025-11-07,512,N21,n,2.0NRT,2.83,D,0.38,0.36,,,,,,firms,VIIRS,VIIRS_NOAA21_NRT
-9.79632,124.53499,2025-11-07,512,N21,n,2.0NRT,9.72,D,0.38,0.36,,,,,,firms,VIIRS,VIIRS_NOAA21_NRT
-9.79153,124.65559,2025-11-07,512,N21,n,2.0NRT,4.67,D,0.38,0.36,,,,,,firms,VIIRS,VIIRS_NOAA21_NRT
-9.77778,124.65699,2025-11-07,512,N21,n,2.0NRT,4.08,D,0.38,0.36,,,,,,firms,VIIRS,VIIRS_NOAA21_NRT
-9.76985,124.62013,2025-11-07,512,N21,n,2.0NRT,6.49,D,0.38,0.36,,,,,,firms,VIIRS,VIIRS_NOAA21_NRT
-9.76901,124.75906,2025-11-07,512,N21,n,2.0NRT,2.88,D,0.38,0.36,,,,,,firms,VIIRS,VIIRS_NOAA21_NRT
-9.76623,124.75506,2025-11-07,512,N21,n,2.0NRT,3.42,D,0.38,0.36,,,,,,firms,VIIRS,VIIRS_NOAA21_NRT
-9.76098,124.61166,2025-11-07,512,N21,n,2.0NRT,2.87,D,0.38,0.36,,,,,,firms,VIIRS,VIIRS_NOAA21_NRT
-9.75047,124.79183,2025-11-07,512,N21,n,2.0NRT,9.45,D,0.38,0.36,,,,,,firms,VIIRS,VIIRS_NOAA21_NRT
-9.73488,124.76088,2025-11-07,512,N21,n,2.0NRT,6.37,D,0.38,0.36,,,,,,firms,VIIRS,VIIRS_NOAA21_NRT
-9.73411,124.72155,2025-11-07,512,N21,l,2.0NRT,1.24,D,0.38,0.36,,,,,,firms,VIIRS,VIIRS_NOAA21_NRT
-9.72896,124.68865,2025-11-07,512,N21,n,2.0NRT,9.02,D,0.38,0.36,,,,,,firms,VIIRS,VIIRS_NOAA21_NRT
-9.72843,124.69214,2025-11-07,512,N21,n,2.0NRT,9.02,D,0.38,0.36,,,,,,firms,VIIRS,VIIRS_NOAA21_NRT
-9.72674,124.65547,2025-11-07,512,N21,n,2.0NRT,5.15,D,0.38,0.36,,,,,,firms,VIIRS,VIIRS_NOAA21_NRT
-9.71787,124.64699,2025-11-07,512,N21,l,2.0NRT,1.71,D,0.38,0.36,,,,,,firms,VIIRS,VIIRS_NOAA21_NRT
-9.7131,124.67833,2025-11-07,512,N21,n,2.0NRT,3.82,D,0.38,0.36,,,,,,firms,VIIRS,VIIRS_NOAA21_NRT
-9.69717,124.78283,2025-11-07,512,N21,n,2.0NRT,2.88,D,0.38,0.36,,,,,,firms,VIIRS,VIIRS_NOAA21_NRT
-9.69102,124.66777,2025-11-07,512,N21,n,2.0NRT,2.61,D,0.38,0.36,,,,,,firms,VIIRS,VIIRS_NOAA21_NRT
-9.67278,124.65423,2025-11-07,512,N21,n,2.0NRT,2.33,D,0.38,0.36,,,,,,firms,VIIRS,VIIRS_NOAA21_NRT
-9.5582,124.89237,2025-11-07,512,N21,n,2.0NRT,4.22,D,0.38,0.36,,,,,,firms,VIIRS,VIIRS_NOAA21_NRT
-9.50197,124.99419,2025-11-07,512,N21,n,2.0NRT,4.06,D,0.38,0.36,,,,,,firms,VIIRS,VIIRS_NOAA21_NRT
-9.47746,124.93326,2025-11-07,512,N21,n,2.0NRT,3.23,D,0.38,0.36,,,,,,firms,VIIRS,VIIRS_NOAA21_NRT
-9.45705,125.01909,2025-11-07,512,N21,n,2.0NRT,4.36,D,0.38,0.36,,,,,,firms,VIIRS,VIIRS_NOAA21_NRT
-9.40604,125.19698,2025-11-07,512,N21,n,2.0NRT,2.35,D,0.39,0.36,,,,,,firms,VIIRS,VIIRS_NOAA21_NRT
-8.89818,116.36293,2025-11-07,512,N21,n,2.0NRT,3.2,D,0.32,0.55,,,,,,firms,VIIRS,VIIRS_NOAA21_NRT
-8.8745,116.34842,2025-11-07,512,N21,n,2.0NRT,5.87,D,0.32,0.55,,,,,,firms,VIIRS,VIIRS_NOAA21_NRT
-8.86867,116.3188,2025-11-07,512,N21,n,2.0NRT,5.26,D,0.32,0.55,,,,,,firms,VIIRS,VIIRS_NOAA21_NRT
-8.86822,116.31799,2025-11-07,512,N21,n,2.0NRT,2.93,D,0.33,0.55,,,,,,firms,VIIRS,VIIRS_NOAA21_NRT
-8.85755,116.36069,2025-11-07,512,N21,n,2.0NRT,1.47,D,0.32,0.55,,,,,,firms,VIIRS,VIIRS_NOAA21_NRT
-8.75714,115.96731,2025-11-07,512,N21,n,2.0NRT,3.25,D,0.34,0.56,,,,,,firms,VIIRS,VIIRS_NOAA21_NRT
-8.65551,125.23659,2025-11-07,512,N21,n,2.0NRT,3.07,D,0.39,0.36,,,,,,firms,VIIRS,VIIRS_NOAA21_NRT
-8.51005,125.82277,2025-11-07,512,N21,n,2.0NRT,3.27,D,0.4,0.37,,,,,,firms,VIIRS,VIIRS_NOAA21_NRT
-8.50723,125.81879,2025-11-07,512,N21,n,2.0NRT,8.53,D,0.4,0.37,,,,,,firms,VIIRS,VIIRS_NOAA21_NRT
-8.42793,117.21661,2025-11-07,512,N21,n,2.0NRT,4.52,D,0.56,0.51,,,,,,firms,VIIRS,VIIRS_NOAA21_NRT
-8.42555,117.21773,2025-11-07,512,N21,n,2.0NRT,3.56,D,0.55,0.51,,,,,,firms,VIIRS,VIIRS_NOAA21_NRT
-8.39884,120.99393,2025-11-07,512,N21,n,2.0NRT,8.65,D,0.48,0.4,,,,,,firms,VIIRS,VIIRS_NOAA21_NRT
-8.33523,120.6598,2025-11-07,512,N21,n,2.0NRT,30.62,D,0.5,0.41,,,,,,firms,VIIRS,VIIRS_NOAA21_NRT
-8.27916,120.62361,2025-11-07,512,N21,n,2.0NRT,10.18,D,0.5,0.41,,,,,,firms,VIIRS,VIIRS_NOAA21_NRT
-8.27157,125.1253,2025-11-07,512,N21,n,2.0NRT,10.88,D,0.39,0.36,,,,,,firms,VIIRS,VIIRS_NOAA21_NRT
-8.24614,123.55389,2025-11-07,512,N21,n,2.0NRT,5.23,D,0.39,0.36,,,,,,firms,VIIRS,VIIRS_NOAA21_NRT
-8.23709,125.52333,2025-11-07,512,N21,n,2.0NRT,6.06,D,0.39,0.36,,,,,,firms,VIIRS,VIIRS_NOAA21_NRT
-8.16493,117.60829,2025-11-07,512,N21,n,2.0NRT,16.65,D,0.52,0.5,,,,,,firms,VIIRS,VIIRS_NOAA21_NRT
-8.13289,124.56862,2025-11-07,512,N21,n,2.0NRT,4.23,D,0.38,0.36,,,,,,firms,VIIRS,VIIRS_NOAA21_NRT
-8.12236,118.05431,2025-11-07,512,N21,n,2.0NRT,17.06,D,0.48,0.48,,,,,,firms,VIIRS,VIIRS_NOAA21_NRT
-8.12176,118.05866,2025-11-07,512,N21,n,2.0NRT,10.67,D,0.48,0.48,,,,,,firms,VIIRS,VIIRS_NOAA21_NRT
-8.1189,118.07948,2025-11-07,512,N21,n,2.0NRT,7.76,D,0.48,0.48,,,,,,firms,VIIRS,VIIRS_NOAA21_NRT
-8.11802,118.0531,2025-11-07,512,N21,n,2.0NRT,17.06,D,0.48,0.48,,,,,,firms,VIIRS,VIIRS_NOAA21_NRT
-8.11744,118.05729,2025-11-07,512,N21,n,2.0NRT,10.67,D,0.48,0.48,,,,,,firms,VIIRS,VIIRS_NOAA21_NRT
-8.11545,118.03897,2025-11-07,512,N21,n,2.0NRT,17.37,D,0.48,0.48,,,,,,firms,VIIRS,VIIRS_NOAA21_NRT
-8.11369,118.0518,2025-11-07,512,N21,n,2.0NRT,23.94,D,0.48,0.48,,,,,,firms,VIIRS,VIIRS_NOAA21_NRT
-8.1005,117.9155,2025-11-07,512,N21,n,2.0NRT,10.9,D,0.49,0.49,,,,,,firms,VIIRS,VIIRS_NOAA21_NRT
-5.70333,122.77673,2025-11-07,514,N21,n,2.0NRT,3.92,D,0.39,0.37,,,,,,firms,VIIRS,VIIRS_NOAA21_NRT
-5.64832,122.6701,2025-11-07,514,N21,l,2.0NRT,4.43,D,0.4,0.37,,,,,,firms,VIIRS,VIIRS_NOAA21_NRT
-4.97354,120.2294,2025-11-07,514,N21,n,2.0NRT,10.07,D,0.48,0.4,,,,,,firms,VIIRS,VIIRS_NOAA21_NRT
-4.96985,120.22888,2025-11-07,514,N21,n,2.0NRT,17.04,D,0.48,0.4,,,,,,firms,VIIRS,VIIRS_NOAA21_NRT
-4.02695,119.75787,2025-11-07,514,N21,l,2.0NRT,8.22,D,0.5,0.41,,,,,,firms,VIIRS,VIIRS_NOAA21_NRT
-3.90289,122.41546,2025-11-07,514,N21,n,2.0NRT,4.07,D,0.39,0.36,,,,,,firms,VIIRS,VIIRS_NOAA21_NRT
-3.90235,122.41898,2025-11-07,514,N21,n,2.0NRT,4.07,D,0.39,0.36,,,,,,firms,VIIRS,VIIRS_NOAA21_NRT
-3.90182,122.42251,2025-11-07,514,N21,n,2.0NRT,3.71,D,0.39,0.36,,,,,,firms,VIIRS,VIIRS_NOAA21_NRT
-3.4379,135.36844,2025-11-07,514,N21,n,2.0NRT,4.89,D,0.58,0.7,,,,,,firms,VIIRS,VIIRS_NOAA21_NRT
-3.43554,135.37004,2025-11-07,514,N21,n,2.0NRT,6.06,D,0.58,0.7,,,,,,firms,VIIRS,VIIRS_NOAA21_NRT
-3.15442,126.91551,2025-11-07,514,N21,n,2.0NRT,5.82,D,0.49,0.4,,,,,,firms,VIIRS,VIIRS_NOAA21_NRT
-2.86093,122.16133,2025-11-07,514,N21,n,2.0NRT,4.46,D,0.39,0.36,,,,,,firms,VIIRS,VIIRS_NOAA21_NRT
-2.8282,122.17435,2025-11-07,514,N21,n,2.0NRT,6.23,D,0.39,0.36,,,,,,firms,VIIRS,VIIRS_NOAA21_NRT
-2.53608,120.3053,2025-11-07,514,N21,n,2.0NRT,7.76,D,0.45,0.39,,,,,,firms,VIIRS,VIIRS_NOAA21_NRT
-2.50556,120.3625,2025-11-07,514,N21,n,2.0NRT,5.42,D,0.45,0.39,,,,,,firms,VIIRS,VIIRS_NOAA21_NRT
-2.44432,133.1337,2025-11-07,514,N21,n,2.0NRT,3.98,D,0.42,0.61,,,,,,firms,VIIRS,VIIRS_NOAA21_NRT
-1.81823,136.75223,2025-11-07,514,N21,n,2.0NRT,17.62,D,0.77,0.78,,,,,,firms,VIIRS,VIIRS_NOAA21_NRT
-1.78835,115.92901,2025-11-07,514,N21,n,2.0NRT,4.96,D,0.54,0.51,,,,,,firms,VIIRS,VIIRS_NOAA21_NRT
-1.58663,122.1606,2025-11-07,514,N21,n,2.0NRT,1.92,D,0.39,0.36,,,,,,firms,VIIRS,VIIRS_NOAA21_NRT
-1.4574,127.43573,2025-11-07,514,N21,n,2.0NRT,21.89,D,0.55,0.42,,,,,,firms,VIIRS,VIIRS_NOAA21_NRT
-1.38186,122.47952,2025-11-07,514,N21,n,2.0NRT,4.34,D,0.39,0.36,,,,,,firms,VIIRS,VIIRS_NOAA21_NRT
-1.35709,122.46095,2025-11-07,514,N21,n,2.0NRT,1.23,D,0.39,0.36,,,,,,firms,VIIRS,VIIRS_NOAA21_NRT
-1.12419,136.05139,2025-11-07,514,N21,n,2.0NRT,3.98,D,0.71,0.75,,,,,,firms,VIIRS,VIIRS_NOAA21_NRT
0.52354,122.66502,2025-11-07,514,N21,n,2.0NRT,7.23,D,0.38,0.36,,,,,,firms,VIIRS,VIIRS_NOAA21_NRT
0.60312,122.67754,2025-11-07,514,N21,n,2.0NRT,5.29,D,0.38,0.36,,,,,,firms,VIIRS,VIIRS_NOAA21_NRT
0.87609,123.46288,2025-11-07,514,N21,n,2.0NRT,10.16,D,0.39,0.36,,,,,,firms,VIIRS,VIIRS_NOAA21_NRT
1.55874,127.83968,2025-11-07,514,N21,n,2.0NRT,3.37,D,0.43,0.46,,,,,,firms,VIIRS,VIIRS_NOAA21_NRT
-2.66479,106.02229,2025-11-07,656,N21,n,2.0NRT,1.62,D,0.32,0.54,,,,,,firms,VIIRS,VIIRS_NOAA21_NRT
-2.5146,106.43602,2025-11-07,656,N21,n,2.0NRT,5.08,D,0.34,0.56,,,,,,firms,VIIRS,VIIRS_NOAA21_NRT
-1.95099,105.31474,2025-11-07,656,N21,n,2.0NRT,9.16,D,0.59,0.53,,,,,,firms,VIIRS,VIIRS_NOAA21_NRT
-0.69253,101.03448,2025-11-07,656,N21,n,2.0NRT,6.83,D,0.49,0.4,,,,,,firms,VIIRS,VIIRS_NOAA21_NRT
-0.40787,101.79313,2025-11-07,656,N21,n,2.0NRT,3.97,D,0.54,0.42,,,,,,firms,VIIRS,VIIRS_NOAA21_NRT
-0.2856,103.00368,2025-11-07,656,N21,n,2.0NRT,18.45,D,0.43,0.46,,,,,,firms,VIIRS,VIIRS_NOAA21_NRT
-0.21259,103.08418,2025-11-07,656,N21,n,2.0NRT,11.17,D,0.44,0.46,,,,,,firms,VIIRS,VIIRS_NOAA21_NRT
-0.17107,101.91802,2025-11-07,656,N21,n,2.0NRT,8.31,D,0.56,0.43,,,,,,firms,VIIRS,VIIRS_NOAA21_NRT
-0.17029,101.923,2025-11-07,656,N21,n,2.0NRT,8.31,D,0.56,0.43,,,,,,firms,VIIRS,VIIRS_NOAA21_NRT
-0.16637,101.92236,2025-11-07,656,N21,n,2.0NRT,8.31,D,0.56,0.43,,,,,,firms,VIIRS,VIIRS_NOAA21_NRT
0.88842,101.64799,2025-11-07,656,N21,n,2.0NRT,5.24,D,0.56,0.43,,,,,,firms,VIIRS,VIIRS_NOAA21_NRT
1.07641,103.33128,2025-11-07,656,N21,n,2.0NRT,4.54,D,0.48,0.48,,,,,,firms,VIIRS,VIIRS_NOAA21_NRT
1.32296,100.72365,2025-11-07,656,N21,n,2.0NRT,8.03,D,0.5,0.41,,,,,,firms,VIIRS,VIIRS_NOAA21_NRT
1.32363,100.7281,2025-11-07,656,N21,n,2.0NRT,8.03,D,0.5,0.41,,,,,,firms,VIIRS,VIIRS_NOAA21_NRT
1.3243,100.73254,2025-11-07,656,N21,l,2.0NRT,22.56,D,0.5,0.41,,,,,,firms,VIIRS,VIIRS_NOAA21_NRT
1.32668,100.72308,2025-11-07,656,N21,n,2.0NRT,8.76,D,0.5,0.41,,,,,,firms,VIIRS,VIIRS_NOAA21_NRT
1.32735,100.72753,2025-11-07,656,N21,n,2.0NRT,8.76,D,0.5,0.41,,,,,,firms,VIIRS,VIIRS_NOAA21_NRT
1.32803,100.73199,2025-11-07,656,N21,n,2.0NRT,24.16,D,0.5,0.41,,,,,,firms,VIIRS,VIIRS_NOAA21_NRT
1.3287,100.73643,2025-11-07,656,N21,n,2.0NRT,24.16,D,0.5,0.41,,,,,,firms,VIIRS,VIIRS_NOAA21_NRT
1.32973,100.71809,2025-11-07,656,N21,n,2.0NRT,10.25,D,0.5,0.41,,,,,,firms,VIIRS,VIIRS_NOAA21_NRT
1.37552,100.68073,2025-11-07,656,N21,n,2.0NRT,13.87,D,0.5,0.41,,,,,,firms,VIIRS,VIIRS_NOAA21_NRT
1.37705,100.67917,2025-11-07,656,N21,n,2.0NRT,7.49,D,0.5,0.41,,,,,,firms,VIIRS,VIIRS_NOAA21_NRT
1.37774,100.68362,2025-11-07,656,N21,n,2.0NRT,7.49,D,0.5,0.41,,,,,,firms,VIIRS,VIIRS_NOAA21_NRT
1.79112,103.26225,2025-11-07,656,N21,n,2.0NRT,3.63,D,0.48,0.48,,,,,,firms,VIIRS,VIIRS_NOAA21_NRT
2.73075,97.79421,2025-11-07,656,N21,n,2.0NRT,2.81,D,0.39,0.36,,,,,,firms,VIIRS,VIIRS_NOAA21_NRT
2.73141,97.86629,2025-11-07,656,N21,n,2.0NRT,1.97,D,0.4,0.37,,,,,,firms,VIIRS,VIIRS_NOAA21_NRT
2.87958,97.83236,2025-11-07,656,N21,n,2.0NRT,6.31,D,0.4,0.37,,,,,,firms,VIIRS,VIIRS_NOAA21_NRT
3.52182,101.16508,2025-11-07,656,N21,n,2.0NRT,4.58,D,0.56,0.43,,,,,,firms,VIIRS,VIIRS_NOAA21_NRT
3.52236,101.1669,2025-11-07,656,N21,n,2.0NRT,2.57,D,0.56,0.43,,,,,,firms,VIIRS,VIIRS_NOAA21_NRT
5.08199,96.51166,2025-11-07,658,N21,n,2.0NRT,3.31,D,0.39,0.36,,,,,,firms,VIIRS,VIIRS_NOAA21_NRT
0.47907,127.99183,2025-11-07,1613,N21,n,2.0NRT,1.7,N,0.42,0.61,,,,,,firms,VIIRS,VIIRS_NOAA21_NRT
0.47932,127.9995,2025-11-07,1613,N21,n,2.0NRT,1.19,N,0.42,0.61,,,,,,firms,VIIRS,VIIRS_NOAA21_NRT
0.47964,127.98804,2025-11-07,1613,N21,n,2.0NRT,1.7,N,0.42,0.61,,,,,,firms,VIIRS,VIIRS_NOAA21_NRT
0.47991,127.99583,2025-11-07,1613,N21,n,2.0NRT,1.19,N,0.42,0.61,,,,,,firms,VIIRS,VIIRS_NOAA21_NRT
0.48052,127.99205,2025-11-07,1613,N21,n,2.0NRT,1.32,N,0.42,0.61,,,,,,firms,VIIRS,VIIRS_NOAA21_NRT
0.48111,127.98828,2025-11-07,1613,N21,n,2.0NRT,1.32,N,0.42,0.61,,,,,,firms,VIIRS,VIIRS_NOAA21_NRT
0.48285,128.00461,2025-11-07,1613,N21,n,2.0NRT,2.79,N,0.42,0.61,,,,,,firms,VIIRS,VIIRS_NOAA21_NRT
0.48345,128.00069,2025-11-07,1613,N21,n,2.0NRT,2.05,N,0.42,0.61,,,,,,firms,VIIRS,VIIRS_NOAA21_NRT
0.48403,127.99684,2025-11-07,1613,N21,n,2.0NRT,2.05,N,0.42,0.61,,,,,,firms,VIIRS,VIIRS_NOAA21_NRT
0.48419,128.0049,2025-11-07,1613,N21,n,2.0NRT,1.39,N,0.42,0.61,,,,,,firms,VIIRS,VIIRS_NOAA21_NRT
0.48462,127.99295,2025-11-07,1613,N21,n,2.0NRT,1.7,N,0.42,0.61,,,,,,firms,VIIRS,VIIRS_NOAA21_NRT
0.4852,127.98913,2025-11-07,1613,N21,n,2.0NRT,1.7,N,0.42,0.61,,,,,,firms,VIIRS,VIIRS_NOAA21_NRT
0.48576,127.98545,2025-11-07,1613,N21,n,2.0NRT,3.35,N,0.42,0.61,,,,,,firms,VIIRS,VIIRS_NOAA21_NRT
0.48606,127.99323,2025-11-07,1613,N21,n,2.0NRT,2.17,N,0.42,0.61,,,,,,firms,VIIRS,VIIRS_NOAA21_NRT
0.48668,127.98933,2025-11-07,1613,N21,n,2.0NRT,2.17,N,0.42,0.61,,,,,,firms,VIIRS,VIIRS_NOAA21_NRT
0.48725,127.98576,2025-11-07,1613,N21,n,2.0NRT,2.39,N,0.42,0.61,,,,,,firms,VIIRS,VIIRS_NOAA21_NRT
0.48738,127.97478,2025-11-07,1613,N21,n,2.0NRT,1.2,N,0.42,0.61,,,,,,firms,VIIRS,VIIRS_NOAA21_NRT
0.48779,127.98238,2025-11-07,1613,N21,n,2.0NRT,2.39,N,0.42,0.61,,,,,,firms,VIIRS,VIIRS_NOAA21_NRT
0.48894,127.97518,2025-11-07,1613,N21,n,2.0NRT,2.32,N,0.42,0.61,,,,,,firms,VIIRS,VIIRS_NOAA21_NRT
0.49128,127.98683,2025-11-07,1613,N21,n,2.0NRT,3.69,N,0.42,0.61,,,,,,firms,VIIRS,VIIRS_NOAA21_NRT
0.49182,127.98329,2025-11-07,1613,N21,n,2.0NRT,3.69,N,0.42,0.61,,,,,,firms,VIIRS,VIIRS_NOAA21_NRT
0.49275,127.98723,2025-11-07,1613,N21,n,2.0NRT,2.39,N,0.42,0.61,,,,,,firms,VIIRS,VIIRS_NOAA21_NRT
0.49333,127.98359,2025-11-07,1613,N21,n,2.0NRT,2.39,N,0.42,0.61,,,,,,firms,VIIRS,VIIRS_NOAA21_NRT
0.5108,127.89663,2025-11-07,1613,N21,n,2.0NRT,1.02,N,0.43,0.62,,,,,,firms,VIIRS,VIIRS_NOAA21_NRT
0.51141,127.89265,2025-11-07,1613,N21,n,2.0NRT,1.02,N,0.43,0.62,,,,,,firms,VIIRS,VIIRS_NOAA21_NRT
0.51298,127.89699,2025-11-07,1613,N21,n,2.0NRT,1.18,N,0.43,0.62,,,,,,firms,VIIRS,VIIRS_NOAA21_NRT
-8.50943,125.82484,2025-11-07,1615,N21,n,2.0NRT,3.17,N,0.42,0.61,,,,,,firms,VIIRS,VIIRS_NOAA21_NRT
-8.50816,125.82519,2025-11-07,1615,N21,n,2.0NRT,2.8,N,0.42,0.61,,,,,,firms,VIIRS,VIIRS_NOAA21_NRT
0.89428,124.08223,2025-11-07,1753,N21,n,2.0NRT,0.95,N,0.55,0.68,,,,,,firms,VIIRS,VIIRS_NOAA21_NRT
3.5446,113.3511,2025-11-07,1753,N21,n,2.0NRT,2.66,N,0.38,0.36,,,,,,firms,VIIRS,VIIRS_NOAA21_NRT
3.58726,113.34379,2025-11-07,1753,N21,n,2.0NRT,2.73,N,0.38,0.36,,,,,,firms,VIIRS,VIIRS_NOAA21_NRT
4.67382,113.85667,2025-11-07,1753,N21,n,2.0NRT,5.1,N,0.39,0.36,,,,,,firms,VIIRS,VIIRS_NOAA21_NRT
4.70151,113.94289,2025-11-07,1753,N21,n,2.0NRT,2.15,N,0.39,0.36,,,,,,firms,VIIRS,VIIRS_NOAA21_NRT
4.97783,112.9827,2025-11-07,1753,N21,n,2.0NRT,3.37,N,0.39,0.36,,,,,,firms,VIIRS,VIIRS_NOAA21_NRT
5.24431,115.23917,2025-11-07,1753,N21,n,2.0NRT,2.53,N,0.41,0.37,,,,,,firms,VIIRS,VIIRS_NOAA21_NRT
5.24769,115.23972,2025-11-07,1753,N21,n,2.0NRT,2.57,N,0.41,0.37,,,,,,firms,VIIRS,VIIRS_NOAA21_NRT
5.61774,114.88985,2025-11-07,1753,N21,n,2.0NRT,3.2,N,0.4,0.37,,,,,,firms,VIIRS,VIIRS_NOAA21_NRT
-3.90495,122.4201,2025-11-07,1756,N21,n,2.0NRT,2.16,N,0.5,0.66,,,,,,firms,VIIRS,VIIRS_NOAA21_NRT
-3.90431,122.41565,2025-11-07,1756,N21,n,2.0NRT,2.16,N,0.5,0.66,,,,,,firms,VIIRS,VIIRS_NOAA21_NRT
-3.87242,122.40688,2025-11-07,1756,N21,n,2.0NRT,2.06,N,0.5,0.66,,,,,,firms,VIIRS,VIIRS_NOAA21_NRT
-3.8718,122.40243,2025-11-07,1756,N21,n,2.0NRT,2.06,N,0.5,0.66,,,,,,firms,VIIRS,VIIRS_NOAA21_NRT
-3.87055,122.39349,2025-11-07,1756,N21,n,2.0NRT,3.95,N,0.5,0.66,,,,,,firms,VIIRS,VIIRS_NOAA21_NRT
-3.87021,122.40969,2025-11-07,1756,N21,n,2.0NRT,0.82,N,0.5,0.66,,,,,,firms,VIIRS,VIIRS_NOAA21_NRT
-3.86956,122.40526,2025-11-07,1756,N21,n,2.0NRT,1.32,N,0.5,0.66,,,,,,firms,VIIRS,VIIRS_NOAA21_NRT
-3.8689,122.4008,2025-11-07,1756,N21,n,2.0NRT,1.32,N,0.5,0.66,,,,,,firms,VIIRS,VIIRS_NOAA21_NRT
-3.07975,115.12592,2025-11-07,1756,N21,n,2.0NRT,0.85,N,0.48,0.4,,,,,,firms,VIIRS,VIIRS_NOAA21_NRT
-3.03604,115.15897,2025-11-07,1756,N21,n,2.0NRT,1.55,N,0.48,0.4,,,,,,firms,VIIRS,VIIRS_NOAA21_NRT
-3.03237,115.15952,2025-11-07,1756,N21,n,2.0NRT,1.37,N,0.48,0.4,,,,,,firms,VIIRS,VIIRS_NOAA21_NRT
-2.99851,115.20681,2025-11-07,1756,N21,n,2.0NRT,1.94,N,0.48,0.4,,,,,,firms,VIIRS,VIIRS_NOAA21_NRT
-2.99785,115.20252,2025-11-07,1756,N21,n,2.0NRT,2.5,N,0.48,0.4,,,,,,firms,VIIRS,VIIRS_NOAA21_NRT
-2.93564,115.23849,2025-11-07,1756,N21,n,2.0NRT,1.26,N,0.49,0.4,,,,,,firms,VIIRS,VIIRS_NOAA21_NRT
-2.89077,115.26118,2025-11-07,1756,N21,n,2.0NRT,2.71,N,0.49,0.4,,,,,,firms,VIIRS,VIIRS_NOAA21_NRT
-2.89009,115.25681,2025-11-07,1756,N21,n,2.0NRT,2.71,N,0.49,0.4,,,,,,firms,VIIRS,VIIRS_NOAA21_NRT
-2.88274,115.25797,2025-11-07,1756,N21,n,2.0NRT,3.36,N,0.49,0.4,,,,,,firms,VIIRS,VIIRS_NOAA21_NRT
-2.87605,115.26342,2025-11-07,1756,N21,n,2.0NRT,6.26,N,0.49,0.4,,,,,,firms,VIIRS,VIIRS_NOAA21_NRT
-2.87303,115.26832,2025-11-07,1756,N21,n,2.0NRT,1.34,N,0.49,0.4,,,,,,firms,VIIRS,VIIRS_NOAA21_NRT
-2.83114,122.17304,2025-11-07,1756,N21,n,2.0NRT,2.61,N,0.47,0.64,,,,,,firms,VIIRS,VIIRS_NOAA21_NRT
-2.83053,122.16893,2025-11-07,1756,N21,n,2.0NRT,2.61,N,0.47,0.64,,,,,,firms,VIIRS,VIIRS_NOAA21_NRT
-2.21098,115.49723,2025-11-07,1756,N21,n,2.0NRT,2.55,N,0.49,0.4,,,,,,firms,VIIRS,VIIRS_NOAA21_NRT
-1.8936,115.86264,2025-11-07,1756,N21,n,2.0NRT,7.85,N,0.51,0.41,,,,,,firms,VIIRS,VIIRS_NOAA21_NRT
-1.88984,115.86323,2025-11-07,1756,N21,n,2.0NRT,3.44,N,0.51,0.41,,,,,,firms,VIIRS,VIIRS_NOAA21_NRT
-1.2451,116.8168,2025-11-07,1756,N21,n,2.0NRT,4.57,N,0.57,0.43,,,,,,firms,VIIRS,VIIRS_NOAA21_NRT
-0.8472,117.26743,2025-11-07,1756,N21,n,2.0NRT,1.71,N,0.4,0.44,,,,,,firms,VIIRS,VIIRS_NOAA21_NRT
-0.84663,117.26797,2025-11-07,1756,N21,n,2.0NRT,1.72,N,0.4,0.44,,,,,,firms,VIIRS,VIIRS_NOAA21_NRT
-0.70807,117.06369,2025-11-07,1756,N21,n,2.0NRT,2.07,N,0.39,0.44,,,,,,firms,VIIRS,VIIRS_NOAA21_NRT
-0.58155,117.38492,2025-11-07,1756,N21,n,2.0NRT,0.99,N,0.4,0.44,,,,,,firms,VIIRS,VIIRS_NOAA21_NRT
-0.55689,102.70022,2025-11-07,1756,N21,n,2.0NRT,2.49,N,0.4,0.6,,,,,,firms,VIIRS,VIIRS_NOAA21_NRT
-0.55142,102.70107,2025-11-07,1756,N21,n,2.0NRT,1.06,N,0.4,0.6,,,,,,firms,VIIRS,VIIRS_NOAA21_NRT
-0.55085,102.69751,2025-11-07,1756,N21,n,2.0NRT,1.05,N,0.4,0.6,,,,,,firms,VIIRS,VIIRS_NOAA21_NRT
-0.48703,102.47733,2025-11-07,1756,N21,n,2.0NRT,0.75,N,0.42,0.61,,,,,,firms,VIIRS,VIIRS_NOAA21_NRT
-0.17613,101.92201,2025-11-07,1756,N21,n,2.0NRT,1.9,N,0.46,0.63,,,,,,firms,VIIRS,VIIRS_NOAA21_NRT
-0.17099,101.92692,2025-11-07,1756,N21,n,2.0NRT,1.26,N,0.46,0.63,,,,,,firms,VIIRS,VIIRS_NOAA21_NRT
-0.17059,101.92624,2025-11-07,1756,N21,n,2.0NRT,2.25,N,0.46,0.63,,,,,,firms,VIIRS,VIIRS_NOAA21_NRT
-0.16521,101.9279,2025-11-07,1756,N21,n,2.0NRT,8.33,N,0.46,0.63,,,,,,firms,VIIRS,VIIRS_NOAA21_NRT
-0.16481,101.92725,2025-11-07,1756,N21,n,2.0NRT,8.59,N,0.46,0.63,,,,,,firms,VIIRS,VIIRS_NOAA21_NRT
-0.16455,101.92384,2025-11-07,1756,N21,n,2.0NRT,7.58,N,0.46,0.63,,,,,,firms,VIIRS,VIIRS_NOAA21_NRT
-0.16418,101.92316,2025-11-07,1756,N21,n,2.0NRT,6.1,N,0.46,0.64,,,,,,firms,VIIRS,VIIRS_NOAA21_NRT
0.36718,109.33332,2025-11-07,1756,N21,n,2.0NRT,0.68,N,0.46,0.39,,,,,,firms,VIIRS,VIIRS_NOAA21_NRT
1.88564,109.43088,2025-11-07,1756,N21,n,2.0NRT,1.04,N,0.47,0.4,,,,,,firms,VIIRS,VIIRS_NOAA21_NRT
2.54191,102.4006,2025-11-07,1756,N21,n,2.0NRT,0.7,N,0.47,0.64,,,,,,firms,VIIRS,VIIRS_NOAA21_NRT
-8.11828,112.93307,2025-11-07,1758,N21,n,2.0NRT,1.19,N,0.43,0.38,,,,,,firms,VIIRS,VIIRS_NOAA21_NRT
-8.11409,112.92845,2025-11-07,1758,N21,n,2.0NRT,4.37,N,0.43,0.38,,,,,,firms,VIIRS,VIIRS_NOAA21_NRT
-8.11348,112.92422,2025-11-07,1758,N21,n,2.0NRT,20.04,N,0.43,0.38,,,,,,firms,VIIRS,VIIRS_NOAA21_NRT
-8.11169,112.92809,2025-11-07,1758,N21,n,2.0NRT,2.39,N,0.43,0.38,,,,,,firms,VIIRS,VIIRS_NOAA21_NRT
-8.11107,112.92403,2025-11-07,1758,N21,n,2.0NRT,5.35,N,0.43,0.38,,,,,,firms,VIIRS,VIIRS_NOAA21_NRT
-7.58067,109.24051,2025-11-07,1758,N21,n,2.0NRT,1.6,N,0.4,0.37,,,,,,firms,VIIRS,VIIRS_NOAA21_NRT
-7.54356,110.44216,2025-11-07,1758,N21,n,2.0NRT,2.92,N,0.38,0.36,,,,,,firms,VIIRS,VIIRS_NOAA21_NRT
-7.24065,111.73189,2025-11-07,1758,N21,n,2.0NRT,1.95,N,0.39,0.36,,,,,,firms,VIIRS,VIIRS_NOAA21_NRT
-6.94964,110.43358,2025-11-07,1758,N21,n,2.0NRT,2.11,N,0.39,0.36,,,,,,firms,VIIRS,VIIRS_NOAA21_NRT
-10.07217,124.36821,2025-11-08,453,N21,n,2.0NRT,6.83,D,0.41,0.45,,,,,,firms,VIIRS,VIIRS_NOAA21_NRT
-8.63958,126.99827,2025-11-08,453,N21,n,2.0NRT,5.69,D,0.43,0.38,,,,,,firms,VIIRS,VIIRS_NOAA21_NRT
-5.57679,122.85442,2025-11-08,453,N21,n,2.0NRT,2.71,D,0.44,0.46,,,,,,firms,VIIRS,VIIRS_NOAA21_NRT
-5.16808,119.53808,2025-11-08,453,N21,n,2.0NRT,3.81,D,0.37,0.58,,,,,,firms,VIIRS,VIIRS_NOAA21_NRT
-4.85218,122.84283,2025-11-08,453,N21,n,2.0NRT,21.48,D,0.43,0.46,,,,,,firms,VIIRS,VIIRS_NOAA21_NRT
-4.84943,119.89121,2025-11-08,453,N21,n,2.0NRT,3.95,D,0.34,0.56,,,,,,firms,VIIRS,VIIRS_NOAA21_NRT
-4.80925,119.89896,2025-11-08,453,N21,n,2.0NRT,5.63,D,0.34,0.56,,,,,,firms,VIIRS,VIIRS_NOAA21_NRT
-4.80666,119.89684,2025-11-08,453,N21,n,2.0NRT,4.38,D,0.34,0.56,,,,,,firms,VIIRS,VIIRS_NOAA21_NRT
-4.80627,119.8997,2025-11-08,453,N21,n,2.0NRT,5.69,D,0.34,0.56,,,,,,firms,VIIRS,VIIRS_NOAA21_NRT
-4.69637,120.21234,2025-11-08,453,N21,n,2.0NRT,3.51,D,0.32,0.55,,,,,,firms,VIIRS,VIIRS_NOAA21_NRT
-4.58342,121.99602,2025-11-08,453,N21,n,2.0NRT,10.33,D,0.49,0.48,,,,,,firms,VIIRS,VIIRS_NOAA21_NRT
-4.50834,121.67976,2025-11-08,453,N21,n,2.0NRT,8.29,D,0.51,0.49,,,,,,firms,VIIRS,VIIRS_NOAA21_NRT
-4.49926,121.67867,2025-11-08,453,N21,n,2.0NRT,36.13,D,0.51,0.49,,,,,,firms,VIIRS,VIIRS_NOAA21_NRT
-4.44104,121.731,2025-11-08,453,N21,n,2.0NRT,4.59,D,0.51,0.49,,,,,,firms,VIIRS,VIIRS_NOAA21_NRT
-4.41174,121.81921,2025-11-08,453,N21,n,2.0NRT,5.95,D,0.5,0.49,,,,,,firms,VIIRS,VIIRS_NOAA21_NRT
-4.39141,121.7711,2025-11-08,453,N21,n,2.0NRT,4.21,D,0.5,0.49,,,,,,firms,VIIRS,VIIRS_NOAA21_NRT
-4.09494,121.91886,2025-11-08,453,N21,n,2.0NRT,1.72,D,0.48,0.48,,,,,,firms,VIIRS,VIIRS_NOAA21_NRT
-3.87046,122.40039,2025-11-08,453,N21,n,2.0NRT,4.39,D,0.45,0.47,,,,,,firms,VIIRS,VIIRS_NOAA21_NRT
-3.86987,122.40437,2025-11-08,453,N21,n,2.0NRT,4.39,D,0.45,0.47,,,,,,firms,VIIRS,VIIRS_NOAA21_NRT
-3.71324,122.29754,2025-11-08,453,N21,n,2.0NRT,6.24,D,0.45,0.47,,,,,,firms,VIIRS,VIIRS_NOAA21_NRT
-3.71205,122.29748,2025-11-08,453,N21,n,2.0NRT,12.24,D,0.45,0.47,,,,,,firms,VIIRS,VIIRS_NOAA21_NRT
-3.70897,122.29679,2025-11-08,453,N21,n,2.0NRT,6.24,D,0.45,0.47,,,,,,firms,VIIRS,VIIRS_NOAA21_NRT
-3.69442,128.25177,2025-11-08,453,N21,n,2.0NRT,7.74,D,0.38,0.36,,,,,,firms,VIIRS,VIIRS_NOAA21_NRT
-3.57883,126.50723,2025-11-08,453,N21,n,2.0NRT,5.19,D,0.41,0.37,,,,,,firms,VIIRS,VIIRS_NOAA21_NRT
-2.54131,133.07607,2025-11-08,453,N21,n,2.0NRT,3.33,D,0.4,0.44,,,,,,firms,VIIRS,VIIRS_NOAA21_NRT
-9.44503,119.96139,2025-11-08,455,N21,n,2.0NRT,5.16,D,0.4,0.6,,,,,,firms,VIIRS,VIIRS_NOAA21_NRT
-9.44456,119.965,2025-11-08,455,N21,n,2.0NRT,5.16,D,0.4,0.6,,,,,,firms,VIIRS,VIIRS_NOAA21_NRT
-9.39531,119.28368,2025-11-08,455,N21,n,2.0NRT,3.08,D,0.44,0.62,,,,,,firms,VIIRS,VIIRS_NOAA21_NRT
-9.39367,119.28265,2025-11-08,455,N21,n,2.0NRT,2.6,D,0.44,0.62,,,,,,firms,VIIRS,VIIRS_NOAA21_NRT
-8.82267,118.00275,2025-11-08,455,N21,n,2.0NRT,3.38,D,0.53,0.67,,,,,,firms,VIIRS,VIIRS_NOAA21_NRT
-8.82253,118.00252,2025-11-08,455,N21,n,2.0NRT,6.1,D,0.53,0.67,,,,,,firms,VIIRS,VIIRS_NOAA21_NRT
-8.79695,120.79187,2025-11-08,455,N21,h,2.0NRT,13.91,D,0.34,0.56,,,,,,firms,VIIRS,VIIRS_NOAA21_NRT
-8.5187,117.40025,2025-11-08,455,N21,n,2.0NRT,4.6,D,0.58,0.7,,,,,,firms,VIIRS,VIIRS_NOAA21_NRT
-8.39813,120.68485,2025-11-08,455,N21,n,2.0NRT,4.58,D,0.34,0.56,,,,,,firms,VIIRS,VIIRS_NOAA21_NRT
-8.39605,120.893,2025-11-08,455,N21,n,2.0NRT,3.09,D,0.33,0.55,,,,,,firms,VIIRS,VIIRS_NOAA21_NRT
-8.37112,120.88664,2025-11-08,455,N21,n,2.0NRT,1.85,D,0.33,0.55,,,,,,firms,VIIRS,VIIRS_NOAA21_NRT
-8.36026,118.90372,2025-11-08,455,N21,n,2.0NRT,6.95,D,0.45,0.63,,,,,,firms,VIIRS,VIIRS_NOAA21_NRT
-8.35789,120.63255,2025-11-08,455,N21,n,2.0NRT,2.85,D,0.34,0.56,,,,,,firms,VIIRS,VIIRS_NOAA21_NRT
-8.35596,120.6308,2025-11-08,455,N21,n,2.0NRT,3.94,D,0.34,0.56,,,,,,firms,VIIRS,VIIRS_NOAA21_NRT
-8.35141,120.58749,2025-11-08,455,N21,n,2.0NRT,2.57,D,0.34,0.56,,,,,,firms,VIIRS,VIIRS_NOAA21_NRT
-8.34898,120.7194,2025-11-08,455,N21,n,2.0NRT,2.9,D,0.34,0.56,,,,,,firms,VIIRS,VIIRS_NOAA21_NRT
-8.34676,120.71798,2025-11-08,455,N21,n,2.0NRT,4.35,D,0.34,0.56,,,,,,firms,VIIRS,VIIRS_NOAA21_NRT
-8.3342,120.63655,2025-11-08,455,N21,n,2.0NRT,4.18,D,0.34,0.56,,,,,,firms,VIIRS,VIIRS_NOAA21_NRT
-8.33259,120.64835,2025-11-08,455,N21,n,2.0NRT,4.52,D,0.34,0.56,,,,,,firms,VIIRS,VIIRS_NOAA21_NRT
-8.32617,120.65704,2025-11-08,455,N21,n,2.0NRT,8.86,D,0.34,0.56,,,,,,firms,VIIRS,VIIRS_NOAA21_NRT
-8.32575,120.66011,2025-11-08,455,N21,n,2.0NRT,8.86,D,0.34,0.56,,,,,,firms,VIIRS,VIIRS_NOAA21_NRT
-8.31812,120.44249,2025-11-08,455,N21,n,2.0NRT,3.54,D,0.35,0.57,,,,,,firms,VIIRS,VIIRS_NOAA21_NRT
-8.27937,125.02757,2025-11-08,455,N21,n,2.0NRT,6.78,D,0.53,0.42,,,,,,firms,VIIRS,VIIRS_NOAA21_NRT
-8.23541,125.60289,2025-11-08,455,N21,l,2.0NRT,8.18,D,0.49,0.4,,,,,,firms,VIIRS,VIIRS_NOAA21_NRT
-8.14194,124.95905,2025-11-08,455,N21,n,2.0NRT,8.65,D,0.53,0.42,,,,,,firms,VIIRS,VIIRS_NOAA21_NRT
-8.07711,127.17621,2025-11-08,455,N21,l,2.0NRT,10.05,D,0.42,0.37,,,,,,firms,VIIRS,VIIRS_NOAA21_NRT
-7.86975,129.84001,2025-11-08,455,N21,n,2.0NRT,7.83,D,0.39,0.36,,,,,,firms,VIIRS,VIIRS_NOAA21_NRT
-7.77908,130.07388,2025-11-08,455,N21,n,2.0NRT,7.32,D,0.39,0.36,,,,,,firms,VIIRS,VIIRS_NOAA21_NRT
-7.77576,130.0733,2025-11-08,455,N21,n,2.0NRT,7.32,D,0.39,0.36,,,,,,firms,VIIRS,VIIRS_NOAA21_NRT
-3.96859,115.06618,2025-11-08,455,N21,n,2.0NRT,25.7,D,0.72,0.76,,,,,,firms,VIIRS,VIIRS_NOAA21_NRT
-2.70357,121.31522,2025-11-08,455,N21,n,2.0NRT,11.32,D,0.51,0.49,,,,,,firms,VIIRS,VIIRS_NOAA21_NRT
-2.58208,121.43729,2025-11-08,455,N21,n,2.0NRT,15.66,D,0.5,0.49,,,,,,firms,VIIRS,VIIRS_NOAA21_NRT
-2.57696,121.37949,2025-11-08,455,N21,n,2.0NRT,59.71,D,0.5,0.49,,,,,,firms,VIIRS,VIIRS_NOAA21_NRT
-2.57631,121.38384,2025-11-08,455,N21,n,2.0NRT,59.71,D,0.5,0.49,,,,,,firms,VIIRS,VIIRS_NOAA21_NRT
-2.26855,121.76199,2025-11-08,455,N21,n,2.0NRT,8.47,D,0.47,0.48,,,,,,firms,VIIRS,VIIRS_NOAA21_NRT
-2.04762,119.48512,2025-11-08,455,N21,n,2.0NRT,2.83,D,0.33,0.55,,,,,,firms,VIIRS,VIIRS_NOAA21_NRT
-2.01274,121.41915,2025-11-08,455,N21,n,2.0NRT,9.06,D,0.49,0.48,,,,,,firms,VIIRS,VIIRS_NOAA21_NRT
-2.00886,121.41937,2025-11-08,455,N21,n,2.0NRT,5.59,D,0.49,0.48,,,,,,firms,VIIRS,VIIRS_NOAA21_NRT
-2.00829,121.41865,2025-11-08,455,N21,n,2.0NRT,3.4,D,0.49,0.48,,,,,,firms,VIIRS,VIIRS_NOAA21_NRT
-2.00236,121.43204,2025-11-08,455,N21,n,2.0NRT,4.2,D,0.49,0.48,,,,,,firms,VIIRS,VIIRS_NOAA21_NRT
-2.00189,121.43135,2025-11-08,455,N21,n,2.0NRT,3.54,D,0.49,0.48,,,,,,firms,VIIRS,VIIRS_NOAA21_NRT
-1.99789,121.43168,2025-11-08,455,N21,n,2.0NRT,3.83,D,0.49,0.48,,,,,,firms,VIIRS,VIIRS_NOAA21_NRT
-1.69719,121.77547,2025-11-08,455,N21,n,2.0NRT,18.29,D,0.46,0.47,,,,,,firms,VIIRS,VIIRS_NOAA21_NRT
-1.56393,121.32201,2025-11-08,455,N21,n,2.0NRT,11.47,D,0.49,0.48,,,,,,firms,VIIRS,VIIRS_NOAA21_NRT
-1.56326,121.32633,2025-11-08,455,N21,n,2.0NRT,7.19,D,0.49,0.48,,,,,,firms,VIIRS,VIIRS_NOAA21_NRT
-1.54519,123.47456,2025-11-08,455,N21,n,2.0NRT,6.67,D,0.53,0.42,,,,,,firms,VIIRS,VIIRS_NOAA21_NRT
-1.5283,121.85713,2025-11-08,455,N21,n,2.0NRT,5.28,D,0.45,0.47,,,,,,firms,VIIRS,VIIRS_NOAA21_NRT
-1.24529,123.12577,2025-11-08,455,N21,n,2.0NRT,8.35,D,0.55,0.43,,,,,,firms,VIIRS,VIIRS_NOAA21_NRT
-0.90951,113.82154,2025-11-08,455,N21,n,2.0NRT,12.55,D,0.79,0.78,,,,,,firms,VIIRS,VIIRS_NOAA21_NRT
-0.72117,115.17403,2025-11-08,455,N21,n,2.0NRT,3.18,D,0.63,0.72,,,,,,firms,VIIRS,VIIRS_NOAA21_NRT
-0.72042,115.17278,2025-11-08,455,N21,n,2.0NRT,3.7,D,0.64,0.72,,,,,,firms,VIIRS,VIIRS_NOAA21_NRT
-0.6,128.09888,2025-11-08,455,N21,n,2.0NRT,7.06,D,0.39,0.36,,,,,,firms,VIIRS,VIIRS_NOAA21_NRT
-0.48751,115.99169,2025-11-08,455,N21,n,2.0NRT,9.21,D,0.55,0.68,,,,,,firms,VIIRS,VIIRS_NOAA21_NRT
-0.4833,115.98908,2025-11-08,455,N21,n,2.0NRT,5.95,D,0.55,0.68,,,,,,firms,VIIRS,VIIRS_NOAA21_NRT
-0.46466,115.90577,2025-11-08,455,N21,n,2.0NRT,38.77,D,0.56,0.69,,,,,,firms,VIIRS,VIIRS_NOAA21_NRT
-0.4639,115.91059,2025-11-08,455,N21,l,2.0NRT,38.77,D,0.56,0.69,,,,,,firms,VIIRS,VIIRS_NOAA21_NRT
-0.46211,115.907,2025-11-08,455,N21,n,2.0NRT,55.85,D,0.56,0.69,,,,,,firms,VIIRS,VIIRS_NOAA21_NRT
-0.46138,115.91183,2025-11-08,455,N21,n,2.0NRT,41.59,D,0.56,0.69,,,,,,firms,VIIRS,VIIRS_NOAA21_NRT
0.68578,116.80746,2025-11-08,455,N21,n,2.0NRT,5.1,D,0.46,0.64,,,,,,firms,VIIRS,VIIRS_NOAA21_NRT
0.90586,122.76066,2025-11-08,455,N21,n,2.0NRT,8.34,D,0.54,0.42,,,,,,firms,VIIRS,VIIRS_NOAA21_NRT
0.90867,122.76289,2025-11-08,455,N21,n,2.0NRT,4.85,D,0.55,0.42,,,,,,firms,VIIRS,VIIRS_NOAA21_NRT
1.49311,118.26337,2025-11-08,455,N21,n,2.0NRT,2.78,D,0.36,0.57,,,,,,firms,VIIRS,VIIRS_NOAA21_NRT
1.54546,118.1834,2025-11-08,455,N21,n,2.0NRT,4.26,D,0.36,0.57,,,,,,firms,VIIRS,VIIRS_NOAA21_NRT
1.55069,118.18254,2025-11-08,455,N21,n,2.0NRT,4.26,D,0.36,0.57,,,,,,firms,VIIRS,VIIRS_NOAA21_NRT
1.56182,128.60854,2025-11-08,455,N21,n,2.0NRT,1.82,D,0.4,0.37,,,,,,firms,VIIRS,VIIRS_NOAA21_NRT
1.5878,118.11293,2025-11-08,455,N21,n,2.0NRT,1.72,D,0.36,0.58,,,,,,firms,VIIRS,VIIRS_NOAA21_NRT
1.99761,117.51233,2025-11-08,455,N21,n,2.0NRT,3.98,D,0.39,0.6,,,,,,firms,VIIRS,VIIRS_NOAA21_NRT
1.99817,117.51584,2025-11-08,455,N21,n,2.0NRT,3.98,D,0.39,0.6,,,,,,firms,VIIRS,VIIRS_NOAA21_NRT
2.00358,117.5148,2025-11-08,455,N21,n,2.0NRT,3.98,D,0.39,0.6,,,,,,firms,VIIRS,VIIRS_NOAA21_NRT
2.32356,117.99817,2025-11-08,455,N21,n,2.0NRT,4.98,D,0.36,0.57,,,,,,firms,VIIRS,VIIRS_NOAA21_NRT
2.91259,117.3501,2025-11-08,455,N21,n,2.0NRT,6.27,D,0.39,0.59,,,,,,firms,VIIRS,VIIRS_NOAA21_NRT
4.66885,114.45645,2025-11-08,457,N21,n,2.0NRT,6.24,D,0.58,0.7,,,,,,firms,VIIRS,VIIRS_NOAA21_NRT
4.97459,112.97475,2025-11-08,457,N21,n,2.0NRT,11.68,D,0.73,0.76,,,,,,firms,VIIRS,VIIRS_NOAA21_NRT
4.97578,112.98115,2025-11-08,457,N21,n,2.0NRT,13.57,D,0.73,0.76,,,,,,firms,VIIRS,VIIRS_NOAA21_NRT
-8.17048,117.58614,2025-11-08,633,N21,n,2.0NRT,8.22,D,0.75,0.77,,,,,,firms,VIIRS,VIIRS_NOAA21_NRT
-2.71962,106.03672,2025-11-08,635,N21,n,2.0NRT,6.9,D,0.48,0.4,,,,,,firms,VIIRS,VIIRS_NOAA21_NRT
-2.07105,110.86775,2025-11-08,635,N21,n,2.0NRT,3.13,D,0.33,0.55,,,,,,firms,VIIRS,VIIRS_NOAA21_NRT
-2.06704,110.86796,2025-11-08,635,N21,n,2.0NRT,4.16,D,0.33,0.55,,,,,,firms,VIIRS,VIIRS_NOAA21_NRT
-2.03534,106.05247,2025-11-08,635,N21,n,2.0NRT,24.02,D,0.49,0.4,,,,,,firms,VIIRS,VIIRS_NOAA21_NRT
-2.00717,105.91979,2025-11-08,635,N21,n,2.0NRT,5.64,D,0.48,0.4,,,,,,firms,VIIRS,VIIRS_NOAA21_NRT
-1.94097,110.45824,2025-11-08,635,N21,n,2.0NRT,5.77,D,0.62,0.54,,,,,,firms,VIIRS,VIIRS_NOAA21_NRT
-1.91423,110.47779,2025-11-08,635,N21,n,2.0NRT,5.08,D,0.63,0.54,,,,,,firms,VIIRS,VIIRS_NOAA21_NRT
-1.86826,105.80037,2025-11-08,635,N21,n,2.0NRT,11.75,D,0.48,0.4,,,,,,firms,VIIRS,VIIRS_NOAA21_NRT
-1.73978,105.80746,2025-11-08,635,N21,n,2.0NRT,3.02,D,0.48,0.4,,,,,,firms,VIIRS,VIIRS_NOAA21_NRT
-1.72812,112.71344,2025-11-08,635,N21,n,2.0NRT,6.13,D,0.45,0.63,,,,,,firms,VIIRS,VIIRS_NOAA21_NRT
-1.6709,105.95973,2025-11-08,635,N21,n,2.0NRT,2.18,D,0.49,0.4,,,,,,firms,VIIRS,VIIRS_NOAA21_NRT
-1.65541,112.75948,2025-11-08,635,N21,n,2.0NRT,5.87,D,0.46,0.63,,,,,,firms,VIIRS,VIIRS_NOAA21_NRT
-1.65492,112.75986,2025-11-08,635,N21,n,2.0NRT,7.01,D,0.46,0.63,,,,,,firms,VIIRS,VIIRS_NOAA21_NRT
-1.592,101.38914,2025-11-08,635,N21,n,2.0NRT,3.29,D,0.39,0.36,,,,,,firms,VIIRS,VIIRS_NOAA21_NRT
-1.42556,113.03276,2025-11-08,635,N21,n,2.0NRT,3.58,D,0.48,0.65,,,,,,firms,VIIRS,VIIRS_NOAA21_NRT
-1.4139,112.96585,2025-11-08,635,N21,n,2.0NRT,5.95,D,0.48,0.64,,,,,,firms,VIIRS,VIIRS_NOAA21_NRT
-1.35295,101.88704,2025-11-08,635,N21,n,2.0NRT,6.22,D,0.39,0.36,,,,,,firms,VIIRS,VIIRS_NOAA21_NRT
-1.33144,101.73919,2025-11-08,635,N21,l,2.0NRT,3.51,D,0.39,0.36,,,,,,firms,VIIRS,VIIRS_NOAA21_NRT
-1.31581,113.02441,2025-11-08,635,N21,n,2.0NRT,6.79,D,0.48,0.65,,,,,,firms,VIIRS,VIIRS_NOAA21_NRT
-1.31385,113.02364,2025-11-08,635,N21,n,2.0NRT,5.29,D,0.48,0.65,,,,,,firms,VIIRS,VIIRS_NOAA21_NRT
-1.22053,113.01308,2025-11-08,635,N21,n,2.0NRT,7.63,D,0.48,0.65,,,,,,firms,VIIRS,VIIRS_NOAA21_NRT
-1.21982,113.0174,2025-11-08,635,N21,n,2.0NRT,7.63,D,0.48,0.65,,,,,,firms,VIIRS,VIIRS_NOAA21_NRT
-1.18277,110.57961,2025-11-08,635,N21,n,2.0NRT,3.8,D,0.33,0.55,,,,,,firms,VIIRS,VIIRS_NOAA21_NRT
-1.17397,114.27731,2025-11-08,635,N21,n,2.0NRT,7.29,D,0.59,0.7,,,,,,firms,VIIRS,VIIRS_NOAA21_NRT
-1.16484,101.42607,2025-11-08,635,N21,n,2.0NRT,14.54,D,0.39,0.36,,,,,,firms,VIIRS,VIIRS_NOAA21_NRT
-1.12376,101.56112,2025-11-08,635,N21,n,2.0NRT,11.05,D,0.39,0.36,,,,,,firms,VIIRS,VIIRS_NOAA21_NRT
-0.99968,101.26071,2025-11-08,635,N21,n,2.0NRT,4.18,D,0.39,0.36,,,,,,firms,VIIRS,VIIRS_NOAA21_NRT
-0.93854,100.743,2025-11-08,635,N21,n,2.0NRT,3.89,D,0.4,0.37,,,,,,firms,VIIRS,VIIRS_NOAA21_NRT
-0.93148,102.28853,2025-11-08,635,N21,n,2.0NRT,13.67,D,0.38,0.36,,,,,,firms,VIIRS,VIIRS_NOAA21_NRT
-0.93006,100.74081,2025-11-08,635,N21,n,2.0NRT,5.49,D,0.4,0.37,,,,,,firms,VIIRS,VIIRS_NOAA21_NRT
-0.92671,100.74023,2025-11-08,635,N21,n,2.0NRT,5.49,D,0.4,0.37,,,,,,firms,VIIRS,VIIRS_NOAA21_NRT
-0.91796,101.37301,2025-11-08,635,N21,n,2.0NRT,3.36,D,0.39,0.36,,,,,,firms,VIIRS,VIIRS_NOAA21_NRT
-0.9134,113.8223,2025-11-08,635,N21,n,2.0NRT,15.04,D,0.56,0.68,,,,,,firms,VIIRS,VIIRS_NOAA21_NRT
-0.90727,102.0667,2025-11-08,635,N21,n,2.0NRT,2.42,D,0.38,0.36,,,,,,firms,VIIRS,VIIRS_NOAA21_NRT
-0.90708,113.82172,2025-11-08,635,N21,l,2.0NRT,15.04,D,0.56,0.68,,,,,,firms,VIIRS,VIIRS_NOAA21_NRT
-0.90626,113.82679,2025-11-08,635,N21,n,2.0NRT,22.33,D,0.56,0.69,,,,,,firms,VIIRS,VIIRS_NOAA21_NRT
-0.90222,113.89227,2025-11-08,635,N21,n,2.0NRT,4.57,D,0.56,0.69,,,,,,firms,VIIRS,VIIRS_NOAA21_NRT
-0.88577,114.20081,2025-11-08,635,N21,n,2.0NRT,6.42,D,0.59,0.7,,,,,,firms,VIIRS,VIIRS_NOAA21_NRT
-0.8756,101.65007,2025-11-08,635,N21,n,2.0NRT,12.8,D,0.39,0.36,,,,,,firms,VIIRS,VIIRS_NOAA21_NRT
-0.84108,102.32325,2025-11-08,635,N21,n,2.0NRT,3.49,D,0.38,0.36,,,,,,firms,VIIRS,VIIRS_NOAA21_NRT
-0.83777,102.32275,2025-11-08,635,N21,n,2.0NRT,3.41,D,0.38,0.36,,,,,,firms,VIIRS,VIIRS_NOAA21_NRT
-0.83201,113.38358,2025-11-08,635,N21,n,2.0NRT,4.33,D,0.52,0.67,,,,,,firms,VIIRS,VIIRS_NOAA21_NRT
-0.82483,101.40435,2025-11-08,635,N21,n,2.0NRT,1.67,D,0.39,0.36,,,,,,firms,VIIRS,VIIRS_NOAA21_NRT
-0.81181,114.20286,2025-11-08,635,N21,n,2.0NRT,7.67,D,0.59,0.7,,,,,,firms,VIIRS,VIIRS_NOAA21_NRT
-0.81059,101.6544,2025-11-08,635,N21,n,2.0NRT,7.86,D,0.39,0.36,,,,,,firms,VIIRS,VIIRS_NOAA21_NRT
-0.78928,102.32558,2025-11-08,635,N21,n,2.0NRT,20.05,D,0.38,0.36,,,,,,firms,VIIRS,VIIRS_NOAA21_NRT
-0.78875,102.329,2025-11-08,635,N21,n,2.0NRT,20.05,D,0.38,0.36,,,,,,firms,VIIRS,VIIRS_NOAA21_NRT
-0.75297,102.32011,2025-11-08,635,N21,n,2.0NRT,3.2,D,0.38,0.36,,,,,,firms,VIIRS,VIIRS_NOAA21_NRT
-0.52545,102.25246,2025-11-08,635,N21,n,2.0NRT,4.77,D,0.38,0.36,,,,,,firms,VIIRS,VIIRS_NOAA21_NRT
-0.48116,103.11957,2025-11-08,635,N21,n,2.0NRT,3.03,D,0.39,0.36,,,,,,firms,VIIRS,VIIRS_NOAA21_NRT
-0.40908,109.3005,2025-11-08,635,N21,n,2.0NRT,7.17,D,0.55,0.51,,,,,,firms,VIIRS,VIIRS_NOAA21_NRT
-0.39166,109.2704,2025-11-08,635,N21,n,2.0NRT,7.97,D,0.55,0.51,,,,,,firms,VIIRS,VIIRS_NOAA21_NRT
-0.39047,109.26717,2025-11-08,635,N21,n,2.0NRT,11.39,D,0.55,0.51,,,,,,firms,VIIRS,VIIRS_NOAA21_NRT
-0.28619,111.76112,2025-11-08,635,N21,n,2.0NRT,5.02,D,0.41,0.61,,,,,,firms,VIIRS,VIIRS_NOAA21_NRT
-0.27086,103.20557,2025-11-08,635,N21,n,2.0NRT,9.9,D,0.39,0.36,,,,,,firms,VIIRS,VIIRS_NOAA21_NRT
-0.26752,103.20507,2025-11-08,635,N21,n,2.0NRT,4.7,D,0.39,0.36,,,,,,firms,VIIRS,VIIRS_NOAA21_NRT
-0.26294,110.12993,2025-11-08,635,N21,n,2.0NRT,6.42,D,0.63,0.54,,,,,,firms,VIIRS,VIIRS_NOAA21_NRT
-0.11427,111.80877,2025-11-08,635,N21,n,2.0NRT,7.29,D,0.41,0.61,,,,,,firms,VIIRS,VIIRS_NOAA21_NRT
-0.09624,109.31969,2025-11-08,635,N21,n,2.0NRT,5.2,D,0.56,0.51,,,,,,firms,VIIRS,VIIRS_NOAA21_NRT
-0.03468,110.17645,2025-11-08,635,N21,n,2.0NRT,2.97,D,0.32,0.55,,,,,,firms,VIIRS,VIIRS_NOAA21_NRT
-0.03446,110.17428,2025-11-08,635,N21,n,2.0NRT,6.11,D,0.32,0.55,,,,,,firms,VIIRS,VIIRS_NOAA21_NRT
-0.02013,110.13421,2025-11-08,635,N21,n,2.0NRT,6.71,D,0.32,0.54,,,,,,firms,VIIRS,VIIRS_NOAA21_NRT
-0.00805,109.50637,2025-11-08,635,N21,n,2.0NRT,4.3,D,0.58,0.52,,,,,,firms,VIIRS,VIIRS_NOAA21_NRT
0.03559,109.34903,2025-11-08,635,N21,n,2.0NRT,8.65,D,0.56,0.52,,,,,,firms,VIIRS,VIIRS_NOAA21_NRT
0.03638,109.35406,2025-11-08,635,N21,n,2.0NRT,8.83,D,0.56,0.52,,,,,,firms,VIIRS,VIIRS_NOAA21_NRT
0.04343,109.30692,2025-11-08,635,N21,n,2.0NRT,5.45,D,0.56,0.51,,,,,,firms,VIIRS,VIIRS_NOAA21_NRT
0.04578,109.30859,2025-11-08,635,N21,n,2.0NRT,6.32,D,0.56,0.51,,,,,,firms,VIIRS,VIIRS_NOAA21_NRT
0.12565,109.45123,2025-11-08,635,N21,n,2.0NRT,6.98,D,0.57,0.52,,,,,,firms,VIIRS,VIIRS_NOAA21_NRT
0.21599,109.59309,2025-11-08,635,N21,n,2.0NRT,6.84,D,0.59,0.53,,,,,,firms,VIIRS,VIIRS_NOAA21_NRT
0.23715,109.19498,2025-11-08,635,N21,n,2.0NRT,11.34,D,0.55,0.51,,,,,,firms,VIIRS,VIIRS_NOAA21_NRT
0.23792,109.19988,2025-11-08,635,N21,n,2.0NRT,11.34,D,0.55,0.51,,,,,,firms,VIIRS,VIIRS_NOAA21_NRT
0.23934,109.19279,2025-11-08,635,N21,n,2.0NRT,8.24,D,0.55,0.51,,,,,,firms,VIIRS,VIIRS_NOAA21_NRT
0.24007,109.1977,2025-11-08,635,N21,h,2.0NRT,14.72,D,0.55,0.51,,,,,,firms,VIIRS,VIIRS_NOAA21_NRT
0.24081,109.20263,2025-11-08,635,N21,n,2.0NRT,14.72,D,0.55,0.51,,,,,,firms,VIIRS,VIIRS_NOAA21_NRT
0.24183,109.19426,2025-11-08,635,N21,n,2.0NRT,11.34,D,0.55,0.51,,,,,,firms,VIIRS,VIIRS_NOAA21_NRT
0.24261,109.19917,2025-11-08,635,N21,n,2.0NRT,11.34,D,0.55,0.51,,,,,,firms,VIIRS,VIIRS_NOAA21_NRT
0.24338,109.20407,2025-11-08,635,N21,n,2.0NRT,11.5,D,0.55,0.51,,,,,,firms,VIIRS,VIIRS_NOAA21_NRT
0.30957,109.18181,2025-11-08,635,N21,n,2.0NRT,36.69,D,0.55,0.51,,,,,,firms,VIIRS,VIIRS_NOAA21_NRT
0.34206,109.99049,2025-11-08,635,N21,n,2.0NRT,18.03,D,0.63,0.54,,,,,,firms,VIIRS,VIIRS_NOAA21_NRT
0.36664,109.33134,2025-11-08,635,N21,n,2.0NRT,7.74,D,0.57,0.52,,,,,,firms,VIIRS,VIIRS_NOAA21_NRT
0.36823,109.3336,2025-11-08,635,N21,n,2.0NRT,4.77,D,0.57,0.52,,,,,,firms,VIIRS,VIIRS_NOAA21_NRT
0.42725,109.40247,2025-11-08,635,N21,n,2.0NRT,16.44,D,0.58,0.52,,,,,,firms,VIIRS,VIIRS_NOAA21_NRT
0.50132,108.96264,2025-11-08,635,N21,n,2.0NRT,35.47,D,0.54,0.51,,,,,,firms,VIIRS,VIIRS_NOAA21_NRT
0.52043,108.99403,2025-11-08,635,N21,n,2.0NRT,9.37,D,0.54,0.51,,,,,,firms,VIIRS,VIIRS_NOAA21_NRT
0.56028,109.2496,2025-11-08,635,N21,n,2.0NRT,7.51,D,0.56,0.52,,,,,,firms,VIIRS,VIIRS_NOAA21_NRT
-0.39292,102.2534,2025-11-08,637,N21,n,2.0NRT,3.59,D,0.38,0.36,,,,,,firms,VIIRS,VIIRS_NOAA21_NRT
-0.36226,101.98483,2025-11-08,637,N21,n,2.0NRT,23.85,D,0.38,0.36,,,,,,firms,VIIRS,VIIRS_NOAA21_NRT
-0.35948,101.9809,2025-11-08,637,N21,n,2.0NRT,6.86,D,0.38,0.36,,,,,,firms,VIIRS,VIIRS_NOAA21_NRT
-0.35896,101.98433,2025-11-08,637,N21,n,2.0NRT,9.49,D,0.38,0.36,,,,,,firms,VIIRS,VIIRS_NOAA21_NRT
-0.3264,102.33018,2025-11-08,637,N21,n,2.0NRT,4.68,D,0.38,0.36,,,,,,firms,VIIRS,VIIRS_NOAA21_NRT
-0.28481,103.00339,2025-11-08,637,N21,l,2.0NRT,2.41,D,0.39,0.36,,,,,,firms,VIIRS,VIIRS_NOAA21_NRT
-0.27903,103.06326,2025-11-08,637,N21,n,2.0NRT,2.61,D,0.39,0.36,,,,,,firms,VIIRS,VIIRS_NOAA21_NRT
-0.20939,101.20521,2025-11-08,637,N21,n,2.0NRT,3.48,D,0.39,0.36,,,,,,firms,VIIRS,VIIRS_NOAA21_NRT
-0.19753,103.10748,2025-11-08,637,N21,n,2.0NRT,5.08,D,0.39,0.36,,,,,,firms,VIIRS,VIIRS_NOAA21_NRT
-0.19646,103.11449,2025-11-08,637,N21,n,2.0NRT,5.9,D,0.39,0.36,,,,,,firms,VIIRS,VIIRS_NOAA21_NRT
-0.17479,101.92025,2025-11-08,637,N21,n,2.0NRT,12.08,D,0.38,0.36,,,,,,firms,VIIRS,VIIRS_NOAA21_NRT
-0.17426,101.92368,2025-11-08,637,N21,n,2.0NRT,12.08,D,0.38,0.36,,,,,,firms,VIIRS,VIIRS_NOAA21_NRT
-0.17149,101.91975,2025-11-08,637,N21,n,2.0NRT,4.44,D,0.38,0.36,,,,,,firms,VIIRS,VIIRS_NOAA21_NRT
-0.17044,101.92661,2025-11-08,637,N21,n,2.0NRT,17.06,D,0.38,0.36,,,,,,firms,VIIRS,VIIRS_NOAA21_NRT
-0.16991,101.93003,2025-11-08,637,N21,n,2.0NRT,17.06,D,0.38,0.36,,,,,,firms,VIIRS,VIIRS_NOAA21_NRT
-0.16766,101.92268,2025-11-08,637,N21,l,2.0NRT,4.44,D,0.38,0.36,,,,,,firms,VIIRS,VIIRS_NOAA21_NRT
-0.16714,101.92611,2025-11-08,637,N21,n,2.0NRT,17.06,D,0.38,0.36,,,,,,firms,VIIRS,VIIRS_NOAA21_NRT
-0.16661,101.92953,2025-11-08,637,N21,n,2.0NRT,17.06,D,0.38,0.36,,,,,,firms,VIIRS,VIIRS_NOAA21_NRT
-0.16383,101.92561,2025-11-08,637,N21,n,2.0NRT,19.64,D,0.38,0.36,,,,,,firms,VIIRS,VIIRS_NOAA21_NRT
-0.15933,101.9109,2025-11-08,637,N21,n,2.0NRT,4.5,D,0.38,0.36,,,,,,firms,VIIRS,VIIRS_NOAA21_NRT
-0.1588,101.91432,2025-11-08,637,N21,n,2.0NRT,4.5,D,0.38,0.36,,,,,,firms,VIIRS,VIIRS_NOAA21_NRT
-0.14841,101.84961,2025-11-08,637,N21,n,2.0NRT,10.06,D,0.38,0.36,,,,,,firms,VIIRS,VIIRS_NOAA21_NRT
-0.14789,101.85303,2025-11-08,637,N21,n,2.0NRT,12.62,D,0.38,0.36,,,,,,firms,VIIRS,VIIRS_NOAA21_NRT
-0.14459,101.85254,2025-11-08,637,N21,n,2.0NRT,12.62,D,0.38,0.36,,,,,,firms,VIIRS,VIIRS_NOAA21_NRT
-0.12856,103.22293,2025-11-08,637,N21,n,2.0NRT,3.14,D,0.39,0.37,,,,,,firms,VIIRS,VIIRS_NOAA21_NRT
-0.0871,101.00392,2025-11-08,637,N21,n,2.0NRT,8.22,D,0.39,0.36,,,,,,firms,VIIRS,VIIRS_NOAA21_NRT
-0.05564,103.05661,2025-11-08,637,N21,l,2.0NRT,4.64,D,0.39,0.36,,,,,,firms,VIIRS,VIIRS_NOAA21_NRT
-0.04703,103.11272,2025-11-08,637,N21,l,2.0NRT,4.01,D,0.39,0.36,,,,,,firms,VIIRS,VIIRS_NOAA21_NRT
-0.03656,100.55608,2025-11-08,637,N21,n,2.0NRT,40.06,D,0.4,0.37,,,,,,firms,VIIRS,VIIRS_NOAA21_NRT
-0.00646,101.10972,2025-11-08,637,N21,n,2.0NRT,5.01,D,0.39,0.36,,,,,,firms,VIIRS,VIIRS_NOAA21_NRT
-0.00313,101.10922,2025-11-08,637,N21,n,2.0NRT,7.7,D,0.39,0.36,,,,,,firms,VIIRS,VIIRS_NOAA21_NRT
0.02117,101.02335,2025-11-08,637,N21,n,2.0NRT,3.85,D,0.39,0.36,,,,,,firms,VIIRS,VIIRS_NOAA21_NRT
0.11579,100.90794,2025-11-08,637,N21,n,2.0NRT,6.08,D,0.39,0.36,,,,,,firms,VIIRS,VIIRS_NOAA21_NRT
0.11633,100.91144,2025-11-08,637,N21,n,2.0NRT,6.89,D,0.39,0.36,,,,,,firms,VIIRS,VIIRS_NOAA21_NRT
0.1166,101.06898,2025-11-08,637,N21,n,2.0NRT,3.55,D,0.39,0.36,,,,,,firms,VIIRS,VIIRS_NOAA21_NRT
0.30636,100.93212,2025-11-08,637,N21,n,2.0NRT,2.93,D,0.39,0.36,,,,,,firms,VIIRS,VIIRS_NOAA21_NRT
0.30958,101.06384,2025-11-08,637,N21,n,2.0NRT,6.2,D,0.39,0.36,,,,,,firms,VIIRS,VIIRS_NOAA21_NRT
0.37564,100.40672,2025-11-08,637,N21,n,2.0NRT,11.49,D,0.4,0.37,,,,,,firms,VIIRS,VIIRS_NOAA21_NRT
0.41524,101.15458,2025-11-08,637,N21,n,2.0NRT,5.92,D,0.39,0.36,,,,,,firms,VIIRS,VIIRS_NOAA21_NRT
0.4485,100.63644,2025-11-08,637,N21,n,2.0NRT,4.79,D,0.4,0.37,,,,,,firms,VIIRS,VIIRS_NOAA21_NRT
0.49166,100.63296,2025-11-08,637,N21,n,2.0NRT,6.1,D,0.4,0.37,,,,,,firms,VIIRS,VIIRS_NOAA21_NRT
0.85741,104.50953,2025-11-08,637,N21,n,2.0NRT,5.42,D,0.44,0.38,,,,,,firms,VIIRS,VIIRS_NOAA21_NRT
0.89702,109.2308,2025-11-08,637,N21,n,2.0NRT,4.84,D,0.57,0.52,,,,,,firms,VIIRS,VIIRS_NOAA21_NRT
0.95823,109.1236,2025-11-08,637,N21,n,2.0NRT,6.77,D,0.56,0.52,,,,,,firms,VIIRS,VIIRS_NOAA21_NRT
0.97098,109.05056,2025-11-08,637,N21,n,2.0NRT,11.93,D,0.55,0.51,,,,,,firms,VIIRS,VIIRS_NOAA21_NRT
1.02808,99.90042,2025-11-08,637,N21,n,2.0NRT,2.61,D,0.41,0.37,,,,,,firms,VIIRS,VIIRS_NOAA21_NRT
1.03764,109.06313,2025-11-08,637,N21,n,2.0NRT,6.91,D,0.56,0.51,,,,,,firms,VIIRS,VIIRS_NOAA21_NRT
1.22367,109.34969,2025-11-08,637,N21,n,2.0NRT,24.72,D,0.59,0.53,,,,,,firms,VIIRS,VIIRS_NOAA21_NRT
1.26505,111.56663,2025-11-08,637,N21,n,2.0NRT,3.63,D,0.42,0.61,,,,,,firms,VIIRS,VIIRS_NOAA21_NRT
1.34959,109.3427,2025-11-08,637,N21,n,2.0NRT,3.22,D,0.59,0.53,,,,,,firms,VIIRS,VIIRS_NOAA21_NRT
1.34981,109.14684,2025-11-08,637,N21,n,2.0NRT,10.57,D,0.57,0.52,,,,,,firms,VIIRS,VIIRS_NOAA21_NRT
1.35048,109.34532,2025-11-08,637,N21,n,2.0NRT,3.46,D,0.59,0.53,,,,,,firms,VIIRS,VIIRS_NOAA21_NRT
1.35227,109.13087,2025-11-08,637,N21,n,2.0NRT,7.32,D,0.57,0.52,,,,,,firms,VIIRS,VIIRS_NOAA21_NRT
1.3593,109.14533,2025-11-08,637,N21,h,2.0NRT,31.23,D,0.57,0.52,,,,,,firms,VIIRS,VIIRS_NOAA21_NRT
1.43531,103.5563,2025-11-08,637,N21,n,2.0NRT,12.24,D,0.41,0.37,,,,,,firms,VIIRS,VIIRS_NOAA21_NRT
1.4467,109.17138,2025-11-08,637,N21,n,2.0NRT,3.78,D,0.58,0.52,,,,,,firms,VIIRS,VIIRS_NOAA21_NRT
2.17766,99.01164,2025-11-08,637,N21,n,2.0NRT,5.13,D,0.44,0.38,,,,,,firms,VIIRS,VIIRS_NOAA21_NRT
2.53603,102.26362,2025-11-08,637,N21,n,2.0NRT,3.33,D,0.39,0.36,,,,,,firms,VIIRS,VIIRS_NOAA21_NRT
2.58088,102.76003,2025-11-08,637,N21,n,2.0NRT,3.59,D,0.4,0.37,,,,,,firms,VIIRS,VIIRS_NOAA21_NRT
2.69867,101.56724,2025-11-08,637,N21,n,2.0NRT,14.27,D,0.38,0.36,,,,,,firms,VIIRS,VIIRS_NOAA21_NRT
2.83152,102.81971,2025-11-08,637,N21,n,2.0NRT,2.09,D,0.4,0.37,,,,,,firms,VIIRS,VIIRS_NOAA21_NRT
3.08155,101.47211,2025-11-08,637,N21,n,2.0NRT,3.45,D,0.38,0.36,,,,,,firms,VIIRS,VIIRS_NOAA21_NRT
3.23741,101.44346,2025-11-08,637,N21,n,2.0NRT,4.67,D,0.38,0.36,,,,,,firms,VIIRS,VIIRS_NOAA21_NRT
3.30842,113.11149,2025-11-08,637,N21,n,2.0NRT,3.1,D,0.58,0.7,,,,,,firms,VIIRS,VIIRS_NOAA21_NRT
3.45201,101.2026,2025-11-08,637,N21,n,2.0NRT,5.31,D,0.38,0.36,,,,,,firms,VIIRS,VIIRS_NOAA21_NRT
3.45479,101.19866,2025-11-08,637,N21,n,2.0NRT,5.1,D,0.38,0.36,,,,,,firms,VIIRS,VIIRS_NOAA21_NRT
3.4868,101.47475,2025-11-08,637,N21,l,2.0NRT,5.9,D,0.38,0.36,,,,,,firms,VIIRS,VIIRS_NOAA21_NRT
3.48763,101.14379,2025-11-08,637,N21,n,2.0NRT,11.11,D,0.38,0.36,,,,,,firms,VIIRS,VIIRS_NOAA21_NRT
3.51387,101.16089,2025-11-08,637,N21,n,2.0NRT,3.04,D,0.38,0.36,,,,,,firms,VIIRS,VIIRS_NOAA21_NRT
3.51576,102.47068,2025-11-08,637,N21,n,2.0NRT,3.69,D,0.4,0.37,,,,,,firms,VIIRS,VIIRS_NOAA21_NRT
3.6062,112.41205,2025-11-08,637,N21,n,2.0NRT,7.79,D,0.52,0.67,,,,,,firms,VIIRS,VIIRS_NOAA21_NRT
3.67268,101.84772,2025-11-08,637,N21,n,2.0NRT,3.89,D,0.39,0.36,,,,,,firms,VIIRS,VIIRS_NOAA21_NRT
4.65915,103.37677,2025-11-08,637,N21,n,2.0NRT,3.43,D,0.43,0.38,,,,,,firms,VIIRS,VIIRS_NOAA21_NRT
4.97934,112.98158,2025-11-08,637,N21,n,2.0NRT,10.63,D,0.6,0.71,,,,,,firms,VIIRS,VIIRS_NOAA21_NRT
4.97939,112.98686,2025-11-08,637,N21,n,2.0NRT,13.59,D,0.6,0.71,,,,,,firms,VIIRS,VIIRS_NOAA21_NRT
4.98006,112.98695,2025-11-08,637,N21,n,2.0NRT,10.81,D,0.6,0.71,,,,,,firms,VIIRS,VIIRS_NOAA21_NRT
-0.58373,117.38589,2025-11-08,1736,N21,n,2.0NRT,1.58,N,0.39,0.36,,,,,,firms,VIIRS,VIIRS_NOAA21_NRT
0.60194,117.43813,2025-11-08,1736,N21,n,2.0NRT,0.75,N,0.38,0.36,,,,,,firms,VIIRS,VIIRS_NOAA21_NRT
0.61259,117.4399,2025-11-08,1736,N21,n,2.0NRT,0.75,N,0.38,0.36,,,,,,firms,VIIRS,VIIRS_NOAA21_NRT
0.67784,117.56223,2025-11-08,1736,N21,n,2.0NRT,0.61,N,0.38,0.36,,,,,,firms,VIIRS,VIIRS_NOAA21_NRT
0.68114,117.56273,2025-11-08,1736,N21,n,2.0NRT,0.8,N,0.38,0.36,,,,,,firms,VIIRS,VIIRS_NOAA21_NRT
0.68168,117.5593,2025-11-08,1736,N21,n,2.0NRT,0.8,N,0.38,0.36,,,,,,firms,VIIRS,VIIRS_NOAA21_NRT
0.68221,117.55588,2025-11-08,1736,N21,n,2.0NRT,1.2,N,0.38,0.36,,,,,,firms,VIIRS,VIIRS_NOAA21_NRT
0.68444,117.56324,2025-11-08,1736,N21,n,2.0NRT,0.8,N,0.38,0.36,,,,,,firms,VIIRS,VIIRS_NOAA21_NRT
0.68497,117.55981,2025-11-08,1736,N21,n,2.0NRT,0.8,N,0.38,0.36,,,,,,firms,VIIRS,VIIRS_NOAA21_NRT
0.68626,117.46529,2025-11-08,1736,N21,n,2.0NRT,0.62,N,0.38,0.36,,,,,,firms,VIIRS,VIIRS_NOAA21_NRT
0.68881,117.5569,2025-11-08,1736,N21,n,2.0NRT,1.48,N,0.38,0.36,,,,,,firms,VIIRS,VIIRS_NOAA21_NRT
0.68988,117.55004,2025-11-08,1736,N21,n,2.0NRT,1.19,N,0.38,0.36,,,,,,firms,VIIRS,VIIRS_NOAA21_NRT
0.69264,117.55399,2025-11-08,1736,N21,n,2.0NRT,1.48,N,0.38,0.36,,,,,,firms,VIIRS,VIIRS_NOAA21_NRT
0.69318,117.55054,2025-11-08,1736,N21,n,2.0NRT,1.19,N,0.38,0.36,,,,,,firms,VIIRS,VIIRS_NOAA21_NRT
3.52299,113.31213,2025-11-08,1736,N21,n,2.0NRT,2.17,N,0.56,0.43,,,,,,firms,VIIRS,VIIRS_NOAA21_NRT
3.52323,113.31435,2025-11-08,1736,N21,n,2.0NRT,3.08,N,0.56,0.43,,,,,,firms,VIIRS,VIIRS_NOAA21_NRT
3.62938,112.67802,2025-11-08,1736,N21,n,2.0NRT,0.99,N,0.41,0.45,,,,,,firms,VIIRS,VIIRS_NOAA21_NRT
3.63325,112.70821,2025-11-08,1736,N21,n,2.0NRT,1.28,N,0.4,0.45,,,,,,firms,VIIRS,VIIRS_NOAA21_NRT
3.75391,113.84935,2025-11-08,1736,N21,n,2.0NRT,0.88,N,0.52,0.42,,,,,,firms,VIIRS,VIIRS_NOAA21_NRT
4.70113,113.94299,2025-11-08,1736,N21,n,2.0NRT,1.5,N,0.53,0.42,,,,,,firms,VIIRS,VIIRS_NOAA21_NRT
4.74156,113.72869,2025-11-08,1736,N21,n,2.0NRT,2.38,N,0.54,0.42,,,,,,firms,VIIRS,VIIRS_NOAA21_NRT
4.97567,112.98183,2025-11-08,1736,N21,n,2.0NRT,4.42,N,0.41,0.45,,,,,,firms,VIIRS,VIIRS_NOAA21_NRT
4.97975,112.98243,2025-11-08,1736,N21,n,2.0NRT,4.42,N,0.41,0.45,,,,,,firms,VIIRS,VIIRS_NOAA21_NRT
4.98031,112.97881,2025-11-08,1736,N21,n,2.0NRT,5.3,N,0.41,0.45,,,,,,firms,VIIRS,VIIRS_NOAA21_NRT
5.44673,116.19929,2025-11-08,1736,N21,n,2.0NRT,0.97,N,0.42,0.38,,,,,,firms,VIIRS,VIIRS_NOAA21_NRT
5.61709,114.88995,2025-11-08,1736,N21,n,2.0NRT,1.72,N,0.48,0.4,,,,,,firms,VIIRS,VIIRS_NOAA21_NRT
-8.27587,123.51298,2025-11-08,1738,N21,n,2.0NRT,3.43,N,0.32,0.55,,,,,,firms,VIIRS,VIIRS_NOAA21_NRT
-8.2753,123.50871,2025-11-08,1738,N21,n,2.0NRT,3.43,N,0.32,0.55,,,,,,firms,VIIRS,VIIRS_NOAA21_NRT
-7.23935,111.73077,2025-11-08,1738,N21,n,2.0NRT,0.61,N,0.5,0.41,,,,,,firms,VIIRS,VIIRS_NOAA21_NRT
-6.82205,111.27884,2025-11-08,1738,N21,n,2.0NRT,0.93,N,0.53,0.42,,,,,,firms,VIIRS,VIIRS_NOAA21_NRT
-6.54819,108.09668,2025-11-08,1738,N21,n,2.0NRT,2.41,N,0.57,0.52,,,,,,firms,VIIRS,VIIRS_NOAA21_NRT
-6.31981,113.00586,2025-11-08,1738,N21,n,2.0NRT,0.45,N,0.44,0.38,,,,,,firms,VIIRS,VIIRS_NOAA21_NRT
-6.31917,113.00591,2025-11-08,1738,N21,n,2.0NRT,0.55,N,0.44,0.38,,,,,,firms,VIIRS,VIIRS_NOAA21_NRT
-1.24657,116.81517,2025-11-08,1738,N21,n,2.0NRT,3.11,N,0.38,0.36,,,,,,firms,VIIRS,VIIRS_NOAA21_NRT
-8.11887,112.93253,2025-11-08,1741,N21,n,2.0NRT,2.68,N,0.43,0.38,,,,,,firms,VIIRS,VIIRS_NOAA21_NRT
-0.72792,101.51064,2025-11-08,1917,N21,n,2.0NRT,1.45,N,0.43,0.62,,,,,,firms,VIIRS,VIIRS_NOAA21_NRT
-0.18252,101.1598,2025-11-08,1917,N21,n,2.0NRT,0.94,N,0.4,0.6,,,,,,firms,VIIRS,VIIRS_NOAA21_NRT
4.31324,97.11666,2025-11-08,1917,N21,n,2.0NRT,1.58,N,0.54,0.42,,,,,,firms,VIIRS,VIIRS_NOAA21_NRT
4.31715,97.1169,2025-11-08,1917,N21,n,2.0NRT,1.58,N,0.54,0.42,,,,,,firms,VIIRS,VIIRS_NOAA21_NRT
5.11149,96.3523,2025-11-08,1917,N21,n,2.0NRT,0.9,N,0.48,0.4,,,,,,firms,VIIRS,VIIRS_NOAA21_NRT
-0.18152,101.16192,2025-11-08,1919,N21,n,2.0NRT,0.86,N,0.4,0.6,,,,,,firms,VIIRS,VIIRS_NOAA21_NRT
-0.16854,101.18594,2025-11-08,1919,N21,n,2.0NRT,2.28,N,0.4,0.6,,,,,,firms,VIIRS,VIIRS_NOAA21_NRT
-0.16799,101.1825,2025-11-08,1919,N21,n,2.0NRT,2.23,N,0.4,0.6,,,,,,firms,VIIRS,VIIRS_NOAA21_NRT
-0.16739,101.93253,2025-11-08,1919,N21,n,2.0NRT,9.28,N,0.45,0.63,,,,,,firms,VIIRS,VIIRS_NOAA21_NRT
-0.16675,101.92848,2025-11-08,1919,N21,n,2.0NRT,4.2,N,0.45,0.63,,,,,,firms,VIIRS,VIIRS_NOAA21_NRT
-0.16101,101.92934,2025-11-08,1919,N21,n,2.0NRT,3.11,N,0.45,0.63,,,,,,firms,VIIRS,VIIRS_NOAA21_NRT
-0.16038,101.92534,2025-11-08,1919,N21,n,2.0NRT,3.11,N,0.45,0.63,,,,,,firms,VIIRS,VIIRS_NOAA21_NRT
1.06189,101.06492,2025-11-08,1919,N21,n,2.0NRT,2.78,N,0.37,0.58,,,,,,firms,VIIRS,VIIRS_NOAA21_NRT
1.06242,101.0616,2025-11-08,1919,N21,n,2.0NRT,1.99,N,0.37,0.58,,,,,,firms,VIIRS,VIIRS_NOAA21_NRT
1.12005,101.1022,2025-11-08,1919,N21,n,2.0NRT,2.1,N,0.38,0.58,,,,,,firms,VIIRS,VIIRS_NOAA21_NRT
1.12537,101.1031,2025-11-08,1919,N21,n,2.0NRT,2.1,N,0.38,0.58,,,,,,firms,VIIRS,VIIRS_NOAA21_NRT
1.1259,101.09978,2025-11-08,1919,N21,n,2.0NRT,1.96,N,0.38,0.58,,,,,,firms,VIIRS,VIIRS_NOAA21_NRT
1.31969,101.03672,2025-11-08,1919,N21,n,2.0NRT,2.62,N,0.37,0.58,,,,,,firms,VIIRS,VIIRS_NOAA21_NRT
1.32021,101.03344,2025-11-08,1919,N21,n,2.0NRT,2.62,N,0.37,0.58,,,,,,firms,VIIRS,VIIRS_NOAA21_NRT
1.37003,100.68291,2025-11-08,1919,N21,n,2.0NRT,1.38,N,0.35,0.57,,,,,,firms,VIIRS,VIIRS_NOAA21_NRT
1.37984,100.68779,2025-11-08,1919,N21,n,2.0NRT,1.17,N,0.35,0.57,,,,,,firms,VIIRS,VIIRS_NOAA21_NRT
1.38034,100.68462,2025-11-08,1919,N21,n,2.0NRT,1.17,N,0.35,0.57,,,,,,firms,VIIRS,VIIRS_NOAA21_NRT
1.38082,100.6815,2025-11-08,1919,N21,n,2.0NRT,1.95,N,0.35,0.57,,,,,,firms,VIIRS,VIIRS_NOAA21_NRT
1.38131,100.67838,2025-11-08,1919,N21,n,2.0NRT,1.95,N,0.35,0.57,,,,,,firms,VIIRS,VIIRS_NOAA21_NRT
1.3818,100.67528,2025-11-08,1919,N21,n,2.0NRT,1.5,N,0.35,0.57,,,,,,firms,VIIRS,VIIRS_NOAA21_NRT
1.382,100.68776,2025-11-08,1919,N21,n,2.0NRT,1.54,N,0.35,0.57,,,,,,firms,VIIRS,VIIRS_NOAA21_NRT
1.38252,100.68462,2025-11-08,1919,N21,n,2.0NRT,1.54,N,0.35,0.57,,,,,,firms,VIIRS,VIIRS_NOAA21_NRT
1.38303,100.6815,2025-11-08,1919,N21,n,2.0NRT,1.63,N,0.35,0.57,,,,,,firms,VIIRS,VIIRS_NOAA21_NRT
1.38355,100.67838,2025-11-08,1919,N21,n,2.0NRT,1.63,N,0.35,0.57,,,,,,firms,VIIRS,VIIRS_NOAA21_NRT
1.38405,100.67529,2025-11-08,1919,N21,n,2.0NRT,2.19,N,0.35,0.57,,,,,,firms,VIIRS,VIIRS_NOAA21_NRT
1.38499,100.68864,2025-11-08,1919,N21,n,2.0NRT,1.17,N,0.35,0.57,,,,,,firms,VIIRS,VIIRS_NOAA21_NRT
1.38548,100.68551,2025-11-08,1919,N21,n,2.0NRT,1.17,N,0.35,0.57,,,,,,firms,VIIRS,VIIRS_NOAA21_NRT
1.38694,100.67616,2025-11-08,1919,N21,n,2.0NRT,1.5,N,0.35,0.57,,,,,,firms,VIIRS,VIIRS_NOAA21_NRT
1.38715,100.6886,2025-11-08,1919,N21,n,2.0NRT,1.54,N,0.35,0.57,,,,,,firms,VIIRS,VIIRS_NOAA21_NRT
1.5466,99.37819,2025-11-08,1919,N21,n,2.0NRT,1.24,N,0.56,0.52,,,,,,firms,VIIRS,VIIRS_NOAA21_NRT
1.69979,100.77642,2025-11-08,1919,N21,n,2.0NRT,1.03,N,0.35,0.57,,,,,,firms,VIIRS,VIIRS_NOAA21_NRT
1.70028,100.77332,2025-11-08,1919,N21,n,2.0NRT,0.62,N,0.35,0.57,,,,,,firms,VIIRS,VIIRS_NOAA21_NRT
1.70166,100.77658,2025-11-08,1919,N21,n,2.0NRT,1.19,N,0.35,0.57,,,,,,firms,VIIRS,VIIRS_NOAA21_NRT
1.70217,100.77347,2025-11-08,1919,N21,n,2.0NRT,0.84,N,0.35,0.57,,,,,,firms,VIIRS,VIIRS_NOAA21_NRT
2.09404,100.35836,2025-11-08,1919,N21,n,2.0NRT,1.07,N,0.32,0.55,,,,,,firms,VIIRS,VIIRS_NOAA21_NRT
2.09476,100.35852,2025-11-08,1919,N21,n,2.0NRT,0.65,N,0.32,0.55,,,,,,firms,VIIRS,VIIRS_NOAA21_NRT
2.53667,98.83167,2025-11-08,1919,N21,n,2.0NRT,3.79,N,0.5,0.49,,,,,,firms,VIIRS,VIIRS_NOAA21_NRT
2.53735,98.8274,2025-11-08,1919,N21,n,2.0NRT,2.7,N,0.5,0.49,,,,,,firms,VIIRS,VIIRS_NOAA21_NRT
-10.02374,124.32378,2025-11-09,433,N21,n,2.0NRT,2.93,D,0.43,0.62,,,,,,firms,VIIRS,VIIRS_NOAA21_NRT
-9.7374,124.63243,2025-11-09,433,N21,n,2.0NRT,12.72,D,0.4,0.6,,,,,,firms,VIIRS,VIIRS_NOAA21_NRT
-9.73695,124.63601,2025-11-09,433,N21,n,2.0NRT,12.72,D,0.4,0.6,,,,,,firms,VIIRS,VIIRS_NOAA21_NRT
-9.41992,124.74068,2025-11-09,433,N21,n,2.0NRT,3.08,D,0.39,0.6,,,,,,firms,VIIRS,VIIRS_NOAA21_NRT
-9.18031,125.64211,2025-11-09,433,N21,n,2.0NRT,5.02,D,0.34,0.56,,,,,,firms,VIIRS,VIIRS_NOAA21_NRT
-8.88304,126.1968,2025-11-09,433,N21,n,2.0NRT,4.85,D,0.61,0.54,,,,,,firms,VIIRS,VIIRS_NOAA21_NRT
-8.69917,140.57393,2025-11-09,433,N21,n,2.0NRT,7.8,D,0.48,0.48,,,,,,firms,VIIRS,VIIRS_NOAA21_NRT
-8.69842,140.57826,2025-11-09,433,N21,n,2.0NRT,7.8,D,0.48,0.48,,,,,,firms,VIIRS,VIIRS_NOAA21_NRT
-8.50386,140.86259,2025-11-09,433,N21,n,2.0NRT,3.41,D,0.51,0.49,,,,,,firms,VIIRS,VIIRS_NOAA21_NRT
-8.48018,127.08083,2025-11-09,433,N21,n,2.0NRT,4.03,D,0.53,0.5,,,,,,firms,VIIRS,VIIRS_NOAA21_NRT
-8.44073,124.44103,2025-11-09,433,N21,n,2.0NRT,7.11,D,0.4,0.6,,,,,,firms,VIIRS,VIIRS_NOAA21_NRT
-8.23263,128.96997,2025-11-09,433,N21,n,2.0NRT,5.5,D,0.39,0.44,,,,,,firms,VIIRS,VIIRS_NOAA21_NRT
-8.13999,129.85638,2025-11-09,433,N21,l,2.0NRT,6.33,D,0.52,0.41,,,,,,firms,VIIRS,VIIRS_NOAA21_NRT
-8.12015,131.13834,2025-11-09,433,N21,l,2.0NRT,4.17,D,0.45,0.39,,,,,,firms,VIIRS,VIIRS_NOAA21_NRT
-7.98756,129.81258,2025-11-09,433,N21,n,2.0NRT,4.0,D,0.52,0.42,,,,,,firms,VIIRS,VIIRS_NOAA21_NRT
-7.96541,131.1328,2025-11-09,433,N21,n,2.0NRT,2.47,D,0.45,0.39,,,,,,firms,VIIRS,VIIRS_NOAA21_NRT
-7.58699,127.46604,2025-11-09,433,N21,n,2.0NRT,7.28,D,0.48,0.48,,,,,,firms,VIIRS,VIIRS_NOAA21_NRT
-6.91333,131.4886,2025-11-09,433,N21,l,2.0NRT,4.41,D,0.42,0.38,,,,,,firms,VIIRS,VIIRS_NOAA21_NRT
-2.53482,133.06569,2025-11-09,436,N21,n,2.0NRT,14.31,D,0.39,0.36,,,,,,firms,VIIRS,VIIRS_NOAA21_NRT
-2.53151,133.0652,2025-11-09,436,N21,n,2.0NRT,14.31,D,0.39,0.36,,,,,,firms,VIIRS,VIIRS_NOAA21_NRT
-2.01508,121.42086,2025-11-09,436,N21,n,2.0NRT,13.98,D,0.52,0.67,,,,,,firms,VIIRS,VIIRS_NOAA21_NRT
-2.00748,121.42978,2025-11-09,436,N21,n,2.0NRT,11.93,D,0.52,0.67,,,,,,firms,VIIRS,VIIRS_NOAA21_NRT
-2.00683,121.43408,2025-11-09,436,N21,n,2.0NRT,14.2,D,0.52,0.67,,,,,,firms,VIIRS,VIIRS_NOAA21_NRT
-2.00131,121.42934,2025-11-09,436,N21,n,2.0NRT,6.5,D,0.52,0.67,,,,,,firms,VIIRS,VIIRS_NOAA21_NRT
-2.00056,121.43426,2025-11-09,436,N21,n,2.0NRT,6.88,D,0.52,0.67,,,,,,firms,VIIRS,VIIRS_NOAA21_NRT
-1.58346,127.41721,2025-11-09,436,N21,n,2.0NRT,4.17,D,0.4,0.44,,,,,,firms,VIIRS,VIIRS_NOAA21_NRT
-1.56005,127.4285,2025-11-09,436,N21,n,2.0NRT,4.49,D,0.4,0.44,,,,,,firms,VIIRS,VIIRS_NOAA21_NRT
-1.45993,127.43547,2025-11-09,436,N21,n,2.0NRT,10.93,D,0.4,0.44,,,,,,firms,VIIRS,VIIRS_NOAA21_NRT
-1.45938,127.43922,2025-11-09,436,N21,n,2.0NRT,9.31,D,0.4,0.44,,,,,,firms,VIIRS,VIIRS_NOAA21_NRT
-1.45849,127.43812,2025-11-09,436,N21,n,2.0NRT,10.22,D,0.4,0.44,,,,,,firms,VIIRS,VIIRS_NOAA21_NRT
0.47992,128.00272,2025-11-09,436,N21,n,2.0NRT,10.86,D,0.52,0.41,,,,,,firms,VIIRS,VIIRS_NOAA21_NRT
0.48226,127.99297,2025-11-09,436,N21,n,2.0NRT,6.36,D,0.52,0.41,,,,,,firms,VIIRS,VIIRS_NOAA21_NRT
0.48299,127.99761,2025-11-09,436,N21,n,2.0NRT,9.01,D,0.52,0.41,,,,,,firms,VIIRS,VIIRS_NOAA21_NRT
0.48532,127.98782,2025-11-09,436,N21,n,2.0NRT,6.36,D,0.52,0.41,,,,,,firms,VIIRS,VIIRS_NOAA21_NRT
0.48606,127.99249,2025-11-09,436,N21,n,2.0NRT,6.36,D,0.52,0.41,,,,,,firms,VIIRS,VIIRS_NOAA21_NRT
0.49223,127.98239,2025-11-09,436,N21,n,2.0NRT,5.39,D,0.52,0.41,,,,,,firms,VIIRS,VIIRS_NOAA21_NRT
0.51031,127.89886,2025-11-09,436,N21,n,2.0NRT,7.82,D,0.52,0.42,,,,,,firms,VIIRS,VIIRS_NOAA21_NRT
0.58973,128.41234,2025-11-09,436,N21,l,2.0NRT,16.97,D,0.49,0.4,,,,,,firms,VIIRS,VIIRS_NOAA21_NRT
0.89267,127.51303,2025-11-09,438,N21,n,2.0NRT,3.64,D,0.55,0.42,,,,,,firms,VIIRS,VIIRS_NOAA21_NRT
1.20839,127.82325,2025-11-09,438,N21,n,2.0NRT,3.11,D,0.52,0.41,,,,,,firms,VIIRS,VIIRS_NOAA21_NRT
1.26534,128.13449,2025-11-09,438,N21,n,2.0NRT,4.74,D,0.5,0.41,,,,,,firms,VIIRS,VIIRS_NOAA21_NRT
-7.70119,108.99346,2025-11-09,616,N21,n,2.0NRT,3.49,D,0.39,0.36,,,,,,firms,VIIRS,VIIRS_NOAA21_NRT
-3.6045,120.24638,2025-11-09,616,N21,n,2.0NRT,7.12,D,0.66,0.73,,,,,,firms,VIIRS,VIIRS_NOAA21_NRT
-2.27386,102.35376,2025-11-09,618,N21,n,2.0NRT,4.41,D,0.39,0.44,,,,,,firms,VIIRS,VIIRS_NOAA21_NRT
-2.10825,102.63055,2025-11-09,618,N21,n,2.0NRT,2.87,D,0.56,0.43,,,,,,firms,VIIRS,VIIRS_NOAA21_NRT
-0.22681,110.03019,2025-11-09,618,N21,n,2.0NRT,2.62,D,0.47,0.39,,,,,,firms,VIIRS,VIIRS_NOAA21_NRT
-0.17859,109.28603,2025-11-09,618,N21,n,2.0NRT,3.68,D,0.43,0.38,,,,,,firms,VIIRS,VIIRS_NOAA21_NRT
-0.17035,109.88312,2025-11-09,618,N21,n,2.0NRT,25.4,D,0.46,0.39,,,,,,firms,VIIRS,VIIRS_NOAA21_NRT
-0.16972,109.88722,2025-11-09,618,N21,n,2.0NRT,45.89,D,0.46,0.39,,,,,,firms,VIIRS,VIIRS_NOAA21_NRT
-0.16676,109.88255,2025-11-09,618,N21,n,2.0NRT,5.24,D,0.46,0.39,,,,,,firms,VIIRS,VIIRS_NOAA21_NRT
-0.16613,109.88667,2025-11-09,618,N21,n,2.0NRT,5.68,D,0.46,0.39,,,,,,firms,VIIRS,VIIRS_NOAA21_NRT
-0.13061,109.3422,2025-11-09,618,N21,n,2.0NRT,6.36,D,0.44,0.38,,,,,,firms,VIIRS,VIIRS_NOAA21_NRT
-0.09729,109.31742,2025-11-09,618,N21,n,2.0NRT,4.97,D,0.44,0.38,,,,,,firms,VIIRS,VIIRS_NOAA21_NRT
0.24047,110.21514,2025-11-09,618,N21,n,2.0NRT,7.34,D,0.48,0.4,,,,,,firms,VIIRS,VIIRS_NOAA21_NRT
0.46987,112.54034,2025-11-09,618,N21,n,2.0NRT,11.65,D,0.45,0.47,,,,,,firms,VIIRS,VIIRS_NOAA21_NRT
0.4949,109.0985,2025-11-09,618,N21,n,2.0NRT,22.89,D,0.43,0.38,,,,,,firms,VIIRS,VIIRS_NOAA21_NRT
0.49838,109.09798,2025-11-09,618,N21,n,2.0NRT,22.89,D,0.43,0.38,,,,,,firms,VIIRS,VIIRS_NOAA21_NRT
0.49898,109.10182,2025-11-09,618,N21,n,2.0NRT,22.89,D,0.43,0.38,,,,,,firms,VIIRS,VIIRS_NOAA21_NRT
1.28351,111.93609,2025-11-09,618,N21,n,2.0NRT,7.32,D,0.42,0.45,,,,,,firms,VIIRS,VIIRS_NOAA21_NRT
1.31851,101.03416,2025-11-09,618,N21,n,2.0NRT,7.74,D,0.42,0.45,,,,,,firms,VIIRS,VIIRS_NOAA21_NRT
1.32265,101.03353,2025-11-09,618,N21,n,2.0NRT,7.74,D,0.42,0.45,,,,,,firms,VIIRS,VIIRS_NOAA21_NRT
1.90786,117.74824,2025-11-09,618,N21,n,2.0NRT,17.13,D,0.54,0.68,,,,,,firms,VIIRS,VIIRS_NOAA21_NRT
1.91287,117.74673,2025-11-09,618,N21,l,2.0NRT,24.69,D,0.54,0.68,,,,,,firms,VIIRS,VIIRS_NOAA21_NRT
1.91356,117.75143,2025-11-09,618,N21,n,2.0NRT,21.63,D,0.54,0.68,,,,,,firms,VIIRS,VIIRS_NOAA21_NRT
1.91409,117.74751,2025-11-09,618,N21,n,2.0NRT,17.13,D,0.54,0.68,,,,,,firms,VIIRS,VIIRS_NOAA21_NRT
3.30718,113.11277,2025-11-09,618,N21,n,2.0NRT,2.76,D,0.54,0.51,,,,,,firms,VIIRS,VIIRS_NOAA21_NRT
4.5564,103.45712,2025-11-09,620,N21,n,2.0NRT,4.46,D,0.43,0.38,,,,,,firms,VIIRS,VIIRS_NOAA21_NRT
4.66,103.37835,2025-11-09,620,N21,n,2.0NRT,3.85,D,0.43,0.38,,,,,,firms,VIIRS,VIIRS_NOAA21_NRT
5.56224,114.98244,2025-11-09,1715,N21,n,2.0NRT,3.22,N,0.64,0.54,,,,,,firms,VIIRS,VIIRS_NOAA21_NRT
5.56291,114.98527,2025-11-09,1715,N21,n,2.0NRT,3.32,N,0.64,0.54,,,,,,firms,VIIRS,VIIRS_NOAA21_NRT
0.4911,127.98431,2025-11-09,1717,N21,n,2.0NRT,1.6,N,0.46,0.47,,,,,,firms,VIIRS,VIIRS_NOAA21_NRT
0.68417,117.56051,2025-11-09,1717,N21,n,2.0NRT,1.88,N,0.55,0.42,,,,,,firms,VIIRS,VIIRS_NOAA21_NRT
0.68881,117.55621,2025-11-09,1717,N21,n,2.0NRT,2.1,N,0.55,0.42,,,,,,firms,VIIRS,VIIRS_NOAA21_NRT
0.68956,117.55135,2025-11-09,1717,N21,n,2.0NRT,2.1,N,0.55,0.42,,,,,,firms,VIIRS,VIIRS_NOAA21_NRT
0.69346,117.55186,2025-11-09,1717,N21,n,2.0NRT,2.52,N,0.55,0.42,,,,,,firms,VIIRS,VIIRS_NOAA21_NRT
-0.54884,102.69759,2025-11-09,1857,N21,n,2.0NRT,1.86,N,0.48,0.48,,,,,,firms,VIIRS,VIIRS_NOAA21_NRT
0.69034,100.2402,2025-11-09,1857,N21,n,2.0NRT,0.29,N,0.49,0.4,,,,,,firms,VIIRS,VIIRS_NOAA21_NRT
0.81506,100.25909,2025-11-09,1857,N21,n,2.0NRT,0.47,N,0.49,0.4,,,,,,firms,VIIRS,VIIRS_NOAA21_NRT
0.84275,100.17884,2025-11-09,1857,N21,n,2.0NRT,0.85,N,0.48,0.4,,,,,,firms,VIIRS,VIIRS_NOAA21_NRT
2.49164,102.93563,2025-11-09,1857,N21,n,2.0NRT,1.74,N,0.45,0.47,,,,,,firms,VIIRS,VIIRS_NOAA21_NRT
5.64749,104.97929,2025-11-09,1857,N21,n,2.0NRT,0.83,N,0.55,0.51,,,,,,firms,VIIRS,VIIRS_NOAA21_NRT
-1.57216,103.68848,2025-11-09,1900,N21,n,2.0NRT,2.34,N,0.59,0.52,,,,,,firms,VIIRS,VIIRS_NOAA21_NRT
-1.26057,102.78694,2025-11-09,1900,N21,n,2.0NRT,0.76,N,0.5,0.49,,,,,,firms,VIIRS,VIIRS_NOAA21_NRT
-0.87782,101.83659,2025-11-09,1900,N21,n,2.0NRT,0.67,N,0.43,0.46,,,,,,firms,VIIRS,VIIRS_NOAA21_NRT
-0.74375,101.38017,2025-11-09,1900,N21,n,2.0NRT,0.88,N,0.4,0.44,,,,,,firms,VIIRS,VIIRS_NOAA21_NRT
-9.07685,140.97464,2025-11-10,414,N21,n,2.0NRT,3.28,D,0.42,0.37,,,,,,firms,VIIRS,VIIRS_NOAA21_NRT
-8.97419,140.82396,2025-11-10,414,N21,n,2.0NRT,3.72,D,0.41,0.37,,,,,,firms,VIIRS,VIIRS_NOAA21_NRT
-8.91106,140.75641,2025-11-10,414,N21,n,2.0NRT,2.98,D,0.41,0.37,,,,,,firms,VIIRS,VIIRS_NOAA21_NRT
-8.85054,140.98497,2025-11-10,414,N21,n,2.0NRT,4.8,D,0.42,0.38,,,,,,firms,VIIRS,VIIRS_NOAA21_NRT
-8.83903,140.99086,2025-11-10,414,N21,n,2.0NRT,2.17,D,0.42,0.38,,,,,,firms,VIIRS,VIIRS_NOAA21_NRT
-8.67043,140.56993,2025-11-10,414,N21,n,2.0NRT,6.43,D,0.41,0.37,,,,,,firms,VIIRS,VIIRS_NOAA21_NRT
-8.66713,140.5468,2025-11-10,414,N21,n,2.0NRT,2.13,D,0.41,0.37,,,,,,firms,VIIRS,VIIRS_NOAA21_NRT
-7.81469,129.75679,2025-11-10,416,N21,n,2.0NRT,3.56,D,0.36,0.57,,,,,,firms,VIIRS,VIIRS_NOAA21_NRT
-7.80482,139.12048,2025-11-10,416,N21,n,2.0NRT,2.61,D,0.39,0.36,,,,,,firms,VIIRS,VIIRS_NOAA21_NRT
-9.43044,125.04109,2025-11-10,557,N21,n,2.0NRT,4.04,D,0.52,0.67,,,,,,firms,VIIRS,VIIRS_NOAA21_NRT
-6.96047,120.78855,2025-11-10,557,N21,n,2.0NRT,11.69,D,0.59,0.53,,,,,,firms,VIIRS,VIIRS_NOAA21_NRT
-6.95956,120.79384,2025-11-10,557,N21,n,2.0NRT,11.42,D,0.59,0.53,,,,,,firms,VIIRS,VIIRS_NOAA21_NRT
-6.54833,108.09361,2025-11-10,559,N21,n,2.0NRT,1.5,D,0.39,0.44,,,,,,firms,VIIRS,VIIRS_NOAA21_NRT
-4.52562,121.87949,2025-11-10,559,N21,n,2.0NRT,5.75,D,0.38,0.59,,,,,,firms,VIIRS,VIIRS_NOAA21_NRT
-4.21723,122.26208,2025-11-10,559,N21,l,2.0NRT,16.65,D,0.41,0.61,,,,,,firms,VIIRS,VIIRS_NOAA21_NRT
-4.21661,122.26575,2025-11-10,559,N21,n,2.0NRT,15.88,D,0.41,0.61,,,,,,firms,VIIRS,VIIRS_NOAA21_NRT
-4.19541,122.22717,2025-11-10,559,N21,l,2.0NRT,11.32,D,0.41,0.61,,,,,,firms,VIIRS,VIIRS_NOAA21_NRT
-4.19461,122.22751,2025-11-10,559,N21,l,2.0NRT,15.05,D,0.41,0.61,,,,,,firms,VIIRS,VIIRS_NOAA21_NRT
-4.18916,122.23045,2025-11-10,559,N21,n,2.0NRT,4.84,D,0.41,0.61,,,,,,firms,VIIRS,VIIRS_NOAA21_NRT
-4.18835,122.23076,2025-11-10,559,N21,n,2.0NRT,8.99,D,0.41,0.61,,,,,,firms,VIIRS,VIIRS_NOAA21_NRT
0.02586,109.33394,2025-11-10,559,N21,n,2.0NRT,8.47,D,0.42,0.38,,,,,,firms,VIIRS,VIIRS_NOAA21_NRT
0.02873,109.37579,2025-11-10,559,N21,n,2.0NRT,3.41,D,0.42,0.38,,,,,,firms,VIIRS,VIIRS_NOAA21_NRT
0.04312,109.30822,2025-11-10,559,N21,n,2.0NRT,5.85,D,0.42,0.38,,,,,,firms,VIIRS,VIIRS_NOAA21_NRT
0.05233,109.29913,2025-11-10,559,N21,n,2.0NRT,8.74,D,0.42,0.38,,,,,,firms,VIIRS,VIIRS_NOAA21_NRT
0.05291,109.3029,2025-11-10,559,N21,n,2.0NRT,5.43,D,0.42,0.38,,,,,,firms,VIIRS,VIIRS_NOAA21_NRT
0.0546,109.33736,2025-11-10,559,N21,n,2.0NRT,3.81,D,0.42,0.38,,,,,,firms,VIIRS,VIIRS_NOAA21_NRT
0.05517,109.3411,2025-11-10,559,N21,n,2.0NRT,6.14,D,0.42,0.38,,,,,,firms,VIIRS,VIIRS_NOAA21_NRT
0.05579,109.29861,2025-11-10,559,N21,n,2.0NRT,7.03,D,0.42,0.38,,,,,,firms,VIIRS,VIIRS_NOAA21_NRT
0.06645,109.28142,2025-11-10,559,N21,l,2.0NRT,2.97,D,0.42,0.38,,,,,,firms,VIIRS,VIIRS_NOAA21_NRT
0.07335,109.28038,2025-11-10,559,N21,n,2.0NRT,3.42,D,0.42,0.38,,,,,,firms,VIIRS,VIIRS_NOAA21_NRT
0.07811,109.92465,2025-11-10,559,N21,n,2.0NRT,3.83,D,0.4,0.37,,,,,,firms,VIIRS,VIIRS_NOAA21_NRT
0.48197,117.22062,2025-11-10,559,N21,n,2.0NRT,26.74,D,0.44,0.46,,,,,,firms,VIIRS,VIIRS_NOAA21_NRT
0.50568,117.43082,2025-11-10,559,N21,n,2.0NRT,5.25,D,0.46,0.47,,,,,,firms,VIIRS,VIIRS_NOAA21_NRT
0.85458,117.70589,2025-11-10,559,N21,n,2.0NRT,2.85,D,0.48,0.48,,,,,,firms,VIIRS,VIIRS_NOAA21_NRT
3.97219,116.83491,2025-11-10,559,N21,n,2.0NRT,3.39,D,0.47,0.48,,,,,,firms,VIIRS,VIIRS_NOAA21_NRT
0.33648,109.06999,2025-11-10,601,N21,n,2.0NRT,4.55,D,0.43,0.38,,,,,,firms,VIIRS,VIIRS_NOAA21_NRT
0.396,109.09616,2025-11-10,601,N21,l,2.0NRT,44.06,D,0.43,0.38,,,,,,firms,VIIRS,VIIRS_NOAA21_NRT
0.39947,109.09564,2025-11-10,601,N21,l,2.0NRT,44.06,D,0.43,0.38,,,,,,firms,VIIRS,VIIRS_NOAA21_NRT
0.40006,109.09945,2025-11-10,601,N21,l,2.0NRT,44.06,D,0.43,0.38,,,,,,firms,VIIRS,VIIRS_NOAA21_NRT
0.40064,109.10326,2025-11-10,601,N21,l,2.0NRT,19.04,D,0.43,0.38,,,,,,firms,VIIRS,VIIRS_NOAA21_NRT
0.43637,108.98814,2025-11-10,601,N21,n,2.0NRT,3.93,D,0.43,0.38,,,,,,firms,VIIRS,VIIRS_NOAA21_NRT
0.99582,110.65399,2025-11-10,601,N21,n,2.0NRT,2.44,D,0.39,0.36,,,,,,firms,VIIRS,VIIRS_NOAA21_NRT
1.12479,101.10403,2025-11-10,601,N21,n,2.0NRT,8.2,D,0.44,0.63,,,,,,firms,VIIRS,VIIRS_NOAA21_NRT
1.49324,127.63123,2025-11-10,1658,N21,n,2.0NRT,2.5,N,0.39,0.36,,,,,,firms,VIIRS,VIIRS_NOAA21_NRT
1.49654,127.63176,2025-11-10,1658,N21,n,2.0NRT,2.5,N,0.39,0.36,,,,,,firms,VIIRS,VIIRS_NOAA21_NRT
1.69994,127.87666,2025-11-10,1658,N21,n,2.0NRT,1.56,N,0.39,0.36,,,,,,firms,VIIRS,VIIRS_NOAA21_NRT
2.27927,117.99758,2025-11-10,1658,N21,n,2.0NRT,0.6,N,0.37,0.58,,,,,,firms,VIIRS,VIIRS_NOAA21_NRT
-2.57568,121.38461,2025-11-10,1700,N21,n,2.0NRT,11.32,N,0.56,0.43,,,,,,firms,VIIRS,VIIRS_NOAA21_NRT
4.00391,103.34464,2025-11-10,1838,N21,n,2.0NRT,0.5,N,0.4,0.37,,,,,,firms,VIIRS,VIIRS_NOAA21_NRT
4.14555,105.10641,2025-11-10,1838,N21,n,2.0NRT,0.95,N,0.45,0.39,,,,,,firms,VIIRS,VIIRS_NOAA21_NRT
4.16381,106.22518,2025-11-10,1838,N21,n,2.0NRT,2.62,N,0.52,0.41,,,,,,firms,VIIRS,VIIRS_NOAA21_NRT
4.29039,103.42606,2025-11-10,1838,N21,n,2.0NRT,1.94,N,0.4,0.37,,,,,,firms,VIIRS,VIIRS_NOAA21_NRT
4.55472,103.45702,2025-11-10,1838,N21,n,2.0NRT,1.48,N,0.4,0.37,,,,,,firms,VIIRS,VIIRS_NOAA21_NRT
4.56918,103.45207,2025-11-10,1838,N21,n,2.0NRT,0.97,N,0.4,0.37,,,,,,firms,VIIRS,VIIRS_NOAA21_NRT
4.57599,103.44929,2025-11-10,1838,N21,n,2.0NRT,1.01,N,0.4,0.37,,,,,,firms,VIIRS,VIIRS_NOAA21_NRT
4.65886,103.37926,2025-11-10,1838,N21,n,2.0NRT,0.65,N,0.39,0.36,,,,,,firms,VIIRS,VIIRS_NOAA21_NRT
5.64807,104.97772,2025-11-10,1838,N21,n,2.0NRT,1.02,N,0.43,0.38,,,,,,firms,VIIRS,VIIRS_NOAA21_NRT
-1.57476,103.68407,2025-11-10,1840,N21,n,2.0NRT,0.67,N,0.45,0.39,,,,,,firms,VIIRS,VIIRS_NOAA21_NRT
-1.57183,103.68861,2025-11-10,1840,N21,n,2.0NRT,1.59,N,0.45,0.39,,,,,,firms,VIIRS,VIIRS_NOAA21_NRT
-1.46,101.57534,2025-11-10,1840,N21,n,2.0NRT,0.65,N,0.39,0.36,,,,,,firms,VIIRS,VIIRS_NOAA21_NRT
-0.48884,102.4789,2025-11-10,1840,N21,n,2.0NRT,0.41,N,0.4,0.37,,,,,,firms,VIIRS,VIIRS_NOAA21_NRT
-0.45304,103.14252,2025-11-10,1840,N21,n,2.0NRT,2.33,N,0.42,0.37,,,,,,firms,VIIRS,VIIRS_NOAA21_NRT
-0.45246,103.13881,2025-11-10,1840,N21,n,2.0NRT,2.33,N,0.42,0.37,,,,,,firms,VIIRS,VIIRS_NOAA21_NRT
-0.44904,103.13934,2025-11-10,1840,N21,n,2.0NRT,2.33,N,0.42,0.37,,,,,,firms,VIIRS,VIIRS_NOAA21_NRT
0.40225,109.11585,2025-11-10,1840,N21,n,2.0NRT,9.82,N,0.61,0.53,,,,,,firms,VIIRS,VIIRS_NOAA21_NRT
0.40394,109.11558,2025-11-10,1840,N21,n,2.0NRT,7.98,N,0.61,0.53,,,,,,firms,VIIRS,VIIRS_NOAA21_NRT
0.44383,101.89106,2025-11-10,1840,N21,n,2.0NRT,1.07,N,0.39,0.36,,,,,,firms,VIIRS,VIIRS_NOAA21_NRT
0.53634,101.36441,2025-11-10,1840,N21,n,2.0NRT,0.66,N,0.38,0.36,,,,,,firms,VIIRS,VIIRS_NOAA21_NRT
0.53687,101.36099,2025-11-10,1840,N21,n,2.0NRT,0.66,N,0.38,0.36,,,,,,firms,VIIRS,VIIRS_NOAA21_NRT
0.5391,101.36834,2025-11-10,1840,N21,n,2.0NRT,1.48,N,0.38,0.36,,,,,,firms,VIIRS,VIIRS_NOAA21_NRT
0.53963,101.36492,2025-11-10,1840,N21,n,2.0NRT,16.71,N,0.38,0.36,,,,,,firms,VIIRS,VIIRS_NOAA21_NRT
0.54017,101.3615,2025-11-10,1840,N21,n,2.0NRT,16.71,N,0.38,0.36,,,,,,firms,VIIRS,VIIRS_NOAA21_NRT
0.5424,101.36885,2025-11-10,1840,N21,n,2.0NRT,1.48,N,0.38,0.36,,,,,,firms,VIIRS,VIIRS_NOAA21_NRT
0.54293,101.36543,2025-11-10,1840,N21,n,2.0NRT,16.71,N,0.38,0.36,,,,,,firms,VIIRS,VIIRS_NOAA21_NRT
0.54347,101.362,2025-11-10,1840,N21,n,2.0NRT,16.71,N,0.38,0.36,,,,,,firms,VIIRS,VIIRS_NOAA21_NRT
0.544,101.35858,2025-11-10,1840,N21,n,2.0NRT,1.16,N,0.38,0.36,,,,,,firms,VIIRS,VIIRS_NOAA21_NRT
0.54715,101.36612,2025-11-10,1840,N21,n,2.0NRT,0.78,N,0.38,0.36,,,,,,firms,VIIRS,VIIRS_NOAA21_NRT
0.59356,100.32823,2025-11-10,1840,N21,n,2.0NRT,2.13,N,0.39,0.36,,,,,,firms,VIIRS,VIIRS_NOAA21_NRT
1.05085,100.27364,2025-11-10,1840,N21,n,2.0NRT,0.85,N,0.4,0.37,,,,,,firms,VIIRS,VIIRS_NOAA21_NRT
1.06046,101.06387,2025-11-10,1840,N21,n,2.0NRT,0.95,N,0.39,0.36,,,,,,firms,VIIRS,VIIRS_NOAA21_NRT
1.09832,101.03805,2025-11-10,1840,N21,n,2.0NRT,8.82,N,0.39,0.36,,,,,,firms,VIIRS,VIIRS_NOAA21_NRT
1.09885,101.03461,2025-11-10,1840,N21,n,2.0NRT,8.82,N,0.39,0.36,,,,,,firms,VIIRS,VIIRS_NOAA21_NRT
1.09939,101.03117,2025-11-10,1840,N21,n,2.0NRT,1.5,N,0.39,0.36,,,,,,firms,VIIRS,VIIRS_NOAA21_NRT
1.10108,101.04198,2025-11-10,1840,N21,n,2.0NRT,1.55,N,0.39,0.36,,,,,,firms,VIIRS,VIIRS_NOAA21_NRT
1.10162,101.03855,2025-11-10,1840,N21,n,2.0NRT,4.36,N,0.39,0.36,,,,,,firms,VIIRS,VIIRS_NOAA21_NRT
1.10216,101.03512,2025-11-10,1840,N21,n,2.0NRT,4.36,N,0.39,0.36,,,,,,firms,VIIRS,VIIRS_NOAA21_NRT
1.1027,101.03168,2025-11-10,1840,N21,n,2.0NRT,1.0,N,0.39,0.36,,,,,,firms,VIIRS,VIIRS_NOAA21_NRT
1.10323,101.02824,2025-11-10,1840,N21,n,2.0NRT,1.0,N,0.39,0.36,,,,,,firms,VIIRS,VIIRS_NOAA21_NRT
1.10377,101.02481,2025-11-10,1840,N21,n,2.0NRT,3.48,N,0.39,0.36,,,,,,firms,VIIRS,VIIRS_NOAA21_NRT
1.106,101.03219,2025-11-10,1840,N21,n,2.0NRT,1.0,N,0.39,0.36,,,,,,firms,VIIRS,VIIRS_NOAA21_NRT
1.10654,101.02875,2025-11-10,1840,N21,n,2.0NRT,1.0,N,0.39,0.36,,,,,,firms,VIIRS,VIIRS_NOAA21_NRT
1.10707,101.02531,2025-11-10,1840,N21,n,2.0NRT,3.48,N,0.39,0.36,,,,,,firms,VIIRS,VIIRS_NOAA21_NRT
1.10761,101.02188,2025-11-10,1840,N21,n,2.0NRT,3.48,N,0.39,0.36,,,,,,firms,VIIRS,VIIRS_NOAA21_NRT
1.10769,101.04301,2025-11-10,1840,N21,n,2.0NRT,0.98,N,0.39,0.36,,,,,,firms,VIIRS,VIIRS_NOAA21_NRT
1.10822,101.03957,2025-11-10,1840,N21,n,2.0NRT,1.2,N,0.39,0.36,,,,,,firms,VIIRS,VIIRS_NOAA21_NRT
1.10876,101.03613,2025-11-10,1840,N21,n,2.0NRT,1.2,N,0.39,0.36,,,,,,firms,VIIRS,VIIRS_NOAA21_NRT
1.1093,101.0327,2025-11-10,1840,N21,n,2.0NRT,0.74,N,0.39,0.36,,,,,,firms,VIIRS,VIIRS_NOAA21_NRT
1.10984,101.02926,2025-11-10,1840,N21,n,2.0NRT,0.74,N,0.39,0.36,,,,,,firms,VIIRS,VIIRS_NOAA21_NRT
1.11038,101.02583,2025-11-10,1840,N21,n,2.0NRT,1.03,N,0.39,0.36,,,,,,firms,VIIRS,VIIRS_NOAA21_NRT
1.11099,101.04351,2025-11-10,1840,N21,n,2.0NRT,0.98,N,0.39,0.36,,,,,,firms,VIIRS,VIIRS_NOAA21_NRT
1.11153,101.04008,2025-11-10,1840,N21,n,2.0NRT,1.2,N,0.39,0.36,,,,,,firms,VIIRS,VIIRS_NOAA21_NRT
1.11206,101.03664,2025-11-10,1840,N21,n,2.0NRT,1.2,N,0.39,0.36,,,,,,firms,VIIRS,VIIRS_NOAA21_NRT
1.1126,101.0332,2025-11-10,1840,N21,n,2.0NRT,0.74,N,0.39,0.36,,,,,,firms,VIIRS,VIIRS_NOAA21_NRT
1.11314,101.02977,2025-11-10,1840,N21,n,2.0NRT,0.74,N,0.39,0.36,,,,,,firms,VIIRS,VIIRS_NOAA21_NRT
1.11429,101.04401,2025-11-10,1840,N21,n,2.0NRT,4.32,N,0.39,0.36,,,,,,firms,VIIRS,VIIRS_NOAA21_NRT
1.11483,101.04058,2025-11-10,1840,N21,n,2.0NRT,2.04,N,0.39,0.36,,,,,,firms,VIIRS,VIIRS_NOAA21_NRT
1.11537,101.03715,2025-11-10,1840,N21,n,2.0NRT,2.04,N,0.39,0.36,,,,,,firms,VIIRS,VIIRS_NOAA21_NRT
1.11591,101.03371,2025-11-10,1840,N21,n,2.0NRT,0.43,N,0.39,0.36,,,,,,firms,VIIRS,VIIRS_NOAA21_NRT
1.12165,101.10492,2025-11-10,1840,N21,n,2.0NRT,0.64,N,0.39,0.36,,,,,,firms,VIIRS,VIIRS_NOAA21_NRT
1.12218,101.10149,2025-11-10,1840,N21,n,2.0NRT,0.64,N,0.39,0.36,,,,,,firms,VIIRS,VIIRS_NOAA21_NRT
1.12441,101.10886,2025-11-10,1840,N21,n,2.0NRT,1.4,N,0.39,0.36,,,,,,firms,VIIRS,VIIRS_NOAA21_NRT
1.12495,101.10543,2025-11-10,1840,N21,n,2.0NRT,1.0,N,0.39,0.36,,,,,,firms,VIIRS,VIIRS_NOAA21_NRT
1.12549,101.102,2025-11-10,1840,N21,n,2.0NRT,1.0,N,0.39,0.36,,,,,,firms,VIIRS,VIIRS_NOAA21_NRT
1.12825,101.10593,2025-11-10,1840,N21,n,2.0NRT,1.0,N,0.39,0.36,,,,,,firms,VIIRS,VIIRS_NOAA21_NRT
1.12879,101.10251,2025-11-10,1840,N21,n,2.0NRT,1.0,N,0.39,0.36,,,,,,firms,VIIRS,VIIRS_NOAA21_NRT
1.28172,103.63315,2025-11-10,1840,N21,n,2.0NRT,2.46,N,0.42,0.38,,,,,,firms,VIIRS,VIIRS_NOAA21_NRT
1.32008,101.03444,2025-11-10,1840,N21,n,2.0NRT,1.35,N,0.39,0.36,,,,,,firms,VIIRS,VIIRS_NOAA21_NRT
1.35358,100.64668,2025-11-10,1840,N21,n,2.0NRT,1.94,N,0.39,0.36,,,,,,firms,VIIRS,VIIRS_NOAA21_NRT
1.3569,100.64719,2025-11-10,1840,N21,n,2.0NRT,1.94,N,0.39,0.36,,,,,,firms,VIIRS,VIIRS_NOAA21_NRT
1.38575,100.6801,2025-11-10,1840,N21,n,2.0NRT,1.3,N,0.39,0.36,,,,,,firms,VIIRS,VIIRS_NOAA21_NRT
1.38907,100.68062,2025-11-10,1840,N21,n,2.0NRT,1.94,N,0.39,0.36,,,,,,firms,VIIRS,VIIRS_NOAA21_NRT
1.39185,100.6846,2025-11-10,1840,N21,n,2.0NRT,1.99,N,0.39,0.36,,,,,,firms,VIIRS,VIIRS_NOAA21_NRT
1.62796,101.46217,2025-11-10,1840,N21,n,2.0NRT,1.35,N,0.38,0.36,,,,,,firms,VIIRS,VIIRS_NOAA21_NRT
1.62849,101.45875,2025-11-10,1840,N21,n,2.0NRT,1.78,N,0.38,0.36,,,,,,firms,VIIRS,VIIRS_NOAA21_NRT
1.63126,101.46268,2025-11-10,1840,N21,n,2.0NRT,1.35,N,0.38,0.36,,,,,,firms,VIIRS,VIIRS_NOAA21_NRT
1.63179,101.45926,2025-11-10,1840,N21,n,2.0NRT,1.78,N,0.38,0.36,,,,,,firms,VIIRS,VIIRS_NOAA21_NRT
1.67304,101.47614,2025-11-10,1840,N21,n,2.0NRT,1.04,N,0.38,0.36,,,,,,firms,VIIRS,VIIRS_NOAA21_NRT
1.86958,102.9129,2025-11-10,1840,N21,n,2.0NRT,0.92,N,0.4,0.37,,,,,,firms,VIIRS,VIIRS_NOAA21_NRT
2.15726,102.33975,2025-11-10,1840,N21,n,2.0NRT,0.61,N,0.39,0.36,,,,,,firms,VIIRS,VIIRS_NOAA21_NRT
2.54225,102.40006,2025-11-10,1840,N21,n,2.0NRT,4.48,N,0.39,0.36,,,,,,firms,VIIRS,VIIRS_NOAA21_NRT
-9.97278,124.46632,2025-11-11,537,N21,n,2.0NRT,4.01,D,0.44,0.46,,,,,,firms,VIIRS,VIIRS_NOAA21_NRT
-9.65553,124.68635,2025-11-11,537,N21,n,2.0NRT,6.55,D,0.46,0.47,,,,,,firms,VIIRS,VIIRS_NOAA21_NRT
-9.6481,124.43389,2025-11-11,537,N21,n,2.0NRT,2.17,D,0.45,0.47,,,,,,firms,VIIRS,VIIRS_NOAA21_NRT
-9.55089,119.73456,2025-11-11,537,N21,n,2.0NRT,4.6,D,0.4,0.37,,,,,,firms,VIIRS,VIIRS_NOAA21_NRT
-9.41067,119.60549,2025-11-11,537,N21,n,2.0NRT,1.82,D,0.4,0.37,,,,,,firms,VIIRS,VIIRS_NOAA21_NRT
-9.4042,119.411,2025-11-11,537,N21,n,2.0NRT,5.19,D,0.39,0.36,,,,,,firms,VIIRS,VIIRS_NOAA21_NRT
-9.16907,125.5491,2025-11-11,537,N21,n,2.0NRT,29.61,D,0.54,0.51,,,,,,firms,VIIRS,VIIRS_NOAA21_NRT
-9.16818,125.54704,2025-11-11,537,N21,n,2.0NRT,37.52,D,0.54,0.51,,,,,,firms,VIIRS,VIIRS_NOAA21_NRT
-8.80999,120.80264,2025-11-11,537,N21,n,2.0NRT,3.69,D,0.43,0.38,,,,,,firms,VIIRS,VIIRS_NOAA21_NRT
-8.36237,120.01917,2025-11-11,537,N21,l,2.0NRT,7.61,D,0.41,0.37,,,,,,firms,VIIRS,VIIRS_NOAA21_NRT
-2.08002,111.95708,2025-11-11,540,N21,n,2.0NRT,4.56,D,0.57,0.43,,,,,,firms,VIIRS,VIIRS_NOAA21_NRT
-1.90545,111.72933,2025-11-11,540,N21,n,2.0NRT,2.43,D,0.39,0.44,,,,,,firms,VIIRS,VIIRS_NOAA21_NRT
-1.35191,113.32428,2025-11-11,540,N21,n,2.0NRT,20.79,D,0.47,0.4,,,,,,firms,VIIRS,VIIRS_NOAA21_NRT
-0.98766,115.3683,2025-11-11,540,N21,n,2.0NRT,24.6,D,0.39,0.36,,,,,,firms,VIIRS,VIIRS_NOAA21_NRT
-0.78801,115.11707,2025-11-11,540,N21,n,2.0NRT,24.81,D,0.4,0.37,,,,,,firms,VIIRS,VIIRS_NOAA21_NRT
-0.68133,115.8587,2025-11-11,540,N21,n,2.0NRT,41.65,D,0.39,0.36,,,,,,firms,VIIRS,VIIRS_NOAA21_NRT
-0.67755,115.9498,2025-11-11,540,N21,n,2.0NRT,2.65,D,0.39,0.36,,,,,,firms,VIIRS,VIIRS_NOAA21_NRT
-0.66785,115.90253,2025-11-11,540,N21,n,2.0NRT,5.53,D,0.39,0.36,,,,,,firms,VIIRS,VIIRS_NOAA21_NRT
-0.66733,115.90599,2025-11-11,540,N21,n,2.0NRT,5.53,D,0.39,0.36,,,,,,firms,VIIRS,VIIRS_NOAA21_NRT
-0.66455,115.90204,2025-11-11,540,N21,n,2.0NRT,5.53,D,0.39,0.36,,,,,,firms,VIIRS,VIIRS_NOAA21_NRT
-0.66402,115.90548,2025-11-11,540,N21,n,2.0NRT,5.53,D,0.39,0.36,,,,,,firms,VIIRS,VIIRS_NOAA21_NRT
-0.60281,114.42551,2025-11-11,540,N21,n,2.0NRT,1.52,D,0.42,0.37,,,,,,firms,VIIRS,VIIRS_NOAA21_NRT
-0.60064,115.89944,2025-11-11,540,N21,n,2.0NRT,11.94,D,0.39,0.36,,,,,,firms,VIIRS,VIIRS_NOAA21_NRT
-0.59733,115.89894,2025-11-11,540,N21,n,2.0NRT,11.94,D,0.39,0.36,,,,,,firms,VIIRS,VIIRS_NOAA21_NRT
-0.55494,116.01841,2025-11-11,540,N21,n,2.0NRT,10.34,D,0.39,0.36,,,,,,firms,VIIRS,VIIRS_NOAA21_NRT
-0.55163,116.01791,2025-11-11,540,N21,n,2.0NRT,10.34,D,0.39,0.36,,,,,,firms,VIIRS,VIIRS_NOAA21_NRT
-0.55111,116.02135,2025-11-11,540,N21,n,2.0NRT,10.34,D,0.39,0.36,,,,,,firms,VIIRS,VIIRS_NOAA21_NRT
-0.55058,116.0248,2025-11-11,540,N21,n,2.0NRT,15.1,D,0.39,0.36,,,,,,firms,VIIRS,VIIRS_NOAA21_NRT
-0.54833,116.01742,2025-11-11,540,N21,n,2.0NRT,127.75,D,0.39,0.36,,,,,,firms,VIIRS,VIIRS_NOAA21_NRT
-0.54728,116.02428,2025-11-11,540,N21,n,2.0NRT,78.55,D,0.39,0.36,,,,,,firms,VIIRS,VIIRS_NOAA21_NRT
-0.54479,115.90779,2025-11-11,540,N21,n,2.0NRT,6.63,D,0.39,0.36,,,,,,firms,VIIRS,VIIRS_NOAA21_NRT
-0.5445,116.02036,2025-11-11,540,N21,n,2.0NRT,127.75,D,0.39,0.36,,,,,,firms,VIIRS,VIIRS_NOAA21_NRT
-0.54398,116.0238,2025-11-11,540,N21,n,2.0NRT,78.55,D,0.39,0.36,,,,,,firms,VIIRS,VIIRS_NOAA21_NRT
-0.51407,115.77618,2025-11-11,540,N21,n,2.0NRT,7.58,D,0.39,0.36,,,,,,firms,VIIRS,VIIRS_NOAA21_NRT
-0.21889,109.96133,2025-11-11,540,N21,n,2.0NRT,9.45,D,0.48,0.48,,,,,,firms,VIIRS,VIIRS_NOAA21_NRT
0.06532,109.99165,2025-11-11,540,N21,n,2.0NRT,3.52,D,0.48,0.48,,,,,,firms,VIIRS,VIIRS_NOAA21_NRT
0.13805,116.81683,2025-11-11,540,N21,n,2.0NRT,2.69,D,0.39,0.36,,,,,,firms,VIIRS,VIIRS_NOAA21_NRT
0.13843,110.20621,2025-11-11,540,N21,n,2.0NRT,9.51,D,0.46,0.47,,,,,,firms,VIIRS,VIIRS_NOAA21_NRT
0.14136,116.81635,2025-11-11,540,N21,n,2.0NRT,2.69,D,0.39,0.36,,,,,,firms,VIIRS,VIIRS_NOAA21_NRT
0.14362,116.80894,2025-11-11,540,N21,n,2.0NRT,2.6,D,0.39,0.36,,,,,,firms,VIIRS,VIIRS_NOAA21_NRT
0.27693,116.3232,2025-11-11,540,N21,n,2.0NRT,3.95,D,0.38,0.36,,,,,,firms,VIIRS,VIIRS_NOAA21_NRT
0.28023,116.32271,2025-11-11,540,N21,n,2.0NRT,6.74,D,0.38,0.36,,,,,,firms,VIIRS,VIIRS_NOAA21_NRT
0.28433,116.2169,2025-11-11,540,N21,n,2.0NRT,2.37,D,0.38,0.36,,,,,,firms,VIIRS,VIIRS_NOAA21_NRT
0.33672,110.71064,2025-11-11,540,N21,n,2.0NRT,3.68,D,0.42,0.45,,,,,,firms,VIIRS,VIIRS_NOAA21_NRT
0.45516,121.79575,2025-11-11,540,N21,n,2.0NRT,3.28,D,0.43,0.46,,,,,,firms,VIIRS,VIIRS_NOAA21_NRT
0.50958,117.22502,2025-11-11,540,N21,n,2.0NRT,5.01,D,0.39,0.36,,,,,,firms,VIIRS,VIIRS_NOAA21_NRT
0.54058,122.50499,2025-11-11,540,N21,n,2.0NRT,9.23,D,0.48,0.48,,,,,,firms,VIIRS,VIIRS_NOAA21_NRT
0.54962,122.41615,2025-11-11,540,N21,n,2.0NRT,18.82,D,0.48,0.48,,,,,,firms,VIIRS,VIIRS_NOAA21_NRT
0.56185,122.46694,2025-11-11,540,N21,n,2.0NRT,18.32,D,0.48,0.48,,,,,,firms,VIIRS,VIIRS_NOAA21_NRT
0.65814,116.81623,2025-11-11,540,N21,n,2.0NRT,5.2,D,0.39,0.36,,,,,,firms,VIIRS,VIIRS_NOAA21_NRT
0.7396,116.72531,2025-11-11,540,N21,n,2.0NRT,2.11,D,0.39,0.36,,,,,,firms,VIIRS,VIIRS_NOAA21_NRT
0.80123,117.15374,2025-11-11,540,N21,n,2.0NRT,2.28,D,0.39,0.36,,,,,,firms,VIIRS,VIIRS_NOAA21_NRT
0.80282,116.91784,2025-11-11,540,N21,n,2.0NRT,3.55,D,0.39,0.36,,,,,,firms,VIIRS,VIIRS_NOAA21_NRT
0.82177,117.24427,2025-11-11,540,N21,n,2.0NRT,13.11,D,0.39,0.37,,,,,,firms,VIIRS,VIIRS_NOAA21_NRT
0.84015,116.96199,2025-11-11,540,N21,n,2.0NRT,2.26,D,0.39,0.36,,,,,,firms,VIIRS,VIIRS_NOAA21_NRT
0.84201,117.01868,2025-11-11,540,N21,n,2.0NRT,11.33,D,0.39,0.36,,,,,,firms,VIIRS,VIIRS_NOAA21_NRT
1.03007,117.00381,2025-11-11,540,N21,n,2.0NRT,9.69,D,0.39,0.36,,,,,,firms,VIIRS,VIIRS_NOAA21_NRT
1.08589,117.12379,2025-11-11,540,N21,n,2.0NRT,6.58,D,0.39,0.36,,,,,,firms,VIIRS,VIIRS_NOAA21_NRT
1.31488,121.00911,2025-11-11,540,N21,n,2.0NRT,2.78,D,0.4,0.44,,,,,,firms,VIIRS,VIIRS_NOAA21_NRT
1.3189,121.00847,2025-11-11,540,N21,n,2.0NRT,2.67,D,0.4,0.44,,,,,,firms,VIIRS,VIIRS_NOAA21_NRT
1.32781,117.97141,2025-11-11,540,N21,n,2.0NRT,2.71,D,0.42,0.37,,,,,,firms,VIIRS,VIIRS_NOAA21_NRT
1.37308,117.06894,2025-11-11,540,N21,n,2.0NRT,4.73,D,0.39,0.36,,,,,,firms,VIIRS,VIIRS_NOAA21_NRT
1.46072,117.2617,2025-11-11,540,N21,n,2.0NRT,12.31,D,0.4,0.37,,,,,,firms,VIIRS,VIIRS_NOAA21_NRT
1.48478,117.2683,2025-11-11,540,N21,n,2.0NRT,15.74,D,0.4,0.37,,,,,,firms,VIIRS,VIIRS_NOAA21_NRT
1.50743,117.21407,2025-11-11,540,N21,n,2.0NRT,22.55,D,0.4,0.37,,,,,,firms,VIIRS,VIIRS_NOAA21_NRT
1.50818,118.14421,2025-11-11,540,N21,n,2.0NRT,6.31,D,0.42,0.38,,,,,,firms,VIIRS,VIIRS_NOAA21_NRT
1.51163,118.14369,2025-11-11,540,N21,n,2.0NRT,6.31,D,0.42,0.38,,,,,,firms,VIIRS,VIIRS_NOAA21_NRT
1.51674,118.20113,2025-11-11,540,N21,n,2.0NRT,10.05,D,0.43,0.38,,,,,,firms,VIIRS,VIIRS_NOAA21_NRT
1.5174,118.13513,2025-11-11,540,N21,n,2.0NRT,5.27,D,0.42,0.38,,,,,,firms,VIIRS,VIIRS_NOAA21_NRT
1.52078,118.2044,2025-11-11,540,N21,n,2.0NRT,4.7,D,0.43,0.38,,,,,,firms,VIIRS,VIIRS_NOAA21_NRT
1.56736,118.00071,2025-11-11,540,N21,n,2.0NRT,3.38,D,0.42,0.38,,,,,,firms,VIIRS,VIIRS_NOAA21_NRT
1.67079,117.19609,2025-11-11,540,N21,n,2.0NRT,3.94,D,0.4,0.37,,,,,,firms,VIIRS,VIIRS_NOAA21_NRT
1.94622,117.21583,2025-11-11,540,N21,n,2.0NRT,5.11,D,0.4,0.37,,,,,,firms,VIIRS,VIIRS_NOAA21_NRT
1.96065,117.2429,2025-11-11,540,N21,n,2.0NRT,4.4,D,0.4,0.37,,,,,,firms,VIIRS,VIIRS_NOAA21_NRT
1.96401,117.24239,2025-11-11,540,N21,n,2.0NRT,7.72,D,0.4,0.37,,,,,,firms,VIIRS,VIIRS_NOAA21_NRT
1.99388,117.50667,2025-11-11,540,N21,n,2.0NRT,5.04,D,0.41,0.37,,,,,,firms,VIIRS,VIIRS_NOAA21_NRT
1.99837,117.51344,2025-11-11,540,N21,n,2.0NRT,5.66,D,0.41,0.37,,,,,,firms,VIIRS,VIIRS_NOAA21_NRT
2.00176,117.51292,2025-11-11,540,N21,n,2.0NRT,5.66,D,0.41,0.37,,,,,,firms,VIIRS,VIIRS_NOAA21_NRT
2.01922,117.53641,2025-11-11,540,N21,n,2.0NRT,3.67,D,0.41,0.37,,,,,,firms,VIIRS,VIIRS_NOAA21_NRT
2.06409,117.45879,2025-11-11,540,N21,n,2.0NRT,8.1,D,0.41,0.37,,,,,,firms,VIIRS,VIIRS_NOAA21_NRT
2.06463,117.46241,2025-11-11,540,N21,n,2.0NRT,5.66,D,0.41,0.37,,,,,,firms,VIIRS,VIIRS_NOAA21_NRT
2.06747,117.45827,2025-11-11,540,N21,n,2.0NRT,8.1,D,0.41,0.37,,,,,,firms,VIIRS,VIIRS_NOAA21_NRT
2.23949,117.55469,2025-11-11,540,N21,n,2.0NRT,2.51,D,0.41,0.37,,,,,,firms,VIIRS,VIIRS_NOAA21_NRT
2.24288,117.55417,2025-11-11,540,N21,n,2.0NRT,3.42,D,0.41,0.37,,,,,,firms,VIIRS,VIIRS_NOAA21_NRT
2.5001,117.79152,2025-11-11,540,N21,n,2.0NRT,6.85,D,0.42,0.38,,,,,,firms,VIIRS,VIIRS_NOAA21_NRT
3.06218,113.41353,2025-11-11,540,N21,n,2.0NRT,89.77,D,0.42,0.38,,,,,,firms,VIIRS,VIIRS_NOAA21_NRT
3.12857,116.47372,2025-11-11,540,N21,n,2.0NRT,5.5,D,0.39,0.36,,,,,,firms,VIIRS,VIIRS_NOAA21_NRT
3.25783,113.09157,2025-11-11,540,N21,n,2.0NRT,4.04,D,0.43,0.38,,,,,,firms,VIIRS,VIIRS_NOAA21_NRT
3.27634,113.07301,2025-11-11,540,N21,n,2.0NRT,5.34,D,0.43,0.38,,,,,,firms,VIIRS,VIIRS_NOAA21_NRT
3.28509,113.08348,2025-11-11,540,N21,n,2.0NRT,4.35,D,0.43,0.38,,,,,,firms,VIIRS,VIIRS_NOAA21_NRT
3.28857,113.08292,2025-11-11,540,N21,n,2.0NRT,4.35,D,0.43,0.38,,,,,,firms,VIIRS,VIIRS_NOAA21_NRT
3.60435,112.40974,2025-11-11,542,N21,n,2.0NRT,3.91,D,0.46,0.39,,,,,,firms,VIIRS,VIIRS_NOAA21_NRT
4.74085,113.72805,2025-11-11,542,N21,n,2.0NRT,2.35,D,0.4,0.37,,,,,,firms,VIIRS,VIIRS_NOAA21_NRT
5.2071,116.32732,2025-11-11,542,N21,n,2.0NRT,3.76,D,0.4,0.37,,,,,,firms,VIIRS,VIIRS_NOAA21_NRT
5.20764,116.33086,2025-11-11,542,N21,n,2.0NRT,3.76,D,0.4,0.37,,,,,,firms,VIIRS,VIIRS_NOAA21_NRT
5.25113,116.43695,2025-11-11,542,N21,n,2.0NRT,3.89,D,0.4,0.37,,,,,,firms,VIIRS,VIIRS_NOAA21_NRT
5.2643,116.16634,2025-11-11,542,N21,n,2.0NRT,28.07,D,0.39,0.36,,,,,,firms,VIIRS,VIIRS_NOAA21_NRT
5.26763,116.16583,2025-11-11,542,N21,n,2.0NRT,4.4,D,0.39,0.36,,,,,,firms,VIIRS,VIIRS_NOAA21_NRT
5.42425,115.51826,2025-11-11,542,N21,n,2.0NRT,5.81,D,0.39,0.36,,,,,,firms,VIIRS,VIIRS_NOAA21_NRT
5.61797,114.89153,2025-11-11,542,N21,n,2.0NRT,2.18,D,0.38,0.36,,,,,,firms,VIIRS,VIIRS_NOAA21_NRT
0.53597,101.35693,2025-11-11,722,N21,n,2.0NRT,12.01,D,0.47,0.64,,,,,,firms,VIIRS,VIIRS_NOAA21_NRT
0.53716,101.3566,2025-11-11,722,N21,n,2.0NRT,11.9,D,0.47,0.64,,,,,,firms,VIIRS,VIIRS_NOAA21_NRT
0.53783,101.36084,2025-11-11,722,N21,n,2.0NRT,11.9,D,0.47,0.64,,,,,,firms,VIIRS,VIIRS_NOAA21_NRT
0.54185,101.35604,2025-11-11,722,N21,n,2.0NRT,12.01,D,0.47,0.64,,,,,,firms,VIIRS,VIIRS_NOAA21_NRT
1.39715,100.68527,2025-11-11,722,N21,n,2.0NRT,6.89,D,0.44,0.62,,,,,,firms,VIIRS,VIIRS_NOAA21_NRT
-1.56155,127.42602,2025-11-11,1639,N21,n,2.0NRT,4.0,N,0.49,0.4,,,,,,firms,VIIRS,VIIRS_NOAA21_NRT
-1.45836,127.43681,2025-11-11,1639,N21,n,2.0NRT,28.0,N,0.49,0.4,,,,,,firms,VIIRS,VIIRS_NOAA21_NRT
0.4802,128.00589,2025-11-11,1639,N21,n,2.0NRT,1.13,N,0.48,0.4,,,,,,firms,VIIRS,VIIRS_NOAA21_NRT
0.49085,127.98576,2025-11-11,1639,N21,n,2.0NRT,3.17,N,0.48,0.4,,,,,,firms,VIIRS,VIIRS_NOAA21_NRT
0.50873,127.89565,2025-11-11,1639,N21,n,2.0NRT,1.35,N,0.49,0.4,,,,,,firms,VIIRS,VIIRS_NOAA21_NRT
0.51242,127.89618,2025-11-11,1639,N21,n,2.0NRT,1.63,N,0.49,0.4,,,,,,firms,VIIRS,VIIRS_NOAA21_NRT
1.49342,127.62919,2025-11-11,1639,N21,n,2.0NRT,5.37,N,0.52,0.41,,,,,,firms,VIIRS,VIIRS_NOAA21_NRT
1.49723,127.62959,2025-11-11,1639,N21,n,2.0NRT,5.37,N,0.52,0.41,,,,,,firms,VIIRS,VIIRS_NOAA21_NRT
1.51468,127.937,2025-11-11,1639,N21,n,2.0NRT,2.09,N,0.5,0.41,,,,,,firms,VIIRS,VIIRS_NOAA21_NRT
1.51635,127.94004,2025-11-11,1639,N21,n,2.0NRT,1.32,N,0.5,0.41,,,,,,firms,VIIRS,VIIRS_NOAA21_NRT
2.77959,125.40406,2025-11-11,1639,N21,n,2.0NRT,3.46,N,0.5,0.49,,,,,,firms,VIIRS,VIIRS_NOAA21_NRT
2.78327,125.40018,2025-11-11,1639,N21,n,2.0NRT,3.57,N,0.5,0.49,,,,,,firms,VIIRS,VIIRS_NOAA21_NRT
-3.87289,122.40497,2025-11-11,1641,N21,n,2.0NRT,2.39,N,0.63,0.54,,,,,,firms,VIIRS,VIIRS_NOAA21_NRT
-3.87193,122.39937,2025-11-11,1641,N21,n,2.0NRT,2.39,N,0.63,0.54,,,,,,firms,VIIRS,VIIRS_NOAA21_NRT
-3.87176,122.40675,2025-11-11,1641,N21,n,2.0NRT,2.95,N,0.63,0.54,,,,,,firms,VIIRS,VIIRS_NOAA21_NRT
-3.87097,122.39377,2025-11-11,1641,N21,n,2.0NRT,1.77,N,0.63,0.54,,,,,,firms,VIIRS,VIIRS_NOAA21_NRT
-3.87084,122.40115,2025-11-11,1641,N21,n,2.0NRT,2.17,N,0.63,0.54,,,,,,firms,VIIRS,VIIRS_NOAA21_NRT
-3.86992,122.39553,2025-11-11,1641,N21,n,2.0NRT,2.17,N,0.63,0.54,,,,,,firms,VIIRS,VIIRS_NOAA21_NRT
-0.70757,117.06187,2025-11-11,1819,N21,n,2.0NRT,1.16,N,0.53,0.67,,,,,,firms,VIIRS,VIIRS_NOAA21_NRT
0.10906,117.47047,2025-11-11,1819,N21,n,2.0NRT,2.98,N,0.55,0.68,,,,,,firms,VIIRS,VIIRS_NOAA21_NRT
4.55572,103.45766,2025-11-11,1819,N21,n,2.0NRT,1.1,N,0.48,0.4,,,,,,firms,VIIRS,VIIRS_NOAA21_NRT
5.03037,102.95541,2025-11-11,1819,N21,n,2.0NRT,0.51,N,0.52,0.42,,,,,,firms,VIIRS,VIIRS_NOAA21_NRT
5.37196,104.89672,2025-11-11,1819,N21,n,2.0NRT,1.21,N,0.43,0.38,,,,,,firms,VIIRS,VIIRS_NOAA21_NRT
5.50276,105.20865,2025-11-11,1819,N21,n,2.0NRT,1.23,N,0.42,0.37,,,,,,firms,VIIRS,VIIRS_NOAA21_NRT
5.58614,104.47451,2025-11-11,1819,N21,n,2.0NRT,2.3,N,0.44,0.39,,,,,,firms,VIIRS,VIIRS_NOAA21_NRT
5.61664,114.89005,2025-11-11,1819,N21,n,2.0NRT,2.92,N,0.59,0.53,,,,,,firms,VIIRS,VIIRS_NOAA21_NRT
5.64668,104.97985,2025-11-11,1819,N21,n,2.0NRT,1.97,N,0.42,0.38,,,,,,firms,VIIRS,VIIRS_NOAA21_NRT
-7.90291,115.4192,2025-11-11,1821,N21,n,2.0NRT,3.39,N,0.52,0.67,,,,,,firms,VIIRS,VIIRS_NOAA21_NRT
-7.90228,115.41454,2025-11-11,1821,N21,n,2.0NRT,3.39,N,0.52,0.67,,,,,,firms,VIIRS,VIIRS_NOAA21_NRT
-7.90165,115.40988,2025-11-11,1821,N21,n,2.0NRT,5.58,N,0.52,0.67,,,,,,firms,VIIRS,VIIRS_NOAA21_NRT
-2.06265,115.57156,2025-11-11,1821,N21,n,2.0NRT,1.01,N,0.44,0.62,,,,,,firms,VIIRS,VIIRS_NOAA21_NRT
-1.89745,115.86079,2025-11-11,1821,N21,n,2.0NRT,1.14,N,0.46,0.63,,,,,,firms,VIIRS,VIIRS_NOAA21_NRT
-1.89169,115.86176,2025-11-11,1821,N21,n,2.0NRT,4.26,N,0.46,0.63,,,,,,firms,VIIRS,VIIRS_NOAA21_NRT
-8.02339,138.80241,2025-11-12,338,N21,n,2.0NRT,2.08,D,0.39,0.59,,,,,,firms,VIIRS,VIIRS_NOAA21_NRT
-10.05478,124.38027,2025-11-12,518,N21,n,2.0NRT,7.44,D,0.39,0.36,,,,,,firms,VIIRS,VIIRS_NOAA21_NRT
-10.05401,124.0134,2025-11-12,518,N21,n,2.0NRT,4.28,D,0.39,0.36,,,,,,firms,VIIRS,VIIRS_NOAA21_NRT
-8.16679,124.71207,2025-11-12,518,N21,n,2.0NRT,3.78,D,0.41,0.37,,,,,,firms,VIIRS,VIIRS_NOAA21_NRT
-5.30496,123.63731,2025-11-12,520,N21,n,2.0NRT,13.86,D,0.4,0.37,,,,,,firms,VIIRS,VIIRS_NOAA21_NRT
-4.69228,123.13282,2025-11-12,520,N21,n,2.0NRT,7.46,D,0.39,0.36,,,,,,firms,VIIRS,VIIRS_NOAA21_NRT
-4.50517,122.89087,2025-11-12,520,N21,n,2.0NRT,3.21,D,0.39,0.36,,,,,,firms,VIIRS,VIIRS_NOAA21_NRT
-2.83188,122.16534,2025-11-12,520,N21,n,2.0NRT,4.4,D,0.39,0.36,,,,,,firms,VIIRS,VIIRS_NOAA21_NRT
-2.83029,122.17567,2025-11-12,520,N21,n,2.0NRT,10.65,D,0.39,0.36,,,,,,firms,VIIRS,VIIRS_NOAA21_NRT
-2.82553,122.16026,2025-11-12,520,N21,n,2.0NRT,5.05,D,0.39,0.36,,,,,,firms,VIIRS,VIIRS_NOAA21_NRT
-2.82328,122.15284,2025-11-12,520,N21,n,2.0NRT,1.91,D,0.39,0.36,,,,,,firms,VIIRS,VIIRS_NOAA21_NRT
-1.72243,115.26069,2025-11-12,520,N21,n,2.0NRT,10.42,D,0.47,0.48,,,,,,firms,VIIRS,VIIRS_NOAA21_NRT
-1.45613,127.43447,2025-11-12,520,N21,n,2.0NRT,5.97,D,0.46,0.47,,,,,,firms,VIIRS,VIIRS_NOAA21_NRT
-1.45554,127.43823,2025-11-12,520,N21,n,2.0NRT,5.97,D,0.46,0.47,,,,,,firms,VIIRS,VIIRS_NOAA21_NRT
0.53667,122.38168,2025-11-12,522,N21,n,2.0NRT,10.07,D,0.4,0.37,,,,,,firms,VIIRS,VIIRS_NOAA21_NRT
1.49753,111.42701,2025-11-12,522,N21,n,2.0NRT,1.66,D,0.38,0.59,,,,,,firms,VIIRS,VIIRS_NOAA21_NRT
2.70715,117.70641,2025-11-12,522,N21,n,2.0NRT,5.98,D,0.44,0.39,,,,,,firms,VIIRS,VIIRS_NOAA21_NRT
0.19913,100.79888,2025-11-12,703,N21,n,2.0NRT,71.66,D,0.4,0.45,,,,,,firms,VIIRS,VIIRS_NOAA21_NRT
0.19924,100.79922,2025-11-12,703,N21,n,2.0NRT,66.09,D,0.4,0.45,,,,,,firms,VIIRS,VIIRS_NOAA21_NRT
0.57967,100.51117,2025-11-12,703,N21,n,2.0NRT,8.94,D,0.39,0.44,,,,,,firms,VIIRS,VIIRS_NOAA21_NRT
1.10027,101.04135,2025-11-12,703,N21,n,2.0NRT,6.18,D,0.43,0.46,,,,,,firms,VIIRS,VIIRS_NOAA21_NRT
1.10121,101.04123,2025-11-12,703,N21,n,2.0NRT,6.51,D,0.43,0.46,,,,,,firms,VIIRS,VIIRS_NOAA21_NRT
1.10867,101.04008,2025-11-12,703,N21,n,2.0NRT,8.4,D,0.43,0.46,,,,,,firms,VIIRS,VIIRS_NOAA21_NRT
1.10961,101.03996,2025-11-12,703,N21,n,2.0NRT,4.52,D,0.43,0.46,,,,,,firms,VIIRS,VIIRS_NOAA21_NRT
1.63616,99.70224,2025-11-12,703,N21,n,2.0NRT,3.53,D,0.54,0.42,,,,,,firms,VIIRS,VIIRS_NOAA21_NRT
2.0123,99.24766,2025-11-12,703,N21,n,2.0NRT,2.97,D,0.52,0.41,,,,,,firms,VIIRS,VIIRS_NOAA21_NRT
-8.27077,123.50317,2025-11-12,1624,N21,n,2.0NRT,1.99,N,0.47,0.64,,,,,,firms,VIIRS,VIIRS_NOAA21_NRT
-3.90176,122.41826,2025-11-12,1802,N21,n,2.0NRT,2.72,N,0.65,0.73,,,,,,firms,VIIRS,VIIRS_NOAA21_NRT
-3.87312,122.39206,2025-11-12,1802,N21,n,2.0NRT,1.61,N,0.65,0.73,,,,,,firms,VIIRS,VIIRS_NOAA21_NRT
-3.87118,122.39346,2025-11-12,1802,N21,n,2.0NRT,1.41,N,0.65,0.73,,,,,,firms,VIIRS,VIIRS_NOAA21_NRT
-2.86893,122.15618,2025-11-12,1802,N21,n,2.0NRT,2.64,N,0.61,0.71,,,,,,firms,VIIRS,VIIRS_NOAA21_NRT
-2.86824,122.1565,2025-11-12,1802,N21,n,2.0NRT,2.47,N,0.6,0.71,,,,,,firms,VIIRS,VIIRS_NOAA21_NRT
-2.83134,122.17455,2025-11-12,1802,N21,n,2.0NRT,2.36,N,0.61,0.71,,,,,,firms,VIIRS,VIIRS_NOAA21_NRT
-2.83057,122.16933,2025-11-12,1802,N21,n,2.0NRT,2.78,N,0.61,0.71,,,,,,firms,VIIRS,VIIRS_NOAA21_NRT
-2.82984,122.16434,2025-11-12,1802,N21,n,2.0NRT,2.78,N,0.6,0.71,,,,,,firms,VIIRS,VIIRS_NOAA21_NRT
-2.58361,121.38829,2025-11-12,1802,N21,n,2.0NRT,2.0,N,0.53,0.67,,,,,,firms,VIIRS,VIIRS_NOAA21_NRT
-2.58283,121.38298,2025-11-12,1802,N21,n,2.0NRT,1.49,N,0.53,0.67,,,,,,firms,VIIRS,VIIRS_NOAA21_NRT
-2.5782,121.3941,2025-11-12,1802,N21,n,2.0NRT,4.46,N,0.53,0.67,,,,,,firms,VIIRS,VIIRS_NOAA21_NRT
-2.57741,121.38868,2025-11-12,1802,N21,n,2.0NRT,4.46,N,0.53,0.67,,,,,,firms,VIIRS,VIIRS_NOAA21_NRT
-2.57666,121.38353,2025-11-12,1802,N21,n,2.0NRT,8.84,N,0.53,0.67,,,,,,firms,VIIRS,VIIRS_NOAA21_NRT
-2.06037,115.57088,2025-11-12,1802,N21,n,2.0NRT,0.97,N,0.41,0.45,,,,,,firms,VIIRS,VIIRS_NOAA21_NRT
-2.01114,121.41907,2025-11-12,1802,N21,n,2.0NRT,2.57,N,0.52,0.67,,,,,,firms,VIIRS,VIIRS_NOAA21_NRT
-2.01009,121.41941,2025-11-12,1802,N21,n,2.0NRT,1.49,N,0.52,0.67,,,,,,firms,VIIRS,VIIRS_NOAA21_NRT
0.68176,100.1966,2025-11-12,1802,N21,n,2.0NRT,4.27,N,0.48,0.65,,,,,,firms,VIIRS,VIIRS_NOAA21_NRT
1.09841,101.03617,2025-11-12,1802,N21,n,2.0NRT,1.86,N,0.43,0.62,,,,,,firms,VIIRS,VIIRS_NOAA21_NRT
1.10345,101.04081,2025-11-12,1802,N21,n,2.0NRT,1.15,N,0.43,0.62,,,,,,firms,VIIRS,VIIRS_NOAA21_NRT
1.10404,101.03702,2025-11-12,1802,N21,n,2.0NRT,1.15,N,0.43,0.62,,,,,,firms,VIIRS,VIIRS_NOAA21_NRT
1.10582,101.02559,2025-11-12,1802,N21,n,2.0NRT,1.52,N,0.43,0.62,,,,,,firms,VIIRS,VIIRS_NOAA21_NRT
1.10642,101.02179,2025-11-12,1802,N21,n,2.0NRT,1.52,N,0.43,0.62,,,,,,firms,VIIRS,VIIRS_NOAA21_NRT
1.10908,101.04163,2025-11-12,1802,N21,n,2.0NRT,1.15,N,0.43,0.62,,,,,,firms,VIIRS,VIIRS_NOAA21_NRT
1.10967,101.03785,2025-11-12,1802,N21,n,2.0NRT,1.15,N,0.43,0.62,,,,,,firms,VIIRS,VIIRS_NOAA21_NRT
1.11087,101.03023,2025-11-12,1802,N21,n,2.0NRT,2.57,N,0.43,0.62,,,,,,firms,VIIRS,VIIRS_NOAA21_NRT
1.11472,101.04243,2025-11-12,1802,N21,n,2.0NRT,1.17,N,0.43,0.62,,,,,,firms,VIIRS,VIIRS_NOAA21_NRT
1.11531,101.03867,2025-11-12,1802,N21,n,2.0NRT,1.17,N,0.43,0.62,,,,,,firms,VIIRS,VIIRS_NOAA21_NRT
1.11591,101.03487,2025-11-12,1802,N21,n,2.0NRT,1.98,N,0.43,0.62,,,,,,firms,VIIRS,VIIRS_NOAA21_NRT
4.55549,103.45773,2025-11-12,1802,N21,n,2.0NRT,1.31,N,0.33,0.55,,,,,,firms,VIIRS,VIIRS_NOAA21_NRT
4.56684,103.45036,2025-11-12,1802,N21,n,2.0NRT,0.29,N,0.33,0.55,,,,,,firms,VIIRS,VIIRS_NOAA21_NRT
5.53026,104.98946,2025-11-12,1802,N21,n,2.0NRT,2.67,N,0.53,0.5,,,,,,firms,VIIRS,VIIRS_NOAA21_NRT
5.53094,104.98473,2025-11-12,1802,N21,n,2.0NRT,3.91,N,0.53,0.5,,,,,,firms,VIIRS,VIIRS_NOAA21_NRT
-7.70368,108.99544,2025-11-12,1804,N21,n,2.0NRT,0.32,N,0.38,0.36,,,,,,firms,VIIRS,VIIRS_NOAA21_NRT
-9.77591,124.76097,2025-11-13,459,N21,n,2.0NRT,3.82,D,0.46,0.39,,,,,,firms,VIIRS,VIIRS_NOAA21_NRT
-9.76412,124.63119,2025-11-13,459,N21,n,2.0NRT,18.34,D,0.47,0.4,,,,,,firms,VIIRS,VIIRS_NOAA21_NRT
-9.72773,124.65165,2025-11-13,459,N21,l,2.0NRT,14.98,D,0.47,0.4,,,,,,firms,VIIRS,VIIRS_NOAA21_NRT
-8.27251,123.50303,2025-11-13,459,N21,n,2.0NRT,4.19,D,0.52,0.42,,,,,,firms,VIIRS,VIIRS_NOAA21_NRT
-8.15067,129.85036,2025-11-13,459,N21,n,2.0NRT,5.28,D,0.42,0.38,,,,,,firms,VIIRS,VIIRS_NOAA21_NRT
-5.21602,122.99112,2025-11-13,459,N21,n,2.0NRT,14.49,D,0.51,0.41,,,,,,firms,VIIRS,VIIRS_NOAA21_NRT
-3.2415,126.00102,2025-11-13,501,N21,n,2.0NRT,4.13,D,0.39,0.36,,,,,,firms,VIIRS,VIIRS_NOAA21_NRT
-3.23819,126.00053,2025-11-13,501,N21,n,2.0NRT,4.13,D,0.39,0.36,,,,,,firms,VIIRS,VIIRS_NOAA21_NRT
-3.20391,127.79765,2025-11-13,501,N21,n,2.0NRT,3.4,D,0.4,0.37,,,,,,firms,VIIRS,VIIRS_NOAA21_NRT
-3.13588,130.11241,2025-11-13,501,N21,n,2.0NRT,4.73,D,0.49,0.4,,,,,,firms,VIIRS,VIIRS_NOAA21_NRT
-2.83049,122.16116,2025-11-13,501,N21,n,2.0NRT,6.36,D,0.53,0.42,,,,,,firms,VIIRS,VIIRS_NOAA21_NRT
-2.82977,122.16589,2025-11-13,501,N21,n,2.0NRT,6.73,D,0.53,0.42,,,,,,firms,VIIRS,VIIRS_NOAA21_NRT
-2.82832,122.17542,2025-11-13,501,N21,n,2.0NRT,7.41,D,0.53,0.42,,,,,,firms,VIIRS,VIIRS_NOAA21_NRT
-2.82666,122.16055,2025-11-13,501,N21,n,2.0NRT,3.7,D,0.53,0.42,,,,,,firms,VIIRS,VIIRS_NOAA21_NRT
-2.82354,122.1553,2025-11-13,501,N21,n,2.0NRT,3.7,D,0.53,0.42,,,,,,firms,VIIRS,VIIRS_NOAA21_NRT
-2.82283,122.15998,2025-11-13,501,N21,n,2.0NRT,3.7,D,0.53,0.42,,,,,,firms,VIIRS,VIIRS_NOAA21_NRT
-2.82182,122.14071,2025-11-13,501,N21,n,2.0NRT,13.04,D,0.53,0.42,,,,,,firms,VIIRS,VIIRS_NOAA21_NRT
-2.57477,121.37985,2025-11-13,501,N21,n,2.0NRT,10.91,D,0.39,0.44,,,,,,firms,VIIRS,VIIRS_NOAA21_NRT
-2.00502,121.43127,2025-11-13,501,N21,n,2.0NRT,7.26,D,0.57,0.43,,,,,,firms,VIIRS,VIIRS_NOAA21_NRT
-1.50879,115.26384,2025-11-13,501,N21,n,2.0NRT,7.68,D,0.5,0.65,,,,,,firms,VIIRS,VIIRS_NOAA21_NRT
-1.45796,127.43768,2025-11-13,501,N21,n,2.0NRT,13.72,D,0.4,0.37,,,,,,firms,VIIRS,VIIRS_NOAA21_NRT
-1.08792,115.55944,2025-11-13,501,N21,n,2.0NRT,8.15,D,0.47,0.64,,,,,,firms,VIIRS,VIIRS_NOAA21_NRT
-1.02627,115.88689,2025-11-13,501,N21,n,2.0NRT,5.1,D,0.44,0.62,,,,,,firms,VIIRS,VIIRS_NOAA21_NRT
-4.64654,104.88729,2025-11-13,641,N21,n,2.0NRT,5.31,D,0.48,0.4,,,,,,firms,VIIRS,VIIRS_NOAA21_NRT
-2.89278,103.76282,2025-11-13,641,N21,n,2.0NRT,3.78,D,0.44,0.39,,,,,,firms,VIIRS,VIIRS_NOAA21_NRT
-2.78245,102.82375,2025-11-13,641,N21,n,2.0NRT,19.16,D,0.41,0.37,,,,,,firms,VIIRS,VIIRS_NOAA21_NRT
-2.78189,102.82742,2025-11-13,641,N21,n,2.0NRT,19.16,D,0.41,0.37,,,,,,firms,VIIRS,VIIRS_NOAA21_NRT
-2.77905,102.82323,2025-11-13,641,N21,n,2.0NRT,5.65,D,0.41,0.37,,,,,,firms,VIIRS,VIIRS_NOAA21_NRT
-2.77849,102.8269,2025-11-13,641,N21,n,2.0NRT,5.65,D,0.41,0.37,,,,,,firms,VIIRS,VIIRS_NOAA21_NRT
-2.53631,102.60279,2025-11-13,641,N21,n,2.0NRT,4.88,D,0.41,0.37,,,,,,firms,VIIRS,VIIRS_NOAA21_NRT
-2.21897,101.14957,2025-11-13,644,N21,n,2.0NRT,3.73,D,0.38,0.36,,,,,,firms,VIIRS,VIIRS_NOAA21_NRT
-2.11369,100.95023,2025-11-13,644,N21,n,2.0NRT,2.34,D,0.38,0.36,,,,,,firms,VIIRS,VIIRS_NOAA21_NRT
-1.89703,102.121,2025-11-13,644,N21,n,2.0NRT,5.37,D,0.4,0.37,,,,,,firms,VIIRS,VIIRS_NOAA21_NRT
-1.89649,102.12455,2025-11-13,644,N21,n,2.0NRT,4.81,D,0.4,0.37,,,,,,firms,VIIRS,VIIRS_NOAA21_NRT
-1.50898,102.25488,2025-11-13,644,N21,n,2.0NRT,2.98,D,0.4,0.37,,,,,,firms,VIIRS,VIIRS_NOAA21_NRT
-1.49815,101.2151,2025-11-13,644,N21,n,2.0NRT,15.83,D,0.39,0.36,,,,,,firms,VIIRS,VIIRS_NOAA21_NRT
-1.45324,101.57684,2025-11-13,644,N21,n,2.0NRT,6.53,D,0.39,0.36,,,,,,firms,VIIRS,VIIRS_NOAA21_NRT
-1.43886,101.49288,2025-11-13,644,N21,n,2.0NRT,2.18,D,0.39,0.36,,,,,,firms,VIIRS,VIIRS_NOAA21_NRT
-1.37625,101.32301,2025-11-13,644,N21,n,2.0NRT,8.55,D,0.39,0.36,,,,,,firms,VIIRS,VIIRS_NOAA21_NRT
-1.36954,101.76814,2025-11-13,644,N21,n,2.0NRT,4.43,D,0.39,0.36,,,,,,firms,VIIRS,VIIRS_NOAA21_NRT
-1.29862,101.34315,2025-11-13,644,N21,n,2.0NRT,5.91,D,0.39,0.36,,,,,,firms,VIIRS,VIIRS_NOAA21_NRT
-1.29809,101.34662,2025-11-13,644,N21,n,2.0NRT,5.91,D,0.39,0.36,,,,,,firms,VIIRS,VIIRS_NOAA21_NRT
-1.29212,101.36344,2025-11-13,644,N21,n,2.0NRT,1.63,D,0.39,0.36,,,,,,firms,VIIRS,VIIRS_NOAA21_NRT
-1.27768,101.34708,2025-11-13,644,N21,n,2.0NRT,2.31,D,0.39,0.36,,,,,,firms,VIIRS,VIIRS_NOAA21_NRT
-1.2392,100.91109,2025-11-13,644,N21,n,2.0NRT,8.12,D,0.38,0.36,,,,,,firms,VIIRS,VIIRS_NOAA21_NRT
-1.16182,101.59258,2025-11-13,644,N21,n,2.0NRT,10.55,D,0.39,0.36,,,,,,firms,VIIRS,VIIRS_NOAA21_NRT
-0.89832,101.00517,2025-11-13,644,N21,n,2.0NRT,4.05,D,0.39,0.36,,,,,,firms,VIIRS,VIIRS_NOAA21_NRT
-0.85377,101.38397,2025-11-13,644,N21,n,2.0NRT,3.56,D,0.39,0.36,,,,,,firms,VIIRS,VIIRS_NOAA21_NRT
-0.83554,101.59155,2025-11-13,644,N21,n,2.0NRT,2.93,D,0.39,0.36,,,,,,firms,VIIRS,VIIRS_NOAA21_NRT
-0.80531,101.65506,2025-11-13,644,N21,n,2.0NRT,4.7,D,0.39,0.36,,,,,,firms,VIIRS,VIIRS_NOAA21_NRT
-0.80198,101.65455,2025-11-13,644,N21,n,2.0NRT,6.03,D,0.39,0.36,,,,,,firms,VIIRS,VIIRS_NOAA21_NRT
-0.80143,101.65808,2025-11-13,644,N21,n,2.0NRT,10.6,D,0.39,0.36,,,,,,firms,VIIRS,VIIRS_NOAA21_NRT
0.887,100.65107,2025-11-13,644,N21,n,2.0NRT,2.77,D,0.39,0.36,,,,,,firms,VIIRS,VIIRS_NOAA21_NRT
1.00738,100.30167,2025-11-13,644,N21,n,2.0NRT,6.42,D,0.38,0.36,,,,,,firms,VIIRS,VIIRS_NOAA21_NRT
1.09889,101.03587,2025-11-13,644,N21,n,2.0NRT,2.85,D,0.39,0.36,,,,,,firms,VIIRS,VIIRS_NOAA21_NRT
1.10222,101.03537,2025-11-13,644,N21,n,2.0NRT,6.45,D,0.39,0.36,,,,,,firms,VIIRS,VIIRS_NOAA21_NRT
1.10728,101.02391,2025-11-13,644,N21,n,2.0NRT,5.27,D,0.39,0.36,,,,,,firms,VIIRS,VIIRS_NOAA21_NRT
1.11272,101.03735,2025-11-13,644,N21,n,2.0NRT,7.12,D,0.39,0.36,,,,,,firms,VIIRS,VIIRS_NOAA21_NRT
1.11605,101.03684,2025-11-13,644,N21,n,2.0NRT,2.49,D,0.39,0.36,,,,,,firms,VIIRS,VIIRS_NOAA21_NRT
1.44401,99.64262,2025-11-13,644,N21,n,2.0NRT,3.18,D,0.39,0.36,,,,,,firms,VIIRS,VIIRS_NOAA21_NRT
3.46573,101.19588,2025-11-13,644,N21,n,2.0NRT,3.03,D,0.4,0.37,,,,,,firms,VIIRS,VIIRS_NOAA21_NRT
3.50506,101.1711,2025-11-13,644,N21,n,2.0NRT,7.23,D,0.4,0.37,,,,,,firms,VIIRS,VIIRS_NOAA21_NRT
4.28839,103.42732,2025-11-13,644,N21,n,2.0NRT,8.14,D,0.51,0.41,,,,,,firms,VIIRS,VIIRS_NOAA21_NRT
4.57206,103.46007,2025-11-13,644,N21,n,2.0NRT,5.16,D,0.52,0.41,,,,,,firms,VIIRS,VIIRS_NOAA21_NRT
4.57686,103.44036,2025-11-13,644,N21,n,2.0NRT,4.7,D,0.52,0.41,,,,,,firms,VIIRS,VIIRS_NOAA21_NRT
4.65677,103.37811,2025-11-13,644,N21,n,2.0NRT,9.39,D,0.52,0.41,,,,,,firms,VIIRS,VIIRS_NOAA21_NRT
-3.38793,140.65836,2025-11-13,1602,N21,n,2.0NRT,1.06,N,0.39,0.36,,,,,,firms,VIIRS,VIIRS_NOAA21_NRT
-3.38739,140.65491,2025-11-13,1602,N21,n,2.0NRT,1.02,N,0.39,0.36,,,,,,firms,VIIRS,VIIRS_NOAA21_NRT
0.47933,127.99323,2025-11-13,1741,N21,n,2.0NRT,6.44,N,0.64,0.72,,,,,,firms,VIIRS,VIIRS_NOAA21_NRT
0.48597,127.99383,2025-11-13,1741,N21,n,2.0NRT,5.87,N,0.64,0.72,,,,,,firms,VIIRS,VIIRS_NOAA21_NRT
0.48684,127.9884,2025-11-13,1741,N21,n,2.0NRT,5.87,N,0.64,0.72,,,,,,firms,VIIRS,VIIRS_NOAA21_NRT
0.48786,127.98196,2025-11-13,1741,N21,n,2.0NRT,6.79,N,0.64,0.72,,,,,,firms,VIIRS,VIIRS_NOAA21_NRT
0.50855,127.89416,2025-11-13,1741,N21,n,2.0NRT,2.77,N,0.63,0.72,,,,,,firms,VIIRS,VIIRS_NOAA21_NRT
3.60665,112.41216,2025-11-13,1741,N21,n,2.0NRT,5.73,N,0.51,0.41,,,,,,firms,VIIRS,VIIRS_NOAA21_NRT
3.6257,112.67722,2025-11-13,1741,N21,n,2.0NRT,1.47,N,0.49,0.4,,,,,,firms,VIIRS,VIIRS_NOAA21_NRT
3.62939,112.67776,2025-11-13,1741,N21,n,2.0NRT,1.47,N,0.49,0.4,,,,,,firms,VIIRS,VIIRS_NOAA21_NRT
4.70168,113.94109,2025-11-13,1741,N21,n,2.0NRT,1.83,N,0.44,0.38,,,,,,firms,VIIRS,VIIRS_NOAA21_NRT
4.74172,113.72881,2025-11-13,1741,N21,n,2.0NRT,3.86,N,0.45,0.39,,,,,,firms,VIIRS,VIIRS_NOAA21_NRT
5.52768,104.98421,2025-11-13,1741,N21,n,2.0NRT,6.77,N,0.57,0.69,,,,,,firms,VIIRS,VIIRS_NOAA21_NRT
5.5333,104.99013,2025-11-13,1741,N21,n,2.0NRT,6.23,N,0.57,0.69,,,,,,firms,VIIRS,VIIRS_NOAA21_NRT
5.534,104.98506,2025-11-13,1741,N21,n,2.0NRT,6.77,N,0.57,0.69,,,,,,firms,VIIRS,VIIRS_NOAA21_NRT
-2.99836,115.20562,2025-11-13,1743,N21,n,2.0NRT,0.55,N,0.39,0.36,,,,,,firms,VIIRS,VIIRS_NOAA21_NRT
-2.93555,115.24013,2025-11-13,1743,N21,n,2.0NRT,0.21,N,0.39,0.36,,,,,,firms,VIIRS,VIIRS_NOAA21_NRT
-2.88311,115.25522,2025-11-13,1743,N21,n,2.0NRT,0.56,N,0.39,0.36,,,,,,firms,VIIRS,VIIRS_NOAA21_NRT
-2.87428,115.26361,2025-11-13,1743,N21,n,2.0NRT,1.21,N,0.39,0.36,,,,,,firms,VIIRS,VIIRS_NOAA21_NRT
-2.82821,122.17365,2025-11-13,1743,N21,n,2.0NRT,4.18,N,0.56,0.52,,,,,,firms,VIIRS,VIIRS_NOAA21_NRT
-2.5786,121.39015,2025-11-13,1743,N21,n,2.0NRT,1.21,N,0.49,0.49,,,,,,firms,VIIRS,VIIRS_NOAA21_NRT
-2.57789,121.38549,2025-11-13,1743,N21,n,2.0NRT,3.33,N,0.49,0.49,,,,,,firms,VIIRS,VIIRS_NOAA21_NRT
-2.57721,121.38093,2025-11-13,1743,N21,n,2.0NRT,3.33,N,0.49,0.49,,,,,,firms,VIIRS,VIIRS_NOAA21_NRT
-2.21016,115.49802,2025-11-13,1743,N21,n,2.0NRT,1.58,N,0.39,0.36,,,,,,firms,VIIRS,VIIRS_NOAA21_NRT
-2.16996,115.56841,2025-11-13,1743,N21,n,2.0NRT,1.07,N,0.39,0.36,,,,,,firms,VIIRS,VIIRS_NOAA21_NRT
-2.16665,115.56892,2025-11-13,1743,N21,n,2.0NRT,2.17,N,0.39,0.36,,,,,,firms,VIIRS,VIIRS_NOAA21_NRT
-2.06141,115.57105,2025-11-13,1743,N21,n,2.0NRT,1.22,N,0.39,0.36,,,,,,firms,VIIRS,VIIRS_NOAA21_NRT
-1.8933,115.86618,2025-11-13,1743,N21,n,2.0NRT,1.1,N,0.39,0.36,,,,,,firms,VIIRS,VIIRS_NOAA21_NRT
-1.89275,115.86271,2025-11-13,1743,N21,n,2.0NRT,1.1,N,0.39,0.36,,,,,,firms,VIIRS,VIIRS_NOAA21_NRT
-1.60748,112.51956,2025-11-13,1743,N21,n,2.0NRT,0.7,N,0.44,0.38,,,,,,firms,VIIRS,VIIRS_NOAA21_NRT
-1.56946,127.43037,2025-11-13,1743,N21,n,2.0NRT,2.4,N,0.63,0.72,,,,,,firms,VIIRS,VIIRS_NOAA21_NRT
-1.51431,112.57332,2025-11-13,1743,N21,n,2.0NRT,0.92,N,0.44,0.38,,,,,,firms,VIIRS,VIIRS_NOAA21_NRT
-1.45724,127.43703,2025-11-13,1743,N21,n,2.0NRT,8.28,N,0.63,0.72,,,,,,firms,VIIRS,VIIRS_NOAA21_NRT
-1.32712,113.96805,2025-11-13,1743,N21,n,2.0NRT,0.77,N,0.4,0.37,,,,,,firms,VIIRS,VIIRS_NOAA21_NRT
-0.93052,115.8006,2025-11-13,1743,N21,n,2.0NRT,0.65,N,0.39,0.36,,,,,,firms,VIIRS,VIIRS_NOAA21_NRT
-6.76264,111.96273,2025-11-13,1745,N21,n,2.0NRT,1.67,N,0.42,0.37,,,,,,firms,VIIRS,VIIRS_NOAA21_NRT
5.52773,104.99202,2025-11-13,1921,N21,n,2.0NRT,14.26,N,0.77,0.77,,,,,,firms,VIIRS,VIIRS_NOAA21_NRT
5.52898,104.98528,2025-11-13,1921,N21,n,2.0NRT,12.51,N,0.77,0.77,,,,,,firms,VIIRS,VIIRS_NOAA21_NRT
5.52952,104.99142,2025-11-13,1921,N21,n,2.0NRT,6.91,N,0.77,0.77,,,,,,firms,VIIRS,VIIRS_NOAA21_NRT
5.53073,104.98465,2025-11-13,1921,N21,n,2.0NRT,6.91,N,0.77,0.77,,,,,,firms,VIIRS,VIIRS_NOAA21_NRT
1.37414,104.15997,2025-11-13,1923,N21,h,2.0NRT,36.63,N,0.79,0.78,,,,,,firms,VIIRS,VIIRS_NOAA21_NRT
1.37528,104.15298,2025-11-13,1923,N21,n,2.0NRT,25.72,N,0.79,0.78,,,,,,firms,VIIRS,VIIRS_NOAA21_NRT
-4.59459,123.17103,2025-11-14,442,N21,n,2.0NRT,2.77,D,0.33,0.55,,,,,,firms,VIIRS,VIIRS_NOAA21_NRT
-3.87278,122.40284,2025-11-14,442,N21,n,2.0NRT,4.03,D,0.37,0.58,,,,,,firms,VIIRS,VIIRS_NOAA21_NRT
-3.8723,122.40611,2025-11-14,442,N21,n,2.0NRT,4.03,D,0.37,0.58,,,,,,firms,VIIRS,VIIRS_NOAA21_NRT
-3.87182,122.40936,2025-11-14,442,N21,n,2.0NRT,3.76,D,0.37,0.58,,,,,,firms,VIIRS,VIIRS_NOAA21_NRT
-3.11987,126.87702,2025-11-14,442,N21,n,2.0NRT,4.99,D,0.54,0.42,,,,,,firms,VIIRS,VIIRS_NOAA21_NRT
-2.60155,121.44948,2025-11-14,442,N21,n,2.0NRT,6.29,D,0.41,0.61,,,,,,firms,VIIRS,VIIRS_NOAA21_NRT
-2.60103,121.45299,2025-11-14,442,N21,n,2.0NRT,6.5,D,0.41,0.61,,,,,,firms,VIIRS,VIIRS_NOAA21_NRT
-2.5785,121.38051,2025-11-14,442,N21,n,2.0NRT,41.89,D,0.41,0.61,,,,,,firms,VIIRS,VIIRS_NOAA21_NRT
-2.57811,121.37807,2025-11-14,442,N21,n,2.0NRT,23.27,D,0.41,0.61,,,,,,firms,VIIRS,VIIRS_NOAA21_NRT
-2.57797,121.384,2025-11-14,442,N21,l,2.0NRT,37.25,D,0.41,0.61,,,,,,firms,VIIRS,VIIRS_NOAA21_NRT
-2.5776,121.38158,2025-11-14,442,N21,n,2.0NRT,23.27,D,0.41,0.61,,,,,,firms,VIIRS,VIIRS_NOAA21_NRT
-2.57709,121.38509,2025-11-14,442,N21,n,2.0NRT,27.65,D,0.41,0.61,,,,,,firms,VIIRS,VIIRS_NOAA21_NRT
-2.54281,133.07759,2025-11-14,442,N21,n,2.0NRT,6.23,D,0.42,0.37,,,,,,firms,VIIRS,VIIRS_NOAA21_NRT
-1.48328,123.38899,2025-11-14,444,N21,n,2.0NRT,4.4,D,0.58,0.52,,,,,,firms,VIIRS,VIIRS_NOAA21_NRT
-1.22284,123.0125,2025-11-14,444,N21,n,2.0NRT,6.98,D,0.61,0.53,,,,,,firms,VIIRS,VIIRS_NOAA21_NRT
0.57849,121.82126,2025-11-14,444,N21,n,2.0NRT,5.15,D,0.34,0.56,,,,,,firms,VIIRS,VIIRS_NOAA21_NRT
-2.87729,115.26095,2025-11-14,624,N21,n,2.0NRT,6.6,D,0.39,0.6,,,,,,firms,VIIRS,VIIRS_NOAA21_NRT
-2.7325,106.04056,2025-11-14,624,N21,n,2.0NRT,8.91,D,0.38,0.36,,,,,,firms,VIIRS,VIIRS_NOAA21_NRT
-2.36438,102.04067,2025-11-14,624,N21,n,2.0NRT,30.04,D,0.49,0.4,,,,,,firms,VIIRS,VIIRS_NOAA21_NRT
-2.14116,102.12897,2025-11-14,624,N21,n,2.0NRT,10.39,D,0.48,0.4,,,,,,firms,VIIRS,VIIRS_NOAA21_NRT
-1.8062,110.49455,2025-11-14,624,N21,n,2.0NRT,3.2,D,0.39,0.44,,,,,,firms,VIIRS,VIIRS_NOAA21_NRT
-1.80223,102.73251,2025-11-14,624,N21,l,2.0NRT,7.04,D,0.45,0.39,,,,,,firms,VIIRS,VIIRS_NOAA21_NRT
-1.59487,101.77805,2025-11-14,624,N21,n,2.0NRT,9.29,D,0.5,0.41,,,,,,firms,VIIRS,VIIRS_NOAA21_NRT
-1.57628,101.77525,2025-11-14,624,N21,l,2.0NRT,14.69,D,0.5,0.41,,,,,,firms,VIIRS,VIIRS_NOAA21_NRT
-1.57232,103.68835,2025-11-14,624,N21,n,2.0NRT,3.3,D,0.41,0.37,,,,,,firms,VIIRS,VIIRS_NOAA21_NRT
-1.57126,101.78342,2025-11-14,624,N21,n,2.0NRT,6.43,D,0.5,0.41,,,,,,firms,VIIRS,VIIRS_NOAA21_NRT
-1.40832,102.24642,2025-11-14,624,N21,l,2.0NRT,11.44,D,0.47,0.4,,,,,,firms,VIIRS,VIIRS_NOAA21_NRT
-1.3361,101.68899,2025-11-14,624,N21,l,2.0NRT,7.24,D,0.5,0.41,,,,,,firms,VIIRS,VIIRS_NOAA21_NRT
-1.22159,101.62743,2025-11-14,624,N21,n,2.0NRT,43.58,D,0.5,0.41,,,,,,firms,VIIRS,VIIRS_NOAA21_NRT
-1.21114,101.46957,2025-11-14,624,N21,n,2.0NRT,4.0,D,0.51,0.41,,,,,,firms,VIIRS,VIIRS_NOAA21_NRT
-1.18494,102.40883,2025-11-14,624,N21,n,2.0NRT,8.86,D,0.46,0.39,,,,,,firms,VIIRS,VIIRS_NOAA21_NRT
-0.87175,101.66108,2025-11-14,624,N21,l,2.0NRT,19.0,D,0.49,0.41,,,,,,firms,VIIRS,VIIRS_NOAA21_NRT
-0.8549,101.67222,2025-11-14,624,N21,n,2.0NRT,19.47,D,0.49,0.41,,,,,,firms,VIIRS,VIIRS_NOAA21_NRT
-0.82582,101.57442,2025-11-14,624,N21,n,2.0NRT,21.88,D,0.5,0.41,,,,,,firms,VIIRS,VIIRS_NOAA21_NRT
-0.81217,101.66215,2025-11-14,624,N21,l,2.0NRT,3.02,D,0.49,0.4,,,,,,firms,VIIRS,VIIRS_NOAA21_NRT
-0.80165,101.65659,2025-11-14,624,N21,l,2.0NRT,10.0,D,0.49,0.41,,,,,,firms,VIIRS,VIIRS_NOAA21_NRT
-0.17309,101.20863,2025-11-14,624,N21,n,2.0NRT,9.0,D,0.51,0.41,,,,,,firms,VIIRS,VIIRS_NOAA21_NRT
0.20667,100.80249,2025-11-14,624,N21,n,2.0NRT,4.95,D,0.54,0.42,,,,,,firms,VIIRS,VIIRS_NOAA21_NRT
0.27425,100.8175,2025-11-14,624,N21,n,2.0NRT,6.92,D,0.53,0.42,,,,,,firms,VIIRS,VIIRS_NOAA21_NRT
0.78888,97.65228,2025-11-14,626,N21,n,2.0NRT,3.78,D,0.56,0.52,,,,,,firms,VIIRS,VIIRS_NOAA21_NRT
3.27915,113.07177,2025-11-14,626,N21,n,2.0NRT,8.06,D,0.35,0.57,,,,,,firms,VIIRS,VIIRS_NOAA21_NRT
3.27963,113.07492,2025-11-14,626,N21,n,2.0NRT,8.44,D,0.35,0.57,,,,,,firms,VIIRS,VIIRS_NOAA21_NRT
3.52481,113.31355,2025-11-14,626,N21,n,2.0NRT,3.8,D,0.36,0.58,,,,,,firms,VIIRS,VIIRS_NOAA21_NRT
3.5465,113.35043,2025-11-14,626,N21,n,2.0NRT,3.58,D,0.37,0.58,,,,,,firms,VIIRS,VIIRS_NOAA21_NRT
3.60631,112.41302,2025-11-14,626,N21,n,2.0NRT,8.17,D,0.63,0.54,,,,,,firms,VIIRS,VIIRS_NOAA21_NRT
4.69953,113.9409,2025-11-14,626,N21,n,2.0NRT,6.31,D,0.42,0.61,,,,,,firms,VIIRS,VIIRS_NOAA21_NRT
4.70103,113.94144,2025-11-14,626,N21,n,2.0NRT,6.66,D,0.42,0.61,,,,,,firms,VIIRS,VIIRS_NOAA21_NRT
4.97671,112.98244,2025-11-14,1721,N21,n,2.0NRT,4.4,N,0.33,0.55,,,,,,firms,VIIRS,VIIRS_NOAA21_NRT
4.97712,112.97947,2025-11-14,1721,N21,h,2.0NRT,10.78,N,0.33,0.55,,,,,,firms,VIIRS,VIIRS_NOAA21_NRT
4.97723,112.98433,2025-11-14,1721,N21,n,2.0NRT,3.99,N,0.33,0.55,,,,,,firms,VIIRS,VIIRS_NOAA21_NRT
4.97767,112.98138,2025-11-14,1721,N21,n,2.0NRT,3.99,N,0.33,0.55,,,,,,firms,VIIRS,VIIRS_NOAA21_NRT
4.97811,112.97842,2025-11-14,1721,N21,h,2.0NRT,9.98,N,0.33,0.55,,,,,,firms,VIIRS,VIIRS_NOAA21_NRT
5.4299,114.7108,2025-11-14,1721,N21,n,2.0NRT,2.21,N,0.51,0.49,,,,,,firms,VIIRS,VIIRS_NOAA21_NRT
5.61957,114.89197,2025-11-14,1721,N21,n,2.0NRT,1.11,N,0.5,0.49,,,,,,firms,VIIRS,VIIRS_NOAA21_NRT
5.62021,114.8875,2025-11-14,1721,N21,n,2.0NRT,1.11,N,0.5,0.49,,,,,,firms,VIIRS,VIIRS_NOAA21_NRT
-1.32922,113.96951,2025-11-14,1724,N21,n,2.0NRT,0.92,N,0.45,0.47,,,,,,firms,VIIRS,VIIRS_NOAA21_NRT
-1.32783,113.96961,2025-11-14,1724,N21,n,2.0NRT,0.75,N,0.45,0.47,,,,,,firms,VIIRS,VIIRS_NOAA21_NRT
0.48012,128.00597,2025-11-14,1724,N21,n,2.0NRT,1.45,N,0.6,0.53,,,,,,firms,VIIRS,VIIRS_NOAA21_NRT
0.48095,128.00433,2025-11-14,1724,N21,n,2.0NRT,1.9,N,0.6,0.53,,,,,,firms,VIIRS,VIIRS_NOAA21_NRT
0.48098,128.00064,2025-11-14,1724,N21,n,2.0NRT,1.45,N,0.59,0.53,,,,,,firms,VIIRS,VIIRS_NOAA21_NRT
0.48177,127.99899,2025-11-14,1724,N21,n,2.0NRT,2.2,N,0.6,0.53,,,,,,firms,VIIRS,VIIRS_NOAA21_NRT
0.48183,127.99544,2025-11-14,1724,N21,n,2.0NRT,4.03,N,0.59,0.53,,,,,,firms,VIIRS,VIIRS_NOAA21_NRT
0.48257,127.99381,2025-11-14,1724,N21,n,2.0NRT,2.2,N,0.59,0.53,,,,,,firms,VIIRS,VIIRS_NOAA21_NRT
0.48267,127.99023,2025-11-14,1724,N21,n,2.0NRT,4.03,N,0.59,0.53,,,,,,firms,VIIRS,VIIRS_NOAA21_NRT
0.48338,127.98859,2025-11-14,1724,N21,n,2.0NRT,3.44,N,0.59,0.53,,,,,,firms,VIIRS,VIIRS_NOAA21_NRT
0.48839,127.98542,2025-11-14,1724,N21,n,2.0NRT,5.59,N,0.59,0.53,,,,,,firms,VIIRS,VIIRS_NOAA21_NRT
0.48906,127.98372,2025-11-14,1724,N21,n,2.0NRT,3.44,N,0.59,0.53,,,,,,firms,VIIRS,VIIRS_NOAA21_NRT
0.5123,127.89647,2025-11-14,1724,N21,n,2.0NRT,4.28,N,0.59,0.52,,,,,,firms,VIIRS,VIIRS_NOAA21_NRT
0.51231,127.89828,2025-11-14,1724,N21,n,2.0NRT,2.7,N,0.58,0.52,,,,,,firms,VIIRS,VIIRS_NOAA21_NRT
2.78059,125.40731,2025-11-14,1724,N21,n,2.0NRT,0.84,N,0.56,0.43,,,,,,firms,VIIRS,VIIRS_NOAA21_NRT
2.90502,112.30752,2025-11-14,1724,N21,n,2.0NRT,0.67,N,0.34,0.56,,,,,,firms,VIIRS,VIIRS_NOAA21_NRT
3.28163,113.08171,2025-11-14,1724,N21,n,2.0NRT,1.22,N,0.61,0.54,,,,,,firms,VIIRS,VIIRS_NOAA21_NRT
3.28655,113.08228,2025-11-14,1724,N21,n,2.0NRT,1.22,N,0.61,0.54,,,,,,firms,VIIRS,VIIRS_NOAA21_NRT
3.29065,113.08842,2025-11-14,1724,N21,n,2.0NRT,2.28,N,0.61,0.54,,,,,,firms,VIIRS,VIIRS_NOAA21_NRT
3.60607,112.41103,2025-11-14,1724,N21,n,2.0NRT,2.34,N,0.35,0.56,,,,,,firms,VIIRS,VIIRS_NOAA21_NRT
3.60653,112.40795,2025-11-14,1724,N21,n,2.0NRT,2.34,N,0.35,0.56,,,,,,firms,VIIRS,VIIRS_NOAA21_NRT
4.69843,113.94002,2025-11-14,1724,N21,n,2.0NRT,5.13,N,0.56,0.52,,,,,,firms,VIIRS,VIIRS_NOAA21_NRT
4.73961,113.72694,2025-11-14,1724,N21,n,2.0NRT,3.59,N,0.58,0.52,,,,,,firms,VIIRS,VIIRS_NOAA21_NRT
-8.11371,112.92185,2025-11-14,1726,N21,n,2.0NRT,4.16,N,0.42,0.45,,,,,,firms,VIIRS,VIIRS_NOAA21_NRT
-2.83146,122.17457,2025-11-14,1726,N21,n,2.0NRT,2.89,N,0.44,0.38,,,,,,firms,VIIRS,VIIRS_NOAA21_NRT
-2.83034,122.17371,2025-11-14,1726,N21,n,2.0NRT,3.57,N,0.44,0.38,,,,,,firms,VIIRS,VIIRS_NOAA21_NRT
-2.8238,122.15481,2025-11-14,1726,N21,n,2.0NRT,0.73,N,0.44,0.38,,,,,,firms,VIIRS,VIIRS_NOAA21_NRT
5.53185,104.99095,2025-11-14,1904,N21,n,2.0NRT,3.33,N,0.36,0.57,,,,,,firms,VIIRS,VIIRS_NOAA21_NRT
5.5324,104.98776,2025-11-14,1904,N21,n,2.0NRT,3.33,N,0.36,0.57,,,,,,firms,VIIRS,VIIRS_NOAA21_NRT
5.6477,104.97784,2025-11-14,1904,N21,n,2.0NRT,2.0,N,0.36,0.57,,,,,,firms,VIIRS,VIIRS_NOAA21_NRT
-3.99744,102.42755,2025-11-14,1906,N21,n,2.0NRT,0.4,N,0.34,0.56,,,,,,firms,VIIRS,VIIRS_NOAA21_NRT
-2.72826,140.72409,2025-11-15,423,N21,n,2.0NRT,5.44,D,0.38,0.43,,,,,,firms,VIIRS,VIIRS_NOAA21_NRT
-2.72427,140.72357,2025-11-15,423,N21,n,2.0NRT,3.13,D,0.38,0.43,,,,,,firms,VIIRS,VIIRS_NOAA21_NRT
-1.81613,136.7493,2025-11-15,425,N21,n,2.0NRT,6.01,D,0.39,0.36,,,,,,firms,VIIRS,VIIRS_NOAA21_NRT
-6.01029,105.98341,2025-11-15,603,N21,n,2.0NRT,5.22,D,0.41,0.45,,,,,,firms,VIIRS,VIIRS_NOAA21_NRT
-5.30745,104.33874,2025-11-15,603,N21,n,2.0NRT,6.17,D,0.51,0.49,,,,,,firms,VIIRS,VIIRS_NOAA21_NRT
-4.21783,103.57614,2025-11-15,603,N21,n,2.0NRT,7.81,D,0.56,0.51,,,,,,firms,VIIRS,VIIRS_NOAA21_NRT
-4.21314,103.57544,2025-11-15,603,N21,n,2.0NRT,25.18,D,0.56,0.51,,,,,,firms,VIIRS,VIIRS_NOAA21_NRT
-2.51032,119.34631,2025-11-15,603,N21,n,2.0NRT,4.6,D,0.36,0.57,,,,,,firms,VIIRS,VIIRS_NOAA21_NRT
-2.50982,119.34936,2025-11-15,603,N21,n,2.0NRT,4.6,D,0.36,0.57,,,,,,firms,VIIRS,VIIRS_NOAA21_NRT
-1.57312,113.24113,2025-11-15,603,N21,n,2.0NRT,5.65,D,0.46,0.39,,,,,,firms,VIIRS,VIIRS_NOAA21_NRT
-1.46805,112.54116,2025-11-15,603,N21,n,2.0NRT,13.84,D,0.43,0.38,,,,,,firms,VIIRS,VIIRS_NOAA21_NRT
-1.46635,112.53687,2025-11-15,603,N21,n,2.0NRT,6.91,D,0.43,0.38,,,,,,firms,VIIRS,VIIRS_NOAA21_NRT
-1.46577,112.54067,2025-11-15,603,N21,n,2.0NRT,6.91,D,0.43,0.38,,,,,,firms,VIIRS,VIIRS_NOAA21_NRT
-1.41784,112.93075,2025-11-15,603,N21,n,2.0NRT,11.32,D,0.44,0.39,,,,,,firms,VIIRS,VIIRS_NOAA21_NRT
-1.40136,112.42958,2025-11-15,603,N21,n,2.0NRT,3.1,D,0.42,0.38,,,,,,firms,VIIRS,VIIRS_NOAA21_NRT
-1.3988,112.86327,2025-11-15,603,N21,n,2.0NRT,43.56,D,0.44,0.38,,,,,,firms,VIIRS,VIIRS_NOAA21_NRT
-1.37175,112.87527,2025-11-15,603,N21,n,2.0NRT,4.77,D,0.44,0.38,,,,,,firms,VIIRS,VIIRS_NOAA21_NRT
-1.12639,112.73022,2025-11-15,603,N21,n,2.0NRT,7.81,D,0.44,0.38,,,,,,firms,VIIRS,VIIRS_NOAA21_NRT
-1.12578,112.73413,2025-11-15,603,N21,n,2.0NRT,7.81,D,0.44,0.38,,,,,,firms,VIIRS,VIIRS_NOAA21_NRT
-2.25622,101.15471,2025-11-15,605,N21,n,2.0NRT,5.68,D,0.38,0.59,,,,,,firms,VIIRS,VIIRS_NOAA21_NRT
-0.46074,115.94041,2025-11-15,605,N21,n,2.0NRT,4.28,D,0.45,0.47,,,,,,firms,VIIRS,VIIRS_NOAA21_NRT
0.56772,111.93514,2025-11-15,605,N21,n,2.0NRT,2.63,D,0.42,0.38,,,,,,firms,VIIRS,VIIRS_NOAA21_NRT
2.1518,112.12974,2025-11-15,605,N21,n,2.0NRT,3.53,D,0.44,0.39,,,,,,firms,VIIRS,VIIRS_NOAA21_NRT
2.15533,112.1292,2025-11-15,605,N21,n,2.0NRT,4.23,D,0.44,0.39,,,,,,firms,VIIRS,VIIRS_NOAA21_NRT
2.2088,112.16976,2025-11-15,605,N21,n,2.0NRT,4.07,D,0.45,0.39,,,,,,firms,VIIRS,VIIRS_NOAA21_NRT
2.21042,112.08475,2025-11-15,605,N21,n,2.0NRT,3.95,D,0.44,0.39,,,,,,firms,VIIRS,VIIRS_NOAA21_NRT
3.18102,113.62032,2025-11-15,605,N21,n,2.0NRT,14.13,D,0.55,0.42,,,,,,firms,VIIRS,VIIRS_NOAA21_NRT
3.2177,113.67999,2025-11-15,605,N21,n,2.0NRT,5.59,D,0.55,0.43,,,,,,firms,VIIRS,VIIRS_NOAA21_NRT
3.28692,113.08348,2025-11-15,605,N21,n,2.0NRT,2.67,D,0.51,0.41,,,,,,firms,VIIRS,VIIRS_NOAA21_NRT
3.57651,113.3354,2025-11-15,605,N21,n,2.0NRT,6.02,D,0.53,0.42,,,,,,firms,VIIRS,VIIRS_NOAA21_NRT
3.60735,112.40965,2025-11-15,605,N21,n,2.0NRT,5.03,D,0.47,0.4,,,,,,firms,VIIRS,VIIRS_NOAA21_NRT
5.53188,104.98692,2025-11-15,607,N21,n,2.0NRT,5.11,D,0.49,0.4,,,,,,firms,VIIRS,VIIRS_NOAA21_NRT
1.49307,127.63634,2025-11-15,1704,N21,n,2.0NRT,4.23,N,0.43,0.38,,,,,,firms,VIIRS,VIIRS_NOAA21_NRT
1.49367,127.63255,2025-11-15,1704,N21,n,2.0NRT,4.23,N,0.43,0.38,,,,,,firms,VIIRS,VIIRS_NOAA21_NRT
1.51673,127.94011,2025-11-15,1704,N21,n,2.0NRT,2.7,N,0.44,0.38,,,,,,firms,VIIRS,VIIRS_NOAA21_NRT
1.51734,127.9362,2025-11-15,1704,N21,n,2.0NRT,2.6,N,0.44,0.38,,,,,,firms,VIIRS,VIIRS_NOAA21_NRT
1.70124,127.87641,2025-11-15,1704,N21,n,2.0NRT,3.43,N,0.44,0.38,,,,,,firms,VIIRS,VIIRS_NOAA21_NRT
2.77721,125.40402,2025-11-15,1704,N21,n,2.0NRT,0.42,N,0.38,0.36,,,,,,firms,VIIRS,VIIRS_NOAA21_NRT
2.77997,125.40794,2025-11-15,1704,N21,n,2.0NRT,1.71,N,0.38,0.36,,,,,,firms,VIIRS,VIIRS_NOAA21_NRT
2.7805,125.40454,2025-11-15,1704,N21,n,2.0NRT,1.99,N,0.38,0.36,,,,,,firms,VIIRS,VIIRS_NOAA21_NRT
3.58008,116.98103,2025-11-15,1704,N21,n,2.0NRT,0.81,N,0.36,0.57,,,,,,firms,VIIRS,VIIRS_NOAA21_NRT
-1.5687,127.43067,2025-11-15,1706,N21,n,2.0NRT,1.16,N,0.45,0.39,,,,,,firms,VIIRS,VIIRS_NOAA21_NRT
-1.56456,127.42731,2025-11-15,1706,N21,n,2.0NRT,1.49,N,0.45,0.39,,,,,,firms,VIIRS,VIIRS_NOAA21_NRT
-1.56102,127.42789,2025-11-15,1706,N21,n,2.0NRT,1.26,N,0.45,0.39,,,,,,firms,VIIRS,VIIRS_NOAA21_NRT
-1.46072,127.43478,2025-11-15,1706,N21,n,2.0NRT,4.0,N,0.45,0.39,,,,,,firms,VIIRS,VIIRS_NOAA21_NRT
-1.45778,127.4392,2025-11-15,1706,N21,n,2.0NRT,2.79,N,0.45,0.39,,,,,,firms,VIIRS,VIIRS_NOAA21_NRT
-1.45719,127.43536,2025-11-15,1706,N21,n,2.0NRT,4.0,N,0.45,0.39,,,,,,firms,VIIRS,VIIRS_NOAA21_NRT
-0.55824,115.69479,2025-11-15,1706,N21,n,2.0NRT,1.15,N,0.38,0.58,,,,,,firms,VIIRS,VIIRS_NOAA21_NRT
-0.55631,115.69448,2025-11-15,1706,N21,n,2.0NRT,0.91,N,0.38,0.58,,,,,,firms,VIIRS,VIIRS_NOAA21_NRT
0.09605,117.47871,2025-11-15,1706,N21,n,2.0NRT,2.81,N,0.58,0.52,,,,,,firms,VIIRS,VIIRS_NOAA21_NRT
0.68763,117.55756,2025-11-15,1706,N21,n,2.0NRT,2.18,N,0.58,0.52,,,,,,firms,VIIRS,VIIRS_NOAA21_NRT
0.68843,117.55235,2025-11-15,1706,N21,n,2.0NRT,5.2,N,0.58,0.52,,,,,,firms,VIIRS,VIIRS_NOAA21_NRT
0.69326,117.55291,2025-11-15,1706,N21,n,2.0NRT,5.2,N,0.58,0.52,,,,,,firms,VIIRS,VIIRS_NOAA21_NRT
-8.89436,116.73591,2025-11-15,1709,N21,n,2.0NRT,1.48,N,0.47,0.47,,,,,,firms,VIIRS,VIIRS_NOAA21_NRT
-8.11875,112.93423,2025-11-15,1709,N21,n,2.0NRT,4.22,N,0.44,0.62,,,,,,firms,VIIRS,VIIRS_NOAA21_NRT
-8.11837,112.93213,2025-11-15,1709,N21,n,2.0NRT,5.54,N,0.44,0.62,,,,,,firms,VIIRS,VIIRS_NOAA21_NRT
5.37324,104.89718,2025-11-15,1845,N21,n,2.0NRT,2.46,N,0.52,0.41,,,,,,firms,VIIRS,VIIRS_NOAA21_NRT
5.3734,104.89538,2025-11-15,1845,N21,n,2.0NRT,1.88,N,0.52,0.42,,,,,,firms,VIIRS,VIIRS_NOAA21_NRT
5.50145,105.2074,2025-11-15,1845,N21,n,2.0NRT,2.04,N,0.54,0.42,,,,,,firms,VIIRS,VIIRS_NOAA21_NRT
5.52931,104.98804,2025-11-15,1845,N21,n,2.0NRT,4.94,N,0.52,0.42,,,,,,firms,VIIRS,VIIRS_NOAA21_NRT
4.144,105.1082,2025-11-15,1847,N21,n,2.0NRT,2.15,N,0.56,0.43,,,,,,firms,VIIRS,VIIRS_NOAA21_NRT
4.14426,105.1099,2025-11-15,1847,N21,n,2.0NRT,2.2,N,0.56,0.43,,,,,,firms,VIIRS,VIIRS_NOAA21_NRT
-2.78573,140.67516,2025-11-16,404,N21,n,2.0NRT,3.05,D,0.38,0.36,,,,,,firms,VIIRS,VIIRS_NOAA21_NRT
-2.69556,132.96556,2025-11-16,404,N21,n,2.0NRT,8.82,D,0.59,0.53,,,,,,firms,VIIRS,VIIRS_NOAA21_NRT
-2.69529,132.96326,2025-11-16,404,N21,n,2.0NRT,8.84,D,0.59,0.53,,,,,,firms,VIIRS,VIIRS_NOAA21_NRT
-2.65944,140.40881,2025-11-16,404,N21,n,2.0NRT,3.06,D,0.38,0.36,,,,,,firms,VIIRS,VIIRS_NOAA21_NRT
-1.46079,127.43472,2025-11-16,406,N21,n,2.0NRT,12.62,D,0.69,0.74,,,,,,firms,VIIRS,VIIRS_NOAA21_NRT
-8.92526,116.76318,2025-11-16,544,N21,n,2.0NRT,5.14,D,0.38,0.36,,,,,,firms,VIIRS,VIIRS_NOAA21_NRT
-8.84237,120.90026,2025-11-16,544,N21,n,2.0NRT,5.8,D,0.53,0.42,,,,,,firms,VIIRS,VIIRS_NOAA21_NRT
-8.84163,120.90472,2025-11-16,544,N21,n,2.0NRT,5.8,D,0.53,0.42,,,,,,firms,VIIRS,VIIRS_NOAA21_NRT
-8.6757,118.95782,2025-11-16,544,N21,n,2.0NRT,3.72,D,0.43,0.38,,,,,,firms,VIIRS,VIIRS_NOAA21_NRT
-8.37937,120.5968,2025-11-16,544,N21,n,2.0NRT,3.79,D,0.52,0.41,,,,,,firms,VIIRS,VIIRS_NOAA21_NRT
-8.18157,117.65995,2025-11-16,544,N21,n,2.0NRT,3.59,D,0.39,0.37,,,,,,firms,VIIRS,VIIRS_NOAA21_NRT
-4.97434,120.22762,2025-11-16,544,N21,n,2.0NRT,2.86,D,0.55,0.42,,,,,,firms,VIIRS,VIIRS_NOAA21_NRT
-4.97356,120.22444,2025-11-16,544,N21,n,2.0NRT,3.77,D,0.55,0.42,,,,,,firms,VIIRS,VIIRS_NOAA21_NRT
-4.93642,120.13367,2025-11-16,544,N21,n,2.0NRT,9.39,D,0.54,0.42,,,,,,firms,VIIRS,VIIRS_NOAA21_NRT
-4.73526,122.98716,2025-11-16,544,N21,n,2.0NRT,10.17,D,0.55,0.51,,,,,,firms,VIIRS,VIIRS_NOAA21_NRT
-3.81316,120.11218,2025-11-16,546,N21,n,2.0NRT,7.23,D,0.56,0.43,,,,,,firms,VIIRS,VIIRS_NOAA21_NRT
-3.81284,120.11479,2025-11-16,546,N21,n,2.0NRT,6.23,D,0.56,0.43,,,,,,firms,VIIRS,VIIRS_NOAA21_NRT
-3.80121,120.00917,2025-11-16,546,N21,n,2.0NRT,7.79,D,0.55,0.43,,,,,,firms,VIIRS,VIIRS_NOAA21_NRT
-3.06579,115.82151,2025-11-16,546,N21,n,2.0NRT,13.74,D,0.39,0.36,,,,,,firms,VIIRS,VIIRS_NOAA21_NRT
-3.05369,115.92215,2025-11-16,546,N21,n,2.0NRT,6.82,D,0.39,0.36,,,,,,firms,VIIRS,VIIRS_NOAA21_NRT
-2.21077,115.49599,2025-11-16,546,N21,n,2.0NRT,4.27,D,0.39,0.36,,,,,,firms,VIIRS,VIIRS_NOAA21_NRT
-2.16893,115.57059,2025-11-16,546,N21,n,2.0NRT,6.96,D,0.39,0.36,,,,,,firms,VIIRS,VIIRS_NOAA21_NRT
-2.01323,121.42048,2025-11-16,546,N21,n,2.0NRT,6.85,D,0.48,0.48,,,,,,firms,VIIRS,VIIRS_NOAA21_NRT
-2.00886,121.41965,2025-11-16,546,N21,n,2.0NRT,6.85,D,0.48,0.48,,,,,,firms,VIIRS,VIIRS_NOAA21_NRT
-1.95736,116.28568,2025-11-16,546,N21,n,2.0NRT,3.52,D,0.4,0.37,,,,,,firms,VIIRS,VIIRS_NOAA21_NRT
-1.45729,127.43558,2025-11-16,546,N21,n,2.0NRT,8.49,D,0.64,0.72,,,,,,firms,VIIRS,VIIRS_NOAA21_NRT
3.52241,113.31454,2025-11-16,548,N21,n,2.0NRT,4.15,D,0.39,0.36,,,,,,firms,VIIRS,VIIRS_NOAA21_NRT
3.60716,112.41201,2025-11-16,548,N21,n,2.0NRT,3.74,D,0.4,0.37,,,,,,firms,VIIRS,VIIRS_NOAA21_NRT
4.55723,103.45662,2025-11-16,548,N21,n,2.0NRT,3.96,D,0.44,0.62,,,,,,firms,VIIRS,VIIRS_NOAA21_NRT
5.10627,119.15624,2025-11-16,548,N21,n,2.0NRT,3.02,D,0.43,0.46,,,,,,firms,VIIRS,VIIRS_NOAA21_NRT
5.50311,105.20777,2025-11-16,548,N21,n,2.0NRT,2.12,D,0.32,0.55,,,,,,firms,VIIRS,VIIRS_NOAA21_NRT
5.61746,114.8905,2025-11-16,548,N21,n,2.0NRT,2.09,D,0.4,0.37,,,,,,firms,VIIRS,VIIRS_NOAA21_NRT
-1.55867,127.42702,2025-11-16,1645,N21,n,2.0NRT,1.49,N,0.41,0.37,,,,,,firms,VIIRS,VIIRS_NOAA21_NRT
0.48244,128.00336,2025-11-16,1645,N21,n,2.0NRT,2.11,N,0.41,0.37,,,,,,firms,VIIRS,VIIRS_NOAA21_NRT
0.48301,127.99967,2025-11-16,1645,N21,n,2.0NRT,2.11,N,0.41,0.37,,,,,,firms,VIIRS,VIIRS_NOAA21_NRT
0.48415,127.99229,2025-11-16,1645,N21,n,2.0NRT,2.62,N,0.41,0.37,,,,,,firms,VIIRS,VIIRS_NOAA21_NRT
0.48472,127.98862,2025-11-16,1645,N21,n,2.0NRT,2.32,N,0.41,0.37,,,,,,firms,VIIRS,VIIRS_NOAA21_NRT
0.48528,127.98499,2025-11-16,1645,N21,n,2.0NRT,2.32,N,0.41,0.37,,,,,,firms,VIIRS,VIIRS_NOAA21_NRT
0.48697,127.97406,2025-11-16,1645,N21,n,2.0NRT,1.56,N,0.41,0.37,,,,,,firms,VIIRS,VIIRS_NOAA21_NRT
0.48868,127.98552,2025-11-16,1645,N21,n,2.0NRT,2.38,N,0.41,0.37,,,,,,firms,VIIRS,VIIRS_NOAA21_NRT
0.5092,127.89824,2025-11-16,1645,N21,n,2.0NRT,1.48,N,0.41,0.37,,,,,,firms,VIIRS,VIIRS_NOAA21_NRT
0.50977,127.89454,2025-11-16,1645,N21,n,2.0NRT,3.2,N,0.41,0.37,,,,,,firms,VIIRS,VIIRS_NOAA21_NRT
1.49508,127.6338,2025-11-16,1645,N21,n,2.0NRT,3.39,N,0.43,0.38,,,,,,firms,VIIRS,VIIRS_NOAA21_NRT
1.49569,127.62993,2025-11-16,1645,N21,n,2.0NRT,3.58,N,0.43,0.38,,,,,,firms,VIIRS,VIIRS_NOAA21_NRT
1.51775,127.93616,2025-11-16,1645,N21,n,2.0NRT,0.8,N,0.42,0.38,,,,,,firms,VIIRS,VIIRS_NOAA21_NRT
-8.89559,116.73617,2025-11-16,1649,N21,n,2.0NRT,1.75,N,0.49,0.65,,,,,,firms,VIIRS,VIIRS_NOAA21_NRT
4.00357,103.34525,2025-11-16,1825,N21,n,2.0NRT,1.13,N,0.41,0.37,,,,,,firms,VIIRS,VIIRS_NOAA21_NRT
4.02177,103.34049,2025-11-16,1825,N21,n,2.0NRT,1.39,N,0.41,0.37,,,,,,firms,VIIRS,VIIRS_NOAA21_NRT
4.28568,103.42913,2025-11-16,1825,N21,n,2.0NRT,1.63,N,0.41,0.37,,,,,,firms,VIIRS,VIIRS_NOAA21_NRT
4.28966,103.42596,2025-11-16,1825,N21,n,2.0NRT,0.49,N,0.41,0.37,,,,,,firms,VIIRS,VIIRS_NOAA21_NRT
4.55467,103.45809,2025-11-16,1825,N21,n,2.0NRT,2.81,N,0.41,0.37,,,,,,firms,VIIRS,VIIRS_NOAA21_NRT
5.22462,97.09856,2025-11-16,1825,N21,n,2.0NRT,1.42,N,0.33,0.56,,,,,,firms,VIIRS,VIIRS_NOAA21_NRT
-6.65553,139.00768,2025-11-17,344,N21,n,2.0NRT,25.15,D,0.55,0.51,,,,,,firms,VIIRS,VIIRS_NOAA21_NRT
-6.21745,138.95667,2025-11-17,344,N21,n,2.0NRT,7.05,D,0.55,0.51,,,,,,firms,VIIRS,VIIRS_NOAA21_NRT
-2.41798,140.37988,2025-11-17,346,N21,n,2.0NRT,2.84,D,0.39,0.44,,,,,,firms,VIIRS,VIIRS_NOAA21_NRT
-8.83645,120.2421,2025-11-17,527,N21,n,2.0NRT,2.12,D,0.39,0.36,,,,,,firms,VIIRS,VIIRS_NOAA21_NRT
-8.3602,120.90078,2025-11-17,527,N21,n,2.0NRT,3.89,D,0.39,0.36,,,,,,firms,VIIRS,VIIRS_NOAA21_NRT
-8.3545,120.87143,2025-11-17,527,N21,n,2.0NRT,3.84,D,0.39,0.36,,,,,,firms,VIIRS,VIIRS_NOAA21_NRT
-8.33802,120.48627,2025-11-17,527,N21,n,2.0NRT,2.2,D,0.39,0.36,,,,,,firms,VIIRS,VIIRS_NOAA21_NRT
-8.23887,119.07163,2025-11-17,527,N21,n,2.0NRT,9.5,D,0.42,0.38,,,,,,firms,VIIRS,VIIRS_NOAA21_NRT
-8.23817,119.07104,2025-11-17,527,N21,n,2.0NRT,9.39,D,0.42,0.38,,,,,,firms,VIIRS,VIIRS_NOAA21_NRT
-4.97573,120.22504,2025-11-17,527,N21,n,2.0NRT,3.62,D,0.38,0.36,,,,,,firms,VIIRS,VIIRS_NOAA21_NRT
-4.97243,120.22454,2025-11-17,527,N21,n,2.0NRT,8.85,D,0.38,0.36,,,,,,firms,VIIRS,VIIRS_NOAA21_NRT
-4.89483,123.00269,2025-11-17,527,N21,n,2.0NRT,3.43,D,0.43,0.38,,,,,,firms,VIIRS,VIIRS_NOAA21_NRT
-4.81374,122.41862,2025-11-17,527,N21,n,2.0NRT,8.14,D,0.41,0.37,,,,,,firms,VIIRS,VIIRS_NOAA21_NRT
-4.69817,122.98389,2025-11-17,527,N21,n,2.0NRT,5.4,D,0.44,0.38,,,,,,firms,VIIRS,VIIRS_NOAA21_NRT
-4.69757,122.98783,2025-11-17,527,N21,n,2.0NRT,11.64,D,0.44,0.38,,,,,,firms,VIIRS,VIIRS_NOAA21_NRT
-4.69467,122.98335,2025-11-17,527,N21,n,2.0NRT,5.4,D,0.44,0.38,,,,,,firms,VIIRS,VIIRS_NOAA21_NRT
-4.67004,123.00349,2025-11-17,527,N21,n,2.0NRT,4.2,D,0.44,0.38,,,,,,firms,VIIRS,VIIRS_NOAA21_NRT
-4.66654,123.00292,2025-11-17,527,N21,n,2.0NRT,4.38,D,0.44,0.38,,,,,,firms,VIIRS,VIIRS_NOAA21_NRT
-4.50807,121.65414,2025-11-17,527,N21,n,2.0NRT,6.36,D,0.4,0.37,,,,,,firms,VIIRS,VIIRS_NOAA21_NRT
-4.49276,121.84149,2025-11-17,527,N21,n,2.0NRT,2.73,D,0.4,0.37,,,,,,firms,VIIRS,VIIRS_NOAA21_NRT
-4.44481,122.26231,2025-11-17,527,N21,n,2.0NRT,2.66,D,0.41,0.37,,,,,,firms,VIIRS,VIIRS_NOAA21_NRT
-4.43887,121.73067,2025-11-17,527,N21,n,2.0NRT,11.34,D,0.4,0.37,,,,,,firms,VIIRS,VIIRS_NOAA21_NRT
-4.41137,122.65981,2025-11-17,527,N21,n,2.0NRT,4.51,D,0.43,0.38,,,,,,firms,VIIRS,VIIRS_NOAA21_NRT
-4.36878,121.63563,2025-11-17,527,N21,n,2.0NRT,6.25,D,0.4,0.37,,,,,,firms,VIIRS,VIIRS_NOAA21_NRT
-4.26915,122.39851,2025-11-17,527,N21,n,2.0NRT,4.93,D,0.42,0.37,,,,,,firms,VIIRS,VIIRS_NOAA21_NRT
-4.26365,122.27563,2025-11-17,527,N21,n,2.0NRT,2.11,D,0.41,0.37,,,,,,firms,VIIRS,VIIRS_NOAA21_NRT
-4.25738,122.47338,2025-11-17,527,N21,n,2.0NRT,5.66,D,0.42,0.38,,,,,,firms,VIIRS,VIIRS_NOAA21_NRT
-4.24824,122.37587,2025-11-17,527,N21,n,2.0NRT,6.6,D,0.42,0.37,,,,,,firms,VIIRS,VIIRS_NOAA21_NRT
-4.24538,122.37161,2025-11-17,527,N21,n,2.0NRT,6.6,D,0.42,0.37,,,,,,firms,VIIRS,VIIRS_NOAA21_NRT
-4.24094,122.17398,2025-11-17,527,N21,n,2.0NRT,5.85,D,0.41,0.37,,,,,,firms,VIIRS,VIIRS_NOAA21_NRT
-4.20964,122.24061,2025-11-17,527,N21,n,2.0NRT,6.26,D,0.41,0.37,,,,,,firms,VIIRS,VIIRS_NOAA21_NRT
-4.20792,122.25167,2025-11-17,527,N21,n,2.0NRT,15.0,D,0.41,0.37,,,,,,firms,VIIRS,VIIRS_NOAA21_NRT
-4.20393,122.25483,2025-11-17,527,N21,n,2.0NRT,61.58,D,0.41,0.37,,,,,,firms,VIIRS,VIIRS_NOAA21_NRT
-4.20304,122.10428,2025-11-17,527,N21,n,2.0NRT,20.94,D,0.41,0.37,,,,,,firms,VIIRS,VIIRS_NOAA21_NRT
-4.1869,122.22958,2025-11-17,527,N21,n,2.0NRT,4.24,D,0.41,0.37,,,,,,firms,VIIRS,VIIRS_NOAA21_NRT
-4.18633,122.23322,2025-11-17,527,N21,n,2.0NRT,12.35,D,0.41,0.37,,,,,,firms,VIIRS,VIIRS_NOAA21_NRT
-3.97522,122.30353,2025-11-17,527,N21,n,2.0NRT,3.28,D,0.42,0.37,,,,,,firms,VIIRS,VIIRS_NOAA21_NRT
-3.9402,122.34769,2025-11-17,527,N21,n,2.0NRT,10.65,D,0.42,0.38,,,,,,firms,VIIRS,VIIRS_NOAA21_NRT
-3.92436,122.33732,2025-11-17,527,N21,n,2.0NRT,6.38,D,0.42,0.38,,,,,,firms,VIIRS,VIIRS_NOAA21_NRT
-3.88751,121.75694,2025-11-17,527,N21,n,2.0NRT,1.72,D,0.4,0.37,,,,,,firms,VIIRS,VIIRS_NOAA21_NRT
-3.87206,122.40243,2025-11-17,527,N21,n,2.0NRT,6.67,D,0.42,0.38,,,,,,firms,VIIRS,VIIRS_NOAA21_NRT
-3.87089,122.40995,2025-11-17,527,N21,n,2.0NRT,10.39,D,0.42,0.38,,,,,,firms,VIIRS,VIIRS_NOAA21_NRT
-3.8692,122.39814,2025-11-17,527,N21,n,2.0NRT,5.36,D,0.42,0.38,,,,,,firms,VIIRS,VIIRS_NOAA21_NRT
-3.76273,120.13245,2025-11-17,527,N21,n,2.0NRT,3.36,D,0.38,0.36,,,,,,firms,VIIRS,VIIRS_NOAA21_NRT
-3.51831,121.46171,2025-11-17,527,N21,n,2.0NRT,2.7,D,0.4,0.37,,,,,,firms,VIIRS,VIIRS_NOAA21_NRT
-3.50925,122.04852,2025-11-17,527,N21,n,2.0NRT,3.86,D,0.41,0.37,,,,,,firms,VIIRS,VIIRS_NOAA21_NRT
-3.3478,115.00473,2025-11-17,527,N21,n,2.0NRT,4.88,D,0.4,0.44,,,,,,firms,VIIRS,VIIRS_NOAA21_NRT
-3.10582,115.87667,2025-11-17,527,N21,n,2.0NRT,6.59,D,0.53,0.42,,,,,,firms,VIIRS,VIIRS_NOAA21_NRT
-2.88804,115.93468,2025-11-17,527,N21,n,2.0NRT,12.01,D,0.52,0.42,,,,,,firms,VIIRS,VIIRS_NOAA21_NRT
-2.88123,122.16095,2025-11-17,527,N21,n,2.0NRT,2.74,D,0.42,0.38,,,,,,firms,VIIRS,VIIRS_NOAA21_NRT
-2.8305,122.17235,2025-11-17,527,N21,n,2.0NRT,4.58,D,0.42,0.38,,,,,,firms,VIIRS,VIIRS_NOAA21_NRT
-2.82992,122.17613,2025-11-17,527,N21,n,2.0NRT,4.44,D,0.42,0.38,,,,,,firms,VIIRS,VIIRS_NOAA21_NRT
-2.67959,116.33237,2025-11-17,527,N21,l,2.0NRT,4.52,D,0.49,0.4,,,,,,firms,VIIRS,VIIRS_NOAA21_NRT
-2.59677,120.7961,2025-11-17,527,N21,n,2.0NRT,1.33,D,0.39,0.36,,,,,,firms,VIIRS,VIIRS_NOAA21_NRT
-2.58684,119.12517,2025-11-17,527,N21,n,2.0NRT,2.17,D,0.39,0.36,,,,,,firms,VIIRS,VIIRS_NOAA21_NRT
-2.5776,121.38314,2025-11-17,527,N21,n,2.0NRT,19.51,D,0.4,0.37,,,,,,firms,VIIRS,VIIRS_NOAA21_NRT
-2.01892,119.37328,2025-11-17,527,N21,n,2.0NRT,4.83,D,0.39,0.36,,,,,,firms,VIIRS,VIIRS_NOAA21_NRT
-2.01366,121.42148,2025-11-17,527,N21,n,2.0NRT,2.44,D,0.4,0.37,,,,,,firms,VIIRS,VIIRS_NOAA21_NRT
-2.0111,119.35806,2025-11-17,527,N21,n,2.0NRT,3.45,D,0.39,0.36,,,,,,firms,VIIRS,VIIRS_NOAA21_NRT
-2.01084,121.41734,2025-11-17,527,N21,n,2.0NRT,2.44,D,0.4,0.37,,,,,,firms,VIIRS,VIIRS_NOAA21_NRT
-2.01028,121.42093,2025-11-17,527,N21,n,2.0NRT,2.44,D,0.4,0.37,,,,,,firms,VIIRS,VIIRS_NOAA21_NRT
-2.00717,121.4312,2025-11-17,527,N21,n,2.0NRT,2.91,D,0.4,0.37,,,,,,firms,VIIRS,VIIRS_NOAA21_NRT
-2.0038,121.43066,2025-11-17,527,N21,n,2.0NRT,2.91,D,0.4,0.37,,,,,,firms,VIIRS,VIIRS_NOAA21_NRT
-2.00042,121.43011,2025-11-17,527,N21,n,2.0NRT,4.94,D,0.4,0.37,,,,,,firms,VIIRS,VIIRS_NOAA21_NRT
-1.65295,121.84515,2025-11-17,527,N21,n,2.0NRT,3.42,D,0.42,0.38,,,,,,firms,VIIRS,VIIRS_NOAA21_NRT
-2.36744,116.5355,2025-11-17,529,N21,n,2.0NRT,3.44,D,0.48,0.4,,,,,,firms,VIIRS,VIIRS_NOAA21_NRT
-1.89046,112.60989,2025-11-17,529,N21,n,2.0NRT,4.82,D,0.55,0.51,,,,,,firms,VIIRS,VIIRS_NOAA21_NRT
-1.24664,116.81177,2025-11-17,529,N21,n,2.0NRT,3.59,D,0.45,0.39,,,,,,firms,VIIRS,VIIRS_NOAA21_NRT
-0.86622,117.05121,2025-11-17,529,N21,n,2.0NRT,4.51,D,0.44,0.38,,,,,,firms,VIIRS,VIIRS_NOAA21_NRT
1.50942,118.14115,2025-11-17,529,N21,n,2.0NRT,3.04,D,0.39,0.36,,,,,,firms,VIIRS,VIIRS_NOAA21_NRT
1.82098,99.77348,2025-11-17,709,N21,n,2.0NRT,4.89,D,0.47,0.48,,,,,,firms,VIIRS,VIIRS_NOAA21_NRT
-2.82955,122.17221,2025-11-17,1628,N21,n,2.0NRT,2.0,N,0.56,0.69,,,,,,firms,VIIRS,VIIRS_NOAA21_NRT
0.61151,117.44297,2025-11-17,1808,N21,n,2.0NRT,1.34,N,0.32,0.55,,,,,,firms,VIIRS,VIIRS_NOAA21_NRT
0.678,117.47786,2025-11-17,1808,N21,n,2.0NRT,1.1,N,0.33,0.55,,,,,,firms,VIIRS,VIIRS_NOAA21_NRT
0.6865,117.55355,2025-11-17,1808,N21,n,2.0NRT,1.07,N,0.33,0.55,,,,,,firms,VIIRS,VIIRS_NOAA21_NRT
0.69197,117.55163,2025-11-17,1808,N21,n,2.0NRT,0.92,N,0.33,0.55,,,,,,firms,VIIRS,VIIRS_NOAA21_NRT
0.69243,117.54871,2025-11-17,1808,N21,n,2.0NRT,0.92,N,0.33,0.55,,,,,,firms,VIIRS,VIIRS_NOAA21_NRT
4.01992,103.34251,2025-11-17,1808,N21,n,2.0NRT,1.23,N,0.5,0.49,,,,,,firms,VIIRS,VIIRS_NOAA21_NRT
-8.89785,116.73905,2025-11-17,1810,N21,n,2.0NRT,0.84,N,0.4,0.6,,,,,,firms,VIIRS,VIIRS_NOAA21_NRT
-8.8974,116.73907,2025-11-17,1810,N21,n,2.0NRT,0.85,N,0.4,0.6,,,,,,firms,VIIRS,VIIRS_NOAA21_NRT
-5.06124,104.87921,2025-11-17,1810,N21,n,2.0NRT,1.03,N,0.46,0.39,,,,,,firms,VIIRS,VIIRS_NOAA21_NRT
-9.69099,119.11235,2025-11-18,505,N21,n,2.0NRT,4.62,D,0.54,0.51,,,,,,firms,VIIRS,VIIRS_NOAA21_NRT
-8.84618,120.89059,2025-11-18,505,N21,n,2.0NRT,2.53,D,0.4,0.45,,,,,,firms,VIIRS,VIIRS_NOAA21_NRT
-3.27831,119.21251,2025-11-18,508,N21,n,2.0NRT,16.3,D,0.43,0.46,,,,,,firms,VIIRS,VIIRS_NOAA21_NRT
-2.82792,122.17285,2025-11-18,508,N21,l,2.0NRT,12.76,D,0.44,0.38,,,,,,firms,VIIRS,VIIRS_NOAA21_NRT
-2.37704,121.84835,2025-11-18,508,N21,n,2.0NRT,6.67,D,0.45,0.39,,,,,,firms,VIIRS,VIIRS_NOAA21_NRT
-2.27047,121.76366,2025-11-18,508,N21,l,2.0NRT,10.91,D,0.45,0.39,,,,,,firms,VIIRS,VIIRS_NOAA21_NRT
-2.01553,121.41865,2025-11-18,508,N21,l,2.0NRT,7.09,D,0.47,0.39,,,,,,firms,VIIRS,VIIRS_NOAA21_NRT
-2.01191,121.41814,2025-11-18,508,N21,l,2.0NRT,6.46,D,0.47,0.39,,,,,,firms,VIIRS,VIIRS_NOAA21_NRT
-2.0083,121.41766,2025-11-18,508,N21,l,2.0NRT,6.46,D,0.47,0.39,,,,,,firms,VIIRS,VIIRS_NOAA21_NRT
-2.00637,121.43019,2025-11-18,508,N21,l,2.0NRT,13.23,D,0.46,0.39,,,,,,firms,VIIRS,VIIRS_NOAA21_NRT
-2.00276,121.42973,2025-11-18,508,N21,l,2.0NRT,7.91,D,0.46,0.39,,,,,,firms,VIIRS,VIIRS_NOAA21_NRT
-1.99915,121.42921,2025-11-18,508,N21,l,2.0NRT,7.91,D,0.46,0.39,,,,,,firms,VIIRS,VIIRS_NOAA21_NRT
-1.82491,123.12335,2025-11-18,508,N21,n,2.0NRT,8.11,D,0.4,0.37,,,,,,firms,VIIRS,VIIRS_NOAA21_NRT
-1.77703,121.72091,2025-11-18,508,N21,n,2.0NRT,4.72,D,0.45,0.39,,,,,,firms,VIIRS,VIIRS_NOAA21_NRT
-1.7231,121.29675,2025-11-18,508,N21,l,2.0NRT,8.94,D,0.47,0.4,,,,,,firms,VIIRS,VIIRS_NOAA21_NRT
-1.58878,121.98031,2025-11-18,508,N21,l,2.0NRT,23.77,D,0.44,0.38,,,,,,firms,VIIRS,VIIRS_NOAA21_NRT
-1.39689,120.60609,2025-11-18,508,N21,n,2.0NRT,5.09,D,0.51,0.41,,,,,,firms,VIIRS,VIIRS_NOAA21_NRT
-1.39546,120.60697,2025-11-18,508,N21,n,2.0NRT,4.0,D,0.5,0.41,,,,,,firms,VIIRS,VIIRS_NOAA21_NRT
0.99178,117.0795,2025-11-18,510,N21,n,2.0NRT,3.59,D,0.52,0.5,,,,,,firms,VIIRS,VIIRS_NOAA21_NRT
0.99286,117.08028,2025-11-18,510,N21,n,2.0NRT,4.52,D,0.52,0.5,,,,,,firms,VIIRS,VIIRS_NOAA21_NRT
1.34277,116.7962,2025-11-18,510,N21,n,2.0NRT,4.96,D,0.54,0.51,,,,,,firms,VIIRS,VIIRS_NOAA21_NRT
-7.70446,108.99445,2025-11-18,648,N21,n,2.0NRT,7.34,D,0.33,0.55,,,,,,firms,VIIRS,VIIRS_NOAA21_NRT
-7.70394,108.99742,2025-11-18,648,N21,n,2.0NRT,10.44,D,0.33,0.55,,,,,,firms,VIIRS,VIIRS_NOAA21_NRT
-6.85046,111.81329,2025-11-18,648,N21,n,2.0NRT,4.39,D,0.54,0.68,,,,,,firms,VIIRS,VIIRS_NOAA21_NRT
-6.85001,111.81128,2025-11-18,648,N21,n,2.0NRT,3.45,D,0.54,0.68,,,,,,firms,VIIRS,VIIRS_NOAA21_NRT
-0.75031,102.32294,2025-11-18,650,N21,n,2.0NRT,4.02,D,0.48,0.4,,,,,,firms,VIIRS,VIIRS_NOAA21_NRT
4.55638,103.45844,2025-11-18,652,N21,n,2.0NRT,4.13,D,0.44,0.46,,,,,,firms,VIIRS,VIIRS_NOAA21_NRT
-1.81741,136.75175,2025-11-18,1607,N21,n,2.0NRT,4.71,N,0.42,0.38,,,,,,firms,VIIRS,VIIRS_NOAA21_NRT
-1.81682,136.74805,2025-11-18,1607,N21,n,2.0NRT,4.71,N,0.42,0.38,,,,,,firms,VIIRS,VIIRS_NOAA21_NRT
4.67522,113.85683,2025-11-18,1747,N21,n,2.0NRT,1.84,N,0.39,0.36,,,,,,firms,VIIRS,VIIRS_NOAA21_NRT
4.73985,113.72619,2025-11-18,1747,N21,n,2.0NRT,2.34,N,0.4,0.37,,,,,,firms,VIIRS,VIIRS_NOAA21_NRT
5.61725,114.88873,2025-11-18,1747,N21,n,2.0NRT,0.86,N,0.38,0.36,,,,,,firms,VIIRS,VIIRS_NOAA21_NRT
5.64734,104.97712,2025-11-18,1747,N21,n,2.0NRT,3.77,N,0.44,0.62,,,,,,firms,VIIRS,VIIRS_NOAA21_NRT
5.65051,104.97992,2025-11-18,1747,N21,n,2.0NRT,1.9,N,0.44,0.62,,,,,,firms,VIIRS,VIIRS_NOAA21_NRT
5.65108,104.97599,2025-11-18,1747,N21,n,2.0NRT,1.9,N,0.44,0.62,,,,,,firms,VIIRS,VIIRS_NOAA21_NRT
0.67379,117.56512,2025-11-18,1749,N21,n,2.0NRT,1.19,N,0.49,0.4,,,,,,firms,VIIRS,VIIRS_NOAA21_NRT
0.67746,117.56575,2025-11-18,1749,N21,n,2.0NRT,2.0,N,0.49,0.4,,,,,,firms,VIIRS,VIIRS_NOAA21_NRT
0.68181,117.56201,2025-11-18,1749,N21,n,2.0NRT,1.64,N,0.49,0.4,,,,,,firms,VIIRS,VIIRS_NOAA21_NRT
0.68683,117.55389,2025-11-18,1749,N21,n,2.0NRT,1.09,N,0.49,0.4,,,,,,firms,VIIRS,VIIRS_NOAA21_NRT
0.69079,117.54893,2025-11-18,1749,N21,n,2.0NRT,2.45,N,0.49,0.4,,,,,,firms,VIIRS,VIIRS_NOAA21_NRT
0.69117,117.55021,2025-11-18,1749,N21,n,2.0NRT,1.09,N,0.49,0.4,,,,,,firms,VIIRS,VIIRS_NOAA21_NRT
4.1629,106.22385,2025-11-18,1749,N21,n,2.0NRT,1.57,N,0.34,0.56,,,,,,firms,VIIRS,VIIRS_NOAA21_NRT
4.16503,106.22684,2025-11-18,1749,N21,n,2.0NRT,1.01,N,0.34,0.56,,,,,,firms,VIIRS,VIIRS_NOAA21_NRT
4.16546,106.22379,2025-11-18,1749,N21,n,2.0NRT,1.15,N,0.34,0.56,,,,,,firms,VIIRS,VIIRS_NOAA21_NRT
-7.54393,110.44385,2025-11-18,1751,N21,n,2.0NRT,0.18,N,0.41,0.37,,,,,,firms,VIIRS,VIIRS_NOAA21_NRT
-8.43503,124.44019,2025-11-19,448,N21,n,2.0NRT,6.27,D,0.48,0.48,,,,,,firms,VIIRS,VIIRS_NOAA21_NRT
-8.41854,124.041,2025-11-19,448,N21,n,2.0NRT,5.24,D,0.51,0.49,,,,,,firms,VIIRS,VIIRS_NOAA21_NRT
-8.31682,124.51527,2025-11-19,448,N21,n,2.0NRT,5.3,D,0.47,0.48,,,,,,firms,VIIRS,VIIRS_NOAA21_NRT
-8.13883,124.56276,2025-11-19,448,N21,n,2.0NRT,3.8,D,0.46,0.47,,,,,,firms,VIIRS,VIIRS_NOAA21_NRT
-5.84688,120.50266,2025-11-19,448,N21,n,2.0NRT,2.57,D,0.41,0.61,,,,,,firms,VIIRS,VIIRS_NOAA21_NRT
-5.55328,122.82985,2025-11-19,448,N21,n,2.0NRT,4.68,D,0.56,0.51,,,,,,firms,VIIRS,VIIRS_NOAA21_NRT
-5.39122,123.0452,2025-11-19,448,N21,n,2.0NRT,6.55,D,0.54,0.51,,,,,,firms,VIIRS,VIIRS_NOAA21_NRT
-5.39051,123.05019,2025-11-19,448,N21,n,2.0NRT,2.75,D,0.54,0.51,,,,,,firms,VIIRS,VIIRS_NOAA21_NRT
-4.23653,123.08348,2025-11-19,448,N21,n,2.0NRT,2.73,D,0.51,0.5,,,,,,firms,VIIRS,VIIRS_NOAA21_NRT
-4.11673,138.97693,2025-11-19,448,N21,n,2.0NRT,16.9,D,0.38,0.58,,,,,,firms,VIIRS,VIIRS_NOAA21_NRT
-4.11616,138.98026,2025-11-19,448,N21,h,2.0NRT,20.43,D,0.38,0.58,,,,,,firms,VIIRS,VIIRS_NOAA21_NRT
-3.98755,138.88388,2025-11-19,448,N21,n,2.0NRT,2.21,D,0.37,0.58,,,,,,firms,VIIRS,VIIRS_NOAA21_NRT
-3.78994,122.38793,2025-11-19,448,N21,n,2.0NRT,22.95,D,0.56,0.52,,,,,,firms,VIIRS,VIIRS_NOAA21_NRT
-3.27682,135.58621,2025-11-19,448,N21,n,2.0NRT,7.02,D,0.45,0.47,,,,,,firms,VIIRS,VIIRS_NOAA21_NRT
-2.54108,120.92265,2025-11-19,450,N21,n,2.0NRT,2.36,D,0.34,0.56,,,,,,firms,VIIRS,VIIRS_NOAA21_NRT
-1.45824,127.43744,2025-11-19,450,N21,n,2.0NRT,15.92,D,0.41,0.37,,,,,,firms,VIIRS,VIIRS_NOAA21_NRT
-1.42572,120.93534,2025-11-19,450,N21,n,2.0NRT,4.2,D,0.33,0.55,,,,,,firms,VIIRS,VIIRS_NOAA21_NRT
-1.42529,120.93817,2025-11-19,450,N21,n,2.0NRT,4.32,D,0.33,0.55,,,,,,firms,VIIRS,VIIRS_NOAA21_NRT
-2.33427,111.64304,2025-11-19,629,N21,n,2.0NRT,11.3,D,0.59,0.52,,,,,,firms,VIIRS,VIIRS_NOAA21_NRT
-2.33381,111.64721,2025-11-19,629,N21,n,2.0NRT,20.68,D,0.59,0.53,,,,,,firms,VIIRS,VIIRS_NOAA21_NRT
-2.02947,110.53347,2025-11-19,629,N21,n,2.0NRT,6.49,D,0.5,0.49,,,,,,firms,VIIRS,VIIRS_NOAA21_NRT
1.39684,109.11985,2025-11-19,631,N21,n,2.0NRT,6.02,D,0.45,0.47,,,,,,firms,VIIRS,VIIRS_NOAA21_NRT
1.46405,109.13018,2025-11-19,631,N21,n,2.0NRT,2.78,D,0.45,0.47,,,,,,firms,VIIRS,VIIRS_NOAA21_NRT
3.28428,113.08219,2025-11-19,631,N21,n,2.0NRT,10.79,D,0.45,0.63,,,,,,firms,VIIRS,VIIRS_NOAA21_NRT
3.28485,113.08614,2025-11-19,631,N21,l,2.0NRT,10.79,D,0.45,0.63,,,,,,firms,VIIRS,VIIRS_NOAA21_NRT
3.60508,112.41154,2025-11-19,631,N21,n,2.0NRT,4.48,D,0.41,0.61,,,,,,firms,VIIRS,VIIRS_NOAA21_NRT
3.60567,112.41194,2025-11-19,631,N21,n,2.0NRT,5.07,D,0.41,0.61,,,,,,firms,VIIRS,VIIRS_NOAA21_NRT
4.74393,113.72976,2025-11-19,631,N21,n,2.0NRT,11.26,D,0.53,0.67,,,,,,firms,VIIRS,VIIRS_NOAA21_NRT
4.97977,112.98269,2025-11-19,631,N21,n,2.0NRT,9.6,D,0.47,0.64,,,,,,firms,VIIRS,VIIRS_NOAA21_NRT
4.98035,112.98692,2025-11-19,631,N21,n,2.0NRT,7.85,D,0.47,0.64,,,,,,firms,VIIRS,VIIRS_NOAA21_NRT
0.69069,117.55028,2025-11-19,1730,N21,n,2.0NRT,1.31,N,0.4,0.37,,,,,,firms,VIIRS,VIIRS_NOAA21_NRT
0.69349,117.55429,2025-11-19,1730,N21,n,2.0NRT,1.31,N,0.4,0.37,,,,,,firms,VIIRS,VIIRS_NOAA21_NRT
1.20503,118.00311,2025-11-19,1730,N21,n,2.0NRT,0.55,N,0.39,0.36,,,,,,firms,VIIRS,VIIRS_NOAA21_NRT
1.49229,127.63487,2025-11-19,1730,N21,n,2.0NRT,4.49,N,0.35,0.57,,,,,,firms,VIIRS,VIIRS_NOAA21_NRT
3.60592,112.41206,2025-11-19,1730,N21,n,2.0NRT,8.15,N,0.53,0.5,,,,,,firms,VIIRS,VIIRS_NOAA21_NRT
4.74043,113.7276,2025-11-19,1730,N21,n,2.0NRT,3.71,N,0.45,0.47,,,,,,firms,VIIRS,VIIRS_NOAA21_NRT
4.97677,112.98215,2025-11-19,1730,N21,n,2.0NRT,12.23,N,0.51,0.49,,,,,,firms,VIIRS,VIIRS_NOAA21_NRT
4.97744,112.97758,2025-11-19,1730,N21,n,2.0NRT,10.1,N,0.51,0.49,,,,,,firms,VIIRS,VIIRS_NOAA21_NRT
5.24611,115.24007,2025-11-19,1730,N21,n,2.0NRT,1.38,N,0.55,0.43,,,,,,firms,VIIRS,VIIRS_NOAA21_NRT
5.61825,114.89,2025-11-19,1730,N21,n,2.0NRT,1.56,N,0.39,0.44,,,,,,firms,VIIRS,VIIRS_NOAA21_NRT
-3.9046,122.41902,2025-11-19,1732,N21,n,2.0NRT,2.97,N,0.56,0.43,,,,,,firms,VIIRS,VIIRS_NOAA21_NRT
-3.87248,122.39306,2025-11-19,1732,N21,n,2.0NRT,0.85,N,0.56,0.43,,,,,,firms,VIIRS,VIIRS_NOAA21_NRT
-3.87081,122.40874,2025-11-19,1732,N21,n,2.0NRT,0.86,N,0.56,0.43,,,,,,firms,VIIRS,VIIRS_NOAA21_NRT
-2.03615,105.89911,2025-11-19,1732,N21,n,2.0NRT,0.78,N,0.61,0.71,,,,,,firms,VIIRS,VIIRS_NOAA21_NRT
-0.71027,117.06396,2025-11-19,1732,N21,n,2.0NRT,2.87,N,0.4,0.37,,,,,,firms,VIIRS,VIIRS_NOAA21_NRT
-0.58304,117.3844,2025-11-19,1732,N21,n,2.0NRT,0.34,N,0.39,0.36,,,,,,firms,VIIRS,VIIRS_NOAA21_NRT
-10.60808,123.33433,2025-11-19,1734,N21,n,2.0NRT,0.79,N,0.53,0.5,,,,,,firms,VIIRS,VIIRS_NOAA21_NRT
-8.92284,116.76151,2025-11-19,1734,N21,n,2.0NRT,1.0,N,0.38,0.36,,,,,,firms,VIIRS,VIIRS_NOAA21_NRT
-3.71421,136.87692,2025-11-20,429,N21,n,2.0NRT,12.0,D,0.43,0.38,,,,,,firms,VIIRS,VIIRS_NOAA21_NRT
-1.68958,127.84439,2025-11-20,429,N21,n,2.0NRT,6.91,D,0.47,0.48,,,,,,firms,VIIRS,VIIRS_NOAA21_NRT
-1.45917,127.43573,2025-11-20,429,N21,n,2.0NRT,14.75,D,0.5,0.49,,,,,,firms,VIIRS,VIIRS_NOAA21_NRT
-8.94869,121.00159,2025-11-20,609,N21,n,2.0NRT,3.8,D,0.47,0.64,,,,,,firms,VIIRS,VIIRS_NOAA21_NRT
-4.15279,102.80482,2025-11-20,612,N21,n,2.0NRT,4.51,D,0.48,0.48,,,,,,firms,VIIRS,VIIRS_NOAA21_NRT
-4.07704,103.3923,2025-11-20,612,N21,n,2.0NRT,4.98,D,0.44,0.46,,,,,,firms,VIIRS,VIIRS_NOAA21_NRT
-4.06154,103.4099,2025-11-20,612,N21,n,2.0NRT,3.29,D,0.44,0.46,,,,,,firms,VIIRS,VIIRS_NOAA21_NRT
-3.67851,103.30789,2025-11-20,612,N21,n,2.0NRT,3.59,D,0.44,0.46,,,,,,firms,VIIRS,VIIRS_NOAA21_NRT
-3.66637,103.30203,2025-11-20,612,N21,n,2.0NRT,4.9,D,0.44,0.46,,,,,,firms,VIIRS,VIIRS_NOAA21_NRT
-1.21371,101.64819,2025-11-20,612,N21,n,2.0NRT,4.52,D,0.53,0.5,,,,,,firms,VIIRS,VIIRS_NOAA21_NRT
3.27859,113.07202,2025-11-20,612,N21,n,2.0NRT,3.74,D,0.43,0.46,,,,,,firms,VIIRS,VIIRS_NOAA21_NRT
-3.87091,122.40832,2025-11-20,1711,N21,n,2.0NRT,0.99,N,0.38,0.36,,,,,,firms,VIIRS,VIIRS_NOAA21_NRT
-3.87037,122.40488,2025-11-20,1711,N21,n,2.0NRT,0.99,N,0.38,0.36,,,,,,firms,VIIRS,VIIRS_NOAA21_NRT
-1.5676,127.43054,2025-11-20,1711,N21,n,2.0NRT,1.06,N,0.55,0.42,,,,,,firms,VIIRS,VIIRS_NOAA21_NRT
-1.38113,122.47965,2025-11-20,1711,N21,n,2.0NRT,0.43,N,0.39,0.36,,,,,,firms,VIIRS,VIIRS_NOAA21_NRT
-8.89673,116.73946,2025-11-20,1713,N21,n,2.0NRT,2.77,N,0.55,0.43,,,,,,firms,VIIRS,VIIRS_NOAA21_NRT
-8.7358,120.054,2025-11-20,1713,N21,n,2.0NRT,0.39,N,0.4,0.37,,,,,,firms,VIIRS,VIIRS_NOAA21_NRT
-8.27387,123.50752,2025-11-20,1713,N21,n,2.0NRT,2.14,N,0.42,0.37,,,,,,firms,VIIRS,VIIRS_NOAA21_NRT
-8.27329,123.50365,2025-11-20,1713,N21,n,2.0NRT,2.14,N,0.42,0.37,,,,,,firms,VIIRS,VIIRS_NOAA21_NRT
0.84642,101.39374,2025-11-20,1851,N21,n,2.0NRT,0.89,N,0.47,0.4,,,,,,firms,VIIRS,VIIRS_NOAA21_NRT
1.04926,103.95438,2025-11-20,1851,N21,n,2.0NRT,0.98,N,0.44,0.46,,,,,,firms,VIIRS,VIIRS_NOAA21_NRT
-1.28885,102.45585,2025-11-20,1853,N21,n,2.0NRT,0.6,N,0.57,0.43,,,,,,firms,VIIRS,VIIRS_NOAA21_NRT
-8.04351,138.83789,2025-11-21,410,N21,n,2.0NRT,3.27,D,0.4,0.37,,,,,,firms,VIIRS,VIIRS_NOAA21_NRT
-8.02227,138.8046,2025-11-21,410,N21,n,2.0NRT,3.97,D,0.4,0.37,,,,,,firms,VIIRS,VIIRS_NOAA21_NRT
-8.02173,138.80818,2025-11-21,410,N21,n,2.0NRT,11.65,D,0.4,0.37,,,,,,firms,VIIRS,VIIRS_NOAA21_NRT
-8.01392,138.81438,2025-11-21,410,N21,n,2.0NRT,7.59,D,0.4,0.37,,,,,,firms,VIIRS,VIIRS_NOAA21_NRT
-7.89055,138.21169,2025-11-21,410,N21,l,2.0NRT,3.52,D,0.41,0.37,,,,,,firms,VIIRS,VIIRS_NOAA21_NRT
-7.85678,139.53961,2025-11-21,410,N21,n,2.0NRT,7.62,D,0.39,0.36,,,,,,firms,VIIRS,VIIRS_NOAA21_NRT
-7.68481,138.81184,2025-11-21,410,N21,n,2.0NRT,34.96,D,0.4,0.37,,,,,,firms,VIIRS,VIIRS_NOAA21_NRT
-9.52819,120.18475,2025-11-21,550,N21,n,2.0NRT,3.86,D,0.39,0.44,,,,,,firms,VIIRS,VIIRS_NOAA21_NRT
-9.52418,120.18412,2025-11-21,550,N21,n,2.0NRT,16.08,D,0.39,0.44,,,,,,firms,VIIRS,VIIRS_NOAA21_NRT
-8.89744,116.73811,2025-11-21,550,N21,n,2.0NRT,4.09,D,0.41,0.37,,,,,,firms,VIIRS,VIIRS_NOAA21_NRT
-8.37842,120.61614,2025-11-21,550,N21,n,2.0NRT,3.76,D,0.43,0.46,,,,,,firms,VIIRS,VIIRS_NOAA21_NRT
-8.28244,120.61787,2025-11-21,550,N21,n,2.0NRT,6.55,D,0.43,0.46,,,,,,firms,VIIRS,VIIRS_NOAA21_NRT
-5.03039,105.0561,2025-11-21,552,N21,n,2.0NRT,3.75,D,0.37,0.58,,,,,,firms,VIIRS,VIIRS_NOAA21_NRT
-4.01121,120.26887,2025-11-21,552,N21,n,2.0NRT,3.12,D,0.48,0.48,,,,,,firms,VIIRS,VIIRS_NOAA21_NRT
-3.82593,122.12087,2025-11-21,552,N21,n,2.0NRT,14.86,D,0.32,0.55,,,,,,firms,VIIRS,VIIRS_NOAA21_NRT
-3.82545,122.12373,2025-11-21,552,N21,l,2.0NRT,18.18,D,0.32,0.55,,,,,,firms,VIIRS,VIIRS_NOAA21_NRT
-2.70132,106.35188,2025-11-21,552,N21,n,2.0NRT,4.98,D,0.56,0.51,,,,,,firms,VIIRS,VIIRS_NOAA21_NRT
-2.64002,121.72858,2025-11-21,552,N21,n,2.0NRT,2.52,D,0.32,0.54,,,,,,firms,VIIRS,VIIRS_NOAA21_NRT
-2.39382,115.98116,2025-11-21,552,N21,n,2.0NRT,5.05,D,0.43,0.38,,,,,,firms,VIIRS,VIIRS_NOAA21_NRT
-2.3922,115.98,2025-11-21,552,N21,n,2.0NRT,5.33,D,0.43,0.38,,,,,,firms,VIIRS,VIIRS_NOAA21_NRT
3.5234,113.31321,2025-11-21,554,N21,n,2.0NRT,3.69,D,0.39,0.36,,,,,,firms,VIIRS,VIIRS_NOAA21_NRT
3.60414,112.41025,2025-11-21,554,N21,n,2.0NRT,2.61,D,0.38,0.36,,,,,,firms,VIIRS,VIIRS_NOAA21_NRT
-4.64166,121.97264,2025-11-21,1654,N21,n,2.0NRT,1.3,N,0.4,0.44,,,,,,firms,VIIRS,VIIRS_NOAA21_NRT
-1.38345,122.48174,2025-11-21,1654,N21,n,2.0NRT,1.59,N,0.41,0.45,,,,,,firms,VIIRS,VIIRS_NOAA21_NRT
-8.27211,123.50716,2025-11-21,1656,N21,n,2.0NRT,1.15,N,0.44,0.39,,,,,,firms,VIIRS,VIIRS_NOAA21_NRT
-8.27147,123.5032,2025-11-21,1656,N21,n,2.0NRT,1.15,N,0.44,0.39,,,,,,firms,VIIRS,VIIRS_NOAA21_NRT
-8.21951,122.76648,2025-11-21,1656,N21,n,2.0NRT,2.1,N,0.48,0.4,,,,,,firms,VIIRS,VIIRS_NOAA21_NRT
-8.11503,112.92292,2025-11-21,1656,N21,h,2.0NRT,51.39,N,0.72,0.75,,,,,,firms,VIIRS,VIIRS_NOAA21_NRT
-8.11452,112.92413,2025-11-21,1656,N21,h,2.0NRT,35.39,N,0.72,0.75,,,,,,firms,VIIRS,VIIRS_NOAA21_NRT
-8.11267,112.91446,2025-11-21,1656,N21,h,2.0NRT,35.39,N,0.72,0.75,,,,,,firms,VIIRS,VIIRS_NOAA21_NRT
-8.10785,112.8868,2025-11-21,1656,N21,n,2.0NRT,39.05,N,0.72,0.75,,,,,,firms,VIIRS,VIIRS_NOAA21_NRT
4.16541,106.22704,2025-11-21,1832,N21,n,2.0NRT,2.66,N,0.44,0.38,,,,,,firms,VIIRS,VIIRS_NOAA21_NRT
-9.91557,120.65535,2025-11-22,531,N21,n,2.0NRT,2.38,D,0.39,0.36,,,,,,firms,VIIRS,VIIRS_NOAA21_NRT
-9.76324,124.70508,2025-11-22,531,N21,n,2.0NRT,5.83,D,0.56,0.43,,,,,,firms,VIIRS,VIIRS_NOAA21_NRT
-9.38534,119.16473,2025-11-22,531,N21,n,2.0NRT,2.28,D,0.39,0.36,,,,,,firms,VIIRS,VIIRS_NOAA21_NRT
-8.84498,118.58028,2025-11-22,531,N21,n,2.0NRT,5.32,D,0.39,0.37,,,,,,firms,VIIRS,VIIRS_NOAA21_NRT
-8.76663,118.69232,2025-11-22,531,N21,n,2.0NRT,5.85,D,0.39,0.36,,,,,,firms,VIIRS,VIIRS_NOAA21_NRT
-8.40884,120.01828,2025-11-22,531,N21,n,2.0NRT,4.19,D,0.38,0.36,,,,,,firms,VIIRS,VIIRS_NOAA21_NRT
-8.38001,120.64516,2025-11-22,531,N21,n,2.0NRT,2.34,D,0.39,0.36,,,,,,firms,VIIRS,VIIRS_NOAA21_NRT
-8.36231,120.73692,2025-11-22,531,N21,n,2.0NRT,3.48,D,0.39,0.36,,,,,,firms,VIIRS,VIIRS_NOAA21_NRT
-8.35851,120.87118,2025-11-22,531,N21,n,2.0NRT,4.48,D,0.4,0.37,,,,,,firms,VIIRS,VIIRS_NOAA21_NRT
-8.33729,120.65651,2025-11-22,531,N21,n,2.0NRT,5.82,D,0.39,0.36,,,,,,firms,VIIRS,VIIRS_NOAA21_NRT
-8.30392,120.6326,2025-11-22,531,N21,n,2.0NRT,2.8,D,0.39,0.36,,,,,,firms,VIIRS,VIIRS_NOAA21_NRT
-8.29113,120.62701,2025-11-22,531,N21,l,2.0NRT,4.1,D,0.39,0.36,,,,,,firms,VIIRS,VIIRS_NOAA21_NRT
-8.2878,120.62653,2025-11-22,531,N21,n,2.0NRT,6.08,D,0.39,0.36,,,,,,firms,VIIRS,VIIRS_NOAA21_NRT
-8.2778,120.62499,2025-11-22,531,N21,n,2.0NRT,5.05,D,0.39,0.36,,,,,,firms,VIIRS,VIIRS_NOAA21_NRT
-8.27666,120.61037,2025-11-22,531,N21,l,2.0NRT,3.51,D,0.39,0.36,,,,,,firms,VIIRS,VIIRS_NOAA21_NRT
-8.27278,120.61338,2025-11-22,531,N21,l,2.0NRT,5.69,D,0.39,0.36,,,,,,firms,VIIRS,VIIRS_NOAA21_NRT
-8.27223,120.61692,2025-11-22,531,N21,n,2.0NRT,5.69,D,0.39,0.36,,,,,,firms,VIIRS,VIIRS_NOAA21_NRT
-6.52163,110.70187,2025-11-22,531,N21,n,2.0NRT,2.12,D,0.34,0.56,,,,,,firms,VIIRS,VIIRS_NOAA21_NRT
-4.51977,121.94616,2025-11-22,531,N21,n,2.0NRT,10.47,D,0.46,0.39,,,,,,firms,VIIRS,VIIRS_NOAA21_NRT
-4.51617,121.94558,2025-11-22,531,N21,n,2.0NRT,10.47,D,0.46,0.39,,,,,,firms,VIIRS,VIIRS_NOAA21_NRT
-3.88759,119.56927,2025-11-22,531,N21,n,2.0NRT,2.19,D,0.39,0.36,,,,,,firms,VIIRS,VIIRS_NOAA21_NRT
-3.52261,118.97885,2025-11-22,533,N21,n,2.0NRT,3.03,D,0.39,0.36,,,,,,firms,VIIRS,VIIRS_NOAA21_NRT
-3.16759,119.0321,2025-11-22,533,N21,n,2.0NRT,10.2,D,0.39,0.36,,,,,,firms,VIIRS,VIIRS_NOAA21_NRT
-2.99403,119.54141,2025-11-22,533,N21,n,2.0NRT,5.61,D,0.39,0.36,,,,,,firms,VIIRS,VIIRS_NOAA21_NRT
-2.57742,121.38093,2025-11-22,533,N21,n,2.0NRT,8.21,D,0.46,0.39,,,,,,firms,VIIRS,VIIRS_NOAA21_NRT
-2.57677,121.38507,2025-11-22,533,N21,n,2.0NRT,8.21,D,0.46,0.39,,,,,,firms,VIIRS,VIIRS_NOAA21_NRT
-2.07463,119.48529,2025-11-22,533,N21,n,2.0NRT,3.07,D,0.4,0.37,,,,,,firms,VIIRS,VIIRS_NOAA21_NRT
-2.038,119.36724,2025-11-22,533,N21,n,2.0NRT,2.22,D,0.39,0.37,,,,,,firms,VIIRS,VIIRS_NOAA21_NRT
-1.90799,119.41642,2025-11-22,533,N21,n,2.0NRT,3.79,D,0.4,0.37,,,,,,firms,VIIRS,VIIRS_NOAA21_NRT
-1.40287,121.67444,2025-11-22,533,N21,n,2.0NRT,3.58,D,0.49,0.4,,,,,,firms,VIIRS,VIIRS_NOAA21_NRT
-1.39647,122.42389,2025-11-22,533,N21,n,2.0NRT,6.36,D,0.54,0.42,,,,,,firms,VIIRS,VIIRS_NOAA21_NRT
-1.37647,122.42564,2025-11-22,533,N21,n,2.0NRT,5.14,D,0.54,0.42,,,,,,firms,VIIRS,VIIRS_NOAA21_NRT
-1.37003,121.76508,2025-11-22,533,N21,n,2.0NRT,2.7,D,0.49,0.41,,,,,,firms,VIIRS,VIIRS_NOAA21_NRT
-1.06037,116.91143,2025-11-22,533,N21,n,2.0NRT,5.58,D,0.39,0.36,,,,,,firms,VIIRS,VIIRS_NOAA21_NRT
-0.91219,122.92479,2025-11-22,533,N21,n,2.0NRT,7.26,D,0.39,0.44,,,,,,firms,VIIRS,VIIRS_NOAA21_NRT
-0.84503,117.18507,2025-11-22,533,N21,n,2.0NRT,2.24,D,0.39,0.36,,,,,,firms,VIIRS,VIIRS_NOAA21_NRT
0.48252,128.00331,2025-11-22,533,N21,n,2.0NRT,5.97,D,0.46,0.63,,,,,,firms,VIIRS,VIIRS_NOAA21_NRT
0.48581,127.98647,2025-11-22,533,N21,n,2.0NRT,5.07,D,0.45,0.63,,,,,,firms,VIIRS,VIIRS_NOAA21_NRT
0.48644,127.99049,2025-11-22,533,N21,n,2.0NRT,5.07,D,0.46,0.63,,,,,,firms,VIIRS,VIIRS_NOAA21_NRT
0.67581,117.56622,2025-11-22,533,N21,n,2.0NRT,2.72,D,0.38,0.36,,,,,,firms,VIIRS,VIIRS_NOAA21_NRT
0.6902,117.55004,2025-11-22,533,N21,n,2.0NRT,4.6,D,0.38,0.36,,,,,,firms,VIIRS,VIIRS_NOAA21_NRT
0.90448,122.77148,2025-11-22,533,N21,n,2.0NRT,2.44,D,0.4,0.45,,,,,,firms,VIIRS,VIIRS_NOAA21_NRT
1.56044,117.30437,2025-11-22,533,N21,n,2.0NRT,14.46,D,0.38,0.36,,,,,,firms,VIIRS,VIIRS_NOAA21_NRT
3.56628,116.58409,2025-11-22,533,N21,n,2.0NRT,3.8,D,0.39,0.36,,,,,,firms,VIIRS,VIIRS_NOAA21_NRT
5.42727,114.71077,2025-11-22,535,N21,n,2.0NRT,1.21,D,0.41,0.37,,,,,,firms,VIIRS,VIIRS_NOAA21_NRT
-3.29513,103.32401,2025-11-22,713,N21,n,2.0NRT,3.54,D,0.44,0.62,,,,,,firms,VIIRS,VIIRS_NOAA21_NRT
-2.43874,133.13364,2025-11-22,1634,N21,n,2.0NRT,1.27,N,0.39,0.36,,,,,,firms,VIIRS,VIIRS_NOAA21_NRT
-1.56317,127.42573,2025-11-22,1634,N21,n,2.0NRT,3.63,N,0.4,0.44,,,,,,firms,VIIRS,VIIRS_NOAA21_NRT
-1.55912,127.42632,2025-11-22,1634,N21,n,2.0NRT,3.63,N,0.4,0.44,,,,,,firms,VIIRS,VIIRS_NOAA21_NRT
-1.46017,127.43439,2025-11-22,1634,N21,n,2.0NRT,2.26,N,0.4,0.44,,,,,,firms,VIIRS,VIIRS_NOAA21_NRT
-1.45611,127.43494,2025-11-22,1634,N21,n,2.0NRT,1.89,N,0.4,0.44,,,,,,firms,VIIRS,VIIRS_NOAA21_NRT
0.48002,127.98885,2025-11-22,1634,N21,n,2.0NRT,1.58,N,0.39,0.44,,,,,,firms,VIIRS,VIIRS_NOAA21_NRT
0.4818,128.00359,2025-11-22,1634,N21,n,2.0NRT,3.12,N,0.39,0.44,,,,,,firms,VIIRS,VIIRS_NOAA21_NRT
0.48235,128.00012,2025-11-22,1634,N21,n,2.0NRT,3.12,N,0.39,0.44,,,,,,firms,VIIRS,VIIRS_NOAA21_NRT
0.48291,127.99658,2025-11-22,1634,N21,n,2.0NRT,1.98,N,0.39,0.44,,,,,,firms,VIIRS,VIIRS_NOAA21_NRT
0.48346,127.99309,2025-11-22,1634,N21,n,2.0NRT,1.98,N,0.39,0.44,,,,,,firms,VIIRS,VIIRS_NOAA21_NRT
0.48402,127.98953,2025-11-22,1634,N21,n,2.0NRT,2.27,N,0.39,0.44,,,,,,firms,VIIRS,VIIRS_NOAA21_NRT
0.48457,127.98607,2025-11-22,1634,N21,n,2.0NRT,2.27,N,0.39,0.44,,,,,,firms,VIIRS,VIIRS_NOAA21_NRT
0.48617,127.97588,2025-11-22,1634,N21,n,2.0NRT,1.42,N,0.39,0.44,,,,,,firms,VIIRS,VIIRS_NOAA21_NRT
0.48856,127.98679,2025-11-22,1634,N21,n,2.0NRT,2.27,N,0.39,0.44,,,,,,firms,VIIRS,VIIRS_NOAA21_NRT
0.48909,127.98343,2025-11-22,1634,N21,n,2.0NRT,2.69,N,0.39,0.44,,,,,,firms,VIIRS,VIIRS_NOAA21_NRT
0.49016,127.97664,2025-11-22,1634,N21,n,2.0NRT,1.42,N,0.39,0.44,,,,,,firms,VIIRS,VIIRS_NOAA21_NRT
0.49308,127.98424,2025-11-22,1634,N21,n,2.0NRT,1.92,N,0.39,0.44,,,,,,firms,VIIRS,VIIRS_NOAA21_NRT
0.51108,127.89671,2025-11-22,1634,N21,n,2.0NRT,2.71,N,0.4,0.44,,,,,,firms,VIIRS,VIIRS_NOAA21_NRT
0.51165,127.89312,2025-11-22,1634,N21,n,2.0NRT,1.27,N,0.4,0.44,,,,,,firms,VIIRS,VIIRS_NOAA21_NRT
2.74027,102.39416,2025-11-22,1813,N21,n,2.0NRT,1.19,N,0.44,0.46,,,,,,firms,VIIRS,VIIRS_NOAA21_NRT
4.02185,103.3408,2025-11-22,1813,N21,n,2.0NRT,0.73,N,0.39,0.44,,,,,,firms,VIIRS,VIIRS_NOAA21_NRT
4.28406,103.43082,2025-11-22,1813,N21,n,2.0NRT,0.42,N,0.39,0.44,,,,,,firms,VIIRS,VIIRS_NOAA21_NRT
5.53152,104.98575,2025-11-22,1813,N21,n,2.0NRT,9.47,N,0.5,0.41,,,,,,firms,VIIRS,VIIRS_NOAA21_NRT
5.6452,104.978,2025-11-22,1813,N21,n,2.0NRT,3.42,N,0.5,0.41,,,,,,firms,VIIRS,VIIRS_NOAA21_NRT
-2.10186,103.79993,2025-11-22,1815,N21,n,2.0NRT,1.49,N,0.47,0.39,,,,,,firms,VIIRS,VIIRS_NOAA21_NRT
-1.57033,103.6913,2025-11-22,1815,N21,n,2.0NRT,0.59,N,0.48,0.4,,,,,,firms,VIIRS,VIIRS_NOAA21_NRT
-7.54484,110.44282,2025-11-22,1817,N21,n,2.0NRT,0.75,N,0.56,0.43,,,,,,firms,VIIRS,VIIRS_NOAA21_NRT
-7.4605,138.36427,2025-11-23,332,N21,n,2.0NRT,5.2,D,0.52,0.67,,,,,,firms,VIIRS,VIIRS_NOAA21_NRT
-6.61305,139.02007,2025-11-23,332,N21,n,2.0NRT,3.51,D,0.46,0.63,,,,,,firms,VIIRS,VIIRS_NOAA21_NRT
-3.60905,136.66522,2025-11-23,334,N21,n,2.0NRT,6.33,D,0.6,0.71,,,,,,firms,VIIRS,VIIRS_NOAA21_NRT
-10.3196,123.71817,2025-11-23,512,N21,n,2.0NRT,3.61,D,0.39,0.36,,,,,,firms,VIIRS,VIIRS_NOAA21_NRT
-10.29946,123.78445,2025-11-23,512,N21,n,2.0NRT,2.05,D,0.39,0.36,,,,,,firms,VIIRS,VIIRS_NOAA21_NRT
-10.28357,123.82233,2025-11-23,512,N21,n,2.0NRT,5.68,D,0.39,0.36,,,,,,firms,VIIRS,VIIRS_NOAA21_NRT
-10.0504,124.35526,2025-11-23,512,N21,n,2.0NRT,3.42,D,0.39,0.36,,,,,,firms,VIIRS,VIIRS_NOAA21_NRT
-9.99819,124.56514,2025-11-23,512,N21,n,2.0NRT,3.29,D,0.38,0.36,,,,,,firms,VIIRS,VIIRS_NOAA21_NRT
-9.91009,124.45098,2025-11-23,512,N21,n,2.0NRT,3.24,D,0.38,0.36,,,,,,firms,VIIRS,VIIRS_NOAA21_NRT
-9.89916,120.60498,2025-11-23,512,N21,n,2.0NRT,7.13,D,0.52,0.42,,,,,,firms,VIIRS,VIIRS_NOAA21_NRT
-9.89516,124.34873,2025-11-23,512,N21,n,2.0NRT,3.9,D,0.39,0.36,,,,,,firms,VIIRS,VIIRS_NOAA21_NRT
-9.79084,124.76752,2025-11-23,512,N21,n,2.0NRT,5.07,D,0.38,0.36,,,,,,firms,VIIRS,VIIRS_NOAA21_NRT
-8.96315,126.32981,2025-11-23,512,N21,n,2.0NRT,21.27,D,0.41,0.37,,,,,,firms,VIIRS,VIIRS_NOAA21_NRT
-8.79021,121.33698,2025-11-23,512,N21,n,2.0NRT,7.01,D,0.46,0.39,,,,,,firms,VIIRS,VIIRS_NOAA21_NRT
-8.41415,124.58906,2025-11-23,512,N21,n,2.0NRT,5.28,D,0.38,0.36,,,,,,firms,VIIRS,VIIRS_NOAA21_NRT
-8.41085,124.58855,2025-11-23,512,N21,n,2.0NRT,5.28,D,0.38,0.36,,,,,,firms,VIIRS,VIIRS_NOAA21_NRT
-8.27256,123.50543,2025-11-23,512,N21,n,2.0NRT,11.79,D,0.39,0.36,,,,,,firms,VIIRS,VIIRS_NOAA21_NRT
-7.69297,126.79293,2025-11-23,512,N21,n,2.0NRT,5.93,D,0.43,0.38,,,,,,firms,VIIRS,VIIRS_NOAA21_NRT
-4.60159,122.05063,2025-11-23,514,N21,n,2.0NRT,3.2,D,0.4,0.37,,,,,,firms,VIIRS,VIIRS_NOAA21_NRT
-2.83087,122.16283,2025-11-23,514,N21,n,2.0NRT,2.28,D,0.39,0.36,,,,,,firms,VIIRS,VIIRS_NOAA21_NRT
-2.83034,122.16634,2025-11-23,514,N21,n,2.0NRT,2.28,D,0.39,0.36,,,,,,firms,VIIRS,VIIRS_NOAA21_NRT
-2.82928,122.17334,2025-11-23,514,N21,n,2.0NRT,4.72,D,0.39,0.36,,,,,,firms,VIIRS,VIIRS_NOAA21_NRT
-2.29734,121.67235,2025-11-23,514,N21,n,2.0NRT,4.69,D,0.4,0.37,,,,,,firms,VIIRS,VIIRS_NOAA21_NRT
-2.26985,121.76254,2025-11-23,514,N21,n,2.0NRT,4.69,D,0.4,0.37,,,,,,firms,VIIRS,VIIRS_NOAA21_NRT
-2.26931,121.76608,2025-11-23,514,N21,n,2.0NRT,4.32,D,0.4,0.37,,,,,,firms,VIIRS,VIIRS_NOAA21_NRT
-2.01312,121.41994,2025-11-23,514,N21,n,2.0NRT,5.82,D,0.4,0.37,,,,,,firms,VIIRS,VIIRS_NOAA21_NRT
-2.00974,121.41946,2025-11-23,514,N21,n,2.0NRT,4.41,D,0.4,0.37,,,,,,firms,VIIRS,VIIRS_NOAA21_NRT
-2.0047,121.42981,2025-11-23,514,N21,n,2.0NRT,3.5,D,0.4,0.37,,,,,,firms,VIIRS,VIIRS_NOAA21_NRT
-2.00133,121.42931,2025-11-23,514,N21,n,2.0NRT,3.36,D,0.4,0.37,,,,,,firms,VIIRS,VIIRS_NOAA21_NRT
-1.61371,123.16499,2025-11-23,514,N21,n,2.0NRT,2.04,D,0.38,0.36,,,,,,firms,VIIRS,VIIRS_NOAA21_NRT
-1.42699,120.96285,2025-11-23,514,N21,n,2.0NRT,2.66,D,0.41,0.37,,,,,,firms,VIIRS,VIIRS_NOAA21_NRT
-1.39081,121.79688,2025-11-23,514,N21,n,2.0NRT,14.23,D,0.39,0.36,,,,,,firms,VIIRS,VIIRS_NOAA21_NRT
-1.29917,121.79653,2025-11-23,514,N21,n,2.0NRT,4.3,D,0.39,0.36,,,,,,firms,VIIRS,VIIRS_NOAA21_NRT
0.25005,127.88384,2025-11-23,514,N21,n,2.0NRT,3.34,D,0.42,0.45,,,,,,firms,VIIRS,VIIRS_NOAA21_NRT
0.25417,127.88315,2025-11-23,514,N21,n,2.0NRT,3.6,D,0.42,0.45,,,,,,firms,VIIRS,VIIRS_NOAA21_NRT
0.5459,121.87391,2025-11-23,516,N21,n,2.0NRT,3.11,D,0.39,0.36,,,,,,firms,VIIRS,VIIRS_NOAA21_NRT
0.78577,124.09858,2025-11-23,516,N21,n,2.0NRT,5.32,D,0.41,0.37,,,,,,firms,VIIRS,VIIRS_NOAA21_NRT
2.57086,117.48071,2025-11-23,516,N21,n,2.0NRT,2.57,D,0.55,0.43,,,,,,firms,VIIRS,VIIRS_NOAA21_NRT
3.27674,113.06454,2025-11-23,516,N21,n,2.0NRT,2.48,D,0.35,0.57,,,,,,firms,VIIRS,VIIRS_NOAA21_NRT
3.27779,113.07105,2025-11-23,516,N21,n,2.0NRT,1.51,D,0.35,0.57,,,,,,firms,VIIRS,VIIRS_NOAA21_NRT
-2.65954,110.35896,2025-11-23,656,N21,n,2.0NRT,13.35,D,0.65,0.73,,,,,,firms,VIIRS,VIIRS_NOAA21_NRT
-2.65761,110.35476,2025-11-23,656,N21,n,2.0NRT,21.89,D,0.65,0.73,,,,,,firms,VIIRS,VIIRS_NOAA21_NRT
1.74151,103.23534,2025-11-23,656,N21,n,2.0NRT,5.76,D,0.49,0.49,,,,,,firms,VIIRS,VIIRS_NOAA21_NRT
5.44539,105.37949,2025-11-23,658,N21,n,2.0NRT,11.32,D,0.39,0.6,,,,,,firms,VIIRS,VIIRS_NOAA21_NRT
5.44589,105.383,2025-11-23,658,N21,n,2.0NRT,8.97,D,0.39,0.6,,,,,,firms,VIIRS,VIIRS_NOAA21_NRT
5.44687,105.37844,2025-11-23,658,N21,n,2.0NRT,15.64,D,0.39,0.6,,,,,,firms,VIIRS,VIIRS_NOAA21_NRT
5.44735,105.38197,2025-11-23,658,N21,l,2.0NRT,22.75,D,0.39,0.6,,,,,,firms,VIIRS,VIIRS_NOAA21_NRT
5.45084,105.37872,2025-11-23,658,N21,n,2.0NRT,4.77,D,0.39,0.6,,,,,,firms,VIIRS,VIIRS_NOAA21_NRT
5.45134,105.38224,2025-11-23,658,N21,n,2.0NRT,4.89,D,0.39,0.6,,,,,,firms,VIIRS,VIIRS_NOAA21_NRT
-1.81717,136.7522,2025-11-23,1615,N21,n,2.0NRT,5.37,N,0.39,0.36,,,,,,firms,VIIRS,VIIRS_NOAA21_NRT
-1.81663,136.74878,2025-11-23,1615,N21,n,2.0NRT,4.85,N,0.39,0.36,,,,,,firms,VIIRS,VIIRS_NOAA21_NRT
-1.46058,127.43732,2025-11-23,1615,N21,n,2.0NRT,1.15,N,0.42,0.61,,,,,,firms,VIIRS,VIIRS_NOAA21_NRT
-1.45988,127.43298,2025-11-23,1615,N21,n,2.0NRT,1.15,N,0.42,0.61,,,,,,firms,VIIRS,VIIRS_NOAA21_NRT
4.6742,113.85761,2025-11-23,1753,N21,n,2.0NRT,3.83,N,0.39,0.36,,,,,,firms,VIIRS,VIIRS_NOAA21_NRT
4.74218,113.72678,2025-11-23,1753,N21,n,2.0NRT,3.29,N,0.39,0.36,,,,,,firms,VIIRS,VIIRS_NOAA21_NRT
4.7855,113.49387,2025-11-23,1753,N21,n,2.0NRT,0.57,N,0.38,0.36,,,,,,firms,VIIRS,VIIRS_NOAA21_NRT
5.21153,114.74323,2025-11-23,1753,N21,n,2.0NRT,2.96,N,0.4,0.37,,,,,,firms,VIIRS,VIIRS_NOAA21_NRT
5.4275,114.71194,2025-11-23,1753,N21,n,2.0NRT,1.28,N,0.4,0.37,,,,,,firms,VIIRS,VIIRS_NOAA21_NRT
5.61682,114.89169,2025-11-23,1753,N21,n,2.0NRT,2.09,N,0.4,0.37,,,,,,firms,VIIRS,VIIRS_NOAA21_NRT
-2.16867,115.56795,2025-11-23,1756,N21,n,2.0NRT,1.28,N,0.5,0.41,,,,,,firms,VIIRS,VIIRS_NOAA21_NRT
-2.06046,115.56952,2025-11-23,1756,N21,n,2.0NRT,1.35,N,0.5,0.41,,,,,,firms,VIIRS,VIIRS_NOAA21_NRT
-1.89583,115.86445,2025-11-23,1756,N21,n,2.0NRT,3.37,N,0.52,0.41,,,,,,firms,VIIRS,VIIRS_NOAA21_NRT
-1.89204,115.86504,2025-11-23,1756,N21,n,2.0NRT,3.37,N,0.52,0.41,,,,,,firms,VIIRS,VIIRS_NOAA21_NRT
-1.02202,103.36103,2025-11-23,1756,N21,n,2.0NRT,0.63,N,0.35,0.56,,,,,,firms,VIIRS,VIIRS_NOAA21_NRT
-0.70968,117.06504,2025-11-23,1756,N21,n,2.0NRT,1.65,N,0.39,0.44,,,,,,firms,VIIRS,VIIRS_NOAA21_NRT
-0.70914,117.06155,2025-11-23,1756,N21,n,2.0NRT,1.81,N,0.39,0.44,,,,,,firms,VIIRS,VIIRS_NOAA21_NRT
0.67605,117.56706,2025-11-23,1756,N21,n,2.0NRT,2.36,N,0.4,0.45,,,,,,firms,VIIRS,VIIRS_NOAA21_NRT
0.6766,117.56347,2025-11-23,1756,N21,n,2.0NRT,2.36,N,0.4,0.45,,,,,,firms,VIIRS,VIIRS_NOAA21_NRT
0.68105,117.56326,2025-11-23,1756,N21,n,2.0NRT,2.17,N,0.4,0.45,,,,,,firms,VIIRS,VIIRS_NOAA21_NRT
0.68122,117.56055,2025-11-23,1756,N21,n,2.0NRT,2.19,N,0.4,0.45,,,,,,firms,VIIRS,VIIRS_NOAA21_NRT
0.68163,117.55965,2025-11-23,1756,N21,n,2.0NRT,2.27,N,0.4,0.44,,,,,,firms,VIIRS,VIIRS_NOAA21_NRT
0.68528,117.56123,2025-11-23,1756,N21,n,2.0NRT,2.19,N,0.4,0.45,,,,,,firms,VIIRS,VIIRS_NOAA21_NRT
0.68569,117.56032,2025-11-23,1756,N21,n,2.0NRT,2.27,N,0.4,0.44,,,,,,firms,VIIRS,VIIRS_NOAA21_NRT
0.68639,117.554,2025-11-23,1756,N21,n,2.0NRT,1.62,N,0.4,0.44,,,,,,firms,VIIRS,VIIRS_NOAA21_NRT
0.68685,117.5531,2025-11-23,1756,N21,n,2.0NRT,1.75,N,0.4,0.44,,,,,,firms,VIIRS,VIIRS_NOAA21_NRT
0.6909,117.55384,2025-11-23,1756,N21,n,2.0NRT,1.86,N,0.4,0.44,,,,,,firms,VIIRS,VIIRS_NOAA21_NRT
0.69147,117.55026,2025-11-23,1756,N21,n,2.0NRT,1.86,N,0.4,0.44,,,,,,firms,VIIRS,VIIRS_NOAA21_NRT
3.27712,113.06617,2025-11-23,1756,N21,n,2.0NRT,3.53,N,0.38,0.36,,,,,,firms,VIIRS,VIIRS_NOAA21_NRT
3.27766,113.06274,2025-11-23,1756,N21,n,2.0NRT,3.53,N,0.38,0.36,,,,,,firms,VIIRS,VIIRS_NOAA21_NRT
3.52339,113.31549,2025-11-23,1756,N21,n,2.0NRT,1.64,N,0.38,0.36,,,,,,firms,VIIRS,VIIRS_NOAA21_NRT
3.52393,113.31205,2025-11-23,1756,N21,n,2.0NRT,1.64,N,0.38,0.36,,,,,,firms,VIIRS,VIIRS_NOAA21_NRT
3.53354,113.34225,2025-11-23,1756,N21,n,2.0NRT,1.35,N,0.38,0.36,,,,,,firms,VIIRS,VIIRS_NOAA21_NRT
3.6043,112.40955,2025-11-23,1756,N21,n,2.0NRT,2.35,N,0.39,0.36,,,,,,firms,VIIRS,VIIRS_NOAA21_NRT
3.60761,112.41006,2025-11-23,1756,N21,n,2.0NRT,2.35,N,0.39,0.36,,,,,,firms,VIIRS,VIIRS_NOAA21_NRT
3.76357,112.06413,2025-11-23,1756,N21,n,2.0NRT,2.98,N,0.39,0.36,,,,,,firms,VIIRS,VIIRS_NOAA21_NRT
4.16271,106.22386,2025-11-23,1756,N21,n,2.0NRT,4.21,N,0.53,0.5,,,,,,firms,VIIRS,VIIRS_NOAA21_NRT
4.16714,106.22681,2025-11-23,1756,N21,n,2.0NRT,4.89,N,0.53,0.5,,,,,,firms,VIIRS,VIIRS_NOAA21_NRT
4.1673,106.22453,2025-11-23,1756,N21,n,2.0NRT,4.21,N,0.53,0.5,,,,,,firms,VIIRS,VIIRS_NOAA21_NRT
4.32329,106.08714,2025-11-23,1756,N21,n,2.0NRT,2.07,N,0.54,0.51,,,,,,firms,VIIRS,VIIRS_NOAA21_NRT
4.4101,106.64244,2025-11-23,1756,N21,n,2.0NRT,2.42,N,0.5,0.49,,,,,,firms,VIIRS,VIIRS_NOAA21_NRT
4.55083,113.62279,2025-11-23,1756,N21,n,2.0NRT,2.75,N,0.39,0.36,,,,,,firms,VIIRS,VIIRS_NOAA21_NRT
5.53209,104.98779,2025-11-23,1756,N21,n,2.0NRT,3.68,N,0.34,0.56,,,,,,firms,VIIRS,VIIRS_NOAA21_NRT
5.53253,104.98478,2025-11-23,1756,N21,n,2.0NRT,3.68,N,0.34,0.56,,,,,,firms,VIIRS,VIIRS_NOAA21_NRT
-8.27731,123.51742,2025-11-23,1758,N21,n,2.0NRT,2.13,N,0.71,0.75,,,,,,firms,VIIRS,VIIRS_NOAA21_NRT
-6.0971,106.67152,2025-11-23,1758,N21,n,2.0NRT,1.63,N,0.52,0.42,,,,,,firms,VIIRS,VIIRS_NOAA21_NRT
-8.43193,122.65338,2025-11-24,453,N21,n,2.0NRT,10.92,D,0.49,0.49,,,,,,firms,VIIRS,VIIRS_NOAA21_NRT
-8.37124,123.2924,2025-11-24,453,N21,n,2.0NRT,4.62,D,0.44,0.46,,,,,,firms,VIIRS,VIIRS_NOAA21_NRT
-8.309,124.63879,2025-11-24,453,N21,n,2.0NRT,6.28,D,0.55,0.43,,,,,,firms,VIIRS,VIIRS_NOAA21_NRT
-7.23481,131.94875,2025-11-24,453,N21,n,2.0NRT,8.1,D,0.46,0.39,,,,,,firms,VIIRS,VIIRS_NOAA21_NRT
-6.72108,134.13243,2025-11-24,453,N21,n,2.0NRT,2.79,D,0.41,0.45,,,,,,firms,VIIRS,VIIRS_NOAA21_NRT
-9.42169,123.96581,2025-11-24,455,N21,n,2.0NRT,4.94,D,0.41,0.45,,,,,,firms,VIIRS,VIIRS_NOAA21_NRT
-4.32051,121.87225,2025-11-24,455,N21,n,2.0NRT,3.47,D,0.48,0.48,,,,,,firms,VIIRS,VIIRS_NOAA21_NRT
-3.87321,122.40855,2025-11-24,455,N21,n,2.0NRT,3.11,D,0.44,0.46,,,,,,firms,VIIRS,VIIRS_NOAA21_NRT
-3.50188,121.44072,2025-11-24,455,N21,n,2.0NRT,14.75,D,0.5,0.49,,,,,,firms,VIIRS,VIIRS_NOAA21_NRT
-2.77643,118.88892,2025-11-24,455,N21,n,2.0NRT,4.9,D,0.37,0.58,,,,,,firms,VIIRS,VIIRS_NOAA21_NRT
-2.57858,121.3844,2025-11-24,455,N21,n,2.0NRT,10.18,D,0.49,0.49,,,,,,firms,VIIRS,VIIRS_NOAA21_NRT
-2.57411,121.38395,2025-11-24,455,N21,n,2.0NRT,10.18,D,0.49,0.49,,,,,,firms,VIIRS,VIIRS_NOAA21_NRT
-2.47573,119.17194,2025-11-24,455,N21,n,2.0NRT,2.47,D,0.35,0.57,,,,,,firms,VIIRS,VIIRS_NOAA21_NRT
-2.29582,119.23166,2025-11-24,455,N21,n,2.0NRT,5.65,D,0.34,0.56,,,,,,firms,VIIRS,VIIRS_NOAA21_NRT
-1.84131,121.52267,2025-11-24,455,N21,n,2.0NRT,5.85,D,0.47,0.48,,,,,,firms,VIIRS,VIIRS_NOAA21_NRT
0.35912,128.57639,2025-11-24,455,N21,n,2.0NRT,2.99,D,0.4,0.37,,,,,,firms,VIIRS,VIIRS_NOAA21_NRT
0.48294,128.00296,2025-11-24,455,N21,n,2.0NRT,5.5,D,0.39,0.36,,,,,,firms,VIIRS,VIIRS_NOAA21_NRT
0.48415,127.98861,2025-11-24,455,N21,n,2.0NRT,5.72,D,0.39,0.36,,,,,,firms,VIIRS,VIIRS_NOAA21_NRT
0.48468,127.99207,2025-11-24,455,N21,n,2.0NRT,8.57,D,0.39,0.36,,,,,,firms,VIIRS,VIIRS_NOAA21_NRT
0.48694,127.9846,2025-11-24,455,N21,n,2.0NRT,6.63,D,0.39,0.36,,,,,,firms,VIIRS,VIIRS_NOAA21_NRT
0.49026,127.98407,2025-11-24,455,N21,n,2.0NRT,6.63,D,0.39,0.36,,,,,,firms,VIIRS,VIIRS_NOAA21_NRT
0.49357,127.98355,2025-11-24,455,N21,n,2.0NRT,14.45,D,0.39,0.36,,,,,,firms,VIIRS,VIIRS_NOAA21_NRT
0.83054,122.75306,2025-11-24,455,N21,n,2.0NRT,2.7,D,0.54,0.42,,,,,,firms,VIIRS,VIIRS_NOAA21_NRT
0.87005,123.71519,2025-11-24,455,N21,n,2.0NRT,5.44,D,0.48,0.4,,,,,,firms,VIIRS,VIIRS_NOAA21_NRT
1.32983,128.27364,2025-11-24,455,N21,n,2.0NRT,2.61,D,0.4,0.37,,,,,,firms,VIIRS,VIIRS_NOAA21_NRT
-7.54345,110.44675,2025-11-24,633,N21,n,2.0NRT,12.57,D,0.52,0.5,,,,,,firms,VIIRS,VIIRS_NOAA21_NRT
-4.80155,104.05231,2025-11-24,635,N21,n,2.0NRT,3.38,D,0.39,0.36,,,,,,firms,VIIRS,VIIRS_NOAA21_NRT
-4.74615,104.12373,2025-11-24,635,N21,n,2.0NRT,3.77,D,0.39,0.37,,,,,,firms,VIIRS,VIIRS_NOAA21_NRT
-4.66245,104.1832,2025-11-24,635,N21,n,2.0NRT,2.94,D,0.4,0.37,,,,,,firms,VIIRS,VIIRS_NOAA21_NRT
-4.52151,104.45853,2025-11-24,635,N21,n,2.0NRT,2.25,D,0.4,0.37,,,,,,firms,VIIRS,VIIRS_NOAA21_NRT
-3.79979,103.4903,2025-11-24,635,N21,n,2.0NRT,6.31,D,0.39,0.36,,,,,,firms,VIIRS,VIIRS_NOAA21_NRT
-3.79647,103.48979,2025-11-24,635,N21,n,2.0NRT,6.31,D,0.39,0.36,,,,,,firms,VIIRS,VIIRS_NOAA21_NRT
-3.58924,103.64358,2025-11-24,635,N21,n,2.0NRT,7.13,D,0.39,0.36,,,,,,firms,VIIRS,VIIRS_NOAA21_NRT
-2.94125,106.4966,2025-11-24,635,N21,n,2.0NRT,7.12,D,0.51,0.41,,,,,,firms,VIIRS,VIIRS_NOAA21_NRT
-2.91849,106.51385,2025-11-24,635,N21,n,2.0NRT,5.85,D,0.51,0.41,,,,,,firms,VIIRS,VIIRS_NOAA21_NRT
-2.82608,106.33435,2025-11-24,635,N21,n,2.0NRT,6.37,D,0.5,0.41,,,,,,firms,VIIRS,VIIRS_NOAA21_NRT
-2.2743,105.99784,2025-11-24,635,N21,n,2.0NRT,5.75,D,0.49,0.4,,,,,,firms,VIIRS,VIIRS_NOAA21_NRT
-2.26406,106.13577,2025-11-24,635,N21,n,2.0NRT,4.06,D,0.5,0.41,,,,,,firms,VIIRS,VIIRS_NOAA21_NRT
-1.33397,102.2944,2025-11-24,637,N21,n,2.0NRT,3.47,D,0.38,0.36,,,,,,firms,VIIRS,VIIRS_NOAA21_NRT
-1.17653,102.41426,2025-11-24,637,N21,n,2.0NRT,3.52,D,0.38,0.36,,,,,,firms,VIIRS,VIIRS_NOAA21_NRT
3.60571,112.41318,2025-11-24,637,N21,n,2.0NRT,6.66,D,0.53,0.67,,,,,,firms,VIIRS,VIIRS_NOAA21_NRT
1.20575,118.00195,2025-11-24,1736,N21,n,2.0NRT,0.9,N,0.39,0.36,,,,,,firms,VIIRS,VIIRS_NOAA21_NRT
1.51693,127.93732,2025-11-24,1736,N21,n,2.0NRT,0.73,N,0.48,0.65,,,,,,firms,VIIRS,VIIRS_NOAA21_NRT
3.60606,112.41029,2025-11-24,1736,N21,n,2.0NRT,5.11,N,0.42,0.45,,,,,,firms,VIIRS,VIIRS_NOAA21_NRT
5.24742,115.24284,2025-11-24,1736,N21,n,2.0NRT,3.04,N,0.45,0.39,,,,,,firms,VIIRS,VIIRS_NOAA21_NRT
-3.90157,122.41924,2025-11-24,1738,N21,n,2.0NRT,1.31,N,0.48,0.48,,,,,,firms,VIIRS,VIIRS_NOAA21_NRT
-3.90093,122.41498,2025-11-24,1738,N21,n,2.0NRT,1.31,N,0.48,0.48,,,,,,firms,VIIRS,VIIRS_NOAA21_NRT
-3.87269,122.4062,2025-11-24,1738,N21,n,2.0NRT,0.92,N,0.48,0.48,,,,,,firms,VIIRS,VIIRS_NOAA21_NRT
-3.87206,122.40193,2025-11-24,1738,N21,n,2.0NRT,0.92,N,0.48,0.48,,,,,,firms,VIIRS,VIIRS_NOAA21_NRT
-3.87143,122.3977,2025-11-24,1738,N21,n,2.0NRT,0.58,N,0.48,0.48,,,,,,firms,VIIRS,VIIRS_NOAA21_NRT
-3.8708,122.39342,2025-11-24,1738,N21,n,2.0NRT,0.58,N,0.48,0.48,,,,,,firms,VIIRS,VIIRS_NOAA21_NRT
-2.87955,122.15602,2025-11-24,1738,N21,n,2.0NRT,0.84,N,0.44,0.46,,,,,,firms,VIIRS,VIIRS_NOAA21_NRT
-2.87531,122.15677,2025-11-24,1738,N21,n,2.0NRT,1.39,N,0.44,0.46,,,,,,firms,VIIRS,VIIRS_NOAA21_NRT
-2.86623,122.15414,2025-11-24,1738,N21,n,2.0NRT,0.77,N,0.44,0.46,,,,,,firms,VIIRS,VIIRS_NOAA21_NRT
-2.8626,122.15896,2025-11-24,1738,N21,n,2.0NRT,0.77,N,0.44,0.46,,,,,,firms,VIIRS,VIIRS_NOAA21_NRT
-2.86199,122.15488,2025-11-24,1738,N21,n,2.0NRT,0.77,N,0.44,0.46,,,,,,firms,VIIRS,VIIRS_NOAA21_NRT
-2.83045,122.17648,2025-11-24,1738,N21,n,2.0NRT,1.36,N,0.44,0.46,,,,,,firms,VIIRS,VIIRS_NOAA21_NRT
-2.82986,122.17254,2025-11-24,1738,N21,n,2.0NRT,1.21,N,0.44,0.46,,,,,,firms,VIIRS,VIIRS_NOAA21_NRT
-2.82928,122.16863,2025-11-24,1738,N21,n,2.0NRT,1.21,N,0.44,0.46,,,,,,firms,VIIRS,VIIRS_NOAA21_NRT
-2.8227,122.1535,2025-11-24,1738,N21,n,2.0NRT,1.41,N,0.44,0.46,,,,,,firms,VIIRS,VIIRS_NOAA21_NRT
-2.57807,121.38329,2025-11-24,1738,N21,n,2.0NRT,10.98,N,0.39,0.44,,,,,,firms,VIIRS,VIIRS_NOAA21_NRT
-2.57751,121.3797,2025-11-24,1738,N21,n,2.0NRT,10.98,N,0.39,0.44,,,,,,firms,VIIRS,VIIRS_NOAA21_NRT
-2.57695,121.3761,2025-11-24,1738,N21,n,2.0NRT,2.03,N,0.39,0.44,,,,,,firms,VIIRS,VIIRS_NOAA21_NRT
-2.57404,121.38381,2025-11-24,1738,N21,n,2.0NRT,3.47,N,0.39,0.44,,,,,,firms,VIIRS,VIIRS_NOAA21_NRT
-2.57349,121.38025,2025-11-24,1738,N21,n,2.0NRT,3.47,N,0.39,0.44,,,,,,firms,VIIRS,VIIRS_NOAA21_NRT
-2.57293,121.37666,2025-11-24,1738,N21,n,2.0NRT,0.64,N,0.39,0.44,,,,,,firms,VIIRS,VIIRS_NOAA21_NRT
-2.56893,121.37731,2025-11-24,1738,N21,n,2.0NRT,0.64,N,0.39,0.44,,,,,,firms,VIIRS,VIIRS_NOAA21_NRT
-2.01295,121.42045,2025-11-24,1738,N21,n,2.0NRT,3.24,N,0.39,0.44,,,,,,firms,VIIRS,VIIRS_NOAA21_NRT
-2.01243,121.41705,2025-11-24,1738,N21,n,2.0NRT,2.25,N,0.39,0.44,,,,,,firms,VIIRS,VIIRS_NOAA21_NRT
-2.00843,121.41759,2025-11-24,1738,N21,n,2.0NRT,2.25,N,0.39,0.44,,,,,,firms,VIIRS,VIIRS_NOAA21_NRT
-2.00654,121.43192,2025-11-24,1738,N21,n,2.0NRT,1.21,N,0.39,0.44,,,,,,firms,VIIRS,VIIRS_NOAA21_NRT
-1.56737,127.42956,2025-11-24,1738,N21,n,2.0NRT,1.8,N,0.49,0.65,,,,,,firms,VIIRS,VIIRS_NOAA21_NRT
-1.46113,127.43452,2025-11-24,1738,N21,n,2.0NRT,2.15,N,0.49,0.65,,,,,,firms,VIIRS,VIIRS_NOAA21_NRT
-1.45843,127.43832,2025-11-24,1738,N21,n,2.0NRT,3.63,N,0.49,0.65,,,,,,firms,VIIRS,VIIRS_NOAA21_NRT
-1.45785,127.43462,2025-11-24,1738,N21,n,2.0NRT,4.05,N,0.49,0.65,,,,,,firms,VIIRS,VIIRS_NOAA21_NRT
-1.45522,127.43577,2025-11-24,1738,N21,n,2.0NRT,2.15,N,0.49,0.65,,,,,,firms,VIIRS,VIIRS_NOAA21_NRT
-1.38302,122.47971,2025-11-24,1738,N21,n,2.0NRT,2.5,N,0.44,0.46,,,,,,firms,VIIRS,VIIRS_NOAA21_NRT
-8.89722,116.73681,2025-11-24,1741,N21,n,2.0NRT,0.57,N,0.41,0.37,,,,,,firms,VIIRS,VIIRS_NOAA21_NRT
-8.27463,123.50918,2025-11-24,1741,N21,n,2.0NRT,1.45,N,0.33,0.55,,,,,,firms,VIIRS,VIIRS_NOAA21_NRT
-8.25556,124.77163,2025-11-24,1741,N21,n,2.0NRT,0.32,N,0.4,0.6,,,,,,firms,VIIRS,VIIRS_NOAA21_NRT
-8.25515,124.77184,2025-11-24,1741,N21,n,2.0NRT,0.38,N,0.4,0.6,,,,,,firms,VIIRS,VIIRS_NOAA21_NRT
-8.11259,112.92598,2025-11-24,1741,N21,n,2.0NRT,3.92,N,0.42,0.38,,,,,,firms,VIIRS,VIIRS_NOAA21_NRT
-7.54668,110.44144,2025-11-24,1741,N21,n,2.0NRT,1.11,N,0.57,0.43,,,,,,firms,VIIRS,VIIRS_NOAA21_NRT
-7.54292,110.4432,2025-11-24,1741,N21,n,2.0NRT,6.01,N,0.57,0.43,,,,,,firms,VIIRS,VIIRS_NOAA21_NRT
-7.24054,111.73278,2025-11-24,1741,N21,n,2.0NRT,1.09,N,0.49,0.4,,,,,,firms,VIIRS,VIIRS_NOAA21_NRT
-6.54985,108.09513,2025-11-24,1741,N21,n,2.0NRT,1.27,N,0.56,0.52,,,,,,firms,VIIRS,VIIRS_NOAA21_NRT
-6.54773,108.09251,2025-11-24,1741,N21,n,2.0NRT,1.75,N,0.56,0.52,,,,,,firms,VIIRS,VIIRS_NOAA21_NRT
-6.48204,106.89827,2025-11-24,1741,N21,n,2.0NRT,0.46,N,0.34,0.56,,,,,,firms,VIIRS,VIIRS_NOAA21_NRT
-6.18582,106.35436,2025-11-24,1741,N21,n,2.0NRT,0.83,N,0.38,0.58,,,,,,firms,VIIRS,VIIRS_NOAA21_NRT
-6.09595,106.67155,2025-11-24,1741,N21,n,2.0NRT,0.36,N,0.36,0.57,,,,,,firms,VIIRS,VIIRS_NOAA21_NRT
-9.98749,124.57071,2025-11-25,433,N21,n,2.0NRT,2.83,D,0.4,0.6,,,,,,firms,VIIRS,VIIRS_NOAA21_NRT
-8.91629,125.79991,2025-11-25,433,N21,n,2.0NRT,3.41,D,0.32,0.55,,,,,,firms,VIIRS,VIIRS_NOAA21_NRT
-8.20593,124.91119,2025-11-25,433,N21,n,2.0NRT,2.76,D,0.36,0.58,,,,,,firms,VIIRS,VIIRS_NOAA21_NRT
-8.20586,124.91102,2025-11-25,433,N21,n,2.0NRT,2.38,D,0.36,0.58,,,,,,firms,VIIRS,VIIRS_NOAA21_NRT
-7.73334,139.39758,2025-11-25,433,N21,n,2.0NRT,5.07,D,0.43,0.46,,,,,,firms,VIIRS,VIIRS_NOAA21_NRT
-7.73271,139.40141,2025-11-25,433,N21,n,2.0NRT,4.1,D,0.43,0.46,,,,,,firms,VIIRS,VIIRS_NOAA21_NRT
-7.73207,139.40526,2025-11-25,433,N21,n,2.0NRT,4.1,D,0.43,0.46,,,,,,firms,VIIRS,VIIRS_NOAA21_NRT
-7.70695,138.79919,2025-11-25,433,N21,n,2.0NRT,14.17,D,0.39,0.44,,,,,,firms,VIIRS,VIIRS_NOAA21_NRT
-7.70637,138.80272,2025-11-25,433,N21,n,2.0NRT,14.17,D,0.39,0.44,,,,,,firms,VIIRS,VIIRS_NOAA21_NRT
-7.66447,131.09621,2025-11-25,433,N21,n,2.0NRT,4.08,D,0.44,0.38,,,,,,firms,VIIRS,VIIRS_NOAA21_NRT
-6.57224,139.1684,2025-11-25,433,N21,n,2.0NRT,3.27,D,0.43,0.46,,,,,,firms,VIIRS,VIIRS_NOAA21_NRT
-6.55678,138.97813,2025-11-25,433,N21,n,2.0NRT,4.53,D,0.42,0.45,,,,,,firms,VIIRS,VIIRS_NOAA21_NRT
-6.24061,138.81841,2025-11-25,433,N21,n,2.0NRT,3.63,D,0.41,0.45,,,,,,firms,VIIRS,VIIRS_NOAA21_NRT
-4.85881,122.51105,2025-11-25,436,N21,n,2.0NRT,4.99,D,0.48,0.64,,,,,,firms,VIIRS,VIIRS_NOAA21_NRT
-4.71543,122.68259,2025-11-25,436,N21,n,2.0NRT,5.63,D,0.46,0.64,,,,,,firms,VIIRS,VIIRS_NOAA21_NRT
-3.93969,136.40192,2025-11-25,436,N21,n,2.0NRT,5.13,D,0.48,0.4,,,,,,firms,VIIRS,VIIRS_NOAA21_NRT
-3.92439,136.47461,2025-11-25,436,N21,n,2.0NRT,5.21,D,0.49,0.4,,,,,,firms,VIIRS,VIIRS_NOAA21_NRT
-3.90417,136.38954,2025-11-25,436,N21,n,2.0NRT,4.75,D,0.48,0.4,,,,,,firms,VIIRS,VIIRS_NOAA21_NRT
-3.84982,136.42538,2025-11-25,436,N21,n,2.0NRT,22.4,D,0.49,0.4,,,,,,firms,VIIRS,VIIRS_NOAA21_NRT
-3.78172,136.35718,2025-11-25,436,N21,n,2.0NRT,3.12,D,0.48,0.4,,,,,,firms,VIIRS,VIIRS_NOAA21_NRT
-3.51235,135.31215,2025-11-25,436,N21,n,2.0NRT,4.13,D,0.43,0.38,,,,,,firms,VIIRS,VIIRS_NOAA21_NRT
-3.5118,133.65556,2025-11-25,436,N21,n,2.0NRT,4.03,D,0.39,0.36,,,,,,firms,VIIRS,VIIRS_NOAA21_NRT
-3.5045,135.38632,2025-11-25,436,N21,n,2.0NRT,4.08,D,0.44,0.38,,,,,,firms,VIIRS,VIIRS_NOAA21_NRT
-3.49829,135.33377,2025-11-25,436,N21,n,2.0NRT,7.29,D,0.44,0.38,,,,,,firms,VIIRS,VIIRS_NOAA21_NRT
-1.56484,127.42662,2025-11-25,436,N21,n,2.0NRT,2.9,D,0.39,0.44,,,,,,firms,VIIRS,VIIRS_NOAA21_NRT
-1.56085,127.42593,2025-11-25,436,N21,n,2.0NRT,2.9,D,0.39,0.44,,,,,,firms,VIIRS,VIIRS_NOAA21_NRT
-1.45909,127.43475,2025-11-25,436,N21,n,2.0NRT,10.92,D,0.39,0.44,,,,,,firms,VIIRS,VIIRS_NOAA21_NRT
-1.45851,127.43845,2025-11-25,436,N21,n,2.0NRT,10.92,D,0.39,0.44,,,,,,firms,VIIRS,VIIRS_NOAA21_NRT
-0.95589,133.9794,2025-11-25,436,N21,n,2.0NRT,1.92,D,0.41,0.37,,,,,,firms,VIIRS,VIIRS_NOAA21_NRT
-1.37728,122.39222,2025-11-25,438,N21,n,2.0NRT,2.78,D,0.43,0.62,,,,,,firms,VIIRS,VIIRS_NOAA21_NRT
-0.04331,127.41344,2025-11-25,438,N21,n,2.0NRT,3.25,D,0.56,0.43,,,,,,firms,VIIRS,VIIRS_NOAA21_NRT
0.46885,127.95831,2025-11-25,438,N21,n,2.0NRT,2.55,D,0.51,0.41,,,,,,firms,VIIRS,VIIRS_NOAA21_NRT
0.48137,127.98908,2025-11-25,438,N21,n,2.0NRT,9.99,D,0.51,0.41,,,,,,firms,VIIRS,VIIRS_NOAA21_NRT
0.48281,127.99824,2025-11-25,438,N21,n,2.0NRT,13.67,D,0.51,0.41,,,,,,firms,VIIRS,VIIRS_NOAA21_NRT
0.48514,127.98855,2025-11-25,438,N21,n,2.0NRT,8.26,D,0.51,0.41,,,,,,firms,VIIRS,VIIRS_NOAA21_NRT
0.48586,127.99318,2025-11-25,438,N21,n,2.0NRT,8.26,D,0.51,0.41,,,,,,firms,VIIRS,VIIRS_NOAA21_NRT
0.48822,127.98363,2025-11-25,438,N21,n,2.0NRT,10.64,D,0.51,0.41,,,,,,firms,VIIRS,VIIRS_NOAA21_NRT
1.34642,128.17184,2025-11-25,438,N21,n,2.0NRT,3.36,D,0.49,0.4,,,,,,firms,VIIRS,VIIRS_NOAA21_NRT
-8.83366,117.88691,2025-11-25,616,N21,n,2.0NRT,2.86,D,0.37,0.58,,,,,,firms,VIIRS,VIIRS_NOAA21_NRT
-8.77079,118.69111,2025-11-25,616,N21,n,2.0NRT,4.77,D,0.42,0.61,,,,,,firms,VIIRS,VIIRS_NOAA21_NRT
-8.37807,114.02616,2025-11-25,616,N21,n,2.0NRT,4.95,D,0.42,0.45,,,,,,firms,VIIRS,VIIRS_NOAA21_NRT
-8.11524,112.92638,2025-11-25,616,N21,n,2.0NRT,12.07,D,0.54,0.42,,,,,,firms,VIIRS,VIIRS_NOAA21_NRT
-8.11153,112.92481,2025-11-25,616,N21,n,2.0NRT,25.87,D,0.54,0.42,,,,,,firms,VIIRS,VIIRS_NOAA21_NRT
-7.7032,108.99512,2025-11-25,616,N21,n,2.0NRT,5.33,D,0.39,0.36,,,,,,firms,VIIRS,VIIRS_NOAA21_NRT
-7.69604,108.99758,2025-11-25,616,N21,n,2.0NRT,5.77,D,0.39,0.36,,,,,,firms,VIIRS,VIIRS_NOAA21_NRT
-7.37979,111.45903,2025-11-25,616,N21,n,2.0NRT,5.0,D,0.46,0.39,,,,,,firms,VIIRS,VIIRS_NOAA21_NRT
-7.33379,111.93261,2025-11-25,616,N21,n,2.0NRT,4.39,D,0.49,0.4,,,,,,firms,VIIRS,VIIRS_NOAA21_NRT
-6.58034,108.20136,2025-11-25,616,N21,n,2.0NRT,2.82,D,0.38,0.36,,,,,,firms,VIIRS,VIIRS_NOAA21_NRT
-6.54942,108.09422,2025-11-25,616,N21,n,2.0NRT,2.1,D,0.38,0.36,,,,,,firms,VIIRS,VIIRS_NOAA21_NRT
-2.46555,110.66636,2025-11-25,618,N21,n,2.0NRT,11.84,D,0.48,0.4,,,,,,firms,VIIRS,VIIRS_NOAA21_NRT
-2.06981,120.88943,2025-11-25,618,N21,n,2.0NRT,10.02,D,0.79,0.78,,,,,,firms,VIIRS,VIIRS_NOAA21_NRT
-1.39072,113.17303,2025-11-25,618,N21,n,2.0NRT,4.75,D,0.47,0.48,,,,,,firms,VIIRS,VIIRS_NOAA21_NRT
0.1299,111.7597,2025-11-25,618,N21,n,2.0NRT,1.43,D,0.4,0.44,,,,,,firms,VIIRS,VIIRS_NOAA21_NRT
-1.57026,127.43085,2025-11-25,1717,N21,n,2.0NRT,1.94,N,0.46,0.47,,,,,,firms,VIIRS,VIIRS_NOAA21_NRT
-1.56536,127.42766,2025-11-25,1717,N21,n,2.0NRT,3.42,N,0.46,0.47,,,,,,firms,VIIRS,VIIRS_NOAA21_NRT
-1.56105,127.42839,2025-11-25,1717,N21,n,2.0NRT,1.81,N,0.46,0.47,,,,,,firms,VIIRS,VIIRS_NOAA21_NRT
-1.4589,127.4382,2025-11-25,1717,N21,n,2.0NRT,5.02,N,0.46,0.47,,,,,,firms,VIIRS,VIIRS_NOAA21_NRT
-1.45833,127.43447,2025-11-25,1717,N21,n,2.0NRT,5.67,N,0.46,0.47,,,,,,firms,VIIRS,VIIRS_NOAA21_NRT
-0.70924,117.06502,2025-11-25,1717,N21,n,2.0NRT,2.17,N,0.55,0.43,,,,,,firms,VIIRS,VIIRS_NOAA21_NRT
0.41633,121.07935,2025-11-25,1717,N21,n,2.0NRT,0.89,N,0.39,0.36,,,,,,firms,VIIRS,VIIRS_NOAA21_NRT
0.48138,127.99223,2025-11-25,1717,N21,n,2.0NRT,2.32,N,0.47,0.48,,,,,,firms,VIIRS,VIIRS_NOAA21_NRT
0.48203,127.9881,2025-11-25,1717,N21,n,2.0NRT,1.29,N,0.47,0.48,,,,,,firms,VIIRS,VIIRS_NOAA21_NRT
0.48638,127.98872,2025-11-25,1717,N21,n,2.0NRT,1.29,N,0.47,0.48,,,,,,firms,VIIRS,VIIRS_NOAA21_NRT
0.4884,127.97578,2025-11-25,1717,N21,n,2.0NRT,1.75,N,0.47,0.47,,,,,,firms,VIIRS,VIIRS_NOAA21_NRT
0.49142,127.98489,2025-11-25,1717,N21,n,2.0NRT,2.18,N,0.47,0.48,,,,,,firms,VIIRS,VIIRS_NOAA21_NRT
1.69992,127.87836,2025-11-25,1717,N21,n,2.0NRT,1.17,N,0.44,0.46,,,,,,firms,VIIRS,VIIRS_NOAA21_NRT
1.7005,127.87465,2025-11-25,1717,N21,n,2.0NRT,1.17,N,0.44,0.46,,,,,,firms,VIIRS,VIIRS_NOAA21_NRT
2.18633,117.88605,2025-11-25,1717,N21,n,2.0NRT,2.81,N,0.54,0.42,,,,,,firms,VIIRS,VIIRS_NOAA21_NRT
-8.92539,116.76147,2025-11-25,1719,N21,n,2.0NRT,0.96,N,0.45,0.39,,,,,,firms,VIIRS,VIIRS_NOAA21_NRT
-8.89656,116.73639,2025-11-25,1719,N21,n,2.0NRT,2.78,N,0.45,0.39,,,,,,firms,VIIRS,VIIRS_NOAA21_NRT
-8.30995,112.07515,2025-11-25,1719,N21,n,2.0NRT,1.21,N,0.59,0.53,,,,,,firms,VIIRS,VIIRS_NOAA21_NRT
-8.30972,112.07878,2025-11-25,1719,N21,n,2.0NRT,1.63,N,0.59,0.53,,,,,,firms,VIIRS,VIIRS_NOAA21_NRT
-8.27268,123.50745,2025-11-25,1719,N21,n,2.0NRT,2.57,N,0.49,0.4,,,,,,firms,VIIRS,VIIRS_NOAA21_NRT
-8.11791,112.92726,2025-11-25,1719,N21,n,2.0NRT,10.66,N,0.53,0.5,,,,,,firms,VIIRS,VIIRS_NOAA21_NRT
-7.23975,111.73095,2025-11-25,1719,N21,n,2.0NRT,0.86,N,0.33,0.55,,,,,,firms,VIIRS,VIIRS_NOAA21_NRT
-6.76445,111.96037,2025-11-25,1719,N21,n,2.0NRT,2.17,N,0.32,0.55,,,,,,firms,VIIRS,VIIRS_NOAA21_NRT
-4.54012,121.95123,2025-11-25,1719,N21,n,2.0NRT,2.08,N,0.4,0.37,,,,,,firms,VIIRS,VIIRS_NOAA21_NRT
-4.53958,121.94767,2025-11-25,1719,N21,n,2.0NRT,2.08,N,0.4,0.37,,,,,,firms,VIIRS,VIIRS_NOAA21_NRT
-4.53903,121.94414,2025-11-25,1719,N21,n,2.0NRT,3.03,N,0.4,0.37,,,,,,firms,VIIRS,VIIRS_NOAA21_NRT
-4.53848,121.94058,2025-11-25,1719,N21,n,2.0NRT,3.03,N,0.4,0.37,,,,,,firms,VIIRS,VIIRS_NOAA21_NRT
-3.90311,122.42208,2025-11-25,1719,N21,n,2.0NRT,1.14,N,0.4,0.37,,,,,,firms,VIIRS,VIIRS_NOAA21_NRT
-3.90255,122.41848,2025-11-25,1719,N21,n,2.0NRT,1.14,N,0.4,0.37,,,,,,firms,VIIRS,VIIRS_NOAA21_NRT
-3.87105,122.39378,2025-11-25,1719,N21,n,2.0NRT,2.73,N,0.4,0.37,,,,,,firms,VIIRS,VIIRS_NOAA21_NRT
-3.52721,126.18593,2025-11-25,1719,N21,n,2.0NRT,0.72,N,0.41,0.45,,,,,,firms,VIIRS,VIIRS_NOAA21_NRT
-3.80879,103.81742,2025-11-25,1900,N21,n,2.0NRT,1.52,N,0.33,0.55,,,,,,firms,VIIRS,VIIRS_NOAA21_NRT
-3.72711,103.71418,2025-11-25,1900,N21,n,2.0NRT,0.8,N,0.32,0.55,,,,,,firms,VIIRS,VIIRS_NOAA21_NRT
-3.72212,103.715,2025-11-25,1900,N21,n,2.0NRT,0.8,N,0.32,0.55,,,,,,firms,VIIRS,VIIRS_NOAA21_NRT
-3.33449,104.36161,2025-11-25,1900,N21,n,2.0NRT,0.59,N,0.35,0.57,,,,,,firms,VIIRS,VIIRS_NOAA21_NRT
-3.30742,104.32099,2025-11-25,1900,N21,n,2.0NRT,0.55,N,0.35,0.57,,,,,,firms,VIIRS,VIIRS_NOAA21_NRT
-3.30604,104.32095,2025-11-25,1900,N21,n,2.0NRT,0.51,N,0.35,0.57,,,,,,firms,VIIRS,VIIRS_NOAA21_NRT
-3.06801,104.20441,2025-11-25,1900,N21,n,2.0NRT,0.63,N,0.34,0.56,,,,,,firms,VIIRS,VIIRS_NOAA21_NRT
-9.10053,125.9447,2025-11-26,416,N21,n,2.0NRT,11.54,D,0.67,0.74,,,,,,firms,VIIRS,VIIRS_NOAA21_NRT
-9.09375,125.94405,2025-11-26,416,N21,n,2.0NRT,14.02,D,0.67,0.74,,,,,,firms,VIIRS,VIIRS_NOAA21_NRT
-7.81283,139.63441,2025-11-26,416,N21,n,2.0NRT,4.74,D,0.39,0.36,,,,,,firms,VIIRS,VIIRS_NOAA21_NRT
-7.48185,139.02734,2025-11-26,416,N21,n,2.0NRT,2.43,D,0.39,0.36,,,,,,firms,VIIRS,VIIRS_NOAA21_NRT
-7.39094,138.75664,2025-11-26,416,N21,n,2.0NRT,2.7,D,0.38,0.36,,,,,,firms,VIIRS,VIIRS_NOAA21_NRT
-6.46065,139.16464,2025-11-26,416,N21,n,2.0NRT,6.27,D,0.39,0.36,,,,,,firms,VIIRS,VIIRS_NOAA21_NRT
-6.31799,138.98772,2025-11-26,416,N21,n,2.0NRT,2.08,D,0.39,0.36,,,,,,firms,VIIRS,VIIRS_NOAA21_NRT
-6.23237,138.74942,2025-11-26,416,N21,n,2.0NRT,11.93,D,0.39,0.36,,,,,,firms,VIIRS,VIIRS_NOAA21_NRT
-4.03182,136.12181,2025-11-26,416,N21,n,2.0NRT,4.62,D,0.4,0.37,,,,,,firms,VIIRS,VIIRS_NOAA21_NRT
-4.02982,136.04382,2025-11-26,416,N21,n,2.0NRT,1.39,D,0.41,0.37,,,,,,firms,VIIRS,VIIRS_NOAA21_NRT
-4.02848,136.12117,2025-11-26,416,N21,n,2.0NRT,4.62,D,0.4,0.37,,,,,,firms,VIIRS,VIIRS_NOAA21_NRT
-4.01685,136.03822,2025-11-26,416,N21,n,2.0NRT,1.83,D,0.41,0.37,,,,,,firms,VIIRS,VIIRS_NOAA21_NRT
-4.01152,136.09653,2025-11-26,416,N21,n,2.0NRT,4.1,D,0.4,0.37,,,,,,firms,VIIRS,VIIRS_NOAA21_NRT
-1.56218,127.42723,2025-11-26,418,N21,n,2.0NRT,7.77,D,0.41,0.61,,,,,,firms,VIIRS,VIIRS_NOAA21_NRT
-1.45921,127.43576,2025-11-26,418,N21,n,2.0NRT,10.5,D,0.41,0.61,,,,,,firms,VIIRS,VIIRS_NOAA21_NRT
-1.36024,132.4653,2025-11-26,418,N21,n,2.0NRT,5.74,D,0.56,0.43,,,,,,firms,VIIRS,VIIRS_NOAA21_NRT
1.40392,128.2533,2025-11-26,418,N21,n,2.0NRT,2.68,D,0.32,0.55,,,,,,firms,VIIRS,VIIRS_NOAA21_NRT
-6.98865,107.55608,2025-11-26,559,N21,l,2.0NRT,6.59,D,0.42,0.45,,,,,,firms,VIIRS,VIIRS_NOAA21_NRT
-6.98452,107.5555,2025-11-26,559,N21,n,2.0NRT,6.59,D,0.42,0.45,,,,,,firms,VIIRS,VIIRS_NOAA21_NRT
-6.90681,107.54828,2025-11-26,559,N21,n,2.0NRT,4.6,D,0.42,0.45,,,,,,firms,VIIRS,VIIRS_NOAA21_NRT
-6.90157,107.55525,2025-11-26,559,N21,n,2.0NRT,1.75,D,0.42,0.45,,,,,,firms,VIIRS,VIIRS_NOAA21_NRT
-6.86792,107.49683,2025-11-26,559,N21,l,2.0NRT,2.72,D,0.42,0.45,,,,,,firms,VIIRS,VIIRS_NOAA21_NRT
-6.86432,107.49245,2025-11-26,559,N21,n,2.0NRT,2.93,D,0.42,0.45,,,,,,firms,VIIRS,VIIRS_NOAA21_NRT
-6.76245,111.9619,2025-11-26,559,N21,n,2.0NRT,1.78,D,0.39,0.36,,,,,,firms,VIIRS,VIIRS_NOAA21_NRT
-4.49395,104.01311,2025-11-26,559,N21,n,2.0NRT,10.1,D,0.33,0.56,,,,,,firms,VIIRS,VIIRS_NOAA21_NRT
-3.16097,102.65076,2025-11-26,559,N21,n,2.0NRT,8.53,D,0.4,0.6,,,,,,firms,VIIRS,VIIRS_NOAA21_NRT
-3.16055,102.65362,2025-11-26,559,N21,n,2.0NRT,10.07,D,0.4,0.6,,,,,,firms,VIIRS,VIIRS_NOAA21_NRT
-3.09832,103.65016,2025-11-26,559,N21,n,2.0NRT,4.75,D,0.34,0.56,,,,,,firms,VIIRS,VIIRS_NOAA21_NRT
-3.09811,106.49874,2025-11-26,559,N21,n,2.0NRT,3.23,D,0.43,0.46,,,,,,firms,VIIRS,VIIRS_NOAA21_NRT
-3.09788,103.65315,2025-11-26,559,N21,n,2.0NRT,4.75,D,0.34,0.56,,,,,,firms,VIIRS,VIIRS_NOAA21_NRT
-2.03097,119.53713,2025-11-26,559,N21,n,2.0NRT,4.65,D,0.59,0.53,,,,,,firms,VIIRS,VIIRS_NOAA21_NRT
-1.46869,113.53417,2025-11-26,559,N21,n,2.0NRT,6.19,D,0.41,0.37,,,,,,firms,VIIRS,VIIRS_NOAA21_NRT
-1.43761,113.48064,2025-11-26,559,N21,n,2.0NRT,2.53,D,0.41,0.37,,,,,,firms,VIIRS,VIIRS_NOAA21_NRT
-1.17902,114.37067,2025-11-26,559,N21,n,2.0NRT,21.13,D,0.44,0.39,,,,,,firms,VIIRS,VIIRS_NOAA21_NRT
-0.92625,121.51001,2025-11-26,559,N21,n,2.0NRT,3.7,D,0.42,0.61,,,,,,firms,VIIRS,VIIRS_NOAA21_NRT
1.02311,109.08125,2025-11-26,559,N21,n,2.0NRT,2.86,D,0.42,0.38,,,,,,firms,VIIRS,VIIRS_NOAA21_NRT
2.18708,117.88237,2025-11-26,559,N21,n,2.0NRT,12.77,D,0.53,0.5,,,,,,firms,VIIRS,VIIRS_NOAA21_NRT
-1.33979,110.13139,2025-11-26,601,N21,n,2.0NRT,2.96,D,0.4,0.37,,,,,,firms,VIIRS,VIIRS_NOAA21_NRT
0.56242,120.39764,2025-11-26,601,N21,n,2.0NRT,2.99,D,0.38,0.58,,,,,,firms,VIIRS,VIIRS_NOAA21_NRT
0.70393,120.68748,2025-11-26,601,N21,n,2.0NRT,6.25,D,0.4,0.6,,,,,,firms,VIIRS,VIIRS_NOAA21_NRT
0.73847,120.69432,2025-11-26,601,N21,n,2.0NRT,3.26,D,0.4,0.6,,,,,,firms,VIIRS,VIIRS_NOAA21_NRT
0.73969,120.69351,2025-11-26,601,N21,n,2.0NRT,2.88,D,0.4,0.6,,,,,,firms,VIIRS,VIIRS_NOAA21_NRT
0.79313,117.09545,2025-11-26,601,N21,n,2.0NRT,6.64,D,0.45,0.47,,,,,,firms,VIIRS,VIIRS_NOAA21_NRT
1.08307,117.12496,2025-11-26,601,N21,n,2.0NRT,13.09,D,0.45,0.47,,,,,,firms,VIIRS,VIIRS_NOAA21_NRT
1.47358,117.23959,2025-11-26,601,N21,n,2.0NRT,4.48,D,0.47,0.48,,,,,,firms,VIIRS,VIIRS_NOAA21_NRT
1.67023,118.03587,2025-11-26,601,N21,n,2.0NRT,4.53,D,0.53,0.5,,,,,,firms,VIIRS,VIIRS_NOAA21_NRT
0.49255,127.98312,2025-11-26,1658,N21,n,2.0NRT,1.59,N,0.4,0.37,,,,,,firms,VIIRS,VIIRS_NOAA21_NRT
1.49356,127.63396,2025-11-26,1658,N21,n,2.0NRT,5.01,N,0.39,0.36,,,,,,firms,VIIRS,VIIRS_NOAA21_NRT
2.78091,125.40644,2025-11-26,1658,N21,n,2.0NRT,1.05,N,0.41,0.37,,,,,,firms,VIIRS,VIIRS_NOAA21_NRT
-4.55802,121.94884,2025-11-26,1700,N21,n,2.0NRT,1.3,N,0.48,0.4,,,,,,firms,VIIRS,VIIRS_NOAA21_NRT
-3.90208,122.41527,2025-11-26,1700,N21,n,2.0NRT,0.6,N,0.47,0.39,,,,,,firms,VIIRS,VIIRS_NOAA21_NRT
-3.76346,115.43156,2025-11-26,1700,N21,n,2.0NRT,1.85,N,0.44,0.62,,,,,,firms,VIIRS,VIIRS_NOAA21_NRT
-2.58132,121.3847,2025-11-26,1700,N21,n,2.0NRT,38.61,N,0.55,0.43,,,,,,firms,VIIRS,VIIRS_NOAA21_NRT
-2.5782,121.39012,2025-11-26,1700,N21,n,2.0NRT,2.63,N,0.55,0.43,,,,,,firms,VIIRS,VIIRS_NOAA21_NRT
-2.57744,121.38541,2025-11-26,1700,N21,n,2.0NRT,38.61,N,0.55,0.43,,,,,,firms,VIIRS,VIIRS_NOAA21_NRT
-2.57667,121.38062,2025-11-26,1700,N21,n,2.0NRT,38.61,N,0.55,0.43,,,,,,firms,VIIRS,VIIRS_NOAA21_NRT
-2.57356,121.38609,2025-11-26,1700,N21,n,2.0NRT,2.06,N,0.55,0.43,,,,,,firms,VIIRS,VIIRS_NOAA21_NRT
-2.57279,121.3813,2025-11-26,1700,N21,n,2.0NRT,2.06,N,0.55,0.43,,,,,,firms,VIIRS,VIIRS_NOAA21_NRT
-2.57201,121.37649,2025-11-26,1700,N21,n,2.0NRT,4.03,N,0.55,0.43,,,,,,firms,VIIRS,VIIRS_NOAA21_NRT
-2.56968,121.3868,2025-11-26,1700,N21,n,2.0NRT,2.06,N,0.55,0.43,,,,,,firms,VIIRS,VIIRS_NOAA21_NRT
-1.8894,115.86491,2025-11-26,1700,N21,n,2.0NRT,2.42,N,0.44,0.63,,,,,,firms,VIIRS,VIIRS_NOAA21_NRT
-1.57009,127.42807,2025-11-26,1700,N21,n,2.0NRT,1.79,N,0.4,0.37,,,,,,firms,VIIRS,VIIRS_NOAA21_NRT
-1.56674,127.4286,2025-11-26,1700,N21,n,2.0NRT,1.79,N,0.4,0.37,,,,,,firms,VIIRS,VIIRS_NOAA21_NRT
-1.56284,127.42561,2025-11-26,1700,N21,n,2.0NRT,2.16,N,0.4,0.37,,,,,,firms,VIIRS,VIIRS_NOAA21_NRT
-1.55949,127.42614,2025-11-26,1700,N21,n,2.0NRT,2.16,N,0.4,0.37,,,,,,firms,VIIRS,VIIRS_NOAA21_NRT
-1.53156,127.42313,2025-11-26,1700,N21,n,2.0NRT,1.36,N,0.4,0.37,,,,,,firms,VIIRS,VIIRS_NOAA21_NRT
-1.45927,127.43765,2025-11-26,1700,N21,n,2.0NRT,6.42,N,0.4,0.37,,,,,,firms,VIIRS,VIIRS_NOAA21_NRT
-1.45873,127.43417,2025-11-26,1700,N21,n,2.0NRT,4.74,N,0.4,0.37,,,,,,firms,VIIRS,VIIRS_NOAA21_NRT
-1.45592,127.43819,2025-11-26,1700,N21,n,2.0NRT,2.12,N,0.4,0.37,,,,,,firms,VIIRS,VIIRS_NOAA21_NRT
0.60316,117.43767,2025-11-26,1700,N21,n,2.0NRT,1.27,N,0.38,0.59,,,,,,firms,VIIRS,VIIRS_NOAA21_NRT
-9.82081,130.27133,2025-11-26,1702,N21,n,2.0NRT,1.42,N,0.45,0.47,,,,,,firms,VIIRS,VIIRS_NOAA21_NRT
-8.27174,123.5041,2025-11-26,1702,N21,n,2.0NRT,0.67,N,0.39,0.36,,,,,,firms,VIIRS,VIIRS_NOAA21_NRT
-7.88429,125.96133,2025-11-26,1702,N21,n,2.0NRT,2.36,N,0.4,0.37,,,,,,firms,VIIRS,VIIRS_NOAA21_NRT
-7.88374,125.95773,2025-11-26,1702,N21,n,2.0NRT,1.46,N,0.4,0.37,,,,,,firms,VIIRS,VIIRS_NOAA21_NRT
-7.87646,125.95499,2025-11-26,1702,N21,n,2.0NRT,2.18,N,0.4,0.37,,,,,,firms,VIIRS,VIIRS_NOAA21_NRT
0.60244,101.24162,2025-11-26,1840,N21,n,2.0NRT,0.56,N,0.38,0.36,,,,,,firms,VIIRS,VIIRS_NOAA21_NRT
-7.54431,110.44684,2025-11-26,1842,N21,n,2.0NRT,0.93,N,0.51,0.66,,,,,,firms,VIIRS,VIIRS_NOAA21_NRT
-7.54254,110.44783,2025-11-26,1842,N21,n,2.0NRT,0.59,N,0.51,0.66,,,,,,firms,VIIRS,VIIRS_NOAA21_NRT
-3.80564,103.81971,2025-11-26,1842,N21,n,2.0NRT,2.2,N,0.49,0.4,,,,,,firms,VIIRS,VIIRS_NOAA21_NRT
-2.66968,132.96597,2025-11-27,357,N21,n,2.0NRT,3.84,D,0.38,0.59,,,,,,firms,VIIRS,VIIRS_NOAA21_NRT
-2.43513,133.13152,2025-11-27,357,N21,h,2.0NRT,5.5,D,0.37,0.58,,,,,,firms,VIIRS,VIIRS_NOAA21_NRT
1.49552,127.62514,2025-11-27,359,N21,n,2.0NRT,9.38,D,0.77,0.77,,,,,,firms,VIIRS,VIIRS_NOAA21_NRT
-9.82013,130.26964,2025-11-27,537,N21,n,2.0NRT,16.25,D,0.56,0.69,,,,,,firms,VIIRS,VIIRS_NOAA21_NRT
-9.81915,130.2747,2025-11-27,537,N21,l,2.0NRT,17.25,D,0.56,0.69,,,,,,firms,VIIRS,VIIRS_NOAA21_NRT
-9.78062,119.84817,2025-11-27,537,N21,n,2.0NRT,4.06,D,0.4,0.37,,,,,,firms,VIIRS,VIIRS_NOAA21_NRT
-9.52478,120.19954,2025-11-27,537,N21,n,2.0NRT,2.21,D,0.41,0.37,,,,,,firms,VIIRS,VIIRS_NOAA21_NRT
-9.52137,120.19901,2025-11-27,537,N21,n,2.0NRT,13.09,D,0.41,0.37,,,,,,firms,VIIRS,VIIRS_NOAA21_NRT
-9.51856,120.19469,2025-11-27,537,N21,n,2.0NRT,9.55,D,0.41,0.37,,,,,,firms,VIIRS,VIIRS_NOAA21_NRT
-9.51515,120.19415,2025-11-27,537,N21,n,2.0NRT,11.44,D,0.41,0.37,,,,,,firms,VIIRS,VIIRS_NOAA21_NRT
-9.38869,119.15771,2025-11-27,537,N21,n,2.0NRT,1.61,D,0.39,0.36,,,,,,firms,VIIRS,VIIRS_NOAA21_NRT
-8.32682,120.68452,2025-11-27,537,N21,n,2.0NRT,1.9,D,0.44,0.38,,,,,,firms,VIIRS,VIIRS_NOAA21_NRT
-8.31041,120.5775,2025-11-27,537,N21,n,2.0NRT,2.11,D,0.44,0.38,,,,,,firms,VIIRS,VIIRS_NOAA21_NRT
-7.70371,108.99429,2025-11-27,537,N21,n,2.0NRT,2.84,D,0.36,0.57,,,,,,firms,VIIRS,VIIRS_NOAA21_NRT
-4.25455,119.99087,2025-11-27,540,N21,n,2.0NRT,2.27,D,0.45,0.39,,,,,,firms,VIIRS,VIIRS_NOAA21_NRT
-3.99596,120.11403,2025-11-27,540,N21,n,2.0NRT,8.16,D,0.46,0.39,,,,,,firms,VIIRS,VIIRS_NOAA21_NRT
-3.99072,120.10059,2025-11-27,540,N21,n,2.0NRT,1.72,D,0.46,0.39,,,,,,firms,VIIRS,VIIRS_NOAA21_NRT
-3.82139,120.11255,2025-11-27,540,N21,n,2.0NRT,5.97,D,0.46,0.39,,,,,,firms,VIIRS,VIIRS_NOAA21_NRT
-3.21503,119.22102,2025-11-27,540,N21,n,2.0NRT,2.85,D,0.43,0.38,,,,,,firms,VIIRS,VIIRS_NOAA21_NRT
-3.17369,119.59895,2025-11-27,540,N21,n,2.0NRT,4.54,D,0.44,0.39,,,,,,firms,VIIRS,VIIRS_NOAA21_NRT
-2.61774,110.30066,2025-11-27,540,N21,n,2.0NRT,4.85,D,0.49,0.49,,,,,,firms,VIIRS,VIIRS_NOAA21_NRT
-2.33043,119.33382,2025-11-27,540,N21,n,2.0NRT,3.54,D,0.44,0.38,,,,,,firms,VIIRS,VIIRS_NOAA21_NRT
-2.21892,110.77371,2025-11-27,540,N21,n,2.0NRT,4.3,D,0.45,0.47,,,,,,firms,VIIRS,VIIRS_NOAA21_NRT
-2.07643,119.54323,2025-11-27,540,N21,n,2.0NRT,5.03,D,0.45,0.39,,,,,,firms,VIIRS,VIIRS_NOAA21_NRT
-2.03121,119.53341,2025-11-27,540,N21,n,2.0NRT,10.17,D,0.45,0.39,,,,,,firms,VIIRS,VIIRS_NOAA21_NRT
-1.99452,110.39931,2025-11-27,540,N21,n,2.0NRT,5.02,D,0.47,0.48,,,,,,firms,VIIRS,VIIRS_NOAA21_NRT
-1.89548,115.86671,2025-11-27,540,N21,n,2.0NRT,3.11,D,0.39,0.36,,,,,,firms,VIIRS,VIIRS_NOAA21_NRT
-1.89217,115.86621,2025-11-27,540,N21,n,2.0NRT,4.78,D,0.39,0.36,,,,,,firms,VIIRS,VIIRS_NOAA21_NRT
-1.53414,113.54032,2025-11-27,540,N21,n,2.0NRT,3.99,D,0.45,0.39,,,,,,firms,VIIRS,VIIRS_NOAA21_NRT
-1.43714,113.91568,2025-11-27,540,N21,n,2.0NRT,2.09,D,0.44,0.38,,,,,,firms,VIIRS,VIIRS_NOAA21_NRT
-0.9378,119.99026,2025-11-27,540,N21,n,2.0NRT,2.17,D,0.49,0.4,,,,,,firms,VIIRS,VIIRS_NOAA21_NRT
-0.75798,115.78691,2025-11-27,540,N21,n,2.0NRT,2.08,D,0.39,0.36,,,,,,firms,VIIRS,VIIRS_NOAA21_NRT
-0.47815,116.10536,2025-11-27,540,N21,n,2.0NRT,8.51,D,0.38,0.36,,,,,,firms,VIIRS,VIIRS_NOAA21_NRT
-0.3942,116.69917,2025-11-27,540,N21,n,2.0NRT,12.59,D,0.39,0.36,,,,,,firms,VIIRS,VIIRS_NOAA21_NRT
-0.24366,116.95094,2025-11-27,540,N21,n,2.0NRT,4.5,D,0.39,0.36,,,,,,firms,VIIRS,VIIRS_NOAA21_NRT
-0.15428,117.26861,2025-11-27,540,N21,n,2.0NRT,20.87,D,0.39,0.36,,,,,,firms,VIIRS,VIIRS_NOAA21_NRT
0.32223,117.4481,2025-11-27,540,N21,n,2.0NRT,2.39,D,0.4,0.37,,,,,,firms,VIIRS,VIIRS_NOAA21_NRT
0.39791,117.54572,2025-11-27,540,N21,n,2.0NRT,7.41,D,0.4,0.37,,,,,,firms,VIIRS,VIIRS_NOAA21_NRT
0.41598,116.19283,2025-11-27,540,N21,n,2.0NRT,1.82,D,0.38,0.36,,,,,,firms,VIIRS,VIIRS_NOAA21_NRT
0.47871,117.22775,2025-11-27,540,N21,n,2.0NRT,4.35,D,0.4,0.37,,,,,,firms,VIIRS,VIIRS_NOAA21_NRT
0.48185,127.99235,2025-11-27,540,N21,n,2.0NRT,13.94,D,0.59,0.7,,,,,,firms,VIIRS,VIIRS_NOAA21_NRT
1.49328,127.63434,2025-11-27,540,N21,n,2.0NRT,18.29,D,0.58,0.7,,,,,,firms,VIIRS,VIIRS_NOAA21_NRT
1.49426,127.64088,2025-11-27,540,N21,n,2.0NRT,19.67,D,0.58,0.7,,,,,,firms,VIIRS,VIIRS_NOAA21_NRT
3.27256,117.0901,2025-11-27,542,N21,n,2.0NRT,14.75,D,0.41,0.37,,,,,,firms,VIIRS,VIIRS_NOAA21_NRT
-2.43779,133.13078,2025-11-27,1639,N21,n,2.0NRT,2.35,N,0.43,0.38,,,,,,firms,VIIRS,VIIRS_NOAA21_NRT
-1.81614,136.74881,2025-11-27,1639,N21,n,2.0NRT,7.77,N,0.45,0.47,,,,,,firms,VIIRS,VIIRS_NOAA21_NRT
-1.5732,127.42786,2025-11-27,1639,N21,n,2.0NRT,1.65,N,0.48,0.4,,,,,,firms,VIIRS,VIIRS_NOAA21_NRT
-1.56588,127.42904,2025-11-27,1639,N21,n,2.0NRT,4.13,N,0.48,0.4,,,,,,firms,VIIRS,VIIRS_NOAA21_NRT
-1.56152,127.42516,2025-11-27,1639,N21,n,2.0NRT,3.36,N,0.48,0.4,,,,,,firms,VIIRS,VIIRS_NOAA21_NRT
-1.45826,127.4354,2025-11-27,1639,N21,n,2.0NRT,12.1,N,0.48,0.4,,,,,,firms,VIIRS,VIIRS_NOAA21_NRT
-1.38048,122.48035,2025-11-27,1639,N21,n,2.0NRT,0.49,N,0.33,0.56,,,,,,firms,VIIRS,VIIRS_NOAA21_NRT
-1.00025,134.02347,2025-11-27,1639,N21,n,2.0NRT,0.98,N,0.46,0.39,,,,,,firms,VIIRS,VIIRS_NOAA21_NRT
0.51185,127.89882,2025-11-27,1639,N21,n,2.0NRT,1.73,N,0.48,0.4,,,,,,firms,VIIRS,VIIRS_NOAA21_NRT
0.51252,127.89449,2025-11-27,1639,N21,n,2.0NRT,1.73,N,0.48,0.4,,,,,,firms,VIIRS,VIIRS_NOAA21_NRT
1.49461,127.63148,2025-11-27,1639,N21,n,2.0NRT,9.57,N,0.51,0.41,,,,,,firms,VIIRS,VIIRS_NOAA21_NRT
1.69816,127.87779,2025-11-27,1639,N21,n,2.0NRT,1.76,N,0.5,0.41,,,,,,firms,VIIRS,VIIRS_NOAA21_NRT
1.69976,127.87891,2025-11-27,1639,N21,n,2.0NRT,3.04,N,0.5,0.41,,,,,,firms,VIIRS,VIIRS_NOAA21_NRT
1.70189,127.87833,2025-11-27,1639,N21,n,2.0NRT,1.76,N,0.5,0.41,,,,,,firms,VIIRS,VIIRS_NOAA21_NRT
2.7816,125.39898,2025-11-27,1639,N21,n,2.0NRT,1.31,N,0.49,0.49,,,,,,firms,VIIRS,VIIRS_NOAA21_NRT
-2.87602,122.16401,2025-11-27,1641,N21,n,2.0NRT,0.82,N,0.33,0.56,,,,,,firms,VIIRS,VIIRS_NOAA21_NRT
-2.86394,122.154,2025-11-27,1641,N21,n,2.0NRT,1.69,N,0.33,0.56,,,,,,firms,VIIRS,VIIRS_NOAA21_NRT
-2.86347,122.15116,2025-11-27,1641,N21,n,2.0NRT,1.41,N,0.33,0.56,,,,,,firms,VIIRS,VIIRS_NOAA21_NRT
-2.83071,122.17371,2025-11-27,1641,N21,n,2.0NRT,1.58,N,0.33,0.56,,,,,,firms,VIIRS,VIIRS_NOAA21_NRT
-2.58049,121.37564,2025-11-27,1641,N21,n,2.0NRT,1.03,N,0.38,0.59,,,,,,firms,VIIRS,VIIRS_NOAA21_NRT
-2.57865,121.38066,2025-11-27,1641,N21,n,2.0NRT,1.08,N,0.38,0.59,,,,,,firms,VIIRS,VIIRS_NOAA21_NRT
-2.57811,121.37746,2025-11-27,1641,N21,n,2.0NRT,1.08,N,0.38,0.59,,,,,,firms,VIIRS,VIIRS_NOAA21_NRT
-2.27149,121.76506,2025-11-27,1641,N21,n,2.0NRT,1.42,N,0.36,0.58,,,,,,firms,VIIRS,VIIRS_NOAA21_NRT
-10.61219,123.32404,2025-11-27,1643,N21,n,2.0NRT,0.56,N,0.42,0.45,,,,,,firms,VIIRS,VIIRS_NOAA21_NRT
-10.60806,123.32475,2025-11-27,1643,N21,n,2.0NRT,0.56,N,0.42,0.45,,,,,,firms,VIIRS,VIIRS_NOAA21_NRT
-9.82401,130.27139,2025-11-27,1643,N21,n,2.0NRT,4.83,N,0.4,0.37,,,,,,firms,VIIRS,VIIRS_NOAA21_NRT
-9.82065,130.27191,2025-11-27,1643,N21,n,2.0NRT,4.83,N,0.4,0.37,,,,,,firms,VIIRS,VIIRS_NOAA21_NRT
-8.54879,122.11918,2025-11-27,1643,N21,n,2.0NRT,1.19,N,0.54,0.51,,,,,,firms,VIIRS,VIIRS_NOAA21_NRT
-8.54815,122.12196,2025-11-27,1643,N21,n,2.0NRT,0.94,N,0.54,0.51,,,,,,firms,VIIRS,VIIRS_NOAA21_NRT
-4.0386,104.83011,2025-11-27,1821,N21,n,2.0NRT,0.71,N,0.38,0.36,,,,,,firms,VIIRS,VIIRS_NOAA21_NRT
-2.99965,115.20458,2025-11-27,1821,N21,n,2.0NRT,1.42,N,0.43,0.62,,,,,,firms,VIIRS,VIIRS_NOAA21_NRT
-2.99643,115.20303,2025-11-27,1821,N21,n,2.0NRT,2.46,N,0.43,0.62,,,,,,firms,VIIRS,VIIRS_NOAA21_NRT
-2.99396,115.20527,2025-11-27,1821,N21,n,2.0NRT,1.42,N,0.43,0.62,,,,,,firms,VIIRS,VIIRS_NOAA21_NRT
-2.93508,115.23779,2025-11-27,1821,N21,n,2.0NRT,1.56,N,0.43,0.62,,,,,,firms,VIIRS,VIIRS_NOAA21_NRT
-1.32872,113.96693,2025-11-27,1821,N21,n,2.0NRT,1.59,N,0.33,0.56,,,,,,firms,VIIRS,VIIRS_NOAA21_NRT
-1.24621,116.81902,2025-11-27,1821,N21,n,2.0NRT,2.32,N,0.53,0.67,,,,,,firms,VIIRS,VIIRS_NOAA21_NRT
-7.70248,108.99471,2025-11-27,1823,N21,n,2.0NRT,1.88,N,0.38,0.43,,,,,,firms,VIIRS,VIIRS_NOAA21_NRT
-7.70019,108.99466,2025-11-27,1823,N21,n,2.0NRT,0.88,N,0.38,0.43,,,,,,firms,VIIRS,VIIRS_NOAA21_NRT
-7.69621,108.99525,2025-11-27,1823,N21,n,2.0NRT,0.88,N,0.38,0.43,,,,,,firms,VIIRS,VIIRS_NOAA21_NRT
-6.18837,106.48304,2025-11-27,1823,N21,n,2.0NRT,0.85,N,0.42,0.37,,,,,,firms,VIIRS,VIIRS_NOAA21_NRT
-6.1827,106.35444,2025-11-27,1823,N21,n,2.0NRT,0.65,N,0.41,0.37,,,,,,firms,VIIRS,VIIRS_NOAA21_NRT
-6.1759,106.3101,2025-11-27,1823,N21,n,2.0NRT,0.78,N,0.41,0.37,,,,,,firms,VIIRS,VIIRS_NOAA21_NRT
-6.09757,106.6701,2025-11-27,1823,N21,n,2.0NRT,1.67,N,0.42,0.38,,,,,,firms,VIIRS,VIIRS_NOAA21_NRT
-8.2631,140.16907,2025-11-28,338,N21,n,2.0NRT,8.85,D,0.62,0.54,,,,,,firms,VIIRS,VIIRS_NOAA21_NRT
-7.76454,138.77815,2025-11-28,338,N21,n,2.0NRT,3.97,D,0.38,0.59,,,,,,firms,VIIRS,VIIRS_NOAA21_NRT
-6.52565,138.90721,2025-11-28,338,N21,n,2.0NRT,3.63,D,0.36,0.57,,,,,,firms,VIIRS,VIIRS_NOAA21_NRT
-1.05624,134.0537,2025-11-28,340,N21,n,2.0NRT,16.06,D,0.65,0.73,,,,,,firms,VIIRS,VIIRS_NOAA21_NRT
-1.05495,134.05219,2025-11-28,340,N21,n,2.0NRT,14.19,D,0.65,0.73,,,,,,firms,VIIRS,VIIRS_NOAA21_NRT
-1.05433,134.05632,2025-11-28,340,N21,n,2.0NRT,17.41,D,0.65,0.73,,,,,,firms,VIIRS,VIIRS_NOAA21_NRT
-9.88646,124.72923,2025-11-28,518,N21,n,2.0NRT,3.54,D,0.4,0.37,,,,,,firms,VIIRS,VIIRS_NOAA21_NRT
-9.8227,130.27214,2025-11-28,518,N21,n,2.0NRT,13.53,D,0.53,0.5,,,,,,firms,VIIRS,VIIRS_NOAA21_NRT
-9.8191,130.26981,2025-11-28,518,N21,n,2.0NRT,15.74,D,0.53,0.5,,,,,,firms,VIIRS,VIIRS_NOAA21_NRT
-9.43627,123.98147,2025-11-28,518,N21,n,2.0NRT,1.57,D,0.39,0.36,,,,,,firms,VIIRS,VIIRS_NOAA21_NRT
-9.25303,125.41833,2025-11-28,518,N21,n,2.0NRT,6.76,D,0.43,0.38,,,,,,firms,VIIRS,VIIRS_NOAA21_NRT
-9.13156,125.92606,2025-11-28,518,N21,n,2.0NRT,4.85,D,0.45,0.39,,,,,,firms,VIIRS,VIIRS_NOAA21_NRT
-9.13094,125.92542,2025-11-28,518,N21,n,2.0NRT,4.44,D,0.45,0.39,,,,,,firms,VIIRS,VIIRS_NOAA21_NRT
-9.12183,125.94125,2025-11-28,518,N21,n,2.0NRT,3.31,D,0.45,0.39,,,,,,firms,VIIRS,VIIRS_NOAA21_NRT
-9.1158,125.86465,2025-11-28,518,N21,n,2.0NRT,2.26,D,0.45,0.39,,,,,,firms,VIIRS,VIIRS_NOAA21_NRT
-8.28455,120.61723,2025-11-28,520,N21,l,2.0NRT,4.43,D,0.42,0.38,,,,,,firms,VIIRS,VIIRS_NOAA21_NRT
-8.28053,120.62057,2025-11-28,520,N21,l,2.0NRT,4.43,D,0.42,0.38,,,,,,firms,VIIRS,VIIRS_NOAA21_NRT
-3.97035,122.28893,2025-11-28,520,N21,n,2.0NRT,3.23,D,0.39,0.36,,,,,,firms,VIIRS,VIIRS_NOAA21_NRT
-3.76399,115.43065,2025-11-28,520,N21,n,2.0NRT,4.37,D,0.48,0.48,,,,,,firms,VIIRS,VIIRS_NOAA21_NRT
-3.76359,115.43093,2025-11-28,520,N21,n,2.0NRT,4.59,D,0.48,0.48,,,,,,firms,VIIRS,VIIRS_NOAA21_NRT
-3.26638,122.1775,2025-11-28,520,N21,n,2.0NRT,2.97,D,0.39,0.36,,,,,,firms,VIIRS,VIIRS_NOAA21_NRT
-2.83179,122.17301,2025-11-28,520,N21,n,2.0NRT,3.84,D,0.39,0.36,,,,,,firms,VIIRS,VIIRS_NOAA21_NRT
-2.83126,122.17648,2025-11-28,520,N21,n,2.0NRT,4.31,D,0.39,0.36,,,,,,firms,VIIRS,VIIRS_NOAA21_NRT
-2.82848,122.17252,2025-11-28,520,N21,n,2.0NRT,4.15,D,0.39,0.36,,,,,,firms,VIIRS,VIIRS_NOAA21_NRT
-2.73981,116.35532,2025-11-28,522,N21,n,2.0NRT,2.4,D,0.4,0.44,,,,,,firms,VIIRS,VIIRS_NOAA21_NRT
-2.17008,115.57211,2025-11-28,522,N21,n,2.0NRT,5.9,D,0.44,0.46,,,,,,firms,VIIRS,VIIRS_NOAA21_NRT
-2.03525,119.52847,2025-11-28,522,N21,n,2.0NRT,10.26,D,0.41,0.37,,,,,,firms,VIIRS,VIIRS_NOAA21_NRT
-2.03241,119.52424,2025-11-28,522,N21,n,2.0NRT,10.26,D,0.41,0.37,,,,,,firms,VIIRS,VIIRS_NOAA21_NRT
-2.03185,119.52795,2025-11-28,522,N21,n,2.0NRT,10.26,D,0.41,0.37,,,,,,firms,VIIRS,VIIRS_NOAA21_NRT
-1.81868,114.28359,2025-11-28,522,N21,n,2.0NRT,4.53,D,0.54,0.51,,,,,,firms,VIIRS,VIIRS_NOAA21_NRT
-1.62207,121.3454,2025-11-28,522,N21,n,2.0NRT,2.17,D,0.38,0.36,,,,,,firms,VIIRS,VIIRS_NOAA21_NRT
-1.56765,120.38654,2025-11-28,522,N21,n,2.0NRT,6.55,D,0.39,0.36,,,,,,firms,VIIRS,VIIRS_NOAA21_NRT
-1.53608,120.74863,2025-11-28,522,N21,n,2.0NRT,1.85,D,0.39,0.36,,,,,,firms,VIIRS,VIIRS_NOAA21_NRT
-1.32607,119.94254,2025-11-28,522,N21,n,2.0NRT,3.94,D,0.4,0.37,,,,,,firms,VIIRS,VIIRS_NOAA21_NRT
-1.08572,121.40424,2025-11-28,522,N21,n,2.0NRT,13.8,D,0.38,0.36,,,,,,firms,VIIRS,VIIRS_NOAA21_NRT
-1.06659,120.01515,2025-11-28,522,N21,n,2.0NRT,3.0,D,0.39,0.37,,,,,,firms,VIIRS,VIIRS_NOAA21_NRT
-0.99503,121.41853,2025-11-28,522,N21,n,2.0NRT,2.39,D,0.38,0.36,,,,,,firms,VIIRS,VIIRS_NOAA21_NRT
-0.95373,121.71128,2025-11-28,522,N21,n,2.0NRT,1.92,D,0.39,0.36,,,,,,firms,VIIRS,VIIRS_NOAA21_NRT
-0.87461,119.64407,2025-11-28,522,N21,n,2.0NRT,1.9,D,0.4,0.37,,,,,,firms,VIIRS,VIIRS_NOAA21_NRT
-0.86451,114.69523,2025-11-28,522,N21,n,2.0NRT,4.13,D,0.49,0.48,,,,,,firms,VIIRS,VIIRS_NOAA21_NRT
-0.73091,114.23949,2025-11-28,522,N21,n,2.0NRT,20.08,D,0.52,0.5,,,,,,firms,VIIRS,VIIRS_NOAA21_NRT
-0.70769,111.77321,2025-11-28,522,N21,n,2.0NRT,2.75,D,0.39,0.59,,,,,,firms,VIIRS,VIIRS_NOAA21_NRT
-0.20642,116.80264,2025-11-28,522,N21,n,2.0NRT,3.98,D,0.52,0.42,,,,,,firms,VIIRS,VIIRS_NOAA21_NRT
-0.20607,116.80116,2025-11-28,522,N21,n,2.0NRT,5.99,D,0.53,0.42,,,,,,firms,VIIRS,VIIRS_NOAA21_NRT
-0.19775,116.80469,2025-11-28,522,N21,n,2.0NRT,4.13,D,0.53,0.42,,,,,,firms,VIIRS,VIIRS_NOAA21_NRT
0.52382,121.99004,2025-11-28,522,N21,n,2.0NRT,9.21,D,0.4,0.37,,,,,,firms,VIIRS,VIIRS_NOAA21_NRT
0.57602,121.64124,2025-11-28,522,N21,n,2.0NRT,4.82,D,0.39,0.36,,,,,,firms,VIIRS,VIIRS_NOAA21_NRT
0.69326,117.13081,2025-11-28,522,N21,n,2.0NRT,6.31,D,0.49,0.4,,,,,,firms,VIIRS,VIIRS_NOAA21_NRT
0.70681,117.07063,2025-11-28,522,N21,n,2.0NRT,31.72,D,0.49,0.41,,,,,,firms,VIIRS,VIIRS_NOAA21_NRT
0.75435,117.09235,2025-11-28,522,N21,n,2.0NRT,10.45,D,0.49,0.4,,,,,,firms,VIIRS,VIIRS_NOAA21_NRT
0.75503,117.09671,2025-11-28,522,N21,n,2.0NRT,15.29,D,0.49,0.4,,,,,,firms,VIIRS,VIIRS_NOAA21_NRT
0.75805,117.09179,2025-11-28,522,N21,n,2.0NRT,9.84,D,0.49,0.4,,,,,,firms,VIIRS,VIIRS_NOAA21_NRT
0.79457,116.96947,2025-11-28,522,N21,n,2.0NRT,5.05,D,0.5,0.41,,,,,,firms,VIIRS,VIIRS_NOAA21_NRT
0.79604,116.96841,2025-11-28,522,N21,n,2.0NRT,3.22,D,0.5,0.41,,,,,,firms,VIIRS,VIIRS_NOAA21_NRT
0.84058,116.97162,2025-11-28,522,N21,n,2.0NRT,7.23,D,0.5,0.41,,,,,,firms,VIIRS,VIIRS_NOAA21_NRT
0.88686,116.95095,2025-11-28,522,N21,n,2.0NRT,5.47,D,0.5,0.41,,,,,,firms,VIIRS,VIIRS_NOAA21_NRT
0.92499,117.67979,2025-11-28,522,N21,n,2.0NRT,3.54,D,0.46,0.39,,,,,,firms,VIIRS,VIIRS_NOAA21_NRT
0.99189,117.07608,2025-11-28,522,N21,n,2.0NRT,7.06,D,0.49,0.4,,,,,,firms,VIIRS,VIIRS_NOAA21_NRT
1.07177,121.45734,2025-11-28,522,N21,n,2.0NRT,19.06,D,0.39,0.36,,,,,,firms,VIIRS,VIIRS_NOAA21_NRT
3.38919,116.99226,2025-11-28,522,N21,n,2.0NRT,9.35,D,0.46,0.39,,,,,,firms,VIIRS,VIIRS_NOAA21_NRT
3.49165,116.95135,2025-11-28,522,N21,n,2.0NRT,5.12,D,0.47,0.39,,,,,,firms,VIIRS,VIIRS_NOAA21_NRT
3.51513,116.94822,2025-11-28,522,N21,n,2.0NRT,2.06,D,0.47,0.39,,,,,,firms,VIIRS,VIIRS_NOAA21_NRT
-3.51254,102.18546,2025-11-28,703,N21,n,2.0NRT,6.27,D,0.45,0.47,,,,,,firms,VIIRS,VIIRS_NOAA21_NRT
-3.51222,102.18414,2025-11-28,703,N21,n,2.0NRT,5.67,D,0.45,0.47,,,,,,firms,VIIRS,VIIRS_NOAA21_NRT
2.78469,125.378,2025-11-28,1620,N21,n,2.0NRT,4.86,N,0.53,0.67,,,,,,firms,VIIRS,VIIRS_NOAA21_NRT
-1.57286,127.43013,2025-11-28,1622,N21,n,2.0NRT,1.51,N,0.32,0.55,,,,,,firms,VIIRS,VIIRS_NOAA21_NRT
-1.57234,127.42697,2025-11-28,1622,N21,n,2.0NRT,1.5,N,0.32,0.55,,,,,,firms,VIIRS,VIIRS_NOAA21_NRT
-1.56736,127.42792,2025-11-28,1622,N21,n,2.0NRT,1.91,N,0.32,0.55,,,,,,firms,VIIRS,VIIRS_NOAA21_NRT
-1.56235,127.42865,2025-11-28,1622,N21,n,2.0NRT,1.91,N,0.32,0.55,,,,,,firms,VIIRS,VIIRS_NOAA21_NRT
-1.56209,127.42726,2025-11-28,1622,N21,n,2.0NRT,3.25,N,0.32,0.55,,,,,,firms,VIIRS,VIIRS_NOAA21_NRT
-1.56184,127.42557,2025-11-28,1622,N21,n,2.0NRT,1.91,N,0.32,0.55,,,,,,firms,VIIRS,VIIRS_NOAA21_NRT
-1.53021,127.42052,2025-11-28,1622,N21,n,2.0NRT,1.08,N,0.32,0.55,,,,,,firms,VIIRS,VIIRS_NOAA21_NRT
-1.46099,127.43744,2025-11-28,1622,N21,n,2.0NRT,3.43,N,0.32,0.55,,,,,,firms,VIIRS,VIIRS_NOAA21_NRT
-1.46044,127.43409,2025-11-28,1622,N21,n,2.0NRT,6.7,N,0.32,0.55,,,,,,firms,VIIRS,VIIRS_NOAA21_NRT
-1.45591,127.43784,2025-11-28,1622,N21,n,2.0NRT,3.43,N,0.32,0.55,,,,,,firms,VIIRS,VIIRS_NOAA21_NRT
-1.45559,127.43607,2025-11-28,1622,N21,n,2.0NRT,4.34,N,0.32,0.55,,,,,,firms,VIIRS,VIIRS_NOAA21_NRT
-1.37809,122.47961,2025-11-28,1622,N21,n,2.0NRT,3.76,N,0.71,0.75,,,,,,firms,VIIRS,VIIRS_NOAA21_NRT
-1.37807,122.48085,2025-11-28,1622,N21,n,2.0NRT,2.18,N,0.71,0.75,,,,,,firms,VIIRS,VIIRS_NOAA21_NRT
0.48318,128.00356,2025-11-28,1622,N21,n,2.0NRT,6.12,N,0.63,0.54,,,,,,firms,VIIRS,VIIRS_NOAA21_NRT
0.48502,127.9919,2025-11-28,1622,N21,n,2.0NRT,1.06,N,0.64,0.54,,,,,,firms,VIIRS,VIIRS_NOAA21_NRT
0.48591,127.98626,2025-11-28,1622,N21,n,2.0NRT,1.06,N,0.64,0.54,,,,,,firms,VIIRS,VIIRS_NOAA21_NRT
0.48739,127.9769,2025-11-28,1622,N21,n,2.0NRT,1.15,N,0.32,0.54,,,,,,firms,VIIRS,VIIRS_NOAA21_NRT
0.48785,127.97399,2025-11-28,1622,N21,n,2.0NRT,1.15,N,0.32,0.54,,,,,,firms,VIIRS,VIIRS_NOAA21_NRT
0.49082,127.98742,2025-11-28,1622,N21,n,2.0NRT,2.64,N,0.64,0.54,,,,,,firms,VIIRS,VIIRS_NOAA21_NRT
0.49147,127.98331,2025-11-28,1622,N21,n,2.0NRT,2.68,N,0.32,0.54,,,,,,firms,VIIRS,VIIRS_NOAA21_NRT
0.51011,127.89812,2025-11-28,1622,N21,n,2.0NRT,1.58,N,0.32,0.55,,,,,,firms,VIIRS,VIIRS_NOAA21_NRT
0.51057,127.89523,2025-11-28,1622,N21,n,2.0NRT,1.58,N,0.32,0.55,,,,,,firms,VIIRS,VIIRS_NOAA21_NRT
0.51105,127.89219,2025-11-28,1622,N21,n,2.0NRT,1.24,N,0.32,0.55,,,,,,firms,VIIRS,VIIRS_NOAA21_NRT
1.69895,127.87796,2025-11-28,1622,N21,n,2.0NRT,2.48,N,0.34,0.56,,,,,,firms,VIIRS,VIIRS_NOAA21_NRT
-10.61253,123.32393,2025-11-28,1624,N21,n,2.0NRT,0.79,N,0.43,0.62,,,,,,firms,VIIRS,VIIRS_NOAA21_NRT
-9.8237,130.26868,2025-11-28,1624,N21,n,2.0NRT,6.12,N,0.48,0.4,,,,,,firms,VIIRS,VIIRS_NOAA21_NRT
-9.82004,130.26929,2025-11-28,1624,N21,n,2.0NRT,6.12,N,0.48,0.4,,,,,,firms,VIIRS,VIIRS_NOAA21_NRT
-8.17326,140.7466,2025-11-28,1624,N21,n,2.0NRT,0.77,N,0.5,0.49,,,,,,firms,VIIRS,VIIRS_NOAA21_NRT
-8.11639,112.92761,2025-11-28,1804,N21,n,2.0NRT,5.34,N,0.52,0.42,,,,,,firms,VIIRS,VIIRS_NOAA21_NRT
-8.11244,112.92704,2025-11-28,1804,N21,n,2.0NRT,9.57,N,0.52,0.42,,,,,,firms,VIIRS,VIIRS_NOAA21_NRT
-8.1117,112.92193,2025-11-28,1804,N21,n,2.0NRT,9.57,N,0.52,0.42,,,,,,firms,VIIRS,VIIRS_NOAA21_NRT
-7.70373,108.99711,2025-11-28,1804,N21,n,2.0NRT,2.37,N,0.38,0.36,,,,,,firms,VIIRS,VIIRS_NOAA21_NRT
-7.70318,108.99364,2025-11-28,1804,N21,n,2.0NRT,0.92,N,0.38,0.36,,,,,,firms,VIIRS,VIIRS_NOAA21_NRT
-7.69988,108.99416,2025-11-28,1804,N21,n,2.0NRT,0.92,N,0.38,0.36,,,,,,firms,VIIRS,VIIRS_NOAA21_NRT
-7.54975,110.44128,2025-11-28,1804,N21,n,2.0NRT,1.02,N,0.4,0.37,,,,,,firms,VIIRS,VIIRS_NOAA21_NRT
-7.54686,110.44487,2025-11-28,1804,N21,n,2.0NRT,1.94,N,0.4,0.37,,,,,,firms,VIIRS,VIIRS_NOAA21_NRT
-7.54346,110.44514,2025-11-28,1804,N21,n,2.0NRT,1.94,N,0.4,0.37,,,,,,firms,VIIRS,VIIRS_NOAA21_NRT
-7.54294,110.4418,2025-11-28,1804,N21,n,2.0NRT,2.61,N,0.4,0.37,,,,,,firms,VIIRS,VIIRS_NOAA21_NRT
-7.37146,113.2774,2025-11-28,1804,N21,n,2.0NRT,1.2,N,0.53,0.42,,,,,,firms,VIIRS,VIIRS_NOAA21_NRT
-7.36926,113.27591,2025-11-28,1804,N21,n,2.0NRT,1.16,N,0.53,0.42,,,,,,firms,VIIRS,VIIRS_NOAA21_NRT
-7.24207,111.73093,2025-11-28,1804,N21,n,2.0NRT,1.45,N,0.44,0.39,,,,,,firms,VIIRS,VIIRS_NOAA21_NRT
-7.24109,109.21519,2025-11-28,1804,N21,n,2.0NRT,0.65,N,0.38,0.36,,,,,,firms,VIIRS,VIIRS_NOAA21_NRT
-7.23914,111.73546,2025-11-28,1804,N21,n,2.0NRT,1.51,N,0.44,0.39,,,,,,firms,VIIRS,VIIRS_NOAA21_NRT
-6.0998,106.67278,2025-11-28,1804,N21,n,2.0NRT,1.33,N,0.44,0.38,,,,,,firms,VIIRS,VIIRS_NOAA21_NRT
-2.99925,115.20286,2025-11-28,1804,N21,n,2.0NRT,1.15,N,0.41,0.45,,,,,,firms,VIIRS,VIIRS_NOAA21_NRT
-2.996,115.20598,2025-11-28,1804,N21,n,2.0NRT,2.43,N,0.41,0.45,,,,,,firms,VIIRS,VIIRS_NOAA21_NRT
-2.99515,115.20344,2025-11-28,1804,N21,n,2.0NRT,1.15,N,0.41,0.45,,,,,,firms,VIIRS,VIIRS_NOAA21_NRT
-2.93381,115.23779,2025-11-28,1804,N21,n,2.0NRT,1.12,N,0.41,0.45,,,,,,firms,VIIRS,VIIRS_NOAA21_NRT
-2.87533,115.26192,2025-11-28,1804,N21,n,2.0NRT,1.55,N,0.41,0.45,,,,,,firms,VIIRS,VIIRS_NOAA21_NRT
-2.21066,115.49613,2025-11-28,1804,N21,n,2.0NRT,0.59,N,0.42,0.45,,,,,,firms,VIIRS,VIIRS_NOAA21_NRT
-2.16849,115.56983,2025-11-28,1804,N21,n,2.0NRT,1.58,N,0.42,0.45,,,,,,firms,VIIRS,VIIRS_NOAA21_NRT
-2.06035,115.57047,2025-11-28,1804,N21,n,2.0NRT,0.84,N,0.42,0.45,,,,,,firms,VIIRS,VIIRS_NOAA21_NRT
-1.89335,115.86315,2025-11-28,1804,N21,n,2.0NRT,0.79,N,0.43,0.46,,,,,,firms,VIIRS,VIIRS_NOAA21_NRT
-1.88914,115.86382,2025-11-28,1804,N21,n,2.0NRT,0.79,N,0.43,0.46,,,,,,firms,VIIRS,VIIRS_NOAA21_NRT
-1.57618,103.68427,2025-11-28,1804,N21,n,2.0NRT,0.54,N,0.5,0.49,,,,,,firms,VIIRS,VIIRS_NOAA21_NRT
-1.57242,103.68941,2025-11-28,1804,N21,n,2.0NRT,1.4,N,0.5,0.49,,,,,,firms,VIIRS,VIIRS_NOAA21_NRT
-9.81919,130.2717,2025-11-29,459,N21,n,2.0NRT,13.25,D,0.43,0.38,,,,,,firms,VIIRS,VIIRS_NOAA21_NRT
-8.41076,126.7318,2025-11-29,459,N21,n,2.0NRT,3.44,D,0.39,0.36,,,,,,firms,VIIRS,VIIRS_NOAA21_NRT
-6.64295,134.24954,2025-11-29,459,N21,n,2.0NRT,4.4,D,0.54,0.51,,,,,,firms,VIIRS,VIIRS_NOAA21_NRT
-4.86971,122.00124,2025-11-29,501,N21,n,2.0NRT,5.54,D,0.57,0.43,,,,,,firms,VIIRS,VIIRS_NOAA21_NRT
-4.55321,120.35339,2025-11-29,501,N21,n,2.0NRT,1.06,D,0.48,0.48,,,,,,firms,VIIRS,VIIRS_NOAA21_NRT
-4.53117,121.87972,2025-11-29,501,N21,n,2.0NRT,8.7,D,0.57,0.43,,,,,,firms,VIIRS,VIIRS_NOAA21_NRT
-4.5296,121.88221,2025-11-29,501,N21,n,2.0NRT,10.7,D,0.57,0.43,,,,,,firms,VIIRS,VIIRS_NOAA21_NRT
-4.5272,121.8792,2025-11-29,501,N21,n,2.0NRT,8.7,D,0.57,0.43,,,,,,firms,VIIRS,VIIRS_NOAA21_NRT
-4.52322,121.87868,2025-11-29,501,N21,n,2.0NRT,5.8,D,0.57,0.43,,,,,,firms,VIIRS,VIIRS_NOAA21_NRT
-4.45656,121.80786,2025-11-29,501,N21,n,2.0NRT,7.29,D,0.38,0.44,,,,,,firms,VIIRS,VIIRS_NOAA21_NRT
-4.22905,121.88313,2025-11-29,501,N21,n,2.0NRT,3.67,D,0.57,0.43,,,,,,firms,VIIRS,VIIRS_NOAA21_NRT
-4.0446,136.10371,2025-11-29,501,N21,n,2.0NRT,2.44,D,0.4,0.6,,,,,,firms,VIIRS,VIIRS_NOAA21_NRT
-3.91114,122.21095,2025-11-29,501,N21,n,2.0NRT,10.67,D,0.54,0.42,,,,,,firms,VIIRS,VIIRS_NOAA21_NRT
-3.9035,122.41717,2025-11-29,501,N21,n,2.0NRT,9.78,D,0.52,0.42,,,,,,firms,VIIRS,VIIRS_NOAA21_NRT
-3.9028,122.42182,2025-11-29,501,N21,n,2.0NRT,8.75,D,0.52,0.42,,,,,,firms,VIIRS,VIIRS_NOAA21_NRT
-3.87206,122.39358,2025-11-29,501,N21,n,2.0NRT,6.93,D,0.52,0.42,,,,,,firms,VIIRS,VIIRS_NOAA21_NRT
-3.87136,122.39823,2025-11-29,501,N21,n,2.0NRT,9.25,D,0.52,0.42,,,,,,firms,VIIRS,VIIRS_NOAA21_NRT
-3.87067,122.40291,2025-11-29,501,N21,n,2.0NRT,9.25,D,0.52,0.42,,,,,,firms,VIIRS,VIIRS_NOAA21_NRT
-3.86997,122.40756,2025-11-29,501,N21,n,2.0NRT,11.81,D,0.52,0.42,,,,,,firms,VIIRS,VIIRS_NOAA21_NRT
-3.83064,122.25996,2025-11-29,501,N21,n,2.0NRT,13.05,D,0.53,0.42,,,,,,firms,VIIRS,VIIRS_NOAA21_NRT
-3.82959,122.25797,2025-11-29,501,N21,n,2.0NRT,11.89,D,0.53,0.42,,,,,,firms,VIIRS,VIIRS_NOAA21_NRT
-3.79578,122.36087,2025-11-29,501,N21,n,2.0NRT,18.93,D,0.52,0.42,,,,,,firms,VIIRS,VIIRS_NOAA21_NRT
-3.70585,128.16084,2025-11-29,501,N21,l,2.0NRT,10.52,D,0.41,0.37,,,,,,firms,VIIRS,VIIRS_NOAA21_NRT
-3.68648,128.1873,2025-11-29,501,N21,l,2.0NRT,5.23,D,0.41,0.37,,,,,,firms,VIIRS,VIIRS_NOAA21_NRT
-3.51844,126.19802,2025-11-29,501,N21,n,2.0NRT,1.45,D,0.38,0.36,,,,,,firms,VIIRS,VIIRS_NOAA21_NRT
-3.36543,126.04028,2025-11-29,501,N21,n,2.0NRT,3.09,D,0.39,0.36,,,,,,firms,VIIRS,VIIRS_NOAA21_NRT
-3.22242,127.88132,2025-11-29,501,N21,n,2.0NRT,34.29,D,0.4,0.37,,,,,,firms,VIIRS,VIIRS_NOAA21_NRT
-3.09365,126.84153,2025-11-29,501,N21,n,2.0NRT,2.84,D,0.39,0.36,,,,,,firms,VIIRS,VIIRS_NOAA21_NRT
-3.09021,126.81982,2025-11-29,501,N21,n,2.0NRT,3.14,D,0.39,0.36,,,,,,firms,VIIRS,VIIRS_NOAA21_NRT
-2.91437,121.52102,2025-11-29,501,N21,n,2.0NRT,5.78,D,0.57,0.43,,,,,,firms,VIIRS,VIIRS_NOAA21_NRT
-2.87193,122.16563,2025-11-29,501,N21,n,2.0NRT,2.64,D,0.52,0.42,,,,,,firms,VIIRS,VIIRS_NOAA21_NRT
-2.87174,122.16419,2025-11-29,501,N21,n,2.0NRT,4.79,D,0.52,0.42,,,,,,firms,VIIRS,VIIRS_NOAA21_NRT
-2.86695,128.6515,2025-11-29,501,N21,n,2.0NRT,4.53,D,0.43,0.38,,,,,,firms,VIIRS,VIIRS_NOAA21_NRT
-2.82798,122.17323,2025-11-29,501,N21,n,2.0NRT,6.42,D,0.52,0.42,,,,,,firms,VIIRS,VIIRS_NOAA21_NRT
-2.82319,122.15347,2025-11-29,501,N21,n,2.0NRT,3.66,D,0.52,0.42,,,,,,firms,VIIRS,VIIRS_NOAA21_NRT
-2.57725,121.38417,2025-11-29,501,N21,n,2.0NRT,4.89,D,0.39,0.44,,,,,,firms,VIIRS,VIIRS_NOAA21_NRT
-2.18443,121.43586,2025-11-29,501,N21,n,2.0NRT,20.22,D,0.57,0.43,,,,,,firms,VIIRS,VIIRS_NOAA21_NRT
-2.18371,121.44065,2025-11-29,501,N21,n,2.0NRT,20.22,D,0.57,0.43,,,,,,firms,VIIRS,VIIRS_NOAA21_NRT
-2.02869,120.81513,2025-11-29,501,N21,n,2.0NRT,5.51,D,0.41,0.45,,,,,,firms,VIIRS,VIIRS_NOAA21_NRT
-2.01415,121.42053,2025-11-29,501,N21,n,2.0NRT,6.69,D,0.56,0.43,,,,,,firms,VIIRS,VIIRS_NOAA21_NRT
-2.01406,121.41827,2025-11-29,501,N21,n,2.0NRT,7.15,D,0.57,0.43,,,,,,firms,VIIRS,VIIRS_NOAA21_NRT
-2.01019,121.42008,2025-11-29,501,N21,n,2.0NRT,6.69,D,0.56,0.43,,,,,,firms,VIIRS,VIIRS_NOAA21_NRT
-2.01011,121.41775,2025-11-29,501,N21,n,2.0NRT,7.98,D,0.57,0.43,,,,,,firms,VIIRS,VIIRS_NOAA21_NRT
-2.00862,121.43021,2025-11-29,501,N21,n,2.0NRT,6.37,D,0.56,0.43,,,,,,firms,VIIRS,VIIRS_NOAA21_NRT
-2.00787,121.43287,2025-11-29,501,N21,n,2.0NRT,8.69,D,0.56,0.43,,,,,,firms,VIIRS,VIIRS_NOAA21_NRT
-2.00467,121.42971,2025-11-29,501,N21,n,2.0NRT,5.14,D,0.56,0.43,,,,,,firms,VIIRS,VIIRS_NOAA21_NRT
-2.00392,121.43237,2025-11-29,501,N21,n,2.0NRT,8.69,D,0.56,0.43,,,,,,firms,VIIRS,VIIRS_NOAA21_NRT
-2.00072,121.42919,2025-11-29,501,N21,n,2.0NRT,5.14,D,0.56,0.43,,,,,,firms,VIIRS,VIIRS_NOAA21_NRT
-1.99995,121.43208,2025-11-29,501,N21,n,2.0NRT,7.49,D,0.56,0.43,,,,,,firms,VIIRS,VIIRS_NOAA21_NRT
-1.71088,123.37489,2025-11-29,501,N21,n,2.0NRT,2.14,D,0.44,0.38,,,,,,firms,VIIRS,VIIRS_NOAA21_NRT
-1.57159,127.42957,2025-11-29,501,N21,n,2.0NRT,3.94,D,0.4,0.37,,,,,,firms,VIIRS,VIIRS_NOAA21_NRT
-1.56823,127.42905,2025-11-29,501,N21,n,2.0NRT,3.94,D,0.4,0.37,,,,,,firms,VIIRS,VIIRS_NOAA21_NRT
-1.56487,127.42856,2025-11-29,501,N21,n,2.0NRT,3.71,D,0.4,0.37,,,,,,firms,VIIRS,VIIRS_NOAA21_NRT
-1.56151,127.42807,2025-11-29,501,N21,n,2.0NRT,3.71,D,0.4,0.37,,,,,,firms,VIIRS,VIIRS_NOAA21_NRT
-1.55814,127.42759,2025-11-29,501,N21,l,2.0NRT,3.02,D,0.4,0.37,,,,,,firms,VIIRS,VIIRS_NOAA21_NRT
-1.45812,127.43796,2025-11-29,501,N21,n,2.0NRT,31.19,D,0.4,0.37,,,,,,firms,VIIRS,VIIRS_NOAA21_NRT
-1.31204,123.09413,2025-11-29,501,N21,n,2.0NRT,2.14,D,0.45,0.39,,,,,,firms,VIIRS,VIIRS_NOAA21_NRT
-1.23274,123.11479,2025-11-29,501,N21,n,2.0NRT,3.02,D,0.45,0.39,,,,,,firms,VIIRS,VIIRS_NOAA21_NRT
-1.02159,123.334,2025-11-29,501,N21,n,2.0NRT,1.75,D,0.44,0.38,,,,,,firms,VIIRS,VIIRS_NOAA21_NRT
-1.02154,121.53118,2025-11-29,501,N21,n,2.0NRT,65.08,D,0.54,0.42,,,,,,firms,VIIRS,VIIRS_NOAA21_NRT
-1.01993,121.52757,2025-11-29,501,N21,n,2.0NRT,9.74,D,0.54,0.42,,,,,,firms,VIIRS,VIIRS_NOAA21_NRT
-1.01914,121.5326,2025-11-29,501,N21,n,2.0NRT,10.26,D,0.54,0.42,,,,,,firms,VIIRS,VIIRS_NOAA21_NRT
0.48314,127.98898,2025-11-29,501,N21,n,2.0NRT,6.9,D,0.43,0.38,,,,,,firms,VIIRS,VIIRS_NOAA21_NRT
0.48373,127.99277,2025-11-29,501,N21,n,2.0NRT,5.92,D,0.43,0.38,,,,,,firms,VIIRS,VIIRS_NOAA21_NRT
0.48662,127.98842,2025-11-29,501,N21,n,2.0NRT,8.68,D,0.43,0.38,,,,,,firms,VIIRS,VIIRS_NOAA21_NRT
0.4883,127.97616,2025-11-29,501,N21,n,2.0NRT,4.31,D,0.43,0.38,,,,,,firms,VIIRS,VIIRS_NOAA21_NRT
0.51006,127.89529,2025-11-29,501,N21,n,2.0NRT,8.56,D,0.43,0.38,,,,,,firms,VIIRS,VIIRS_NOAA21_NRT
1.46719,124.92638,2025-11-29,501,N21,n,2.0NRT,4.23,D,0.39,0.36,,,,,,firms,VIIRS,VIIRS_NOAA21_NRT
1.5413,127.65833,2025-11-29,501,N21,n,2.0NRT,4.81,D,0.43,0.38,,,,,,firms,VIIRS,VIIRS_NOAA21_NRT
2.78175,125.40711,2025-11-29,503,N21,n,2.0NRT,3.34,D,0.39,0.36,,,,,,firms,VIIRS,VIIRS_NOAA21_NRT
-7.70426,108.99536,2025-11-29,641,N21,n,2.0NRT,30.9,D,0.52,0.5,,,,,,firms,VIIRS,VIIRS_NOAA21_NRT
-6.51643,110.74789,2025-11-29,641,N21,n,2.0NRT,2.08,D,0.36,0.58,,,,,,firms,VIIRS,VIIRS_NOAA21_NRT
-4.53643,104.31889,2025-11-29,641,N21,n,2.0NRT,2.96,D,0.46,0.39,,,,,,firms,VIIRS,VIIRS_NOAA21_NRT
-4.37743,104.01833,2025-11-29,641,N21,n,2.0NRT,13.9,D,0.44,0.39,,,,,,firms,VIIRS,VIIRS_NOAA21_NRT
-3.80647,103.81898,2025-11-29,641,N21,n,2.0NRT,7.33,D,0.44,0.38,,,,,,firms,VIIRS,VIIRS_NOAA21_NRT
-3.70214,103.27037,2025-11-29,644,N21,n,2.0NRT,3.68,D,0.42,0.38,,,,,,firms,VIIRS,VIIRS_NOAA21_NRT
-3.59955,102.18525,2025-11-29,644,N21,n,2.0NRT,2.86,D,0.39,0.36,,,,,,firms,VIIRS,VIIRS_NOAA21_NRT
-3.57177,102.18819,2025-11-29,644,N21,n,2.0NRT,2.72,D,0.39,0.36,,,,,,firms,VIIRS,VIIRS_NOAA21_NRT
-3.55711,104.34297,2025-11-29,644,N21,n,2.0NRT,8.4,D,0.47,0.4,,,,,,firms,VIIRS,VIIRS_NOAA21_NRT
-3.54439,102.14751,2025-11-29,644,N21,n,2.0NRT,5.72,D,0.39,0.36,,,,,,firms,VIIRS,VIIRS_NOAA21_NRT
-3.4705,102.13975,2025-11-29,644,N21,n,2.0NRT,11.04,D,0.39,0.36,,,,,,firms,VIIRS,VIIRS_NOAA21_NRT
-3.46585,102.08158,2025-11-29,644,N21,n,2.0NRT,5.77,D,0.39,0.36,,,,,,firms,VIIRS,VIIRS_NOAA21_NRT
-3.46569,102.19296,2025-11-29,644,N21,n,2.0NRT,10.76,D,0.39,0.36,,,,,,firms,VIIRS,VIIRS_NOAA21_NRT
-3.19506,103.55389,2025-11-29,644,N21,n,2.0NRT,60.32,D,0.44,0.38,,,,,,firms,VIIRS,VIIRS_NOAA21_NRT
-3.12827,103.23673,2025-11-29,644,N21,n,2.0NRT,4.98,D,0.42,0.38,,,,,,firms,VIIRS,VIIRS_NOAA21_NRT
-3.10265,103.82284,2025-11-29,644,N21,n,2.0NRT,3.41,D,0.45,0.39,,,,,,firms,VIIRS,VIIRS_NOAA21_NRT
-3.10013,103.83888,2025-11-29,644,N21,n,2.0NRT,29.88,D,0.45,0.39,,,,,,firms,VIIRS,VIIRS_NOAA21_NRT
-3.0063,104.29235,2025-11-29,644,N21,n,2.0NRT,3.11,D,0.47,0.4,,,,,,firms,VIIRS,VIIRS_NOAA21_NRT
-3.00554,104.29303,2025-11-29,644,N21,n,2.0NRT,2.08,D,0.47,0.4,,,,,,firms,VIIRS,VIIRS_NOAA21_NRT
-2.93592,104.00497,2025-11-29,644,N21,n,2.0NRT,2.94,D,0.46,0.39,,,,,,firms,VIIRS,VIIRS_NOAA21_NRT
-2.81212,103.26237,2025-11-29,644,N21,n,2.0NRT,1.94,D,0.43,0.38,,,,,,firms,VIIRS,VIIRS_NOAA21_NRT
-2.65176,102.93591,2025-11-29,644,N21,n,2.0NRT,10.88,D,0.42,0.38,,,,,,firms,VIIRS,VIIRS_NOAA21_NRT
-2.64833,102.93539,2025-11-29,644,N21,n,2.0NRT,3.21,D,0.42,0.38,,,,,,firms,VIIRS,VIIRS_NOAA21_NRT
-2.63001,102.9632,2025-11-29,644,N21,n,2.0NRT,10.29,D,0.42,0.38,,,,,,firms,VIIRS,VIIRS_NOAA21_NRT
-2.62943,102.96694,2025-11-29,644,N21,n,2.0NRT,10.29,D,0.42,0.38,,,,,,firms,VIIRS,VIIRS_NOAA21_NRT
-2.59884,102.80228,2025-11-29,644,N21,n,2.0NRT,21.24,D,0.41,0.37,,,,,,firms,VIIRS,VIIRS_NOAA21_NRT
-2.52447,102.71565,2025-11-29,644,N21,n,2.0NRT,3.52,D,0.41,0.37,,,,,,firms,VIIRS,VIIRS_NOAA21_NRT
-2.47595,102.61768,2025-11-29,644,N21,n,2.0NRT,2.21,D,0.41,0.37,,,,,,firms,VIIRS,VIIRS_NOAA21_NRT
-2.35718,102.50231,2025-11-29,644,N21,n,2.0NRT,2.33,D,0.41,0.37,,,,,,firms,VIIRS,VIIRS_NOAA21_NRT
-2.35699,102.34669,2025-11-29,644,N21,n,2.0NRT,3.78,D,0.4,0.37,,,,,,firms,VIIRS,VIIRS_NOAA21_NRT
-2.29059,103.49698,2025-11-29,644,N21,n,2.0NRT,6.37,D,0.44,0.39,,,,,,firms,VIIRS,VIIRS_NOAA21_NRT
-2.26616,102.84228,2025-11-29,644,N21,n,2.0NRT,7.25,D,0.42,0.37,,,,,,firms,VIIRS,VIIRS_NOAA21_NRT
-2.26558,102.84602,2025-11-29,644,N21,n,2.0NRT,5.35,D,0.42,0.38,,,,,,firms,VIIRS,VIIRS_NOAA21_NRT
-2.25931,103.51231,2025-11-29,644,N21,n,2.0NRT,32.13,D,0.44,0.39,,,,,,firms,VIIRS,VIIRS_NOAA21_NRT
-2.25351,103.50335,2025-11-29,644,N21,n,2.0NRT,3.69,D,0.44,0.39,,,,,,firms,VIIRS,VIIRS_NOAA21_NRT
-2.24718,103.49478,2025-11-29,644,N21,n,2.0NRT,21.23,D,0.44,0.39,,,,,,firms,VIIRS,VIIRS_NOAA21_NRT
-2.24086,102.77792,2025-11-29,644,N21,n,2.0NRT,4.7,D,0.42,0.37,,,,,,firms,VIIRS,VIIRS_NOAA21_NRT
-2.24029,102.78164,2025-11-29,644,N21,n,2.0NRT,4.41,D,0.42,0.37,,,,,,firms,VIIRS,VIIRS_NOAA21_NRT
-2.18057,101.77074,2025-11-29,644,N21,n,2.0NRT,3.94,D,0.39,0.36,,,,,,firms,VIIRS,VIIRS_NOAA21_NRT
-2.14576,102.02141,2025-11-29,644,N21,n,2.0NRT,4.42,D,0.4,0.37,,,,,,firms,VIIRS,VIIRS_NOAA21_NRT
-2.02568,102.26601,2025-11-29,644,N21,n,2.0NRT,3.61,D,0.4,0.37,,,,,,firms,VIIRS,VIIRS_NOAA21_NRT
-1.9412,102.19816,2025-11-29,644,N21,n,2.0NRT,2.73,D,0.4,0.37,,,,,,firms,VIIRS,VIIRS_NOAA21_NRT
-1.88599,102.36633,2025-11-29,644,N21,n,2.0NRT,6.35,D,0.41,0.37,,,,,,firms,VIIRS,VIIRS_NOAA21_NRT
-1.78104,102.66523,2025-11-29,644,N21,n,2.0NRT,5.04,D,0.42,0.37,,,,,,firms,VIIRS,VIIRS_NOAA21_NRT
-1.6253,102.5357,2025-11-29,644,N21,n,2.0NRT,3.2,D,0.41,0.37,,,,,,firms,VIIRS,VIIRS_NOAA21_NRT
-1.52932,102.24816,2025-11-29,644,N21,n,2.0NRT,4.1,D,0.41,0.37,,,,,,firms,VIIRS,VIIRS_NOAA21_NRT
-1.11163,101.48965,2025-11-29,644,N21,n,2.0NRT,7.84,D,0.39,0.36,,,,,,firms,VIIRS,VIIRS_NOAA21_NRT
-0.9288,101.97467,2025-11-29,644,N21,n,2.0NRT,9.9,D,0.4,0.37,,,,,,firms,VIIRS,VIIRS_NOAA21_NRT
-0.90428,102.02223,2025-11-29,644,N21,n,2.0NRT,6.91,D,0.4,0.37,,,,,,firms,VIIRS,VIIRS_NOAA21_NRT
-0.89928,102.03234,2025-11-29,644,N21,n,2.0NRT,2.71,D,0.4,0.37,,,,,,firms,VIIRS,VIIRS_NOAA21_NRT
-0.88346,102.00068,2025-11-29,644,N21,n,2.0NRT,3.31,D,0.4,0.37,,,,,,firms,VIIRS,VIIRS_NOAA21_NRT
-0.24165,102.40767,2025-11-29,644,N21,n,2.0NRT,3.09,D,0.42,0.38,,,,,,firms,VIIRS,VIIRS_NOAA21_NRT
-0.23822,102.40715,2025-11-29,644,N21,n,2.0NRT,3.09,D,0.42,0.38,,,,,,firms,VIIRS,VIIRS_NOAA21_NRT
-0.1724,101.85024,2025-11-29,644,N21,n,2.0NRT,16.86,D,0.4,0.37,,,,,,firms,VIIRS,VIIRS_NOAA21_NRT
1.74706,103.22686,2025-11-29,644,N21,n,2.0NRT,3.99,D,0.47,0.4,,,,,,firms,VIIRS,VIIRS_NOAA21_NRT
2.01309,102.77922,2025-11-29,644,N21,n,2.0NRT,2.89,D,0.45,0.39,,,,,,firms,VIIRS,VIIRS_NOAA21_NRT
3.66683,98.93188,2025-11-29,646,N21,n,2.0NRT,2.11,D,0.39,0.36,,,,,,firms,VIIRS,VIIRS_NOAA21_NRT
3.66763,98.89294,2025-11-29,646,N21,n,2.0NRT,2.87,D,0.39,0.36,,,,,,firms,VIIRS,VIIRS_NOAA21_NRT
-1.81824,136.74976,2025-11-29,1602,N21,n,2.0NRT,5.95,N,0.49,0.4,,,,,,firms,VIIRS,VIIRS_NOAA21_NRT
0.4791,128.00383,2025-11-29,1602,N21,n,2.0NRT,4.3,N,0.68,0.74,,,,,,firms,VIIRS,VIIRS_NOAA21_NRT
0.48005,127.99776,2025-11-29,1602,N21,n,2.0NRT,4.3,N,0.68,0.74,,,,,,firms,VIIRS,VIIRS_NOAA21_NRT
0.481,127.99168,2025-11-29,1602,N21,n,2.0NRT,3.92,N,0.68,0.74,,,,,,firms,VIIRS,VIIRS_NOAA21_NRT
0.48193,127.98574,2025-11-29,1602,N21,n,2.0NRT,3.92,N,0.68,0.74,,,,,,firms,VIIRS,VIIRS_NOAA21_NRT
0.48766,127.99336,2025-11-29,1602,N21,n,2.0NRT,3.84,N,0.68,0.74,,,,,,firms,VIIRS,VIIRS_NOAA21_NRT
0.48862,127.98724,2025-11-29,1602,N21,n,2.0NRT,3.84,N,0.68,0.74,,,,,,firms,VIIRS,VIIRS_NOAA21_NRT
0.48946,127.98186,2025-11-29,1602,N21,n,2.0NRT,2.52,N,0.68,0.74,,,,,,firms,VIIRS,VIIRS_NOAA21_NRT
0.49036,127.97615,2025-11-29,1602,N21,n,2.0NRT,2.52,N,0.68,0.74,,,,,,firms,VIIRS,VIIRS_NOAA21_NRT
0.50976,127.89687,2025-11-29,1602,N21,n,2.0NRT,2.67,N,0.69,0.74,,,,,,firms,VIIRS,VIIRS_NOAA21_NRT
-3.42985,135.31865,2025-11-29,1605,N21,n,2.0NRT,1.0,N,0.56,0.43,,,,,,firms,VIIRS,VIIRS_NOAA21_NRT
-3.42971,135.31668,2025-11-29,1605,N21,n,2.0NRT,1.0,N,0.56,0.43,,,,,,firms,VIIRS,VIIRS_NOAA21_NRT
-1.57071,127.42505,2025-11-29,1605,N21,n,2.0NRT,2.0,N,0.69,0.74,,,,,,firms,VIIRS,VIIRS_NOAA21_NRT
-1.5692,127.42697,2025-11-29,1605,N21,n,2.0NRT,4.12,N,0.69,0.74,,,,,,firms,VIIRS,VIIRS_NOAA21_NRT
-1.56397,127.4264,2025-11-29,1605,N21,n,2.0NRT,2.0,N,0.69,0.74,,,,,,firms,VIIRS,VIIRS_NOAA21_NRT
-1.56242,127.42815,2025-11-29,1605,N21,n,2.0NRT,2.88,N,0.69,0.74,,,,,,firms,VIIRS,VIIRS_NOAA21_NRT
-1.45953,127.43842,2025-11-29,1605,N21,n,2.0NRT,3.57,N,0.69,0.74,,,,,,firms,VIIRS,VIIRS_NOAA21_NRT
-1.45821,127.43066,2025-11-29,1605,N21,n,2.0NRT,3.57,N,0.69,0.74,,,,,,firms,VIIRS,VIIRS_NOAA21_NRT
-1.45722,127.43563,2025-11-29,1605,N21,n,2.0NRT,7.62,N,0.69,0.74,,,,,,firms,VIIRS,VIIRS_NOAA21_NRT
-9.8201,130.26875,2025-11-29,1607,N21,n,2.0NRT,4.33,N,0.63,0.54,,,,,,firms,VIIRS,VIIRS_NOAA21_NRT
-9.81903,130.26305,2025-11-29,1607,N21,n,2.0NRT,4.33,N,0.63,0.54,,,,,,firms,VIIRS,VIIRS_NOAA21_NRT
-9.81893,130.26619,2025-11-29,1607,N21,n,2.0NRT,7.92,N,0.63,0.54,,,,,,firms,VIIRS,VIIRS_NOAA21_NRT
-3.90418,122.41907,2025-11-29,1743,N21,n,2.0NRT,2.86,N,0.62,0.54,,,,,,firms,VIIRS,VIIRS_NOAA21_NRT
-3.87231,122.40706,2025-11-29,1743,N21,n,2.0NRT,0.62,N,0.62,0.54,,,,,,firms,VIIRS,VIIRS_NOAA21_NRT
-3.87152,122.40157,2025-11-29,1743,N21,n,2.0NRT,1.12,N,0.62,0.54,,,,,,firms,VIIRS,VIIRS_NOAA21_NRT
-3.87073,122.39606,2025-11-29,1743,N21,n,2.0NRT,1.12,N,0.62,0.54,,,,,,firms,VIIRS,VIIRS_NOAA21_NRT
-3.86963,122.40386,2025-11-29,1743,N21,n,2.0NRT,1.58,N,0.62,0.54,,,,,,firms,VIIRS,VIIRS_NOAA21_NRT
-3.8688,122.39838,2025-11-29,1743,N21,n,2.0NRT,1.16,N,0.61,0.54,,,,,,firms,VIIRS,VIIRS_NOAA21_NRT
-2.87674,122.15747,2025-11-29,1743,N21,n,2.0NRT,2.97,N,0.57,0.52,,,,,,firms,VIIRS,VIIRS_NOAA21_NRT
-2.8294,122.17297,2025-11-29,1743,N21,n,2.0NRT,0.98,N,0.57,0.52,,,,,,firms,VIIRS,VIIRS_NOAA21_NRT
-2.57971,121.39354,2025-11-29,1743,N21,n,2.0NRT,0.73,N,0.5,0.49,,,,,,firms,VIIRS,VIIRS_NOAA21_NRT
-2.57898,121.38872,2025-11-29,1743,N21,n,2.0NRT,0.73,N,0.5,0.49,,,,,,firms,VIIRS,VIIRS_NOAA21_NRT
-2.57827,121.384,2025-11-29,1743,N21,n,2.0NRT,10.57,N,0.5,0.49,,,,,,firms,VIIRS,VIIRS_NOAA21_NRT
-2.57756,121.37936,2025-11-29,1743,N21,n,2.0NRT,10.57,N,0.5,0.49,,,,,,firms,VIIRS,VIIRS_NOAA21_NRT
-2.57519,121.39397,2025-11-29,1743,N21,n,2.0NRT,0.73,N,0.5,0.49,,,,,,firms,VIIRS,VIIRS_NOAA21_NRT
-2.57447,121.3892,2025-11-29,1743,N21,n,2.0NRT,0.73,N,0.5,0.49,,,,,,firms,VIIRS,VIIRS_NOAA21_NRT
-2.57377,121.38454,2025-11-29,1743,N21,n,2.0NRT,10.57,N,0.5,0.49,,,,,,firms,VIIRS,VIIRS_NOAA21_NRT
-2.57307,121.37996,2025-11-29,1743,N21,n,2.0NRT,10.57,N,0.5,0.49,,,,,,firms,VIIRS,VIIRS_NOAA21_NRT
-1.57554,127.42892,2025-11-29,1743,N21,n,2.0NRT,1.27,N,0.64,0.72,,,,,,firms,VIIRS,VIIRS_NOAA21_NRT
-1.56892,127.42966,2025-11-29,1743,N21,n,2.0NRT,1.27,N,0.64,0.72,,,,,,firms,VIIRS,VIIRS_NOAA21_NRT
-1.38129,122.4803,2025-11-29,1743,N21,n,2.0NRT,1.26,N,0.57,0.52,,,,,,firms,VIIRS,VIIRS_NOAA21_NRT
-0.70814,117.06519,2025-11-29,1743,N21,n,2.0NRT,2.5,N,0.41,0.37,,,,,,firms,VIIRS,VIIRS_NOAA21_NRT
0.47825,127.99445,2025-11-29,1743,N21,n,2.0NRT,3.76,N,0.65,0.73,,,,,,firms,VIIRS,VIIRS_NOAA21_NRT
0.47916,127.98875,2025-11-29,1743,N21,n,2.0NRT,3.76,N,0.65,0.73,,,,,,firms,VIIRS,VIIRS_NOAA21_NRT
0.4832,128.00591,2025-11-29,1743,N21,n,2.0NRT,3.87,N,0.65,0.73,,,,,,firms,VIIRS,VIIRS_NOAA21_NRT
0.48407,128.00049,2025-11-29,1743,N21,n,2.0NRT,3.87,N,0.65,0.73,,,,,,firms,VIIRS,VIIRS_NOAA21_NRT
0.48494,127.99507,2025-11-29,1743,N21,n,2.0NRT,3.76,N,0.65,0.73,,,,,,firms,VIIRS,VIIRS_NOAA21_NRT
0.48582,127.98956,2025-11-29,1743,N21,n,2.0NRT,3.76,N,0.65,0.73,,,,,,firms,VIIRS,VIIRS_NOAA21_NRT
0.48681,127.98333,2025-11-29,1743,N21,n,2.0NRT,3.35,N,0.65,0.73,,,,,,firms,VIIRS,VIIRS_NOAA21_NRT
0.48783,127.97697,2025-11-29,1743,N21,n,2.0NRT,3.35,N,0.65,0.73,,,,,,firms,VIIRS,VIIRS_NOAA21_NRT
0.49355,127.9836,2025-11-29,1743,N21,n,2.0NRT,2.05,N,0.65,0.73,,,,,,firms,VIIRS,VIIRS_NOAA21_NRT
0.50789,127.89371,2025-11-29,1743,N21,n,2.0NRT,2.53,N,0.64,0.72,,,,,,firms,VIIRS,VIIRS_NOAA21_NRT
0.69042,117.54916,2025-11-29,1743,N21,n,2.0NRT,0.89,N,0.42,0.37,,,,,,firms,VIIRS,VIIRS_NOAA21_NRT
-8.11558,112.92677,2025-11-29,1745,N21,n,2.0NRT,12.32,N,0.39,0.36,,,,,,firms,VIIRS,VIIRS_NOAA21_NRT
-8.11505,112.92336,2025-11-29,1745,N21,n,2.0NRT,7.93,N,0.39,0.36,,,,,,firms,VIIRS,VIIRS_NOAA21_NRT
-8.11231,112.92741,2025-11-29,1745,N21,n,2.0NRT,7.36,N,0.39,0.36,,,,,,firms,VIIRS,VIIRS_NOAA21_NRT
-8.11176,112.92397,2025-11-29,1745,N21,n,2.0NRT,38.9,N,0.39,0.36,,,,,,firms,VIIRS,VIIRS_NOAA21_NRT
-7.37127,113.27586,2025-11-29,1745,N21,n,2.0NRT,2.55,N,0.39,0.36,,,,,,firms,VIIRS,VIIRS_NOAA21_NRT
-7.23938,111.73122,2025-11-29,1745,N21,n,2.0NRT,1.36,N,0.42,0.37,,,,,,firms,VIIRS,VIIRS_NOAA21_NRT
-6.54852,108.09621,2025-11-29,1745,N21,n,2.0NRT,0.82,N,0.44,0.46,,,,,,firms,VIIRS,VIIRS_NOAA21_NRT
-6.54785,108.09227,2025-11-29,1745,N21,n,2.0NRT,1.09,N,0.44,0.46,,,,,,firms,VIIRS,VIIRS_NOAA21_NRT
5.52866,104.98784,2025-11-29,1921,N21,n,2.0NRT,4.95,N,0.78,0.78,,,,,,firms,VIIRS,VIIRS_NOAA21_NRT
1.67255,101.47715,2025-11-29,1923,N21,n,2.0NRT,1.88,N,0.52,0.67,,,,,,firms,VIIRS,VIIRS_NOAA21_NRT
1.67395,101.47758,2025-11-29,1923,N21,n,2.0NRT,3.77,N,0.52,0.67,,,,,,firms,VIIRS,VIIRS_NOAA21_NRT
2.26526,102.13118,2025-11-29,1923,N21,n,2.0NRT,2.25,N,0.56,0.69,,,,,,firms,VIIRS,VIIRS_NOAA21_NRT
-8.68249,140.89545,2025-11-30,440,N21,n,2.0NRT,1.9,D,0.33,0.56,,,,,,firms,VIIRS,VIIRS_NOAA21_NRT
-8.41053,140.4239,2025-11-30,440,N21,n,2.0NRT,15.86,D,0.63,0.54,,,,,,firms,VIIRS,VIIRS_NOAA21_NRT
-8.9619,126.10955,2025-11-30,442,N21,n,2.0NRT,2.45,D,0.47,0.48,,,,,,firms,VIIRS,VIIRS_NOAA21_NRT
-8.77599,125.12393,2025-11-30,442,N21,n,2.0NRT,7.97,D,0.55,0.51,,,,,,firms,VIIRS,VIIRS_NOAA21_NRT
-4.50385,121.64257,2025-11-30,442,N21,n,2.0NRT,10.91,D,0.42,0.61,,,,,,firms,VIIRS,VIIRS_NOAA21_NRT
-4.50331,121.64631,2025-11-30,442,N21,n,2.0NRT,11.46,D,0.42,0.61,,,,,,firms,VIIRS,VIIRS_NOAA21_NRT
-4.04175,139.00665,2025-11-30,442,N21,n,2.0NRT,4.93,D,0.59,0.53,,,,,,firms,VIIRS,VIIRS_NOAA21_NRT
-3.93487,138.64359,2025-11-30,442,N21,n,2.0NRT,3.7,D,0.56,0.52,,,,,,firms,VIIRS,VIIRS_NOAA21_NRT
-2.0131,124.34566,2025-11-30,444,N21,n,2.0NRT,31.5,D,0.5,0.49,,,,,,firms,VIIRS,VIIRS_NOAA21_NRT
-2.00682,121.43172,2025-11-30,444,N21,n,2.0NRT,4.22,D,0.4,0.6,,,,,,firms,VIIRS,VIIRS_NOAA21_NRT
-2.00529,121.43149,2025-11-30,444,N21,n,2.0NRT,7.49,D,0.4,0.6,,,,,,firms,VIIRS,VIIRS_NOAA21_NRT
-2.00131,121.43135,2025-11-30,444,N21,n,2.0NRT,4.22,D,0.4,0.6,,,,,,firms,VIIRS,VIIRS_NOAA21_NRT
-1.99976,121.43118,2025-11-30,444,N21,n,2.0NRT,3.65,D,0.4,0.6,,,,,,firms,VIIRS,VIIRS_NOAA21_NRT
-1.57227,127.42828,2025-11-30,444,N21,n,2.0NRT,2.63,D,0.47,0.4,,,,,,firms,VIIRS,VIIRS_NOAA21_NRT
-1.56863,127.42778,2025-11-30,444,N21,n,2.0NRT,2.63,D,0.47,0.4,,,,,,firms,VIIRS,VIIRS_NOAA21_NRT
-1.565,127.42716,2025-11-30,444,N21,n,2.0NRT,6.21,D,0.47,0.4,,,,,,firms,VIIRS,VIIRS_NOAA21_NRT
-1.56137,127.42664,2025-11-30,444,N21,n,2.0NRT,6.21,D,0.47,0.4,,,,,,firms,VIIRS,VIIRS_NOAA21_NRT
-1.55775,127.426,2025-11-30,444,N21,n,2.0NRT,4.78,D,0.47,0.4,,,,,,firms,VIIRS,VIIRS_NOAA21_NRT
-1.45843,127.43772,2025-11-30,444,N21,n,2.0NRT,24.71,D,0.47,0.4,,,,,,firms,VIIRS,VIIRS_NOAA21_NRT
-1.38751,122.36996,2025-11-30,444,N21,n,2.0NRT,3.47,D,0.33,0.55,,,,,,firms,VIIRS,VIIRS_NOAA21_NRT
-1.25079,122.59236,2025-11-30,444,N21,n,2.0NRT,3.66,D,0.32,0.54,,,,,,firms,VIIRS,VIIRS_NOAA21_NRT
-1.2018,123.20158,2025-11-30,444,N21,n,2.0NRT,4.7,D,0.58,0.52,,,,,,firms,VIIRS,VIIRS_NOAA21_NRT
-1.06653,121.4403,2025-11-30,444,N21,n,2.0NRT,2.94,D,0.38,0.59,,,,,,firms,VIIRS,VIIRS_NOAA21_NRT
1.06928,128.19386,2025-11-30,444,N21,n,2.0NRT,2.74,D,0.42,0.37,,,,,,firms,VIIRS,VIIRS_NOAA21_NRT
4.99958,116.47063,2025-11-30,446,N21,n,2.0NRT,8.1,D,0.68,0.74,,,,,,firms,VIIRS,VIIRS_NOAA21_NRT
5.0037,116.47372,2025-11-30,446,N21,n,2.0NRT,5.27,D,0.68,0.74,,,,,,firms,VIIRS,VIIRS_NOAA21_NRT
-6.58189,107.88464,2025-11-30,622,N21,n,2.0NRT,2.09,D,0.4,0.37,,,,,,firms,VIIRS,VIIRS_NOAA21_NRT
-6.08155,106.71727,2025-11-30,624,N21,n,2.0NRT,2.23,D,0.38,0.36,,,,,,firms,VIIRS,VIIRS_NOAA21_NRT
-6.07547,106.7128,2025-11-30,624,N21,n,2.0NRT,7.39,D,0.38,0.36,,,,,,firms,VIIRS,VIIRS_NOAA21_NRT
-4.71284,104.60208,2025-11-30,624,N21,n,2.0NRT,2.35,D,0.4,0.37,,,,,,firms,VIIRS,VIIRS_NOAA21_NRT
-4.68574,104.24099,2025-11-30,624,N21,n,2.0NRT,8.18,D,0.41,0.37,,,,,,firms,VIIRS,VIIRS_NOAA21_NRT
-4.52448,103.37817,2025-11-30,624,N21,n,2.0NRT,2.0,D,0.44,0.38,,,,,,firms,VIIRS,VIIRS_NOAA21_NRT
-4.47724,104.48093,2025-11-30,624,N21,n,2.0NRT,3.34,D,0.4,0.37,,,,,,firms,VIIRS,VIIRS_NOAA21_NRT
-4.45526,103.13947,2025-11-30,624,N21,n,2.0NRT,3.37,D,0.45,0.39,,,,,,firms,VIIRS,VIIRS_NOAA21_NRT
-4.44723,104.76916,2025-11-30,624,N21,n,2.0NRT,3.33,D,0.4,0.37,,,,,,firms,VIIRS,VIIRS_NOAA21_NRT
-4.39408,105.09608,2025-11-30,624,N21,n,2.0NRT,4.46,D,0.39,0.36,,,,,,firms,VIIRS,VIIRS_NOAA21_NRT
-4.31772,104.38286,2025-11-30,624,N21,n,2.0NRT,11.77,D,0.41,0.37,,,,,,firms,VIIRS,VIIRS_NOAA21_NRT
-4.29898,104.7137,2025-11-30,624,N21,n,2.0NRT,3.28,D,0.4,0.37,,,,,,firms,VIIRS,VIIRS_NOAA21_NRT
-4.29563,104.7132,2025-11-30,624,N21,n,2.0NRT,10.67,D,0.4,0.37,,,,,,firms,VIIRS,VIIRS_NOAA21_NRT
-3.96992,105.67145,2025-11-30,624,N21,n,2.0NRT,3.01,D,0.38,0.36,,,,,,firms,VIIRS,VIIRS_NOAA21_NRT
-3.93711,105.8422,2025-11-30,624,N21,n,2.0NRT,3.54,D,0.38,0.36,,,,,,firms,VIIRS,VIIRS_NOAA21_NRT
-3.80572,103.82066,2025-11-30,624,N21,l,2.0NRT,5.25,D,0.42,0.38,,,,,,firms,VIIRS,VIIRS_NOAA21_NRT
-3.76923,105.67094,2025-11-30,624,N21,n,2.0NRT,2.74,D,0.38,0.36,,,,,,firms,VIIRS,VIIRS_NOAA21_NRT
-3.75951,104.17178,2025-11-30,624,N21,n,2.0NRT,3.84,D,0.41,0.37,,,,,,firms,VIIRS,VIIRS_NOAA21_NRT
-3.72676,103.71662,2025-11-30,624,N21,n,2.0NRT,8.85,D,0.42,0.38,,,,,,firms,VIIRS,VIIRS_NOAA21_NRT
-3.7198,103.64613,2025-11-30,624,N21,l,2.0NRT,6.11,D,0.42,0.38,,,,,,firms,VIIRS,VIIRS_NOAA21_NRT
-3.71764,105.67719,2025-11-30,624,N21,n,2.0NRT,3.66,D,0.38,0.36,,,,,,firms,VIIRS,VIIRS_NOAA21_NRT
-3.71635,103.64563,2025-11-30,624,N21,l,2.0NRT,8.37,D,0.42,0.38,,,,,,firms,VIIRS,VIIRS_NOAA21_NRT
-3.70543,103.3144,2025-11-30,624,N21,n,2.0NRT,3.6,D,0.44,0.38,,,,,,firms,VIIRS,VIIRS_NOAA21_NRT
-3.70533,103.28329,2025-11-30,624,N21,l,2.0NRT,3.05,D,0.44,0.38,,,,,,firms,VIIRS,VIIRS_NOAA21_NRT
-3.70408,103.31493,2025-11-30,624,N21,n,2.0NRT,4.05,D,0.44,0.38,,,,,,firms,VIIRS,VIIRS_NOAA21_NRT
-3.68922,102.30653,2025-11-30,624,N21,n,2.0NRT,7.86,D,0.49,0.4,,,,,,firms,VIIRS,VIIRS_NOAA21_NRT
-3.67568,104.4066,2025-11-30,624,N21,n,2.0NRT,9.55,D,0.4,0.37,,,,,,firms,VIIRS,VIIRS_NOAA21_NRT
-3.67397,105.78649,2025-11-30,624,N21,n,2.0NRT,98.38,D,0.38,0.36,,,,,,firms,VIIRS,VIIRS_NOAA21_NRT
-3.57529,102.24207,2025-11-30,624,N21,n,2.0NRT,18.81,D,0.49,0.4,,,,,,firms,VIIRS,VIIRS_NOAA21_NRT
-3.56292,102.24926,2025-11-30,624,N21,n,2.0NRT,10.71,D,0.49,0.4,,,,,,firms,VIIRS,VIIRS_NOAA21_NRT
-3.54616,104.88194,2025-11-30,624,N21,n,2.0NRT,3.22,D,0.39,0.36,,,,,,firms,VIIRS,VIIRS_NOAA21_NRT
-3.54343,103.445,2025-11-30,624,N21,n,2.0NRT,2.72,D,0.43,0.38,,,,,,firms,VIIRS,VIIRS_NOAA21_NRT
-3.54283,102.11305,2025-11-30,624,N21,n,2.0NRT,4.13,D,0.5,0.41,,,,,,firms,VIIRS,VIIRS_NOAA21_NRT
-3.53744,102.14853,2025-11-30,624,N21,n,2.0NRT,2.79,D,0.49,0.41,,,,,,firms,VIIRS,VIIRS_NOAA21_NRT
-3.52372,102.21397,2025-11-30,624,N21,n,2.0NRT,8.89,D,0.49,0.4,,,,,,firms,VIIRS,VIIRS_NOAA21_NRT
-3.51225,102.18992,2025-11-30,624,N21,n,2.0NRT,3.62,D,0.49,0.4,,,,,,firms,VIIRS,VIIRS_NOAA21_NRT
-3.4911,105.53646,2025-11-30,624,N21,n,2.0NRT,2.58,D,0.38,0.36,,,,,,firms,VIIRS,VIIRS_NOAA21_NRT
-3.48529,102.16808,2025-11-30,624,N21,n,2.0NRT,2.7,D,0.49,0.4,,,,,,firms,VIIRS,VIIRS_NOAA21_NRT
-3.43741,104.56703,2025-11-30,624,N21,n,2.0NRT,25.58,D,0.4,0.37,,,,,,firms,VIIRS,VIIRS_NOAA21_NRT
-3.24637,107.98271,2025-11-30,624,N21,n,2.0NRT,9.26,D,0.42,0.38,,,,,,firms,VIIRS,VIIRS_NOAA21_NRT
-3.19359,107.60065,2025-11-30,624,N21,n,2.0NRT,4.8,D,0.41,0.37,,,,,,firms,VIIRS,VIIRS_NOAA21_NRT
-3.18079,101.66336,2025-11-30,624,N21,n,2.0NRT,3.27,D,0.52,0.42,,,,,,firms,VIIRS,VIIRS_NOAA21_NRT
-3.16363,104.71543,2025-11-30,624,N21,n,2.0NRT,2.38,D,0.39,0.36,,,,,,firms,VIIRS,VIIRS_NOAA21_NRT
-2.78853,106.34791,2025-11-30,624,N21,n,2.0NRT,11.22,D,0.39,0.36,,,,,,firms,VIIRS,VIIRS_NOAA21_NRT
-2.77883,106.12386,2025-11-30,624,N21,n,2.0NRT,2.82,D,0.39,0.36,,,,,,firms,VIIRS,VIIRS_NOAA21_NRT
-2.71746,106.07837,2025-11-30,624,N21,n,2.0NRT,5.92,D,0.39,0.36,,,,,,firms,VIIRS,VIIRS_NOAA21_NRT
-2.68292,106.34863,2025-11-30,624,N21,n,2.0NRT,9.52,D,0.39,0.36,,,,,,firms,VIIRS,VIIRS_NOAA21_NRT
-2.6326,105.90002,2025-11-30,624,N21,n,2.0NRT,2.65,D,0.38,0.36,,,,,,firms,VIIRS,VIIRS_NOAA21_NRT
-2.38517,106.13906,2025-11-30,624,N21,n,2.0NRT,1.92,D,0.39,0.36,,,,,,firms,VIIRS,VIIRS_NOAA21_NRT
-2.33008,105.83123,2025-11-30,624,N21,n,2.0NRT,2.93,D,0.38,0.36,,,,,,firms,VIIRS,VIIRS_NOAA21_NRT
-2.12542,101.05209,2025-11-30,624,N21,n,2.0NRT,4.21,D,0.55,0.42,,,,,,firms,VIIRS,VIIRS_NOAA21_NRT
-2.10406,105.97452,2025-11-30,624,N21,n,2.0NRT,5.76,D,0.39,0.36,,,,,,firms,VIIRS,VIIRS_NOAA21_NRT
-2.09535,105.98728,2025-11-30,624,N21,n,2.0NRT,5.94,D,0.39,0.36,,,,,,firms,VIIRS,VIIRS_NOAA21_NRT
-2.02422,105.74084,2025-11-30,624,N21,n,2.0NRT,5.25,D,0.38,0.36,,,,,,firms,VIIRS,VIIRS_NOAA21_NRT
-2.01562,105.84138,2025-11-30,624,N21,n,2.0NRT,2.57,D,0.39,0.36,,,,,,firms,VIIRS,VIIRS_NOAA21_NRT
-2.00811,105.93881,2025-11-30,624,N21,n,2.0NRT,2.5,D,0.39,0.36,,,,,,firms,VIIRS,VIIRS_NOAA21_NRT
-1.9103,106.1321,2025-11-30,624,N21,n,2.0NRT,4.26,D,0.39,0.36,,,,,,firms,VIIRS,VIIRS_NOAA21_NRT
0.12681,109.9641,2025-11-30,626,N21,n,2.0NRT,7.59,D,0.39,0.44,,,,,,firms,VIIRS,VIIRS_NOAA21_NRT
0.12736,109.96761,2025-11-30,626,N21,n,2.0NRT,7.59,D,0.39,0.44,,,,,,firms,VIIRS,VIIRS_NOAA21_NRT
0.70603,110.58672,2025-11-30,626,N21,n,2.0NRT,4.23,D,0.44,0.46,,,,,,firms,VIIRS,VIIRS_NOAA21_NRT
2.82966,101.81621,2025-11-30,626,N21,l,2.0NRT,6.43,D,0.44,0.38,,,,,,firms,VIIRS,VIIRS_NOAA21_NRT
2.83345,101.54026,2025-11-30,626,N21,l,2.0NRT,4.91,D,0.45,0.39,,,,,,firms,VIIRS,VIIRS_NOAA21_NRT
2.86526,101.81476,2025-11-30,626,N21,l,2.0NRT,4.56,D,0.44,0.38,,,,,,firms,VIIRS,VIIRS_NOAA21_NRT
2.88588,101.45819,2025-11-30,626,N21,l,2.0NRT,5.78,D,0.45,0.39,,,,,,firms,VIIRS,VIIRS_NOAA21_NRT
3.02526,101.76692,2025-11-30,626,N21,l,2.0NRT,5.86,D,0.44,0.38,,,,,,firms,VIIRS,VIIRS_NOAA21_NRT
3.08634,101.72168,2025-11-30,626,N21,l,2.0NRT,3.13,D,0.44,0.38,,,,,,firms,VIIRS,VIIRS_NOAA21_NRT
3.10688,101.36356,2025-11-30,626,N21,n,2.0NRT,6.97,D,0.46,0.39,,,,,,firms,VIIRS,VIIRS_NOAA21_NRT
3.11575,101.42018,2025-11-30,626,N21,n,2.0NRT,5.01,D,0.45,0.39,,,,,,firms,VIIRS,VIIRS_NOAA21_NRT
3.23541,101.44352,2025-11-30,626,N21,n,2.0NRT,3.87,D,0.45,0.39,,,,,,firms,VIIRS,VIIRS_NOAA21_NRT
3.2843,113.08482,2025-11-30,626,N21,h,2.0NRT,6.83,D,0.36,0.57,,,,,,firms,VIIRS,VIIRS_NOAA21_NRT
3.29,113.08735,2025-11-30,626,N21,h,2.0NRT,60.01,D,0.36,0.57,,,,,,firms,VIIRS,VIIRS_NOAA21_NRT
3.52222,113.31311,2025-11-30,626,N21,n,2.0NRT,3.5,D,0.37,0.58,,,,,,firms,VIIRS,VIIRS_NOAA21_NRT
4.57169,103.45879,2025-11-30,626,N21,n,2.0NRT,6.25,D,0.39,0.36,,,,,,firms,VIIRS,VIIRS_NOAA21_NRT
4.57724,103.45088,2025-11-30,626,N21,n,2.0NRT,2.88,D,0.39,0.36,,,,,,firms,VIIRS,VIIRS_NOAA21_NRT
4.61787,101.12186,2025-11-30,626,N21,l,2.0NRT,4.75,D,0.45,0.39,,,,,,firms,VIIRS,VIIRS_NOAA21_NRT
4.64965,101.07192,2025-11-30,626,N21,l,2.0NRT,7.56,D,0.45,0.39,,,,,,firms,VIIRS,VIIRS_NOAA21_NRT
4.65804,103.3783,2025-11-30,626,N21,n,2.0NRT,5.36,D,0.39,0.36,,,,,,firms,VIIRS,VIIRS_NOAA21_NRT
5.40637,100.5536,2025-11-30,626,N21,l,2.0NRT,5.67,D,0.47,0.4,,,,,,firms,VIIRS,VIIRS_NOAA21_NRT
-9.82338,130.26077,2025-11-30,1545,N21,n,2.0NRT,3.6,N,0.66,0.73,,,,,,firms,VIIRS,VIIRS_NOAA21_NRT
-9.81789,130.26807,2025-11-30,1545,N21,n,2.0NRT,3.6,N,0.66,0.73,,,,,,firms,VIIRS,VIIRS_NOAA21_NRT
-9.8167,130.2621,2025-11-30,1545,N21,n,2.0NRT,3.6,N,0.66,0.73,,,,,,firms,VIIRS,VIIRS_NOAA21_NRT
0.43342,121.83384,2025-11-30,1724,N21,n,2.0NRT,0.78,N,0.41,0.37,,,,,,firms,VIIRS,VIIRS_NOAA21_NRT
0.47936,127.98892,2025-11-30,1724,N21,n,2.0NRT,2.48,N,0.6,0.53,,,,,,firms,VIIRS,VIIRS_NOAA21_NRT
0.47999,127.99396,2025-11-30,1724,N21,n,2.0NRT,2.66,N,0.6,0.53,,,,,,firms,VIIRS,VIIRS_NOAA21_NRT
0.48081,127.98863,2025-11-30,1724,N21,n,2.0NRT,1.75,N,0.6,0.53,,,,,,firms,VIIRS,VIIRS_NOAA21_NRT
0.48169,128.00536,2025-11-30,1724,N21,n,2.0NRT,1.96,N,0.6,0.53,,,,,,firms,VIIRS,VIIRS_NOAA21_NRT
0.48254,128.00009,2025-11-30,1724,N21,n,2.0NRT,1.96,N,0.6,0.53,,,,,,firms,VIIRS,VIIRS_NOAA21_NRT
0.48338,127.99485,2025-11-30,1724,N21,n,2.0NRT,2.48,N,0.6,0.53,,,,,,firms,VIIRS,VIIRS_NOAA21_NRT
0.48424,127.98952,2025-11-30,1724,N21,n,2.0NRT,2.48,N,0.6,0.53,,,,,,firms,VIIRS,VIIRS_NOAA21_NRT
0.48488,127.99454,2025-11-30,1724,N21,n,2.0NRT,2.66,N,0.6,0.53,,,,,,firms,VIIRS,VIIRS_NOAA21_NRT
0.48512,127.98405,2025-11-30,1724,N21,n,2.0NRT,2.54,N,0.6,0.53,,,,,,firms,VIIRS,VIIRS_NOAA21_NRT
0.48568,127.9893,2025-11-30,1724,N21,n,2.0NRT,1.75,N,0.6,0.53,,,,,,firms,VIIRS,VIIRS_NOAA21_NRT
0.48654,127.98367,2025-11-30,1724,N21,n,2.0NRT,1.75,N,0.6,0.53,,,,,,firms,VIIRS,VIIRS_NOAA21_NRT
0.49002,127.98454,2025-11-30,1724,N21,n,2.0NRT,1.56,N,0.6,0.53,,,,,,firms,VIIRS,VIIRS_NOAA21_NRT
0.49144,127.98417,2025-11-30,1724,N21,n,2.0NRT,1.08,N,0.6,0.53,,,,,,firms,VIIRS,VIIRS_NOAA21_NRT
0.9107,118.09145,2025-11-30,1724,N21,n,2.0NRT,0.67,N,0.42,0.38,,,,,,firms,VIIRS,VIIRS_NOAA21_NRT
1.49291,127.63468,2025-11-30,1724,N21,n,2.0NRT,0.72,N,0.55,0.51,,,,,,firms,VIIRS,VIIRS_NOAA21_NRT
2.82359,112.63402,2025-11-30,1724,N21,n,2.0NRT,1.03,N,0.32,0.54,,,,,,firms,VIIRS,VIIRS_NOAA21_NRT
4.97603,112.98203,2025-11-30,1724,N21,n,2.0NRT,4.46,N,0.32,0.55,,,,,,firms,VIIRS,VIIRS_NOAA21_NRT
4.97634,112.98073,2025-11-30,1724,N21,n,2.0NRT,2.0,N,0.32,0.55,,,,,,firms,VIIRS,VIIRS_NOAA21_NRT
4.97644,112.97912,2025-11-30,1724,N21,n,2.0NRT,4.46,N,0.32,0.55,,,,,,firms,VIIRS,VIIRS_NOAA21_NRT
4.97677,112.97783,2025-11-30,1724,N21,n,2.0NRT,2.0,N,0.32,0.55,,,,,,firms,VIIRS,VIIRS_NOAA21_NRT
4.98106,112.98274,2025-11-30,1724,N21,n,2.0NRT,4.46,N,0.32,0.55,,,,,,firms,VIIRS,VIIRS_NOAA21_NRT
4.98147,112.97984,2025-11-30,1724,N21,h,2.0NRT,4.46,N,0.32,0.55,,,,,,firms,VIIRS,VIIRS_NOAA21_NRT
-3.90439,122.41882,2025-11-30,1726,N21,n,2.0NRT,0.78,N,0.47,0.39,,,,,,firms,VIIRS,VIIRS_NOAA21_NRT
-3.90376,122.41467,2025-11-30,1726,N21,n,2.0NRT,0.78,N,0.47,0.39,,,,,,firms,VIIRS,VIIRS_NOAA21_NRT
-3.90078,122.41938,2025-11-30,1726,N21,n,2.0NRT,0.78,N,0.47,0.39,,,,,,firms,VIIRS,VIIRS_NOAA21_NRT
-3.873,122.40662,2025-11-30,1726,N21,n,2.0NRT,1.69,N,0.46,0.39,,,,,,firms,VIIRS,VIIRS_NOAA21_NRT
-3.87238,122.40247,2025-11-30,1726,N21,n,2.0NRT,1.69,N,0.46,0.39,,,,,,firms,VIIRS,VIIRS_NOAA21_NRT
-3.87175,122.39832,2025-11-30,1726,N21,n,2.0NRT,1.35,N,0.46,0.39,,,,,,firms,VIIRS,VIIRS_NOAA21_NRT
-3.87113,122.39417,2025-11-30,1726,N21,n,2.0NRT,1.35,N,0.46,0.39,,,,,,firms,VIIRS,VIIRS_NOAA21_NRT
-3.86939,122.40718,2025-11-30,1726,N21,n,2.0NRT,1.69,N,0.46,0.39,,,,,,firms,VIIRS,VIIRS_NOAA21_NRT
-1.99072,115.87836,2025-11-30,1726,N21,n,2.0NRT,0.43,N,0.5,0.41,,,,,,firms,VIIRS,VIIRS_NOAA21_NRT
-1.98698,115.87891,2025-11-30,1726,N21,n,2.0NRT,0.94,N,0.5,0.41,,,,,,firms,VIIRS,VIIRS_NOAA21_NRT
-1.8956,115.86825,2025-11-30,1726,N21,n,2.0NRT,0.72,N,0.5,0.41,,,,,,firms,VIIRS,VIIRS_NOAA21_NRT
-1.89489,115.86378,2025-11-30,1726,N21,n,2.0NRT,0.72,N,0.5,0.41,,,,,,firms,VIIRS,VIIRS_NOAA21_NRT
-1.89115,115.86435,2025-11-30,1726,N21,n,2.0NRT,1.78,N,0.5,0.41,,,,,,firms,VIIRS,VIIRS_NOAA21_NRT
-0.93026,115.80136,2025-11-30,1726,N21,n,2.0NRT,0.74,N,0.52,0.42,,,,,,firms,VIIRS,VIIRS_NOAA21_NRT
-8.89671,116.73935,2025-11-30,1728,N21,n,2.0NRT,0.74,N,0.4,0.37,,,,,,firms,VIIRS,VIIRS_NOAA21_NRT
-8.11879,112.93412,2025-11-30,1728,N21,n,2.0NRT,5.09,N,0.41,0.45,,,,,,firms,VIIRS,VIIRS_NOAA21_NRT
-8.11835,112.93152,2025-11-30,1728,N21,n,2.0NRT,5.09,N,0.41,0.45,,,,,,firms,VIIRS,VIIRS_NOAA21_NRT
-8.11788,112.92877,2025-11-30,1728,N21,n,2.0NRT,2.55,N,0.41,0.45,,,,,,firms,VIIRS,VIIRS_NOAA21_NRT
-8.11736,112.92571,2025-11-30,1728,N21,n,2.0NRT,2.55,N,0.41,0.45,,,,,,firms,VIIRS,VIIRS_NOAA21_NRT
-8.11679,112.9224,2025-11-30,1728,N21,n,2.0NRT,1.27,N,0.41,0.45,,,,,,firms,VIIRS,VIIRS_NOAA21_NRT
-8.11611,112.9185,2025-11-30,1728,N21,n,2.0NRT,1.27,N,0.41,0.45,,,,,,firms,VIIRS,VIIRS_NOAA21_NRT
-8.1141,112.92725,2025-11-30,1728,N21,n,2.0NRT,5.67,N,0.41,0.45,,,,,,firms,VIIRS,VIIRS_NOAA21_NRT
-8.11358,112.92411,2025-11-30,1728,N21,n,2.0NRT,8.74,N,0.41,0.45,,,,,,firms,VIIRS,VIIRS_NOAA21_NRT
-8.11348,112.92756,2025-11-30,1728,N21,n,2.0NRT,5.14,N,0.41,0.45,,,,,,firms,VIIRS,VIIRS_NOAA21_NRT
-8.113,112.92065,2025-11-30,1728,N21,n,2.0NRT,8.74,N,0.41,0.45,,,,,,firms,VIIRS,VIIRS_NOAA21_NRT
-8.11295,112.92448,2025-11-30,1728,N21,h,2.0NRT,11.46,N,0.41,0.45,,,,,,firms,VIIRS,VIIRS_NOAA21_NRT
-8.11236,112.92107,2025-11-30,1728,N21,n,2.0NRT,11.46,N,0.41,0.45,,,,,,firms,VIIRS,VIIRS_NOAA21_NRT
-8.10953,112.92505,2025-11-30,1728,N21,n,2.0NRT,8.74,N,0.41,0.45,,,,,,firms,VIIRS,VIIRS_NOAA21_NRT
-8.10898,112.92174,2025-11-30,1728,N21,n,2.0NRT,8.74,N,0.41,0.45,,,,,,firms,VIIRS,VIIRS_NOAA21_NRT
-8.10886,112.92516,2025-11-30,1728,N21,n,2.0NRT,11.46,N,0.41,0.45,,,,,,firms,VIIRS,VIIRS_NOAA21_NRT
-7.53979,110.4322,2025-11-30,1728,N21,n,2.0NRT,1.92,N,0.62,0.54,,,,,,firms,VIIRS,VIIRS_NOAA21_NRT
-6.54592,108.09333,2025-11-30,1728,N21,n,2.0NRT,1.24,N,0.46,0.64,,,,,,firms,VIIRS,VIIRS_NOAA21_NRT
-6.48101,106.89853,2025-11-30,1728,N21,n,2.0NRT,1.43,N,0.56,0.69,,,,,,firms,VIIRS,VIIRS_NOAA21_NRT
-6.13745,106.551,2025-11-30,1728,N21,n,2.0NRT,1.07,N,0.6,0.7,,,,,,firms,VIIRS,VIIRS_NOAA21_NRT
-6.09834,106.6695,2025-11-30,1728,N21,n,2.0NRT,1.65,N,0.59,0.7,,,,,,firms,VIIRS,VIIRS_NOAA21_NRT
4.28521,103.42995,2025-11-30,1904,N21,n,2.0NRT,2.52,N,0.6,0.53,,,,,,firms,VIIRS,VIIRS_NOAA21_NRT
4.55566,103.45829,2025-11-30,1904,N21,n,2.0NRT,1.3,N,0.59,0.53,,,,,,firms,VIIRS,VIIRS_NOAA21_NRT
-2.50006,103.11554,2025-11-30,1906,N21,n,2.0NRT,0.77,N,0.36,0.58,,,,,,firms,VIIRS,VIIRS_NOAA21_NRT
-2.48954,103.1172,2025-11-30,1906,N21,n,2.0NRT,0.58,N,0.36,0.58,,,,,,firms,VIIRS,VIIRS_NOAA21_NRT
1.12387,100.84659,2025-11-30,1906,N21,n,2.0NRT,1.33,N,0.45,0.47,,,,,,firms,VIIRS,VIIRS_NOAA21_NRT
1.37128,101.2247,2025-11-30,1906,N21,n,2.0NRT,1.03,N,0.47,0.48,,,,,,firms,VIIRS,VIIRS_NOAA21_NRT
1.40761,100.63896,2025-11-30,1906,N21,n,2.0NRT,3.65,N,0.43,0.46,,,,,,firms,VIIRS,VIIRS_NOAA21_NRT
-6.18582,106.35248,2025-11-30,1908,N21,n,2.0NRT,1.57,N,0.69,0.74,,,,,,firms,VIIRS,VIIRS_NOAA21_NRT
-8.42821,140.35364,2025-12-01,423,N21,n,2.0NRT,4.64,D,0.47,0.4,,,,,,firms,VIIRS,VIIRS_NOAA21_NRT
-8.06791,138.7339,2025-12-01,423,N21,n,2.0NRT,8.98,D,0.41,0.37,,,,,,firms,VIIRS,VIIRS_NOAA21_NRT
-8.06509,138.72968,2025-12-01,423,N21,n,2.0NRT,4.58,D,0.41,0.37,,,,,,firms,VIIRS,VIIRS_NOAA21_NRT
-8.06452,138.73335,2025-12-01,423,N21,n,2.0NRT,8.98,D,0.41,0.37,,,,,,firms,VIIRS,VIIRS_NOAA21_NRT
-8.06394,138.73705,2025-12-01,423,N21,n,2.0NRT,8.98,D,0.41,0.37,,,,,,firms,VIIRS,VIIRS_NOAA21_NRT
-8.05836,131.20293,2025-12-01,423,N21,n,2.0NRT,5.77,D,0.44,0.46,,,,,,firms,VIIRS,VIIRS_NOAA21_NRT
-8.05773,138.73227,2025-12-01,423,N21,n,2.0NRT,12.39,D,0.41,0.37,,,,,,firms,VIIRS,VIIRS_NOAA21_NRT
-8.05715,138.73595,2025-12-01,423,N21,n,2.0NRT,12.39,D,0.41,0.37,,,,,,firms,VIIRS,VIIRS_NOAA21_NRT
-8.05376,138.73541,2025-12-01,423,N21,n,2.0NRT,13.34,D,0.41,0.37,,,,,,firms,VIIRS,VIIRS_NOAA21_NRT
-1.81783,136.74854,2025-12-01,423,N21,n,2.0NRT,3.9,D,0.4,0.37,,,,,,firms,VIIRS,VIIRS_NOAA21_NRT
-1.81729,136.75204,2025-12-01,423,N21,n,2.0NRT,3.85,D,0.4,0.37,,,,,,firms,VIIRS,VIIRS_NOAA21_NRT
-4.05851,136.04266,2025-12-01,425,N21,n,2.0NRT,5.25,D,0.38,0.36,,,,,,firms,VIIRS,VIIRS_NOAA21_NRT
-4.05522,136.04218,2025-12-01,425,N21,n,2.0NRT,5.39,D,0.38,0.36,,,,,,firms,VIIRS,VIIRS_NOAA21_NRT
-4.0547,136.04559,2025-12-01,425,N21,n,2.0NRT,5.39,D,0.38,0.36,,,,,,firms,VIIRS,VIIRS_NOAA21_NRT
-4.0295,136.12238,2025-12-01,425,N21,n,2.0NRT,5.52,D,0.38,0.36,,,,,,firms,VIIRS,VIIRS_NOAA21_NRT
-3.94623,136.50519,2025-12-01,425,N21,n,2.0NRT,16.07,D,0.39,0.36,,,,,,firms,VIIRS,VIIRS_NOAA21_NRT
-3.9395,136.48311,2025-12-01,425,N21,n,2.0NRT,4.04,D,0.39,0.36,,,,,,firms,VIIRS,VIIRS_NOAA21_NRT
-3.38594,135.39087,2025-12-01,425,N21,n,2.0NRT,2.48,D,0.39,0.36,,,,,,firms,VIIRS,VIIRS_NOAA21_NRT
0.48006,127.98985,2025-12-01,1706,N21,n,2.0NRT,3.72,N,0.46,0.39,,,,,,firms,VIIRS,VIIRS_NOAA21_NRT
0.48175,128.00255,2025-12-01,1706,N21,n,2.0NRT,5.38,N,0.46,0.39,,,,,,firms,VIIRS,VIIRS_NOAA21_NRT
0.48239,127.99846,2025-12-01,1706,N21,n,2.0NRT,2.89,N,0.46,0.39,,,,,,firms,VIIRS,VIIRS_NOAA21_NRT
0.48302,127.99442,2025-12-01,1706,N21,n,2.0NRT,2.89,N,0.46,0.39,,,,,,firms,VIIRS,VIIRS_NOAA21_NRT
0.48365,127.99037,2025-12-01,1706,N21,n,2.0NRT,3.72,N,0.46,0.39,,,,,,firms,VIIRS,VIIRS_NOAA21_NRT
0.4862,127.97391,2025-12-01,1706,N21,n,2.0NRT,0.46,N,0.46,0.39,,,,,,firms,VIIRS,VIIRS_NOAA21_NRT
0.48786,127.98682,2025-12-01,1706,N21,n,2.0NRT,2.76,N,0.46,0.39,,,,,,firms,VIIRS,VIIRS_NOAA21_NRT
0.48851,127.9826,2025-12-01,1706,N21,n,2.0NRT,1.04,N,0.46,0.39,,,,,,firms,VIIRS,VIIRS_NOAA21_NRT
0.48979,127.97437,2025-12-01,1706,N21,n,2.0NRT,0.95,N,0.46,0.39,,,,,,firms,VIIRS,VIIRS_NOAA21_NRT
0.4921,127.98307,2025-12-01,1706,N21,n,2.0NRT,1.04,N,0.46,0.39,,,,,,firms,VIIRS,VIIRS_NOAA21_NRT
0.50884,127.89863,2025-12-01,1706,N21,n,2.0NRT,1.24,N,0.45,0.39,,,,,,firms,VIIRS,VIIRS_NOAA21_NRT
0.50947,127.89458,2025-12-01,1706,N21,n,2.0NRT,3.08,N,0.45,0.39,,,,,,firms,VIIRS,VIIRS_NOAA21_NRT
0.68587,117.55757,2025-12-01,1706,N21,n,2.0NRT,0.93,N,0.57,0.52,,,,,,firms,VIIRS,VIIRS_NOAA21_NRT
0.69146,117.55303,2025-12-01,1706,N21,n,2.0NRT,1.96,N,0.57,0.52,,,,,,firms,VIIRS,VIIRS_NOAA21_NRT
-8.12146,112.93387,2025-12-01,1709,N21,n,2.0NRT,2.17,N,0.43,0.62,,,,,,firms,VIIRS,VIIRS_NOAA21_NRT
-8.12106,112.93169,2025-12-01,1709,N21,n,2.0NRT,5.09,N,0.43,0.62,,,,,,firms,VIIRS,VIIRS_NOAA21_NRT
-8.12065,112.92949,2025-12-01,1709,N21,n,2.0NRT,5.09,N,0.43,0.62,,,,,,firms,VIIRS,VIIRS_NOAA21_NRT
-8.11536,112.93222,2025-12-01,1709,N21,n,2.0NRT,2.09,N,0.43,0.62,,,,,,firms,VIIRS,VIIRS_NOAA21_NRT
-8.11498,112.9302,2025-12-01,1709,N21,n,2.0NRT,2.79,N,0.43,0.62,,,,,,firms,VIIRS,VIIRS_NOAA21_NRT
-8.11455,112.92784,2025-12-01,1709,N21,n,2.0NRT,2.79,N,0.43,0.62,,,,,,firms,VIIRS,VIIRS_NOAA21_NRT
-8.11406,112.92522,2025-12-01,1709,N21,n,2.0NRT,21.33,N,0.43,0.62,,,,,,firms,VIIRS,VIIRS_NOAA21_NRT
-8.11347,112.92204,2025-12-01,1709,N21,h,2.0NRT,21.33,N,0.43,0.62,,,,,,firms,VIIRS,VIIRS_NOAA21_NRT
-8.1125,112.91682,2025-12-01,1709,N21,n,2.0NRT,12.52,N,0.43,0.62,,,,,,firms,VIIRS,VIIRS_NOAA21_NRT
-8.11092,112.9262,2025-12-01,1709,N21,n,2.0NRT,17.2,N,0.43,0.62,,,,,,firms,VIIRS,VIIRS_NOAA21_NRT
-8.11036,112.92306,2025-12-01,1709,N21,h,2.0NRT,17.2,N,0.43,0.62,,,,,,firms,VIIRS,VIIRS_NOAA21_NRT
-7.85493,126.13645,2025-12-01,1709,N21,n,2.0NRT,0.73,N,0.46,0.39,,,,,,firms,VIIRS,VIIRS_NOAA21_NRT
-7.85132,126.13682,2025-12-01,1709,N21,n,2.0NRT,0.73,N,0.46,0.39,,,,,,firms,VIIRS,VIIRS_NOAA21_NRT
-3.90353,122.4203,2025-12-01,1709,N21,n,2.0NRT,2.19,N,0.4,0.37,,,,,,firms,VIIRS,VIIRS_NOAA21_NRT
-3.90296,122.41667,2025-12-01,1709,N21,n,2.0NRT,2.25,N,0.4,0.37,,,,,,firms,VIIRS,VIIRS_NOAA21_NRT
-3.87246,122.39922,2025-12-01,1709,N21,n,2.0NRT,1.03,N,0.4,0.37,,,,,,firms,VIIRS,VIIRS_NOAA21_NRT
-3.87189,122.3956,2025-12-01,1709,N21,n,2.0NRT,1.03,N,0.4,0.37,,,,,,firms,VIIRS,VIIRS_NOAA21_NRT
-3.87081,122.41058,2025-12-01,1709,N21,n,2.0NRT,0.62,N,0.4,0.37,,,,,,firms,VIIRS,VIIRS_NOAA21_NRT
-3.87023,122.40697,2025-12-01,1709,N21,n,2.0NRT,1.47,N,0.4,0.37,,,,,,firms,VIIRS,VIIRS_NOAA21_NRT
-3.86966,122.40336,2025-12-01,1709,N21,n,2.0NRT,1.47,N,0.4,0.37,,,,,,firms,VIIRS,VIIRS_NOAA21_NRT
-6.78702,110.98982,2025-12-01,1847,N21,n,2.0NRT,1.01,N,0.69,0.75,,,,,,firms,VIIRS,VIIRS_NOAA21_NRT
1.28313,101.08395,2025-12-01,1847,N21,n,2.0NRT,1.22,N,0.4,0.37,,,,,,firms,VIIRS,VIIRS_NOAA21_NRT
1.67024,101.47729,2025-12-01,1847,N21,n,2.0NRT,1.35,N,0.4,0.37,,,,,,firms,VIIRS,VIIRS_NOAA21_NRT
1.67362,101.47782,2025-12-01,1847,N21,n,2.0NRT,1.35,N,0.4,0.37,,,,,,firms,VIIRS,VIIRS_NOAA21_NRT
2.26642,102.12614,2025-12-01,1847,N21,n,2.0NRT,2.25,N,0.42,0.38,,,,,,firms,VIIRS,VIIRS_NOAA21_NRT
2.89622,101.94173,2025-12-01,1847,N21,n,2.0NRT,1.12,N,0.41,0.37,,,,,,firms,VIIRS,VIIRS_NOAA21_NRT
4.00635,103.34869,2025-12-01,1847,N21,n,2.0NRT,1.79,N,0.45,0.39,,,,,,firms,VIIRS,VIIRS_NOAA21_NRT
4.0219,103.34285,2025-12-01,1847,N21,n,2.0NRT,0.96,N,0.45,0.39,,,,,,firms,VIIRS,VIIRS_NOAA21_NRT
4.32343,106.08721,2025-12-01,1847,N21,n,2.0NRT,1.15,N,0.43,0.46,,,,,,firms,VIIRS,VIIRS_NOAA21_NRT
4.65802,103.38046,2025-12-01,1847,N21,n,2.0NRT,1.06,N,0.45,0.39,,,,,,firms,VIIRS,VIIRS_NOAA21_NRT
4.65867,103.37644,2025-12-01,1847,N21,n,2.0NRT,1.06,N,0.45,0.39,,,,,,firms,VIIRS,VIIRS_NOAA21_NRT
4.74217,113.73241,2025-12-01,1847,N21,n,2.0NRT,2.72,N,0.71,0.75,,,,,,firms,VIIRS,VIIRS_NOAA21_NRT
4.7433,113.72612,2025-12-01,1847,N21,n,2.0NRT,2.72,N,0.71,0.75,,,,,,firms,VIIRS,VIIRS_NOAA21_NRT
5.37271,104.89595,2025-12-01,1847,N21,n,2.0NRT,4.59,N,0.53,0.42,,,,,,firms,VIIRS,VIIRS_NOAA21_NRT
5.54743,100.67023,2025-12-01,1847,N21,n,2.0NRT,0.68,N,0.38,0.36,,,,,,firms,VIIRS,VIIRS_NOAA21_NRT
5.58499,104.47406,2025-12-01,1847,N21,n,2.0NRT,2.65,N,0.5,0.41,,,,,,firms,VIIRS,VIIRS_NOAA21_NRT
5.64647,104.97722,2025-12-01,1847,N21,n,2.0NRT,6.26,N,0.53,0.42,,,,,,firms,VIIRS,VIIRS_NOAA21_NRT
5.6471,104.97929,2025-12-01,1847,N21,n,2.0NRT,6.7,N,0.53,0.42,,,,,,firms,VIIRS,VIIRS_NOAA21_NRT
-7.70281,108.99998,2025-12-01,1849,N21,n,2.0NRT,2.98,N,0.52,0.67,,,,,,firms,VIIRS,VIIRS_NOAA21_NRT
-7.70221,108.99532,2025-12-01,1849,N21,n,2.0NRT,2.98,N,0.52,0.67,,,,,,firms,VIIRS,VIIRS_NOAA21_NRT
