latitude,longitude,acq_date,acq_time,satellite,confidence,version,frp,daynight,scan,track,brightness,brightness_t13,brightness_t31,bright_t14,bright_t15,source_api,sensor_type,satellite_source
-9.73829,120.50772,2025-06-05,521,N21,n,2.0NRT,2.79,D,0.43,0.38,,,,,,firms,VIIRS,VIIRS_NOAA21_NRT
-9.60347,119.07607,2025-06-05,521,N21,n,2.0NRT,8.07,D,0.5,0.41,,,,,,firms,VIIRS,VIIRS_NOAA21_NRT
-9.56317,119.84859,2025-06-05,521,N21,n,2.0NRT,4.29,D,0.46,0.39,,,,,,firms,VIIRS,VIIRS_NOAA21_NRT
-9.46941,119.82285,2025-06-05,521,N21,n,2.0NRT,3.13,D,0.46,0.39,,,,,,firms,VIIRS,VIIRS_NOAA21_NRT
-9.39742,119.85081,2025-06-05,521,N21,n,2.0NRT,5.12,D,0.46,0.39,,,,,,firms,VIIRS,VIIRS_NOAA21_NRT
-9.39681,119.85497,2025-06-05,521,N21,n,2.0NRT,2.61,D,0.46,0.39,,,,,,firms,VIIRS,VIIRS_NOAA21_NRT
-9.39505,119.84194,2025-06-05,521,N21,n,2.0NRT,3.64,D,0.46,0.39,,,,,,firms,VIIRS,VIIRS_NOAA21_NRT
-9.39444,119.84611,2025-06-05,521,N21,n,2.0NRT,12.53,D,0.46,0.39,,,,,,firms,VIIRS,VIIRS_NOAA21_NRT
-9.3556,119.60392,2025-06-05,521,N21,l,2.0NRT,6.22,D,0.47,0.4,,,,,,firms,VIIRS,VIIRS_NOAA21_NRT
-9.35499,119.60817,2025-06-05,521,N21,n,2.0NRT,5.78,D,0.47,0.4,,,,,,firms,VIIRS,VIIRS_NOAA21_NRT
-9.34477,119.88513,2025-06-05,521,N21,n,2.0NRT,2.36,D,0.46,0.39,,,,,,firms,VIIRS,VIIRS_NOAA21_NRT
-9.34416,119.88933,2025-06-05,521,N21,n,2.0NRT,4.89,D,0.46,0.39,,,,,,firms,VIIRS,VIIRS_NOAA21_NRT
-9.34356,119.89352,2025-06-05,521,N21,n,2.0NRT,4.89,D,0.46,0.39,,,,,,firms,VIIRS,VIIRS_NOAA21_NRT
-9.34059,119.88873,2025-06-05,521,N21,n,2.0NRT,4.89,D,0.46,0.39,,,,,,firms,VIIRS,VIIRS_NOAA21_NRT
-9.33942,119.97252,2025-06-05,521,N21,n,2.0NRT,4.72,D,0.45,0.39,,,,,,firms,VIIRS,VIIRS_NOAA21_NRT
-8.474,117.61158,2025-06-05,521,N21,n,2.0NRT,3.27,D,0.4,0.44,,,,,,firms,VIIRS,VIIRS_NOAA21_NRT
-8.41348,118.01223,2025-06-05,521,N21,l,2.0NRT,7.21,D,0.56,0.43,,,,,,firms,VIIRS,VIIRS_NOAA21_NRT
-8.27652,123.50713,2025-06-05,521,N21,n,2.0NRT,7.25,D,0.39,0.36,,,,,,firms,VIIRS,VIIRS_NOAA21_NRT
-8.27321,123.5065,2025-06-05,521,N21,n,2.0NRT,17.98,D,0.39,0.36,,,,,,firms,VIIRS,VIIRS_NOAA21_NRT
-8.22802,114.14011,2025-06-05,521,N21,n,2.0NRT,5.17,D,0.34,0.56,,,,,,firms,VIIRS,VIIRS_NOAA21_NRT
-8.11076,112.92239,2025-06-05,521,N21,n,2.0NRT,9.42,D,0.41,0.61,,,,,,firms,VIIRS,VIIRS_NOAA21_NRT
-8.11067,112.92336,2025-06-05,521,N21,n,2.0NRT,5.2,D,0.41,0.61,,,,,,firms,VIIRS,VIIRS_NOAA21_NRT
-5.0432,119.50263,2025-06-05,521,N21,n,2.0NRT,4.26,D,0.43,0.38,,,,,,firms,VIIRS,VIIRS_NOAA21_NRT
-4.09361,114.76096,2025-06-05,521,N21,n,2.0NRT,4.23,D,0.53,0.5,,,,,,firms,VIIRS,VIIRS_NOAA21_NRT
-4.09355,114.75939,2025-06-05,521,N21,n,2.0NRT,7.26,D,0.53,0.5,,,,,,firms,VIIRS,VIIRS_NOAA21_NRT
-4.01745,122.24828,2025-06-05,521,N21,n,2.0NRT,2.92,D,0.39,0.36,,,,,,firms,VIIRS,VIIRS_NOAA21_NRT
-3.90347,122.41537,2025-06-05,521,N21,l,2.0NRT,2.79,D,0.39,0.36,,,,,,firms,VIIRS,VIIRS_NOAA21_NRT
-3.90293,122.41883,2025-06-05,521,N21,n,2.0NRT,7.16,D,0.39,0.36,,,,,,firms,VIIRS,VIIRS_NOAA21_NRT
-3.86959,122.3924,2025-06-05,521,N21,n,2.0NRT,4.74,D,0.39,0.36,,,,,,firms,VIIRS,VIIRS_NOAA21_NRT
-3.47326,126.85957,2025-06-05,521,N21,n,2.0NRT,2.92,D,0.41,0.45,,,,,,firms,VIIRS,VIIRS_NOAA21_NRT
-3.45576,119.4139,2025-06-05,521,N21,n,2.0NRT,4.22,D,0.42,0.38,,,,,,firms,VIIRS,VIIRS_NOAA21_NRT
-3.44397,119.0648,2025-06-05,521,N21,n,2.0NRT,4.07,D,0.43,0.38,,,,,,firms,VIIRS,VIIRS_NOAA21_NRT
-2.9497,119.56243,2025-06-05,521,N21,n,2.0NRT,2.23,D,0.41,0.37,,,,,,firms,VIIRS,VIIRS_NOAA21_NRT
-2.58049,121.37705,2025-06-05,521,N21,n,2.0NRT,52.77,D,0.38,0.36,,,,,,firms,VIIRS,VIIRS_NOAA21_NRT
-2.57718,121.37655,2025-06-05,521,N21,n,2.0NRT,12.11,D,0.38,0.36,,,,,,firms,VIIRS,VIIRS_NOAA21_NRT
-2.57666,121.37999,2025-06-05,521,N21,n,2.0NRT,12.11,D,0.38,0.36,,,,,,firms,VIIRS,VIIRS_NOAA21_NRT
-1.45691,127.43673,2025-06-05,521,N21,n,2.0NRT,14.16,D,0.48,0.48,,,,,,firms,VIIRS,VIIRS_NOAA21_NRT
-2.85486,114.57137,2025-06-05,523,N21,n,2.0NRT,5.49,D,0.52,0.5,,,,,,firms,VIIRS,VIIRS_NOAA21_NRT
-2.45334,119.43697,2025-06-05,523,N21,n,2.0NRT,3.21,D,0.41,0.37,,,,,,firms,VIIRS,VIIRS_NOAA21_NRT
-2.27051,119.9268,2025-06-05,523,N21,n,2.0NRT,9.11,D,0.4,0.37,,,,,,firms,VIIRS,VIIRS_NOAA21_NRT
-2.00147,121.43008,2025-06-05,523,N21,n,2.0NRT,1.4,D,0.38,0.36,,,,,,firms,VIIRS,VIIRS_NOAA21_NRT
-1.38207,122.48152,2025-06-05,523,N21,n,2.0NRT,4.55,D,0.4,0.37,,,,,,firms,VIIRS,VIIRS_NOAA21_NRT
-1.30934,121.86508,2025-06-05,523,N21,n,2.0NRT,5.73,D,0.39,0.36,,,,,,firms,VIIRS,VIIRS_NOAA21_NRT
-0.85085,115.05148,2025-06-05,523,N21,n,2.0NRT,3.8,D,0.45,0.47,,,,,,firms,VIIRS,VIIRS_NOAA21_NRT
-0.39972,116.24325,2025-06-05,523,N21,n,2.0NRT,27.37,D,0.56,0.43,,,,,,firms,VIIRS,VIIRS_NOAA21_NRT
-0.39894,116.24825,2025-06-05,523,N21,n,2.0NRT,8.96,D,0.56,0.43,,,,,,firms,VIIRS,VIIRS_NOAA21_NRT
-0.39892,116.24624,2025-06-05,523,N21,n,2.0NRT,23.92,D,0.56,0.43,,,,,,firms,VIIRS,VIIRS_NOAA21_NRT
-0.38241,116.25092,2025-06-05,523,N21,n,2.0NRT,4.43,D,0.56,0.43,,,,,,firms,VIIRS,VIIRS_NOAA21_NRT
-0.3688,116.07742,2025-06-05,523,N21,n,2.0NRT,11.61,D,0.38,0.43,,,,,,firms,VIIRS,VIIRS_NOAA21_NRT
-0.26265,115.95523,2025-06-05,523,N21,n,2.0NRT,12.12,D,0.39,0.44,,,,,,firms,VIIRS,VIIRS_NOAA21_NRT
0.08272,117.48486,2025-06-05,523,N21,n,2.0NRT,8.62,D,0.47,0.4,,,,,,firms,VIIRS,VIIRS_NOAA21_NRT
0.26115,109.3781,2025-06-05,523,N21,n,2.0NRT,1.92,D,0.54,0.68,,,,,,firms,VIIRS,VIIRS_NOAA21_NRT
0.26181,109.37772,2025-06-05,523,N21,n,2.0NRT,4.52,D,0.54,0.68,,,,,,firms,VIIRS,VIIRS_NOAA21_NRT
0.32134,109.3988,2025-06-05,523,N21,n,2.0NRT,4.28,D,0.54,0.68,,,,,,firms,VIIRS,VIIRS_NOAA21_NRT
0.59703,109.35262,2025-06-05,523,N21,n,2.0NRT,14.64,D,0.53,0.67,,,,,,firms,VIIRS,VIIRS_NOAA21_NRT
0.94842,123.18504,2025-06-05,523,N21,n,2.0NRT,3.16,D,0.44,0.38,,,,,,firms,VIIRS,VIIRS_NOAA21_NRT
1.98286,117.3392,2025-06-05,523,N21,n,2.0NRT,3.79,D,0.46,0.39,,,,,,firms,VIIRS,VIIRS_NOAA21_NRT
1.99521,113.77818,2025-06-05,523,N21,n,2.0NRT,15.3,D,0.5,0.49,,,,,,firms,VIIRS,VIIRS_NOAA21_NRT
1.99532,117.39571,2025-06-05,523,N21,l,2.0NRT,8.69,D,0.45,0.39,,,,,,firms,VIIRS,VIIRS_NOAA21_NRT
2.05596,117.18128,2025-06-05,523,N21,n,2.0NRT,8.93,D,0.46,0.39,,,,,,firms,VIIRS,VIIRS_NOAA21_NRT
2.78052,125.41047,2025-06-05,523,N21,n,2.0NRT,6.05,D,0.41,0.45,,,,,,firms,VIIRS,VIIRS_NOAA21_NRT
3.27516,113.07148,2025-06-05,523,N21,n,2.0NRT,6.88,D,0.53,0.5,,,,,,firms,VIIRS,VIIRS_NOAA21_NRT
3.52149,113.31172,2025-06-05,523,N21,n,2.0NRT,8.19,D,0.51,0.49,,,,,,firms,VIIRS,VIIRS_NOAA21_NRT
4.28826,117.85783,2025-06-05,523,N21,n,2.0NRT,2.29,D,0.42,0.37,,,,,,firms,VIIRS,VIIRS_NOAA21_NRT
4.73966,113.72665,2025-06-05,525,N21,n,2.0NRT,4.93,D,0.46,0.47,,,,,,firms,VIIRS,VIIRS_NOAA21_NRT
4.74255,113.72713,2025-06-05,525,N21,n,2.0NRT,3.82,D,0.46,0.47,,,,,,firms,VIIRS,VIIRS_NOAA21_NRT
4.97954,112.97977,2025-06-05,525,N21,n,2.0NRT,8.09,D,0.51,0.49,,,,,,firms,VIIRS,VIIRS_NOAA21_NRT
-4.86282,105.69563,2025-06-05,701,N21,n,2.0NRT,9.09,D,0.37,0.58,,,,,,firms,VIIRS,VIIRS_NOAA21_NRT
-4.86226,105.69899,2025-06-05,701,N21,h,2.0NRT,16.75,D,0.37,0.58,,,,,,firms,VIIRS,VIIRS_NOAA21_NRT
-4.86171,105.70234,2025-06-05,701,N21,h,2.0NRT,16.75,D,0.37,0.58,,,,,,firms,VIIRS,VIIRS_NOAA21_NRT
-4.8575,105.69473,2025-06-05,701,N21,n,2.0NRT,7.68,D,0.37,0.58,,,,,,firms,VIIRS,VIIRS_NOAA21_NRT
-4.85637,105.70143,2025-06-05,701,N21,n,2.0NRT,9.18,D,0.37,0.58,,,,,,firms,VIIRS,VIIRS_NOAA21_NRT
-4.85581,105.7048,2025-06-05,701,N21,n,2.0NRT,10.33,D,0.37,0.58,,,,,,firms,VIIRS,VIIRS_NOAA21_NRT
-4.85273,105.69049,2025-06-05,701,N21,n,2.0NRT,7.68,D,0.37,0.58,,,,,,firms,VIIRS,VIIRS_NOAA21_NRT
-4.85104,105.70054,2025-06-05,701,N21,n,2.0NRT,9.18,D,0.37,0.58,,,,,,firms,VIIRS,VIIRS_NOAA21_NRT
-4.56438,103.34027,2025-06-05,701,N21,n,2.0NRT,5.7,D,0.52,0.5,,,,,,firms,VIIRS,VIIRS_NOAA21_NRT
-4.20773,102.65222,2025-06-05,701,N21,n,2.0NRT,3.04,D,0.47,0.48,,,,,,firms,VIIRS,VIIRS_NOAA21_NRT
-3.80672,103.82008,2025-06-05,701,N21,n,2.0NRT,9.0,D,0.58,0.52,,,,,,firms,VIIRS,VIIRS_NOAA21_NRT
-3.57062,104.33772,2025-06-05,701,N21,n,2.0NRT,30.32,D,0.63,0.54,,,,,,firms,VIIRS,VIIRS_NOAA21_NRT
-3.46301,101.9301,2025-06-05,701,N21,n,2.0NRT,24.48,D,0.44,0.46,,,,,,firms,VIIRS,VIIRS_NOAA21_NRT
-3.37408,103.33771,2025-06-05,701,N21,n,2.0NRT,5.16,D,0.54,0.51,,,,,,firms,VIIRS,VIIRS_NOAA21_NRT
-3.28836,102.01905,2025-06-05,701,N21,n,2.0NRT,5.53,D,0.44,0.46,,,,,,firms,VIIRS,VIIRS_NOAA21_NRT
-3.12172,103.09633,2025-06-05,701,N21,n,2.0NRT,10.86,D,0.53,0.5,,,,,,firms,VIIRS,VIIRS_NOAA21_NRT
-2.86708,103.24745,2025-06-05,701,N21,n,2.0NRT,9.17,D,0.55,0.51,,,,,,firms,VIIRS,VIIRS_NOAA21_NRT
-2.83258,103.82552,2025-06-05,701,N21,n,2.0NRT,5.73,D,0.6,0.53,,,,,,firms,VIIRS,VIIRS_NOAA21_NRT
-2.82876,103.82813,2025-06-05,701,N21,n,2.0NRT,12.46,D,0.6,0.53,,,,,,firms,VIIRS,VIIRS_NOAA21_NRT
-2.73698,102.82355,2025-06-05,701,N21,n,2.0NRT,36.86,D,0.51,0.5,,,,,,firms,VIIRS,VIIRS_NOAA21_NRT
-2.73679,106.63426,2025-06-05,701,N21,n,2.0NRT,4.11,D,0.47,0.64,,,,,,firms,VIIRS,VIIRS_NOAA21_NRT
-2.71582,103.79624,2025-06-05,701,N21,n,2.0NRT,11.28,D,0.6,0.53,,,,,,firms,VIIRS,VIIRS_NOAA21_NRT
-2.71404,103.79859,2025-06-05,701,N21,n,2.0NRT,11.29,D,0.6,0.53,,,,,,firms,VIIRS,VIIRS_NOAA21_NRT
-2.44362,106.13771,2025-06-05,701,N21,l,2.0NRT,11.05,D,0.44,0.62,,,,,,firms,VIIRS,VIIRS_NOAA21_NRT
-2.43792,106.1368,2025-06-05,701,N21,n,2.0NRT,11.05,D,0.44,0.62,,,,,,firms,VIIRS,VIIRS_NOAA21_NRT
-2.18222,100.83119,2025-06-05,701,N21,n,2.0NRT,13.98,D,0.39,0.44,,,,,,firms,VIIRS,VIIRS_NOAA21_NRT
-2.15876,100.82396,2025-06-05,701,N21,n,2.0NRT,5.61,D,0.39,0.44,,,,,,firms,VIIRS,VIIRS_NOAA21_NRT
-1.77983,105.56776,2025-06-05,701,N21,n,2.0NRT,2.78,D,0.41,0.61,,,,,,firms,VIIRS,VIIRS_NOAA21_NRT
-1.46624,100.63089,2025-06-05,701,N21,n,2.0NRT,2.94,D,0.39,0.44,,,,,,firms,VIIRS,VIIRS_NOAA21_NRT
0.58478,100.49923,2025-06-05,703,N21,n,2.0NRT,4.15,D,0.4,0.45,,,,,,firms,VIIRS,VIIRS_NOAA21_NRT
1.30643,99.90465,2025-06-05,703,N21,n,2.0NRT,7.93,D,0.57,0.43,,,,,,firms,VIIRS,VIIRS_NOAA21_NRT
1.4958,100.8287,2025-06-05,703,N21,n,2.0NRT,8.42,D,0.44,0.46,,,,,,firms,VIIRS,VIIRS_NOAA21_NRT
1.88378,99.60929,2025-06-05,703,N21,n,2.0NRT,10.44,D,0.56,0.43,,,,,,firms,VIIRS,VIIRS_NOAA21_NRT
2.23847,99.61864,2025-06-05,703,N21,n,2.0NRT,3.59,D,0.56,0.43,,,,,,firms,VIIRS,VIIRS_NOAA21_NRT
2.32657,100.3382,2025-06-05,703,N21,n,2.0NRT,4.53,D,0.42,0.45,,,,,,firms,VIIRS,VIIRS_NOAA21_NRT
2.32713,100.34193,2025-06-05,703,N21,n,2.0NRT,5.89,D,0.42,0.45,,,,,,firms,VIIRS,VIIRS_NOAA21_NRT
2.73493,101.55942,2025-06-05,703,N21,n,2.0NRT,5.44,D,0.51,0.49,,,,,,firms,VIIRS,VIIRS_NOAA21_NRT
4.1607,101.32684,2025-06-05,703,N21,n,2.0NRT,10.96,D,0.52,0.5,,,,,,firms,VIIRS,VIIRS_NOAA21_NRT
-3.90195,122.42045,2025-06-05,1622,N21,n,2.0NRT,1.65,N,0.65,0.73,,,,,,firms,VIIRS,VIIRS_NOAA21_NRT
-3.90094,122.41467,2025-06-05,1622,N21,n,2.0NRT,1.65,N,0.65,0.73,,,,,,firms,VIIRS,VIIRS_NOAA21_NRT
-3.87244,122.40759,2025-06-05,1622,N21,n,2.0NRT,3.13,N,0.65,0.73,,,,,,firms,VIIRS,VIIRS_NOAA21_NRT
-3.87142,122.40181,2025-06-05,1622,N21,n,2.0NRT,3.98,N,0.65,0.73,,,,,,firms,VIIRS,VIIRS_NOAA21_NRT
-3.87041,122.39605,2025-06-05,1622,N21,n,2.0NRT,3.98,N,0.65,0.73,,,,,,firms,VIIRS,VIIRS_NOAA21_NRT
-2.88129,122.15203,2025-06-05,1622,N21,n,2.0NRT,3.27,N,0.7,0.75,,,,,,firms,VIIRS,VIIRS_NOAA21_NRT
-2.82937,122.17639,2025-06-05,1622,N21,n,2.0NRT,7.24,N,0.7,0.75,,,,,,firms,VIIRS,VIIRS_NOAA21_NRT
-2.82824,122.16991,2025-06-05,1622,N21,n,2.0NRT,8.36,N,0.7,0.75,,,,,,firms,VIIRS,VIIRS_NOAA21_NRT
-2.827,122.17092,2025-06-05,1622,N21,n,2.0NRT,10.27,N,0.7,0.75,,,,,,firms,VIIRS,VIIRS_NOAA21_NRT
0.48087,127.98889,2025-06-05,1622,N21,n,2.0NRT,5.38,N,0.63,0.54,,,,,,firms,VIIRS,VIIRS_NOAA21_NRT
1.69982,127.88078,2025-06-05,1622,N21,n,2.0NRT,3.61,N,0.33,0.56,,,,,,firms,VIIRS,VIIRS_NOAA21_NRT
1.70028,127.87782,2025-06-05,1622,N21,n,2.0NRT,8.24,N,0.33,0.56,,,,,,firms,VIIRS,VIIRS_NOAA21_NRT
1.10164,109.09624,2025-06-05,1802,N21,n,2.0NRT,0.76,N,0.41,0.37,,,,,,firms,VIIRS,VIIRS_NOAA21_NRT
1.14448,109.31956,2025-06-05,1802,N21,n,2.0NRT,0.78,N,0.4,0.37,,,,,,firms,VIIRS,VIIRS_NOAA21_NRT
3.27662,113.07229,2025-06-05,1802,N21,n,2.0NRT,0.87,N,0.41,0.37,,,,,,firms,VIIRS,VIIRS_NOAA21_NRT
3.28169,113.08434,2025-06-05,1802,N21,n,2.0NRT,1.25,N,0.41,0.37,,,,,,firms,VIIRS,VIIRS_NOAA21_NRT
3.28226,113.08069,2025-06-05,1802,N21,n,2.0NRT,1.43,N,0.41,0.37,,,,,,firms,VIIRS,VIIRS_NOAA21_NRT
3.28508,113.0849,2025-06-05,1802,N21,n,2.0NRT,4.37,N,0.41,0.37,,,,,,firms,VIIRS,VIIRS_NOAA21_NRT
3.28565,113.08125,2025-06-05,1802,N21,n,2.0NRT,1.37,N,0.41,0.37,,,,,,firms,VIIRS,VIIRS_NOAA21_NRT
3.2879,113.0891,2025-06-05,1802,N21,n,2.0NRT,4.37,N,0.41,0.37,,,,,,firms,VIIRS,VIIRS_NOAA21_NRT
3.28847,113.08546,2025-06-05,1802,N21,n,2.0NRT,4.37,N,0.41,0.37,,,,,,firms,VIIRS,VIIRS_NOAA21_NRT
3.28904,113.08181,2025-06-05,1802,N21,n,2.0NRT,1.37,N,0.41,0.37,,,,,,firms,VIIRS,VIIRS_NOAA21_NRT
3.29072,113.0933,2025-06-05,1802,N21,n,2.0NRT,1.21,N,0.41,0.37,,,,,,firms,VIIRS,VIIRS_NOAA21_NRT
3.29129,113.08965,2025-06-05,1802,N21,n,2.0NRT,2.3,N,0.41,0.37,,,,,,firms,VIIRS,VIIRS_NOAA21_NRT
3.35192,112.68095,2025-06-05,1802,N21,n,2.0NRT,2.74,N,0.4,0.37,,,,,,firms,VIIRS,VIIRS_NOAA21_NRT
3.52339,113.31391,2025-06-05,1802,N21,n,2.0NRT,2.86,N,0.42,0.37,,,,,,firms,VIIRS,VIIRS_NOAA21_NRT
3.53575,113.34634,2025-06-05,1802,N21,n,2.0NRT,1.88,N,0.42,0.37,,,,,,firms,VIIRS,VIIRS_NOAA21_NRT
3.54542,113.35168,2025-06-05,1802,N21,n,2.0NRT,1.95,N,0.42,0.38,,,,,,firms,VIIRS,VIIRS_NOAA21_NRT
3.605,112.4129,2025-06-05,1802,N21,n,2.0NRT,3.47,N,0.39,0.36,,,,,,firms,VIIRS,VIIRS_NOAA21_NRT
3.60555,112.40939,2025-06-05,1802,N21,n,2.0NRT,3.47,N,0.39,0.36,,,,,,firms,VIIRS,VIIRS_NOAA21_NRT
5.11983,116.08994,2025-06-05,1802,N21,n,2.0NRT,1.4,N,0.54,0.42,,,,,,firms,VIIRS,VIIRS_NOAA21_NRT
5.12145,116.09339,2025-06-05,1802,N21,n,2.0NRT,0.76,N,0.55,0.42,,,,,,firms,VIIRS,VIIRS_NOAA21_NRT
5.87552,114.29695,2025-06-05,1802,N21,n,2.0NRT,2.39,N,0.43,0.38,,,,,,firms,VIIRS,VIIRS_NOAA21_NRT
-8.11907,114.0586,2025-06-05,1804,N21,n,2.0NRT,4.0,N,0.41,0.45,,,,,,firms,VIIRS,VIIRS_NOAA21_NRT
-8.11857,114.05513,2025-06-05,1804,N21,n,2.0NRT,3.38,N,0.41,0.45,,,,,,firms,VIIRS,VIIRS_NOAA21_NRT
-8.1154,112.92673,2025-06-05,1804,N21,n,2.0NRT,3.25,N,0.53,0.42,,,,,,firms,VIIRS,VIIRS_NOAA21_NRT
-8.11147,112.92646,2025-06-05,1804,N21,n,2.0NRT,3.25,N,0.53,0.42,,,,,,firms,VIIRS,VIIRS_NOAA21_NRT
-7.94126,112.95211,2025-06-05,1804,N21,n,2.0NRT,1.56,N,0.53,0.42,,,,,,firms,VIIRS,VIIRS_NOAA21_NRT
-7.70165,108.99681,2025-06-05,1804,N21,n,2.0NRT,1.58,N,0.38,0.36,,,,,,firms,VIIRS,VIIRS_NOAA21_NRT
-7.70111,108.99335,2025-06-05,1804,N21,n,2.0NRT,1.58,N,0.38,0.36,,,,,,firms,VIIRS,VIIRS_NOAA21_NRT
-7.54438,110.44515,2025-06-05,1804,N21,n,2.0NRT,1.27,N,0.41,0.37,,,,,,firms,VIIRS,VIIRS_NOAA21_NRT
-7.54386,110.4418,2025-06-05,1804,N21,n,2.0NRT,1.27,N,0.4,0.37,,,,,,firms,VIIRS,VIIRS_NOAA21_NRT
-7.24634,112.70508,2025-06-05,1804,N21,n,2.0NRT,1.63,N,0.5,0.41,,,,,,firms,VIIRS,VIIRS_NOAA21_NRT
-7.24267,111.73434,2025-06-05,1804,N21,n,2.0NRT,1.43,N,0.45,0.39,,,,,,firms,VIIRS,VIIRS_NOAA21_NRT
-7.24206,111.73032,2025-06-05,1804,N21,n,2.0NRT,1.43,N,0.45,0.39,,,,,,firms,VIIRS,VIIRS_NOAA21_NRT
-7.23929,109.21413,2025-06-05,1804,N21,n,2.0NRT,0.89,N,0.38,0.36,,,,,,firms,VIIRS,VIIRS_NOAA21_NRT
-7.23913,111.73487,2025-06-05,1804,N21,n,2.0NRT,1.49,N,0.45,0.39,,,,,,firms,VIIRS,VIIRS_NOAA21_NRT
-7.07727,112.62849,2025-06-05,1804,N21,n,2.0NRT,1.57,N,0.49,0.41,,,,,,firms,VIIRS,VIIRS_NOAA21_NRT
-6.95044,110.43355,2025-06-05,1804,N21,n,2.0NRT,2.32,N,0.4,0.37,,,,,,firms,VIIRS,VIIRS_NOAA21_NRT
-6.54915,108.09325,2025-06-05,1804,N21,n,2.0NRT,1.97,N,0.39,0.36,,,,,,firms,VIIRS,VIIRS_NOAA21_NRT
-6.28644,106.92414,2025-06-05,1804,N21,n,2.0NRT,1.41,N,0.42,0.38,,,,,,firms,VIIRS,VIIRS_NOAA21_NRT
-6.28584,106.92403,2025-06-05,1804,N21,n,2.0NRT,1.83,N,0.42,0.38,,,,,,firms,VIIRS,VIIRS_NOAA21_NRT
-6.08075,107.04477,2025-06-05,1804,N21,n,2.0NRT,1.7,N,0.42,0.38,,,,,,firms,VIIRS,VIIRS_NOAA21_NRT
-6.01236,105.97698,2025-06-05,1804,N21,n,2.0NRT,1.69,N,0.47,0.39,,,,,,firms,VIIRS,VIIRS_NOAA21_NRT
-6.01009,105.98589,2025-06-05,1804,N21,n,2.0NRT,2.26,N,0.46,0.39,,,,,,firms,VIIRS,VIIRS_NOAA21_NRT
-6.00582,105.9823,2025-06-05,1804,N21,n,2.0NRT,2.29,N,0.46,0.39,,,,,,firms,VIIRS,VIIRS_NOAA21_NRT
-5.20669,106.20953,2025-06-05,1804,N21,n,2.0NRT,5.43,N,0.46,0.39,,,,,,firms,VIIRS,VIIRS_NOAA21_NRT
-3.90348,122.4186,2025-06-05,1804,N21,n,2.0NRT,6.28,N,0.68,0.74,,,,,,firms,VIIRS,VIIRS_NOAA21_NRT
-3.87407,122.4048,2025-06-05,1804,N21,n,2.0NRT,5.21,N,0.68,0.74,,,,,,firms,VIIRS,VIIRS_NOAA21_NRT
-3.87322,122.39883,2025-06-05,1804,N21,n,2.0NRT,5.21,N,0.68,0.74,,,,,,firms,VIIRS,VIIRS_NOAA21_NRT
-3.87238,122.39284,2025-06-05,1804,N21,n,2.0NRT,4.58,N,0.67,0.74,,,,,,firms,VIIRS,VIIRS_NOAA21_NRT
-3.03445,115.15768,2025-06-05,1804,N21,n,2.0NRT,1.3,N,0.41,0.45,,,,,,firms,VIIRS,VIIRS_NOAA21_NRT
-3.03193,113.85622,2025-06-05,1804,N21,n,2.0NRT,0.61,N,0.52,0.41,,,,,,firms,VIIRS,VIIRS_NOAA21_NRT
-2.98871,115.20925,2025-06-05,1804,N21,n,2.0NRT,1.59,N,0.42,0.45,,,,,,firms,VIIRS,VIIRS_NOAA21_NRT
-2.21034,115.49568,2025-06-05,1804,N21,n,2.0NRT,3.25,N,0.42,0.45,,,,,,firms,VIIRS,VIIRS_NOAA21_NRT
-2.17291,115.56979,2025-06-05,1804,N21,n,2.0NRT,1.21,N,0.43,0.46,,,,,,firms,VIIRS,VIIRS_NOAA21_NRT
-2.0603,115.57066,2025-06-05,1804,N21,n,2.0NRT,2.75,N,0.43,0.46,,,,,,firms,VIIRS,VIIRS_NOAA21_NRT
-1.89313,115.863,2025-06-05,1804,N21,n,2.0NRT,15.66,N,0.44,0.46,,,,,,firms,VIIRS,VIIRS_NOAA21_NRT
-8.43581,123.91698,2025-06-06,459,N21,n,2.0NRT,3.31,D,0.48,0.4,,,,,,firms,VIIRS,VIIRS_NOAA21_NRT
-8.27402,123.50617,2025-06-06,459,N21,n,2.0NRT,67.9,D,0.51,0.41,,,,,,firms,VIIRS,VIIRS_NOAA21_NRT
-4.52163,120.3168,2025-06-06,501,N21,n,2.0NRT,2.85,D,0.47,0.48,,,,,,firms,VIIRS,VIIRS_NOAA21_NRT
-3.90172,122.41535,2025-06-06,501,N21,l,2.0NRT,4.8,D,0.52,0.41,,,,,,firms,VIIRS,VIIRS_NOAA21_NRT
-3.90103,122.41997,2025-06-06,501,N21,n,2.0NRT,4.8,D,0.51,0.41,,,,,,firms,VIIRS,VIIRS_NOAA21_NRT
-3.87276,122.40174,2025-06-06,501,N21,n,2.0NRT,5.62,D,0.52,0.41,,,,,,firms,VIIRS,VIIRS_NOAA21_NRT
-3.87208,122.40636,2025-06-06,501,N21,n,2.0NRT,5.62,D,0.52,0.41,,,,,,firms,VIIRS,VIIRS_NOAA21_NRT
-3.86964,122.39658,2025-06-06,501,N21,n,2.0NRT,8.31,D,0.52,0.41,,,,,,firms,VIIRS,VIIRS_NOAA21_NRT
-3.86897,122.4012,2025-06-06,501,N21,l,2.0NRT,6.85,D,0.52,0.41,,,,,,firms,VIIRS,VIIRS_NOAA21_NRT
-2.57988,121.37615,2025-06-06,501,N21,l,2.0NRT,54.95,D,0.57,0.43,,,,,,firms,VIIRS,VIIRS_NOAA21_NRT
-2.57514,121.38063,2025-06-06,501,N21,n,2.0NRT,6.66,D,0.57,0.43,,,,,,firms,VIIRS,VIIRS_NOAA21_NRT
-2.20881,115.49992,2025-06-06,501,N21,n,2.0NRT,6.6,D,0.47,0.64,,,,,,firms,VIIRS,VIIRS_NOAA21_NRT
-2.00554,121.42997,2025-06-06,501,N21,n,2.0NRT,5.71,D,0.56,0.43,,,,,,firms,VIIRS,VIIRS_NOAA21_NRT
-2.00161,121.42945,2025-06-06,501,N21,n,2.0NRT,4.2,D,0.56,0.43,,,,,,firms,VIIRS,VIIRS_NOAA21_NRT
-1.56512,127.42812,2025-06-06,501,N21,n,2.0NRT,6.42,D,0.4,0.37,,,,,,firms,VIIRS,VIIRS_NOAA21_NRT
-1.56174,127.42763,2025-06-06,501,N21,l,2.0NRT,6.42,D,0.4,0.37,,,,,,firms,VIIRS,VIIRS_NOAA21_NRT
-1.55836,127.42712,2025-06-06,501,N21,n,2.0NRT,9.57,D,0.4,0.37,,,,,,firms,VIIRS,VIIRS_NOAA21_NRT
-1.45844,127.43718,2025-06-06,501,N21,n,2.0NRT,36.8,D,0.4,0.37,,,,,,firms,VIIRS,VIIRS_NOAA21_NRT
-1.3816,122.48177,2025-06-06,501,N21,n,2.0NRT,4.69,D,0.48,0.4,,,,,,firms,VIIRS,VIIRS_NOAA21_NRT
-1.09263,119.74749,2025-06-06,501,N21,n,2.0NRT,3.16,D,0.46,0.47,,,,,,firms,VIIRS,VIIRS_NOAA21_NRT
0.47963,127.99116,2025-06-06,501,N21,l,2.0NRT,3.63,D,0.44,0.38,,,,,,firms,VIIRS,VIIRS_NOAA21_NRT
0.48022,127.99504,2025-06-06,501,N21,l,2.0NRT,4.08,D,0.44,0.38,,,,,,firms,VIIRS,VIIRS_NOAA21_NRT
0.4808,127.99892,2025-06-06,501,N21,l,2.0NRT,4.08,D,0.44,0.38,,,,,,firms,VIIRS,VIIRS_NOAA21_NRT
0.48138,128.00278,2025-06-06,501,N21,n,2.0NRT,8.14,D,0.44,0.38,,,,,,firms,VIIRS,VIIRS_NOAA21_NRT
0.48313,127.9906,2025-06-06,501,N21,n,2.0NRT,5.41,D,0.44,0.38,,,,,,firms,VIIRS,VIIRS_NOAA21_NRT
0.48371,127.99447,2025-06-06,501,N21,n,2.0NRT,5.3,D,0.44,0.38,,,,,,firms,VIIRS,VIIRS_NOAA21_NRT
0.48605,127.98615,2025-06-06,501,N21,n,2.0NRT,5.41,D,0.44,0.38,,,,,,firms,VIIRS,VIIRS_NOAA21_NRT
0.48663,127.99003,2025-06-06,501,N21,l,2.0NRT,5.41,D,0.44,0.38,,,,,,firms,VIIRS,VIIRS_NOAA21_NRT
0.48835,127.97765,2025-06-06,501,N21,n,2.0NRT,5.46,D,0.44,0.38,,,,,,firms,VIIRS,VIIRS_NOAA21_NRT
0.48954,127.98552,2025-06-06,501,N21,n,2.0NRT,5.0,D,0.44,0.38,,,,,,firms,VIIRS,VIIRS_NOAA21_NRT
0.51157,127.89502,2025-06-06,501,N21,n,2.0NRT,4.46,D,0.43,0.38,,,,,,firms,VIIRS,VIIRS_NOAA21_NRT
1.04466,121.50528,2025-06-06,504,N21,n,2.0NRT,4.88,D,0.5,0.41,,,,,,firms,VIIRS,VIIRS_NOAA21_NRT
-8.00673,112.2458,2025-06-06,642,N21,n,2.0NRT,4.18,D,0.44,0.62,,,,,,firms,VIIRS,VIIRS_NOAA21_NRT
-7.71417,112.02798,2025-06-06,642,N21,n,2.0NRT,2.73,D,0.43,0.62,,,,,,firms,VIIRS,VIIRS_NOAA21_NRT
-7.3292,111.17719,2025-06-06,642,N21,n,2.0NRT,3.26,D,0.38,0.59,,,,,,firms,VIIRS,VIIRS_NOAA21_NRT
-5.18219,105.65328,2025-06-06,642,N21,n,2.0NRT,3.06,D,0.53,0.42,,,,,,firms,VIIRS,VIIRS_NOAA21_NRT
-4.71112,103.92822,2025-06-06,642,N21,n,2.0NRT,10.56,D,0.44,0.38,,,,,,firms,VIIRS,VIIRS_NOAA21_NRT
-2.30743,100.90332,2025-06-06,644,N21,n,2.0NRT,13.13,D,0.38,0.36,,,,,,firms,VIIRS,VIIRS_NOAA21_NRT
-2.30691,100.90675,2025-06-06,644,N21,n,2.0NRT,8.19,D,0.38,0.36,,,,,,firms,VIIRS,VIIRS_NOAA21_NRT
-2.23856,101.01935,2025-06-06,644,N21,n,2.0NRT,4.24,D,0.38,0.36,,,,,,firms,VIIRS,VIIRS_NOAA21_NRT
-2.23525,101.01885,2025-06-06,644,N21,n,2.0NRT,2.41,D,0.38,0.36,,,,,,firms,VIIRS,VIIRS_NOAA21_NRT
-2.23194,101.01835,2025-06-06,644,N21,n,2.0NRT,2.41,D,0.38,0.36,,,,,,firms,VIIRS,VIIRS_NOAA21_NRT
-2.22113,101.0449,2025-06-06,644,N21,n,2.0NRT,2.95,D,0.39,0.36,,,,,,firms,VIIRS,VIIRS_NOAA21_NRT
-2.21939,101.03407,2025-06-06,644,N21,n,2.0NRT,2.16,D,0.38,0.36,,,,,,firms,VIIRS,VIIRS_NOAA21_NRT
-2.21887,101.03751,2025-06-06,644,N21,n,2.0NRT,2.16,D,0.39,0.36,,,,,,firms,VIIRS,VIIRS_NOAA21_NRT
-2.19521,110.8676,2025-06-06,644,N21,n,2.0NRT,2.78,D,0.44,0.62,,,,,,firms,VIIRS,VIIRS_NOAA21_NRT
-2.18213,110.75696,2025-06-06,644,N21,n,2.0NRT,10.84,D,0.43,0.62,,,,,,firms,VIIRS,VIIRS_NOAA21_NRT
-2.17675,101.00294,2025-06-06,644,N21,n,2.0NRT,3.31,D,0.38,0.36,,,,,,firms,VIIRS,VIIRS_NOAA21_NRT
-2.16285,100.82413,2025-06-06,644,N21,n,2.0NRT,12.29,D,0.38,0.36,,,,,,firms,VIIRS,VIIRS_NOAA21_NRT
-2.16233,100.82755,2025-06-06,644,N21,n,2.0NRT,5.3,D,0.38,0.36,,,,,,firms,VIIRS,VIIRS_NOAA21_NRT
-2.15955,100.82362,2025-06-06,644,N21,n,2.0NRT,12.29,D,0.38,0.36,,,,,,firms,VIIRS,VIIRS_NOAA21_NRT
-2.15902,100.82706,2025-06-06,644,N21,n,2.0NRT,5.3,D,0.38,0.36,,,,,,firms,VIIRS,VIIRS_NOAA21_NRT
-2.1554,100.94341,2025-06-06,644,N21,n,2.0NRT,2.34,D,0.38,0.36,,,,,,firms,VIIRS,VIIRS_NOAA21_NRT
-2.15209,100.9429,2025-06-06,644,N21,n,2.0NRT,2.97,D,0.38,0.36,,,,,,firms,VIIRS,VIIRS_NOAA21_NRT
-2.03712,110.77281,2025-06-06,644,N21,n,2.0NRT,6.93,D,0.44,0.62,,,,,,firms,VIIRS,VIIRS_NOAA21_NRT
-1.24013,110.79169,2025-06-06,644,N21,n,2.0NRT,6.09,D,0.45,0.63,,,,,,firms,VIIRS,VIIRS_NOAA21_NRT
-0.8079,101.15186,2025-06-06,644,N21,n,2.0NRT,3.82,D,0.39,0.36,,,,,,firms,VIIRS,VIIRS_NOAA21_NRT
-0.74134,100.60799,2025-06-06,644,N21,n,2.0NRT,1.57,D,0.38,0.36,,,,,,firms,VIIRS,VIIRS_NOAA21_NRT
-0.68603,100.63819,2025-06-06,644,N21,n,2.0NRT,3.06,D,0.38,0.36,,,,,,firms,VIIRS,VIIRS_NOAA21_NRT
-0.60507,100.69931,2025-06-06,644,N21,n,2.0NRT,4.12,D,0.39,0.36,,,,,,firms,VIIRS,VIIRS_NOAA21_NRT
-0.60454,100.70277,2025-06-06,644,N21,n,2.0NRT,5.03,D,0.39,0.36,,,,,,firms,VIIRS,VIIRS_NOAA21_NRT
-0.1697,109.35622,2025-06-06,644,N21,n,2.0NRT,11.28,D,0.37,0.58,,,,,,firms,VIIRS,VIIRS_NOAA21_NRT
-0.16468,109.31792,2025-06-06,644,N21,n,2.0NRT,2.9,D,0.37,0.58,,,,,,firms,VIIRS,VIIRS_NOAA21_NRT
-0.01583,110.02168,2025-06-06,644,N21,h,2.0NRT,38.88,D,0.42,0.61,,,,,,firms,VIIRS,VIIRS_NOAA21_NRT
0.50648,111.94371,2025-06-06,644,N21,n,2.0NRT,9.82,D,0.58,0.7,,,,,,firms,VIIRS,VIIRS_NOAA21_NRT
1.38228,100.96167,2025-06-06,644,N21,n,2.0NRT,1.95,D,0.39,0.36,,,,,,firms,VIIRS,VIIRS_NOAA21_NRT
2.33379,98.81902,2025-06-06,644,N21,n,2.0NRT,3.26,D,0.39,0.36,,,,,,firms,VIIRS,VIIRS_NOAA21_NRT
2.3366,98.81517,2025-06-06,644,N21,n,2.0NRT,9.61,D,0.39,0.36,,,,,,firms,VIIRS,VIIRS_NOAA21_NRT
-1.56465,127.42244,2025-06-06,1605,N21,n,2.0NRT,2.46,N,0.68,0.74,,,,,,firms,VIIRS,VIIRS_NOAA21_NRT
-1.56075,127.42533,2025-06-06,1605,N21,n,2.0NRT,4.61,N,0.68,0.74,,,,,,firms,VIIRS,VIIRS_NOAA21_NRT
-1.55789,127.42342,2025-06-06,1605,N21,n,2.0NRT,2.46,N,0.68,0.74,,,,,,firms,VIIRS,VIIRS_NOAA21_NRT
-1.45998,127.4341,2025-06-06,1605,N21,h,2.0NRT,12.73,N,0.68,0.74,,,,,,firms,VIIRS,VIIRS_NOAA21_NRT
-1.45685,127.44102,2025-06-06,1605,N21,n,2.0NRT,13.05,N,0.68,0.74,,,,,,firms,VIIRS,VIIRS_NOAA21_NRT
-1.45549,127.43289,2025-06-06,1605,N21,h,2.0NRT,13.05,N,0.68,0.74,,,,,,firms,VIIRS,VIIRS_NOAA21_NRT
-1.45308,127.43433,2025-06-06,1605,N21,n,2.0NRT,12.73,N,0.68,0.74,,,,,,firms,VIIRS,VIIRS_NOAA21_NRT
1.49401,127.63465,2025-06-06,1741,N21,n,2.0NRT,1.82,N,0.61,0.71,,,,,,firms,VIIRS,VIIRS_NOAA21_NRT
1.49522,127.63733,2025-06-06,1741,N21,n,2.0NRT,0.87,N,0.6,0.71,,,,,,firms,VIIRS,VIIRS_NOAA21_NRT
2.7776,125.40935,2025-06-06,1741,N21,n,2.0NRT,1.02,N,0.4,0.6,,,,,,firms,VIIRS,VIIRS_NOAA21_NRT
4.61697,114.34084,2025-06-06,1741,N21,n,2.0NRT,0.56,N,0.41,0.37,,,,,,firms,VIIRS,VIIRS_NOAA21_NRT
5.87653,114.29763,2025-06-06,1741,N21,n,2.0NRT,3.22,N,0.43,0.38,,,,,,firms,VIIRS,VIIRS_NOAA21_NRT
-3.03358,115.15849,2025-06-06,1743,N21,n,2.0NRT,3.63,N,0.39,0.36,,,,,,firms,VIIRS,VIIRS_NOAA21_NRT
-2.98769,115.21146,2025-06-06,1743,N21,n,2.0NRT,0.67,N,0.39,0.36,,,,,,firms,VIIRS,VIIRS_NOAA21_NRT
-2.26851,121.76216,2025-06-06,1743,N21,n,2.0NRT,2.04,N,0.54,0.5,,,,,,firms,VIIRS,VIIRS_NOAA21_NRT
-2.21158,115.49561,2025-06-06,1743,N21,n,2.0NRT,3.96,N,0.39,0.36,,,,,,firms,VIIRS,VIIRS_NOAA21_NRT
-2.17271,115.57247,2025-06-06,1743,N21,n,2.0NRT,1.55,N,0.39,0.36,,,,,,firms,VIIRS,VIIRS_NOAA21_NRT
-2.06042,115.57207,2025-06-06,1743,N21,n,2.0NRT,1.42,N,0.39,0.36,,,,,,firms,VIIRS,VIIRS_NOAA21_NRT
-2.01402,121.41934,2025-06-06,1743,N21,n,2.0NRT,4.14,N,0.5,0.49,,,,,,firms,VIIRS,VIIRS_NOAA21_NRT
-2.00952,121.41988,2025-06-06,1743,N21,n,2.0NRT,2.56,N,0.5,0.49,,,,,,firms,VIIRS,VIIRS_NOAA21_NRT
-2.00885,121.41552,2025-06-06,1743,N21,n,2.0NRT,2.56,N,0.5,0.49,,,,,,firms,VIIRS,VIIRS_NOAA21_NRT
-1.45982,127.43819,2025-06-06,1743,N21,n,2.0NRT,5.41,N,0.65,0.73,,,,,,firms,VIIRS,VIIRS_NOAA21_NRT
-1.45908,127.43346,2025-06-06,1743,N21,n,2.0NRT,5.41,N,0.65,0.73,,,,,,firms,VIIRS,VIIRS_NOAA21_NRT
-1.45822,127.43946,2025-06-06,1743,N21,n,2.0NRT,5.3,N,0.65,0.73,,,,,,firms,VIIRS,VIIRS_NOAA21_NRT
-1.45753,127.43487,2025-06-06,1743,N21,n,2.0NRT,8.68,N,0.65,0.73,,,,,,firms,VIIRS,VIIRS_NOAA21_NRT
-1.38196,122.48322,2025-06-06,1743,N21,n,2.0NRT,2.43,N,0.58,0.52,,,,,,firms,VIIRS,VIIRS_NOAA21_NRT
-0.84523,117.26644,2025-06-06,1743,N21,n,2.0NRT,2.12,N,0.42,0.38,,,,,,firms,VIIRS,VIIRS_NOAA21_NRT
-0.58283,117.38724,2025-06-06,1743,N21,n,2.0NRT,0.95,N,0.43,0.38,,,,,,firms,VIIRS,VIIRS_NOAA21_NRT
0.48168,127.99757,2025-06-06,1743,N21,n,2.0NRT,2.03,N,0.66,0.73,,,,,,firms,VIIRS,VIIRS_NOAA21_NRT
0.50696,127.89697,2025-06-06,1743,N21,n,2.0NRT,2.15,N,0.65,0.73,,,,,,firms,VIIRS,VIIRS_NOAA21_NRT
0.5078,127.8916,2025-06-06,1743,N21,n,2.0NRT,2.15,N,0.65,0.73,,,,,,firms,VIIRS,VIIRS_NOAA21_NRT
0.51188,127.89537,2025-06-06,1743,N21,n,2.0NRT,4.48,N,0.65,0.73,,,,,,firms,VIIRS,VIIRS_NOAA21_NRT
-10.60115,121.73463,2025-06-06,1745,N21,n,2.0NRT,18.71,N,0.35,0.57,,,,,,firms,VIIRS,VIIRS_NOAA21_NRT
-10.60076,121.73154,2025-06-06,1745,N21,h,2.0NRT,16.9,N,0.35,0.57,,,,,,firms,VIIRS,VIIRS_NOAA21_NRT
-10.5997,121.73105,2025-06-06,1745,N21,n,2.0NRT,8.92,N,0.35,0.57,,,,,,firms,VIIRS,VIIRS_NOAA21_NRT
-8.28043,123.53065,2025-06-06,1745,N21,n,2.0NRT,3.04,N,0.44,0.62,,,,,,firms,VIIRS,VIIRS_NOAA21_NRT
-8.27928,123.52147,2025-06-06,1745,N21,n,2.0NRT,3.04,N,0.44,0.62,,,,,,firms,VIIRS,VIIRS_NOAA21_NRT
-8.27803,123.5115,2025-06-06,1745,N21,n,2.0NRT,3.08,N,0.44,0.62,,,,,,firms,VIIRS,VIIRS_NOAA21_NRT
-8.2773,123.50581,2025-06-06,1745,N21,n,2.0NRT,3.08,N,0.44,0.62,,,,,,firms,VIIRS,VIIRS_NOAA21_NRT
-8.27205,123.50985,2025-06-06,1745,N21,n,2.0NRT,1.55,N,0.44,0.62,,,,,,firms,VIIRS,VIIRS_NOAA21_NRT
-8.12009,114.05838,2025-06-06,1745,N21,n,2.0NRT,3.88,N,0.39,0.36,,,,,,firms,VIIRS,VIIRS_NOAA21_NRT
-8.11679,114.05887,2025-06-06,1745,N21,n,2.0NRT,1.39,N,0.39,0.36,,,,,,firms,VIIRS,VIIRS_NOAA21_NRT
-8.11253,112.92469,2025-06-06,1745,N21,n,2.0NRT,11.61,N,0.39,0.36,,,,,,firms,VIIRS,VIIRS_NOAA21_NRT
-7.94418,112.95422,2025-06-06,1745,N21,n,2.0NRT,1.53,N,0.39,0.36,,,,,,firms,VIIRS,VIIRS_NOAA21_NRT
-7.70068,108.99236,2025-06-06,1745,N21,n,2.0NRT,2.6,N,0.55,0.43,,,,,,firms,VIIRS,VIIRS_NOAA21_NRT
-7.68999,112.06667,2025-06-06,1745,N21,n,2.0NRT,0.6,N,0.4,0.37,,,,,,firms,VIIRS,VIIRS_NOAA21_NRT
-7.24228,111.73395,2025-06-06,1745,N21,n,2.0NRT,1.84,N,0.41,0.37,,,,,,firms,VIIRS,VIIRS_NOAA21_NRT
-7.23887,111.73448,2025-06-06,1745,N21,n,2.0NRT,1.48,N,0.41,0.37,,,,,,firms,VIIRS,VIIRS_NOAA21_NRT
-7.07547,112.62895,2025-06-06,1745,N21,n,2.0NRT,2.45,N,0.39,0.36,,,,,,firms,VIIRS,VIIRS_NOAA21_NRT
-6.81673,111.88449,2025-06-06,1745,N21,n,2.0NRT,1.13,N,0.41,0.37,,,,,,firms,VIIRS,VIIRS_NOAA21_NRT
-6.80455,111.54572,2025-06-06,1745,N21,n,2.0NRT,0.97,N,0.42,0.38,,,,,,firms,VIIRS,VIIRS_NOAA21_NRT
-6.70609,111.39686,2025-06-06,1745,N21,n,2.0NRT,1.41,N,0.43,0.38,,,,,,firms,VIIRS,VIIRS_NOAA21_NRT
-6.0975,106.67344,2025-06-06,1745,N21,n,2.0NRT,2.88,N,0.55,0.51,,,,,,firms,VIIRS,VIIRS_NOAA21_NRT
-6.09667,106.66855,2025-06-06,1745,N21,n,2.0NRT,2.48,N,0.55,0.51,,,,,,firms,VIIRS,VIIRS_NOAA21_NRT
-6.02901,105.95757,2025-06-06,1745,N21,n,2.0NRT,2.97,N,0.62,0.54,,,,,,firms,VIIRS,VIIRS_NOAA21_NRT
-4.77088,105.25576,2025-06-06,1745,N21,n,2.0NRT,0.73,N,0.36,0.57,,,,,,firms,VIIRS,VIIRS_NOAA21_NRT
-2.31215,100.9014,2025-06-06,1745,N21,n,2.0NRT,1.63,N,0.8,0.78,,,,,,firms,VIIRS,VIIRS_NOAA21_NRT
-2.30501,100.90254,2025-06-06,1745,N21,n,2.0NRT,12.82,N,0.8,0.78,,,,,,firms,VIIRS,VIIRS_NOAA21_NRT
-2.22275,101.04497,2025-06-06,1745,N21,n,2.0NRT,3.12,N,0.78,0.78,,,,,,firms,VIIRS,VIIRS_NOAA21_NRT
2.16765,98.88795,2025-06-06,1923,N21,n,2.0NRT,0.93,N,0.34,0.56,,,,,,firms,VIIRS,VIIRS_NOAA21_NRT
-2.30842,100.90279,2025-06-06,1925,N21,n,2.0NRT,12.58,N,0.56,0.68,,,,,,firms,VIIRS,VIIRS_NOAA21_NRT
-2.3077,100.89786,2025-06-06,1925,N21,n,2.0NRT,8.8,N,0.55,0.68,,,,,,firms,VIIRS,VIIRS_NOAA21_NRT
-2.22318,101.04798,2025-06-06,1925,N21,n,2.0NRT,1.98,N,0.57,0.69,,,,,,firms,VIIRS,VIIRS_NOAA21_NRT
-2.22244,101.04299,2025-06-06,1925,N21,n,2.0NRT,1.98,N,0.57,0.69,,,,,,firms,VIIRS,VIIRS_NOAA21_NRT
-10.16287,123.73236,2025-06-07,440,N21,n,2.0NRT,5.46,D,0.35,0.57,,,,,,firms,VIIRS,VIIRS_NOAA21_NRT
-10.16247,123.73553,2025-06-07,440,N21,n,2.0NRT,5.46,D,0.35,0.57,,,,,,firms,VIIRS,VIIRS_NOAA21_NRT
-9.38508,119.45387,2025-06-07,442,N21,n,2.0NRT,9.99,D,0.68,0.74,,,,,,firms,VIIRS,VIIRS_NOAA21_NRT
-8.51711,125.80356,2025-06-07,442,N21,n,2.0NRT,7.51,D,0.48,0.48,,,,,,firms,VIIRS,VIIRS_NOAA21_NRT
-8.2764,123.50333,2025-06-07,442,N21,n,2.0NRT,9.25,D,0.34,0.56,,,,,,firms,VIIRS,VIIRS_NOAA21_NRT
-2.00744,121.41814,2025-06-07,444,N21,n,2.0NRT,6.44,D,0.39,0.59,,,,,,firms,VIIRS,VIIRS_NOAA21_NRT
-2.00538,121.43211,2025-06-07,444,N21,n,2.0NRT,7.16,D,0.39,0.59,,,,,,firms,VIIRS,VIIRS_NOAA21_NRT
-1.99988,121.43187,2025-06-07,444,N21,n,2.0NRT,3.36,D,0.39,0.59,,,,,,firms,VIIRS,VIIRS_NOAA21_NRT
0.35551,128.65509,2025-06-07,444,N21,n,2.0NRT,2.69,D,0.4,0.37,,,,,,firms,VIIRS,VIIRS_NOAA21_NRT
0.48187,127.99041,2025-06-07,444,N21,n,2.0NRT,6.49,D,0.42,0.38,,,,,,firms,VIIRS,VIIRS_NOAA21_NRT
0.48475,127.98611,2025-06-07,444,N21,l,2.0NRT,4.9,D,0.42,0.38,,,,,,firms,VIIRS,VIIRS_NOAA21_NRT
0.48533,127.98991,2025-06-07,444,N21,n,2.0NRT,4.9,D,0.42,0.38,,,,,,firms,VIIRS,VIIRS_NOAA21_NRT
0.48591,127.99373,2025-06-07,444,N21,n,2.0NRT,4.36,D,0.42,0.38,,,,,,firms,VIIRS,VIIRS_NOAA21_NRT
0.48821,127.98564,2025-06-07,444,N21,n,2.0NRT,4.9,D,0.42,0.38,,,,,,firms,VIIRS,VIIRS_NOAA21_NRT
0.49169,127.98522,2025-06-07,444,N21,n,2.0NRT,14.47,D,0.42,0.38,,,,,,firms,VIIRS,VIIRS_NOAA21_NRT
0.50897,127.89707,2025-06-07,444,N21,l,2.0NRT,4.23,D,0.43,0.38,,,,,,firms,VIIRS,VIIRS_NOAA21_NRT
0.5096,127.89314,2025-06-07,444,N21,l,2.0NRT,4.9,D,0.43,0.38,,,,,,firms,VIIRS,VIIRS_NOAA21_NRT
0.51018,127.89696,2025-06-07,444,N21,n,2.0NRT,8.76,D,0.43,0.38,,,,,,firms,VIIRS,VIIRS_NOAA21_NRT
0.51244,127.89654,2025-06-07,444,N21,l,2.0NRT,4.23,D,0.43,0.38,,,,,,firms,VIIRS,VIIRS_NOAA21_NRT
-9.37796,119.86418,2025-06-07,622,N21,n,2.0NRT,15.32,D,0.65,0.73,,,,,,firms,VIIRS,VIIRS_NOAA21_NRT
-9.37679,119.87009,2025-06-07,622,N21,n,2.0NRT,15.93,D,0.65,0.73,,,,,,firms,VIIRS,VIIRS_NOAA21_NRT
-8.25964,113.81168,2025-06-07,622,N21,n,2.0NRT,5.46,D,0.53,0.5,,,,,,firms,VIIRS,VIIRS_NOAA21_NRT
-8.11225,112.92779,2025-06-07,622,N21,n,2.0NRT,6.78,D,0.46,0.47,,,,,,firms,VIIRS,VIIRS_NOAA21_NRT
-7.70149,108.99578,2025-06-07,622,N21,n,2.0NRT,4.36,D,0.43,0.38,,,,,,firms,VIIRS,VIIRS_NOAA21_NRT
-7.69395,108.99852,2025-06-07,622,N21,n,2.0NRT,3.51,D,0.43,0.38,,,,,,firms,VIIRS,VIIRS_NOAA21_NRT
-7.49616,107.33629,2025-06-07,622,N21,n,2.0NRT,3.09,D,0.39,0.36,,,,,,firms,VIIRS,VIIRS_NOAA21_NRT
-7.33911,110.98783,2025-06-07,622,N21,n,2.0NRT,6.4,D,0.54,0.42,,,,,,firms,VIIRS,VIIRS_NOAA21_NRT
-7.01551,106.79263,2025-06-07,622,N21,n,2.0NRT,2.07,D,0.38,0.36,,,,,,firms,VIIRS,VIIRS_NOAA21_NRT
-6.80718,111.16636,2025-06-07,622,N21,n,2.0NRT,3.0,D,0.56,0.43,,,,,,firms,VIIRS,VIIRS_NOAA21_NRT
-3.20258,108.01092,2025-06-07,622,N21,n,2.0NRT,21.16,D,0.43,0.38,,,,,,firms,VIIRS,VIIRS_NOAA21_NRT
-2.85368,114.50394,2025-06-07,622,N21,n,2.0NRT,3.89,D,0.36,0.57,,,,,,firms,VIIRS,VIIRS_NOAA21_NRT
-2.85315,114.50716,2025-06-07,622,N21,n,2.0NRT,3.89,D,0.36,0.57,,,,,,firms,VIIRS,VIIRS_NOAA21_NRT
-2.83132,110.50351,2025-06-07,622,N21,n,2.0NRT,20.02,D,0.39,0.44,,,,,,firms,VIIRS,VIIRS_NOAA21_NRT
-2.53708,102.7232,2025-06-07,622,N21,n,2.0NRT,2.85,D,0.45,0.39,,,,,,firms,VIIRS,VIIRS_NOAA21_NRT
-2.35886,110.7718,2025-06-07,622,N21,n,2.0NRT,5.92,D,0.41,0.45,,,,,,firms,VIIRS,VIIRS_NOAA21_NRT
-2.35194,111.11335,2025-06-07,622,N21,n,2.0NRT,4.24,D,0.43,0.46,,,,,,firms,VIIRS,VIIRS_NOAA21_NRT
-2.29723,110.66108,2025-06-07,622,N21,n,2.0NRT,5.77,D,0.4,0.45,,,,,,firms,VIIRS,VIIRS_NOAA21_NRT
-2.24378,104.05342,2025-06-07,622,N21,n,2.0NRT,3.34,D,0.4,0.37,,,,,,firms,VIIRS,VIIRS_NOAA21_NRT
-2.1635,110.84988,2025-06-07,622,N21,n,2.0NRT,6.33,D,0.42,0.45,,,,,,firms,VIIRS,VIIRS_NOAA21_NRT
-2.15936,110.84924,2025-06-07,622,N21,n,2.0NRT,19.28,D,0.42,0.45,,,,,,firms,VIIRS,VIIRS_NOAA21_NRT
-2.08915,110.87753,2025-06-07,622,N21,n,2.0NRT,6.21,D,0.42,0.45,,,,,,firms,VIIRS,VIIRS_NOAA21_NRT
-2.03937,110.89679,2025-06-07,622,N21,n,2.0NRT,19.76,D,0.42,0.45,,,,,,firms,VIIRS,VIIRS_NOAA21_NRT
-2.03878,110.9006,2025-06-07,622,N21,n,2.0NRT,19.76,D,0.42,0.45,,,,,,firms,VIIRS,VIIRS_NOAA21_NRT
-1.78395,114.35722,2025-06-07,622,N21,n,2.0NRT,3.6,D,0.37,0.58,,,,,,firms,VIIRS,VIIRS_NOAA21_NRT
-1.75381,114.34238,2025-06-07,622,N21,n,2.0NRT,3.27,D,0.37,0.58,,,,,,firms,VIIRS,VIIRS_NOAA21_NRT
-6.01166,105.97874,2025-06-07,625,N21,n,2.0NRT,3.15,D,0.38,0.36,,,,,,firms,VIIRS,VIIRS_NOAA21_NRT
0.62417,109.39677,2025-06-07,625,N21,n,2.0NRT,8.02,D,0.56,0.43,,,,,,firms,VIIRS,VIIRS_NOAA21_NRT
0.67609,100.38818,2025-06-07,625,N21,n,2.0NRT,7.1,D,0.54,0.42,,,,,,firms,VIIRS,VIIRS_NOAA21_NRT
1.28857,99.64314,2025-06-07,625,N21,n,2.0NRT,4.12,D,0.39,0.44,,,,,,firms,VIIRS,VIIRS_NOAA21_NRT
1.99137,98.66005,2025-06-07,625,N21,n,2.0NRT,3.93,D,0.45,0.47,,,,,,firms,VIIRS,VIIRS_NOAA21_NRT
2.27746,99.42526,2025-06-07,625,N21,n,2.0NRT,3.95,D,0.39,0.44,,,,,,firms,VIIRS,VIIRS_NOAA21_NRT
2.38841,99.51765,2025-06-07,625,N21,n,2.0NRT,3.96,D,0.39,0.44,,,,,,firms,VIIRS,VIIRS_NOAA21_NRT
3.07642,103.23739,2025-06-07,625,N21,n,2.0NRT,12.07,D,0.39,0.36,,,,,,firms,VIIRS,VIIRS_NOAA21_NRT
3.08029,103.24039,2025-06-07,625,N21,n,2.0NRT,49.74,D,0.39,0.36,,,,,,firms,VIIRS,VIIRS_NOAA21_NRT
3.08363,103.23987,2025-06-07,625,N21,n,2.0NRT,49.74,D,0.39,0.36,,,,,,firms,VIIRS,VIIRS_NOAA21_NRT
3.28396,113.08379,2025-06-07,625,N21,n,2.0NRT,5.74,D,0.36,0.57,,,,,,firms,VIIRS,VIIRS_NOAA21_NRT
3.28443,113.08696,2025-06-07,625,N21,n,2.0NRT,4.12,D,0.36,0.57,,,,,,firms,VIIRS,VIIRS_NOAA21_NRT
3.2897,113.08635,2025-06-07,625,N21,n,2.0NRT,4.12,D,0.36,0.57,,,,,,firms,VIIRS,VIIRS_NOAA21_NRT
3.4888,101.48248,2025-06-07,625,N21,l,2.0NRT,8.14,D,0.44,0.38,,,,,,firms,VIIRS,VIIRS_NOAA21_NRT
-1.45762,127.4391,2025-06-07,1724,N21,n,2.0NRT,2.56,N,0.6,0.53,,,,,,firms,VIIRS,VIIRS_NOAA21_NRT
-1.45689,127.43436,2025-06-07,1724,N21,n,2.0NRT,3.07,N,0.6,0.53,,,,,,firms,VIIRS,VIIRS_NOAA21_NRT
0.67453,117.56432,2025-06-07,1724,N21,n,2.0NRT,0.31,N,0.44,0.38,,,,,,firms,VIIRS,VIIRS_NOAA21_NRT
1.49122,127.63707,2025-06-07,1724,N21,n,2.0NRT,12.76,N,0.56,0.52,,,,,,firms,VIIRS,VIIRS_NOAA21_NRT
1.49199,127.63211,2025-06-07,1724,N21,n,2.0NRT,10.14,N,0.56,0.52,,,,,,firms,VIIRS,VIIRS_NOAA21_NRT
1.4934,127.63889,2025-06-07,1724,N21,n,2.0NRT,13.73,N,0.56,0.52,,,,,,firms,VIIRS,VIIRS_NOAA21_NRT
1.49426,127.63361,2025-06-07,1724,N21,n,2.0NRT,13.73,N,0.56,0.52,,,,,,firms,VIIRS,VIIRS_NOAA21_NRT
1.49585,127.63819,2025-06-07,1724,N21,n,2.0NRT,1.05,N,0.56,0.52,,,,,,firms,VIIRS,VIIRS_NOAA21_NRT
1.70004,127.87805,2025-06-07,1724,N21,n,2.0NRT,9.76,N,0.58,0.52,,,,,,firms,VIIRS,VIIRS_NOAA21_NRT
2.77782,125.40916,2025-06-07,1724,N21,n,2.0NRT,1.97,N,0.57,0.43,,,,,,firms,VIIRS,VIIRS_NOAA21_NRT
2.78172,125.41009,2025-06-07,1724,N21,n,2.0NRT,1.97,N,0.57,0.43,,,,,,firms,VIIRS,VIIRS_NOAA21_NRT
3.60702,112.41041,2025-06-07,1724,N21,n,2.0NRT,1.83,N,0.33,0.56,,,,,,firms,VIIRS,VIIRS_NOAA21_NRT
4.61817,114.34035,2025-06-07,1724,N21,n,2.0NRT,2.45,N,0.51,0.49,,,,,,firms,VIIRS,VIIRS_NOAA21_NRT
4.67594,113.85608,2025-06-07,1724,N21,n,2.0NRT,2.5,N,0.55,0.51,,,,,,firms,VIIRS,VIIRS_NOAA21_NRT
4.68308,114.15899,2025-06-07,1724,N21,n,2.0NRT,6.7,N,0.53,0.5,,,,,,firms,VIIRS,VIIRS_NOAA21_NRT
4.68375,114.15429,2025-06-07,1724,N21,n,2.0NRT,6.7,N,0.53,0.5,,,,,,firms,VIIRS,VIIRS_NOAA21_NRT
4.7382,113.72781,2025-06-07,1724,N21,n,2.0NRT,3.11,N,0.56,0.52,,,,,,firms,VIIRS,VIIRS_NOAA21_NRT
4.74038,113.72542,2025-06-07,1724,N21,n,2.0NRT,4.08,N,0.56,0.52,,,,,,firms,VIIRS,VIIRS_NOAA21_NRT
5.56347,114.98338,2025-06-07,1724,N21,n,2.0NRT,2.21,N,0.48,0.48,,,,,,firms,VIIRS,VIIRS_NOAA21_NRT
-8.28291,123.50838,2025-06-07,1726,N21,n,2.0NRT,8.27,N,0.41,0.45,,,,,,firms,VIIRS,VIIRS_NOAA21_NRT
-8.27861,123.5075,2025-06-07,1726,N21,n,2.0NRT,8.27,N,0.41,0.45,,,,,,firms,VIIRS,VIIRS_NOAA21_NRT
-8.27585,123.51191,2025-06-07,1726,N21,n,2.0NRT,7.38,N,0.41,0.45,,,,,,firms,VIIRS,VIIRS_NOAA21_NRT
-8.2752,123.50745,2025-06-07,1726,N21,n,2.0NRT,16.33,N,0.41,0.45,,,,,,firms,VIIRS,VIIRS_NOAA21_NRT
-8.27503,123.5118,2025-06-07,1726,N21,n,2.0NRT,9.03,N,0.41,0.45,,,,,,firms,VIIRS,VIIRS_NOAA21_NRT
-8.27442,123.50736,2025-06-07,1726,N21,n,2.0NRT,25.06,N,0.41,0.45,,,,,,firms,VIIRS,VIIRS_NOAA21_NRT
-8.27102,123.50745,2025-06-07,1726,N21,n,2.0NRT,16.33,N,0.41,0.45,,,,,,firms,VIIRS,VIIRS_NOAA21_NRT
-3.90348,122.42047,2025-06-07,1726,N21,n,2.0NRT,1.44,N,0.47,0.4,,,,,,firms,VIIRS,VIIRS_NOAA21_NRT
-3.90285,122.41627,2025-06-07,1726,N21,n,2.0NRT,1.44,N,0.47,0.4,,,,,,firms,VIIRS,VIIRS_NOAA21_NRT
-3.8734,122.40186,2025-06-07,1726,N21,n,2.0NRT,1.38,N,0.47,0.4,,,,,,firms,VIIRS,VIIRS_NOAA21_NRT
-3.87275,122.39767,2025-06-07,1726,N21,n,2.0NRT,2.56,N,0.47,0.4,,,,,,firms,VIIRS,VIIRS_NOAA21_NRT
-3.8721,122.39349,2025-06-07,1726,N21,n,2.0NRT,2.56,N,0.47,0.4,,,,,,firms,VIIRS,VIIRS_NOAA21_NRT
-3.87043,122.40659,2025-06-07,1726,N21,n,2.0NRT,2.1,N,0.47,0.4,,,,,,firms,VIIRS,VIIRS_NOAA21_NRT
-3.86978,122.4024,2025-06-07,1726,N21,n,2.0NRT,2.1,N,0.47,0.4,,,,,,firms,VIIRS,VIIRS_NOAA21_NRT
-2.9435,115.23259,2025-06-07,1726,N21,n,2.0NRT,1.68,N,0.52,0.42,,,,,,firms,VIIRS,VIIRS_NOAA21_NRT
-2.87503,115.26493,2025-06-07,1726,N21,n,2.0NRT,1.84,N,0.52,0.42,,,,,,firms,VIIRS,VIIRS_NOAA21_NRT
-2.87434,115.26246,2025-06-07,1726,N21,n,2.0NRT,1.84,N,0.52,0.42,,,,,,firms,VIIRS,VIIRS_NOAA21_NRT
-2.21328,115.49915,2025-06-07,1726,N21,n,2.0NRT,2.42,N,0.52,0.41,,,,,,firms,VIIRS,VIIRS_NOAA21_NRT
-2.20951,115.49977,2025-06-07,1726,N21,n,2.0NRT,1.55,N,0.52,0.41,,,,,,firms,VIIRS,VIIRS_NOAA21_NRT
-2.17078,115.57154,2025-06-07,1726,N21,n,2.0NRT,1.17,N,0.51,0.41,,,,,,firms,VIIRS,VIIRS_NOAA21_NRT
-2.16663,115.57484,2025-06-07,1726,N21,n,2.0NRT,0.99,N,0.51,0.41,,,,,,firms,VIIRS,VIIRS_NOAA21_NRT
-1.36277,112.81519,2025-06-07,1726,N21,n,2.0NRT,1.12,N,0.53,0.5,,,,,,firms,VIIRS,VIIRS_NOAA21_NRT
-0.91215,117.11247,2025-06-07,1726,N21,n,2.0NRT,0.94,N,0.44,0.39,,,,,,firms,VIIRS,VIIRS_NOAA21_NRT
-0.58405,117.38463,2025-06-07,1726,N21,n,2.0NRT,0.56,N,0.43,0.38,,,,,,firms,VIIRS,VIIRS_NOAA21_NRT
-8.92363,116.76121,2025-06-07,1728,N21,n,2.0NRT,1.08,N,0.4,0.37,,,,,,firms,VIIRS,VIIRS_NOAA21_NRT
-8.48103,118.18056,2025-06-07,1728,N21,n,2.0NRT,1.01,N,0.38,0.36,,,,,,firms,VIIRS,VIIRS_NOAA21_NRT
-8.48019,117.24738,2025-06-07,1728,N21,n,2.0NRT,0.67,N,0.39,0.36,,,,,,firms,VIIRS,VIIRS_NOAA21_NRT
-8.11163,112.923,2025-06-07,1728,N21,n,2.0NRT,1.17,N,0.41,0.45,,,,,,firms,VIIRS,VIIRS_NOAA21_NRT
-7.7033,108.99332,2025-06-07,1728,N21,n,2.0NRT,1.45,N,0.38,0.59,,,,,,firms,VIIRS,VIIRS_NOAA21_NRT
-7.69262,108.9952,2025-06-07,1728,N21,n,2.0NRT,1.05,N,0.38,0.59,,,,,,firms,VIIRS,VIIRS_NOAA21_NRT
-7.23991,109.21,2025-06-07,1728,N21,n,2.0NRT,0.42,N,0.38,0.58,,,,,,firms,VIIRS,VIIRS_NOAA21_NRT
-6.5506,108.09496,2025-06-07,1728,N21,n,2.0NRT,1.43,N,0.46,0.63,,,,,,firms,VIIRS,VIIRS_NOAA21_NRT
-6.54971,108.09389,2025-06-07,1728,N21,n,2.0NRT,1.74,N,0.46,0.63,,,,,,firms,VIIRS,VIIRS_NOAA21_NRT
-6.47713,106.89965,2025-06-07,1728,N21,n,2.0NRT,1.74,N,0.55,0.68,,,,,,firms,VIIRS,VIIRS_NOAA21_NRT
-3.3317,104.36156,2025-06-07,1906,N21,n,2.0NRT,5.23,N,0.47,0.64,,,,,,firms,VIIRS,VIIRS_NOAA21_NRT
-2.1573,100.993,2025-06-07,1906,N21,n,2.0NRT,0.8,N,0.52,0.5,,,,,,firms,VIIRS,VIIRS_NOAA21_NRT
-1.17566,103.35793,2025-06-07,1906,N21,n,2.0NRT,0.92,N,0.37,0.58,,,,,,firms,VIIRS,VIIRS_NOAA21_NRT
-1.16738,103.33939,2025-06-07,1906,N21,n,2.0NRT,1.06,N,0.37,0.58,,,,,,firms,VIIRS,VIIRS_NOAA21_NRT
2.21426,103.57386,2025-06-07,1906,N21,n,2.0NRT,1.51,N,0.34,0.56,,,,,,firms,VIIRS,VIIRS_NOAA21_NRT
2.21565,103.57413,2025-06-07,1906,N21,n,2.0NRT,0.8,N,0.34,0.56,,,,,,firms,VIIRS,VIIRS_NOAA21_NRT
-2.59258,140.47408,2025-06-08,423,N21,n,2.0NRT,2.14,D,0.38,0.43,,,,,,firms,VIIRS,VIIRS_NOAA21_NRT
0.8857,123.2207,2025-06-08,425,N21,n,2.0NRT,12.56,D,0.56,0.69,,,,,,firms,VIIRS,VIIRS_NOAA21_NRT
0.88989,123.22342,2025-06-08,425,N21,n,2.0NRT,7.54,D,0.56,0.69,,,,,,firms,VIIRS,VIIRS_NOAA21_NRT
1.49174,127.62901,2025-06-08,425,N21,n,2.0NRT,7.85,D,0.54,0.51,,,,,,firms,VIIRS,VIIRS_NOAA21_NRT
1.49258,127.63419,2025-06-08,425,N21,l,2.0NRT,9.93,D,0.54,0.51,,,,,,firms,VIIRS,VIIRS_NOAA21_NRT
1.49333,127.63268,2025-06-08,425,N21,n,2.0NRT,11.43,D,0.54,0.51,,,,,,firms,VIIRS,VIIRS_NOAA21_NRT
-10.0082,120.72014,2025-06-08,601,N21,n,2.0NRT,6.95,D,0.34,0.56,,,,,,firms,VIIRS,VIIRS_NOAA21_NRT
-10.00762,120.72327,2025-06-08,601,N21,n,2.0NRT,5.66,D,0.34,0.56,,,,,,firms,VIIRS,VIIRS_NOAA21_NRT
-9.75342,120.45026,2025-06-08,601,N21,n,2.0NRT,3.91,D,0.33,0.55,,,,,,firms,VIIRS,VIIRS_NOAA21_NRT
-9.74325,120.50631,2025-06-08,601,N21,n,2.0NRT,4.13,D,0.34,0.56,,,,,,firms,VIIRS,VIIRS_NOAA21_NRT
-9.7427,120.50935,2025-06-08,601,N21,n,2.0NRT,4.13,D,0.34,0.56,,,,,,firms,VIIRS,VIIRS_NOAA21_NRT
-9.74214,120.51237,2025-06-08,601,N21,n,2.0NRT,4.78,D,0.34,0.56,,,,,,firms,VIIRS,VIIRS_NOAA21_NRT
-9.53502,120.14519,2025-06-08,603,N21,n,2.0NRT,2.35,D,0.32,0.55,,,,,,firms,VIIRS,VIIRS_NOAA21_NRT
-9.37843,119.43729,2025-06-08,603,N21,n,2.0NRT,4.66,D,0.58,0.52,,,,,,firms,VIIRS,VIIRS_NOAA21_NRT
-9.37364,119.43659,2025-06-08,603,N21,n,2.0NRT,4.66,D,0.58,0.52,,,,,,firms,VIIRS,VIIRS_NOAA21_NRT
-9.36023,119.88923,2025-06-08,603,N21,n,2.0NRT,5.9,D,0.62,0.54,,,,,,firms,VIIRS,VIIRS_NOAA21_NRT
-9.35852,119.88826,2025-06-08,603,N21,n,2.0NRT,4.4,D,0.62,0.54,,,,,,firms,VIIRS,VIIRS_NOAA21_NRT
-9.35822,119.90018,2025-06-08,603,N21,n,2.0NRT,6.43,D,0.62,0.54,,,,,,firms,VIIRS,VIIRS_NOAA21_NRT
-8.27568,123.52023,2025-06-08,603,N21,n,2.0NRT,21.85,D,0.57,0.69,,,,,,firms,VIIRS,VIIRS_NOAA21_NRT
-8.27474,123.50927,2025-06-08,603,N21,n,2.0NRT,31.43,D,0.57,0.69,,,,,,firms,VIIRS,VIIRS_NOAA21_NRT
-8.27199,123.52435,2025-06-08,603,N21,h,2.0NRT,52.03,D,0.57,0.69,,,,,,firms,VIIRS,VIIRS_NOAA21_NRT
-8.27092,123.51096,2025-06-08,603,N21,n,2.0NRT,21.85,D,0.57,0.69,,,,,,firms,VIIRS,VIIRS_NOAA21_NRT
-8.26714,123.53072,2025-06-08,603,N21,l,2.0NRT,21.85,D,0.57,0.69,,,,,,firms,VIIRS,VIIRS_NOAA21_NRT
-7.9217,114.40733,2025-06-08,603,N21,n,2.0NRT,3.19,D,0.45,0.39,,,,,,firms,VIIRS,VIIRS_NOAA21_NRT
-7.35399,111.08936,2025-06-08,603,N21,n,2.0NRT,3.45,D,0.38,0.36,,,,,,firms,VIIRS,VIIRS_NOAA21_NRT
-6.83986,108.50421,2025-06-08,603,N21,n,2.0NRT,3.8,D,0.44,0.39,,,,,,firms,VIIRS,VIIRS_NOAA21_NRT
-6.7261,108.46587,2025-06-08,603,N21,n,2.0NRT,5.16,D,0.44,0.39,,,,,,firms,VIIRS,VIIRS_NOAA21_NRT
-6.58725,108.12728,2025-06-08,603,N21,n,2.0NRT,3.18,D,0.46,0.39,,,,,,firms,VIIRS,VIIRS_NOAA21_NRT
-6.40737,107.45922,2025-06-08,603,N21,l,2.0NRT,4.28,D,0.49,0.4,,,,,,firms,VIIRS,VIIRS_NOAA21_NRT
-6.00909,105.98286,2025-06-08,603,N21,n,2.0NRT,5.43,D,0.39,0.44,,,,,,firms,VIIRS,VIIRS_NOAA21_NRT
-5.24036,104.7861,2025-06-08,603,N21,n,2.0NRT,3.26,D,0.46,0.47,,,,,,firms,VIIRS,VIIRS_NOAA21_NRT
-5.01089,105.61068,2025-06-08,603,N21,n,2.0NRT,14.79,D,0.4,0.45,,,,,,firms,VIIRS,VIIRS_NOAA21_NRT
-4.76995,105.17639,2025-06-08,603,N21,n,2.0NRT,4.7,D,0.43,0.46,,,,,,firms,VIIRS,VIIRS_NOAA21_NRT
-4.74036,103.32778,2025-06-08,603,N21,n,2.0NRT,4.11,D,0.57,0.52,,,,,,firms,VIIRS,VIIRS_NOAA21_NRT
-4.57011,103.79077,2025-06-08,603,N21,n,2.0NRT,14.11,D,0.53,0.5,,,,,,firms,VIIRS,VIIRS_NOAA21_NRT
-4.48387,105.88228,2025-06-08,603,N21,n,2.0NRT,6.19,D,0.57,0.43,,,,,,firms,VIIRS,VIIRS_NOAA21_NRT
-4.35787,105.46718,2025-06-08,603,N21,n,2.0NRT,4.74,D,0.4,0.45,,,,,,firms,VIIRS,VIIRS_NOAA21_NRT
-3.80633,103.8185,2025-06-08,605,N21,n,2.0NRT,5.69,D,0.51,0.49,,,,,,firms,VIIRS,VIIRS_NOAA21_NRT
-3.10331,101.90121,2025-06-08,605,N21,n,2.0NRT,10.13,D,0.34,0.56,,,,,,firms,VIIRS,VIIRS_NOAA21_NRT
-2.81991,111.20307,2025-06-08,605,N21,n,2.0NRT,2.49,D,0.39,0.36,,,,,,firms,VIIRS,VIIRS_NOAA21_NRT
-2.68608,112.21227,2025-06-08,605,N21,n,2.0NRT,20.91,D,0.41,0.37,,,,,,firms,VIIRS,VIIRS_NOAA21_NRT
-2.54681,102.02937,2025-06-08,605,N21,n,2.0NRT,2.58,D,0.33,0.55,,,,,,firms,VIIRS,VIIRS_NOAA21_NRT
-2.52014,111.14172,2025-06-08,605,N21,n,2.0NRT,4.35,D,0.39,0.36,,,,,,firms,VIIRS,VIIRS_NOAA21_NRT
-2.37531,111.06541,2025-06-08,605,N21,n,2.0NRT,2.97,D,0.39,0.36,,,,,,firms,VIIRS,VIIRS_NOAA21_NRT
-2.36248,110.77169,2025-06-08,605,N21,n,2.0NRT,4.22,D,0.39,0.36,,,,,,firms,VIIRS,VIIRS_NOAA21_NRT
-2.35917,110.77119,2025-06-08,605,N21,n,2.0NRT,4.22,D,0.39,0.36,,,,,,firms,VIIRS,VIIRS_NOAA21_NRT
-2.35149,110.7771,2025-06-08,605,N21,n,2.0NRT,3.62,D,0.39,0.36,,,,,,firms,VIIRS,VIIRS_NOAA21_NRT
-2.35096,110.78056,2025-06-08,605,N21,n,2.0NRT,4.62,D,0.39,0.36,,,,,,firms,VIIRS,VIIRS_NOAA21_NRT
-2.34722,110.26898,2025-06-08,605,N21,n,2.0NRT,2.43,D,0.38,0.36,,,,,,firms,VIIRS,VIIRS_NOAA21_NRT
-2.31961,111.05276,2025-06-08,605,N21,n,2.0NRT,8.47,D,0.39,0.36,,,,,,firms,VIIRS,VIIRS_NOAA21_NRT
-2.30644,100.90081,2025-06-08,605,N21,n,2.0NRT,10.2,D,0.39,0.59,,,,,,firms,VIIRS,VIIRS_NOAA21_NRT
-2.30593,100.90423,2025-06-08,605,N21,l,2.0NRT,13.86,D,0.39,0.59,,,,,,firms,VIIRS,VIIRS_NOAA21_NRT
-2.29445,110.66248,2025-06-08,605,N21,n,2.0NRT,33.74,D,0.39,0.36,,,,,,firms,VIIRS,VIIRS_NOAA21_NRT
-2.22999,101.058,2025-06-08,605,N21,n,2.0NRT,4.2,D,0.38,0.58,,,,,,firms,VIIRS,VIIRS_NOAA21_NRT
-2.19864,110.90959,2025-06-08,605,N21,n,2.0NRT,2.65,D,0.39,0.36,,,,,,firms,VIIRS,VIIRS_NOAA21_NRT
-2.15774,100.99301,2025-06-08,605,N21,n,2.0NRT,15.92,D,0.38,0.59,,,,,,firms,VIIRS,VIIRS_NOAA21_NRT
-2.15723,100.9964,2025-06-08,605,N21,l,2.0NRT,15.92,D,0.38,0.59,,,,,,firms,VIIRS,VIIRS_NOAA21_NRT
-2.15186,100.99567,2025-06-08,605,N21,n,2.0NRT,15.92,D,0.38,0.59,,,,,,firms,VIIRS,VIIRS_NOAA21_NRT
-2.1454,101.03925,2025-06-08,605,N21,n,2.0NRT,10.76,D,0.38,0.58,,,,,,firms,VIIRS,VIIRS_NOAA21_NRT
-2.14491,101.04262,2025-06-08,605,N21,l,2.0NRT,10.76,D,0.38,0.58,,,,,,firms,VIIRS,VIIRS_NOAA21_NRT
-2.09992,110.75571,2025-06-08,605,N21,n,2.0NRT,2.43,D,0.39,0.36,,,,,,firms,VIIRS,VIIRS_NOAA21_NRT
-2.0456,110.82105,2025-06-08,605,N21,n,2.0NRT,19.81,D,0.39,0.36,,,,,,firms,VIIRS,VIIRS_NOAA21_NRT
-1.99804,111.28629,2025-06-08,605,N21,n,2.0NRT,13.28,D,0.39,0.37,,,,,,firms,VIIRS,VIIRS_NOAA21_NRT
-1.92702,111.41985,2025-06-08,605,N21,n,2.0NRT,21.46,D,0.4,0.37,,,,,,firms,VIIRS,VIIRS_NOAA21_NRT
-1.91675,111.12944,2025-06-08,605,N21,n,2.0NRT,3.66,D,0.39,0.36,,,,,,firms,VIIRS,VIIRS_NOAA21_NRT
-1.91594,114.14989,2025-06-08,605,N21,n,2.0NRT,3.23,D,0.52,0.41,,,,,,firms,VIIRS,VIIRS_NOAA21_NRT
-1.91519,111.27313,2025-06-08,605,N21,n,2.0NRT,15.25,D,0.39,0.37,,,,,,firms,VIIRS,VIIRS_NOAA21_NRT
-1.91465,111.27666,2025-06-08,605,N21,n,2.0NRT,5.81,D,0.39,0.37,,,,,,firms,VIIRS,VIIRS_NOAA21_NRT
-1.9113,111.27616,2025-06-08,605,N21,n,2.0NRT,10.45,D,0.39,0.37,,,,,,firms,VIIRS,VIIRS_NOAA21_NRT
-1.89492,115.86314,2025-06-08,605,N21,n,2.0NRT,10.14,D,0.44,0.46,,,,,,firms,VIIRS,VIIRS_NOAA21_NRT
-1.81987,111.32003,2025-06-08,605,N21,n,2.0NRT,8.27,D,0.4,0.37,,,,,,firms,VIIRS,VIIRS_NOAA21_NRT
-1.70065,112.57276,2025-06-08,605,N21,n,2.0NRT,14.74,D,0.43,0.38,,,,,,firms,VIIRS,VIIRS_NOAA21_NRT
-1.63501,111.0171,2025-06-08,605,N21,n,2.0NRT,2.29,D,0.39,0.36,,,,,,firms,VIIRS,VIIRS_NOAA21_NRT
-1.47623,112.99415,2025-06-08,605,N21,n,2.0NRT,17.85,D,0.45,0.39,,,,,,firms,VIIRS,VIIRS_NOAA21_NRT
-1.46597,113.01337,2025-06-08,605,N21,n,2.0NRT,4.12,D,0.46,0.39,,,,,,firms,VIIRS,VIIRS_NOAA21_NRT
-1.42371,113.55617,2025-06-08,605,N21,n,2.0NRT,6.94,D,0.48,0.4,,,,,,firms,VIIRS,VIIRS_NOAA21_NRT
-1.3966,113.92423,2025-06-08,605,N21,n,2.0NRT,7.43,D,0.51,0.41,,,,,,firms,VIIRS,VIIRS_NOAA21_NRT
-1.38149,112.73752,2025-06-08,605,N21,n,2.0NRT,12.27,D,0.44,0.39,,,,,,firms,VIIRS,VIIRS_NOAA21_NRT
-1.36277,112.8121,2025-06-08,605,N21,n,2.0NRT,3.28,D,0.45,0.39,,,,,,firms,VIIRS,VIIRS_NOAA21_NRT
-1.32381,113.16048,2025-06-08,605,N21,n,2.0NRT,4.85,D,0.46,0.39,,,,,,firms,VIIRS,VIIRS_NOAA21_NRT
-1.3202,113.15993,2025-06-08,605,N21,n,2.0NRT,4.85,D,0.46,0.39,,,,,,firms,VIIRS,VIIRS_NOAA21_NRT
-1.16237,113.90955,2025-06-08,605,N21,n,2.0NRT,15.36,D,0.51,0.41,,,,,,firms,VIIRS,VIIRS_NOAA21_NRT
-1.10444,113.73184,2025-06-08,605,N21,n,2.0NRT,6.69,D,0.5,0.41,,,,,,firms,VIIRS,VIIRS_NOAA21_NRT
-0.56316,100.66648,2025-06-08,605,N21,n,2.0NRT,5.47,D,0.38,0.59,,,,,,firms,VIIRS,VIIRS_NOAA21_NRT
-0.48127,109.22305,2025-06-08,605,N21,n,2.0NRT,1.54,D,0.39,0.36,,,,,,firms,VIIRS,VIIRS_NOAA21_NRT
-0.45863,100.12466,2025-06-08,605,N21,n,2.0NRT,5.12,D,0.41,0.61,,,,,,firms,VIIRS,VIIRS_NOAA21_NRT
-0.3704,103.05714,2025-06-08,605,N21,n,2.0NRT,6.93,D,0.51,0.49,,,,,,firms,VIIRS,VIIRS_NOAA21_NRT
-0.1856,103.4357,2025-06-08,605,N21,n,2.0NRT,5.57,D,0.48,0.48,,,,,,firms,VIIRS,VIIRS_NOAA21_NRT
0.20258,109.73862,2025-06-08,605,N21,n,2.0NRT,6.95,D,0.38,0.36,,,,,,firms,VIIRS,VIIRS_NOAA21_NRT
0.27996,100.46339,2025-06-08,605,N21,n,2.0NRT,7.12,D,0.38,0.59,,,,,,firms,VIIRS,VIIRS_NOAA21_NRT
0.37798,109.52866,2025-06-08,605,N21,n,2.0NRT,2.31,D,0.38,0.36,,,,,,firms,VIIRS,VIIRS_NOAA21_NRT
0.40352,99.7131,2025-06-08,605,N21,n,2.0NRT,2.28,D,0.43,0.62,,,,,,firms,VIIRS,VIIRS_NOAA21_NRT
0.62875,99.99451,2025-06-08,605,N21,n,2.0NRT,4.42,D,0.4,0.6,,,,,,firms,VIIRS,VIIRS_NOAA21_NRT
0.62925,99.99776,2025-06-08,605,N21,n,2.0NRT,4.42,D,0.4,0.6,,,,,,firms,VIIRS,VIIRS_NOAA21_NRT
0.62968,99.99596,2025-06-08,605,N21,h,2.0NRT,15.3,D,0.4,0.6,,,,,,firms,VIIRS,VIIRS_NOAA21_NRT
0.6851,100.2362,2025-06-08,605,N21,n,2.0NRT,4.0,D,0.39,0.59,,,,,,firms,VIIRS,VIIRS_NOAA21_NRT
0.71848,99.98872,2025-06-08,605,N21,n,2.0NRT,5.16,D,0.4,0.6,,,,,,firms,VIIRS,VIIRS_NOAA21_NRT
0.71919,99.98932,2025-06-08,605,N21,n,2.0NRT,5.34,D,0.4,0.6,,,,,,firms,VIIRS,VIIRS_NOAA21_NRT
0.73447,100.09155,2025-06-08,605,N21,n,2.0NRT,5.43,D,0.4,0.6,,,,,,firms,VIIRS,VIIRS_NOAA21_NRT
0.73586,100.09164,2025-06-08,605,N21,n,2.0NRT,5.95,D,0.39,0.6,,,,,,firms,VIIRS,VIIRS_NOAA21_NRT
0.82484,109.2514,2025-06-08,605,N21,n,2.0NRT,3.13,D,0.38,0.36,,,,,,firms,VIIRS,VIIRS_NOAA21_NRT
1.3722,101.22235,2025-06-08,605,N21,n,2.0NRT,2.38,D,0.32,0.55,,,,,,firms,VIIRS,VIIRS_NOAA21_NRT
1.37647,104.15865,2025-06-08,605,N21,n,2.0NRT,3.6,D,0.41,0.45,,,,,,firms,VIIRS,VIIRS_NOAA21_NRT
1.93718,109.52349,2025-06-08,605,N21,n,2.0NRT,6.73,D,0.38,0.36,,,,,,firms,VIIRS,VIIRS_NOAA21_NRT
1.9377,109.52692,2025-06-08,605,N21,n,2.0NRT,6.73,D,0.38,0.36,,,,,,firms,VIIRS,VIIRS_NOAA21_NRT
1.66251,100.22147,2025-06-08,608,N21,n,2.0NRT,3.19,D,0.37,0.58,,,,,,firms,VIIRS,VIIRS_NOAA21_NRT
1.95664,99.38577,2025-06-08,608,N21,n,2.0NRT,8.64,D,0.42,0.61,,,,,,firms,VIIRS,VIIRS_NOAA21_NRT
-2.88196,122.15312,2025-06-08,1705,N21,n,2.0NRT,1.0,N,0.42,0.37,,,,,,firms,VIIRS,VIIRS_NOAA21_NRT
-2.88026,122.16456,2025-06-08,1705,N21,n,2.0NRT,0.77,N,0.42,0.37,,,,,,firms,VIIRS,VIIRS_NOAA21_NRT
-2.87968,122.16091,2025-06-08,1705,N21,n,2.0NRT,0.77,N,0.42,0.37,,,,,,firms,VIIRS,VIIRS_NOAA21_NRT
-2.87911,122.15723,2025-06-08,1705,N21,n,2.0NRT,1.0,N,0.42,0.37,,,,,,firms,VIIRS,VIIRS_NOAA21_NRT
-2.87684,122.16508,2025-06-08,1705,N21,n,2.0NRT,0.99,N,0.42,0.37,,,,,,firms,VIIRS,VIIRS_NOAA21_NRT
-2.87626,122.16142,2025-06-08,1705,N21,n,2.0NRT,0.99,N,0.42,0.37,,,,,,firms,VIIRS,VIIRS_NOAA21_NRT
-2.86427,122.15196,2025-06-08,1705,N21,n,2.0NRT,0.75,N,0.42,0.37,,,,,,firms,VIIRS,VIIRS_NOAA21_NRT
-2.86201,122.15979,2025-06-08,1705,N21,n,2.0NRT,1.2,N,0.42,0.37,,,,,,firms,VIIRS,VIIRS_NOAA21_NRT
-2.86085,122.15246,2025-06-08,1705,N21,n,2.0NRT,0.63,N,0.42,0.37,,,,,,firms,VIIRS,VIIRS_NOAA21_NRT
-2.82959,122.17607,2025-06-08,1705,N21,n,2.0NRT,2.04,N,0.41,0.37,,,,,,firms,VIIRS,VIIRS_NOAA21_NRT
-2.829,122.17236,2025-06-08,1705,N21,n,2.0NRT,2.67,N,0.42,0.37,,,,,,firms,VIIRS,VIIRS_NOAA21_NRT
-2.82263,122.15434,2025-06-08,1705,N21,n,2.0NRT,1.14,N,0.42,0.37,,,,,,firms,VIIRS,VIIRS_NOAA21_NRT
-2.58265,121.37932,2025-06-08,1705,N21,n,2.0NRT,2.46,N,0.45,0.39,,,,,,firms,VIIRS,VIIRS_NOAA21_NRT
-2.58202,121.3754,2025-06-08,1705,N21,n,2.0NRT,2.46,N,0.45,0.39,,,,,,firms,VIIRS,VIIRS_NOAA21_NRT
-2.57912,121.37989,2025-06-08,1705,N21,n,2.0NRT,8.74,N,0.45,0.39,,,,,,firms,VIIRS,VIIRS_NOAA21_NRT
-2.57849,121.37598,2025-06-08,1705,N21,n,2.0NRT,8.74,N,0.45,0.39,,,,,,firms,VIIRS,VIIRS_NOAA21_NRT
-2.57786,121.37206,2025-06-08,1705,N21,n,2.0NRT,0.88,N,0.45,0.39,,,,,,firms,VIIRS,VIIRS_NOAA21_NRT
-2.57559,121.38049,2025-06-08,1705,N21,n,2.0NRT,8.74,N,0.45,0.39,,,,,,firms,VIIRS,VIIRS_NOAA21_NRT
-2.57496,121.37655,2025-06-08,1705,N21,n,2.0NRT,8.74,N,0.45,0.39,,,,,,firms,VIIRS,VIIRS_NOAA21_NRT
-2.57433,121.37264,2025-06-08,1705,N21,n,2.0NRT,0.88,N,0.45,0.39,,,,,,firms,VIIRS,VIIRS_NOAA21_NRT
-2.21258,115.5009,2025-06-08,1705,N21,n,2.0NRT,2.38,N,0.35,0.57,,,,,,firms,VIIRS,VIIRS_NOAA21_NRT
-2.21206,115.49772,2025-06-08,1705,N21,n,2.0NRT,2.38,N,0.35,0.57,,,,,,firms,VIIRS,VIIRS_NOAA21_NRT
-2.1749,115.57237,2025-06-08,1705,N21,n,2.0NRT,0.69,N,0.35,0.57,,,,,,firms,VIIRS,VIIRS_NOAA21_NRT
-2.17112,115.57202,2025-06-08,1705,N21,n,2.0NRT,1.45,N,0.35,0.57,,,,,,firms,VIIRS,VIIRS_NOAA21_NRT
-2.16973,115.57327,2025-06-08,1705,N21,n,2.0NRT,0.69,N,0.35,0.57,,,,,,firms,VIIRS,VIIRS_NOAA21_NRT
-2.16505,115.57722,2025-06-08,1705,N21,n,2.0NRT,2.06,N,0.35,0.57,,,,,,firms,VIIRS,VIIRS_NOAA21_NRT
-2.16457,115.57423,2025-06-08,1705,N21,n,2.0NRT,2.29,N,0.35,0.57,,,,,,firms,VIIRS,VIIRS_NOAA21_NRT
-2.06295,115.57059,2025-06-08,1705,N21,n,2.0NRT,1.2,N,0.35,0.57,,,,,,firms,VIIRS,VIIRS_NOAA21_NRT
-2.06157,115.5717,2025-06-08,1705,N21,n,2.0NRT,1.38,N,0.35,0.57,,,,,,firms,VIIRS,VIIRS_NOAA21_NRT
-1.89706,115.85966,2025-06-08,1705,N21,n,2.0NRT,1.14,N,0.34,0.56,,,,,,firms,VIIRS,VIIRS_NOAA21_NRT
-1.89654,115.86777,2025-06-08,1705,N21,n,2.0NRT,1.29,N,0.34,0.56,,,,,,firms,VIIRS,VIIRS_NOAA21_NRT
-1.8929,115.86639,2025-06-08,1705,N21,n,2.0NRT,2.54,N,0.34,0.56,,,,,,firms,VIIRS,VIIRS_NOAA21_NRT
-1.89243,115.86341,2025-06-08,1705,N21,n,2.0NRT,2.54,N,0.34,0.56,,,,,,firms,VIIRS,VIIRS_NOAA21_NRT
-1.24711,116.81156,2025-06-08,1705,N21,n,2.0NRT,4.38,N,0.6,0.53,,,,,,firms,VIIRS,VIIRS_NOAA21_NRT
1.69711,127.87987,2025-06-08,1705,N21,n,2.0NRT,2.96,N,0.44,0.39,,,,,,firms,VIIRS,VIIRS_NOAA21_NRT
1.69772,127.87601,2025-06-08,1705,N21,n,2.0NRT,2.96,N,0.44,0.39,,,,,,firms,VIIRS,VIIRS_NOAA21_NRT
1.70123,127.87658,2025-06-08,1705,N21,n,2.0NRT,21.48,N,0.44,0.39,,,,,,firms,VIIRS,VIIRS_NOAA21_NRT
4.68385,114.15993,2025-06-08,1705,N21,n,2.0NRT,4.67,N,0.56,0.69,,,,,,firms,VIIRS,VIIRS_NOAA21_NRT
4.68455,114.15488,2025-06-08,1705,N21,n,2.0NRT,4.67,N,0.56,0.69,,,,,,firms,VIIRS,VIIRS_NOAA21_NRT
4.68671,114.15845,2025-06-08,1705,N21,n,2.0NRT,6.03,N,0.56,0.69,,,,,,firms,VIIRS,VIIRS_NOAA21_NRT
4.68744,114.15342,2025-06-08,1705,N21,n,2.0NRT,4.69,N,0.56,0.69,,,,,,firms,VIIRS,VIIRS_NOAA21_NRT
4.7077,114.44396,2025-06-08,1705,N21,n,2.0NRT,3.45,N,0.54,0.68,,,,,,firms,VIIRS,VIIRS_NOAA21_NRT
4.70838,114.43915,2025-06-08,1705,N21,n,2.0NRT,3.45,N,0.54,0.68,,,,,,firms,VIIRS,VIIRS_NOAA21_NRT
-10.21704,123.55964,2025-06-08,1707,N21,n,2.0NRT,0.58,N,0.39,0.36,,,,,,firms,VIIRS,VIIRS_NOAA21_NRT
-8.92386,116.7617,2025-06-08,1707,N21,n,2.0NRT,0.97,N,0.45,0.47,,,,,,firms,VIIRS,VIIRS_NOAA21_NRT
-8.55956,122.07053,2025-06-08,1707,N21,n,2.0NRT,1.55,N,0.39,0.36,,,,,,firms,VIIRS,VIIRS_NOAA21_NRT
-8.48937,118.19976,2025-06-08,1707,N21,n,2.0NRT,1.6,N,0.56,0.43,,,,,,firms,VIIRS,VIIRS_NOAA21_NRT
-8.48081,118.29472,2025-06-08,1707,N21,n,2.0NRT,0.32,N,0.55,0.43,,,,,,firms,VIIRS,VIIRS_NOAA21_NRT
-8.36876,117.89132,2025-06-08,1707,N21,n,2.0NRT,0.77,N,0.39,0.44,,,,,,firms,VIIRS,VIIRS_NOAA21_NRT
-8.28136,123.50874,2025-06-08,1707,N21,n,2.0NRT,10.13,N,0.39,0.36,,,,,,firms,VIIRS,VIIRS_NOAA21_NRT
-8.28082,123.5052,2025-06-08,1707,N21,n,2.0NRT,6.94,N,0.39,0.36,,,,,,firms,VIIRS,VIIRS_NOAA21_NRT
-8.27751,123.50562,2025-06-08,1707,N21,n,2.0NRT,6.94,N,0.39,0.36,,,,,,firms,VIIRS,VIIRS_NOAA21_NRT
-8.27474,123.50963,2025-06-08,1707,N21,n,2.0NRT,4.82,N,0.39,0.36,,,,,,firms,VIIRS,VIIRS_NOAA21_NRT
-8.2742,123.50607,2025-06-08,1707,N21,n,2.0NRT,17.99,N,0.39,0.36,,,,,,firms,VIIRS,VIIRS_NOAA21_NRT
-8.27366,123.50261,2025-06-08,1707,N21,n,2.0NRT,17.99,N,0.39,0.36,,,,,,firms,VIIRS,VIIRS_NOAA21_NRT
-8.27144,123.51011,2025-06-08,1707,N21,n,2.0NRT,4.82,N,0.39,0.36,,,,,,firms,VIIRS,VIIRS_NOAA21_NRT
-8.2709,123.50655,2025-06-08,1707,N21,n,2.0NRT,17.99,N,0.39,0.36,,,,,,firms,VIIRS,VIIRS_NOAA21_NRT
-8.27036,123.50308,2025-06-08,1707,N21,n,2.0NRT,17.99,N,0.39,0.36,,,,,,firms,VIIRS,VIIRS_NOAA21_NRT
-3.90391,122.41907,2025-06-08,1707,N21,n,2.0NRT,2.46,N,0.4,0.37,,,,,,firms,VIIRS,VIIRS_NOAA21_NRT
-3.90335,122.41547,2025-06-08,1707,N21,n,2.0NRT,2.05,N,0.4,0.37,,,,,,firms,VIIRS,VIIRS_NOAA21_NRT
-3.87137,122.40943,2025-06-08,1707,N21,n,2.0NRT,2.31,N,0.4,0.37,,,,,,firms,VIIRS,VIIRS_NOAA21_NRT
-3.8708,122.40585,2025-06-08,1707,N21,n,2.0NRT,1.98,N,0.4,0.37,,,,,,firms,VIIRS,VIIRS_NOAA21_NRT
-3.87023,122.40225,2025-06-08,1707,N21,n,2.0NRT,1.98,N,0.4,0.37,,,,,,firms,VIIRS,VIIRS_NOAA21_NRT
-2.9453,115.23305,2025-06-08,1707,N21,n,2.0NRT,0.33,N,0.36,0.57,,,,,,firms,VIIRS,VIIRS_NOAA21_NRT
0.49118,127.98391,2025-06-08,1707,N21,n,2.0NRT,3.21,N,0.46,0.39,,,,,,firms,VIIRS,VIIRS_NOAA21_NRT
0.50874,127.89471,2025-06-08,1707,N21,n,2.0NRT,3.02,N,0.46,0.39,,,,,,firms,VIIRS,VIIRS_NOAA21_NRT
1.16643,117.67908,2025-06-08,1707,N21,n,2.0NRT,1.14,N,0.57,0.52,,,,,,firms,VIIRS,VIIRS_NOAA21_NRT
1.49311,127.63377,2025-06-08,1707,N21,n,2.0NRT,4.01,N,0.44,0.38,,,,,,firms,VIIRS,VIIRS_NOAA21_NRT
3.52611,113.31299,2025-06-08,1707,N21,n,2.0NRT,1.59,N,0.62,0.71,,,,,,firms,VIIRS,VIIRS_NOAA21_NRT
3.53525,113.3423,2025-06-08,1707,N21,n,2.0NRT,0.81,N,0.62,0.71,,,,,,firms,VIIRS,VIIRS_NOAA21_NRT
0.68202,101.11819,2025-06-08,1845,N21,n,2.0NRT,0.34,N,0.4,0.37,,,,,,firms,VIIRS,VIIRS_NOAA21_NRT
0.82572,100.91734,2025-06-08,1845,N21,n,2.0NRT,0.83,N,0.4,0.37,,,,,,firms,VIIRS,VIIRS_NOAA21_NRT
0.84654,101.39184,2025-06-08,1845,N21,n,2.0NRT,1.01,N,0.41,0.37,,,,,,firms,VIIRS,VIIRS_NOAA21_NRT
1.07961,100.05605,2025-06-08,1845,N21,n,2.0NRT,0.67,N,0.39,0.36,,,,,,firms,VIIRS,VIIRS_NOAA21_NRT
1.09947,109.08923,2025-06-08,1845,N21,n,2.0NRT,0.8,N,0.4,0.6,,,,,,firms,VIIRS,VIIRS_NOAA21_NRT
1.10291,109.09137,2025-06-08,1845,N21,n,2.0NRT,1.33,N,0.4,0.6,,,,,,firms,VIIRS,VIIRS_NOAA21_NRT
1.17039,99.71258,2025-06-08,1845,N21,n,2.0NRT,2.41,N,0.38,0.36,,,,,,firms,VIIRS,VIIRS_NOAA21_NRT
1.17406,99.71691,2025-06-08,1845,N21,n,2.0NRT,8.59,N,0.38,0.36,,,,,,firms,VIIRS,VIIRS_NOAA21_NRT
1.19924,99.7068,2025-06-08,1845,N21,n,2.0NRT,1.41,N,0.38,0.36,,,,,,firms,VIIRS,VIIRS_NOAA21_NRT
1.28345,101.08321,2025-06-08,1845,N21,n,2.0NRT,0.7,N,0.4,0.37,,,,,,firms,VIIRS,VIIRS_NOAA21_NRT
1.28946,99.6472,2025-06-08,1845,N21,n,2.0NRT,3.76,N,0.38,0.36,,,,,,firms,VIIRS,VIIRS_NOAA21_NRT
1.3771,104.16158,2025-06-08,1845,N21,n,2.0NRT,1.45,N,0.55,0.42,,,,,,firms,VIIRS,VIIRS_NOAA21_NRT
1.37787,104.15674,2025-06-08,1845,N21,n,2.0NRT,1.45,N,0.55,0.42,,,,,,firms,VIIRS,VIIRS_NOAA21_NRT
1.59531,101.21513,2025-06-08,1845,N21,n,2.0NRT,0.74,N,0.4,0.37,,,,,,firms,VIIRS,VIIRS_NOAA21_NRT
1.5981,101.21922,2025-06-08,1845,N21,n,2.0NRT,0.93,N,0.4,0.37,,,,,,firms,VIIRS,VIIRS_NOAA21_NRT
1.59867,101.21565,2025-06-08,1845,N21,n,2.0NRT,1.65,N,0.4,0.37,,,,,,firms,VIIRS,VIIRS_NOAA21_NRT
1.67316,101.47729,2025-06-08,1845,N21,n,2.0NRT,1.79,N,0.41,0.37,,,,,,firms,VIIRS,VIIRS_NOAA21_NRT
2.73977,102.39392,2025-06-08,1845,N21,n,2.0NRT,0.8,N,0.43,0.38,,,,,,firms,VIIRS,VIIRS_NOAA21_NRT
3.27799,113.06751,2025-06-08,1845,N21,n,2.0NRT,9.07,N,0.69,0.74,,,,,,firms,VIIRS,VIIRS_NOAA21_NRT
3.99951,103.3464,2025-06-08,1845,N21,n,2.0NRT,1.47,N,0.46,0.39,,,,,,firms,VIIRS,VIIRS_NOAA21_NRT
4.02224,103.34166,2025-06-08,1845,N21,n,2.0NRT,1.91,N,0.46,0.39,,,,,,firms,VIIRS,VIIRS_NOAA21_NRT
4.50774,105.25056,2025-06-08,1845,N21,n,2.0NRT,3.5,N,0.38,0.44,,,,,,firms,VIIRS,VIIRS_NOAA21_NRT
4.55512,103.45918,2025-06-08,1845,N21,n,2.0NRT,4.53,N,0.46,0.39,,,,,,firms,VIIRS,VIIRS_NOAA21_NRT
-4.81696,105.70373,2025-06-08,1847,N21,n,2.0NRT,2.09,N,0.57,0.52,,,,,,firms,VIIRS,VIIRS_NOAA21_NRT
-4.15426,104.06683,2025-06-08,1847,N21,n,2.0NRT,1.07,N,0.43,0.46,,,,,,firms,VIIRS,VIIRS_NOAA21_NRT
-4.033,104.62579,2025-06-08,1847,N21,n,2.0NRT,0.67,N,0.47,0.47,,,,,,firms,VIIRS,VIIRS_NOAA21_NRT
-3.41241,104.14631,2025-06-08,1847,N21,n,2.0NRT,1.0,N,0.42,0.45,,,,,,firms,VIIRS,VIIRS_NOAA21_NRT
-2.30805,100.90339,2025-06-08,1847,N21,n,2.0NRT,0.82,N,0.42,0.37,,,,,,firms,VIIRS,VIIRS_NOAA21_NRT
-2.30463,100.90392,2025-06-08,1847,N21,n,2.0NRT,1.4,N,0.42,0.37,,,,,,firms,VIIRS,VIIRS_NOAA21_NRT
-1.57344,103.6851,2025-06-08,1847,N21,n,2.0NRT,1.17,N,0.56,0.43,,,,,,firms,VIIRS,VIIRS_NOAA21_NRT
-0.98745,103.33121,2025-06-08,1847,N21,n,2.0NRT,0.66,N,0.53,0.42,,,,,,firms,VIIRS,VIIRS_NOAA21_NRT
-0.93191,100.68485,2025-06-08,1847,N21,n,2.0NRT,1.0,N,0.4,0.37,,,,,,firms,VIIRS,VIIRS_NOAA21_NRT
-0.75173,102.24193,2025-06-08,1847,N21,n,2.0NRT,1.12,N,0.46,0.39,,,,,,firms,VIIRS,VIIRS_NOAA21_NRT
-0.74893,102.241,2025-06-08,1847,N21,n,2.0NRT,0.89,N,0.46,0.39,,,,,,firms,VIIRS,VIIRS_NOAA21_NRT
-0.52491,101.99223,2025-06-08,1847,N21,n,2.0NRT,0.7,N,0.44,0.39,,,,,,firms,VIIRS,VIIRS_NOAA21_NRT
-0.48742,102.47684,2025-06-08,1847,N21,n,2.0NRT,0.94,N,0.47,0.39,,,,,,firms,VIIRS,VIIRS_NOAA21_NRT
-7.70497,108.99763,2025-06-08,1849,N21,n,2.0NRT,4.01,N,0.53,0.67,,,,,,firms,VIIRS,VIIRS_NOAA21_NRT
-7.70436,108.9929,2025-06-08,1849,N21,n,2.0NRT,2.08,N,0.53,0.67,,,,,,firms,VIIRS,VIIRS_NOAA21_NRT
-8.32385,138.18939,2025-06-09,404,N21,n,2.0NRT,8.3,D,0.48,0.4,,,,,,firms,VIIRS,VIIRS_NOAA21_NRT
-8.32321,138.19374,2025-06-09,404,N21,n,2.0NRT,4.53,D,0.48,0.4,,,,,,firms,VIIRS,VIIRS_NOAA21_NRT
-8.247,138.07657,2025-06-09,404,N21,n,2.0NRT,5.06,D,0.49,0.4,,,,,,firms,VIIRS,VIIRS_NOAA21_NRT
-8.24635,138.08096,2025-06-09,404,N21,n,2.0NRT,5.06,D,0.49,0.4,,,,,,firms,VIIRS,VIIRS_NOAA21_NRT
-8.24551,138.07996,2025-06-09,404,N21,n,2.0NRT,10.01,D,0.49,0.4,,,,,,firms,VIIRS,VIIRS_NOAA21_NRT
-7.44572,138.59976,2025-06-09,404,N21,n,2.0NRT,7.17,D,0.45,0.39,,,,,,firms,VIIRS,VIIRS_NOAA21_NRT
-7.44513,138.60381,2025-06-09,404,N21,n,2.0NRT,8.86,D,0.45,0.39,,,,,,firms,VIIRS,VIIRS_NOAA21_NRT
-4.63258,136.86264,2025-06-09,404,N21,n,2.0NRT,4.39,D,0.51,0.41,,,,,,firms,VIIRS,VIIRS_NOAA21_NRT
-4.63226,136.86397,2025-06-09,404,N21,n,2.0NRT,2.66,D,0.51,0.41,,,,,,firms,VIIRS,VIIRS_NOAA21_NRT
-4.48567,139.50304,2025-06-09,404,N21,n,2.0NRT,3.29,D,0.4,0.37,,,,,,firms,VIIRS,VIIRS_NOAA21_NRT
-4.30273,139.86098,2025-06-09,404,N21,n,2.0NRT,7.15,D,0.39,0.36,,,,,,firms,VIIRS,VIIRS_NOAA21_NRT
-4.14001,138.95595,2025-06-09,404,N21,n,2.0NRT,13.98,D,0.41,0.37,,,,,,firms,VIIRS,VIIRS_NOAA21_NRT
-4.11893,138.93414,2025-06-09,404,N21,n,2.0NRT,3.28,D,0.41,0.37,,,,,,firms,VIIRS,VIIRS_NOAA21_NRT
-4.11607,138.92998,2025-06-09,404,N21,n,2.0NRT,2.91,D,0.41,0.37,,,,,,firms,VIIRS,VIIRS_NOAA21_NRT
-4.06491,138.94122,2025-06-09,404,N21,n,2.0NRT,2.73,D,0.41,0.37,,,,,,firms,VIIRS,VIIRS_NOAA21_NRT
-3.94687,138.81813,2025-06-09,404,N21,n,2.0NRT,2.16,D,0.41,0.37,,,,,,firms,VIIRS,VIIRS_NOAA21_NRT
-3.85516,139.31398,2025-06-09,404,N21,n,2.0NRT,4.26,D,0.4,0.37,,,,,,firms,VIIRS,VIIRS_NOAA21_NRT
-3.76964,139.36584,2025-06-09,404,N21,n,2.0NRT,4.31,D,0.4,0.37,,,,,,firms,VIIRS,VIIRS_NOAA21_NRT
-3.70662,137.95319,2025-06-09,404,N21,n,2.0NRT,5.46,D,0.44,0.39,,,,,,firms,VIIRS,VIIRS_NOAA21_NRT
-3.67762,139.04863,2025-06-09,404,N21,n,2.0NRT,2.53,D,0.4,0.37,,,,,,firms,VIIRS,VIIRS_NOAA21_NRT
-3.67665,139.07814,2025-06-09,404,N21,n,2.0NRT,6.37,D,0.4,0.37,,,,,,firms,VIIRS,VIIRS_NOAA21_NRT
-3.47789,138.08467,2025-06-09,404,N21,n,2.0NRT,4.35,D,0.44,0.38,,,,,,firms,VIIRS,VIIRS_NOAA21_NRT
-3.47658,138.0843,2025-06-09,404,N21,n,2.0NRT,4.16,D,0.43,0.38,,,,,,firms,VIIRS,VIIRS_NOAA21_NRT
-3.47224,138.26659,2025-06-09,404,N21,n,2.0NRT,16.28,D,0.43,0.38,,,,,,firms,VIIRS,VIIRS_NOAA21_NRT
-3.42536,138.13931,2025-06-09,404,N21,n,2.0NRT,9.2,D,0.43,0.38,,,,,,firms,VIIRS,VIIRS_NOAA21_NRT
-2.09758,133.64998,2025-06-09,406,N21,n,2.0NRT,12.12,D,0.5,0.49,,,,,,firms,VIIRS,VIIRS_NOAA21_NRT
-1.8197,136.75037,2025-06-09,406,N21,n,2.0NRT,6.37,D,0.48,0.4,,,,,,firms,VIIRS,VIIRS_NOAA21_NRT
-1.46023,127.4349,2025-06-09,406,N21,n,2.0NRT,12.27,D,0.67,0.74,,,,,,firms,VIIRS,VIIRS_NOAA21_NRT
1.49485,127.62791,2025-06-09,406,N21,n,2.0NRT,18.39,D,0.58,0.7,,,,,,firms,VIIRS,VIIRS_NOAA21_NRT
1.70119,127.8763,2025-06-09,406,N21,n,2.0NRT,7.8,D,0.56,0.69,,,,,,firms,VIIRS,VIIRS_NOAA21_NRT
5.95657,124.94145,2025-06-09,408,N21,n,2.0NRT,7.65,D,0.75,0.77,,,,,,firms,VIIRS,VIIRS_NOAA21_NRT
5.95722,124.93818,2025-06-09,408,N21,n,2.0NRT,13.82,D,0.76,0.77,,,,,,firms,VIIRS,VIIRS_NOAA21_NRT
-9.83405,120.60636,2025-06-09,544,N21,n,2.0NRT,3.89,D,0.5,0.41,,,,,,firms,VIIRS,VIIRS_NOAA21_NRT
-9.83038,123.75213,2025-06-09,544,N21,h,2.0NRT,20.15,D,0.53,0.5,,,,,,firms,VIIRS,VIIRS_NOAA21_NRT
-9.83033,123.75363,2025-06-09,544,N21,n,2.0NRT,18.43,D,0.53,0.5,,,,,,firms,VIIRS,VIIRS_NOAA21_NRT
-9.66483,119.57515,2025-06-09,544,N21,n,2.0NRT,5.3,D,0.45,0.39,,,,,,firms,VIIRS,VIIRS_NOAA21_NRT
-9.30693,119.94005,2025-06-09,544,N21,l,2.0NRT,7.07,D,0.47,0.4,,,,,,firms,VIIRS,VIIRS_NOAA21_NRT
-9.30472,119.93075,2025-06-09,544,N21,n,2.0NRT,4.49,D,0.47,0.4,,,,,,firms,VIIRS,VIIRS_NOAA21_NRT
-9.30247,119.92171,2025-06-09,544,N21,n,2.0NRT,6.61,D,0.47,0.4,,,,,,firms,VIIRS,VIIRS_NOAA21_NRT
-9.30177,119.92595,2025-06-09,544,N21,n,2.0NRT,23.83,D,0.47,0.4,,,,,,firms,VIIRS,VIIRS_NOAA21_NRT
-9.30106,119.93023,2025-06-09,544,N21,n,2.0NRT,23.83,D,0.47,0.4,,,,,,firms,VIIRS,VIIRS_NOAA21_NRT
-9.29881,119.92121,2025-06-09,544,N21,n,2.0NRT,6.61,D,0.47,0.4,,,,,,firms,VIIRS,VIIRS_NOAA21_NRT
-9.29811,119.92546,2025-06-09,544,N21,n,2.0NRT,23.83,D,0.47,0.4,,,,,,firms,VIIRS,VIIRS_NOAA21_NRT
-8.57572,122.1646,2025-06-09,544,N21,n,2.0NRT,7.79,D,0.44,0.46,,,,,,firms,VIIRS,VIIRS_NOAA21_NRT
-8.55714,122.12034,2025-06-09,544,N21,n,2.0NRT,6.83,D,0.43,0.46,,,,,,firms,VIIRS,VIIRS_NOAA21_NRT
-8.55643,122.1246,2025-06-09,544,N21,l,2.0NRT,4.35,D,0.43,0.46,,,,,,firms,VIIRS,VIIRS_NOAA21_NRT
-8.55218,122.12414,2025-06-09,544,N21,n,2.0NRT,4.35,D,0.43,0.46,,,,,,firms,VIIRS,VIIRS_NOAA21_NRT
-4.56388,121.94466,2025-06-09,546,N21,n,2.0NRT,5.73,D,0.49,0.48,,,,,,firms,VIIRS,VIIRS_NOAA21_NRT
-4.1338,121.8404,2025-06-09,546,N21,n,2.0NRT,8.83,D,0.49,0.48,,,,,,firms,VIIRS,VIIRS_NOAA21_NRT
-3.13341,103.9254,2025-06-09,546,N21,n,2.0NRT,3.41,D,0.53,0.67,,,,,,firms,VIIRS,VIIRS_NOAA21_NRT
-2.94707,115.17648,2025-06-09,546,N21,n,2.0NRT,6.06,D,0.38,0.36,,,,,,firms,VIIRS,VIIRS_NOAA21_NRT
-2.86979,107.92973,2025-06-09,546,N21,n,2.0NRT,6.22,D,0.55,0.51,,,,,,firms,VIIRS,VIIRS_NOAA21_NRT
-2.86742,107.9261,2025-06-09,546,N21,n,2.0NRT,8.04,D,0.55,0.51,,,,,,firms,VIIRS,VIIRS_NOAA21_NRT
-2.77564,118.7693,2025-06-09,546,N21,n,2.0NRT,3.81,D,0.49,0.41,,,,,,firms,VIIRS,VIIRS_NOAA21_NRT
-2.64614,119.22643,2025-06-09,546,N21,n,2.0NRT,5.12,D,0.53,0.42,,,,,,firms,VIIRS,VIIRS_NOAA21_NRT
-2.62877,121.51711,2025-06-09,546,N21,n,2.0NRT,3.72,D,0.49,0.49,,,,,,firms,VIIRS,VIIRS_NOAA21_NRT
-2.62557,121.51459,2025-06-09,546,N21,n,2.0NRT,1.98,D,0.49,0.49,,,,,,firms,VIIRS,VIIRS_NOAA21_NRT
-2.60207,121.46156,2025-06-09,546,N21,n,2.0NRT,5.71,D,0.49,0.48,,,,,,firms,VIIRS,VIIRS_NOAA21_NRT
-2.57936,121.37663,2025-06-09,546,N21,n,2.0NRT,41.04,D,0.48,0.48,,,,,,firms,VIIRS,VIIRS_NOAA21_NRT
-2.57865,121.38106,2025-06-09,546,N21,n,2.0NRT,41.04,D,0.48,0.48,,,,,,firms,VIIRS,VIIRS_NOAA21_NRT
-2.57427,121.38022,2025-06-09,546,N21,n,2.0NRT,41.04,D,0.48,0.48,,,,,,firms,VIIRS,VIIRS_NOAA21_NRT
-2.56988,121.37944,2025-06-09,546,N21,l,2.0NRT,5.88,D,0.48,0.48,,,,,,firms,VIIRS,VIIRS_NOAA21_NRT
-2.53672,121.55715,2025-06-09,546,N21,n,2.0NRT,14.18,D,0.49,0.49,,,,,,firms,VIIRS,VIIRS_NOAA21_NRT
-2.5265,121.56384,2025-06-09,546,N21,n,2.0NRT,11.29,D,0.5,0.49,,,,,,firms,VIIRS,VIIRS_NOAA21_NRT
-2.21208,115.4948,2025-06-09,546,N21,n,2.0NRT,2.86,D,0.39,0.36,,,,,,firms,VIIRS,VIIRS_NOAA21_NRT
-2.16136,105.8663,2025-06-09,546,N21,n,2.0NRT,4.82,D,0.37,0.58,,,,,,firms,VIIRS,VIIRS_NOAA21_NRT
-2.01313,121.41809,2025-06-09,546,N21,n,2.0NRT,7.8,D,0.49,0.49,,,,,,firms,VIIRS,VIIRS_NOAA21_NRT
-1.83923,105.4638,2025-06-09,546,N21,n,2.0NRT,2.17,D,0.39,0.59,,,,,,firms,VIIRS,VIIRS_NOAA21_NRT
-1.83744,105.46361,2025-06-09,546,N21,n,2.0NRT,1.38,D,0.39,0.59,,,,,,firms,VIIRS,VIIRS_NOAA21_NRT
-1.64152,116.42645,2025-06-09,546,N21,n,2.0NRT,15.37,D,0.4,0.37,,,,,,firms,VIIRS,VIIRS_NOAA21_NRT
-1.28009,121.20515,2025-06-09,546,N21,n,2.0NRT,7.12,D,0.49,0.49,,,,,,firms,VIIRS,VIIRS_NOAA21_NRT
-1.0758,119.94679,2025-06-09,546,N21,n,2.0NRT,3.14,D,0.41,0.45,,,,,,firms,VIIRS,VIIRS_NOAA21_NRT
-0.77745,120.1032,2025-06-09,546,N21,n,2.0NRT,4.42,D,0.42,0.45,,,,,,firms,VIIRS,VIIRS_NOAA21_NRT
-0.28814,117.2,2025-06-09,546,N21,n,2.0NRT,2.32,D,0.44,0.38,,,,,,firms,VIIRS,VIIRS_NOAA21_NRT
-0.19408,117.34055,2025-06-09,546,N21,n,2.0NRT,5.28,D,0.45,0.39,,,,,,firms,VIIRS,VIIRS_NOAA21_NRT
0.54583,120.42619,2025-06-09,546,N21,n,2.0NRT,4.2,D,0.46,0.47,,,,,,firms,VIIRS,VIIRS_NOAA21_NRT
-0.17721,110.31651,2025-06-09,548,N21,n,2.0NRT,3.84,D,0.53,0.42,,,,,,firms,VIIRS,VIIRS_NOAA21_NRT
-0.11903,110.23544,2025-06-09,548,N21,n,2.0NRT,5.37,D,0.53,0.42,,,,,,firms,VIIRS,VIIRS_NOAA21_NRT
0.00067,111.82888,2025-06-09,548,N21,n,2.0NRT,6.21,D,0.44,0.38,,,,,,firms,VIIRS,VIIRS_NOAA21_NRT
0.00373,109.51431,2025-06-09,548,N21,n,2.0NRT,3.45,D,0.39,0.44,,,,,,firms,VIIRS,VIIRS_NOAA21_NRT
0.13259,110.08691,2025-06-09,548,N21,n,2.0NRT,7.0,D,0.54,0.42,,,,,,firms,VIIRS,VIIRS_NOAA21_NRT
0.22295,100.60681,2025-06-09,548,N21,n,2.0NRT,7.56,D,0.8,0.78,,,,,,firms,VIIRS,VIIRS_NOAA21_NRT
0.80977,108.90643,2025-06-09,548,N21,n,2.0NRT,5.35,D,0.41,0.45,,,,,,firms,VIIRS,VIIRS_NOAA21_NRT
0.81389,108.9058,2025-06-09,548,N21,n,2.0NRT,5.35,D,0.41,0.45,,,,,,firms,VIIRS,VIIRS_NOAA21_NRT
0.96216,110.03912,2025-06-09,548,N21,n,2.0NRT,3.79,D,0.53,0.42,,,,,,firms,VIIRS,VIIRS_NOAA21_NRT
1.09336,117.11449,2025-06-09,548,N21,n,2.0NRT,3.16,D,0.45,0.39,,,,,,firms,VIIRS,VIIRS_NOAA21_NRT
1.18886,110.24757,2025-06-09,548,N21,n,2.0NRT,3.65,D,0.51,0.41,,,,,,firms,VIIRS,VIIRS_NOAA21_NRT
1.22716,111.85677,2025-06-09,548,N21,n,2.0NRT,6.36,D,0.43,0.38,,,,,,firms,VIIRS,VIIRS_NOAA21_NRT
1.67271,101.47501,2025-06-09,548,N21,n,2.0NRT,10.19,D,0.66,0.73,,,,,,firms,VIIRS,VIIRS_NOAA21_NRT
1.80186,103.19333,2025-06-09,548,N21,n,2.0NRT,8.05,D,0.5,0.65,,,,,,firms,VIIRS,VIIRS_NOAA21_NRT
2.32769,100.34072,2025-06-09,548,N21,n,2.0NRT,7.44,D,0.77,0.77,,,,,,firms,VIIRS,VIIRS_NOAA21_NRT
2.8267,111.67228,2025-06-09,548,N21,n,2.0NRT,1.9,D,0.42,0.38,,,,,,firms,VIIRS,VIIRS_NOAA21_NRT
2.9033,112.51121,2025-06-09,548,N21,n,2.0NRT,6.86,D,0.4,0.37,,,,,,firms,VIIRS,VIIRS_NOAA21_NRT
2.91505,112.10508,2025-06-09,548,N21,n,2.0NRT,2.16,D,0.41,0.37,,,,,,firms,VIIRS,VIIRS_NOAA21_NRT
3.27849,113.07262,2025-06-09,548,N21,n,2.0NRT,6.55,D,0.39,0.36,,,,,,firms,VIIRS,VIIRS_NOAA21_NRT
3.2867,113.082,2025-06-09,548,N21,n,2.0NRT,9.0,D,0.39,0.36,,,,,,firms,VIIRS,VIIRS_NOAA21_NRT
3.28724,113.08546,2025-06-09,548,N21,n,2.0NRT,13.35,D,0.39,0.36,,,,,,firms,VIIRS,VIIRS_NOAA21_NRT
3.29108,113.08841,2025-06-09,548,N21,l,2.0NRT,3.05,D,0.39,0.36,,,,,,firms,VIIRS,VIIRS_NOAA21_NRT
3.29161,113.09188,2025-06-09,548,N21,n,2.0NRT,6.23,D,0.39,0.36,,,,,,firms,VIIRS,VIIRS_NOAA21_NRT
3.52285,113.31343,2025-06-09,548,N21,n,2.0NRT,6.0,D,0.38,0.36,,,,,,firms,VIIRS,VIIRS_NOAA21_NRT
3.5342,113.34341,2025-06-09,548,N21,l,2.0NRT,6.46,D,0.38,0.36,,,,,,firms,VIIRS,VIIRS_NOAA21_NRT
3.54569,113.35223,2025-06-09,548,N21,l,2.0NRT,4.38,D,0.38,0.36,,,,,,firms,VIIRS,VIIRS_NOAA21_NRT
3.54792,101.08573,2025-06-09,548,N21,n,2.0NRT,8.77,D,0.65,0.73,,,,,,firms,VIIRS,VIIRS_NOAA21_NRT
3.60519,112.4126,2025-06-09,548,N21,n,2.0NRT,2.55,D,0.4,0.37,,,,,,firms,VIIRS,VIIRS_NOAA21_NRT
3.75207,113.61568,2025-06-09,548,N21,n,2.0NRT,4.88,D,0.38,0.36,,,,,,firms,VIIRS,VIIRS_NOAA21_NRT
4.05358,108.2861,2025-06-09,548,N21,n,2.0NRT,4.64,D,0.41,0.45,,,,,,firms,VIIRS,VIIRS_NOAA21_NRT
4.6846,114.15846,2025-06-09,548,N21,n,2.0NRT,8.73,D,0.39,0.36,,,,,,firms,VIIRS,VIIRS_NOAA21_NRT
4.97834,112.98165,2025-06-09,548,N21,n,2.0NRT,8.56,D,0.39,0.36,,,,,,firms,VIIRS,VIIRS_NOAA21_NRT
5.42775,114.7127,2025-06-09,548,N21,n,2.0NRT,3.58,D,0.4,0.37,,,,,,firms,VIIRS,VIIRS_NOAA21_NRT
-2.63052,102.82039,2025-06-09,729,N21,n,2.0NRT,7.07,D,0.71,0.75,,,,,,firms,VIIRS,VIIRS_NOAA21_NRT
0.26479,99.21617,2025-06-09,729,N21,n,2.0NRT,6.56,D,0.44,0.63,,,,,,firms,VIIRS,VIIRS_NOAA21_NRT
0.26644,99.21785,2025-06-09,729,N21,n,2.0NRT,3.93,D,0.44,0.63,,,,,,firms,VIIRS,VIIRS_NOAA21_NRT
0.27683,99.25485,2025-06-09,729,N21,n,2.0NRT,7.4,D,0.45,0.63,,,,,,firms,VIIRS,VIIRS_NOAA21_NRT
0.2776,99.25261,2025-06-09,729,N21,n,2.0NRT,5.91,D,0.45,0.63,,,,,,firms,VIIRS,VIIRS_NOAA21_NRT
0.3077,99.21885,2025-06-09,729,N21,n,2.0NRT,2.06,D,0.45,0.63,,,,,,firms,VIIRS,VIIRS_NOAA21_NRT
1.17073,99.72131,2025-06-09,729,N21,n,2.0NRT,6.25,D,0.5,0.66,,,,,,firms,VIIRS,VIIRS_NOAA21_NRT
1.20729,99.71941,2025-06-09,729,N21,n,2.0NRT,13.07,D,0.5,0.66,,,,,,firms,VIIRS,VIIRS_NOAA21_NRT
1.2098,99.72019,2025-06-09,729,N21,n,2.0NRT,10.83,D,0.5,0.66,,,,,,firms,VIIRS,VIIRS_NOAA21_NRT
2.32602,100.34097,2025-06-09,729,N21,n,2.0NRT,6.92,D,0.57,0.69,,,,,,firms,VIIRS,VIIRS_NOAA21_NRT
-1.81661,136.75102,2025-06-09,1645,N21,n,2.0NRT,3.42,N,0.59,0.53,,,,,,firms,VIIRS,VIIRS_NOAA21_NRT
0.4919,127.98272,2025-06-09,1645,N21,n,2.0NRT,0.91,N,0.41,0.37,,,,,,firms,VIIRS,VIIRS_NOAA21_NRT
0.50875,127.8961,2025-06-09,1645,N21,n,2.0NRT,1.62,N,0.41,0.37,,,,,,firms,VIIRS,VIIRS_NOAA21_NRT
0.51214,127.89661,2025-06-09,1645,N21,n,2.0NRT,1.62,N,0.41,0.37,,,,,,firms,VIIRS,VIIRS_NOAA21_NRT
1.49357,127.63496,2025-06-09,1645,N21,n,2.0NRT,3.2,N,0.42,0.38,,,,,,firms,VIIRS,VIIRS_NOAA21_NRT
1.49416,127.63118,2025-06-09,1645,N21,n,2.0NRT,5.27,N,0.42,0.38,,,,,,firms,VIIRS,VIIRS_NOAA21_NRT
1.69805,127.87625,2025-06-09,1645,N21,n,2.0NRT,1.87,N,0.42,0.37,,,,,,firms,VIIRS,VIIRS_NOAA21_NRT
1.70147,127.87675,2025-06-09,1645,N21,n,2.0NRT,1.87,N,0.42,0.37,,,,,,firms,VIIRS,VIIRS_NOAA21_NRT
1.70196,127.87648,2025-06-09,1645,N21,n,2.0NRT,0.37,N,0.42,0.37,,,,,,firms,VIIRS,VIIRS_NOAA21_NRT
-1.56053,127.42547,2025-06-09,1648,N21,n,2.0NRT,1.43,N,0.41,0.37,,,,,,firms,VIIRS,VIIRS_NOAA21_NRT
-1.51685,122.26562,2025-06-09,1648,N21,n,2.0NRT,0.76,N,0.53,0.5,,,,,,firms,VIIRS,VIIRS_NOAA21_NRT
-1.46033,127.43699,2025-06-09,1648,N21,n,2.0NRT,3.89,N,0.41,0.37,,,,,,firms,VIIRS,VIIRS_NOAA21_NRT
-1.45694,127.43748,2025-06-09,1648,N21,n,2.0NRT,3.89,N,0.41,0.37,,,,,,firms,VIIRS,VIIRS_NOAA21_NRT
-1.38208,122.47849,2025-06-09,1648,N21,n,2.0NRT,1.07,N,0.51,0.5,,,,,,firms,VIIRS,VIIRS_NOAA21_NRT
-8.65438,118.13299,2025-06-09,1650,N21,n,2.0NRT,0.86,N,0.39,0.59,,,,,,firms,VIIRS,VIIRS_NOAA21_NRT
-8.55697,122.09165,2025-06-09,1650,N21,n,2.0NRT,1.24,N,0.42,0.45,,,,,,firms,VIIRS,VIIRS_NOAA21_NRT
-8.27976,123.50844,2025-06-09,1650,N21,n,2.0NRT,5.24,N,0.52,0.42,,,,,,firms,VIIRS,VIIRS_NOAA21_NRT
-8.27903,123.50412,2025-06-09,1650,N21,n,2.0NRT,5.24,N,0.52,0.42,,,,,,firms,VIIRS,VIIRS_NOAA21_NRT
-8.27815,123.49896,2025-06-09,1650,N21,n,2.0NRT,1.81,N,0.52,0.42,,,,,,firms,VIIRS,VIIRS_NOAA21_NRT
-8.27534,123.50533,2025-06-09,1650,N21,n,2.0NRT,5.24,N,0.52,0.42,,,,,,firms,VIIRS,VIIRS_NOAA21_NRT
-8.27446,123.50019,2025-06-09,1650,N21,n,2.0NRT,1.81,N,0.52,0.42,,,,,,firms,VIIRS,VIIRS_NOAA21_NRT
-8.27347,123.4944,2025-06-09,1650,N21,n,2.0NRT,1.81,N,0.52,0.42,,,,,,firms,VIIRS,VIIRS_NOAA21_NRT
-8.27216,123.50854,2025-06-09,1650,N21,n,2.0NRT,6.85,N,0.52,0.42,,,,,,firms,VIIRS,VIIRS_NOAA21_NRT
-8.27162,123.50636,2025-06-09,1650,N21,n,2.0NRT,9.68,N,0.52,0.42,,,,,,firms,VIIRS,VIIRS_NOAA21_NRT
-8.27145,123.5042,2025-06-09,1650,N21,n,2.0NRT,6.85,N,0.52,0.42,,,,,,firms,VIIRS,VIIRS_NOAA21_NRT
-8.27076,123.50131,2025-06-09,1650,N21,n,2.0NRT,3.63,N,0.52,0.42,,,,,,firms,VIIRS,VIIRS_NOAA21_NRT
-8.27052,123.4985,2025-06-09,1650,N21,n,2.0NRT,1.48,N,0.52,0.42,,,,,,firms,VIIRS,VIIRS_NOAA21_NRT
-8.09491,117.909,2025-06-09,1650,N21,n,2.0NRT,1.02,N,0.41,0.61,,,,,,firms,VIIRS,VIIRS_NOAA21_NRT
3.27837,113.07406,2025-06-09,1826,N21,n,2.0NRT,1.84,N,0.32,0.55,,,,,,firms,VIIRS,VIIRS_NOAA21_NRT
3.27976,113.0657,2025-06-09,1826,N21,n,2.0NRT,1.62,N,0.32,0.55,,,,,,firms,VIIRS,VIIRS_NOAA21_NRT
3.28238,113.08071,2025-06-09,1826,N21,n,2.0NRT,1.63,N,0.32,0.55,,,,,,firms,VIIRS,VIIRS_NOAA21_NRT
3.28639,113.08736,2025-06-09,1826,N21,n,2.0NRT,4.42,N,0.32,0.55,,,,,,firms,VIIRS,VIIRS_NOAA21_NRT
3.28686,113.08454,2025-06-09,1826,N21,h,2.0NRT,5.88,N,0.32,0.55,,,,,,firms,VIIRS,VIIRS_NOAA21_NRT
3.28733,113.08173,2025-06-09,1826,N21,n,2.0NRT,5.88,N,0.32,0.55,,,,,,firms,VIIRS,VIIRS_NOAA21_NRT
3.29136,113.08829,2025-06-09,1826,N21,n,2.0NRT,4.42,N,0.32,0.55,,,,,,firms,VIIRS,VIIRS_NOAA21_NRT
3.308,113.11166,2025-06-09,1826,N21,n,2.0NRT,1.42,N,0.32,0.55,,,,,,firms,VIIRS,VIIRS_NOAA21_NRT
3.52186,113.31443,2025-06-09,1826,N21,n,2.0NRT,0.95,N,0.33,0.55,,,,,,firms,VIIRS,VIIRS_NOAA21_NRT
3.52234,113.31149,2025-06-09,1826,N21,n,2.0NRT,1.12,N,0.33,0.55,,,,,,firms,VIIRS,VIIRS_NOAA21_NRT
3.53192,113.34338,2025-06-09,1826,N21,n,2.0NRT,0.7,N,0.33,0.56,,,,,,firms,VIIRS,VIIRS_NOAA21_NRT
3.53267,113.3437,2025-06-09,1826,N21,n,2.0NRT,1.74,N,0.33,0.56,,,,,,firms,VIIRS,VIIRS_NOAA21_NRT
3.53696,113.34428,2025-06-09,1826,N21,n,2.0NRT,0.84,N,0.33,0.56,,,,,,firms,VIIRS,VIIRS_NOAA21_NRT
3.58271,113.66988,2025-06-09,1826,N21,n,2.0NRT,0.54,N,0.35,0.57,,,,,,firms,VIIRS,VIIRS_NOAA21_NRT
3.60463,112.4142,2025-06-09,1826,N21,n,2.0NRT,1.08,N,0.57,0.52,,,,,,firms,VIIRS,VIIRS_NOAA21_NRT
3.60548,112.40912,2025-06-09,1826,N21,n,2.0NRT,1.1,N,0.57,0.52,,,,,,firms,VIIRS,VIIRS_NOAA21_NRT
4.50806,105.25049,2025-06-09,1826,N21,n,2.0NRT,9.1,N,0.38,0.36,,,,,,firms,VIIRS,VIIRS_NOAA21_NRT
5.41046,105.18948,2025-06-09,1826,N21,n,2.0NRT,1.51,N,0.38,0.36,,,,,,firms,VIIRS,VIIRS_NOAA21_NRT
5.64787,104.97699,2025-06-09,1826,N21,n,2.0NRT,1.6,N,0.39,0.36,,,,,,firms,VIIRS,VIIRS_NOAA21_NRT
-3.50422,115.01302,2025-06-09,1828,N21,n,2.0NRT,3.71,N,0.56,0.69,,,,,,firms,VIIRS,VIIRS_NOAA21_NRT
-3.50137,115.01111,2025-06-09,1828,N21,n,2.0NRT,1.73,N,0.56,0.69,,,,,,firms,VIIRS,VIIRS_NOAA21_NRT
-3.36207,104.4286,2025-06-09,1828,N21,n,2.0NRT,0.99,N,0.39,0.36,,,,,,firms,VIIRS,VIIRS_NOAA21_NRT
-3.30765,104.31897,2025-06-09,1828,N21,n,2.0NRT,0.54,N,0.39,0.36,,,,,,firms,VIIRS,VIIRS_NOAA21_NRT
-3.17229,104.4332,2025-06-09,1828,N21,n,2.0NRT,0.74,N,0.39,0.36,,,,,,firms,VIIRS,VIIRS_NOAA21_NRT
-2.75279,105.28065,2025-06-09,1828,N21,n,2.0NRT,1.22,N,0.41,0.37,,,,,,firms,VIIRS,VIIRS_NOAA21_NRT
-2.53546,103.38268,2025-06-09,1828,N21,n,2.0NRT,0.65,N,0.38,0.36,,,,,,firms,VIIRS,VIIRS_NOAA21_NRT
-2.41641,103.40463,2025-06-09,1828,N21,n,2.0NRT,4.04,N,0.38,0.36,,,,,,firms,VIIRS,VIIRS_NOAA21_NRT
-2.38065,103.5266,2025-06-09,1828,N21,n,2.0NRT,0.73,N,0.38,0.36,,,,,,firms,VIIRS,VIIRS_NOAA21_NRT
-1.57536,103.68433,2025-06-09,1828,N21,n,2.0NRT,1.62,N,0.38,0.36,,,,,,firms,VIIRS,VIIRS_NOAA21_NRT
-1.5726,103.68826,2025-06-09,1828,N21,n,2.0NRT,2.33,N,0.38,0.36,,,,,,firms,VIIRS,VIIRS_NOAA21_NRT
-1.56295,103.69689,2025-06-09,1828,N21,n,2.0NRT,2.25,N,0.38,0.36,,,,,,firms,VIIRS,VIIRS_NOAA21_NRT
-1.24773,116.81789,2025-06-09,1828,N21,n,2.0NRT,2.07,N,0.7,0.75,,,,,,firms,VIIRS,VIIRS_NOAA21_NRT
-1.21366,103.41817,2025-06-09,1828,N21,n,2.0NRT,0.57,N,0.39,0.36,,,,,,firms,VIIRS,VIIRS_NOAA21_NRT
-1.17295,103.35761,2025-06-09,1828,N21,n,2.0NRT,1.12,N,0.39,0.36,,,,,,firms,VIIRS,VIIRS_NOAA21_NRT
-1.10397,103.04622,2025-06-09,1828,N21,n,2.0NRT,0.62,N,0.39,0.36,,,,,,firms,VIIRS,VIIRS_NOAA21_NRT
-1.02392,103.3602,2025-06-09,1828,N21,n,2.0NRT,0.4,N,0.39,0.36,,,,,,firms,VIIRS,VIIRS_NOAA21_NRT
-0.98932,103.33378,2025-06-09,1828,N21,n,2.0NRT,0.67,N,0.39,0.36,,,,,,firms,VIIRS,VIIRS_NOAA21_NRT
-0.73284,117.0592,2025-06-09,1828,N21,n,2.0NRT,2.3,N,0.71,0.75,,,,,,firms,VIIRS,VIIRS_NOAA21_NRT
-0.58518,117.38828,2025-06-09,1828,N21,n,2.0NRT,2.02,N,0.75,0.77,,,,,,firms,VIIRS,VIIRS_NOAA21_NRT
-0.58418,117.38174,2025-06-09,1828,N21,n,2.0NRT,2.02,N,0.75,0.77,,,,,,firms,VIIRS,VIIRS_NOAA21_NRT
-0.41399,116.27983,2025-06-09,1828,N21,n,2.0NRT,3.22,N,0.62,0.71,,,,,,firms,VIIRS,VIIRS_NOAA21_NRT
-0.19298,109.3293,2025-06-09,1828,N21,n,2.0NRT,0.97,N,0.41,0.45,,,,,,firms,VIIRS,VIIRS_NOAA21_NRT
-0.19243,109.32568,2025-06-09,1828,N21,n,2.0NRT,0.97,N,0.41,0.45,,,,,,firms,VIIRS,VIIRS_NOAA21_NRT
0.68362,117.55775,2025-06-09,1828,N21,n,2.0NRT,2.17,N,0.73,0.76,,,,,,firms,VIIRS,VIIRS_NOAA21_NRT
0.80969,108.90482,2025-06-09,1828,N21,n,2.0NRT,2.13,N,0.56,0.43,,,,,,firms,VIIRS,VIIRS_NOAA21_NRT
1.1006,109.0996,2025-06-09,1828,N21,n,2.0NRT,1.17,N,0.57,0.43,,,,,,firms,VIIRS,VIIRS_NOAA21_NRT
1.1014,109.0946,2025-06-09,1828,N21,n,2.0NRT,1.17,N,0.57,0.43,,,,,,firms,VIIRS,VIIRS_NOAA21_NRT
1.1022,109.08959,2025-06-09,1828,N21,n,2.0NRT,1.83,N,0.57,0.43,,,,,,firms,VIIRS,VIIRS_NOAA21_NRT
1.37415,104.15431,2025-06-09,1828,N21,n,2.0NRT,1.66,N,0.38,0.36,,,,,,firms,VIIRS,VIIRS_NOAA21_NRT
1.37691,104.15825,2025-06-09,1828,N21,n,2.0NRT,1.41,N,0.38,0.36,,,,,,firms,VIIRS,VIIRS_NOAA21_NRT
1.37745,104.15482,2025-06-09,1828,N21,n,2.0NRT,1.66,N,0.38,0.36,,,,,,firms,VIIRS,VIIRS_NOAA21_NRT
1.56953,109.56538,2025-06-09,1828,N21,n,2.0NRT,0.39,N,0.4,0.44,,,,,,firms,VIIRS,VIIRS_NOAA21_NRT
-8.11821,112.95342,2025-06-09,1830,N21,n,2.0NRT,2.24,N,0.47,0.64,,,,,,firms,VIIRS,VIIRS_NOAA21_NRT
-8.11741,112.95504,2025-06-09,1830,N21,n,2.0NRT,1.56,N,0.48,0.64,,,,,,firms,VIIRS,VIIRS_NOAA21_NRT
-8.11377,112.92541,2025-06-09,1830,N21,n,2.0NRT,1.18,N,0.47,0.64,,,,,,firms,VIIRS,VIIRS_NOAA21_NRT
-7.65553,114.04527,2025-06-09,1830,N21,n,2.0NRT,0.99,N,0.55,0.68,,,,,,firms,VIIRS,VIIRS_NOAA21_NRT
-7.54532,110.44558,2025-06-09,1830,N21,n,2.0NRT,2.16,N,0.62,0.54,,,,,,firms,VIIRS,VIIRS_NOAA21_NRT
-7.54319,110.44577,2025-06-09,1830,N21,n,2.0NRT,1.99,N,0.62,0.54,,,,,,firms,VIIRS,VIIRS_NOAA21_NRT
-7.24375,111.73189,2025-06-09,1830,N21,n,2.0NRT,0.84,N,0.38,0.59,,,,,,firms,VIIRS,VIIRS_NOAA21_NRT
-7.23886,111.73605,2025-06-09,1830,N21,n,2.0NRT,1.16,N,0.38,0.59,,,,,,firms,VIIRS,VIIRS_NOAA21_NRT
-6.80542,111.54301,2025-06-09,1830,N21,n,2.0NRT,0.86,N,0.36,0.57,,,,,,firms,VIIRS,VIIRS_NOAA21_NRT
-6.70633,108.40066,2025-06-09,1830,N21,n,2.0NRT,0.81,N,0.44,0.46,,,,,,firms,VIIRS,VIIRS_NOAA21_NRT
-6.54922,108.09476,2025-06-09,1830,N21,n,2.0NRT,3.36,N,0.42,0.45,,,,,,firms,VIIRS,VIIRS_NOAA21_NRT
-6.50234,107.48051,2025-06-09,1830,N21,n,2.0NRT,1.39,N,0.57,0.43,,,,,,firms,VIIRS,VIIRS_NOAA21_NRT
-6.03225,105.95686,2025-06-09,1830,N21,n,2.0NRT,3.59,N,0.46,0.39,,,,,,firms,VIIRS,VIIRS_NOAA21_NRT
-6.01085,105.98582,2025-06-09,1830,N21,n,2.0NRT,1.76,N,0.46,0.39,,,,,,firms,VIIRS,VIIRS_NOAA21_NRT
-6.0096,105.97752,2025-06-09,1830,N21,n,2.0NRT,1.84,N,0.46,0.39,,,,,,firms,VIIRS,VIIRS_NOAA21_NRT
-4.30028,104.82037,2025-06-09,1830,N21,n,2.0NRT,0.68,N,0.41,0.37,,,,,,firms,VIIRS,VIIRS_NOAA21_NRT
-4.29972,104.81674,2025-06-09,1830,N21,n,2.0NRT,0.93,N,0.41,0.37,,,,,,firms,VIIRS,VIIRS_NOAA21_NRT
-3.81163,103.81863,2025-06-09,1830,N21,n,2.0NRT,1.0,N,0.39,0.36,,,,,,firms,VIIRS,VIIRS_NOAA21_NRT
-3.80833,103.81913,2025-06-09,1830,N21,n,2.0NRT,4.78,N,0.39,0.36,,,,,,firms,VIIRS,VIIRS_NOAA21_NRT
-3.80502,103.81964,2025-06-09,1830,N21,n,2.0NRT,4.78,N,0.39,0.36,,,,,,firms,VIIRS,VIIRS_NOAA21_NRT
-3.80395,103.81276,2025-06-09,1830,N21,n,2.0NRT,0.74,N,0.39,0.36,,,,,,firms,VIIRS,VIIRS_NOAA21_NRT
-3.7278,103.71883,2025-06-09,1830,N21,n,2.0NRT,1.14,N,0.39,0.36,,,,,,firms,VIIRS,VIIRS_NOAA21_NRT
-3.72726,103.71539,2025-06-09,1830,N21,n,2.0NRT,1.14,N,0.39,0.36,,,,,,firms,VIIRS,VIIRS_NOAA21_NRT
-3.72396,103.7159,2025-06-09,1830,N21,n,2.0NRT,2.44,N,0.39,0.36,,,,,,firms,VIIRS,VIIRS_NOAA21_NRT
-3.41343,104.14606,2025-06-09,1830,N21,n,2.0NRT,1.2,N,0.39,0.36,,,,,,firms,VIIRS,VIIRS_NOAA21_NRT
-4.24671,140.18513,2025-06-10,347,N21,n,2.0NRT,5.52,D,0.41,0.45,,,,,,firms,VIIRS,VIIRS_NOAA21_NRT
-4.23911,140.29236,2025-06-10,347,N21,n,2.0NRT,24.63,D,0.41,0.45,,,,,,firms,VIIRS,VIIRS_NOAA21_NRT
-3.81864,139.48672,2025-06-10,347,N21,n,2.0NRT,4.08,D,0.45,0.47,,,,,,firms,VIIRS,VIIRS_NOAA21_NRT
-3.81209,139.23241,2025-06-10,347,N21,n,2.0NRT,5.7,D,0.47,0.48,,,,,,firms,VIIRS,VIIRS_NOAA21_NRT
-3.80825,139.25859,2025-06-10,347,N21,n,2.0NRT,6.34,D,0.47,0.48,,,,,,firms,VIIRS,VIIRS_NOAA21_NRT
-1.65413,135.87222,2025-06-10,347,N21,n,2.0NRT,2.96,D,0.37,0.58,,,,,,firms,VIIRS,VIIRS_NOAA21_NRT
-9.99264,120.7949,2025-06-10,525,N21,n,2.0NRT,2.1,D,0.39,0.36,,,,,,firms,VIIRS,VIIRS_NOAA21_NRT
-9.47128,119.91833,2025-06-10,525,N21,n,2.0NRT,3.41,D,0.4,0.37,,,,,,firms,VIIRS,VIIRS_NOAA21_NRT
-9.46791,119.91781,2025-06-10,525,N21,n,2.0NRT,3.41,D,0.4,0.37,,,,,,firms,VIIRS,VIIRS_NOAA21_NRT
-9.43195,119.91576,2025-06-10,525,N21,n,2.0NRT,3.29,D,0.4,0.37,,,,,,firms,VIIRS,VIIRS_NOAA21_NRT
-9.42804,119.91888,2025-06-10,525,N21,n,2.0NRT,3.29,D,0.4,0.37,,,,,,firms,VIIRS,VIIRS_NOAA21_NRT
-9.42066,119.80614,2025-06-10,525,N21,n,2.0NRT,3.09,D,0.4,0.37,,,,,,firms,VIIRS,VIIRS_NOAA21_NRT
-9.41415,119.84998,2025-06-10,525,N21,n,2.0NRT,3.36,D,0.4,0.37,,,,,,firms,VIIRS,VIIRS_NOAA21_NRT
-9.41256,119.31654,2025-06-10,525,N21,n,2.0NRT,3.04,D,0.42,0.37,,,,,,firms,VIIRS,VIIRS_NOAA21_NRT
-9.41078,119.84945,2025-06-10,525,N21,l,2.0NRT,3.36,D,0.4,0.37,,,,,,firms,VIIRS,VIIRS_NOAA21_NRT
-9.39255,119.45152,2025-06-10,525,N21,n,2.0NRT,3.84,D,0.41,0.37,,,,,,firms,VIIRS,VIIRS_NOAA21_NRT
-9.38858,119.45473,2025-06-10,525,N21,n,2.0NRT,3.84,D,0.41,0.37,,,,,,firms,VIIRS,VIIRS_NOAA21_NRT
-9.38803,119.45845,2025-06-10,525,N21,n,2.0NRT,7.98,D,0.41,0.37,,,,,,firms,VIIRS,VIIRS_NOAA21_NRT
-8.8517,117.83773,2025-06-10,525,N21,n,2.0NRT,3.95,D,0.47,0.4,,,,,,firms,VIIRS,VIIRS_NOAA21_NRT
-8.69061,117.73735,2025-06-10,525,N21,n,2.0NRT,3.21,D,0.48,0.4,,,,,,firms,VIIRS,VIIRS_NOAA21_NRT
-8.69027,117.74022,2025-06-10,525,N21,n,2.0NRT,3.05,D,0.48,0.4,,,,,,firms,VIIRS,VIIRS_NOAA21_NRT
-8.5582,122.0882,2025-06-10,525,N21,n,2.0NRT,5.16,D,0.39,0.36,,,,,,firms,VIIRS,VIIRS_NOAA21_NRT
-8.55487,122.08772,2025-06-10,525,N21,n,2.0NRT,5.16,D,0.39,0.36,,,,,,firms,VIIRS,VIIRS_NOAA21_NRT
-8.48588,117.60377,2025-06-10,525,N21,n,2.0NRT,6.19,D,0.48,0.4,,,,,,firms,VIIRS,VIIRS_NOAA21_NRT
-8.26705,123.41593,2025-06-10,525,N21,n,2.0NRT,2.26,D,0.43,0.38,,,,,,firms,VIIRS,VIIRS_NOAA21_NRT
-4.0784,114.69772,2025-06-10,527,N21,n,2.0NRT,7.69,D,0.42,0.45,,,,,,firms,VIIRS,VIIRS_NOAA21_NRT
-3.12274,116.09092,2025-06-10,527,N21,n,2.0NRT,7.6,D,0.5,0.41,,,,,,firms,VIIRS,VIIRS_NOAA21_NRT
-2.81692,112.8598,2025-06-10,527,N21,n,2.0NRT,8.76,D,0.53,0.5,,,,,,firms,VIIRS,VIIRS_NOAA21_NRT
-2.74006,106.24481,2025-06-10,527,N21,n,2.0NRT,16.19,D,0.77,0.77,,,,,,firms,VIIRS,VIIRS_NOAA21_NRT
-2.7363,106.23817,2025-06-10,527,N21,n,2.0NRT,9.74,D,0.77,0.77,,,,,,firms,VIIRS,VIIRS_NOAA21_NRT
-2.54179,119.31705,2025-06-10,527,N21,n,2.0NRT,1.68,D,0.39,0.36,,,,,,firms,VIIRS,VIIRS_NOAA21_NRT
-2.45495,106.17439,2025-06-10,527,N21,n,2.0NRT,10.62,D,0.77,0.77,,,,,,firms,VIIRS,VIIRS_NOAA21_NRT
-1.38246,122.48226,2025-06-10,527,N21,n,2.0NRT,2.97,D,0.45,0.39,,,,,,firms,VIIRS,VIIRS_NOAA21_NRT
-1.04135,121.90068,2025-06-10,527,N21,n,2.0NRT,2.0,D,0.43,0.38,,,,,,firms,VIIRS,VIIRS_NOAA21_NRT
-0.19201,110.00028,2025-06-10,527,N21,n,2.0NRT,5.72,D,0.38,0.59,,,,,,firms,VIIRS,VIIRS_NOAA21_NRT
-0.14343,110.10041,2025-06-10,527,N21,n,2.0NRT,7.36,D,0.38,0.58,,,,,,firms,VIIRS,VIIRS_NOAA21_NRT
0.39093,116.28181,2025-06-10,527,N21,n,2.0NRT,4.48,D,0.45,0.39,,,,,,firms,VIIRS,VIIRS_NOAA21_NRT
0.52051,120.81039,2025-06-10,527,N21,n,2.0NRT,1.93,D,0.41,0.37,,,,,,firms,VIIRS,VIIRS_NOAA21_NRT
0.61846,110.54245,2025-06-10,527,N21,n,2.0NRT,2.82,D,0.34,0.56,,,,,,firms,VIIRS,VIIRS_NOAA21_NRT
0.61936,117.09033,2025-06-10,527,N21,n,2.0NRT,4.04,D,0.42,0.37,,,,,,firms,VIIRS,VIIRS_NOAA21_NRT
0.6214,110.54226,2025-06-10,527,N21,n,2.0NRT,3.31,D,0.34,0.56,,,,,,firms,VIIRS,VIIRS_NOAA21_NRT
0.62967,117.06596,2025-06-10,527,N21,n,2.0NRT,3.73,D,0.42,0.37,,,,,,firms,VIIRS,VIIRS_NOAA21_NRT
0.66563,117.11714,2025-06-10,527,N21,n,2.0NRT,9.51,D,0.41,0.37,,,,,,firms,VIIRS,VIIRS_NOAA21_NRT
0.68654,122.51299,2025-06-10,527,N21,n,2.0NRT,13.77,D,0.48,0.4,,,,,,firms,VIIRS,VIIRS_NOAA21_NRT
0.6877,116.61574,2025-06-10,527,N21,n,2.0NRT,2.62,D,0.43,0.38,,,,,,firms,VIIRS,VIIRS_NOAA21_NRT
0.72653,116.60179,2025-06-10,527,N21,n,2.0NRT,3.21,D,0.43,0.38,,,,,,firms,VIIRS,VIIRS_NOAA21_NRT
0.75107,117.1269,2025-06-10,527,N21,n,2.0NRT,5.48,D,0.41,0.37,,,,,,firms,VIIRS,VIIRS_NOAA21_NRT
0.75163,117.13057,2025-06-10,527,N21,n,2.0NRT,5.48,D,0.41,0.37,,,,,,firms,VIIRS,VIIRS_NOAA21_NRT
0.76302,116.51333,2025-06-10,527,N21,n,2.0NRT,3.73,D,0.44,0.38,,,,,,firms,VIIRS,VIIRS_NOAA21_NRT
0.81266,120.74734,2025-06-10,527,N21,n,2.0NRT,3.45,D,0.41,0.37,,,,,,firms,VIIRS,VIIRS_NOAA21_NRT
0.93555,122.64619,2025-06-10,527,N21,n,2.0NRT,4.07,D,0.49,0.4,,,,,,firms,VIIRS,VIIRS_NOAA21_NRT
0.9976,117.04003,2025-06-10,527,N21,n,2.0NRT,3.09,D,0.41,0.37,,,,,,firms,VIIRS,VIIRS_NOAA21_NRT
1.04359,117.1573,2025-06-10,527,N21,n,2.0NRT,5.32,D,0.41,0.37,,,,,,firms,VIIRS,VIIRS_NOAA21_NRT
1.1039,112.70843,2025-06-10,527,N21,n,2.0NRT,11.35,D,0.47,0.48,,,,,,firms,VIIRS,VIIRS_NOAA21_NRT
1.17751,124.5775,2025-06-10,527,N21,n,2.0NRT,2.67,D,0.43,0.46,,,,,,firms,VIIRS,VIIRS_NOAA21_NRT
1.22213,117.17534,2025-06-10,527,N21,n,2.0NRT,4.88,D,0.41,0.37,,,,,,firms,VIIRS,VIIRS_NOAA21_NRT
1.49511,127.63527,2025-06-10,527,N21,n,2.0NRT,5.47,D,0.35,0.57,,,,,,firms,VIIRS,VIIRS_NOAA21_NRT
1.51684,118.2056,2025-06-10,527,N21,n,2.0NRT,3.24,D,0.39,0.36,,,,,,firms,VIIRS,VIIRS_NOAA21_NRT
1.57193,118.14414,2025-06-10,527,N21,n,2.0NRT,2.97,D,0.39,0.36,,,,,,firms,VIIRS,VIIRS_NOAA21_NRT
1.69045,110.02377,2025-06-10,527,N21,n,2.0NRT,2.32,D,0.36,0.57,,,,,,firms,VIIRS,VIIRS_NOAA21_NRT
3.49258,116.70243,2025-06-10,527,N21,n,2.0NRT,4.21,D,0.41,0.37,,,,,,firms,VIIRS,VIIRS_NOAA21_NRT
3.51346,117.01682,2025-06-10,527,N21,n,2.0NRT,3.28,D,0.4,0.37,,,,,,firms,VIIRS,VIIRS_NOAA21_NRT
3.66285,117.45607,2025-06-10,527,N21,n,2.0NRT,3.1,D,0.39,0.36,,,,,,firms,VIIRS,VIIRS_NOAA21_NRT
3.60617,112.41015,2025-06-10,529,N21,n,2.0NRT,4.13,D,0.46,0.47,,,,,,firms,VIIRS,VIIRS_NOAA21_NRT
4.23194,117.0871,2025-06-10,529,N21,n,2.0NRT,15.26,D,0.4,0.37,,,,,,firms,VIIRS,VIIRS_NOAA21_NRT
4.25358,117.07594,2025-06-10,529,N21,n,2.0NRT,2.66,D,0.4,0.37,,,,,,firms,VIIRS,VIIRS_NOAA21_NRT
4.44909,118.68641,2025-06-10,529,N21,n,2.0NRT,8.45,D,0.39,0.36,,,,,,firms,VIIRS,VIIRS_NOAA21_NRT
4.9778,112.98292,2025-06-10,529,N21,n,2.0NRT,5.64,D,0.4,0.44,,,,,,firms,VIIRS,VIIRS_NOAA21_NRT
5.42934,114.7111,2025-06-10,529,N21,n,2.0NRT,2.67,D,0.47,0.4,,,,,,firms,VIIRS,VIIRS_NOAA21_NRT
-4.61612,103.31348,2025-06-10,707,N21,n,2.0NRT,5.39,D,0.33,0.55,,,,,,firms,VIIRS,VIIRS_NOAA21_NRT
-4.48726,104.24947,2025-06-10,707,N21,n,2.0NRT,5.66,D,0.39,0.59,,,,,,firms,VIIRS,VIIRS_NOAA21_NRT
-4.44985,103.1386,2025-06-10,707,N21,n,2.0NRT,4.73,D,0.33,0.55,,,,,,firms,VIIRS,VIIRS_NOAA21_NRT
-4.07549,102.75643,2025-06-10,707,N21,n,2.0NRT,9.37,D,0.62,0.54,,,,,,firms,VIIRS,VIIRS_NOAA21_NRT
-3.81019,103.81699,2025-06-10,707,N21,n,2.0NRT,8.1,D,0.37,0.58,,,,,,firms,VIIRS,VIIRS_NOAA21_NRT
-3.80434,103.81934,2025-06-10,707,N21,n,2.0NRT,10.86,D,0.37,0.58,,,,,,firms,VIIRS,VIIRS_NOAA21_NRT
-3.38239,104.3901,2025-06-10,707,N21,n,2.0NRT,8.43,D,0.41,0.61,,,,,,firms,VIIRS,VIIRS_NOAA21_NRT
-3.31936,105.88097,2025-06-10,707,N21,n,2.0NRT,15.06,D,0.53,0.67,,,,,,firms,VIIRS,VIIRS_NOAA21_NRT
-3.22419,104.1156,2025-06-10,707,N21,n,2.0NRT,7.75,D,0.4,0.6,,,,,,firms,VIIRS,VIIRS_NOAA21_NRT
-3.2236,104.11449,2025-06-10,707,N21,n,2.0NRT,6.32,D,0.4,0.6,,,,,,firms,VIIRS,VIIRS_NOAA21_NRT
-3.22024,103.92968,2025-06-10,707,N21,n,2.0NRT,2.73,D,0.39,0.59,,,,,,firms,VIIRS,VIIRS_NOAA21_NRT
-3.2131,103.44832,2025-06-10,707,N21,n,2.0NRT,5.45,D,0.36,0.57,,,,,,firms,VIIRS,VIIRS_NOAA21_NRT
-3.21258,103.45152,2025-06-10,707,N21,n,2.0NRT,5.45,D,0.36,0.57,,,,,,firms,VIIRS,VIIRS_NOAA21_NRT
-3.20892,104.10104,2025-06-10,707,N21,n,2.0NRT,4.93,D,0.4,0.6,,,,,,firms,VIIRS,VIIRS_NOAA21_NRT
-3.20833,104.10461,2025-06-10,707,N21,n,2.0NRT,4.93,D,0.4,0.6,,,,,,firms,VIIRS,VIIRS_NOAA21_NRT
-3.17294,104.08054,2025-06-10,707,N21,n,2.0NRT,6.6,D,0.4,0.6,,,,,,firms,VIIRS,VIIRS_NOAA21_NRT
-3.1512,103.86373,2025-06-10,707,N21,n,2.0NRT,7.55,D,0.38,0.59,,,,,,firms,VIIRS,VIIRS_NOAA21_NRT
-3.14303,103.77823,2025-06-10,707,N21,n,2.0NRT,8.99,D,0.38,0.59,,,,,,firms,VIIRS,VIIRS_NOAA21_NRT
-3.13823,103.67381,2025-06-10,707,N21,n,2.0NRT,3.58,D,0.37,0.58,,,,,,firms,VIIRS,VIIRS_NOAA21_NRT
-3.04322,103.66245,2025-06-10,707,N21,n,2.0NRT,6.8,D,0.37,0.58,,,,,,firms,VIIRS,VIIRS_NOAA21_NRT
-2.98346,104.36646,2025-06-10,707,N21,n,2.0NRT,5.71,D,0.42,0.61,,,,,,firms,VIIRS,VIIRS_NOAA21_NRT
-2.97906,104.36748,2025-06-10,707,N21,n,2.0NRT,7.37,D,0.42,0.61,,,,,,firms,VIIRS,VIIRS_NOAA21_NRT
-1.92263,105.33628,2025-06-10,707,N21,n,2.0NRT,8.48,D,0.51,0.66,,,,,,firms,VIIRS,VIIRS_NOAA21_NRT
-1.91856,105.66974,2025-06-10,707,N21,n,2.0NRT,6.5,D,0.54,0.68,,,,,,firms,VIIRS,VIIRS_NOAA21_NRT
-1.91284,105.67044,2025-06-10,707,N21,n,2.0NRT,5.56,D,0.54,0.68,,,,,,firms,VIIRS,VIIRS_NOAA21_NRT
-1.91239,105.66867,2025-06-10,707,N21,n,2.0NRT,6.5,D,0.54,0.68,,,,,,firms,VIIRS,VIIRS_NOAA21_NRT
-1.86402,105.73681,2025-06-10,707,N21,n,2.0NRT,8.55,D,0.54,0.68,,,,,,firms,VIIRS,VIIRS_NOAA21_NRT
-1.62991,105.47255,2025-06-10,707,N21,n,2.0NRT,3.68,D,0.53,0.67,,,,,,firms,VIIRS,VIIRS_NOAA21_NRT
3.72822,98.18484,2025-06-10,709,N21,n,2.0NRT,2.44,D,0.4,0.44,,,,,,firms,VIIRS,VIIRS_NOAA21_NRT
3.7283,98.18502,2025-06-10,709,N21,n,2.0NRT,2.36,D,0.4,0.44,,,,,,firms,VIIRS,VIIRS_NOAA21_NRT
-1.81713,136.7518,2025-06-10,1628,N21,n,2.0NRT,1.54,N,0.45,0.39,,,,,,firms,VIIRS,VIIRS_NOAA21_NRT
-1.81651,136.74777,2025-06-10,1628,N21,n,2.0NRT,1.11,N,0.45,0.39,,,,,,firms,VIIRS,VIIRS_NOAA21_NRT
-1.56601,127.43058,2025-06-10,1628,N21,n,2.0NRT,3.55,N,0.49,0.49,,,,,,firms,VIIRS,VIIRS_NOAA21_NRT
-1.56525,127.4259,2025-06-10,1628,N21,n,2.0NRT,3.55,N,0.49,0.49,,,,,,firms,VIIRS,VIIRS_NOAA21_NRT
-1.56081,127.42657,2025-06-10,1628,N21,n,2.0NRT,4.07,N,0.49,0.49,,,,,,firms,VIIRS,VIIRS_NOAA21_NRT
-1.45861,127.43621,2025-06-10,1628,N21,n,2.0NRT,21.34,N,0.5,0.49,,,,,,firms,VIIRS,VIIRS_NOAA21_NRT
-1.00006,134.02321,2025-06-10,1628,N21,n,2.0NRT,0.82,N,0.38,0.36,,,,,,firms,VIIRS,VIIRS_NOAA21_NRT
0.48415,127.99245,2025-06-10,1628,N21,n,2.0NRT,1.25,N,0.49,0.48,,,,,,firms,VIIRS,VIIRS_NOAA21_NRT
1.49429,127.63133,2025-06-10,1628,N21,n,2.0NRT,6.66,N,0.53,0.5,,,,,,firms,VIIRS,VIIRS_NOAA21_NRT
1.69573,127.88242,2025-06-10,1628,N21,n,2.0NRT,5.35,N,0.52,0.5,,,,,,firms,VIIRS,VIIRS_NOAA21_NRT
1.69642,127.87785,2025-06-10,1628,N21,n,2.0NRT,5.35,N,0.52,0.5,,,,,,firms,VIIRS,VIIRS_NOAA21_NRT
1.7003,127.88282,2025-06-10,1628,N21,n,2.0NRT,5.35,N,0.52,0.5,,,,,,firms,VIIRS,VIIRS_NOAA21_NRT
1.70097,127.87845,2025-06-10,1628,N21,h,2.0NRT,5.35,N,0.52,0.5,,,,,,firms,VIIRS,VIIRS_NOAA21_NRT
1.70173,127.8735,2025-06-10,1628,N21,n,2.0NRT,3.05,N,0.52,0.5,,,,,,firms,VIIRS,VIIRS_NOAA21_NRT
2.77892,125.40183,2025-06-10,1628,N21,n,2.0NRT,1.39,N,0.4,0.6,,,,,,firms,VIIRS,VIIRS_NOAA21_NRT
2.78396,125.39742,2025-06-10,1628,N21,n,2.0NRT,1.74,N,0.4,0.6,,,,,,firms,VIIRS,VIIRS_NOAA21_NRT
-8.2789,123.50766,2025-06-10,1630,N21,n,2.0NRT,1.87,N,0.36,0.57,,,,,,firms,VIIRS,VIIRS_NOAA21_NRT
-8.27843,123.50501,2025-06-10,1630,N21,n,2.0NRT,5.7,N,0.36,0.57,,,,,,firms,VIIRS,VIIRS_NOAA21_NRT
-8.27298,123.50456,2025-06-10,1630,N21,n,2.0NRT,5.7,N,0.36,0.57,,,,,,firms,VIIRS,VIIRS_NOAA21_NRT
-8.27216,123.5,2025-06-10,1630,N21,n,2.0NRT,5.0,N,0.36,0.57,,,,,,firms,VIIRS,VIIRS_NOAA21_NRT
-8.27099,123.49358,2025-06-10,1630,N21,n,2.0NRT,5.0,N,0.36,0.57,,,,,,firms,VIIRS,VIIRS_NOAA21_NRT
-0.58232,117.38441,2025-06-10,1809,N21,n,2.0NRT,0.74,N,0.35,0.56,,,,,,firms,VIIRS,VIIRS_NOAA21_NRT
-0.14286,117.36639,2025-06-10,1809,N21,n,2.0NRT,0.48,N,0.34,0.56,,,,,,firms,VIIRS,VIIRS_NOAA21_NRT
0.68696,117.50946,2025-06-10,1809,N21,n,2.0NRT,0.62,N,0.34,0.56,,,,,,firms,VIIRS,VIIRS_NOAA21_NRT
0.68856,117.5099,2025-06-10,1809,N21,n,2.0NRT,0.27,N,0.34,0.56,,,,,,firms,VIIRS,VIIRS_NOAA21_NRT
3.60583,112.41225,2025-06-10,1809,N21,n,2.0NRT,4.85,N,0.44,0.39,,,,,,firms,VIIRS,VIIRS_NOAA21_NRT
-6.54887,108.09376,2025-06-10,1811,N21,n,2.0NRT,1.41,N,0.39,0.36,,,,,,firms,VIIRS,VIIRS_NOAA21_NRT
-6.08339,106.34372,2025-06-10,1811,N21,n,2.0NRT,1.61,N,0.4,0.37,,,,,,firms,VIIRS,VIIRS_NOAA21_NRT
-4.33217,104.8215,2025-06-10,1811,N21,n,2.0NRT,1.72,N,0.46,0.39,,,,,,firms,VIIRS,VIIRS_NOAA21_NRT
-4.3315,104.81735,2025-06-10,1811,N21,n,2.0NRT,1.72,N,0.46,0.39,,,,,,firms,VIIRS,VIIRS_NOAA21_NRT
-4.15143,104.06524,2025-06-10,1811,N21,n,2.0NRT,1.32,N,0.51,0.41,,,,,,firms,VIIRS,VIIRS_NOAA21_NRT
-3.6237,105.31361,2025-06-10,1811,N21,n,2.0NRT,0.62,N,0.45,0.39,,,,,,firms,VIIRS,VIIRS_NOAA21_NRT
-3.62017,105.31416,2025-06-10,1811,N21,n,2.0NRT,0.62,N,0.45,0.39,,,,,,firms,VIIRS,VIIRS_NOAA21_NRT
-3.28343,104.31831,2025-06-10,1811,N21,n,2.0NRT,1.44,N,0.5,0.41,,,,,,firms,VIIRS,VIIRS_NOAA21_NRT
-2.9901,115.21014,2025-06-10,1811,N21,n,2.0NRT,4.22,N,0.53,0.5,,,,,,firms,VIIRS,VIIRS_NOAA21_NRT
-2.80561,104.89683,2025-06-10,1811,N21,n,2.0NRT,2.34,N,0.48,0.4,,,,,,firms,VIIRS,VIIRS_NOAA21_NRT
-1.87489,103.56147,2025-06-10,1811,N21,n,2.0NRT,0.43,N,0.39,0.44,,,,,,firms,VIIRS,VIIRS_NOAA21_NRT
-1.76662,105.47368,2025-06-10,1811,N21,n,2.0NRT,1.24,N,0.46,0.39,,,,,,firms,VIIRS,VIIRS_NOAA21_NRT
-1.57652,103.68343,2025-06-10,1811,N21,n,2.0NRT,0.51,N,0.39,0.44,,,,,,firms,VIIRS,VIIRS_NOAA21_NRT
-1.57362,103.69093,2025-06-10,1811,N21,n,2.0NRT,0.94,N,0.39,0.44,,,,,,firms,VIIRS,VIIRS_NOAA21_NRT
-1.57308,103.6875,2025-06-10,1811,N21,n,2.0NRT,0.94,N,0.39,0.44,,,,,,firms,VIIRS,VIIRS_NOAA21_NRT
-1.57254,103.68405,2025-06-10,1811,N21,n,2.0NRT,0.51,N,0.39,0.44,,,,,,firms,VIIRS,VIIRS_NOAA21_NRT
-1.218,103.41901,2025-06-10,1811,N21,n,2.0NRT,0.43,N,0.41,0.45,,,,,,firms,VIIRS,VIIRS_NOAA21_NRT
-1.21393,103.41964,2025-06-10,1811,N21,n,2.0NRT,0.43,N,0.41,0.45,,,,,,firms,VIIRS,VIIRS_NOAA21_NRT
-1.16748,103.33718,2025-06-10,1811,N21,n,2.0NRT,1.03,N,0.41,0.45,,,,,,firms,VIIRS,VIIRS_NOAA21_NRT
-0.98749,103.33146,2025-06-10,1811,N21,n,2.0NRT,0.4,N,0.41,0.45,,,,,,firms,VIIRS,VIIRS_NOAA21_NRT
-0.73106,117.05897,2025-06-10,1811,N21,n,2.0NRT,1.62,N,0.33,0.55,,,,,,firms,VIIRS,VIIRS_NOAA21_NRT
-8.11867,114.05579,2025-06-10,1813,N21,n,2.0NRT,5.15,N,0.53,0.5,,,,,,firms,VIIRS,VIIRS_NOAA21_NRT
-8.11272,112.92918,2025-06-10,1813,N21,n,2.0NRT,3.29,N,0.44,0.46,,,,,,firms,VIIRS,VIIRS_NOAA21_NRT
-8.112,112.92421,2025-06-10,1813,N21,n,2.0NRT,3.29,N,0.44,0.46,,,,,,firms,VIIRS,VIIRS_NOAA21_NRT
-7.14331,139.58183,2025-06-11,325,N21,n,2.0NRT,3.02,D,0.53,0.67,,,,,,firms,VIIRS,VIIRS_NOAA21_NRT
-7.14302,139.58177,2025-06-11,325,N21,n,2.0NRT,3.95,D,0.53,0.67,,,,,,firms,VIIRS,VIIRS_NOAA21_NRT
-4.44351,140.48309,2025-06-11,325,N21,n,2.0NRT,8.54,D,0.42,0.61,,,,,,firms,VIIRS,VIIRS_NOAA21_NRT
-3.69594,138.41547,2025-06-11,325,N21,n,2.0NRT,11.66,D,0.57,0.69,,,,,,firms,VIIRS,VIIRS_NOAA21_NRT
-3.69278,138.41499,2025-06-11,325,N21,n,2.0NRT,12.65,D,0.57,0.69,,,,,,firms,VIIRS,VIIRS_NOAA21_NRT
-9.99662,120.79232,2025-06-11,506,N21,n,2.0NRT,3.45,D,0.41,0.45,,,,,,firms,VIIRS,VIIRS_NOAA21_NRT
-9.99515,120.79265,2025-06-11,506,N21,n,2.0NRT,3.54,D,0.41,0.45,,,,,,firms,VIIRS,VIIRS_NOAA21_NRT
-9.80916,123.76395,2025-06-11,506,N21,n,2.0NRT,7.9,D,0.43,0.38,,,,,,firms,VIIRS,VIIRS_NOAA21_NRT
-9.70932,120.38178,2025-06-11,506,N21,n,2.0NRT,4.39,D,0.43,0.46,,,,,,firms,VIIRS,VIIRS_NOAA21_NRT
-9.47945,119.81148,2025-06-11,506,N21,n,2.0NRT,8.23,D,0.47,0.48,,,,,,firms,VIIRS,VIIRS_NOAA21_NRT
-9.4786,119.81172,2025-06-11,506,N21,n,2.0NRT,7.22,D,0.47,0.48,,,,,,firms,VIIRS,VIIRS_NOAA21_NRT
-9.45661,119.77731,2025-06-11,506,N21,n,2.0NRT,7.28,D,0.47,0.48,,,,,,firms,VIIRS,VIIRS_NOAA21_NRT
-9.45599,119.78177,2025-06-11,506,N21,n,2.0NRT,7.28,D,0.47,0.48,,,,,,firms,VIIRS,VIIRS_NOAA21_NRT
-9.43476,119.7737,2025-06-11,506,N21,n,2.0NRT,5.16,D,0.47,0.48,,,,,,firms,VIIRS,VIIRS_NOAA21_NRT
-9.41698,119.87109,2025-06-11,506,N21,n,2.0NRT,25.64,D,0.47,0.47,,,,,,firms,VIIRS,VIIRS_NOAA21_NRT
-9.36966,119.99178,2025-06-11,506,N21,n,2.0NRT,4.62,D,0.46,0.47,,,,,,firms,VIIRS,VIIRS_NOAA21_NRT
-9.36105,119.99036,2025-06-11,506,N21,n,2.0NRT,7.9,D,0.46,0.47,,,,,,firms,VIIRS,VIIRS_NOAA21_NRT
-9.36055,119.99412,2025-06-11,506,N21,n,2.0NRT,5.82,D,0.46,0.47,,,,,,firms,VIIRS,VIIRS_NOAA21_NRT
-8.74238,125.17894,2025-06-11,506,N21,n,2.0NRT,2.61,D,0.39,0.36,,,,,,firms,VIIRS,VIIRS_NOAA21_NRT
-8.5576,122.14579,2025-06-11,506,N21,n,2.0NRT,4.35,D,0.49,0.41,,,,,,firms,VIIRS,VIIRS_NOAA21_NRT
-8.53683,122.0238,2025-06-11,506,N21,n,2.0NRT,41.82,D,0.5,0.41,,,,,,firms,VIIRS,VIIRS_NOAA21_NRT
-8.48337,125.94464,2025-06-11,506,N21,n,2.0NRT,4.85,D,0.38,0.36,,,,,,firms,VIIRS,VIIRS_NOAA21_NRT
-8.27978,123.5052,2025-06-11,506,N21,n,2.0NRT,13.42,D,0.43,0.38,,,,,,firms,VIIRS,VIIRS_NOAA21_NRT
-8.27923,123.50894,2025-06-11,506,N21,n,2.0NRT,9.59,D,0.43,0.38,,,,,,firms,VIIRS,VIIRS_NOAA21_NRT
-8.27625,123.50504,2025-06-11,506,N21,n,2.0NRT,13.42,D,0.43,0.38,,,,,,firms,VIIRS,VIIRS_NOAA21_NRT
-8.2722,123.50847,2025-06-11,506,N21,n,2.0NRT,26.17,D,0.43,0.38,,,,,,firms,VIIRS,VIIRS_NOAA21_NRT
-8.34323,118.95834,2025-06-11,508,N21,l,2.0NRT,3.69,D,0.52,0.5,,,,,,firms,VIIRS,VIIRS_NOAA21_NRT
-8.34024,118.67663,2025-06-11,508,N21,n,2.0NRT,4.98,D,0.54,0.51,,,,,,firms,VIIRS,VIIRS_NOAA21_NRT
-8.33906,118.67514,2025-06-11,508,N21,n,2.0NRT,4.7,D,0.54,0.51,,,,,,firms,VIIRS,VIIRS_NOAA21_NRT
-8.26626,118.52102,2025-06-11,508,N21,n,2.0NRT,7.44,D,0.55,0.51,,,,,,firms,VIIRS,VIIRS_NOAA21_NRT
-8.11881,112.89429,2025-06-11,508,N21,n,2.0NRT,11.51,D,0.68,0.74,,,,,,firms,VIIRS,VIIRS_NOAA21_NRT
-8.11263,112.92321,2025-06-11,508,N21,n,2.0NRT,20.16,D,0.68,0.74,,,,,,firms,VIIRS,VIIRS_NOAA21_NRT
-7.72757,114.25449,2025-06-11,508,N21,n,2.0NRT,4.46,D,0.54,0.68,,,,,,firms,VIIRS,VIIRS_NOAA21_NRT
-4.35416,120.12539,2025-06-11,508,N21,n,2.0NRT,4.09,D,0.57,0.43,,,,,,firms,VIIRS,VIIRS_NOAA21_NRT
-3.90276,122.41968,2025-06-11,508,N21,n,2.0NRT,8.13,D,0.43,0.38,,,,,,firms,VIIRS,VIIRS_NOAA21_NRT
-3.87254,122.40733,2025-06-11,508,N21,n,2.0NRT,6.28,D,0.43,0.38,,,,,,firms,VIIRS,VIIRS_NOAA21_NRT
-3.86963,122.40297,2025-06-11,508,N21,n,2.0NRT,3.61,D,0.43,0.38,,,,,,firms,VIIRS,VIIRS_NOAA21_NRT
-3.59358,138.45148,2025-06-11,508,N21,n,2.0NRT,4.75,D,0.77,0.77,,,,,,firms,VIIRS,VIIRS_NOAA21_NRT
-3.14553,126.82851,2025-06-11,508,N21,n,2.0NRT,5.64,D,0.42,0.38,,,,,,firms,VIIRS,VIIRS_NOAA21_NRT
-2.87816,122.16361,2025-06-11,508,N21,n,2.0NRT,3.27,D,0.43,0.38,,,,,,firms,VIIRS,VIIRS_NOAA21_NRT
-2.87467,122.16309,2025-06-11,508,N21,n,2.0NRT,3.27,D,0.43,0.38,,,,,,firms,VIIRS,VIIRS_NOAA21_NRT
-2.83006,122.16397,2025-06-11,508,N21,l,2.0NRT,6.48,D,0.43,0.38,,,,,,firms,VIIRS,VIIRS_NOAA21_NRT
-2.82948,122.16784,2025-06-11,508,N21,n,2.0NRT,9.02,D,0.43,0.38,,,,,,firms,VIIRS,VIIRS_NOAA21_NRT
-2.8283,122.17557,2025-06-11,508,N21,n,2.0NRT,8.74,D,0.43,0.38,,,,,,firms,VIIRS,VIIRS_NOAA21_NRT
-2.82425,122.15521,2025-06-11,508,N21,n,2.0NRT,3.68,D,0.43,0.38,,,,,,firms,VIIRS,VIIRS_NOAA21_NRT
-2.82076,122.15471,2025-06-11,508,N21,n,2.0NRT,2.58,D,0.43,0.38,,,,,,firms,VIIRS,VIIRS_NOAA21_NRT
-2.57981,121.375,2025-06-11,508,N21,n,2.0NRT,38.6,D,0.46,0.39,,,,,,firms,VIIRS,VIIRS_NOAA21_NRT
-2.5792,121.37909,2025-06-11,508,N21,n,2.0NRT,38.6,D,0.46,0.39,,,,,,firms,VIIRS,VIIRS_NOAA21_NRT
-2.43895,133.14117,2025-06-11,508,N21,n,2.0NRT,2.11,D,0.34,0.56,,,,,,firms,VIIRS,VIIRS_NOAA21_NRT
-1.46006,127.43544,2025-06-11,508,N21,n,2.0NRT,8.58,D,0.46,0.39,,,,,,firms,VIIRS,VIIRS_NOAA21_NRT
-1.45644,127.43501,2025-06-11,508,N21,n,2.0NRT,9.59,D,0.46,0.39,,,,,,firms,VIIRS,VIIRS_NOAA21_NRT
-1.45583,127.43894,2025-06-11,508,N21,n,2.0NRT,11.27,D,0.46,0.39,,,,,,firms,VIIRS,VIIRS_NOAA21_NRT
-1.22887,133.77745,2025-06-11,508,N21,n,2.0NRT,5.57,D,0.4,0.6,,,,,,firms,VIIRS,VIIRS_NOAA21_NRT
-1.17597,134.14717,2025-06-11,508,N21,n,2.0NRT,4.5,D,0.42,0.61,,,,,,firms,VIIRS,VIIRS_NOAA21_NRT
0.31891,116.36451,2025-06-11,510,N21,n,2.0NRT,9.16,D,0.58,0.52,,,,,,firms,VIIRS,VIIRS_NOAA21_NRT
0.65314,122.63294,2025-06-11,510,N21,n,2.0NRT,8.69,D,0.4,0.37,,,,,,firms,VIIRS,VIIRS_NOAA21_NRT
0.65359,123.12624,2025-06-11,510,N21,n,2.0NRT,3.81,D,0.39,0.36,,,,,,firms,VIIRS,VIIRS_NOAA21_NRT
0.79631,116.92197,2025-06-11,510,N21,n,2.0NRT,11.56,D,0.52,0.5,,,,,,firms,VIIRS,VIIRS_NOAA21_NRT
0.86718,123.16731,2025-06-11,510,N21,n,2.0NRT,3.87,D,0.39,0.36,,,,,,firms,VIIRS,VIIRS_NOAA21_NRT
3.60743,112.41079,2025-06-11,510,N21,n,2.0NRT,3.7,D,0.48,0.65,,,,,,firms,VIIRS,VIIRS_NOAA21_NRT
4.68546,114.15834,2025-06-11,510,N21,n,2.0NRT,5.13,D,0.35,0.57,,,,,,firms,VIIRS,VIIRS_NOAA21_NRT
-4.64794,103.26325,2025-06-11,650,N21,n,2.0NRT,13.81,D,0.49,0.4,,,,,,firms,VIIRS,VIIRS_NOAA21_NRT
-4.27137,104.81143,2025-06-11,650,N21,n,2.0NRT,7.57,D,0.41,0.45,,,,,,firms,VIIRS,VIIRS_NOAA21_NRT
-4.00927,103.90195,2025-06-11,650,N21,n,2.0NRT,6.48,D,0.54,0.42,,,,,,firms,VIIRS,VIIRS_NOAA21_NRT
-3.88953,104.07751,2025-06-11,650,N21,n,2.0NRT,9.78,D,0.56,0.43,,,,,,firms,VIIRS,VIIRS_NOAA21_NRT
-3.88901,104.08025,2025-06-11,650,N21,n,2.0NRT,5.7,D,0.56,0.43,,,,,,firms,VIIRS,VIIRS_NOAA21_NRT
-3.88561,104.07689,2025-06-11,650,N21,n,2.0NRT,9.78,D,0.56,0.43,,,,,,firms,VIIRS,VIIRS_NOAA21_NRT
-3.88509,104.07963,2025-06-11,650,N21,n,2.0NRT,15.67,D,0.56,0.43,,,,,,firms,VIIRS,VIIRS_NOAA21_NRT
-3.80591,105.41487,2025-06-11,650,N21,n,2.0NRT,5.32,D,0.45,0.47,,,,,,firms,VIIRS,VIIRS_NOAA21_NRT
-3.75631,102.47134,2025-06-11,650,N21,n,2.0NRT,3.27,D,0.46,0.39,,,,,,firms,VIIRS,VIIRS_NOAA21_NRT
-3.74196,102.4691,2025-06-11,650,N21,n,2.0NRT,12.29,D,0.46,0.39,,,,,,firms,VIIRS,VIIRS_NOAA21_NRT
-3.73661,104.50307,2025-06-11,650,N21,n,2.0NRT,8.27,D,0.4,0.44,,,,,,firms,VIIRS,VIIRS_NOAA21_NRT
-3.69203,102.44598,2025-06-11,650,N21,n,2.0NRT,7.13,D,0.46,0.39,,,,,,firms,VIIRS,VIIRS_NOAA21_NRT
-3.48247,104.68087,2025-06-11,650,N21,n,2.0NRT,10.91,D,0.41,0.45,,,,,,firms,VIIRS,VIIRS_NOAA21_NRT
-3.4351,104.56063,2025-06-11,650,N21,n,2.0NRT,11.0,D,0.4,0.44,,,,,,firms,VIIRS,VIIRS_NOAA21_NRT
-3.42057,104.57317,2025-06-11,650,N21,n,2.0NRT,6.32,D,0.4,0.45,,,,,,firms,VIIRS,VIIRS_NOAA21_NRT
-3.41999,104.5768,2025-06-11,650,N21,n,2.0NRT,8.4,D,0.4,0.45,,,,,,firms,VIIRS,VIIRS_NOAA21_NRT
-3.34693,104.45894,2025-06-11,650,N21,n,2.0NRT,9.16,D,0.4,0.44,,,,,,firms,VIIRS,VIIRS_NOAA21_NRT
-3.29004,102.96361,2025-06-11,650,N21,n,2.0NRT,2.54,D,0.49,0.4,,,,,,firms,VIIRS,VIIRS_NOAA21_NRT
-3.23935,104.04775,2025-06-11,650,N21,n,2.0NRT,16.45,D,0.57,0.43,,,,,,firms,VIIRS,VIIRS_NOAA21_NRT
-3.23879,104.04521,2025-06-11,650,N21,n,2.0NRT,13.56,D,0.57,0.43,,,,,,firms,VIIRS,VIIRS_NOAA21_NRT
-3.20456,103.55985,2025-06-11,650,N21,n,2.0NRT,4.99,D,0.53,0.42,,,,,,firms,VIIRS,VIIRS_NOAA21_NRT
-3.20164,103.56227,2025-06-11,650,N21,n,2.0NRT,72.0,D,0.53,0.42,,,,,,firms,VIIRS,VIIRS_NOAA21_NRT
-3.19996,103.56398,2025-06-11,650,N21,n,2.0NRT,26.94,D,0.53,0.42,,,,,,firms,VIIRS,VIIRS_NOAA21_NRT
-3.14481,103.77569,2025-06-11,650,N21,n,2.0NRT,8.01,D,0.55,0.42,,,,,,firms,VIIRS,VIIRS_NOAA21_NRT
-3.11771,103.89803,2025-06-11,650,N21,n,2.0NRT,88.82,D,0.56,0.43,,,,,,firms,VIIRS,VIIRS_NOAA21_NRT
-3.11692,103.90303,2025-06-11,650,N21,n,2.0NRT,8.49,D,0.56,0.43,,,,,,firms,VIIRS,VIIRS_NOAA21_NRT
-3.11456,103.89243,2025-06-11,650,N21,n,2.0NRT,88.82,D,0.56,0.43,,,,,,firms,VIIRS,VIIRS_NOAA21_NRT
-3.113,103.9024,2025-06-11,650,N21,n,2.0NRT,8.49,D,0.56,0.43,,,,,,firms,VIIRS,VIIRS_NOAA21_NRT
-3.10986,103.8968,2025-06-11,650,N21,n,2.0NRT,6.41,D,0.56,0.43,,,,,,firms,VIIRS,VIIRS_NOAA21_NRT
-3.02713,108.07487,2025-06-11,650,N21,n,2.0NRT,2.22,D,0.35,0.57,,,,,,firms,VIIRS,VIIRS_NOAA21_NRT
-2.75967,102.83335,2025-06-11,650,N21,n,2.0NRT,3.38,D,0.49,0.4,,,,,,firms,VIIRS,VIIRS_NOAA21_NRT
-2.71747,106.2578,2025-06-11,650,N21,n,2.0NRT,8.95,D,0.54,0.51,,,,,,firms,VIIRS,VIIRS_NOAA21_NRT
-2.69169,104.82103,2025-06-11,650,N21,n,2.0NRT,3.68,D,0.43,0.46,,,,,,firms,VIIRS,VIIRS_NOAA21_NRT
-2.68339,106.08905,2025-06-11,650,N21,n,2.0NRT,6.4,D,0.52,0.5,,,,,,firms,VIIRS,VIIRS_NOAA21_NRT
-2.68305,106.09241,2025-06-11,650,N21,n,2.0NRT,5.39,D,0.52,0.5,,,,,,firms,VIIRS,VIIRS_NOAA21_NRT
-2.67235,106.15942,2025-06-11,650,N21,n,2.0NRT,4.3,D,0.53,0.5,,,,,,firms,VIIRS,VIIRS_NOAA21_NRT
-2.67225,106.15794,2025-06-11,650,N21,n,2.0NRT,6.76,D,0.53,0.5,,,,,,firms,VIIRS,VIIRS_NOAA21_NRT
-2.36177,110.77308,2025-06-11,650,N21,n,2.0NRT,6.51,D,0.56,0.69,,,,,,firms,VIIRS,VIIRS_NOAA21_NRT
-2.35922,110.77265,2025-06-11,650,N21,n,2.0NRT,9.22,D,0.56,0.69,,,,,,firms,VIIRS,VIIRS_NOAA21_NRT
-2.03539,105.3604,2025-06-11,650,N21,n,2.0NRT,4.35,D,0.48,0.48,,,,,,firms,VIIRS,VIIRS_NOAA21_NRT
-2.01329,105.62057,2025-06-11,650,N21,n,2.0NRT,5.1,D,0.5,0.49,,,,,,firms,VIIRS,VIIRS_NOAA21_NRT
-2.01165,105.61916,2025-06-11,650,N21,n,2.0NRT,4.11,D,0.5,0.49,,,,,,firms,VIIRS,VIIRS_NOAA21_NRT
-1.97568,105.65572,2025-06-11,650,N21,n,2.0NRT,11.69,D,0.5,0.49,,,,,,firms,VIIRS,VIIRS_NOAA21_NRT
-1.97498,105.66017,2025-06-11,650,N21,n,2.0NRT,11.69,D,0.5,0.49,,,,,,firms,VIIRS,VIIRS_NOAA21_NRT
-1.92837,105.41161,2025-06-11,650,N21,n,2.0NRT,9.24,D,0.48,0.48,,,,,,firms,VIIRS,VIIRS_NOAA21_NRT
-1.92823,105.40945,2025-06-11,650,N21,n,2.0NRT,9.77,D,0.48,0.48,,,,,,firms,VIIRS,VIIRS_NOAA21_NRT
-1.92395,105.41093,2025-06-11,650,N21,n,2.0NRT,23.61,D,0.48,0.48,,,,,,firms,VIIRS,VIIRS_NOAA21_NRT
-1.91965,105.66062,2025-06-11,650,N21,n,2.0NRT,12.4,D,0.5,0.49,,,,,,firms,VIIRS,VIIRS_NOAA21_NRT
-1.90138,105.60279,2025-06-11,650,N21,n,2.0NRT,10.64,D,0.5,0.49,,,,,,firms,VIIRS,VIIRS_NOAA21_NRT
-1.8992,105.60034,2025-06-11,650,N21,n,2.0NRT,10.78,D,0.5,0.49,,,,,,firms,VIIRS,VIIRS_NOAA21_NRT
-0.961,100.77378,2025-06-11,650,N21,n,2.0NRT,5.07,D,0.42,0.37,,,,,,firms,VIIRS,VIIRS_NOAA21_NRT
-0.86138,100.78339,2025-06-11,650,N21,n,2.0NRT,3.88,D,0.42,0.37,,,,,,firms,VIIRS,VIIRS_NOAA21_NRT
-0.83954,100.94895,2025-06-11,650,N21,n,2.0NRT,3.35,D,0.42,0.38,,,,,,firms,VIIRS,VIIRS_NOAA21_NRT
-0.06739,100.63225,2025-06-11,650,N21,n,2.0NRT,2.26,D,0.42,0.37,,,,,,firms,VIIRS,VIIRS_NOAA21_NRT
0.17932,100.78078,2025-06-11,650,N21,n,2.0NRT,2.33,D,0.42,0.38,,,,,,firms,VIIRS,VIIRS_NOAA21_NRT
0.84124,100.40481,2025-06-11,650,N21,n,2.0NRT,2.35,D,0.42,0.37,,,,,,firms,VIIRS,VIIRS_NOAA21_NRT
1.00738,100.87353,2025-06-11,650,N21,n,2.0NRT,5.58,D,0.43,0.38,,,,,,firms,VIIRS,VIIRS_NOAA21_NRT
1.00798,100.87741,2025-06-11,650,N21,n,2.0NRT,5.58,D,0.43,0.38,,,,,,firms,VIIRS,VIIRS_NOAA21_NRT
1.13696,101.05885,2025-06-11,650,N21,n,2.0NRT,4.53,D,0.44,0.39,,,,,,firms,VIIRS,VIIRS_NOAA21_NRT
1.37725,104.15714,2025-06-11,650,N21,n,2.0NRT,17.06,D,0.45,0.47,,,,,,firms,VIIRS,VIIRS_NOAA21_NRT
1.37786,104.16116,2025-06-11,650,N21,n,2.0NRT,4.61,D,0.45,0.47,,,,,,firms,VIIRS,VIIRS_NOAA21_NRT
1.40101,99.39904,2025-06-11,650,N21,n,2.0NRT,4.04,D,0.39,0.36,,,,,,firms,VIIRS,VIIRS_NOAA21_NRT
1.40275,100.92328,2025-06-11,650,N21,n,2.0NRT,13.11,D,0.44,0.38,,,,,,firms,VIIRS,VIIRS_NOAA21_NRT
1.47485,100.25972,2025-06-11,650,N21,n,2.0NRT,3.76,D,0.42,0.37,,,,,,firms,VIIRS,VIIRS_NOAA21_NRT
1.54827,99.70008,2025-06-11,650,N21,n,2.0NRT,3.12,D,0.4,0.37,,,,,,firms,VIIRS,VIIRS_NOAA21_NRT
1.58842,100.71257,2025-06-11,650,N21,n,2.0NRT,7.21,D,0.43,0.38,,,,,,firms,VIIRS,VIIRS_NOAA21_NRT
1.64841,101.23611,2025-06-11,650,N21,n,2.0NRT,6.67,D,0.46,0.39,,,,,,firms,VIIRS,VIIRS_NOAA21_NRT
1.6501,101.23885,2025-06-11,650,N21,n,2.0NRT,7.66,D,0.46,0.39,,,,,,firms,VIIRS,VIIRS_NOAA21_NRT
1.70344,100.19501,2025-06-11,650,N21,n,2.0NRT,3.08,D,0.42,0.37,,,,,,firms,VIIRS,VIIRS_NOAA21_NRT
1.70683,100.77853,2025-06-11,650,N21,n,2.0NRT,4.56,D,0.44,0.38,,,,,,firms,VIIRS,VIIRS_NOAA21_NRT
1.76068,101.26185,2025-06-11,650,N21,n,2.0NRT,24.57,D,0.46,0.39,,,,,,firms,VIIRS,VIIRS_NOAA21_NRT
1.76286,101.26498,2025-06-11,650,N21,l,2.0NRT,46.11,D,0.46,0.39,,,,,,firms,VIIRS,VIIRS_NOAA21_NRT
1.76427,101.26131,2025-06-11,650,N21,n,2.0NRT,24.57,D,0.46,0.39,,,,,,firms,VIIRS,VIIRS_NOAA21_NRT
1.77904,98.68874,2025-06-11,650,N21,n,2.0NRT,6.76,D,0.39,0.36,,,,,,firms,VIIRS,VIIRS_NOAA21_NRT
1.79344,103.18837,2025-06-11,650,N21,n,2.0NRT,23.71,D,0.39,0.44,,,,,,firms,VIIRS,VIIRS_NOAA21_NRT
1.79746,103.18776,2025-06-11,650,N21,n,2.0NRT,23.71,D,0.39,0.44,,,,,,firms,VIIRS,VIIRS_NOAA21_NRT
2.24996,100.8032,2025-06-11,652,N21,n,2.0NRT,3.4,D,0.44,0.39,,,,,,firms,VIIRS,VIIRS_NOAA21_NRT
2.32487,100.34032,2025-06-11,652,N21,l,2.0NRT,8.82,D,0.43,0.38,,,,,,firms,VIIRS,VIIRS_NOAA21_NRT
2.48124,99.12646,2025-06-11,652,N21,n,2.0NRT,1.83,D,0.39,0.36,,,,,,firms,VIIRS,VIIRS_NOAA21_NRT
2.51108,99.05367,2025-06-11,652,N21,n,2.0NRT,3.25,D,0.39,0.36,,,,,,firms,VIIRS,VIIRS_NOAA21_NRT
2.51161,99.05715,2025-06-11,652,N21,n,2.0NRT,3.25,D,0.39,0.36,,,,,,firms,VIIRS,VIIRS_NOAA21_NRT
2.51215,99.06066,2025-06-11,652,N21,n,2.0NRT,7.15,D,0.39,0.36,,,,,,firms,VIIRS,VIIRS_NOAA21_NRT
2.57446,98.95743,2025-06-11,652,N21,n,2.0NRT,5.76,D,0.39,0.36,,,,,,firms,VIIRS,VIIRS_NOAA21_NRT
2.57552,98.96439,2025-06-11,652,N21,n,2.0NRT,2.04,D,0.39,0.36,,,,,,firms,VIIRS,VIIRS_NOAA21_NRT
2.67266,100.13371,2025-06-11,652,N21,n,2.0NRT,4.98,D,0.42,0.38,,,,,,firms,VIIRS,VIIRS_NOAA21_NRT
2.73674,101.56033,2025-06-11,652,N21,n,2.0NRT,6.57,D,0.49,0.4,,,,,,firms,VIIRS,VIIRS_NOAA21_NRT
2.91738,98.19639,2025-06-11,652,N21,n,2.0NRT,2.64,D,0.38,0.36,,,,,,firms,VIIRS,VIIRS_NOAA21_NRT
3.2355,101.44344,2025-06-11,652,N21,n,2.0NRT,3.82,D,0.49,0.4,,,,,,firms,VIIRS,VIIRS_NOAA21_NRT
3.4876,101.47586,2025-06-11,652,N21,l,2.0NRT,6.68,D,0.49,0.4,,,,,,firms,VIIRS,VIIRS_NOAA21_NRT
3.5646,102.36676,2025-06-11,652,N21,n,2.0NRT,10.46,D,0.56,0.43,,,,,,firms,VIIRS,VIIRS_NOAA21_NRT
4.01877,101.1498,2025-06-11,652,N21,n,2.0NRT,5.26,D,0.48,0.4,,,,,,firms,VIIRS,VIIRS_NOAA21_NRT
4.03293,101.14493,2025-06-11,652,N21,n,2.0NRT,3.31,D,0.48,0.4,,,,,,firms,VIIRS,VIIRS_NOAA21_NRT
4.4775,97.52193,2025-06-11,652,N21,n,2.0NRT,3.64,D,0.38,0.36,,,,,,firms,VIIRS,VIIRS_NOAA21_NRT
4.50793,97.56654,2025-06-11,652,N21,n,2.0NRT,3.65,D,0.38,0.36,,,,,,firms,VIIRS,VIIRS_NOAA21_NRT
4.50882,97.59454,2025-06-11,652,N21,n,2.0NRT,2.46,D,0.38,0.36,,,,,,firms,VIIRS,VIIRS_NOAA21_NRT
4.51122,97.56603,2025-06-11,652,N21,n,2.0NRT,3.65,D,0.38,0.36,,,,,,firms,VIIRS,VIIRS_NOAA21_NRT
4.51336,97.93897,2025-06-11,652,N21,n,2.0NRT,4.77,D,0.39,0.36,,,,,,firms,VIIRS,VIIRS_NOAA21_NRT
4.8555,96.70592,2025-06-11,652,N21,n,2.0NRT,2.92,D,0.39,0.36,,,,,,firms,VIIRS,VIIRS_NOAA21_NRT
5.00161,96.66084,2025-06-11,652,N21,n,2.0NRT,4.21,D,0.39,0.36,,,,,,firms,VIIRS,VIIRS_NOAA21_NRT
5.55503,95.52853,2025-06-11,652,N21,n,2.0NRT,5.34,D,0.41,0.37,,,,,,firms,VIIRS,VIIRS_NOAA21_NRT
1.69539,127.87634,2025-06-11,1607,N21,n,2.0NRT,5.44,N,0.56,0.69,,,,,,firms,VIIRS,VIIRS_NOAA21_NRT
1.6963,127.87046,2025-06-11,1607,N21,n,2.0NRT,5.44,N,0.56,0.69,,,,,,firms,VIIRS,VIIRS_NOAA21_NRT
1.6973,127.86401,2025-06-11,1607,N21,n,2.0NRT,3.19,N,0.56,0.69,,,,,,firms,VIIRS,VIIRS_NOAA21_NRT
1.69985,127.87718,2025-06-11,1607,N21,h,2.0NRT,11.37,N,0.56,0.69,,,,,,firms,VIIRS,VIIRS_NOAA21_NRT
1.70071,127.87138,2025-06-11,1607,N21,n,2.0NRT,11.37,N,0.56,0.69,,,,,,firms,VIIRS,VIIRS_NOAA21_NRT
1.70165,127.87715,2025-06-11,1607,N21,n,2.0NRT,5.44,N,0.56,0.69,,,,,,firms,VIIRS,VIIRS_NOAA21_NRT
1.70171,127.86464,2025-06-11,1607,N21,n,2.0NRT,6.41,N,0.56,0.69,,,,,,firms,VIIRS,VIIRS_NOAA21_NRT
1.70255,127.87135,2025-06-11,1607,N21,n,2.0NRT,5.44,N,0.56,0.69,,,,,,firms,VIIRS,VIIRS_NOAA21_NRT
1.70362,127.86449,2025-06-11,1607,N21,n,2.0NRT,3.19,N,0.56,0.69,,,,,,firms,VIIRS,VIIRS_NOAA21_NRT
-2.44018,133.13959,2025-06-11,1609,N21,n,2.0NRT,3.48,N,0.41,0.45,,,,,,firms,VIIRS,VIIRS_NOAA21_NRT
-10.16691,123.61581,2025-06-11,1611,N21,n,2.0NRT,2.23,N,0.68,0.74,,,,,,firms,VIIRS,VIIRS_NOAA21_NRT
4.94961,114.06946,2025-06-11,1747,N21,n,2.0NRT,0.79,N,0.39,0.36,,,,,,firms,VIIRS,VIIRS_NOAA21_NRT
4.97751,112.98084,2025-06-11,1747,N21,n,2.0NRT,3.09,N,0.41,0.37,,,,,,firms,VIIRS,VIIRS_NOAA21_NRT
5.87769,114.29636,2025-06-11,1747,N21,n,2.0NRT,2.52,N,0.39,0.36,,,,,,firms,VIIRS,VIIRS_NOAA21_NRT
-2.58576,121.37846,2025-06-11,1749,N21,n,2.0NRT,1.34,N,0.33,0.55,,,,,,firms,VIIRS,VIIRS_NOAA21_NRT
-2.58164,121.38536,2025-06-11,1749,N21,n,2.0NRT,1.9,N,0.33,0.55,,,,,,firms,VIIRS,VIIRS_NOAA21_NRT
-2.58117,121.38219,2025-06-11,1749,N21,n,2.0NRT,6.85,N,0.33,0.55,,,,,,firms,VIIRS,VIIRS_NOAA21_NRT
-2.58071,121.37907,2025-06-11,1749,N21,n,2.0NRT,6.85,N,0.33,0.55,,,,,,firms,VIIRS,VIIRS_NOAA21_NRT
-2.58025,121.37598,2025-06-11,1749,N21,h,2.0NRT,11.85,N,0.33,0.55,,,,,,firms,VIIRS,VIIRS_NOAA21_NRT
-2.57979,121.3729,2025-06-11,1749,N21,n,2.0NRT,11.85,N,0.33,0.55,,,,,,firms,VIIRS,VIIRS_NOAA21_NRT
-2.57934,121.36987,2025-06-11,1749,N21,n,2.0NRT,1.85,N,0.33,0.55,,,,,,firms,VIIRS,VIIRS_NOAA21_NRT
-2.5752,121.37664,2025-06-11,1749,N21,n,2.0NRT,11.85,N,0.33,0.55,,,,,,firms,VIIRS,VIIRS_NOAA21_NRT
-2.21128,115.49567,2025-06-11,1749,N21,n,2.0NRT,3.3,N,0.43,0.38,,,,,,firms,VIIRS,VIIRS_NOAA21_NRT
-2.17106,115.5714,2025-06-11,1749,N21,n,2.0NRT,2.19,N,0.43,0.38,,,,,,firms,VIIRS,VIIRS_NOAA21_NRT
-2.1641,115.57243,2025-06-11,1749,N21,n,2.0NRT,1.41,N,0.43,0.38,,,,,,firms,VIIRS,VIIRS_NOAA21_NRT
-1.89394,115.86531,2025-06-11,1749,N21,n,2.0NRT,6.39,N,0.44,0.38,,,,,,firms,VIIRS,VIIRS_NOAA21_NRT
-1.38013,122.48282,2025-06-11,1749,N21,n,2.0NRT,1.59,N,0.38,0.59,,,,,,firms,VIIRS,VIIRS_NOAA21_NRT
-0.914,117.11147,2025-06-11,1749,N21,n,2.0NRT,3.03,N,0.49,0.4,,,,,,firms,VIIRS,VIIRS_NOAA21_NRT
-0.91175,117.1142,2025-06-11,1749,N21,n,2.0NRT,2.07,N,0.49,0.4,,,,,,firms,VIIRS,VIIRS_NOAA21_NRT
-0.2437,109.41896,2025-06-11,1749,N21,n,2.0NRT,3.52,N,0.53,0.42,,,,,,firms,VIIRS,VIIRS_NOAA21_NRT
-0.23989,109.41957,2025-06-11,1749,N21,n,2.0NRT,3.75,N,0.53,0.42,,,,,,firms,VIIRS,VIIRS_NOAA21_NRT
-0.23916,109.41486,2025-06-11,1749,N21,n,2.0NRT,3.75,N,0.53,0.42,,,,,,firms,VIIRS,VIIRS_NOAA21_NRT
0.09705,117.47968,2025-06-11,1749,N21,n,2.0NRT,2.25,N,0.5,0.41,,,,,,firms,VIIRS,VIIRS_NOAA21_NRT
0.09773,117.47523,2025-06-11,1749,N21,n,2.0NRT,2.25,N,0.5,0.41,,,,,,firms,VIIRS,VIIRS_NOAA21_NRT
0.67474,117.56676,2025-06-11,1749,N21,n,2.0NRT,1.93,N,0.5,0.41,,,,,,firms,VIIRS,VIIRS_NOAA21_NRT
0.67844,117.56741,2025-06-11,1749,N21,n,2.0NRT,1.84,N,0.5,0.41,,,,,,firms,VIIRS,VIIRS_NOAA21_NRT
0.68356,117.55911,2025-06-11,1749,N21,n,2.0NRT,1.64,N,0.5,0.41,,,,,,firms,VIIRS,VIIRS_NOAA21_NRT
0.68796,117.55529,2025-06-11,1749,N21,n,2.0NRT,1.78,N,0.5,0.41,,,,,,firms,VIIRS,VIIRS_NOAA21_NRT
0.69004,117.54208,2025-06-11,1749,N21,n,2.0NRT,0.58,N,0.5,0.41,,,,,,firms,VIIRS,VIIRS_NOAA21_NRT
0.89332,124.08207,2025-06-11,1749,N21,n,2.0NRT,1.18,N,0.45,0.63,,,,,,firms,VIIRS,VIIRS_NOAA21_NRT
1.27768,103.70193,2025-06-11,1749,N21,n,2.0NRT,1.49,N,0.45,0.63,,,,,,firms,VIIRS,VIIRS_NOAA21_NRT
1.28186,103.7037,2025-06-11,1749,N21,n,2.0NRT,0.77,N,0.45,0.63,,,,,,firms,VIIRS,VIIRS_NOAA21_NRT
1.37384,104.15695,2025-06-11,1749,N21,n,2.0NRT,3.16,N,0.42,0.61,,,,,,firms,VIIRS,VIIRS_NOAA21_NRT
1.37442,104.15321,2025-06-11,1749,N21,n,2.0NRT,3.16,N,0.42,0.61,,,,,,firms,VIIRS,VIIRS_NOAA21_NRT
1.375,104.14944,2025-06-11,1749,N21,n,2.0NRT,3.41,N,0.42,0.61,,,,,,firms,VIIRS,VIIRS_NOAA21_NRT
1.37558,104.14566,2025-06-11,1749,N21,n,2.0NRT,3.41,N,0.42,0.61,,,,,,firms,VIIRS,VIIRS_NOAA21_NRT
1.37945,104.15767,2025-06-11,1749,N21,n,2.0NRT,3.16,N,0.42,0.61,,,,,,firms,VIIRS,VIIRS_NOAA21_NRT
1.38003,104.15389,2025-06-11,1749,N21,n,2.0NRT,3.16,N,0.42,0.61,,,,,,firms,VIIRS,VIIRS_NOAA21_NRT
1.38061,104.15013,2025-06-11,1749,N21,n,2.0NRT,3.41,N,0.42,0.61,,,,,,firms,VIIRS,VIIRS_NOAA21_NRT
1.38119,104.14639,2025-06-11,1749,N21,n,2.0NRT,3.41,N,0.42,0.61,,,,,,firms,VIIRS,VIIRS_NOAA21_NRT
1.67713,103.61568,2025-06-11,1749,N21,n,2.0NRT,6.88,N,0.46,0.64,,,,,,firms,VIIRS,VIIRS_NOAA21_NRT
1.67775,103.61157,2025-06-11,1749,N21,n,2.0NRT,6.88,N,0.46,0.64,,,,,,firms,VIIRS,VIIRS_NOAA21_NRT
1.67838,103.60745,2025-06-11,1749,N21,n,2.0NRT,3.23,N,0.46,0.64,,,,,,firms,VIIRS,VIIRS_NOAA21_NRT
2.78078,125.41469,2025-06-11,1749,N21,n,2.0NRT,1.35,N,0.52,0.67,,,,,,firms,VIIRS,VIIRS_NOAA21_NRT
3.27203,113.05958,2025-06-11,1749,N21,n,2.0NRT,2.21,N,0.4,0.37,,,,,,firms,VIIRS,VIIRS_NOAA21_NRT
3.27651,113.07483,2025-06-11,1749,N21,n,2.0NRT,1.39,N,0.4,0.37,,,,,,firms,VIIRS,VIIRS_NOAA21_NRT
3.27706,113.07129,2025-06-11,1749,N21,n,2.0NRT,1.39,N,0.4,0.37,,,,,,firms,VIIRS,VIIRS_NOAA21_NRT
3.27817,113.06415,2025-06-11,1749,N21,n,2.0NRT,1.93,N,0.4,0.37,,,,,,firms,VIIRS,VIIRS_NOAA21_NRT
3.28266,113.07938,2025-06-11,1749,N21,n,2.0NRT,1.21,N,0.4,0.37,,,,,,firms,VIIRS,VIIRS_NOAA21_NRT
3.2888,113.08393,2025-06-11,1749,N21,n,2.0NRT,2.49,N,0.4,0.37,,,,,,firms,VIIRS,VIIRS_NOAA21_NRT
3.52209,113.31159,2025-06-11,1749,N21,n,2.0NRT,2.58,N,0.39,0.37,,,,,,firms,VIIRS,VIIRS_NOAA21_NRT
3.52488,113.31561,2025-06-11,1749,N21,n,2.0NRT,1.81,N,0.39,0.37,,,,,,firms,VIIRS,VIIRS_NOAA21_NRT
3.5344,113.34224,2025-06-11,1749,N21,n,2.0NRT,2.49,N,0.39,0.36,,,,,,firms,VIIRS,VIIRS_NOAA21_NRT
3.53597,113.31011,2025-06-11,1749,N21,n,2.0NRT,2.22,N,0.39,0.37,,,,,,firms,VIIRS,VIIRS_NOAA21_NRT
3.5433,113.3508,2025-06-11,1749,N21,n,2.0NRT,1.34,N,0.39,0.36,,,,,,firms,VIIRS,VIIRS_NOAA21_NRT
3.58526,113.67202,2025-06-11,1749,N21,n,2.0NRT,0.35,N,0.39,0.36,,,,,,firms,VIIRS,VIIRS_NOAA21_NRT
3.60436,112.41128,2025-06-11,1749,N21,n,2.0NRT,2.03,N,0.42,0.38,,,,,,firms,VIIRS,VIIRS_NOAA21_NRT
4.68411,114.15868,2025-06-11,1749,N21,n,2.0NRT,1.14,N,0.39,0.36,,,,,,firms,VIIRS,VIIRS_NOAA21_NRT
-8.47611,118.34382,2025-06-11,1752,N21,n,2.0NRT,1.22,N,0.5,0.49,,,,,,firms,VIIRS,VIIRS_NOAA21_NRT
-8.11417,112.92514,2025-06-11,1752,N21,n,2.0NRT,4.14,N,0.39,0.36,,,,,,firms,VIIRS,VIIRS_NOAA21_NRT
-8.11084,112.92556,2025-06-11,1752,N21,n,2.0NRT,4.14,N,0.39,0.36,,,,,,firms,VIIRS,VIIRS_NOAA21_NRT
-7.94167,112.95363,2025-06-11,1752,N21,n,2.0NRT,1.04,N,0.39,0.36,,,,,,firms,VIIRS,VIIRS_NOAA21_NRT
-7.70179,108.99455,2025-06-11,1752,N21,n,2.0NRT,2.49,N,0.45,0.39,,,,,,firms,VIIRS,VIIRS_NOAA21_NRT
-7.59134,111.36014,2025-06-11,1752,N21,n,2.0NRT,0.38,N,0.39,0.36,,,,,,firms,VIIRS,VIIRS_NOAA21_NRT
-7.54447,110.44411,2025-06-11,1752,N21,n,2.0NRT,0.3,N,0.4,0.37,,,,,,firms,VIIRS,VIIRS_NOAA21_NRT
-7.54383,110.44016,2025-06-11,1752,N21,n,2.0NRT,0.38,N,0.4,0.37,,,,,,firms,VIIRS,VIIRS_NOAA21_NRT
-7.24122,111.73205,2025-06-11,1752,N21,n,2.0NRT,1.55,N,0.38,0.36,,,,,,firms,VIIRS,VIIRS_NOAA21_NRT
-7.2407,109.2151,2025-06-11,1752,N21,n,2.0NRT,1.1,N,0.45,0.39,,,,,,firms,VIIRS,VIIRS_NOAA21_NRT
-7.07492,112.62918,2025-06-11,1752,N21,n,2.0NRT,1.24,N,0.39,0.36,,,,,,firms,VIIRS,VIIRS_NOAA21_NRT
-6.81609,111.88519,2025-06-11,1752,N21,n,2.0NRT,0.49,N,0.38,0.36,,,,,,firms,VIIRS,VIIRS_NOAA21_NRT
-6.54741,108.0938,2025-06-11,1752,N21,n,2.0NRT,2.52,N,0.52,0.41,,,,,,firms,VIIRS,VIIRS_NOAA21_NRT
-6.0977,106.67355,2025-06-11,1752,N21,n,2.0NRT,1.63,N,0.43,0.46,,,,,,firms,VIIRS,VIIRS_NOAA21_NRT
-6.09707,106.66972,2025-06-11,1752,N21,n,2.0NRT,2.06,N,0.43,0.46,,,,,,firms,VIIRS,VIIRS_NOAA21_NRT
-6.01128,105.98269,2025-06-11,1752,N21,n,2.0NRT,1.28,N,0.48,0.48,,,,,,firms,VIIRS,VIIRS_NOAA21_NRT
-6.0069,105.98341,2025-06-11,1752,N21,n,2.0NRT,3.33,N,0.48,0.48,,,,,,firms,VIIRS,VIIRS_NOAA21_NRT
-6.0061,105.98211,2025-06-11,1752,N21,n,2.0NRT,3.92,N,0.48,0.48,,,,,,firms,VIIRS,VIIRS_NOAA21_NRT
-4.25846,104.8689,2025-06-11,1752,N21,n,2.0NRT,1.22,N,0.61,0.53,,,,,,firms,VIIRS,VIIRS_NOAA21_NRT
-4.24941,104.81441,2025-06-11,1752,N21,n,2.0NRT,2.95,N,0.61,0.54,,,,,,firms,VIIRS,VIIRS_NOAA21_NRT
-3.80845,103.82027,2025-06-11,1752,N21,n,2.0NRT,2.17,N,0.37,0.58,,,,,,firms,VIIRS,VIIRS_NOAA21_NRT
-3.80788,103.81693,2025-06-11,1752,N21,n,2.0NRT,1.51,N,0.37,0.58,,,,,,firms,VIIRS,VIIRS_NOAA21_NRT
-3.78253,103.82505,2025-06-11,1752,N21,n,2.0NRT,0.41,N,0.37,0.58,,,,,,firms,VIIRS,VIIRS_NOAA21_NRT
-3.72693,103.7194,2025-06-11,1752,N21,n,2.0NRT,1.29,N,0.37,0.58,,,,,,firms,VIIRS,VIIRS_NOAA21_NRT
-3.72637,103.71606,2025-06-11,1752,N21,n,2.0NRT,1.94,N,0.37,0.58,,,,,,firms,VIIRS,VIIRS_NOAA21_NRT
-3.62376,105.31178,2025-06-11,1752,N21,n,2.0NRT,2.51,N,0.58,0.52,,,,,,firms,VIIRS,VIIRS_NOAA21_NRT
-3.62376,105.31407,2025-06-11,1752,N21,n,2.0NRT,1.61,N,0.58,0.52,,,,,,firms,VIIRS,VIIRS_NOAA21_NRT
-3.41448,104.14551,2025-06-11,1752,N21,n,2.0NRT,1.06,N,0.35,0.57,,,,,,firms,VIIRS,VIIRS_NOAA21_NRT
-3.41094,104.14802,2025-06-11,1752,N21,n,2.0NRT,1.27,N,0.35,0.57,,,,,,firms,VIIRS,VIIRS_NOAA21_NRT
-2.72312,103.80177,2025-06-11,1752,N21,n,2.0NRT,0.43,N,0.38,0.59,,,,,,firms,VIIRS,VIIRS_NOAA21_NRT
-2.72055,103.80167,2025-06-11,1752,N21,n,2.0NRT,0.41,N,0.38,0.59,,,,,,firms,VIIRS,VIIRS_NOAA21_NRT
-1.57297,103.68959,2025-06-11,1752,N21,n,2.0NRT,1.33,N,0.41,0.6,,,,,,firms,VIIRS,VIIRS_NOAA21_NRT
-1.57238,103.68597,2025-06-11,1752,N21,n,2.0NRT,1.94,N,0.41,0.6,,,,,,firms,VIIRS,VIIRS_NOAA21_NRT
-1.56253,103.6949,2025-06-11,1752,N21,n,2.0NRT,0.42,N,0.41,0.6,,,,,,firms,VIIRS,VIIRS_NOAA21_NRT
-2.32892,100.9944,2025-06-11,1932,N21,n,2.0NRT,1.46,N,0.73,0.76,,,,,,firms,VIIRS,VIIRS_NOAA21_NRT
-8.33135,130.77682,2025-06-12,449,N21,n,2.0NRT,4.42,D,0.38,0.36,,,,,,firms,VIIRS,VIIRS_NOAA21_NRT
-8.29559,138.16383,2025-06-12,449,N21,n,2.0NRT,9.09,D,0.57,0.52,,,,,,firms,VIIRS,VIIRS_NOAA21_NRT
-8.28877,138.14667,2025-06-12,449,N21,n,2.0NRT,2.45,D,0.57,0.52,,,,,,firms,VIIRS,VIIRS_NOAA21_NRT
-8.21097,140.17024,2025-06-12,449,N21,h,2.0NRT,20.16,D,0.39,0.6,,,,,,firms,VIIRS,VIIRS_NOAA21_NRT
-8.15209,139.39082,2025-06-12,449,N21,h,2.0NRT,11.19,D,0.35,0.57,,,,,,firms,VIIRS,VIIRS_NOAA21_NRT
-8.15153,139.39397,2025-06-12,449,N21,n,2.0NRT,9.78,D,0.35,0.57,,,,,,firms,VIIRS,VIIRS_NOAA21_NRT
-7.97351,131.11623,2025-06-12,449,N21,n,2.0NRT,4.99,D,0.39,0.36,,,,,,firms,VIIRS,VIIRS_NOAA21_NRT
-7.47476,138.76723,2025-06-12,449,N21,n,2.0NRT,3.41,D,0.33,0.55,,,,,,firms,VIIRS,VIIRS_NOAA21_NRT
-7.47438,138.76648,2025-06-12,449,N21,n,2.0NRT,2.35,D,0.33,0.55,,,,,,firms,VIIRS,VIIRS_NOAA21_NRT
-7.46974,138.7663,2025-06-12,449,N21,n,2.0NRT,3.41,D,0.33,0.55,,,,,,firms,VIIRS,VIIRS_NOAA21_NRT
-3.66072,126.36299,2025-06-12,449,N21,n,2.0NRT,3.86,D,0.46,0.39,,,,,,firms,VIIRS,VIIRS_NOAA21_NRT
-3.56115,126.22958,2025-06-12,449,N21,n,2.0NRT,3.35,D,0.47,0.4,,,,,,firms,VIIRS,VIIRS_NOAA21_NRT
-3.23568,127.08691,2025-06-12,449,N21,n,2.0NRT,4.47,D,0.43,0.38,,,,,,firms,VIIRS,VIIRS_NOAA21_NRT
-2.88115,122.15376,2025-06-12,449,N21,n,2.0NRT,6.26,D,0.55,0.51,,,,,,firms,VIIRS,VIIRS_NOAA21_NRT
-2.83015,122.17539,2025-06-12,449,N21,n,2.0NRT,4.86,D,0.55,0.51,,,,,,firms,VIIRS,VIIRS_NOAA21_NRT
-2.73452,120.49113,2025-06-12,449,N21,n,2.0NRT,2.43,D,0.36,0.57,,,,,,firms,VIIRS,VIIRS_NOAA21_NRT
-2.58001,121.37585,2025-06-12,449,N21,n,2.0NRT,37.08,D,0.62,0.54,,,,,,firms,VIIRS,VIIRS_NOAA21_NRT
-2.57813,121.37277,2025-06-12,449,N21,n,2.0NRT,21.92,D,0.62,0.54,,,,,,firms,VIIRS,VIIRS_NOAA21_NRT
-2.57733,121.37804,2025-06-12,449,N21,n,2.0NRT,21.92,D,0.62,0.54,,,,,,firms,VIIRS,VIIRS_NOAA21_NRT
-2.00501,121.43373,2025-06-12,449,N21,n,2.0NRT,10.49,D,0.6,0.53,,,,,,firms,VIIRS,VIIRS_NOAA21_NRT
-1.45812,127.43668,2025-06-12,449,N21,n,2.0NRT,21.63,D,0.4,0.37,,,,,,firms,VIIRS,VIIRS_NOAA21_NRT
-1.45669,127.43645,2025-06-12,449,N21,n,2.0NRT,14.12,D,0.4,0.37,,,,,,firms,VIIRS,VIIRS_NOAA21_NRT
-0.86338,133.20639,2025-06-12,449,N21,n,2.0NRT,7.46,D,0.53,0.42,,,,,,firms,VIIRS,VIIRS_NOAA21_NRT
-0.86207,121.63036,2025-06-12,449,N21,n,2.0NRT,4.94,D,0.56,0.51,,,,,,firms,VIIRS,VIIRS_NOAA21_NRT
-0.83949,133.20813,2025-06-12,449,N21,n,2.0NRT,13.68,D,0.53,0.42,,,,,,firms,VIIRS,VIIRS_NOAA21_NRT
-0.7639,133.64357,2025-06-12,449,N21,n,2.0NRT,8.35,D,0.57,0.43,,,,,,firms,VIIRS,VIIRS_NOAA21_NRT
-8.3608,114.03037,2025-06-12,629,N21,n,2.0NRT,3.25,D,0.35,0.57,,,,,,firms,VIIRS,VIIRS_NOAA21_NRT
-8.36024,114.03348,2025-06-12,629,N21,n,2.0NRT,3.25,D,0.35,0.57,,,,,,firms,VIIRS,VIIRS_NOAA21_NRT
-8.11175,112.92632,2025-06-12,629,N21,n,2.0NRT,17.62,D,0.59,0.53,,,,,,firms,VIIRS,VIIRS_NOAA21_NRT
-7.76689,114.36272,2025-06-12,629,N21,n,2.0NRT,7.25,D,0.38,0.58,,,,,,firms,VIIRS,VIIRS_NOAA21_NRT
-7.70346,108.99578,2025-06-12,629,N21,n,2.0NRT,9.74,D,0.51,0.41,,,,,,firms,VIIRS,VIIRS_NOAA21_NRT
-5.73807,105.79241,2025-06-12,629,N21,n,2.0NRT,4.43,D,0.39,0.37,,,,,,firms,VIIRS,VIIRS_NOAA21_NRT
-5.71737,105.77103,2025-06-12,629,N21,n,2.0NRT,8.06,D,0.39,0.37,,,,,,firms,VIIRS,VIIRS_NOAA21_NRT
-5.49491,104.53825,2025-06-12,629,N21,n,2.0NRT,2.51,D,0.38,0.36,,,,,,firms,VIIRS,VIIRS_NOAA21_NRT
-4.7074,104.62228,2025-06-12,629,N21,l,2.0NRT,2.06,D,0.38,0.36,,,,,,firms,VIIRS,VIIRS_NOAA21_NRT
-4.51349,103.08285,2025-06-12,629,N21,n,2.0NRT,3.1,D,0.4,0.37,,,,,,firms,VIIRS,VIIRS_NOAA21_NRT
-4.50852,103.09299,2025-06-12,629,N21,n,2.0NRT,3.17,D,0.4,0.37,,,,,,firms,VIIRS,VIIRS_NOAA21_NRT
-4.3249,104.74594,2025-06-12,629,N21,n,2.0NRT,3.64,D,0.39,0.36,,,,,,firms,VIIRS,VIIRS_NOAA21_NRT
-4.23303,102.84982,2025-06-12,629,N21,n,2.0NRT,1.48,D,0.4,0.37,,,,,,firms,VIIRS,VIIRS_NOAA21_NRT
-4.1658,102.5548,2025-06-12,629,N21,n,2.0NRT,3.73,D,0.41,0.37,,,,,,firms,VIIRS,VIIRS_NOAA21_NRT
-3.97508,104.63443,2025-06-12,629,N21,n,2.0NRT,3.89,D,0.39,0.36,,,,,,firms,VIIRS,VIIRS_NOAA21_NRT
-3.80718,103.81783,2025-06-12,629,N21,n,2.0NRT,6.63,D,0.39,0.36,,,,,,firms,VIIRS,VIIRS_NOAA21_NRT
-3.80666,103.82128,2025-06-12,629,N21,n,2.0NRT,4.99,D,0.39,0.36,,,,,,firms,VIIRS,VIIRS_NOAA21_NRT
-3.7957,103.75961,2025-06-12,629,N21,n,2.0NRT,3.53,D,0.39,0.36,,,,,,firms,VIIRS,VIIRS_NOAA21_NRT
-3.72411,103.71625,2025-06-12,629,N21,n,2.0NRT,4.89,D,0.39,0.36,,,,,,firms,VIIRS,VIIRS_NOAA21_NRT
-3.51286,102.12136,2025-06-12,629,N21,n,2.0NRT,5.75,D,0.42,0.37,,,,,,firms,VIIRS,VIIRS_NOAA21_NRT
-3.32975,101.94058,2025-06-12,629,N21,n,2.0NRT,4.89,D,0.42,0.38,,,,,,firms,VIIRS,VIIRS_NOAA21_NRT
-3.31758,103.75173,2025-06-12,629,N21,n,2.0NRT,3.9,D,0.38,0.36,,,,,,firms,VIIRS,VIIRS_NOAA21_NRT
-3.25707,101.74789,2025-06-12,629,N21,l,2.0NRT,5.1,D,0.43,0.38,,,,,,firms,VIIRS,VIIRS_NOAA21_NRT
-3.09846,103.91765,2025-06-12,629,N21,n,2.0NRT,3.32,D,0.38,0.36,,,,,,firms,VIIRS,VIIRS_NOAA21_NRT
-3.08209,103.64758,2025-06-12,629,N21,n,2.0NRT,6.14,D,0.39,0.36,,,,,,firms,VIIRS,VIIRS_NOAA21_NRT
-2.92502,101.76581,2025-06-12,629,N21,n,2.0NRT,4.93,D,0.42,0.38,,,,,,firms,VIIRS,VIIRS_NOAA21_NRT
-2.91862,106.52401,2025-06-12,629,N21,n,2.0NRT,4.03,D,0.44,0.38,,,,,,firms,VIIRS,VIIRS_NOAA21_NRT
-2.91521,101.7605,2025-06-12,629,N21,n,2.0NRT,2.85,D,0.42,0.38,,,,,,firms,VIIRS,VIIRS_NOAA21_NRT
-2.83241,101.54021,2025-06-12,629,N21,n,2.0NRT,3.45,D,0.43,0.38,,,,,,firms,VIIRS,VIIRS_NOAA21_NRT
-2.80468,106.34798,2025-06-12,629,N21,n,2.0NRT,8.09,D,0.43,0.38,,,,,,firms,VIIRS,VIIRS_NOAA21_NRT
-2.73752,106.23974,2025-06-12,629,N21,n,2.0NRT,5.3,D,0.43,0.38,,,,,,firms,VIIRS,VIIRS_NOAA21_NRT
-2.70934,103.2606,2025-06-12,629,N21,n,2.0NRT,22.23,D,0.39,0.36,,,,,,firms,VIIRS,VIIRS_NOAA21_NRT
-2.6583,106.0232,2025-06-12,629,N21,n,2.0NRT,5.28,D,0.42,0.38,,,,,,firms,VIIRS,VIIRS_NOAA21_NRT
-2.54181,102.9095,2025-06-12,629,N21,n,2.0NRT,1.67,D,0.39,0.36,,,,,,firms,VIIRS,VIIRS_NOAA21_NRT
-2.32251,105.9257,2025-06-12,629,N21,n,2.0NRT,2.09,D,0.42,0.38,,,,,,firms,VIIRS,VIIRS_NOAA21_NRT
-6.8502,108.60956,2025-06-12,631,N21,n,2.0NRT,4.54,D,0.49,0.41,,,,,,firms,VIIRS,VIIRS_NOAA21_NRT
-6.11317,106.20395,2025-06-12,631,N21,n,2.0NRT,2.25,D,0.4,0.37,,,,,,firms,VIIRS,VIIRS_NOAA21_NRT
-6.03183,105.95921,2025-06-12,631,N21,n,2.0NRT,2.24,D,0.4,0.37,,,,,,firms,VIIRS,VIIRS_NOAA21_NRT
-5.97793,106.30872,2025-06-12,631,N21,n,2.0NRT,3.74,D,0.4,0.37,,,,,,firms,VIIRS,VIIRS_NOAA21_NRT
-2.20365,103.09981,2025-06-12,631,N21,n,2.0NRT,57.21,D,0.39,0.36,,,,,,firms,VIIRS,VIIRS_NOAA21_NRT
-2.13501,102.99326,2025-06-12,631,N21,n,2.0NRT,8.33,D,0.39,0.36,,,,,,firms,VIIRS,VIIRS_NOAA21_NRT
-2.13274,102.9858,2025-06-12,631,N21,n,2.0NRT,12.22,D,0.39,0.36,,,,,,firms,VIIRS,VIIRS_NOAA21_NRT
-1.74658,105.56441,2025-06-12,631,N21,n,2.0NRT,12.81,D,0.41,0.37,,,,,,firms,VIIRS,VIIRS_NOAA21_NRT
-1.72806,103.99136,2025-06-12,631,N21,n,2.0NRT,3.46,D,0.38,0.36,,,,,,firms,VIIRS,VIIRS_NOAA21_NRT
-1.72475,103.99087,2025-06-12,631,N21,n,2.0NRT,3.46,D,0.38,0.36,,,,,,firms,VIIRS,VIIRS_NOAA21_NRT
-1.67128,103.2259,2025-06-12,631,N21,n,2.0NRT,2.95,D,0.39,0.36,,,,,,firms,VIIRS,VIIRS_NOAA21_NRT
-1.33697,102.29725,2025-06-12,631,N21,n,2.0NRT,2.76,D,0.4,0.37,,,,,,firms,VIIRS,VIIRS_NOAA21_NRT
-0.66233,101.52245,2025-06-12,631,N21,n,2.0NRT,6.22,D,0.42,0.37,,,,,,firms,VIIRS,VIIRS_NOAA21_NRT
-0.20672,109.28146,2025-06-12,631,N21,n,2.0NRT,14.36,D,0.45,0.47,,,,,,firms,VIIRS,VIIRS_NOAA21_NRT
-0.20579,109.28096,2025-06-12,631,N21,n,2.0NRT,7.35,D,0.45,0.47,,,,,,firms,VIIRS,VIIRS_NOAA21_NRT
-0.20305,109.27679,2025-06-12,631,N21,n,2.0NRT,14.36,D,0.45,0.47,,,,,,firms,VIIRS,VIIRS_NOAA21_NRT
-0.20245,109.28081,2025-06-12,631,N21,h,2.0NRT,14.36,D,0.45,0.47,,,,,,firms,VIIRS,VIIRS_NOAA21_NRT
-0.20005,109.32568,2025-06-12,631,N21,h,2.0NRT,8.55,D,0.45,0.47,,,,,,firms,VIIRS,VIIRS_NOAA21_NRT
-0.19945,109.32973,2025-06-12,631,N21,n,2.0NRT,8.55,D,0.45,0.47,,,,,,firms,VIIRS,VIIRS_NOAA21_NRT
-0.19879,109.32508,2025-06-12,631,N21,h,2.0NRT,12.83,D,0.45,0.47,,,,,,firms,VIIRS,VIIRS_NOAA21_NRT
-0.19878,109.27616,2025-06-12,631,N21,n,2.0NRT,9.17,D,0.45,0.47,,,,,,firms,VIIRS,VIIRS_NOAA21_NRT
-0.19817,109.28017,2025-06-12,631,N21,n,2.0NRT,9.17,D,0.45,0.47,,,,,,firms,VIIRS,VIIRS_NOAA21_NRT
-0.19815,109.32912,2025-06-12,631,N21,n,2.0NRT,12.83,D,0.45,0.47,,,,,,firms,VIIRS,VIIRS_NOAA21_NRT
-0.1976,109.31291,2025-06-12,631,N21,n,2.0NRT,10.63,D,0.45,0.47,,,,,,firms,VIIRS,VIIRS_NOAA21_NRT
-0.19516,109.32906,2025-06-12,631,N21,n,2.0NRT,8.55,D,0.45,0.47,,,,,,firms,VIIRS,VIIRS_NOAA21_NRT
-0.19332,109.31224,2025-06-12,631,N21,n,2.0NRT,7.5,D,0.45,0.47,,,,,,firms,VIIRS,VIIRS_NOAA21_NRT
-0.18902,109.28286,2025-06-12,631,N21,n,2.0NRT,8.25,D,0.45,0.47,,,,,,firms,VIIRS,VIIRS_NOAA21_NRT
-0.14631,109.47634,2025-06-12,631,N21,n,2.0NRT,7.85,D,0.46,0.47,,,,,,firms,VIIRS,VIIRS_NOAA21_NRT
-0.04242,109.4197,2025-06-12,631,N21,n,2.0NRT,3.18,D,0.46,0.47,,,,,,firms,VIIRS,VIIRS_NOAA21_NRT
0.03245,109.31657,2025-06-12,631,N21,n,2.0NRT,2.48,D,0.45,0.47,,,,,,firms,VIIRS,VIIRS_NOAA21_NRT
0.05724,110.04077,2025-06-12,631,N21,n,2.0NRT,9.46,D,0.51,0.49,,,,,,firms,VIIRS,VIIRS_NOAA21_NRT
0.14262,110.11195,2025-06-12,631,N21,n,2.0NRT,7.08,D,0.52,0.5,,,,,,firms,VIIRS,VIIRS_NOAA21_NRT
0.14344,110.23552,2025-06-12,631,N21,n,2.0NRT,41.89,D,0.53,0.5,,,,,,firms,VIIRS,VIIRS_NOAA21_NRT
0.14374,110.23704,2025-06-12,631,N21,n,2.0NRT,32.34,D,0.53,0.5,,,,,,firms,VIIRS,VIIRS_NOAA21_NRT
0.29277,109.45996,2025-06-12,631,N21,n,2.0NRT,14.11,D,0.47,0.48,,,,,,firms,VIIRS,VIIRS_NOAA21_NRT
0.34876,109.06109,2025-06-12,631,N21,n,2.0NRT,7.78,D,0.44,0.46,,,,,,firms,VIIRS,VIIRS_NOAA21_NRT
0.36788,109.35967,2025-06-12,631,N21,n,2.0NRT,4.0,D,0.46,0.47,,,,,,firms,VIIRS,VIIRS_NOAA21_NRT
0.39495,109.65841,2025-06-12,631,N21,n,2.0NRT,8.95,D,0.49,0.48,,,,,,firms,VIIRS,VIIRS_NOAA21_NRT
0.39534,109.65732,2025-06-12,631,N21,n,2.0NRT,11.78,D,0.48,0.48,,,,,,firms,VIIRS,VIIRS_NOAA21_NRT
0.44515,109.51465,2025-06-12,631,N21,n,2.0NRT,42.74,D,0.48,0.48,,,,,,firms,VIIRS,VIIRS_NOAA21_NRT
0.4705,109.20638,2025-06-12,631,N21,n,2.0NRT,8.64,D,0.45,0.47,,,,,,firms,VIIRS,VIIRS_NOAA21_NRT
0.49995,100.51649,2025-06-12,631,N21,n,2.0NRT,12.27,D,0.44,0.39,,,,,,firms,VIIRS,VIIRS_NOAA21_NRT
0.51286,111.1993,2025-06-12,631,N21,n,2.0NRT,6.94,D,0.62,0.54,,,,,,firms,VIIRS,VIIRS_NOAA21_NRT
0.51876,109.58247,2025-06-12,631,N21,n,2.0NRT,5.52,D,0.48,0.48,,,,,,firms,VIIRS,VIIRS_NOAA21_NRT
0.54515,109.15904,2025-06-12,631,N21,n,2.0NRT,10.05,D,0.45,0.47,,,,,,firms,VIIRS,VIIRS_NOAA21_NRT
0.55153,109.73842,2025-06-12,631,N21,n,2.0NRT,17.75,D,0.49,0.49,,,,,,firms,VIIRS,VIIRS_NOAA21_NRT
0.55188,100.57026,2025-06-12,631,N21,n,2.0NRT,2.79,D,0.44,0.38,,,,,,firms,VIIRS,VIIRS_NOAA21_NRT
0.55599,109.73772,2025-06-12,631,N21,n,2.0NRT,14.36,D,0.49,0.49,,,,,,firms,VIIRS,VIIRS_NOAA21_NRT
0.62865,100.05391,2025-06-12,631,N21,n,2.0NRT,28.89,D,0.46,0.39,,,,,,firms,VIIRS,VIIRS_NOAA21_NRT
0.74947,100.27734,2025-06-12,631,N21,n,2.0NRT,23.49,D,0.45,0.39,,,,,,firms,VIIRS,VIIRS_NOAA21_NRT
0.75265,109.85206,2025-06-12,631,N21,n,2.0NRT,5.73,D,0.51,0.49,,,,,,firms,VIIRS,VIIRS_NOAA21_NRT
0.80594,100.26894,2025-06-12,631,N21,n,2.0NRT,6.45,D,0.45,0.39,,,,,,firms,VIIRS,VIIRS_NOAA21_NRT
0.80655,100.27289,2025-06-12,631,N21,n,2.0NRT,10.25,D,0.45,0.39,,,,,,firms,VIIRS,VIIRS_NOAA21_NRT
0.87521,100.12582,2025-06-12,631,N21,n,2.0NRT,14.65,D,0.46,0.39,,,,,,firms,VIIRS,VIIRS_NOAA21_NRT
0.87736,97.86549,2025-06-12,631,N21,n,2.0NRT,5.65,D,0.41,0.45,,,,,,firms,VIIRS,VIIRS_NOAA21_NRT
0.8849,100.07916,2025-06-12,631,N21,n,2.0NRT,7.01,D,0.46,0.39,,,,,,firms,VIIRS,VIIRS_NOAA21_NRT
0.88847,100.07852,2025-06-12,631,N21,n,2.0NRT,7.01,D,0.46,0.39,,,,,,firms,VIIRS,VIIRS_NOAA21_NRT
0.95665,100.44559,2025-06-12,631,N21,n,2.0NRT,4.57,D,0.44,0.38,,,,,,firms,VIIRS,VIIRS_NOAA21_NRT
1.00567,109.76087,2025-06-12,631,N21,n,2.0NRT,10.92,D,0.5,0.49,,,,,,firms,VIIRS,VIIRS_NOAA21_NRT
1.28035,103.70366,2025-06-12,631,N21,n,2.0NRT,2.26,D,0.39,0.36,,,,,,firms,VIIRS,VIIRS_NOAA21_NRT
1.37613,104.15301,2025-06-12,631,N21,l,2.0NRT,8.16,D,0.39,0.36,,,,,,firms,VIIRS,VIIRS_NOAA21_NRT
1.3772,104.16004,2025-06-12,631,N21,n,2.0NRT,25.69,D,0.39,0.36,,,,,,firms,VIIRS,VIIRS_NOAA21_NRT
1.45882,109.96027,2025-06-12,631,N21,n,2.0NRT,10.19,D,0.53,0.5,,,,,,firms,VIIRS,VIIRS_NOAA21_NRT
1.68201,99.5219,2025-06-12,631,N21,n,2.0NRT,2.67,D,0.48,0.4,,,,,,firms,VIIRS,VIIRS_NOAA21_NRT
1.74931,98.69634,2025-06-12,631,N21,n,2.0NRT,22.84,D,0.53,0.42,,,,,,firms,VIIRS,VIIRS_NOAA21_NRT
1.7505,98.69429,2025-06-12,631,N21,n,2.0NRT,12.08,D,0.53,0.42,,,,,,firms,VIIRS,VIIRS_NOAA21_NRT
1.75123,98.69905,2025-06-12,631,N21,n,2.0NRT,15.77,D,0.53,0.42,,,,,,firms,VIIRS,VIIRS_NOAA21_NRT
1.78797,103.15127,2025-06-12,631,N21,n,2.0NRT,2.44,D,0.38,0.36,,,,,,firms,VIIRS,VIIRS_NOAA21_NRT
1.85569,111.52981,2025-06-12,631,N21,n,2.0NRT,3.82,D,0.34,0.56,,,,,,firms,VIIRS,VIIRS_NOAA21_NRT
1.85782,111.52926,2025-06-12,631,N21,n,2.0NRT,4.64,D,0.34,0.56,,,,,,firms,VIIRS,VIIRS_NOAA21_NRT
1.93778,99.76611,2025-06-12,631,N21,n,2.0NRT,3.4,D,0.46,0.39,,,,,,firms,VIIRS,VIIRS_NOAA21_NRT
1.95571,99.45088,2025-06-12,631,N21,n,2.0NRT,19.41,D,0.48,0.4,,,,,,firms,VIIRS,VIIRS_NOAA21_NRT
1.95937,99.45037,2025-06-12,631,N21,n,2.0NRT,19.41,D,0.48,0.4,,,,,,firms,VIIRS,VIIRS_NOAA21_NRT
2.04355,99.46108,2025-06-12,631,N21,n,2.0NRT,10.87,D,0.48,0.4,,,,,,firms,VIIRS,VIIRS_NOAA21_NRT
2.07598,100.35114,2025-06-12,631,N21,n,2.0NRT,8.02,D,0.44,0.38,,,,,,firms,VIIRS,VIIRS_NOAA21_NRT
2.16166,98.89732,2025-06-12,631,N21,n,2.0NRT,5.12,D,0.51,0.41,,,,,,firms,VIIRS,VIIRS_NOAA21_NRT
2.22452,98.45435,2025-06-12,631,N21,n,2.0NRT,4.64,D,0.54,0.42,,,,,,firms,VIIRS,VIIRS_NOAA21_NRT
2.32248,99.49404,2025-06-12,631,N21,n,2.0NRT,2.53,D,0.47,0.4,,,,,,firms,VIIRS,VIIRS_NOAA21_NRT
2.32764,100.3412,2025-06-12,631,N21,l,2.0NRT,6.44,D,0.43,0.38,,,,,,firms,VIIRS,VIIRS_NOAA21_NRT
2.45867,111.95513,2025-06-12,631,N21,n,2.0NRT,3.99,D,0.38,0.58,,,,,,firms,VIIRS,VIIRS_NOAA21_NRT
2.53307,100.23111,2025-06-12,631,N21,n,2.0NRT,12.04,D,0.44,0.38,,,,,,firms,VIIRS,VIIRS_NOAA21_NRT
2.53533,100.23082,2025-06-12,631,N21,n,2.0NRT,22.01,D,0.44,0.38,,,,,,firms,VIIRS,VIIRS_NOAA21_NRT
2.53658,100.23057,2025-06-12,631,N21,n,2.0NRT,12.04,D,0.44,0.38,,,,,,firms,VIIRS,VIIRS_NOAA21_NRT
2.65813,99.29277,2025-06-12,631,N21,n,2.0NRT,4.53,D,0.48,0.4,,,,,,firms,VIIRS,VIIRS_NOAA21_NRT
2.82235,112.34186,2025-06-12,631,N21,n,2.0NRT,7.6,D,0.41,0.6,,,,,,firms,VIIRS,VIIRS_NOAA21_NRT
2.8715,112.32998,2025-06-12,631,N21,n,2.0NRT,3.57,D,0.41,0.6,,,,,,firms,VIIRS,VIIRS_NOAA21_NRT
2.88669,98.52311,2025-06-12,631,N21,n,2.0NRT,4.01,D,0.53,0.42,,,,,,firms,VIIRS,VIIRS_NOAA21_NRT
3.13172,103.00446,2025-06-12,631,N21,n,2.0NRT,6.98,D,0.39,0.36,,,,,,firms,VIIRS,VIIRS_NOAA21_NRT
3.16917,113.19694,2025-06-12,631,N21,n,2.0NRT,6.46,D,0.47,0.64,,,,,,firms,VIIRS,VIIRS_NOAA21_NRT
3.17013,113.19657,2025-06-12,631,N21,n,2.0NRT,5.68,D,0.47,0.64,,,,,,firms,VIIRS,VIIRS_NOAA21_NRT
3.27657,113.07535,2025-06-12,631,N21,n,2.0NRT,3.97,D,0.46,0.64,,,,,,firms,VIIRS,VIIRS_NOAA21_NRT
3.27696,113.07491,2025-06-12,631,N21,n,2.0NRT,3.88,D,0.46,0.64,,,,,,firms,VIIRS,VIIRS_NOAA21_NRT
3.29006,113.08638,2025-06-12,631,N21,n,2.0NRT,3.28,D,0.47,0.64,,,,,,firms,VIIRS,VIIRS_NOAA21_NRT
3.4733,101.21765,2025-06-12,631,N21,n,2.0NRT,2.01,D,0.4,0.37,,,,,,firms,VIIRS,VIIRS_NOAA21_NRT
3.4899,101.47959,2025-06-12,631,N21,l,2.0NRT,9.01,D,0.39,0.36,,,,,,firms,VIIRS,VIIRS_NOAA21_NRT
3.51521,103.22394,2025-06-12,631,N21,n,2.0NRT,7.82,D,0.39,0.36,,,,,,firms,VIIRS,VIIRS_NOAA21_NRT
3.54285,101.11916,2025-06-12,631,N21,n,2.0NRT,2.92,D,0.4,0.37,,,,,,firms,VIIRS,VIIRS_NOAA21_NRT
3.54455,101.10789,2025-06-12,631,N21,n,2.0NRT,2.25,D,0.4,0.37,,,,,,firms,VIIRS,VIIRS_NOAA21_NRT
3.54794,101.08538,2025-06-12,631,N21,n,2.0NRT,3.47,D,0.4,0.37,,,,,,firms,VIIRS,VIIRS_NOAA21_NRT
3.55409,101.10278,2025-06-12,631,N21,n,2.0NRT,6.47,D,0.4,0.37,,,,,,firms,VIIRS,VIIRS_NOAA21_NRT
3.60448,112.41387,2025-06-12,631,N21,n,2.0NRT,4.34,D,0.42,0.61,,,,,,firms,VIIRS,VIIRS_NOAA21_NRT
3.6061,112.41166,2025-06-12,631,N21,n,2.0NRT,4.94,D,0.42,0.61,,,,,,firms,VIIRS,VIIRS_NOAA21_NRT
3.89732,102.47242,2025-06-12,631,N21,n,2.0NRT,2.25,D,0.38,0.36,,,,,,firms,VIIRS,VIIRS_NOAA21_NRT
3.98641,103.3718,2025-06-12,631,N21,n,2.0NRT,3.33,D,0.39,0.36,,,,,,firms,VIIRS,VIIRS_NOAA21_NRT
4.51035,105.25211,2025-06-12,631,N21,n,2.0NRT,4.31,D,0.45,0.39,,,,,,firms,VIIRS,VIIRS_NOAA21_NRT
4.556,103.4559,2025-06-12,631,N21,n,2.0NRT,2.8,D,0.39,0.36,,,,,,firms,VIIRS,VIIRS_NOAA21_NRT
4.55653,103.45943,2025-06-12,631,N21,n,2.0NRT,2.8,D,0.39,0.37,,,,,,firms,VIIRS,VIIRS_NOAA21_NRT
4.57553,103.44935,2025-06-12,631,N21,l,2.0NRT,2.4,D,0.39,0.36,,,,,,firms,VIIRS,VIIRS_NOAA21_NRT
4.65987,103.3785,2025-06-12,631,N21,n,2.0NRT,6.41,D,0.39,0.36,,,,,,firms,VIIRS,VIIRS_NOAA21_NRT
4.9775,112.98561,2025-06-12,631,N21,h,2.0NRT,11.21,D,0.49,0.65,,,,,,firms,VIIRS,VIIRS_NOAA21_NRT
4.97961,112.98291,2025-06-12,631,N21,n,2.0NRT,7.26,D,0.48,0.65,,,,,,firms,VIIRS,VIIRS_NOAA21_NRT
4.98024,112.98726,2025-06-12,631,N21,n,2.0NRT,6.75,D,0.48,0.65,,,,,,firms,VIIRS,VIIRS_NOAA21_NRT
-2.44396,133.13097,2025-06-12,1550,N21,n,2.0NRT,1.87,N,0.44,0.62,,,,,,firms,VIIRS,VIIRS_NOAA21_NRT
-2.44331,133.12704,2025-06-12,1550,N21,n,2.0NRT,1.87,N,0.44,0.62,,,,,,firms,VIIRS,VIIRS_NOAA21_NRT
-2.43953,133.13957,2025-06-12,1550,N21,n,2.0NRT,1.39,N,0.44,0.62,,,,,,firms,VIIRS,VIIRS_NOAA21_NRT
-1.82007,136.74979,2025-06-12,1550,N21,n,2.0NRT,4.36,N,0.5,0.49,,,,,,firms,VIIRS,VIIRS_NOAA21_NRT
-1.81563,136.75076,2025-06-12,1550,N21,n,2.0NRT,4.36,N,0.5,0.49,,,,,,firms,VIIRS,VIIRS_NOAA21_NRT
-0.998,134.02274,2025-06-12,1550,N21,n,2.0NRT,0.86,N,0.4,0.6,,,,,,firms,VIIRS,VIIRS_NOAA21_NRT
1.5174,127.93895,2025-06-12,1730,N21,n,2.0NRT,0.89,N,0.38,0.59,,,,,,firms,VIIRS,VIIRS_NOAA21_NRT
1.69938,127.87681,2025-06-12,1730,N21,n,2.0NRT,0.57,N,0.37,0.58,,,,,,firms,VIIRS,VIIRS_NOAA21_NRT
1.70025,127.87659,2025-06-12,1730,N21,n,2.0NRT,1.0,N,0.37,0.58,,,,,,firms,VIIRS,VIIRS_NOAA21_NRT
3.02068,113.89921,2025-06-12,1730,N21,n,2.0NRT,0.45,N,0.4,0.45,,,,,,firms,VIIRS,VIIRS_NOAA21_NRT
3.28897,113.08279,2025-06-12,1730,N21,n,2.0NRT,3.54,N,0.46,0.47,,,,,,firms,VIIRS,VIIRS_NOAA21_NRT
3.60513,112.40958,2025-06-12,1730,N21,n,2.0NRT,7.81,N,0.52,0.5,,,,,,firms,VIIRS,VIIRS_NOAA21_NRT
4.98038,112.98065,2025-06-12,1730,N21,n,2.0NRT,3.45,N,0.5,0.49,,,,,,firms,VIIRS,VIIRS_NOAA21_NRT
5.87483,114.29556,2025-06-12,1730,N21,n,2.0NRT,2.38,N,0.42,0.45,,,,,,firms,VIIRS,VIIRS_NOAA21_NRT
-3.03629,115.15837,2025-06-12,1732,N21,n,2.0NRT,0.77,N,0.44,0.38,,,,,,firms,VIIRS,VIIRS_NOAA21_NRT
-2.99121,115.21329,2025-06-12,1732,N21,n,2.0NRT,0.93,N,0.44,0.38,,,,,,firms,VIIRS,VIIRS_NOAA21_NRT
-2.94275,115.23278,2025-06-12,1732,N21,n,2.0NRT,1.69,N,0.44,0.38,,,,,,firms,VIIRS,VIIRS_NOAA21_NRT
-2.21163,115.49754,2025-06-12,1732,N21,n,2.0NRT,3.57,N,0.43,0.38,,,,,,firms,VIIRS,VIIRS_NOAA21_NRT
-2.17329,115.57031,2025-06-12,1732,N21,n,2.0NRT,1.41,N,0.43,0.38,,,,,,firms,VIIRS,VIIRS_NOAA21_NRT
-2.16982,115.57085,2025-06-12,1732,N21,n,2.0NRT,1.47,N,0.43,0.38,,,,,,firms,VIIRS,VIIRS_NOAA21_NRT
-2.16696,115.57522,2025-06-12,1732,N21,n,2.0NRT,2.77,N,0.43,0.38,,,,,,firms,VIIRS,VIIRS_NOAA21_NRT
-2.06109,115.57135,2025-06-12,1732,N21,n,2.0NRT,1.13,N,0.43,0.38,,,,,,firms,VIIRS,VIIRS_NOAA21_NRT
-2.01133,121.41998,2025-06-12,1732,N21,n,2.0NRT,3.4,N,0.48,0.4,,,,,,firms,VIIRS,VIIRS_NOAA21_NRT
-2.00766,121.42045,2025-06-12,1732,N21,n,2.0NRT,2.84,N,0.48,0.4,,,,,,firms,VIIRS,VIIRS_NOAA21_NRT
-2.00702,121.41626,2025-06-12,1732,N21,n,2.0NRT,2.12,N,0.48,0.4,,,,,,firms,VIIRS,VIIRS_NOAA21_NRT
-1.89676,115.86404,2025-06-12,1732,N21,n,2.0NRT,2.5,N,0.42,0.38,,,,,,firms,VIIRS,VIIRS_NOAA21_NRT
-1.89333,115.86457,2025-06-12,1732,N21,n,2.0NRT,2.5,N,0.42,0.38,,,,,,firms,VIIRS,VIIRS_NOAA21_NRT
-1.31342,113.08209,2025-06-12,1732,N21,n,2.0NRT,0.78,N,0.4,0.44,,,,,,firms,VIIRS,VIIRS_NOAA21_NRT
-1.29955,113.39355,2025-06-12,1732,N21,n,2.0NRT,0.37,N,0.57,0.43,,,,,,firms,VIIRS,VIIRS_NOAA21_NRT
-1.24615,116.81322,2025-06-12,1732,N21,n,2.0NRT,3.16,N,0.4,0.37,,,,,,firms,VIIRS,VIIRS_NOAA21_NRT
-0.84485,117.2685,2025-06-12,1732,N21,n,2.0NRT,1.35,N,0.39,0.36,,,,,,firms,VIIRS,VIIRS_NOAA21_NRT
-0.24398,109.41973,2025-06-12,1732,N21,n,2.0NRT,1.55,N,0.36,0.58,,,,,,firms,VIIRS,VIIRS_NOAA21_NRT
-0.24347,109.41649,2025-06-12,1732,N21,n,2.0NRT,1.54,N,0.37,0.58,,,,,,firms,VIIRS,VIIRS_NOAA21_NRT
-0.23822,109.41737,2025-06-12,1732,N21,n,2.0NRT,1.54,N,0.37,0.58,,,,,,firms,VIIRS,VIIRS_NOAA21_NRT
-0.20637,109.28455,2025-06-12,1732,N21,n,2.0NRT,1.07,N,0.37,0.58,,,,,,firms,VIIRS,VIIRS_NOAA21_NRT
-0.2032,109.26453,2025-06-12,1732,N21,n,2.0NRT,1.13,N,0.37,0.58,,,,,,firms,VIIRS,VIIRS_NOAA21_NRT
-0.20309,109.33236,2025-06-12,1732,N21,n,2.0NRT,0.95,N,0.37,0.58,,,,,,firms,VIIRS,VIIRS_NOAA21_NRT
-0.20153,109.32253,2025-06-12,1732,N21,n,2.0NRT,1.08,N,0.37,0.58,,,,,,firms,VIIRS,VIIRS_NOAA21_NRT
-0.20105,109.28533,2025-06-12,1732,N21,n,2.0NRT,0.93,N,0.37,0.58,,,,,,firms,VIIRS,VIIRS_NOAA21_NRT
-0.19674,109.32662,2025-06-12,1732,N21,n,2.0NRT,2.81,N,0.37,0.58,,,,,,firms,VIIRS,VIIRS_NOAA21_NRT
-0.19465,109.31348,2025-06-12,1732,N21,n,2.0NRT,1.39,N,0.37,0.58,,,,,,firms,VIIRS,VIIRS_NOAA21_NRT
-0.19412,109.31017,2025-06-12,1732,N21,n,2.0NRT,2.56,N,0.37,0.58,,,,,,firms,VIIRS,VIIRS_NOAA21_NRT
-0.18988,109.28358,2025-06-12,1732,N21,n,2.0NRT,1.37,N,0.37,0.58,,,,,,firms,VIIRS,VIIRS_NOAA21_NRT
-0.18934,109.28027,2025-06-12,1732,N21,n,2.0NRT,1.37,N,0.37,0.58,,,,,,firms,VIIRS,VIIRS_NOAA21_NRT
-0.12395,109.34171,2025-06-12,1732,N21,n,2.0NRT,1.2,N,0.37,0.58,,,,,,firms,VIIRS,VIIRS_NOAA21_NRT
-0.12343,109.33842,2025-06-12,1732,N21,n,2.0NRT,1.2,N,0.37,0.58,,,,,,firms,VIIRS,VIIRS_NOAA21_NRT
0.79835,110.71014,2025-06-12,1732,N21,n,2.0NRT,2.21,N,0.62,0.54,,,,,,firms,VIIRS,VIIRS_NOAA21_NRT
0.80127,110.70727,2025-06-12,1732,N21,n,2.0NRT,2.08,N,0.62,0.54,,,,,,firms,VIIRS,VIIRS_NOAA21_NRT
1.93708,109.47785,2025-06-12,1732,N21,n,2.0NRT,1.13,N,0.39,0.59,,,,,,firms,VIIRS,VIIRS_NOAA21_NRT
1.93762,109.47438,2025-06-12,1732,N21,n,2.0NRT,1.8,N,0.39,0.59,,,,,,firms,VIIRS,VIIRS_NOAA21_NRT
1.99177,111.41096,2025-06-12,1732,N21,n,2.0NRT,2.9,N,0.57,0.52,,,,,,firms,VIIRS,VIIRS_NOAA21_NRT
1.99289,111.40953,2025-06-12,1732,N21,n,2.0NRT,3.46,N,0.58,0.52,,,,,,firms,VIIRS,VIIRS_NOAA21_NRT
-8.74733,118.22116,2025-06-12,1734,N21,n,2.0NRT,1.36,N,0.41,0.37,,,,,,firms,VIIRS,VIIRS_NOAA21_NRT
-8.74396,118.26732,2025-06-12,1734,N21,n,2.0NRT,0.67,N,0.41,0.37,,,,,,firms,VIIRS,VIIRS_NOAA21_NRT
-8.26065,117.99783,2025-06-12,1734,N21,n,2.0NRT,1.33,N,0.4,0.37,,,,,,firms,VIIRS,VIIRS_NOAA21_NRT
-8.11696,114.05662,2025-06-12,1734,N21,n,2.0NRT,2.51,N,0.44,0.38,,,,,,firms,VIIRS,VIIRS_NOAA21_NRT
-8.1135,112.92367,2025-06-12,1734,N21,n,2.0NRT,4.94,N,0.49,0.4,,,,,,firms,VIIRS,VIIRS_NOAA21_NRT
-8.11276,118.03404,2025-06-12,1734,N21,n,2.0NRT,2.8,N,0.4,0.37,,,,,,firms,VIIRS,VIIRS_NOAA21_NRT
-7.24065,111.73219,2025-06-12,1734,N21,n,2.0NRT,2.07,N,0.39,0.44,,,,,,firms,VIIRS,VIIRS_NOAA21_NRT
-6.54684,108.09305,2025-06-12,1734,N21,n,2.0NRT,2.29,N,0.35,0.57,,,,,,firms,VIIRS,VIIRS_NOAA21_NRT
-6.54612,108.0942,2025-06-12,1734,N21,n,2.0NRT,2.26,N,0.35,0.57,,,,,,firms,VIIRS,VIIRS_NOAA21_NRT
-6.30327,108.63352,2025-06-12,1734,N21,n,2.0NRT,4.99,N,0.33,0.55,,,,,,firms,VIIRS,VIIRS_NOAA21_NRT
-6.30277,108.63058,2025-06-12,1734,N21,n,2.0NRT,4.82,N,0.33,0.55,,,,,,firms,VIIRS,VIIRS_NOAA21_NRT
-6.18533,106.3551,2025-06-12,1734,N21,n,2.0NRT,0.86,N,0.47,0.64,,,,,,firms,VIIRS,VIIRS_NOAA21_NRT
-6.01157,105.98519,2025-06-12,1734,N21,n,2.0NRT,2.34,N,0.51,0.66,,,,,,firms,VIIRS,VIIRS_NOAA21_NRT
-6.00995,105.97611,2025-06-12,1734,N21,n,2.0NRT,1.77,N,0.51,0.66,,,,,,firms,VIIRS,VIIRS_NOAA21_NRT
4.55492,103.45908,2025-06-12,1910,N21,n,2.0NRT,1.83,N,0.39,0.59,,,,,,firms,VIIRS,VIIRS_NOAA21_NRT
4.55551,103.45564,2025-06-12,1910,N21,n,2.0NRT,1.83,N,0.39,0.59,,,,,,firms,VIIRS,VIIRS_NOAA21_NRT
4.99839,102.27527,2025-06-12,1910,N21,n,2.0NRT,1.16,N,0.32,0.54,,,,,,firms,VIIRS,VIIRS_NOAA21_NRT
5.22251,97.0715,2025-06-12,1910,N21,n,2.0NRT,0.8,N,0.45,0.39,,,,,,firms,VIIRS,VIIRS_NOAA21_NRT
5.22511,97.10078,2025-06-12,1910,N21,n,2.0NRT,2.44,N,0.45,0.39,,,,,,firms,VIIRS,VIIRS_NOAA21_NRT
5.22518,96.89662,2025-06-12,1910,N21,n,2.0NRT,1.43,N,0.44,0.38,,,,,,firms,VIIRS,VIIRS_NOAA21_NRT
-1.70268,102.68609,2025-06-12,1913,N21,n,2.0NRT,1.03,N,0.44,0.62,,,,,,firms,VIIRS,VIIRS_NOAA21_NRT
-1.70037,102.68851,2025-06-12,1913,N21,n,2.0NRT,1.2,N,0.44,0.62,,,,,,firms,VIIRS,VIIRS_NOAA21_NRT
-1.17512,103.35836,2025-06-12,1913,N21,n,2.0NRT,0.59,N,0.48,0.64,,,,,,firms,VIIRS,VIIRS_NOAA21_NRT
0.44447,101.89215,2025-06-12,1913,N21,n,2.0NRT,1.01,N,0.35,0.57,,,,,,firms,VIIRS,VIIRS_NOAA21_NRT
1.35346,104.16376,2025-06-12,1913,N21,n,2.0NRT,2.29,N,0.49,0.65,,,,,,firms,VIIRS,VIIRS_NOAA21_NRT
1.37269,104.15787,2025-06-12,1913,N21,n,2.0NRT,3.16,N,0.49,0.65,,,,,,firms,VIIRS,VIIRS_NOAA21_NRT
1.37598,104.15932,2025-06-12,1913,N21,n,2.0NRT,9.74,N,0.49,0.65,,,,,,firms,VIIRS,VIIRS_NOAA21_NRT
1.3767,104.15499,2025-06-12,1913,N21,n,2.0NRT,10.18,N,0.49,0.65,,,,,,firms,VIIRS,VIIRS_NOAA21_NRT
1.37859,104.15906,2025-06-12,1913,N21,n,2.0NRT,6.22,N,0.49,0.65,,,,,,firms,VIIRS,VIIRS_NOAA21_NRT
1.37928,104.15472,2025-06-12,1913,N21,n,2.0NRT,6.22,N,0.49,0.65,,,,,,firms,VIIRS,VIIRS_NOAA21_NRT
1.4732,100.2599,2025-06-12,1913,N21,n,2.0NRT,1.17,N,0.53,0.5,,,,,,firms,VIIRS,VIIRS_NOAA21_NRT
1.47383,100.26118,2025-06-12,1913,N21,n,2.0NRT,0.56,N,0.53,0.5,,,,,,firms,VIIRS,VIIRS_NOAA21_NRT
1.76264,101.2617,2025-06-12,1913,N21,n,2.0NRT,5.24,N,0.61,0.53,,,,,,firms,VIIRS,VIIRS_NOAA21_NRT
1.76371,101.26532,2025-06-12,1913,N21,n,2.0NRT,3.55,N,0.61,0.53,,,,,,firms,VIIRS,VIIRS_NOAA21_NRT
1.76455,101.25988,2025-06-12,1913,N21,n,2.0NRT,6.33,N,0.61,0.53,,,,,,firms,VIIRS,VIIRS_NOAA21_NRT
1.7675,101.26253,2025-06-12,1913,N21,n,2.0NRT,2.89,N,0.61,0.53,,,,,,firms,VIIRS,VIIRS_NOAA21_NRT
2.07549,100.35117,2025-06-12,1913,N21,n,2.0NRT,3.11,N,0.52,0.5,,,,,,firms,VIIRS,VIIRS_NOAA21_NRT
2.88591,98.51468,2025-06-12,1913,N21,n,2.0NRT,1.33,N,0.38,0.43,,,,,,firms,VIIRS,VIIRS_NOAA21_NRT
3.64338,98.68661,2025-06-12,1913,N21,n,2.0NRT,1.1,N,0.38,0.43,,,,,,firms,VIIRS,VIIRS_NOAA21_NRT
4.59768,97.89992,2025-06-12,1913,N21,n,2.0NRT,1.1,N,0.5,0.41,,,,,,firms,VIIRS,VIIRS_NOAA21_NRT
-3.81,103.81947,2025-06-12,1915,N21,n,2.0NRT,3.03,N,0.56,0.69,,,,,,firms,VIIRS,VIIRS_NOAA21_NRT
-3.80934,103.81478,2025-06-12,1915,N21,n,2.0NRT,3.03,N,0.56,0.69,,,,,,firms,VIIRS,VIIRS_NOAA21_NRT
-3.80579,103.8194,2025-06-12,1915,N21,n,2.0NRT,4.31,N,0.56,0.69,,,,,,firms,VIIRS,VIIRS_NOAA21_NRT
-3.8051,103.81472,2025-06-12,1915,N21,n,2.0NRT,4.5,N,0.56,0.69,,,,,,firms,VIIRS,VIIRS_NOAA21_NRT
-3.50179,104.93929,2025-06-12,1915,N21,n,2.0NRT,1.02,N,0.67,0.73,,,,,,firms,VIIRS,VIIRS_NOAA21_NRT
-3.31769,104.11973,2025-06-12,1915,N21,n,2.0NRT,1.3,N,0.58,0.7,,,,,,firms,VIIRS,VIIRS_NOAA21_NRT
-8.50146,140.44083,2025-06-13,427,N21,n,2.0NRT,3.59,D,0.39,0.44,,,,,,firms,VIIRS,VIIRS_NOAA21_NRT
-4.09503,138.90973,2025-06-13,429,N21,n,2.0NRT,4.05,D,0.55,0.43,,,,,,firms,VIIRS,VIIRS_NOAA21_NRT
-3.90694,138.27122,2025-06-13,429,N21,n,2.0NRT,14.66,D,0.51,0.41,,,,,,firms,VIIRS,VIIRS_NOAA21_NRT
-1.81654,136.75166,2025-06-13,429,N21,n,2.0NRT,7.17,D,0.45,0.39,,,,,,firms,VIIRS,VIIRS_NOAA21_NRT
-9.41386,119.82847,2025-06-13,610,N21,n,2.0NRT,4.13,D,0.39,0.59,,,,,,firms,VIIRS,VIIRS_NOAA21_NRT
-7.70234,108.99412,2025-06-13,610,N21,n,2.0NRT,3.07,D,0.39,0.36,,,,,,firms,VIIRS,VIIRS_NOAA21_NRT
-6.94648,108.7585,2025-06-13,610,N21,n,2.0NRT,3.36,D,0.39,0.36,,,,,,firms,VIIRS,VIIRS_NOAA21_NRT
-5.78359,105.7699,2025-06-13,610,N21,n,2.0NRT,3.78,D,0.49,0.4,,,,,,firms,VIIRS,VIIRS_NOAA21_NRT
-3.88822,104.07764,2025-06-13,612,N21,n,2.0NRT,4.96,D,0.39,0.44,,,,,,firms,VIIRS,VIIRS_NOAA21_NRT
-3.80481,103.82055,2025-06-13,612,N21,n,2.0NRT,6.03,D,0.4,0.44,,,,,,firms,VIIRS,VIIRS_NOAA21_NRT
-3.80467,103.81956,2025-06-13,612,N21,n,2.0NRT,6.44,D,0.4,0.44,,,,,,firms,VIIRS,VIIRS_NOAA21_NRT
-3.44007,103.02514,2025-06-13,612,N21,n,2.0NRT,3.17,D,0.44,0.46,,,,,,firms,VIIRS,VIIRS_NOAA21_NRT
-3.39769,103.28149,2025-06-13,612,N21,n,2.0NRT,3.72,D,0.43,0.46,,,,,,firms,VIIRS,VIIRS_NOAA21_NRT
-3.39351,103.28088,2025-06-13,612,N21,n,2.0NRT,3.72,D,0.43,0.46,,,,,,firms,VIIRS,VIIRS_NOAA21_NRT
-3.32569,103.35192,2025-06-13,612,N21,n,2.0NRT,17.73,D,0.42,0.45,,,,,,firms,VIIRS,VIIRS_NOAA21_NRT
-3.32381,103.97031,2025-06-13,612,N21,n,2.0NRT,2.61,D,0.39,0.44,,,,,,firms,VIIRS,VIIRS_NOAA21_NRT
-3.28926,103.3965,2025-06-13,612,N21,n,2.0NRT,3.26,D,0.42,0.45,,,,,,firms,VIIRS,VIIRS_NOAA21_NRT
-3.11519,103.1427,2025-06-13,612,N21,n,2.0NRT,7.3,D,0.43,0.46,,,,,,firms,VIIRS,VIIRS_NOAA21_NRT
-3.06297,103.6549,2025-06-13,612,N21,n,2.0NRT,3.09,D,0.4,0.44,,,,,,firms,VIIRS,VIIRS_NOAA21_NRT
-2.87389,103.33539,2025-06-13,612,N21,n,2.0NRT,3.84,D,0.42,0.45,,,,,,firms,VIIRS,VIIRS_NOAA21_NRT
-2.67482,102.99218,2025-06-13,612,N21,n,2.0NRT,3.87,D,0.44,0.46,,,,,,firms,VIIRS,VIIRS_NOAA21_NRT
-2.64388,103.11372,2025-06-13,612,N21,n,2.0NRT,6.89,D,0.43,0.46,,,,,,firms,VIIRS,VIIRS_NOAA21_NRT
-2.50908,104.44162,2025-06-13,612,N21,n,2.0NRT,4.87,D,0.53,0.42,,,,,,firms,VIIRS,VIIRS_NOAA21_NRT
-2.17583,103.08147,2025-06-13,612,N21,n,2.0NRT,7.79,D,0.42,0.45,,,,,,firms,VIIRS,VIIRS_NOAA21_NRT
-2.17526,103.08522,2025-06-13,612,N21,n,2.0NRT,7.67,D,0.42,0.45,,,,,,firms,VIIRS,VIIRS_NOAA21_NRT
-2.08114,110.66463,2025-06-13,612,N21,n,2.0NRT,10.88,D,0.42,0.38,,,,,,firms,VIIRS,VIIRS_NOAA21_NRT
-2.0777,110.66409,2025-06-13,612,N21,n,2.0NRT,17.64,D,0.42,0.38,,,,,,firms,VIIRS,VIIRS_NOAA21_NRT
-1.9633,105.26582,2025-06-13,612,N21,n,2.0NRT,2.4,D,0.47,0.4,,,,,,firms,VIIRS,VIIRS_NOAA21_NRT
-1.96069,105.26494,2025-06-13,612,N21,n,2.0NRT,2.7,D,0.47,0.4,,,,,,firms,VIIRS,VIIRS_NOAA21_NRT
-1.96007,105.26916,2025-06-13,612,N21,n,2.0NRT,3.62,D,0.47,0.4,,,,,,firms,VIIRS,VIIRS_NOAA21_NRT
-1.92869,105.2004,2025-06-13,612,N21,n,2.0NRT,3.64,D,0.47,0.4,,,,,,firms,VIIRS,VIIRS_NOAA21_NRT
-1.92505,105.19985,2025-06-13,612,N21,n,2.0NRT,14.43,D,0.47,0.4,,,,,,firms,VIIRS,VIIRS_NOAA21_NRT
-1.68123,110.30031,2025-06-13,612,N21,n,2.0NRT,5.18,D,0.41,0.37,,,,,,firms,VIIRS,VIIRS_NOAA21_NRT
-1.32916,113.96758,2025-06-13,612,N21,n,2.0NRT,3.4,D,0.43,0.46,,,,,,firms,VIIRS,VIIRS_NOAA21_NRT
-1.25882,111.65414,2025-06-13,612,N21,n,2.0NRT,6.08,D,0.47,0.4,,,,,,firms,VIIRS,VIIRS_NOAA21_NRT
-1.18835,102.77402,2025-06-13,612,N21,n,2.0NRT,3.15,D,0.43,0.46,,,,,,firms,VIIRS,VIIRS_NOAA21_NRT
-0.79323,110.30415,2025-06-13,612,N21,n,2.0NRT,5.98,D,0.42,0.37,,,,,,firms,VIIRS,VIIRS_NOAA21_NRT
-0.76344,110.33771,2025-06-13,612,N21,n,2.0NRT,10.64,D,0.42,0.38,,,,,,firms,VIIRS,VIIRS_NOAA21_NRT
-0.66061,104.23736,2025-06-13,612,N21,n,2.0NRT,8.69,D,0.51,0.41,,,,,,firms,VIIRS,VIIRS_NOAA21_NRT
-0.65683,104.2368,2025-06-13,612,N21,n,2.0NRT,8.69,D,0.51,0.41,,,,,,firms,VIIRS,VIIRS_NOAA21_NRT
-0.61,116.01866,2025-06-13,612,N21,n,2.0NRT,12.85,D,0.6,0.53,,,,,,firms,VIIRS,VIIRS_NOAA21_NRT
-0.60512,116.01797,2025-06-13,612,N21,n,2.0NRT,12.85,D,0.6,0.53,,,,,,firms,VIIRS,VIIRS_NOAA21_NRT
-0.45937,114.1009,2025-06-13,612,N21,n,2.0NRT,3.52,D,0.45,0.47,,,,,,firms,VIIRS,VIIRS_NOAA21_NRT
-0.3473,117.22733,2025-06-13,612,N21,n,2.0NRT,4.43,D,0.37,0.58,,,,,,firms,VIIRS,VIIRS_NOAA21_NRT
-0.24025,109.41737,2025-06-13,612,N21,n,2.0NRT,6.33,D,0.4,0.37,,,,,,firms,VIIRS,VIIRS_NOAA21_NRT
-0.20539,109.37585,2025-06-13,612,N21,n,2.0NRT,31.31,D,0.4,0.37,,,,,,firms,VIIRS,VIIRS_NOAA21_NRT
-0.20181,109.33189,2025-06-13,612,N21,n,2.0NRT,7.74,D,0.4,0.37,,,,,,firms,VIIRS,VIIRS_NOAA21_NRT
-0.19954,109.32431,2025-06-13,612,N21,n,2.0NRT,7.81,D,0.4,0.37,,,,,,firms,VIIRS,VIIRS_NOAA21_NRT
-0.199,109.32784,2025-06-13,612,N21,n,2.0NRT,7.74,D,0.4,0.37,,,,,,firms,VIIRS,VIIRS_NOAA21_NRT
-0.19846,109.33137,2025-06-13,612,N21,n,2.0NRT,7.74,D,0.4,0.37,,,,,,firms,VIIRS,VIIRS_NOAA21_NRT
-0.19566,109.32733,2025-06-13,612,N21,n,2.0NRT,8.63,D,0.4,0.37,,,,,,firms,VIIRS,VIIRS_NOAA21_NRT
-0.19512,109.33086,2025-06-13,612,N21,n,2.0NRT,8.63,D,0.4,0.37,,,,,,firms,VIIRS,VIIRS_NOAA21_NRT
-0.1843,109.40163,2025-06-13,612,N21,n,2.0NRT,33.17,D,0.4,0.37,,,,,,firms,VIIRS,VIIRS_NOAA21_NRT
-0.14452,109.37024,2025-06-13,612,N21,n,2.0NRT,14.79,D,0.4,0.37,,,,,,firms,VIIRS,VIIRS_NOAA21_NRT
-0.12593,109.34161,2025-06-13,612,N21,n,2.0NRT,7.19,D,0.4,0.37,,,,,,firms,VIIRS,VIIRS_NOAA21_NRT
-0.12258,109.3411,2025-06-13,612,N21,n,2.0NRT,7.19,D,0.4,0.37,,,,,,firms,VIIRS,VIIRS_NOAA21_NRT
-0.11333,109.59512,2025-06-13,612,N21,n,2.0NRT,4.85,D,0.4,0.37,,,,,,firms,VIIRS,VIIRS_NOAA21_NRT
-0.11256,116.21747,2025-06-13,612,N21,n,2.0NRT,9.92,D,0.63,0.54,,,,,,firms,VIIRS,VIIRS_NOAA21_NRT
-0.06486,109.53976,2025-06-13,612,N21,n,2.0NRT,3.29,D,0.4,0.37,,,,,,firms,VIIRS,VIIRS_NOAA21_NRT
0.03967,109.28698,2025-06-13,612,N21,n,2.0NRT,2.5,D,0.4,0.37,,,,,,firms,VIIRS,VIIRS_NOAA21_NRT
0.09604,110.13494,2025-06-13,612,N21,n,2.0NRT,6.87,D,0.42,0.38,,,,,,firms,VIIRS,VIIRS_NOAA21_NRT
0.09947,110.13442,2025-06-13,612,N21,n,2.0NRT,6.87,D,0.42,0.38,,,,,,firms,VIIRS,VIIRS_NOAA21_NRT
0.16014,110.00327,2025-06-13,612,N21,n,2.0NRT,21.31,D,0.41,0.37,,,,,,firms,VIIRS,VIIRS_NOAA21_NRT
0.19083,109.51892,2025-06-13,612,N21,n,2.0NRT,2.98,D,0.4,0.37,,,,,,firms,VIIRS,VIIRS_NOAA21_NRT
0.2043,109.74204,2025-06-13,612,N21,n,2.0NRT,6.0,D,0.41,0.37,,,,,,firms,VIIRS,VIIRS_NOAA21_NRT
0.22193,109.16855,2025-06-13,612,N21,n,2.0NRT,3.8,D,0.39,0.36,,,,,,firms,VIIRS,VIIRS_NOAA21_NRT
0.2876,110.07941,2025-06-13,612,N21,n,2.0NRT,4.43,D,0.42,0.37,,,,,,firms,VIIRS,VIIRS_NOAA21_NRT
0.30557,117.48507,2025-06-13,612,N21,n,2.0NRT,3.71,D,0.39,0.6,,,,,,firms,VIIRS,VIIRS_NOAA21_NRT
0.33555,109.65447,2025-06-13,612,N21,n,2.0NRT,5.52,D,0.41,0.37,,,,,,firms,VIIRS,VIIRS_NOAA21_NRT
0.41039,109.53243,2025-06-13,612,N21,n,2.0NRT,3.72,D,0.4,0.37,,,,,,firms,VIIRS,VIIRS_NOAA21_NRT
0.44089,110.19033,2025-06-13,612,N21,n,2.0NRT,2.79,D,0.42,0.38,,,,,,firms,VIIRS,VIIRS_NOAA21_NRT
0.44529,102.07236,2025-06-13,612,N21,n,2.0NRT,6.86,D,0.45,0.47,,,,,,firms,VIIRS,VIIRS_NOAA21_NRT
0.44989,109.50813,2025-06-13,612,N21,n,2.0NRT,3.4,D,0.4,0.37,,,,,,firms,VIIRS,VIIRS_NOAA21_NRT
0.52763,117.24741,2025-06-13,612,N21,n,2.0NRT,8.37,D,0.38,0.59,,,,,,firms,VIIRS,VIIRS_NOAA21_NRT
0.52817,117.2508,2025-06-13,612,N21,n,2.0NRT,8.37,D,0.38,0.59,,,,,,firms,VIIRS,VIIRS_NOAA21_NRT
0.53019,117.24612,2025-06-13,612,N21,n,2.0NRT,12.79,D,0.38,0.59,,,,,,firms,VIIRS,VIIRS_NOAA21_NRT
0.53071,117.24953,2025-06-13,612,N21,h,2.0NRT,12.79,D,0.38,0.59,,,,,,firms,VIIRS,VIIRS_NOAA21_NRT
0.53301,117.24656,2025-06-13,612,N21,h,2.0NRT,8.37,D,0.38,0.59,,,,,,firms,VIIRS,VIIRS_NOAA21_NRT
0.54481,109.169,2025-06-13,612,N21,n,2.0NRT,3.36,D,0.4,0.37,,,,,,firms,VIIRS,VIIRS_NOAA21_NRT
0.67424,117.56554,2025-06-13,612,N21,n,2.0NRT,2.99,D,0.4,0.6,,,,,,firms,VIIRS,VIIRS_NOAA21_NRT
0.6772,116.61929,2025-06-13,612,N21,n,2.0NRT,2.74,D,0.35,0.57,,,,,,firms,VIIRS,VIIRS_NOAA21_NRT
0.73398,110.64436,2025-06-13,612,N21,n,2.0NRT,3.78,D,0.44,0.39,,,,,,firms,VIIRS,VIIRS_NOAA21_NRT
0.75226,110.45724,2025-06-13,612,N21,n,2.0NRT,3.07,D,0.44,0.38,,,,,,firms,VIIRS,VIIRS_NOAA21_NRT
0.76818,116.96769,2025-06-13,612,N21,n,2.0NRT,4.1,D,0.37,0.58,,,,,,firms,VIIRS,VIIRS_NOAA21_NRT
0.77997,110.52084,2025-06-13,612,N21,n,2.0NRT,4.47,D,0.44,0.38,,,,,,firms,VIIRS,VIIRS_NOAA21_NRT
0.7813,109.49732,2025-06-13,612,N21,n,2.0NRT,6.46,D,0.4,0.37,,,,,,firms,VIIRS,VIIRS_NOAA21_NRT
0.8091,109.61209,2025-06-13,612,N21,n,2.0NRT,3.67,D,0.41,0.37,,,,,,firms,VIIRS,VIIRS_NOAA21_NRT
0.81224,117.11063,2025-06-13,612,N21,n,2.0NRT,4.72,D,0.38,0.59,,,,,,firms,VIIRS,VIIRS_NOAA21_NRT
0.81281,117.11425,2025-06-13,612,N21,n,2.0NRT,4.72,D,0.38,0.59,,,,,,firms,VIIRS,VIIRS_NOAA21_NRT
0.86065,110.36144,2025-06-13,612,N21,n,2.0NRT,6.79,D,0.43,0.38,,,,,,firms,VIIRS,VIIRS_NOAA21_NRT
0.87933,116.88653,2025-06-13,612,N21,n,2.0NRT,6.62,D,0.37,0.58,,,,,,firms,VIIRS,VIIRS_NOAA21_NRT
0.88462,116.88573,2025-06-13,612,N21,h,2.0NRT,6.62,D,0.37,0.58,,,,,,firms,VIIRS,VIIRS_NOAA21_NRT
0.89046,120.91994,2025-06-13,612,N21,n,2.0NRT,7.51,D,0.7,0.75,,,,,,firms,VIIRS,VIIRS_NOAA21_NRT
0.89213,109.35177,2025-06-13,612,N21,n,2.0NRT,7.33,D,0.4,0.37,,,,,,firms,VIIRS,VIIRS_NOAA21_NRT
0.95581,109.47455,2025-06-13,612,N21,n,2.0NRT,37.65,D,0.4,0.37,,,,,,firms,VIIRS,VIIRS_NOAA21_NRT
0.95919,109.47405,2025-06-13,612,N21,n,2.0NRT,37.65,D,0.4,0.37,,,,,,firms,VIIRS,VIIRS_NOAA21_NRT
0.96187,110.59513,2025-06-13,612,N21,n,2.0NRT,5.6,D,0.44,0.39,,,,,,firms,VIIRS,VIIRS_NOAA21_NRT
1.02172,110.65522,2025-06-13,612,N21,n,2.0NRT,14.57,D,0.45,0.39,,,,,,firms,VIIRS,VIIRS_NOAA21_NRT
1.04052,117.14439,2025-06-13,612,N21,n,2.0NRT,3.44,D,0.38,0.59,,,,,,firms,VIIRS,VIIRS_NOAA21_NRT
1.04746,117.15398,2025-06-13,612,N21,n,2.0NRT,6.82,D,0.38,0.59,,,,,,firms,VIIRS,VIIRS_NOAA21_NRT
1.05064,117.15431,2025-06-13,612,N21,n,2.0NRT,6.97,D,0.38,0.59,,,,,,firms,VIIRS,VIIRS_NOAA21_NRT
1.06464,110.36728,2025-06-13,612,N21,n,2.0NRT,6.8,D,0.43,0.38,,,,,,firms,VIIRS,VIIRS_NOAA21_NRT
1.09532,111.85889,2025-06-13,612,N21,n,2.0NRT,5.09,D,0.51,0.41,,,,,,firms,VIIRS,VIIRS_NOAA21_NRT
1.09626,110.93433,2025-06-13,612,N21,n,2.0NRT,11.43,D,0.46,0.39,,,,,,firms,VIIRS,VIIRS_NOAA21_NRT
1.10323,109.51515,2025-06-13,612,N21,n,2.0NRT,10.0,D,0.41,0.37,,,,,,firms,VIIRS,VIIRS_NOAA21_NRT
1.19363,109.48636,2025-06-13,612,N21,n,2.0NRT,8.83,D,0.41,0.37,,,,,,firms,VIIRS,VIIRS_NOAA21_NRT
1.30749,110.87061,2025-06-13,612,N21,n,2.0NRT,3.37,D,0.46,0.39,,,,,,firms,VIIRS,VIIRS_NOAA21_NRT
1.33295,116.68966,2025-06-13,612,N21,h,2.0NRT,8.26,D,0.36,0.57,,,,,,firms,VIIRS,VIIRS_NOAA21_NRT
1.34538,116.70076,2025-06-13,612,N21,n,2.0NRT,8.0,D,0.36,0.57,,,,,,firms,VIIRS,VIIRS_NOAA21_NRT
1.35549,109.9298,2025-06-13,612,N21,n,2.0NRT,3.52,D,0.42,0.38,,,,,,firms,VIIRS,VIIRS_NOAA21_NRT
1.59002,109.86007,2025-06-13,612,N21,n,2.0NRT,5.46,D,0.42,0.38,,,,,,firms,VIIRS,VIIRS_NOAA21_NRT
1.97087,111.80387,2025-06-13,612,N21,n,2.0NRT,3.45,D,0.52,0.42,,,,,,firms,VIIRS,VIIRS_NOAA21_NRT
1.97349,111.80053,2025-06-13,612,N21,n,2.0NRT,3.5,D,0.52,0.42,,,,,,firms,VIIRS,VIIRS_NOAA21_NRT
1.98863,113.77693,2025-06-13,612,N21,n,2.0NRT,3.51,D,0.46,0.47,,,,,,firms,VIIRS,VIIRS_NOAA21_NRT
2.03935,114.33035,2025-06-13,612,N21,n,2.0NRT,8.01,D,0.51,0.49,,,,,,firms,VIIRS,VIIRS_NOAA21_NRT
0.58721,100.50564,2025-06-13,614,N21,n,2.0NRT,8.81,D,0.57,0.52,,,,,,firms,VIIRS,VIIRS_NOAA21_NRT
1.1969,99.26308,2025-06-13,614,N21,n,2.0NRT,2.28,D,0.34,0.56,,,,,,firms,VIIRS,VIIRS_NOAA21_NRT
1.22527,99.25917,2025-06-13,614,N21,n,2.0NRT,3.38,D,0.34,0.56,,,,,,firms,VIIRS,VIIRS_NOAA21_NRT
1.2279,99.25961,2025-06-13,614,N21,n,2.0NRT,3.59,D,0.34,0.56,,,,,,firms,VIIRS,VIIRS_NOAA21_NRT
1.37859,104.1551,2025-06-13,614,N21,n,2.0NRT,8.85,D,0.49,0.4,,,,,,firms,VIIRS,VIIRS_NOAA21_NRT
1.37927,104.15948,2025-06-13,614,N21,n,2.0NRT,8.85,D,0.49,0.4,,,,,,firms,VIIRS,VIIRS_NOAA21_NRT
1.47257,103.98845,2025-06-13,614,N21,n,2.0NRT,3.88,D,0.5,0.41,,,,,,firms,VIIRS,VIIRS_NOAA21_NRT
1.47326,103.99289,2025-06-13,614,N21,n,2.0NRT,3.88,D,0.5,0.41,,,,,,firms,VIIRS,VIIRS_NOAA21_NRT
1.50306,101.3035,2025-06-13,614,N21,n,2.0NRT,10.99,D,0.49,0.49,,,,,,firms,VIIRS,VIIRS_NOAA21_NRT
1.50374,101.30787,2025-06-13,614,N21,n,2.0NRT,10.99,D,0.49,0.49,,,,,,firms,VIIRS,VIIRS_NOAA21_NRT
1.50818,101.30722,2025-06-13,614,N21,n,2.0NRT,10.99,D,0.49,0.49,,,,,,firms,VIIRS,VIIRS_NOAA21_NRT
1.67441,101.47659,2025-06-13,614,N21,n,2.0NRT,3.62,D,0.47,0.48,,,,,,firms,VIIRS,VIIRS_NOAA21_NRT
1.76244,101.2625,2025-06-13,614,N21,n,2.0NRT,4.47,D,0.49,0.48,,,,,,firms,VIIRS,VIIRS_NOAA21_NRT
1.76294,101.26207,2025-06-13,614,N21,n,2.0NRT,7.11,D,0.49,0.48,,,,,,firms,VIIRS,VIIRS_NOAA21_NRT
1.76687,101.26183,2025-06-13,614,N21,h,2.0NRT,18.58,D,0.49,0.48,,,,,,firms,VIIRS,VIIRS_NOAA21_NRT
1.79976,103.62405,2025-06-13,614,N21,n,2.0NRT,3.31,D,0.52,0.41,,,,,,firms,VIIRS,VIIRS_NOAA21_NRT
1.8005,103.62724,2025-06-13,614,N21,n,2.0NRT,4.38,D,0.52,0.41,,,,,,firms,VIIRS,VIIRS_NOAA21_NRT
1.93795,109.47383,2025-06-13,614,N21,n,2.0NRT,2.95,D,0.41,0.37,,,,,,firms,VIIRS,VIIRS_NOAA21_NRT
1.95122,99.4864,2025-06-13,614,N21,n,2.0NRT,2.85,D,0.32,0.55,,,,,,firms,VIIRS,VIIRS_NOAA21_NRT
1.95172,109.46767,2025-06-13,614,N21,n,2.0NRT,7.95,D,0.41,0.37,,,,,,firms,VIIRS,VIIRS_NOAA21_NRT
1.97678,99.32433,2025-06-13,614,N21,h,2.0NRT,11.4,D,0.33,0.55,,,,,,firms,VIIRS,VIIRS_NOAA21_NRT
2.00246,98.73872,2025-06-13,614,N21,n,2.0NRT,4.46,D,0.36,0.58,,,,,,firms,VIIRS,VIIRS_NOAA21_NRT
2.07107,103.37116,2025-06-13,614,N21,n,2.0NRT,5.63,D,0.53,0.42,,,,,,firms,VIIRS,VIIRS_NOAA21_NRT
2.14961,99.05427,2025-06-13,614,N21,n,2.0NRT,1.59,D,0.34,0.56,,,,,,firms,VIIRS,VIIRS_NOAA21_NRT
2.15306,98.56989,2025-06-13,614,N21,n,2.0NRT,2.9,D,0.37,0.58,,,,,,firms,VIIRS,VIIRS_NOAA21_NRT
2.19455,111.31528,2025-06-13,614,N21,n,2.0NRT,5.62,D,0.5,0.41,,,,,,firms,VIIRS,VIIRS_NOAA21_NRT
2.23436,99.26787,2025-06-13,614,N21,n,2.0NRT,3.71,D,0.33,0.55,,,,,,firms,VIIRS,VIIRS_NOAA21_NRT
2.2713,99.36874,2025-06-13,614,N21,n,2.0NRT,10.05,D,0.32,0.55,,,,,,firms,VIIRS,VIIRS_NOAA21_NRT
2.31447,99.47876,2025-06-13,614,N21,n,2.0NRT,5.1,D,0.32,0.54,,,,,,firms,VIIRS,VIIRS_NOAA21_NRT
2.5377,99.45264,2025-06-13,614,N21,n,2.0NRT,11.68,D,0.63,0.54,,,,,,firms,VIIRS,VIIRS_NOAA21_NRT
2.5407,99.44821,2025-06-13,614,N21,n,2.0NRT,7.07,D,0.63,0.54,,,,,,firms,VIIRS,VIIRS_NOAA21_NRT
2.60122,112.13826,2025-06-13,614,N21,n,2.0NRT,6.68,D,0.56,0.43,,,,,,firms,VIIRS,VIIRS_NOAA21_NRT
2.61053,112.50449,2025-06-13,614,N21,n,2.0NRT,4.72,D,0.39,0.44,,,,,,firms,VIIRS,VIIRS_NOAA21_NRT
2.61308,112.50394,2025-06-13,614,N21,n,2.0NRT,6.39,D,0.39,0.44,,,,,,firms,VIIRS,VIIRS_NOAA21_NRT
2.78017,112.18325,2025-06-13,614,N21,n,2.0NRT,8.4,D,0.57,0.43,,,,,,firms,VIIRS,VIIRS_NOAA21_NRT
2.85057,111.8425,2025-06-13,614,N21,n,2.0NRT,7.53,D,0.54,0.42,,,,,,firms,VIIRS,VIIRS_NOAA21_NRT
2.85128,111.84731,2025-06-13,614,N21,n,2.0NRT,7.53,D,0.54,0.42,,,,,,firms,VIIRS,VIIRS_NOAA21_NRT
2.89448,112.79584,2025-06-13,614,N21,n,2.0NRT,2.72,D,0.41,0.45,,,,,,firms,VIIRS,VIIRS_NOAA21_NRT
2.95029,112.32803,2025-06-13,614,N21,n,2.0NRT,2.43,D,0.39,0.44,,,,,,firms,VIIRS,VIIRS_NOAA21_NRT
2.95336,113.08037,2025-06-13,614,N21,n,2.0NRT,5.46,D,0.43,0.46,,,,,,firms,VIIRS,VIIRS_NOAA21_NRT
3.00268,113.90224,2025-06-13,614,N21,n,2.0NRT,16.68,D,0.49,0.49,,,,,,firms,VIIRS,VIIRS_NOAA21_NRT
3.19741,115.41145,2025-06-13,614,N21,n,2.0NRT,8.04,D,0.63,0.54,,,,,,firms,VIIRS,VIIRS_NOAA21_NRT
3.21554,115.39719,2025-06-13,614,N21,n,2.0NRT,30.9,D,0.63,0.54,,,,,,firms,VIIRS,VIIRS_NOAA21_NRT
3.22813,114.59236,2025-06-13,614,N21,n,2.0NRT,37.01,D,0.55,0.51,,,,,,firms,VIIRS,VIIRS_NOAA21_NRT
3.23267,113.87325,2025-06-13,614,N21,n,2.0NRT,4.8,D,0.49,0.49,,,,,,firms,VIIRS,VIIRS_NOAA21_NRT
3.27983,113.0651,2025-06-13,614,N21,n,2.0NRT,3.59,D,0.44,0.46,,,,,,firms,VIIRS,VIIRS_NOAA21_NRT
3.29329,115.43478,2025-06-13,614,N21,n,2.0NRT,7.28,D,0.63,0.54,,,,,,firms,VIIRS,VIIRS_NOAA21_NRT
3.48016,116.53894,2025-06-13,614,N21,n,2.0NRT,4.38,D,0.38,0.59,,,,,,firms,VIIRS,VIIRS_NOAA21_NRT
3.5445,102.23926,2025-06-13,614,N21,n,2.0NRT,7.31,D,0.4,0.44,,,,,,firms,VIIRS,VIIRS_NOAA21_NRT
3.56001,116.93265,2025-06-13,614,N21,n,2.0NRT,6.59,D,0.41,0.6,,,,,,firms,VIIRS,VIIRS_NOAA21_NRT
3.61099,113.7873,2025-06-13,614,N21,n,2.0NRT,3.46,D,0.49,0.49,,,,,,firms,VIIRS,VIIRS_NOAA21_NRT
3.63309,113.5682,2025-06-13,614,N21,n,2.0NRT,8.78,D,0.48,0.48,,,,,,firms,VIIRS,VIIRS_NOAA21_NRT
3.79775,114.32541,2025-06-13,614,N21,n,2.0NRT,12.37,D,0.54,0.51,,,,,,firms,VIIRS,VIIRS_NOAA21_NRT
3.99745,108.29575,2025-06-13,614,N21,n,2.0NRT,4.6,D,0.39,0.36,,,,,,firms,VIIRS,VIIRS_NOAA21_NRT
4.00078,108.29524,2025-06-13,614,N21,n,2.0NRT,4.6,D,0.39,0.36,,,,,,firms,VIIRS,VIIRS_NOAA21_NRT
4.51051,105.25077,2025-06-13,614,N21,n,2.0NRT,5.56,D,0.41,0.37,,,,,,firms,VIIRS,VIIRS_NOAA21_NRT
4.97999,112.98476,2025-06-13,614,N21,n,2.0NRT,3.95,D,0.46,0.47,,,,,,firms,VIIRS,VIIRS_NOAA21_NRT
5.24873,116.19817,2025-06-13,614,N21,n,2.0NRT,3.69,D,0.38,0.59,,,,,,firms,VIIRS,VIIRS_NOAA21_NRT
5.29859,116.18069,2025-06-13,614,N21,n,2.0NRT,4.62,D,0.38,0.59,,,,,,firms,VIIRS,VIIRS_NOAA21_NRT
5.30131,116.1814,2025-06-13,614,N21,n,2.0NRT,3.68,D,0.38,0.59,,,,,,firms,VIIRS,VIIRS_NOAA21_NRT
5.4138,115.69444,2025-06-13,614,N21,n,2.0NRT,3.48,D,0.35,0.57,,,,,,firms,VIIRS,VIIRS_NOAA21_NRT
5.87553,114.2945,2025-06-13,1709,N21,n,2.0NRT,9.56,N,0.44,0.63,,,,,,firms,VIIRS,VIIRS_NOAA21_NRT
5.87714,114.29602,2025-06-13,1709,N21,n,2.0NRT,4.51,N,0.45,0.63,,,,,,firms,VIIRS,VIIRS_NOAA21_NRT
5.87768,114.29204,2025-06-13,1709,N21,n,2.0NRT,4.51,N,0.45,0.63,,,,,,firms,VIIRS,VIIRS_NOAA21_NRT
-1.56277,127.4277,2025-06-13,1711,N21,n,2.0NRT,2.22,N,0.56,0.43,,,,,,firms,VIIRS,VIIRS_NOAA21_NRT
-1.45952,127.43536,2025-06-13,1711,N21,n,2.0NRT,9.12,N,0.56,0.43,,,,,,firms,VIIRS,VIIRS_NOAA21_NRT
-1.45563,127.43611,2025-06-13,1711,N21,n,2.0NRT,9.12,N,0.56,0.43,,,,,,firms,VIIRS,VIIRS_NOAA21_NRT
0.4811,127.98937,2025-06-13,1711,N21,n,2.0NRT,1.17,N,0.57,0.43,,,,,,firms,VIIRS,VIIRS_NOAA21_NRT
0.48427,127.99487,2025-06-13,1711,N21,n,2.0NRT,1.42,N,0.57,0.43,,,,,,firms,VIIRS,VIIRS_NOAA21_NRT
0.48505,127.98991,2025-06-13,1711,N21,n,2.0NRT,2.12,N,0.57,0.43,,,,,,firms,VIIRS,VIIRS_NOAA21_NRT
0.48586,127.98478,2025-06-13,1711,N21,n,2.0NRT,2.12,N,0.57,0.43,,,,,,firms,VIIRS,VIIRS_NOAA21_NRT
0.48981,127.9853,2025-06-13,1711,N21,n,2.0NRT,2.12,N,0.57,0.43,,,,,,firms,VIIRS,VIIRS_NOAA21_NRT
0.68629,117.46768,2025-06-13,1711,N21,n,2.0NRT,0.38,N,0.45,0.47,,,,,,firms,VIIRS,VIIRS_NOAA21_NRT
0.68954,117.55637,2025-06-13,1711,N21,n,2.0NRT,1.5,N,0.44,0.46,,,,,,firms,VIIRS,VIIRS_NOAA21_NRT
2.77896,125.40665,2025-06-13,1711,N21,n,2.0NRT,3.06,N,0.4,0.37,,,,,,firms,VIIRS,VIIRS_NOAA21_NRT
4.54069,114.12053,2025-06-13,1711,N21,n,2.0NRT,0.97,N,0.44,0.62,,,,,,firms,VIIRS,VIIRS_NOAA21_NRT
4.97536,112.98384,2025-06-13,1711,N21,n,2.0NRT,7.98,N,0.53,0.67,,,,,,firms,VIIRS,VIIRS_NOAA21_NRT
4.97603,112.9791,2025-06-13,1711,N21,h,2.0NRT,20.85,N,0.53,0.67,,,,,,firms,VIIRS,VIIRS_NOAA21_NRT
-8.65893,118.25873,2025-06-13,1713,N21,n,2.0NRT,0.46,N,0.45,0.39,,,,,,firms,VIIRS,VIIRS_NOAA21_NRT
-8.28308,123.50757,2025-06-13,1713,N21,n,2.0NRT,8.66,N,0.42,0.38,,,,,,firms,VIIRS,VIIRS_NOAA21_NRT
-8.27957,123.50762,2025-06-13,1713,N21,n,2.0NRT,52.48,N,0.42,0.38,,,,,,firms,VIIRS,VIIRS_NOAA21_NRT
-8.27898,123.50368,2025-06-13,1713,N21,n,2.0NRT,9.86,N,0.42,0.38,,,,,,firms,VIIRS,VIIRS_NOAA21_NRT
-8.27549,123.50391,2025-06-13,1713,N21,n,2.0NRT,9.86,N,0.42,0.38,,,,,,firms,VIIRS,VIIRS_NOAA21_NRT
-8.27262,123.50819,2025-06-13,1713,N21,n,2.0NRT,24.65,N,0.42,0.38,,,,,,firms,VIIRS,VIIRS_NOAA21_NRT
-8.27202,123.50422,2025-06-13,1713,N21,n,2.0NRT,3.47,N,0.42,0.38,,,,,,firms,VIIRS,VIIRS_NOAA21_NRT
-8.11939,114.05666,2025-06-13,1713,N21,n,2.0NRT,2.91,N,0.55,0.51,,,,,,firms,VIIRS,VIIRS_NOAA21_NRT
-8.11367,112.92152,2025-06-13,1713,N21,h,2.0NRT,10.17,N,0.33,0.55,,,,,,firms,VIIRS,VIIRS_NOAA21_NRT
-7.24237,111.73222,2025-06-13,1713,N21,n,2.0NRT,1.25,N,0.41,0.61,,,,,,firms,VIIRS,VIIRS_NOAA21_NRT
-7.24185,111.73217,2025-06-13,1713,N21,n,2.0NRT,2.39,N,0.41,0.61,,,,,,firms,VIIRS,VIIRS_NOAA21_NRT
-6.54716,108.09502,2025-06-13,1713,N21,n,2.0NRT,2.09,N,0.75,0.77,,,,,,firms,VIIRS,VIIRS_NOAA21_NRT
-6.54551,108.09421,2025-06-13,1713,N21,n,2.0NRT,1.53,N,0.75,0.77,,,,,,firms,VIIRS,VIIRS_NOAA21_NRT
-3.90143,122.42297,2025-06-13,1713,N21,n,2.0NRT,1.78,N,0.38,0.36,,,,,,firms,VIIRS,VIIRS_NOAA21_NRT
-2.94246,115.23396,2025-06-13,1713,N21,n,2.0NRT,1.67,N,0.56,0.51,,,,,,firms,VIIRS,VIIRS_NOAA21_NRT
-2.88059,122.16251,2025-06-13,1713,N21,n,2.0NRT,1.3,N,0.39,0.36,,,,,,firms,VIIRS,VIIRS_NOAA21_NRT
-2.88005,122.15907,2025-06-13,1713,N21,n,2.0NRT,1.3,N,0.39,0.36,,,,,,firms,VIIRS,VIIRS_NOAA21_NRT
-2.87952,122.15565,2025-06-13,1713,N21,n,2.0NRT,2.1,N,0.39,0.36,,,,,,firms,VIIRS,VIIRS_NOAA21_NRT
-2.87783,122.16643,2025-06-13,1713,N21,n,2.0NRT,1.45,N,0.39,0.36,,,,,,firms,VIIRS,VIIRS_NOAA21_NRT
-2.87399,122.16351,2025-06-13,1713,N21,n,2.0NRT,1.75,N,0.39,0.36,,,,,,firms,VIIRS,VIIRS_NOAA21_NRT
-2.86579,122.15424,2025-06-13,1713,N21,n,2.0NRT,1.32,N,0.39,0.36,,,,,,firms,VIIRS,VIIRS_NOAA21_NRT
-2.86249,122.15475,2025-06-13,1713,N21,n,2.0NRT,1.32,N,0.39,0.36,,,,,,firms,VIIRS,VIIRS_NOAA21_NRT
-2.85973,122.15868,2025-06-13,1713,N21,n,2.0NRT,1.14,N,0.39,0.36,,,,,,firms,VIIRS,VIIRS_NOAA21_NRT
-2.85697,122.16264,2025-06-13,1713,N21,n,2.0NRT,1.84,N,0.39,0.36,,,,,,firms,VIIRS,VIIRS_NOAA21_NRT
-2.83165,122.17355,2025-06-13,1713,N21,n,2.0NRT,6.22,N,0.39,0.36,,,,,,firms,VIIRS,VIIRS_NOAA21_NRT
-2.82889,122.17748,2025-06-13,1713,N21,n,2.0NRT,1.5,N,0.39,0.36,,,,,,firms,VIIRS,VIIRS_NOAA21_NRT
-2.82835,122.17405,2025-06-13,1713,N21,n,2.0NRT,1.5,N,0.39,0.36,,,,,,firms,VIIRS,VIIRS_NOAA21_NRT
-2.82512,122.15345,2025-06-13,1713,N21,n,2.0NRT,1.83,N,0.39,0.36,,,,,,firms,VIIRS,VIIRS_NOAA21_NRT
-2.21355,115.49966,2025-06-13,1713,N21,n,2.0NRT,1.39,N,0.55,0.51,,,,,,firms,VIIRS,VIIRS_NOAA21_NRT
-2.17273,115.57104,2025-06-13,1713,N21,n,2.0NRT,1.58,N,0.54,0.51,,,,,,firms,VIIRS,VIIRS_NOAA21_NRT
-2.16509,115.57595,2025-06-13,1713,N21,n,2.0NRT,2.38,N,0.54,0.51,,,,,,firms,VIIRS,VIIRS_NOAA21_NRT
-2.16426,115.57736,2025-06-13,1713,N21,n,2.0NRT,1.86,N,0.54,0.51,,,,,,firms,VIIRS,VIIRS_NOAA21_NRT
-1.89612,115.86597,2025-06-13,1713,N21,n,2.0NRT,1.55,N,0.52,0.5,,,,,,firms,VIIRS,VIIRS_NOAA21_NRT
-1.89156,115.86668,2025-06-13,1713,N21,n,2.0NRT,1.55,N,0.52,0.5,,,,,,firms,VIIRS,VIIRS_NOAA21_NRT
-1.89091,115.86602,2025-06-13,1713,N21,n,2.0NRT,1.03,N,0.52,0.5,,,,,,firms,VIIRS,VIIRS_NOAA21_NRT
-10.75334,123.08647,2025-06-13,1715,N21,n,2.0NRT,1.03,N,0.43,0.38,,,,,,firms,VIIRS,VIIRS_NOAA21_NRT
-10.75095,123.0863,2025-06-13,1715,N21,n,2.0NRT,1.36,N,0.43,0.38,,,,,,firms,VIIRS,VIIRS_NOAA21_NRT
-10.74988,123.08701,2025-06-13,1715,N21,n,2.0NRT,1.03,N,0.43,0.38,,,,,,firms,VIIRS,VIIRS_NOAA21_NRT
1.37289,104.15553,2025-06-13,1851,N21,n,2.0NRT,7.23,N,0.46,0.47,,,,,,firms,VIIRS,VIIRS_NOAA21_NRT
1.37494,104.15901,2025-06-13,1851,N21,n,2.0NRT,6.55,N,0.46,0.47,,,,,,firms,VIIRS,VIIRS_NOAA21_NRT
1.3756,104.15495,2025-06-13,1851,N21,n,2.0NRT,6.55,N,0.46,0.47,,,,,,firms,VIIRS,VIIRS_NOAA21_NRT
1.37655,104.16039,2025-06-13,1851,N21,n,2.0NRT,7.23,N,0.46,0.47,,,,,,firms,VIIRS,VIIRS_NOAA21_NRT
1.37718,104.1563,2025-06-13,1851,N21,n,2.0NRT,7.23,N,0.46,0.47,,,,,,firms,VIIRS,VIIRS_NOAA21_NRT
1.37781,104.15221,2025-06-13,1851,N21,n,2.0NRT,3.56,N,0.46,0.47,,,,,,firms,VIIRS,VIIRS_NOAA21_NRT
1.37923,104.15976,2025-06-13,1851,N21,n,2.0NRT,6.55,N,0.46,0.47,,,,,,firms,VIIRS,VIIRS_NOAA21_NRT
1.47226,103.9887,2025-06-13,1851,N21,n,2.0NRT,1.89,N,0.45,0.47,,,,,,firms,VIIRS,VIIRS_NOAA21_NRT
1.50432,101.307,2025-06-13,1851,N21,n,2.0NRT,4.43,N,0.47,0.39,,,,,,firms,VIIRS,VIIRS_NOAA21_NRT
1.50498,101.30286,2025-06-13,1851,N21,n,2.0NRT,4.43,N,0.47,0.39,,,,,,firms,VIIRS,VIIRS_NOAA21_NRT
1.67148,101.4769,2025-06-13,1851,N21,n,2.0NRT,6.48,N,0.47,0.4,,,,,,firms,VIIRS,VIIRS_NOAA21_NRT
1.75508,101.23812,2025-06-13,1851,N21,n,2.0NRT,0.91,N,0.46,0.39,,,,,,firms,VIIRS,VIIRS_NOAA21_NRT
1.76256,101.26027,2025-06-13,1851,N21,n,2.0NRT,3.18,N,0.46,0.39,,,,,,firms,VIIRS,VIIRS_NOAA21_NRT
1.76549,101.26494,2025-06-13,1851,N21,n,2.0NRT,2.01,N,0.46,0.39,,,,,,firms,VIIRS,VIIRS_NOAA21_NRT
1.76614,101.26085,2025-06-13,1851,N21,n,2.0NRT,3.18,N,0.46,0.39,,,,,,firms,VIIRS,VIIRS_NOAA21_NRT
1.79991,103.62479,2025-06-13,1851,N21,n,2.0NRT,0.72,N,0.42,0.45,,,,,,firms,VIIRS,VIIRS_NOAA21_NRT
2.07509,100.35081,2025-06-13,1851,N21,n,2.0NRT,1.49,N,0.42,0.38,,,,,,firms,VIIRS,VIIRS_NOAA21_NRT
2.07567,100.34711,2025-06-13,1851,N21,n,2.0NRT,1.49,N,0.42,0.38,,,,,,firms,VIIRS,VIIRS_NOAA21_NRT
2.3309,98.90984,2025-06-13,1851,N21,n,2.0NRT,0.55,N,0.39,0.36,,,,,,firms,VIIRS,VIIRS_NOAA21_NRT
2.40859,101.98893,2025-06-13,1851,N21,n,2.0NRT,1.86,N,0.49,0.4,,,,,,firms,VIIRS,VIIRS_NOAA21_NRT
2.53362,101.81635,2025-06-13,1851,N21,n,2.0NRT,2.2,N,0.48,0.4,,,,,,firms,VIIRS,VIIRS_NOAA21_NRT
2.5343,101.81207,2025-06-13,1851,N21,n,2.0NRT,2.2,N,0.48,0.4,,,,,,firms,VIIRS,VIIRS_NOAA21_NRT
2.67979,101.63001,2025-06-13,1851,N21,n,2.0NRT,0.97,N,0.47,0.4,,,,,,firms,VIIRS,VIIRS_NOAA21_NRT
4.5096,105.25152,2025-06-13,1851,N21,n,2.0NRT,9.2,N,0.49,0.48,,,,,,firms,VIIRS,VIIRS_NOAA21_NRT
4.55731,103.45619,2025-06-13,1851,N21,n,2.0NRT,1.64,N,0.56,0.43,,,,,,firms,VIIRS,VIIRS_NOAA21_NRT
5.64471,104.97849,2025-06-13,1851,N21,n,2.0NRT,1.71,N,0.45,0.47,,,,,,firms,VIIRS,VIIRS_NOAA21_NRT
-3.72577,103.71441,2025-06-13,1853,N21,n,2.0NRT,0.88,N,0.51,0.5,,,,,,firms,VIIRS,VIIRS_NOAA21_NRT
-3.43802,103.69694,2025-06-13,1853,N21,n,2.0NRT,0.69,N,0.51,0.49,,,,,,firms,VIIRS,VIIRS_NOAA21_NRT
-1.57826,103.69961,2025-06-13,1853,N21,n,2.0NRT,1.36,N,0.48,0.48,,,,,,firms,VIIRS,VIIRS_NOAA21_NRT
-1.57563,103.68275,2025-06-13,1853,N21,n,2.0NRT,0.63,N,0.47,0.48,,,,,,firms,VIIRS,VIIRS_NOAA21_NRT
-1.57192,103.68763,2025-06-13,1853,N21,n,2.0NRT,0.63,N,0.47,0.48,,,,,,firms,VIIRS,VIIRS_NOAA21_NRT
-1.56451,103.69744,2025-06-13,1853,N21,n,2.0NRT,0.99,N,0.48,0.48,,,,,,firms,VIIRS,VIIRS_NOAA21_NRT
-1.21697,103.41655,2025-06-13,1853,N21,n,2.0NRT,1.25,N,0.45,0.47,,,,,,firms,VIIRS,VIIRS_NOAA21_NRT
-1.21386,103.41932,2025-06-13,1853,N21,n,2.0NRT,1.24,N,0.45,0.47,,,,,,firms,VIIRS,VIIRS_NOAA21_NRT
-1.1742,103.36044,2025-06-13,1853,N21,n,2.0NRT,0.82,N,0.45,0.47,,,,,,firms,VIIRS,VIIRS_NOAA21_NRT
-0.3924,100.45506,2025-06-13,1853,N21,n,2.0NRT,1.29,N,0.45,0.39,,,,,,firms,VIIRS,VIIRS_NOAA21_NRT
-0.33652,100.09795,2025-06-13,1853,N21,n,2.0NRT,0.92,N,0.43,0.38,,,,,,firms,VIIRS,VIIRS_NOAA21_NRT
0.44272,101.89492,2025-06-13,1853,N21,n,2.0NRT,1.53,N,0.51,0.41,,,,,,firms,VIIRS,VIIRS_NOAA21_NRT
0.44345,101.89033,2025-06-13,1853,N21,n,2.0NRT,1.53,N,0.51,0.41,,,,,,firms,VIIRS,VIIRS_NOAA21_NRT
1.05743,101.2776,2025-06-13,1853,N21,n,2.0NRT,1.2,N,0.47,0.4,,,,,,firms,VIIRS,VIIRS_NOAA21_NRT
-6.98714,110.00896,2025-06-13,1856,N21,n,2.0NRT,2.8,N,0.79,0.78,,,,,,firms,VIIRS,VIIRS_NOAA21_NRT
-6.98402,110.00909,2025-06-13,1856,N21,n,2.0NRT,2.39,N,0.79,0.78,,,,,,firms,VIIRS,VIIRS_NOAA21_NRT
-6.01144,105.98457,2025-06-13,1856,N21,n,2.0NRT,2.34,N,0.4,0.6,,,,,,firms,VIIRS,VIIRS_NOAA21_NRT
-6.01009,105.98285,2025-06-13,1856,N21,n,2.0NRT,4.23,N,0.4,0.6,,,,,,firms,VIIRS,VIIRS_NOAA21_NRT
-7.81626,138.82822,2025-06-14,410,N21,n,2.0NRT,2.95,D,0.39,0.37,,,,,,firms,VIIRS,VIIRS_NOAA21_NRT
-6.60583,139.0401,2025-06-14,410,N21,n,2.0NRT,5.27,D,0.39,0.36,,,,,,firms,VIIRS,VIIRS_NOAA21_NRT
-6.60251,139.0396,2025-06-14,410,N21,n,2.0NRT,3.32,D,0.39,0.36,,,,,,firms,VIIRS,VIIRS_NOAA21_NRT
-3.65409,138.49492,2025-06-14,410,N21,n,2.0NRT,5.37,D,0.39,0.36,,,,,,firms,VIIRS,VIIRS_NOAA21_NRT
-10.16321,123.74373,2025-06-14,550,N21,n,2.0NRT,2.9,D,0.33,0.56,,,,,,firms,VIIRS,VIIRS_NOAA21_NRT
-10.16109,123.74545,2025-06-14,550,N21,n,2.0NRT,5.34,D,0.33,0.56,,,,,,firms,VIIRS,VIIRS_NOAA21_NRT
-9.83877,123.75795,2025-06-14,550,N21,n,2.0NRT,2.41,D,0.34,0.56,,,,,,firms,VIIRS,VIIRS_NOAA21_NRT
-9.83822,123.76088,2025-06-14,550,N21,n,2.0NRT,2.41,D,0.34,0.56,,,,,,firms,VIIRS,VIIRS_NOAA21_NRT
-9.83603,123.75851,2025-06-14,550,N21,n,2.0NRT,5.96,D,0.34,0.56,,,,,,firms,VIIRS,VIIRS_NOAA21_NRT
-9.82998,123.76288,2025-06-14,550,N21,n,2.0NRT,2.01,D,0.34,0.56,,,,,,firms,VIIRS,VIIRS_NOAA21_NRT
-9.74527,120.01372,2025-06-14,550,N21,n,2.0NRT,5.55,D,0.39,0.44,,,,,,firms,VIIRS,VIIRS_NOAA21_NRT
-8.65177,118.13906,2025-06-14,550,N21,n,2.0NRT,4.37,D,0.47,0.4,,,,,,firms,VIIRS,VIIRS_NOAA21_NRT
-8.59069,118.37946,2025-06-14,550,N21,n,2.0NRT,5.89,D,0.49,0.4,,,,,,firms,VIIRS,VIIRS_NOAA21_NRT
-8.59005,118.37722,2025-06-14,550,N21,n,2.0NRT,5.67,D,0.49,0.4,,,,,,firms,VIIRS,VIIRS_NOAA21_NRT
-8.29322,118.64037,2025-06-14,550,N21,n,2.0NRT,14.04,D,0.51,0.41,,,,,,firms,VIIRS,VIIRS_NOAA21_NRT
-8.28132,123.50595,2025-06-14,550,N21,n,2.0NRT,3.6,D,0.35,0.57,,,,,,firms,VIIRS,VIIRS_NOAA21_NRT
-8.28072,123.5093,2025-06-14,550,N21,n,2.0NRT,3.6,D,0.35,0.57,,,,,,firms,VIIRS,VIIRS_NOAA21_NRT
-8.27602,123.50578,2025-06-14,550,N21,n,2.0NRT,7.27,D,0.35,0.57,,,,,,firms,VIIRS,VIIRS_NOAA21_NRT
-8.27535,123.50954,2025-06-14,550,N21,h,2.0NRT,12.69,D,0.35,0.57,,,,,,firms,VIIRS,VIIRS_NOAA21_NRT
-7.70334,108.99476,2025-06-14,553,N21,n,2.0NRT,7.67,D,0.43,0.46,,,,,,firms,VIIRS,VIIRS_NOAA21_NRT
-7.69442,108.99746,2025-06-14,553,N21,n,2.0NRT,8.45,D,0.42,0.46,,,,,,firms,VIIRS,VIIRS_NOAA21_NRT
-7.362,111.00386,2025-06-14,553,N21,n,2.0NRT,18.41,D,0.48,0.4,,,,,,firms,VIIRS,VIIRS_NOAA21_NRT
-7.07719,110.48164,2025-06-14,553,N21,n,2.0NRT,3.69,D,0.51,0.41,,,,,,firms,VIIRS,VIIRS_NOAA21_NRT
-6.76329,111.96282,2025-06-14,553,N21,n,2.0NRT,2.64,D,0.43,0.38,,,,,,firms,VIIRS,VIIRS_NOAA21_NRT
-6.61583,113.30541,2025-06-14,553,N21,n,2.0NRT,2.8,D,0.39,0.36,,,,,,firms,VIIRS,VIIRS_NOAA21_NRT
-3.0417,110.97041,2025-06-14,553,N21,n,2.0NRT,2.37,D,0.44,0.38,,,,,,firms,VIIRS,VIIRS_NOAA21_NRT
-2.69447,112.77209,2025-06-14,553,N21,n,2.0NRT,2.87,D,0.39,0.36,,,,,,firms,VIIRS,VIIRS_NOAA21_NRT
-2.01441,121.41894,2025-06-14,553,N21,n,2.0NRT,10.43,D,0.63,0.54,,,,,,firms,VIIRS,VIIRS_NOAA21_NRT
-2.01398,121.41718,2025-06-14,553,N21,n,2.0NRT,9.99,D,0.64,0.54,,,,,,firms,VIIRS,VIIRS_NOAA21_NRT
-2.00947,121.41796,2025-06-14,553,N21,n,2.0NRT,11.96,D,0.63,0.54,,,,,,firms,VIIRS,VIIRS_NOAA21_NRT
-2.00902,121.41631,2025-06-14,553,N21,n,2.0NRT,9.99,D,0.64,0.54,,,,,,firms,VIIRS,VIIRS_NOAA21_NRT
-1.38388,122.4823,2025-06-14,553,N21,n,2.0NRT,5.68,D,0.39,0.59,,,,,,firms,VIIRS,VIIRS_NOAA21_NRT
1.20547,111.06944,2025-06-14,553,N21,n,2.0NRT,7.62,D,0.4,0.37,,,,,,firms,VIIRS,VIIRS_NOAA21_NRT
1.22247,109.76736,2025-06-14,553,N21,n,2.0NRT,5.93,D,0.45,0.39,,,,,,firms,VIIRS,VIIRS_NOAA21_NRT
1.26793,109.89836,2025-06-14,553,N21,n,2.0NRT,20.75,D,0.44,0.38,,,,,,firms,VIIRS,VIIRS_NOAA21_NRT
1.30051,109.84903,2025-06-14,553,N21,n,2.0NRT,13.81,D,0.44,0.39,,,,,,firms,VIIRS,VIIRS_NOAA21_NRT
1.37603,104.15234,2025-06-14,553,N21,n,2.0NRT,25.06,D,0.33,0.56,,,,,,firms,VIIRS,VIIRS_NOAA21_NRT
1.37652,104.15531,2025-06-14,553,N21,n,2.0NRT,10.78,D,0.33,0.55,,,,,,firms,VIIRS,VIIRS_NOAA21_NRT
1.377,104.15826,2025-06-14,553,N21,h,2.0NRT,10.78,D,0.33,0.55,,,,,,firms,VIIRS,VIIRS_NOAA21_NRT
1.37738,104.15193,2025-06-14,553,N21,n,2.0NRT,19.22,D,0.33,0.56,,,,,,firms,VIIRS,VIIRS_NOAA21_NRT
1.37783,104.15487,2025-06-14,553,N21,n,2.0NRT,19.22,D,0.33,0.56,,,,,,firms,VIIRS,VIIRS_NOAA21_NRT
1.3783,104.15784,2025-06-14,553,N21,n,2.0NRT,2.72,D,0.33,0.56,,,,,,firms,VIIRS,VIIRS_NOAA21_NRT
1.37876,104.1608,2025-06-14,553,N21,n,2.0NRT,2.72,D,0.33,0.56,,,,,,firms,VIIRS,VIIRS_NOAA21_NRT
1.49476,111.69294,2025-06-14,553,N21,n,2.0NRT,5.21,D,0.39,0.36,,,,,,firms,VIIRS,VIIRS_NOAA21_NRT
1.5862,100.87223,2025-06-14,553,N21,n,2.0NRT,5.41,D,0.56,0.69,,,,,,firms,VIIRS,VIIRS_NOAA21_NRT
1.59092,100.87493,2025-06-14,553,N21,n,2.0NRT,7.41,D,0.56,0.69,,,,,,firms,VIIRS,VIIRS_NOAA21_NRT
1.67068,101.47375,2025-06-14,553,N21,n,2.0NRT,10.02,D,0.51,0.66,,,,,,firms,VIIRS,VIIRS_NOAA21_NRT
1.75844,111.19551,2025-06-14,553,N21,n,2.0NRT,3.51,D,0.4,0.37,,,,,,firms,VIIRS,VIIRS_NOAA21_NRT
1.95341,109.47866,2025-06-14,553,N21,n,2.0NRT,9.9,D,0.45,0.39,,,,,,firms,VIIRS,VIIRS_NOAA21_NRT
1.97388,111.71391,2025-06-14,553,N21,n,2.0NRT,8.33,D,0.39,0.36,,,,,,firms,VIIRS,VIIRS_NOAA21_NRT
1.98418,113.76472,2025-06-14,553,N21,n,2.0NRT,12.34,D,0.4,0.37,,,,,,firms,VIIRS,VIIRS_NOAA21_NRT
2.06482,111.68556,2025-06-14,553,N21,n,2.0NRT,3.74,D,0.39,0.36,,,,,,firms,VIIRS,VIIRS_NOAA21_NRT
2.07194,111.86491,2025-06-14,553,N21,n,2.0NRT,6.26,D,0.39,0.36,,,,,,firms,VIIRS,VIIRS_NOAA21_NRT
2.10743,98.93678,2025-06-14,553,N21,n,2.0NRT,6.6,D,0.75,0.77,,,,,,firms,VIIRS,VIIRS_NOAA21_NRT
2.11522,99.98476,2025-06-14,553,N21,n,2.0NRT,5.97,D,0.63,0.72,,,,,,firms,VIIRS,VIIRS_NOAA21_NRT
2.11619,99.98517,2025-06-14,553,N21,n,2.0NRT,6.9,D,0.63,0.72,,,,,,firms,VIIRS,VIIRS_NOAA21_NRT
2.60285,112.13748,2025-06-14,553,N21,n,2.0NRT,5.3,D,0.38,0.36,,,,,,firms,VIIRS,VIIRS_NOAA21_NRT
2.71668,101.57348,2025-06-14,553,N21,h,2.0NRT,20.25,D,0.48,0.65,,,,,,firms,VIIRS,VIIRS_NOAA21_NRT
2.88524,113.03146,2025-06-14,553,N21,l,2.0NRT,1.79,D,0.39,0.36,,,,,,firms,VIIRS,VIIRS_NOAA21_NRT
3.02741,113.58693,2025-06-14,553,N21,n,2.0NRT,3.92,D,0.4,0.37,,,,,,firms,VIIRS,VIIRS_NOAA21_NRT
3.7218,113.6357,2025-06-14,553,N21,n,2.0NRT,7.14,D,0.4,0.37,,,,,,firms,VIIRS,VIIRS_NOAA21_NRT
3.72309,113.63519,2025-06-14,553,N21,n,2.0NRT,12.05,D,0.4,0.37,,,,,,firms,VIIRS,VIIRS_NOAA21_NRT
3.99603,108.32762,2025-06-14,553,N21,n,2.0NRT,9.47,D,0.49,0.4,,,,,,firms,VIIRS,VIIRS_NOAA21_NRT
3.99699,108.32656,2025-06-14,553,N21,n,2.0NRT,6.89,D,0.49,0.4,,,,,,firms,VIIRS,VIIRS_NOAA21_NRT
3.99831,108.31824,2025-06-14,553,N21,n,2.0NRT,5.03,D,0.49,0.4,,,,,,firms,VIIRS,VIIRS_NOAA21_NRT
4.26527,114.0517,2025-06-14,553,N21,n,2.0NRT,10.73,D,0.42,0.38,,,,,,firms,VIIRS,VIIRS_NOAA21_NRT
4.86149,115.295,2025-06-14,553,N21,n,2.0NRT,3.38,D,0.48,0.4,,,,,,firms,VIIRS,VIIRS_NOAA21_NRT
4.95182,114.07059,2025-06-14,553,N21,n,2.0NRT,2.2,D,0.43,0.38,,,,,,firms,VIIRS,VIIRS_NOAA21_NRT
5.6992,116.97291,2025-06-14,553,N21,n,2.0NRT,17.11,D,0.42,0.45,,,,,,firms,VIIRS,VIIRS_NOAA21_NRT
5.72191,116.84563,2025-06-14,553,N21,n,2.0NRT,3.52,D,0.41,0.45,,,,,,firms,VIIRS,VIIRS_NOAA21_NRT
-0.4155,111.60099,2025-06-14,555,N21,n,2.0NRT,9.71,D,0.4,0.37,,,,,,firms,VIIRS,VIIRS_NOAA21_NRT
-0.21124,111.85136,2025-06-14,555,N21,n,2.0NRT,2.22,D,0.39,0.36,,,,,,firms,VIIRS,VIIRS_NOAA21_NRT
0.04189,111.97266,2025-06-14,555,N21,n,2.0NRT,2.73,D,0.39,0.36,,,,,,firms,VIIRS,VIIRS_NOAA21_NRT
0.32198,112.16025,2025-06-14,555,N21,n,2.0NRT,2.39,D,0.39,0.36,,,,,,firms,VIIRS,VIIRS_NOAA21_NRT
0.8435,112.56784,2025-06-14,555,N21,n,2.0NRT,4.32,D,0.38,0.36,,,,,,firms,VIIRS,VIIRS_NOAA21_NRT
0.96587,112.88279,2025-06-14,555,N21,n,2.0NRT,3.21,D,0.38,0.36,,,,,,firms,VIIRS,VIIRS_NOAA21_NRT
1.00296,111.67696,2025-06-14,555,N21,n,2.0NRT,20.06,D,0.39,0.36,,,,,,firms,VIIRS,VIIRS_NOAA21_NRT
4.55786,103.45568,2025-06-14,555,N21,n,2.0NRT,3.44,D,0.33,0.55,,,,,,firms,VIIRS,VIIRS_NOAA21_NRT
4.55836,103.45863,2025-06-14,555,N21,n,2.0NRT,3.44,D,0.33,0.55,,,,,,firms,VIIRS,VIIRS_NOAA21_NRT
4.65837,103.37889,2025-06-14,555,N21,n,2.0NRT,5.21,D,0.33,0.56,,,,,,firms,VIIRS,VIIRS_NOAA21_NRT
0.46671,100.42082,2025-06-14,733,N21,n,2.0NRT,11.43,D,0.7,0.75,,,,,,firms,VIIRS,VIIRS_NOAA21_NRT
0.4736,100.4201,2025-06-14,733,N21,n,2.0NRT,5.16,D,0.7,0.75,,,,,,firms,VIIRS,VIIRS_NOAA21_NRT
0.72383,99.16403,2025-06-14,733,N21,n,2.0NRT,4.38,D,0.58,0.7,,,,,,firms,VIIRS,VIIRS_NOAA21_NRT
0.76646,100.25444,2025-06-14,733,N21,n,2.0NRT,9.87,D,0.69,0.74,,,,,,firms,VIIRS,VIIRS_NOAA21_NRT
1.13747,97.73392,2025-06-14,733,N21,n,2.0NRT,4.08,D,0.47,0.64,,,,,,firms,VIIRS,VIIRS_NOAA21_NRT
1.26656,99.18552,2025-06-14,733,N21,n,2.0NRT,5.31,D,0.59,0.7,,,,,,firms,VIIRS,VIIRS_NOAA21_NRT
1.91675,98.55822,2025-06-14,733,N21,n,2.0NRT,3.69,D,0.55,0.68,,,,,,firms,VIIRS,VIIRS_NOAA21_NRT
1.99077,98.68287,2025-06-14,733,N21,n,2.0NRT,5.08,D,0.56,0.69,,,,,,firms,VIIRS,VIIRS_NOAA21_NRT
2.0183,99.83931,2025-06-14,733,N21,h,2.0NRT,15.86,D,0.67,0.74,,,,,,firms,VIIRS,VIIRS_NOAA21_NRT
2.02054,99.83633,2025-06-14,733,N21,n,2.0NRT,21.17,D,0.68,0.74,,,,,,firms,VIIRS,VIIRS_NOAA21_NRT
2.02142,99.84238,2025-06-14,733,N21,h,2.0NRT,21.17,D,0.68,0.74,,,,,,firms,VIIRS,VIIRS_NOAA21_NRT
2.02498,99.83788,2025-06-14,733,N21,n,2.0NRT,15.86,D,0.67,0.74,,,,,,firms,VIIRS,VIIRS_NOAA21_NRT
2.07319,100.34528,2025-06-14,733,N21,n,2.0NRT,12.93,D,0.73,0.76,,,,,,firms,VIIRS,VIIRS_NOAA21_NRT
2.07418,100.3469,2025-06-14,733,N21,n,2.0NRT,12.42,D,0.73,0.76,,,,,,firms,VIIRS,VIIRS_NOAA21_NRT
2.07892,98.92524,2025-06-14,733,N21,n,2.0NRT,3.18,D,0.59,0.7,,,,,,firms,VIIRS,VIIRS_NOAA21_NRT
2.08015,100.34426,2025-06-14,733,N21,n,2.0NRT,12.93,D,0.73,0.76,,,,,,firms,VIIRS,VIIRS_NOAA21_NRT
2.08114,100.34591,2025-06-14,733,N21,n,2.0NRT,8.48,D,0.73,0.76,,,,,,firms,VIIRS,VIIRS_NOAA21_NRT
2.29166,98.73092,2025-06-14,733,N21,n,2.0NRT,7.45,D,0.57,0.69,,,,,,firms,VIIRS,VIIRS_NOAA21_NRT
1.49356,127.63405,2025-06-14,1652,N21,n,2.0NRT,1.57,N,0.39,0.36,,,,,,firms,VIIRS,VIIRS_NOAA21_NRT
1.4941,127.63061,2025-06-14,1652,N21,n,2.0NRT,0.68,N,0.39,0.36,,,,,,firms,VIIRS,VIIRS_NOAA21_NRT
-2.94443,115.23344,2025-06-14,1654,N21,n,2.0NRT,1.23,N,0.6,0.7,,,,,,firms,VIIRS,VIIRS_NOAA21_NRT
-2.44369,133.13326,2025-06-14,1654,N21,n,2.0NRT,1.4,N,0.44,0.46,,,,,,firms,VIIRS,VIIRS_NOAA21_NRT
-2.44309,133.12936,2025-06-14,1654,N21,n,2.0NRT,1.25,N,0.44,0.46,,,,,,firms,VIIRS,VIIRS_NOAA21_NRT
-1.0002,131.27245,2025-06-14,1654,N21,n,2.0NRT,0.57,N,0.49,0.4,,,,,,firms,VIIRS,VIIRS_NOAA21_NRT
-9.44993,119.80204,2025-06-14,1656,N21,n,2.0NRT,6.21,N,0.45,0.47,,,,,,firms,VIIRS,VIIRS_NOAA21_NRT
-8.5227,125.71571,2025-06-14,1656,N21,n,2.0NRT,2.18,N,0.38,0.36,,,,,,firms,VIIRS,VIIRS_NOAA21_NRT
-8.28379,123.50887,2025-06-14,1656,N21,n,2.0NRT,5.69,N,0.44,0.38,,,,,,firms,VIIRS,VIIRS_NOAA21_NRT
-8.28039,123.50992,2025-06-14,1656,N21,n,2.0NRT,5.69,N,0.44,0.38,,,,,,firms,VIIRS,VIIRS_NOAA21_NRT
-8.2798,123.50631,2025-06-14,1656,N21,n,2.0NRT,5.69,N,0.44,0.38,,,,,,firms,VIIRS,VIIRS_NOAA21_NRT
-8.27916,123.50242,2025-06-14,1656,N21,n,2.0NRT,0.57,N,0.44,0.38,,,,,,firms,VIIRS,VIIRS_NOAA21_NRT
-8.27636,123.50716,2025-06-14,1656,N21,n,2.0NRT,39.83,N,0.44,0.38,,,,,,firms,VIIRS,VIIRS_NOAA21_NRT
-8.27574,123.50337,2025-06-14,1656,N21,n,2.0NRT,15.78,N,0.44,0.38,,,,,,firms,VIIRS,VIIRS_NOAA21_NRT
-8.2723,123.50422,2025-06-14,1656,N21,n,2.0NRT,15.78,N,0.44,0.38,,,,,,firms,VIIRS,VIIRS_NOAA21_NRT
-8.27158,123.49992,2025-06-14,1656,N21,n,2.0NRT,15.78,N,0.44,0.38,,,,,,firms,VIIRS,VIIRS_NOAA21_NRT
4.54125,114.11864,2025-06-14,1832,N21,n,2.0NRT,1.16,N,0.47,0.64,,,,,,firms,VIIRS,VIIRS_NOAA21_NRT
4.66663,114.46278,2025-06-14,1832,N21,n,2.0NRT,2.39,N,0.5,0.65,,,,,,firms,VIIRS,VIIRS_NOAA21_NRT
4.97829,112.98488,2025-06-14,1832,N21,h,2.0NRT,7.07,N,0.39,0.59,,,,,,firms,VIIRS,VIIRS_NOAA21_NRT
4.97887,112.98146,2025-06-14,1832,N21,n,2.0NRT,4.97,N,0.39,0.59,,,,,,firms,VIIRS,VIIRS_NOAA21_NRT
-2.99133,115.2067,2025-06-14,1834,N21,n,2.0NRT,6.13,N,0.74,0.76,,,,,,firms,VIIRS,VIIRS_NOAA21_NRT
-2.06316,115.56981,2025-06-14,1834,N21,n,2.0NRT,3.3,N,0.76,0.77,,,,,,firms,VIIRS,VIIRS_NOAA21_NRT
-1.57495,103.68394,2025-06-14,1834,N21,n,2.0NRT,0.46,N,0.4,0.37,,,,,,firms,VIIRS,VIIRS_NOAA21_NRT
-1.57214,103.68803,2025-06-14,1834,N21,n,2.0NRT,0.46,N,0.4,0.37,,,,,,firms,VIIRS,VIIRS_NOAA21_NRT
-1.56316,103.69675,2025-06-14,1834,N21,n,2.0NRT,0.87,N,0.4,0.37,,,,,,firms,VIIRS,VIIRS_NOAA21_NRT
-1.47365,102.62036,2025-06-14,1834,N21,n,2.0NRT,0.99,N,0.39,0.36,,,,,,firms,VIIRS,VIIRS_NOAA21_NRT
-1.17379,103.35815,2025-06-14,1834,N21,n,2.0NRT,0.49,N,0.39,0.36,,,,,,firms,VIIRS,VIIRS_NOAA21_NRT
-1.16721,103.33768,2025-06-14,1834,N21,n,2.0NRT,0.42,N,0.39,0.36,,,,,,firms,VIIRS,VIIRS_NOAA21_NRT
-0.9863,103.33371,2025-06-14,1834,N21,n,2.0NRT,0.94,N,0.39,0.36,,,,,,firms,VIIRS,VIIRS_NOAA21_NRT
-0.7372,101.00085,2025-06-14,1834,N21,n,2.0NRT,2.74,N,0.4,0.37,,,,,,firms,VIIRS,VIIRS_NOAA21_NRT
-0.73664,100.99726,2025-06-14,1834,N21,n,2.0NRT,2.2,N,0.4,0.37,,,,,,firms,VIIRS,VIIRS_NOAA21_NRT
-0.66141,100.7819,2025-06-14,1834,N21,n,2.0NRT,0.72,N,0.41,0.37,,,,,,firms,VIIRS,VIIRS_NOAA21_NRT
-0.48871,102.47674,2025-06-14,1834,N21,n,2.0NRT,1.37,N,0.38,0.36,,,,,,firms,VIIRS,VIIRS_NOAA21_NRT
-0.39265,100.45861,2025-06-14,1834,N21,n,2.0NRT,1.47,N,0.42,0.37,,,,,,firms,VIIRS,VIIRS_NOAA21_NRT
-0.39206,100.45489,2025-06-14,1834,N21,n,2.0NRT,0.85,N,0.42,0.37,,,,,,firms,VIIRS,VIIRS_NOAA21_NRT
0.10255,103.03248,2025-06-14,1834,N21,n,2.0NRT,0.52,N,0.39,0.36,,,,,,firms,VIIRS,VIIRS_NOAA21_NRT
0.42161,100.3717,2025-06-14,1834,N21,n,2.0NRT,2.35,N,0.43,0.38,,,,,,firms,VIIRS,VIIRS_NOAA21_NRT
0.44069,101.89085,2025-06-14,1834,N21,n,2.0NRT,1.04,N,0.39,0.36,,,,,,firms,VIIRS,VIIRS_NOAA21_NRT
0.44401,101.89135,2025-06-14,1834,N21,n,2.0NRT,1.04,N,0.39,0.36,,,,,,firms,VIIRS,VIIRS_NOAA21_NRT
0.54052,101.5783,2025-06-14,1834,N21,n,2.0NRT,0.69,N,0.39,0.36,,,,,,firms,VIIRS,VIIRS_NOAA21_NRT
0.69582,100.35022,2025-06-14,1834,N21,n,2.0NRT,5.15,N,0.43,0.38,,,,,,firms,VIIRS,VIIRS_NOAA21_NRT
0.69641,100.34644,2025-06-14,1834,N21,n,2.0NRT,5.15,N,0.43,0.38,,,,,,firms,VIIRS,VIIRS_NOAA21_NRT
0.69871,100.35447,2025-06-14,1834,N21,n,2.0NRT,31.24,N,0.43,0.38,,,,,,firms,VIIRS,VIIRS_NOAA21_NRT
0.69989,100.34692,2025-06-14,1834,N21,n,2.0NRT,5.15,N,0.43,0.38,,,,,,firms,VIIRS,VIIRS_NOAA21_NRT
0.84566,101.39085,2025-06-14,1834,N21,n,2.0NRT,1.05,N,0.4,0.37,,,,,,firms,VIIRS,VIIRS_NOAA21_NRT
1.29211,101.05386,2025-06-14,1834,N21,n,2.0NRT,1.08,N,0.41,0.37,,,,,,firms,VIIRS,VIIRS_NOAA21_NRT
1.36076,100.97061,2025-06-14,1834,N21,n,2.0NRT,2.1,N,0.41,0.37,,,,,,firms,VIIRS,VIIRS_NOAA21_NRT
1.37283,104.15625,2025-06-14,1834,N21,n,2.0NRT,1.21,N,0.4,0.37,,,,,,firms,VIIRS,VIIRS_NOAA21_NRT
1.37562,104.16032,2025-06-14,1834,N21,n,2.0NRT,2.87,N,0.4,0.37,,,,,,firms,VIIRS,VIIRS_NOAA21_NRT
1.37618,104.15678,2025-06-14,1834,N21,n,2.0NRT,1.21,N,0.4,0.37,,,,,,firms,VIIRS,VIIRS_NOAA21_NRT
1.37897,104.16084,2025-06-14,1834,N21,n,2.0NRT,4.26,N,0.4,0.37,,,,,,firms,VIIRS,VIIRS_NOAA21_NRT
1.37952,104.15731,2025-06-14,1834,N21,n,2.0NRT,1.3,N,0.4,0.37,,,,,,firms,VIIRS,VIIRS_NOAA21_NRT
1.38007,104.15377,2025-06-14,1834,N21,n,2.0NRT,1.3,N,0.4,0.37,,,,,,firms,VIIRS,VIIRS_NOAA21_NRT
1.50541,101.3056,2025-06-14,1834,N21,n,2.0NRT,0.85,N,0.4,0.37,,,,,,firms,VIIRS,VIIRS_NOAA21_NRT
1.58796,100.86518,2025-06-14,1834,N21,n,2.0NRT,1.37,N,0.42,0.37,,,,,,firms,VIIRS,VIIRS_NOAA21_NRT
1.67279,101.47466,2025-06-14,1834,N21,n,2.0NRT,3.55,N,0.4,0.37,,,,,,firms,VIIRS,VIIRS_NOAA21_NRT
1.75472,101.2366,2025-06-14,1834,N21,n,2.0NRT,0.84,N,0.41,0.37,,,,,,firms,VIIRS,VIIRS_NOAA21_NRT
1.76429,101.26402,2025-06-14,1834,N21,n,2.0NRT,1.79,N,0.41,0.37,,,,,,firms,VIIRS,VIIRS_NOAA21_NRT
1.76486,101.2604,2025-06-14,1834,N21,n,2.0NRT,1.79,N,0.41,0.37,,,,,,firms,VIIRS,VIIRS_NOAA21_NRT
2.07165,100.34663,2025-06-14,1834,N21,n,2.0NRT,2.25,N,0.44,0.38,,,,,,firms,VIIRS,VIIRS_NOAA21_NRT
2.07516,100.34715,2025-06-14,1834,N21,n,2.0NRT,7.98,N,0.44,0.38,,,,,,firms,VIIRS,VIIRS_NOAA21_NRT
2.07868,100.34768,2025-06-14,1834,N21,n,2.0NRT,7.98,N,0.44,0.38,,,,,,firms,VIIRS,VIIRS_NOAA21_NRT
2.07929,100.34372,2025-06-14,1834,N21,n,2.0NRT,7.98,N,0.44,0.38,,,,,,firms,VIIRS,VIIRS_NOAA21_NRT
2.09994,100.41914,2025-06-14,1834,N21,n,2.0NRT,1.5,N,0.44,0.38,,,,,,firms,VIIRS,VIIRS_NOAA21_NRT
2.10344,100.41967,2025-06-14,1834,N21,n,2.0NRT,1.5,N,0.44,0.38,,,,,,firms,VIIRS,VIIRS_NOAA21_NRT
2.26522,102.12927,2025-06-14,1834,N21,n,2.0NRT,1.43,N,0.39,0.36,,,,,,firms,VIIRS,VIIRS_NOAA21_NRT
2.26576,102.12579,2025-06-14,1834,N21,n,2.0NRT,2.17,N,0.39,0.36,,,,,,firms,VIIRS,VIIRS_NOAA21_NRT
2.35879,100.03595,2025-06-14,1834,N21,n,2.0NRT,1.63,N,0.46,0.39,,,,,,firms,VIIRS,VIIRS_NOAA21_NRT
2.38627,102.87857,2025-06-14,1834,N21,n,2.0NRT,0.56,N,0.38,0.36,,,,,,firms,VIIRS,VIIRS_NOAA21_NRT
2.40607,101.98983,2025-06-14,1834,N21,n,2.0NRT,1.1,N,0.39,0.36,,,,,,firms,VIIRS,VIIRS_NOAA21_NRT
2.73782,102.39474,2025-06-14,1834,N21,n,2.0NRT,2.03,N,0.39,0.36,,,,,,firms,VIIRS,VIIRS_NOAA21_NRT
2.74388,101.56515,2025-06-14,1834,N21,n,2.0NRT,1.61,N,0.4,0.37,,,,,,firms,VIIRS,VIIRS_NOAA21_NRT
2.76716,112.39898,2025-06-14,1834,N21,n,2.0NRT,0.69,N,0.38,0.59,,,,,,firms,VIIRS,VIIRS_NOAA21_NRT
2.77957,112.29084,2025-06-14,1834,N21,n,2.0NRT,0.99,N,0.38,0.58,,,,,,firms,VIIRS,VIIRS_NOAA21_NRT
3.13945,113.08987,2025-06-14,1834,N21,n,2.0NRT,1.65,N,0.42,0.61,,,,,,firms,VIIRS,VIIRS_NOAA21_NRT
3.14092,113.08784,2025-06-14,1834,N21,n,2.0NRT,1.84,N,0.42,0.61,,,,,,firms,VIIRS,VIIRS_NOAA21_NRT
3.27384,113.07147,2025-06-14,1834,N21,n,2.0NRT,1.36,N,0.42,0.61,,,,,,firms,VIIRS,VIIRS_NOAA21_NRT
3.27436,113.06561,2025-06-14,1834,N21,n,2.0NRT,3.51,N,0.42,0.61,,,,,,firms,VIIRS,VIIRS_NOAA21_NRT
3.275,113.06426,2025-06-14,1834,N21,n,2.0NRT,3.25,N,0.42,0.61,,,,,,firms,VIIRS,VIIRS_NOAA21_NRT
3.27868,113.07373,2025-06-14,1834,N21,n,2.0NRT,3.71,N,0.42,0.61,,,,,,firms,VIIRS,VIIRS_NOAA21_NRT
3.28725,113.09056,2025-06-14,1834,N21,n,2.0NRT,4.55,N,0.42,0.61,,,,,,firms,VIIRS,VIIRS_NOAA21_NRT
3.28786,113.08698,2025-06-14,1834,N21,n,2.0NRT,4.55,N,0.42,0.61,,,,,,firms,VIIRS,VIIRS_NOAA21_NRT
3.28846,113.08338,2025-06-14,1834,N21,n,2.0NRT,7.46,N,0.42,0.61,,,,,,firms,VIIRS,VIIRS_NOAA21_NRT
3.4371,101.68584,2025-06-14,1834,N21,n,2.0NRT,2.81,N,0.41,0.37,,,,,,firms,VIIRS,VIIRS_NOAA21_NRT
3.43766,101.68221,2025-06-14,1834,N21,n,2.0NRT,2.39,N,0.41,0.37,,,,,,firms,VIIRS,VIIRS_NOAA21_NRT
3.44027,103.08315,2025-06-14,1834,N21,n,2.0NRT,0.66,N,0.38,0.36,,,,,,firms,VIIRS,VIIRS_NOAA21_NRT
3.4768,102.41411,2025-06-14,1834,N21,n,2.0NRT,0.73,N,0.39,0.36,,,,,,firms,VIIRS,VIIRS_NOAA21_NRT
3.52253,113.31508,2025-06-14,1834,N21,n,2.0NRT,1.39,N,0.43,0.62,,,,,,firms,VIIRS,VIIRS_NOAA21_NRT
3.52316,113.31129,2025-06-14,1834,N21,n,2.0NRT,1.39,N,0.43,0.62,,,,,,firms,VIIRS,VIIRS_NOAA21_NRT
3.53302,113.3428,2025-06-14,1834,N21,n,2.0NRT,1.48,N,0.43,0.62,,,,,,firms,VIIRS,VIIRS_NOAA21_NRT
3.53495,113.34487,2025-06-14,1834,N21,n,2.0NRT,1.64,N,0.43,0.62,,,,,,firms,VIIRS,VIIRS_NOAA21_NRT
3.535,113.30943,2025-06-14,1834,N21,n,2.0NRT,0.89,N,0.43,0.62,,,,,,firms,VIIRS,VIIRS_NOAA21_NRT
3.54557,113.35063,2025-06-14,1834,N21,n,2.0NRT,0.65,N,0.43,0.62,,,,,,firms,VIIRS,VIIRS_NOAA21_NRT
3.58308,113.66971,2025-06-14,1834,N21,n,2.0NRT,0.71,N,0.46,0.63,,,,,,firms,VIIRS,VIIRS_NOAA21_NRT
3.60644,112.41121,2025-06-14,1834,N21,n,2.0NRT,4.32,N,0.37,0.58,,,,,,firms,VIIRS,VIIRS_NOAA21_NRT
4.55625,103.4587,2025-06-14,1834,N21,n,2.0NRT,1.87,N,0.38,0.36,,,,,,firms,VIIRS,VIIRS_NOAA21_NRT
4.5672,103.45337,2025-06-14,1834,N21,n,2.0NRT,1.65,N,0.38,0.36,,,,,,firms,VIIRS,VIIRS_NOAA21_NRT
4.57431,103.45096,2025-06-14,1834,N21,n,2.0NRT,3.24,N,0.38,0.36,,,,,,firms,VIIRS,VIIRS_NOAA21_NRT
4.57485,103.44753,2025-06-14,1834,N21,n,2.0NRT,2.99,N,0.38,0.36,,,,,,firms,VIIRS,VIIRS_NOAA21_NRT
4.6573,103.38017,2025-06-14,1834,N21,n,2.0NRT,1.55,N,0.38,0.36,,,,,,firms,VIIRS,VIIRS_NOAA21_NRT
5.22288,97.0754,2025-06-14,1834,N21,n,2.0NRT,1.25,N,0.5,0.49,,,,,,firms,VIIRS,VIIRS_NOAA21_NRT
5.22355,97.07089,2025-06-14,1834,N21,n,2.0NRT,5.52,N,0.5,0.49,,,,,,firms,VIIRS,VIIRS_NOAA21_NRT
5.37254,104.89488,2025-06-14,1834,N21,n,2.0NRT,1.37,N,0.39,0.36,,,,,,firms,VIIRS,VIIRS_NOAA21_NRT
5.43374,105.21696,2025-06-14,1834,N21,n,2.0NRT,1.01,N,0.4,0.37,,,,,,firms,VIIRS,VIIRS_NOAA21_NRT
5.50027,105.20918,2025-06-14,1834,N21,n,2.0NRT,0.86,N,0.4,0.37,,,,,,firms,VIIRS,VIIRS_NOAA21_NRT
5.58552,104.47415,2025-06-14,1834,N21,n,2.0NRT,0.51,N,0.39,0.36,,,,,,firms,VIIRS,VIIRS_NOAA21_NRT
-7.54354,110.44493,2025-06-14,1836,N21,n,2.0NRT,1.89,N,0.4,0.6,,,,,,firms,VIIRS,VIIRS_NOAA21_NRT
-3.8104,103.81727,2025-06-14,1836,N21,n,2.0NRT,0.97,N,0.42,0.38,,,,,,firms,VIIRS,VIIRS_NOAA21_NRT
-3.80697,103.81779,2025-06-14,1836,N21,n,2.0NRT,8.59,N,0.42,0.38,,,,,,firms,VIIRS,VIIRS_NOAA21_NRT
-3.78007,103.82581,2025-06-14,1836,N21,n,2.0NRT,0.74,N,0.42,0.38,,,,,,firms,VIIRS,VIIRS_NOAA21_NRT
-3.72869,103.71914,2025-06-14,1836,N21,n,2.0NRT,1.15,N,0.42,0.37,,,,,,firms,VIIRS,VIIRS_NOAA21_NRT
-3.72813,103.71543,2025-06-14,1836,N21,n,2.0NRT,1.15,N,0.42,0.37,,,,,,firms,VIIRS,VIIRS_NOAA21_NRT
-3.72471,103.71597,2025-06-14,1836,N21,n,2.0NRT,1.15,N,0.42,0.37,,,,,,firms,VIIRS,VIIRS_NOAA21_NRT
-3.6867,103.65362,2025-06-14,1836,N21,n,2.0NRT,0.99,N,0.41,0.37,,,,,,firms,VIIRS,VIIRS_NOAA21_NRT
-3.41215,104.14782,2025-06-14,1836,N21,n,2.0NRT,1.05,N,0.43,0.38,,,,,,firms,VIIRS,VIIRS_NOAA21_NRT
-3.3084,104.32014,2025-06-14,1836,N21,n,2.0NRT,0.66,N,0.43,0.38,,,,,,firms,VIIRS,VIIRS_NOAA21_NRT
-3.21608,104.17227,2025-06-14,1836,N21,n,2.0NRT,0.36,N,0.43,0.38,,,,,,firms,VIIRS,VIIRS_NOAA21_NRT
-2.56188,103.05027,2025-06-14,1836,N21,n,2.0NRT,0.56,N,0.39,0.36,,,,,,firms,VIIRS,VIIRS_NOAA21_NRT
-9.98913,120.78146,2025-06-15,531,N21,n,2.0NRT,12.69,D,0.39,0.36,,,,,,firms,VIIRS,VIIRS_NOAA21_NRT
-9.51788,119.7567,2025-06-15,531,N21,n,2.0NRT,4.43,D,0.38,0.36,,,,,,firms,VIIRS,VIIRS_NOAA21_NRT
-9.41608,119.78014,2025-06-15,531,N21,n,2.0NRT,1.73,D,0.38,0.36,,,,,,firms,VIIRS,VIIRS_NOAA21_NRT
-9.40673,119.88563,2025-06-15,531,N21,n,2.0NRT,3.03,D,0.38,0.36,,,,,,firms,VIIRS,VIIRS_NOAA21_NRT
-9.40654,119.81767,2025-06-15,531,N21,l,2.0NRT,1.71,D,0.38,0.36,,,,,,firms,VIIRS,VIIRS_NOAA21_NRT
-9.40342,119.88511,2025-06-15,531,N21,n,2.0NRT,14.5,D,0.38,0.36,,,,,,firms,VIIRS,VIIRS_NOAA21_NRT
-9.40289,119.88859,2025-06-15,531,N21,n,2.0NRT,13.14,D,0.38,0.36,,,,,,firms,VIIRS,VIIRS_NOAA21_NRT
-9.40235,119.89207,2025-06-15,531,N21,n,2.0NRT,13.14,D,0.38,0.36,,,,,,firms,VIIRS,VIIRS_NOAA21_NRT
-8.65584,122.48045,2025-06-15,531,N21,n,2.0NRT,3.54,D,0.45,0.39,,,,,,firms,VIIRS,VIIRS_NOAA21_NRT
-8.56668,126.08366,2025-06-15,531,N21,n,2.0NRT,5.09,D,0.49,0.48,,,,,,firms,VIIRS,VIIRS_NOAA21_NRT
-8.55479,122.11328,2025-06-15,531,N21,n,2.0NRT,5.33,D,0.44,0.38,,,,,,firms,VIIRS,VIIRS_NOAA21_NRT
-8.27524,123.50493,2025-06-15,531,N21,n,2.0NRT,24.9,D,0.51,0.41,,,,,,firms,VIIRS,VIIRS_NOAA21_NRT
-8.2747,123.50666,2025-06-15,531,N21,n,2.0NRT,25.02,D,0.51,0.41,,,,,,firms,VIIRS,VIIRS_NOAA21_NRT
-8.27441,123.50987,2025-06-15,531,N21,n,2.0NRT,24.9,D,0.51,0.41,,,,,,firms,VIIRS,VIIRS_NOAA21_NRT
-8.27389,123.51177,2025-06-15,531,N21,n,2.0NRT,25.02,D,0.51,0.41,,,,,,firms,VIIRS,VIIRS_NOAA21_NRT
-5.05923,119.46696,2025-06-15,531,N21,n,2.0NRT,2.11,D,0.39,0.36,,,,,,firms,VIIRS,VIIRS_NOAA21_NRT
-4.51791,120.3131,2025-06-15,533,N21,n,2.0NRT,3.27,D,0.41,0.37,,,,,,firms,VIIRS,VIIRS_NOAA21_NRT
-4.23494,104.948,2025-06-15,533,N21,n,2.0NRT,13.88,D,0.77,0.77,,,,,,firms,VIIRS,VIIRS_NOAA21_NRT
-4.23207,104.95163,2025-06-15,533,N21,n,2.0NRT,17.08,D,0.77,0.77,,,,,,firms,VIIRS,VIIRS_NOAA21_NRT
-3.98216,116.15701,2025-06-15,533,N21,n,2.0NRT,2.52,D,0.43,0.38,,,,,,firms,VIIRS,VIIRS_NOAA21_NRT
-3.23235,115.02142,2025-06-15,533,N21,n,2.0NRT,2.41,D,0.47,0.4,,,,,,firms,VIIRS,VIIRS_NOAA21_NRT
-2.82888,122.17393,2025-06-15,533,N21,n,2.0NRT,8.49,D,0.51,0.41,,,,,,firms,VIIRS,VIIRS_NOAA21_NRT
-2.7986,112.27776,2025-06-15,533,N21,n,2.0NRT,6.08,D,0.45,0.47,,,,,,firms,VIIRS,VIIRS_NOAA21_NRT
-2.70203,112.77586,2025-06-15,533,N21,n,2.0NRT,5.42,D,0.42,0.45,,,,,,firms,VIIRS,VIIRS_NOAA21_NRT
-2.70147,112.7796,2025-06-15,533,N21,n,2.0NRT,5.42,D,0.42,0.45,,,,,,firms,VIIRS,VIIRS_NOAA21_NRT
-2.58092,121.3794,2025-06-15,533,N21,n,2.0NRT,14.71,D,0.47,0.39,,,,,,firms,VIIRS,VIIRS_NOAA21_NRT
-2.57731,121.37878,2025-06-15,533,N21,n,2.0NRT,53.36,D,0.47,0.39,,,,,,firms,VIIRS,VIIRS_NOAA21_NRT
-2.48998,115.31164,2025-06-15,533,N21,n,2.0NRT,3.87,D,0.45,0.39,,,,,,firms,VIIRS,VIIRS_NOAA21_NRT
-2.21178,115.49887,2025-06-15,533,N21,n,2.0NRT,2.68,D,0.44,0.38,,,,,,firms,VIIRS,VIIRS_NOAA21_NRT
-2.05012,110.57846,2025-06-15,533,N21,n,2.0NRT,5.77,D,0.58,0.52,,,,,,firms,VIIRS,VIIRS_NOAA21_NRT
-1.89619,115.86464,2025-06-15,533,N21,n,2.0NRT,5.44,D,0.42,0.38,,,,,,firms,VIIRS,VIIRS_NOAA21_NRT
-1.89274,115.86412,2025-06-15,533,N21,n,2.0NRT,7.16,D,0.42,0.38,,,,,,firms,VIIRS,VIIRS_NOAA21_NRT
-0.4721,116.12045,2025-06-15,533,N21,n,2.0NRT,4.05,D,0.4,0.37,,,,,,firms,VIIRS,VIIRS_NOAA21_NRT
0.27773,116.33058,2025-06-15,533,N21,n,2.0NRT,2.57,D,0.4,0.37,,,,,,firms,VIIRS,VIIRS_NOAA21_NRT
0.6017,116.69568,2025-06-15,533,N21,n,2.0NRT,5.25,D,0.39,0.36,,,,,,firms,VIIRS,VIIRS_NOAA21_NRT
0.67631,117.56559,2025-06-15,533,N21,n,2.0NRT,2.87,D,0.38,0.36,,,,,,firms,VIIRS,VIIRS_NOAA21_NRT
1.14594,109.76814,2025-06-15,533,N21,n,2.0NRT,5.98,D,0.59,0.53,,,,,,firms,VIIRS,VIIRS_NOAA21_NRT
1.98806,113.77059,2025-06-15,533,N21,n,2.0NRT,22.79,D,0.48,0.4,,,,,,firms,VIIRS,VIIRS_NOAA21_NRT
1.37473,104.15198,2025-06-15,536,N21,l,2.0NRT,12.23,D,0.72,0.75,,,,,,firms,VIIRS,VIIRS_NOAA21_NRT
1.37557,104.15177,2025-06-15,536,N21,l,2.0NRT,20.88,D,0.71,0.75,,,,,,firms,VIIRS,VIIRS_NOAA21_NRT
1.37574,104.15823,2025-06-15,536,N21,n,2.0NRT,12.23,D,0.71,0.75,,,,,,firms,VIIRS,VIIRS_NOAA21_NRT
1.37663,104.15806,2025-06-15,536,N21,n,2.0NRT,12.38,D,0.71,0.75,,,,,,firms,VIIRS,VIIRS_NOAA21_NRT
1.65304,109.77891,2025-06-15,536,N21,n,2.0NRT,5.91,D,0.57,0.52,,,,,,firms,VIIRS,VIIRS_NOAA21_NRT
1.65371,109.7768,2025-06-15,536,N21,n,2.0NRT,5.85,D,0.57,0.52,,,,,,firms,VIIRS,VIIRS_NOAA21_NRT
2.19896,112.06688,2025-06-15,536,N21,n,2.0NRT,22.24,D,0.4,0.44,,,,,,firms,VIIRS,VIIRS_NOAA21_NRT
2.4386,112.00038,2025-06-15,536,N21,n,2.0NRT,18.4,D,0.4,0.44,,,,,,firms,VIIRS,VIIRS_NOAA21_NRT
2.43954,111.99921,2025-06-15,536,N21,n,2.0NRT,27.78,D,0.4,0.44,,,,,,firms,VIIRS,VIIRS_NOAA21_NRT
2.44358,111.9986,2025-06-15,536,N21,n,2.0NRT,6.4,D,0.4,0.44,,,,,,firms,VIIRS,VIIRS_NOAA21_NRT
2.57959,113.1165,2025-06-15,536,N21,n,2.0NRT,4.83,D,0.51,0.41,,,,,,firms,VIIRS,VIIRS_NOAA21_NRT
2.58334,113.1159,2025-06-15,536,N21,n,2.0NRT,5.39,D,0.51,0.41,,,,,,firms,VIIRS,VIIRS_NOAA21_NRT
2.65993,111.62788,2025-06-15,536,N21,n,2.0NRT,4.97,D,0.42,0.45,,,,,,firms,VIIRS,VIIRS_NOAA21_NRT
2.72544,112.32436,2025-06-15,536,N21,n,2.0NRT,17.53,D,0.56,0.43,,,,,,firms,VIIRS,VIIRS_NOAA21_NRT
2.74224,111.88654,2025-06-15,536,N21,n,2.0NRT,7.02,D,0.4,0.44,,,,,,firms,VIIRS,VIIRS_NOAA21_NRT
2.74276,111.88567,2025-06-15,536,N21,n,2.0NRT,6.83,D,0.4,0.44,,,,,,firms,VIIRS,VIIRS_NOAA21_NRT
2.74518,111.8788,2025-06-15,536,N21,n,2.0NRT,7.3,D,0.4,0.44,,,,,,firms,VIIRS,VIIRS_NOAA21_NRT
2.74565,111.87795,2025-06-15,536,N21,n,2.0NRT,8.47,D,0.4,0.44,,,,,,firms,VIIRS,VIIRS_NOAA21_NRT
2.74769,112.46332,2025-06-15,536,N21,n,2.0NRT,5.19,D,0.55,0.43,,,,,,firms,VIIRS,VIIRS_NOAA21_NRT
2.74899,112.93377,2025-06-15,536,N21,n,2.0NRT,16.92,D,0.52,0.41,,,,,,firms,VIIRS,VIIRS_NOAA21_NRT
2.82285,111.68407,2025-06-15,536,N21,n,2.0NRT,6.12,D,0.41,0.45,,,,,,firms,VIIRS,VIIRS_NOAA21_NRT
2.84921,111.84632,2025-06-15,536,N21,n,2.0NRT,5.82,D,0.4,0.44,,,,,,firms,VIIRS,VIIRS_NOAA21_NRT
2.89389,112.79638,2025-06-15,536,N21,n,2.0NRT,4.73,D,0.52,0.42,,,,,,firms,VIIRS,VIIRS_NOAA21_NRT
3.01373,113.90703,2025-06-15,536,N21,n,2.0NRT,3.32,D,0.46,0.39,,,,,,firms,VIIRS,VIIRS_NOAA21_NRT
3.02381,113.90116,2025-06-15,536,N21,n,2.0NRT,2.33,D,0.46,0.39,,,,,,firms,VIIRS,VIIRS_NOAA21_NRT
3.04126,113.69561,2025-06-15,536,N21,n,2.0NRT,5.21,D,0.47,0.4,,,,,,firms,VIIRS,VIIRS_NOAA21_NRT
3.06474,113.03948,2025-06-15,536,N21,n,2.0NRT,4.45,D,0.51,0.41,,,,,,firms,VIIRS,VIIRS_NOAA21_NRT
3.22695,113.44826,2025-06-15,536,N21,n,2.0NRT,7.26,D,0.48,0.4,,,,,,firms,VIIRS,VIIRS_NOAA21_NRT
3.23316,113.61056,2025-06-15,536,N21,n,2.0NRT,5.29,D,0.47,0.4,,,,,,firms,VIIRS,VIIRS_NOAA21_NRT
3.23436,113.61191,2025-06-15,536,N21,n,2.0NRT,9.03,D,0.47,0.4,,,,,,firms,VIIRS,VIIRS_NOAA21_NRT
3.27856,113.06499,2025-06-15,536,N21,n,2.0NRT,5.38,D,0.5,0.41,,,,,,firms,VIIRS,VIIRS_NOAA21_NRT
3.28585,113.08678,2025-06-15,536,N21,n,2.0NRT,9.01,D,0.5,0.41,,,,,,firms,VIIRS,VIIRS_NOAA21_NRT
3.28886,113.08168,2025-06-15,536,N21,n,2.0NRT,18.37,D,0.5,0.41,,,,,,firms,VIIRS,VIIRS_NOAA21_NRT
3.28957,113.08616,2025-06-15,536,N21,n,2.0NRT,9.01,D,0.5,0.41,,,,,,firms,VIIRS,VIIRS_NOAA21_NRT
3.29028,113.09064,2025-06-15,536,N21,n,2.0NRT,9.01,D,0.5,0.41,,,,,,firms,VIIRS,VIIRS_NOAA21_NRT
3.5243,113.3132,2025-06-15,536,N21,n,2.0NRT,4.86,D,0.48,0.4,,,,,,firms,VIIRS,VIIRS_NOAA21_NRT
3.53711,113.34644,2025-06-15,536,N21,l,2.0NRT,3.84,D,0.48,0.4,,,,,,firms,VIIRS,VIIRS_NOAA21_NRT
3.60496,112.41266,2025-06-15,536,N21,n,2.0NRT,4.03,D,0.54,0.42,,,,,,firms,VIIRS,VIIRS_NOAA21_NRT
3.74449,113.80635,2025-06-15,536,N21,n,2.0NRT,4.74,D,0.45,0.39,,,,,,firms,VIIRS,VIIRS_NOAA21_NRT
3.82919,108.36673,2025-06-15,536,N21,n,2.0NRT,3.84,D,0.33,0.55,,,,,,firms,VIIRS,VIIRS_NOAA21_NRT
3.88397,108.26774,2025-06-15,536,N21,n,2.0NRT,2.34,D,0.34,0.56,,,,,,firms,VIIRS,VIIRS_NOAA21_NRT
3.99694,113.77307,2025-06-15,536,N21,n,2.0NRT,7.95,D,0.45,0.39,,,,,,firms,VIIRS,VIIRS_NOAA21_NRT
4.46708,113.9996,2025-06-15,536,N21,n,2.0NRT,2.38,D,0.44,0.38,,,,,,firms,VIIRS,VIIRS_NOAA21_NRT
4.54954,113.62452,2025-06-15,536,N21,n,2.0NRT,3.65,D,0.45,0.39,,,,,,firms,VIIRS,VIIRS_NOAA21_NRT
4.97935,112.98269,2025-06-15,536,N21,n,2.0NRT,6.45,D,0.48,0.4,,,,,,firms,VIIRS,VIIRS_NOAA21_NRT
4.97938,112.98196,2025-06-15,536,N21,n,2.0NRT,8.96,D,0.48,0.4,,,,,,firms,VIIRS,VIIRS_NOAA21_NRT
-4.07171,104.42645,2025-06-15,714,N21,h,2.0NRT,45.93,D,0.52,0.67,,,,,,firms,VIIRS,VIIRS_NOAA21_NRT
-3.7663,104.17882,2025-06-15,714,N21,n,2.0NRT,6.38,D,0.51,0.66,,,,,,firms,VIIRS,VIIRS_NOAA21_NRT
-3.6003,104.23238,2025-06-15,714,N21,n,2.0NRT,4.23,D,0.52,0.67,,,,,,firms,VIIRS,VIIRS_NOAA21_NRT
-3.40401,103.2756,2025-06-15,714,N21,n,2.0NRT,1.58,D,0.45,0.63,,,,,,firms,VIIRS,VIIRS_NOAA21_NRT
-3.40287,103.27573,2025-06-15,714,N21,n,2.0NRT,1.88,D,0.45,0.63,,,,,,firms,VIIRS,VIIRS_NOAA21_NRT
-3.25146,104.09843,2025-06-15,714,N21,n,2.0NRT,42.94,D,0.51,0.66,,,,,,firms,VIIRS,VIIRS_NOAA21_NRT
-3.25017,104.0996,2025-06-15,714,N21,h,2.0NRT,32.05,D,0.51,0.66,,,,,,firms,VIIRS,VIIRS_NOAA21_NRT
-3.22368,104.03403,2025-06-15,714,N21,h,2.0NRT,36.24,D,0.51,0.66,,,,,,firms,VIIRS,VIIRS_NOAA21_NRT
-3.17993,103.61533,2025-06-15,714,N21,n,2.0NRT,6.54,D,0.48,0.64,,,,,,firms,VIIRS,VIIRS_NOAA21_NRT
-3.17838,102.15678,2025-06-15,714,N21,h,2.0NRT,11.32,D,0.38,0.59,,,,,,firms,VIIRS,VIIRS_NOAA21_NRT
-3.16959,104.13338,2025-06-15,714,N21,n,2.0NRT,57.08,D,0.52,0.67,,,,,,firms,VIIRS,VIIRS_NOAA21_NRT
-3.16881,104.13799,2025-06-15,714,N21,h,2.0NRT,57.08,D,0.52,0.67,,,,,,firms,VIIRS,VIIRS_NOAA21_NRT
-2.60732,101.86499,2025-06-15,714,N21,n,2.0NRT,2.99,D,0.37,0.58,,,,,,firms,VIIRS,VIIRS_NOAA21_NRT
-2.52091,103.56197,2025-06-15,714,N21,n,2.0NRT,5.72,D,0.48,0.65,,,,,,firms,VIIRS,VIIRS_NOAA21_NRT
-2.36473,102.06711,2025-06-15,714,N21,n,2.0NRT,12.65,D,0.38,0.59,,,,,,firms,VIIRS,VIIRS_NOAA21_NRT
-2.36419,102.07041,2025-06-15,714,N21,n,2.0NRT,12.91,D,0.38,0.59,,,,,,firms,VIIRS,VIIRS_NOAA21_NRT
-2.14352,102.99657,2025-06-15,714,N21,n,2.0NRT,5.24,D,0.45,0.63,,,,,,firms,VIIRS,VIIRS_NOAA21_NRT
-2.14254,102.99635,2025-06-15,714,N21,h,2.0NRT,8.93,D,0.45,0.63,,,,,,firms,VIIRS,VIIRS_NOAA21_NRT
-2.13776,102.99568,2025-06-15,714,N21,n,2.0NRT,6.22,D,0.45,0.63,,,,,,firms,VIIRS,VIIRS_NOAA21_NRT
-2.12756,101.66811,2025-06-15,714,N21,n,2.0NRT,2.99,D,0.36,0.58,,,,,,firms,VIIRS,VIIRS_NOAA21_NRT
-1.93032,102.6179,2025-06-15,714,N21,n,2.0NRT,4.23,D,0.43,0.62,,,,,,firms,VIIRS,VIIRS_NOAA21_NRT
-1.64926,101.76376,2025-06-15,716,N21,n,2.0NRT,5.44,D,0.38,0.58,,,,,,firms,VIIRS,VIIRS_NOAA21_NRT
-1.48991,101.31283,2025-06-15,716,N21,n,2.0NRT,4.26,D,0.35,0.57,,,,,,firms,VIIRS,VIIRS_NOAA21_NRT
-0.91915,101.37879,2025-06-15,716,N21,n,2.0NRT,6.41,D,0.36,0.58,,,,,,firms,VIIRS,VIIRS_NOAA21_NRT
-0.85987,100.59455,2025-06-15,716,N21,n,2.0NRT,2.51,D,0.32,0.55,,,,,,firms,VIIRS,VIIRS_NOAA21_NRT
-0.33187,102.3448,2025-06-15,716,N21,n,2.0NRT,5.98,D,0.43,0.62,,,,,,firms,VIIRS,VIIRS_NOAA21_NRT
-0.32871,102.34444,2025-06-15,716,N21,n,2.0NRT,7.43,D,0.43,0.62,,,,,,firms,VIIRS,VIIRS_NOAA21_NRT
-0.26526,99.94324,2025-06-15,716,N21,n,2.0NRT,5.78,D,0.59,0.53,,,,,,firms,VIIRS,VIIRS_NOAA21_NRT
0.29524,99.24698,2025-06-15,716,N21,n,2.0NRT,13.1,D,0.54,0.51,,,,,,firms,VIIRS,VIIRS_NOAA21_NRT
0.45899,99.42489,2025-06-15,716,N21,n,2.0NRT,16.95,D,0.56,0.51,,,,,,firms,VIIRS,VIIRS_NOAA21_NRT
0.69826,100.35265,2025-06-15,716,N21,n,2.0NRT,4.6,D,0.33,0.55,,,,,,firms,VIIRS,VIIRS_NOAA21_NRT
0.69872,100.35566,2025-06-15,716,N21,n,2.0NRT,4.6,D,0.33,0.55,,,,,,firms,VIIRS,VIIRS_NOAA21_NRT
0.74926,99.14265,2025-06-15,716,N21,n,2.0NRT,6.74,D,0.54,0.51,,,,,,firms,VIIRS,VIIRS_NOAA21_NRT
0.75951,100.28313,2025-06-15,716,N21,n,2.0NRT,4.89,D,0.32,0.55,,,,,,firms,VIIRS,VIIRS_NOAA21_NRT
0.75994,100.28544,2025-06-15,716,N21,n,2.0NRT,3.76,D,0.32,0.55,,,,,,firms,VIIRS,VIIRS_NOAA21_NRT
0.92724,100.34021,2025-06-15,716,N21,n,2.0NRT,3.14,D,0.33,0.55,,,,,,firms,VIIRS,VIIRS_NOAA21_NRT
0.93415,97.92235,2025-06-15,716,N21,n,2.0NRT,3.78,D,0.45,0.47,,,,,,firms,VIIRS,VIIRS_NOAA21_NRT
1.36207,100.96998,2025-06-15,716,N21,n,2.0NRT,20.54,D,0.37,0.58,,,,,,firms,VIIRS,VIIRS_NOAA21_NRT
1.36738,100.96917,2025-06-15,716,N21,l,2.0NRT,20.54,D,0.37,0.58,,,,,,firms,VIIRS,VIIRS_NOAA21_NRT
1.40302,97.2924,2025-06-15,716,N21,n,2.0NRT,10.58,D,0.42,0.45,,,,,,firms,VIIRS,VIIRS_NOAA21_NRT
1.44873,100.79892,2025-06-15,716,N21,n,2.0NRT,6.32,D,0.36,0.57,,,,,,firms,VIIRS,VIIRS_NOAA21_NRT
1.9699,98.64738,2025-06-15,716,N21,n,2.0NRT,58.35,D,0.52,0.5,,,,,,firms,VIIRS,VIIRS_NOAA21_NRT
2.29819,98.80224,2025-06-15,716,N21,n,2.0NRT,13.45,D,0.54,0.51,,,,,,firms,VIIRS,VIIRS_NOAA21_NRT
2.57218,98.00962,2025-06-15,716,N21,n,2.0NRT,6.29,D,0.48,0.48,,,,,,firms,VIIRS,VIIRS_NOAA21_NRT
2.5724,98.01151,2025-06-15,716,N21,n,2.0NRT,10.25,D,0.48,0.48,,,,,,firms,VIIRS,VIIRS_NOAA21_NRT
2.57683,98.01099,2025-06-15,716,N21,n,2.0NRT,6.29,D,0.48,0.48,,,,,,firms,VIIRS,VIIRS_NOAA21_NRT
2.90262,97.80826,2025-06-15,716,N21,n,2.0NRT,16.91,D,0.47,0.48,,,,,,firms,VIIRS,VIIRS_NOAA21_NRT
2.99676,97.9913,2025-06-15,716,N21,n,2.0NRT,7.61,D,0.49,0.48,,,,,,firms,VIIRS,VIIRS_NOAA21_NRT
2.99731,97.99049,2025-06-15,716,N21,n,2.0NRT,9.63,D,0.49,0.48,,,,,,firms,VIIRS,VIIRS_NOAA21_NRT
3.56046,101.09209,2025-06-15,716,N21,n,2.0NRT,8.18,D,0.41,0.6,,,,,,firms,VIIRS,VIIRS_NOAA21_NRT
3.56078,101.09249,2025-06-15,716,N21,n,2.0NRT,5.63,D,0.41,0.6,,,,,,firms,VIIRS,VIIRS_NOAA21_NRT
3.56548,101.08762,2025-06-15,716,N21,n,2.0NRT,4.57,D,0.41,0.6,,,,,,firms,VIIRS,VIIRS_NOAA21_NRT
3.56577,101.08806,2025-06-15,716,N21,n,2.0NRT,7.43,D,0.41,0.6,,,,,,firms,VIIRS,VIIRS_NOAA21_NRT
4.36939,96.29517,2025-06-15,716,N21,n,2.0NRT,9.7,D,0.39,0.44,,,,,,firms,VIIRS,VIIRS_NOAA21_NRT
4.4703,95.87122,2025-06-15,716,N21,n,2.0NRT,2.16,D,0.56,0.43,,,,,,firms,VIIRS,VIIRS_NOAA21_NRT
4.69793,95.59498,2025-06-15,716,N21,n,2.0NRT,38.42,D,0.54,0.42,,,,,,firms,VIIRS,VIIRS_NOAA21_NRT
4.69893,95.59225,2025-06-15,716,N21,n,2.0NRT,4.73,D,0.54,0.42,,,,,,firms,VIIRS,VIIRS_NOAA21_NRT
4.84355,95.46109,2025-06-15,716,N21,n,2.0NRT,8.24,D,0.53,0.42,,,,,,firms,VIIRS,VIIRS_NOAA21_NRT
5.18069,96.9771,2025-06-15,718,N21,n,2.0NRT,3.4,D,0.45,0.47,,,,,,firms,VIIRS,VIIRS_NOAA21_NRT
5.2255,97.07426,2025-06-15,718,N21,n,2.0NRT,1.95,D,0.46,0.47,,,,,,firms,VIIRS,VIIRS_NOAA21_NRT
5.2974,95.54688,2025-06-15,718,N21,n,2.0NRT,8.97,D,0.55,0.43,,,,,,firms,VIIRS,VIIRS_NOAA21_NRT
5.37681,95.4577,2025-06-15,718,N21,n,2.0NRT,12.68,D,0.54,0.42,,,,,,firms,VIIRS,VIIRS_NOAA21_NRT
5.67658,95.06923,2025-06-15,718,N21,n,2.0NRT,7.52,D,0.52,0.42,,,,,,firms,VIIRS,VIIRS_NOAA21_NRT
-8.2823,123.50438,2025-06-15,1635,N21,n,2.0NRT,5.81,N,0.55,0.51,,,,,,firms,VIIRS,VIIRS_NOAA21_NRT
-8.27793,123.50684,2025-06-15,1635,N21,n,2.0NRT,5.81,N,0.55,0.51,,,,,,firms,VIIRS,VIIRS_NOAA21_NRT
-8.27706,123.50188,2025-06-15,1635,N21,n,2.0NRT,5.81,N,0.55,0.51,,,,,,firms,VIIRS,VIIRS_NOAA21_NRT
-8.27341,123.50844,2025-06-15,1635,N21,n,2.0NRT,17.15,N,0.55,0.51,,,,,,firms,VIIRS,VIIRS_NOAA21_NRT
-8.27264,123.50408,2025-06-15,1635,N21,n,2.0NRT,17.15,N,0.55,0.51,,,,,,firms,VIIRS,VIIRS_NOAA21_NRT
-1.81988,136.74991,2025-06-15,1635,N21,n,2.0NRT,1.74,N,0.55,0.43,,,,,,firms,VIIRS,VIIRS_NOAA21_NRT
-1.38319,122.47852,2025-06-15,1635,N21,n,2.0NRT,1.93,N,0.42,0.61,,,,,,firms,VIIRS,VIIRS_NOAA21_NRT
-1.37947,122.4807,2025-06-15,1635,N21,n,2.0NRT,1.44,N,0.42,0.61,,,,,,firms,VIIRS,VIIRS_NOAA21_NRT
-9.34187,119.92107,2025-06-15,1637,N21,n,2.0NRT,4.48,N,0.47,0.64,,,,,,firms,VIIRS,VIIRS_NOAA21_NRT
-4.46188,122.0782,2025-06-15,1637,N21,n,2.0NRT,3.25,N,0.4,0.6,,,,,,firms,VIIRS,VIIRS_NOAA21_NRT
-4.46127,122.07465,2025-06-15,1637,N21,n,2.0NRT,3.57,N,0.4,0.6,,,,,,firms,VIIRS,VIIRS_NOAA21_NRT
-3.90128,122.42146,2025-06-15,1637,N21,n,2.0NRT,1.29,N,0.39,0.59,,,,,,firms,VIIRS,VIIRS_NOAA21_NRT
-3.9007,122.41798,2025-06-15,1637,N21,n,2.0NRT,1.56,N,0.39,0.59,,,,,,firms,VIIRS,VIIRS_NOAA21_NRT
-3.90012,122.41451,2025-06-15,1637,N21,n,2.0NRT,1.56,N,0.39,0.59,,,,,,firms,VIIRS,VIIRS_NOAA21_NRT
-3.87129,122.40855,2025-06-15,1637,N21,n,2.0NRT,2.31,N,0.39,0.59,,,,,,firms,VIIRS,VIIRS_NOAA21_NRT
-3.8707,122.40506,2025-06-15,1637,N21,n,2.0NRT,2.31,N,0.39,0.59,,,,,,firms,VIIRS,VIIRS_NOAA21_NRT
-3.87011,122.4016,2025-06-15,1637,N21,n,2.0NRT,2.03,N,0.39,0.59,,,,,,firms,VIIRS,VIIRS_NOAA21_NRT
-3.86952,122.39811,2025-06-15,1637,N21,n,2.0NRT,2.03,N,0.39,0.59,,,,,,firms,VIIRS,VIIRS_NOAA21_NRT
-3.86894,122.39467,2025-06-15,1637,N21,n,2.0NRT,2.22,N,0.39,0.59,,,,,,firms,VIIRS,VIIRS_NOAA21_NRT
-2.88141,122.1517,2025-06-15,1637,N21,n,2.0NRT,2.59,N,0.42,0.61,,,,,,firms,VIIRS,VIIRS_NOAA21_NRT
-2.87805,122.16606,2025-06-15,1637,N21,n,2.0NRT,2.23,N,0.42,0.61,,,,,,firms,VIIRS,VIIRS_NOAA21_NRT
-2.87746,122.16247,2025-06-15,1637,N21,n,2.0NRT,3.62,N,0.42,0.61,,,,,,firms,VIIRS,VIIRS_NOAA21_NRT
-2.86442,122.15324,2025-06-15,1637,N21,n,2.0NRT,1.72,N,0.42,0.61,,,,,,firms,VIIRS,VIIRS_NOAA21_NRT
-2.86001,122.1612,2025-06-15,1637,N21,n,2.0NRT,2.11,N,0.42,0.61,,,,,,firms,VIIRS,VIIRS_NOAA21_NRT
-2.84946,122.16682,2025-06-15,1637,N21,n,2.0NRT,3.32,N,0.42,0.61,,,,,,firms,VIIRS,VIIRS_NOAA21_NRT
-2.83578,122.17964,2025-06-15,1637,N21,n,2.0NRT,3.67,N,0.42,0.61,,,,,,firms,VIIRS,VIIRS_NOAA21_NRT
-2.83446,122.18004,2025-06-15,1637,N21,n,2.0NRT,2.51,N,0.42,0.61,,,,,,firms,VIIRS,VIIRS_NOAA21_NRT
-2.8319,122.16497,2025-06-15,1637,N21,n,2.0NRT,3.62,N,0.42,0.61,,,,,,firms,VIIRS,VIIRS_NOAA21_NRT
-2.82894,122.17287,2025-06-15,1637,N21,n,2.0NRT,6.51,N,0.42,0.61,,,,,,firms,VIIRS,VIIRS_NOAA21_NRT
-2.82768,122.16504,2025-06-15,1637,N21,n,2.0NRT,4.63,N,0.42,0.61,,,,,,firms,VIIRS,VIIRS_NOAA21_NRT
-2.82756,122.17326,2025-06-15,1637,N21,n,2.0NRT,5.11,N,0.42,0.61,,,,,,firms,VIIRS,VIIRS_NOAA21_NRT
0.67283,117.56362,2025-06-15,1813,N21,n,2.0NRT,2.28,N,0.44,0.62,,,,,,firms,VIIRS,VIIRS_NOAA21_NRT
0.67848,117.56475,2025-06-15,1813,N21,n,2.0NRT,3.19,N,0.44,0.62,,,,,,firms,VIIRS,VIIRS_NOAA21_NRT
0.68207,117.55898,2025-06-15,1813,N21,n,2.0NRT,2.03,N,0.44,0.62,,,,,,firms,VIIRS,VIIRS_NOAA21_NRT
0.68475,117.56186,2025-06-15,1813,N21,n,2.0NRT,2.32,N,0.44,0.62,,,,,,firms,VIIRS,VIIRS_NOAA21_NRT
0.68537,117.5579,2025-06-15,1813,N21,n,2.0NRT,2.32,N,0.44,0.62,,,,,,firms,VIIRS,VIIRS_NOAA21_NRT
0.68598,117.55396,2025-06-15,1813,N21,n,2.0NRT,2.45,N,0.44,0.62,,,,,,firms,VIIRS,VIIRS_NOAA21_NRT
0.68694,117.51057,2025-06-15,1813,N21,n,2.0NRT,0.79,N,0.44,0.62,,,,,,firms,VIIRS,VIIRS_NOAA21_NRT
0.68777,117.54246,2025-06-15,1813,N21,n,2.0NRT,2.47,N,0.44,0.62,,,,,,firms,VIIRS,VIIRS_NOAA21_NRT
0.68836,117.55609,2025-06-15,1813,N21,n,2.0NRT,2.03,N,0.44,0.62,,,,,,firms,VIIRS,VIIRS_NOAA21_NRT
0.689,117.55222,2025-06-15,1813,N21,n,2.0NRT,2.27,N,0.44,0.62,,,,,,firms,VIIRS,VIIRS_NOAA21_NRT
0.69025,117.54453,2025-06-15,1813,N21,n,2.0NRT,2.5,N,0.44,0.62,,,,,,firms,VIIRS,VIIRS_NOAA21_NRT
1.95262,109.47588,2025-06-15,1813,N21,n,2.0NRT,1.93,N,0.41,0.37,,,,,,firms,VIIRS,VIIRS_NOAA21_NRT
2.76837,112.40033,2025-06-15,1813,N21,n,2.0NRT,3.37,N,0.55,0.43,,,,,,firms,VIIRS,VIIRS_NOAA21_NRT
3.13999,113.08731,2025-06-15,1813,N21,n,2.0NRT,0.79,N,0.4,0.44,,,,,,firms,VIIRS,VIIRS_NOAA21_NRT
3.14255,113.08861,2025-06-15,1813,N21,n,2.0NRT,0.96,N,0.4,0.44,,,,,,firms,VIIRS,VIIRS_NOAA21_NRT
3.23487,113.61081,2025-06-15,1813,N21,n,2.0NRT,1.32,N,0.43,0.46,,,,,,firms,VIIRS,VIIRS_NOAA21_NRT
3.25068,112.80856,2025-06-15,1813,N21,n,2.0NRT,1.24,N,0.57,0.43,,,,,,firms,VIIRS,VIIRS_NOAA21_NRT
3.27562,113.07381,2025-06-15,1813,N21,n,2.0NRT,2.55,N,0.4,0.44,,,,,,firms,VIIRS,VIIRS_NOAA21_NRT
3.2762,113.07029,2025-06-15,1813,N21,n,2.0NRT,2.55,N,0.39,0.44,,,,,,firms,VIIRS,VIIRS_NOAA21_NRT
3.27731,113.06343,2025-06-15,1813,N21,n,2.0NRT,2.58,N,0.39,0.44,,,,,,firms,VIIRS,VIIRS_NOAA21_NRT
3.28193,113.08564,2025-06-15,1813,N21,n,2.0NRT,2.81,N,0.4,0.44,,,,,,firms,VIIRS,VIIRS_NOAA21_NRT
3.2825,113.08218,2025-06-15,1813,N21,n,2.0NRT,4.02,N,0.4,0.44,,,,,,firms,VIIRS,VIIRS_NOAA21_NRT
3.28593,113.08638,2025-06-15,1813,N21,n,2.0NRT,2.81,N,0.4,0.44,,,,,,firms,VIIRS,VIIRS_NOAA21_NRT
3.2865,113.0829,2025-06-15,1813,N21,n,2.0NRT,4.02,N,0.4,0.44,,,,,,firms,VIIRS,VIIRS_NOAA21_NRT
3.28938,113.09056,2025-06-15,1813,N21,n,2.0NRT,2.45,N,0.4,0.44,,,,,,firms,VIIRS,VIIRS_NOAA21_NRT
3.28994,113.08708,2025-06-15,1813,N21,n,2.0NRT,2.45,N,0.4,0.44,,,,,,firms,VIIRS,VIIRS_NOAA21_NRT
3.29051,113.0836,2025-06-15,1813,N21,n,2.0NRT,2.95,N,0.4,0.44,,,,,,firms,VIIRS,VIIRS_NOAA21_NRT
3.52462,113.31419,2025-06-15,1813,N21,n,2.0NRT,2.88,N,0.41,0.45,,,,,,firms,VIIRS,VIIRS_NOAA21_NRT
3.53279,113.34155,2025-06-15,1813,N21,n,2.0NRT,1.31,N,0.41,0.45,,,,,,firms,VIIRS,VIIRS_NOAA21_NRT
3.53296,113.3416,2025-06-15,1813,N21,n,2.0NRT,1.36,N,0.41,0.45,,,,,,firms,VIIRS,VIIRS_NOAA21_NRT
3.53629,113.34586,2025-06-15,1813,N21,n,2.0NRT,1.6,N,0.41,0.45,,,,,,firms,VIIRS,VIIRS_NOAA21_NRT
3.53642,113.3459,2025-06-15,1813,N21,n,2.0NRT,1.53,N,0.41,0.45,,,,,,firms,VIIRS,VIIRS_NOAA21_NRT
3.54397,113.35083,2025-06-15,1813,N21,n,2.0NRT,1.66,N,0.41,0.45,,,,,,firms,VIIRS,VIIRS_NOAA21_NRT
3.5853,113.66948,2025-06-15,1813,N21,n,2.0NRT,0.93,N,0.43,0.46,,,,,,firms,VIIRS,VIIRS_NOAA21_NRT
3.60198,103.12592,2025-06-15,1813,N21,n,2.0NRT,1.08,N,0.39,0.44,,,,,,firms,VIIRS,VIIRS_NOAA21_NRT
4.55475,103.45556,2025-06-15,1813,N21,n,2.0NRT,2.23,N,0.39,0.44,,,,,,firms,VIIRS,VIIRS_NOAA21_NRT
4.65812,103.37848,2025-06-15,1813,N21,n,2.0NRT,2.0,N,0.39,0.44,,,,,,firms,VIIRS,VIIRS_NOAA21_NRT
4.66748,114.46395,2025-06-15,1813,N21,n,2.0NRT,2.45,N,0.46,0.47,,,,,,firms,VIIRS,VIIRS_NOAA21_NRT
4.66817,114.45985,2025-06-15,1813,N21,n,2.0NRT,2.27,N,0.46,0.47,,,,,,firms,VIIRS,VIIRS_NOAA21_NRT
4.90403,106.00352,2025-06-15,1813,N21,n,2.0NRT,0.79,N,0.43,0.38,,,,,,firms,VIIRS,VIIRS_NOAA21_NRT
4.97809,112.98317,2025-06-15,1813,N21,n,2.0NRT,10.44,N,0.55,0.43,,,,,,firms,VIIRS,VIIRS_NOAA21_NRT
5.37081,104.89658,2025-06-15,1813,N21,n,2.0NRT,1.68,N,0.49,0.4,,,,,,firms,VIIRS,VIIRS_NOAA21_NRT
5.64669,104.97794,2025-06-15,1813,N21,n,2.0NRT,2.41,N,0.49,0.4,,,,,,firms,VIIRS,VIIRS_NOAA21_NRT
5.82733,114.33851,2025-06-15,1813,N21,n,2.0NRT,14.22,N,0.44,0.46,,,,,,firms,VIIRS,VIIRS_NOAA21_NRT
-3.80816,103.81989,2025-06-15,1815,N21,n,2.0NRT,1.21,N,0.44,0.38,,,,,,firms,VIIRS,VIIRS_NOAA21_NRT
-3.72582,103.71466,2025-06-15,1815,N21,n,2.0NRT,0.45,N,0.45,0.39,,,,,,firms,VIIRS,VIIRS_NOAA21_NRT
-3.27359,116.10393,2025-06-15,1815,N21,n,2.0NRT,1.03,N,0.4,0.6,,,,,,firms,VIIRS,VIIRS_NOAA21_NRT
-2.98867,115.21087,2025-06-15,1815,N21,n,2.0NRT,4.61,N,0.34,0.56,,,,,,firms,VIIRS,VIIRS_NOAA21_NRT
-2.98824,115.20794,2025-06-15,1815,N21,n,2.0NRT,4.58,N,0.34,0.56,,,,,,firms,VIIRS,VIIRS_NOAA21_NRT
-2.97364,104.13804,2025-06-15,1815,N21,n,2.0NRT,1.99,N,0.43,0.38,,,,,,firms,VIIRS,VIIRS_NOAA21_NRT
-2.97301,104.13417,2025-06-15,1815,N21,n,2.0NRT,1.16,N,0.43,0.38,,,,,,firms,VIIRS,VIIRS_NOAA21_NRT
-2.06395,115.5714,2025-06-15,1815,N21,n,2.0NRT,1.55,N,0.35,0.57,,,,,,firms,VIIRS,VIIRS_NOAA21_NRT
-1.89796,115.86108,2025-06-15,1815,N21,n,2.0NRT,6.43,N,0.37,0.58,,,,,,firms,VIIRS,VIIRS_NOAA21_NRT
-1.89269,115.86195,2025-06-15,1815,N21,h,2.0NRT,6.43,N,0.37,0.58,,,,,,firms,VIIRS,VIIRS_NOAA21_NRT
-1.8764,115.86131,2025-06-15,1815,N21,n,2.0NRT,4.41,N,0.37,0.58,,,,,,firms,VIIRS,VIIRS_NOAA21_NRT
-1.57679,103.69872,2025-06-15,1815,N21,n,2.0NRT,0.58,N,0.47,0.4,,,,,,firms,VIIRS,VIIRS_NOAA21_NRT
-1.57483,103.68614,2025-06-15,1815,N21,n,2.0NRT,1.57,N,0.47,0.4,,,,,,firms,VIIRS,VIIRS_NOAA21_NRT
-1.57186,103.6909,2025-06-15,1815,N21,n,2.0NRT,2.63,N,0.47,0.4,,,,,,firms,VIIRS,VIIRS_NOAA21_NRT
-1.56527,103.6962,2025-06-15,1815,N21,n,2.0NRT,1.16,N,0.47,0.4,,,,,,firms,VIIRS,VIIRS_NOAA21_NRT
-1.51814,114.39315,2025-06-15,1815,N21,n,2.0NRT,0.77,N,0.57,0.52,,,,,,firms,VIIRS,VIIRS_NOAA21_NRT
-1.47527,101.33464,2025-06-15,1815,N21,n,2.0NRT,0.72,N,0.43,0.46,,,,,,firms,VIIRS,VIIRS_NOAA21_NRT
-1.4082,101.77798,2025-06-15,1815,N21,n,2.0NRT,0.35,N,0.41,0.45,,,,,,firms,VIIRS,VIIRS_NOAA21_NRT
-1.30037,101.78321,2025-06-15,1815,N21,n,2.0NRT,0.92,N,0.41,0.45,,,,,,firms,VIIRS,VIIRS_NOAA21_NRT
-1.24551,116.8157,2025-06-15,1815,N21,n,2.0NRT,2.29,N,0.42,0.61,,,,,,firms,VIIRS,VIIRS_NOAA21_NRT
-1.24185,116.82197,2025-06-15,1815,N21,n,2.0NRT,1.24,N,0.42,0.61,,,,,,firms,VIIRS,VIIRS_NOAA21_NRT
-1.24127,116.81831,2025-06-15,1815,N21,n,2.0NRT,1.24,N,0.42,0.61,,,,,,firms,VIIRS,VIIRS_NOAA21_NRT
-1.23994,116.81656,2025-06-15,1815,N21,n,2.0NRT,2.29,N,0.42,0.61,,,,,,firms,VIIRS,VIIRS_NOAA21_NRT
-1.21397,103.41388,2025-06-15,1815,N21,n,2.0NRT,1.43,N,0.49,0.4,,,,,,firms,VIIRS,VIIRS_NOAA21_NRT
-1.21325,103.41487,2025-06-15,1815,N21,n,2.0NRT,1.0,N,0.49,0.4,,,,,,firms,VIIRS,VIIRS_NOAA21_NRT
-1.17482,103.35693,2025-06-15,1815,N21,n,2.0NRT,0.92,N,0.49,0.41,,,,,,firms,VIIRS,VIIRS_NOAA21_NRT
-1.16834,103.33982,2025-06-15,1815,N21,n,2.0NRT,1.04,N,0.5,0.41,,,,,,firms,VIIRS,VIIRS_NOAA21_NRT
-0.98787,103.33232,2025-06-15,1815,N21,n,2.0NRT,1.09,N,0.5,0.41,,,,,,firms,VIIRS,VIIRS_NOAA21_NRT
-0.9865,103.33437,2025-06-15,1815,N21,n,2.0NRT,1.11,N,0.5,0.41,,,,,,firms,VIIRS,VIIRS_NOAA21_NRT
-0.91343,117.11382,2025-06-15,1815,N21,n,2.0NRT,0.46,N,0.43,0.62,,,,,,firms,VIIRS,VIIRS_NOAA21_NRT
-0.84732,117.26612,2025-06-15,1815,N21,n,2.0NRT,1.56,N,0.44,0.63,,,,,,firms,VIIRS,VIIRS_NOAA21_NRT
0.57113,117.45358,2025-06-15,1815,N21,n,2.0NRT,0.62,N,0.44,0.62,,,,,,firms,VIIRS,VIIRS_NOAA21_NRT
0.90736,109.10797,2025-06-15,1815,N21,n,2.0NRT,2.87,N,0.4,0.37,,,,,,firms,VIIRS,VIIRS_NOAA21_NRT
1.28447,103.71413,2025-06-15,1815,N21,n,2.0NRT,3.54,N,0.51,0.41,,,,,,firms,VIIRS,VIIRS_NOAA21_NRT
1.30799,99.58891,2025-06-15,1815,N21,n,2.0NRT,1.35,N,0.63,0.54,,,,,,firms,VIIRS,VIIRS_NOAA21_NRT
1.37694,104.15897,2025-06-15,1815,N21,n,2.0NRT,0.91,N,0.48,0.4,,,,,,firms,VIIRS,VIIRS_NOAA21_NRT
1.37761,104.15468,2025-06-15,1815,N21,n,2.0NRT,4.18,N,0.48,0.4,,,,,,firms,VIIRS,VIIRS_NOAA21_NRT
1.37829,104.15037,2025-06-15,1815,N21,n,2.0NRT,4.18,N,0.48,0.4,,,,,,firms,VIIRS,VIIRS_NOAA21_NRT
1.65649,110.17318,2025-06-15,1815,N21,n,2.0NRT,1.34,N,0.43,0.38,,,,,,firms,VIIRS,VIIRS_NOAA21_NRT
1.81249,109.43211,2025-06-15,1815,N21,n,2.0NRT,1.54,N,0.41,0.37,,,,,,firms,VIIRS,VIIRS_NOAA21_NRT
1.81306,109.42848,2025-06-15,1815,N21,n,2.0NRT,1.54,N,0.41,0.37,,,,,,firms,VIIRS,VIIRS_NOAA21_NRT
1.81531,109.43626,2025-06-15,1815,N21,n,2.0NRT,2.38,N,0.41,0.37,,,,,,firms,VIIRS,VIIRS_NOAA21_NRT
1.81588,109.43263,2025-06-15,1815,N21,n,2.0NRT,1.54,N,0.41,0.37,,,,,,firms,VIIRS,VIIRS_NOAA21_NRT
1.81645,109.42902,2025-06-15,1815,N21,n,2.0NRT,1.54,N,0.41,0.37,,,,,,firms,VIIRS,VIIRS_NOAA21_NRT
1.81869,109.4368,2025-06-15,1815,N21,n,2.0NRT,3.58,N,0.41,0.37,,,,,,firms,VIIRS,VIIRS_NOAA21_NRT
1.81983,109.42954,2025-06-15,1815,N21,n,2.0NRT,1.3,N,0.41,0.37,,,,,,firms,VIIRS,VIIRS_NOAA21_NRT
1.82207,109.43732,2025-06-15,1815,N21,n,2.0NRT,3.58,N,0.41,0.37,,,,,,firms,VIIRS,VIIRS_NOAA21_NRT
1.82264,109.43369,2025-06-15,1815,N21,n,2.0NRT,1.3,N,0.41,0.37,,,,,,firms,VIIRS,VIIRS_NOAA21_NRT
2.52971,99.51891,2025-06-15,1815,N21,n,2.0NRT,0.52,N,0.33,0.55,,,,,,firms,VIIRS,VIIRS_NOAA21_NRT
-8.11514,112.92419,2025-06-15,1817,N21,n,2.0NRT,2.07,N,0.57,0.52,,,,,,firms,VIIRS,VIIRS_NOAA21_NRT
-7.23974,109.21456,2025-06-15,1817,N21,n,2.0NRT,1.1,N,0.48,0.4,,,,,,firms,VIIRS,VIIRS_NOAA21_NRT
-6.54868,108.09361,2025-06-15,1817,N21,n,2.0NRT,2.29,N,0.42,0.38,,,,,,firms,VIIRS,VIIRS_NOAA21_NRT
-6.42205,106.44279,2025-06-15,1817,N21,n,2.0NRT,0.34,N,0.39,0.36,,,,,,firms,VIIRS,VIIRS_NOAA21_NRT
-6.41226,107.39851,2025-06-15,1817,N21,n,2.0NRT,0.82,N,0.4,0.37,,,,,,firms,VIIRS,VIIRS_NOAA21_NRT
-6.41032,107.39831,2025-06-15,1817,N21,n,2.0NRT,0.86,N,0.4,0.37,,,,,,firms,VIIRS,VIIRS_NOAA21_NRT
-6.19024,106.48292,2025-06-15,1817,N21,n,2.0NRT,0.73,N,0.39,0.36,,,,,,firms,VIIRS,VIIRS_NOAA21_NRT
-6.0971,106.67165,2025-06-15,1817,N21,n,2.0NRT,4.45,N,0.39,0.36,,,,,,firms,VIIRS,VIIRS_NOAA21_NRT
-6.01062,105.98452,2025-06-15,1817,N21,n,2.0NRT,1.17,N,0.38,0.36,,,,,,firms,VIIRS,VIIRS_NOAA21_NRT
-6.00954,105.97763,2025-06-15,1817,N21,n,2.0NRT,2.67,N,0.38,0.36,,,,,,firms,VIIRS,VIIRS_NOAA21_NRT
-6.00348,105.9821,2025-06-15,1817,N21,n,2.0NRT,2.68,N,0.38,0.36,,,,,,firms,VIIRS,VIIRS_NOAA21_NRT
-2.63577,140.77867,2025-06-16,334,N21,n,2.0NRT,6.05,D,0.58,0.52,,,,,,firms,VIIRS,VIIRS_NOAA21_NRT
-10.21686,123.66165,2025-06-16,512,N21,n,2.0NRT,2.63,D,0.39,0.36,,,,,,firms,VIIRS,VIIRS_NOAA21_NRT
-9.99356,120.20025,2025-06-16,512,N21,n,2.0NRT,3.8,D,0.54,0.42,,,,,,firms,VIIRS,VIIRS_NOAA21_NRT
-9.85513,123.78651,2025-06-16,512,N21,n,2.0NRT,3.17,D,0.39,0.36,,,,,,firms,VIIRS,VIIRS_NOAA21_NRT
-9.8518,123.78598,2025-06-16,512,N21,n,2.0NRT,6.29,D,0.39,0.36,,,,,,firms,VIIRS,VIIRS_NOAA21_NRT
-9.84953,123.77843,2025-06-16,512,N21,l,2.0NRT,3.25,D,0.39,0.36,,,,,,firms,VIIRS,VIIRS_NOAA21_NRT
-9.849,123.78196,2025-06-16,512,N21,n,2.0NRT,6.29,D,0.39,0.36,,,,,,firms,VIIRS,VIIRS_NOAA21_NRT
-9.84847,123.78546,2025-06-16,512,N21,l,2.0NRT,6.29,D,0.39,0.36,,,,,,firms,VIIRS,VIIRS_NOAA21_NRT
-9.0171,125.16039,2025-06-16,512,N21,n,2.0NRT,4.99,D,0.39,0.36,,,,,,firms,VIIRS,VIIRS_NOAA21_NRT
-9.55927,120.07183,2025-06-16,514,N21,n,2.0NRT,7.92,D,0.54,0.42,,,,,,firms,VIIRS,VIIRS_NOAA21_NRT
-9.45964,119.75497,2025-06-16,514,N21,l,2.0NRT,3.5,D,0.56,0.43,,,,,,firms,VIIRS,VIIRS_NOAA21_NRT
-9.43652,120.00732,2025-06-16,514,N21,l,2.0NRT,5.3,D,0.54,0.42,,,,,,firms,VIIRS,VIIRS_NOAA21_NRT
-8.47498,126.44839,2025-06-16,514,N21,l,2.0NRT,3.12,D,0.42,0.38,,,,,,firms,VIIRS,VIIRS_NOAA21_NRT
-8.44844,123.94801,2025-06-16,514,N21,n,2.0NRT,4.42,D,0.38,0.36,,,,,,firms,VIIRS,VIIRS_NOAA21_NRT
-8.44791,123.95147,2025-06-16,514,N21,n,2.0NRT,4.42,D,0.38,0.36,,,,,,firms,VIIRS,VIIRS_NOAA21_NRT
-8.44512,123.94753,2025-06-16,514,N21,n,2.0NRT,4.42,D,0.38,0.36,,,,,,firms,VIIRS,VIIRS_NOAA21_NRT
-8.4446,123.95098,2025-06-16,514,N21,n,2.0NRT,4.42,D,0.38,0.36,,,,,,firms,VIIRS,VIIRS_NOAA21_NRT
-8.28392,123.50847,2025-06-16,514,N21,n,2.0NRT,7.49,D,0.39,0.36,,,,,,firms,VIIRS,VIIRS_NOAA21_NRT
-8.28058,123.50813,2025-06-16,514,N21,n,2.0NRT,7.49,D,0.39,0.36,,,,,,firms,VIIRS,VIIRS_NOAA21_NRT
-8.27776,123.50426,2025-06-16,514,N21,n,2.0NRT,8.98,D,0.39,0.36,,,,,,firms,VIIRS,VIIRS_NOAA21_NRT
-8.27724,123.50773,2025-06-16,514,N21,n,2.0NRT,35.26,D,0.39,0.36,,,,,,firms,VIIRS,VIIRS_NOAA21_NRT
-8.2739,123.50731,2025-06-16,514,N21,l,2.0NRT,35.26,D,0.39,0.36,,,,,,firms,VIIRS,VIIRS_NOAA21_NRT
-8.27058,123.50687,2025-06-16,514,N21,n,2.0NRT,9.07,D,0.39,0.36,,,,,,firms,VIIRS,VIIRS_NOAA21_NRT
-8.17929,127.86658,2025-06-16,514,N21,n,2.0NRT,6.03,D,0.49,0.4,,,,,,firms,VIIRS,VIIRS_NOAA21_NRT
-8.11427,112.92229,2025-06-16,514,N21,n,2.0NRT,8.05,D,0.53,0.67,,,,,,firms,VIIRS,VIIRS_NOAA21_NRT
-8.11409,112.92074,2025-06-16,514,N21,n,2.0NRT,7.3,D,0.53,0.67,,,,,,firms,VIIRS,VIIRS_NOAA21_NRT
-4.64591,121.86754,2025-06-16,514,N21,n,2.0NRT,3.36,D,0.4,0.37,,,,,,firms,VIIRS,VIIRS_NOAA21_NRT
-4.56827,121.94788,2025-06-16,514,N21,n,2.0NRT,7.09,D,0.4,0.37,,,,,,firms,VIIRS,VIIRS_NOAA21_NRT
-4.54815,122.03641,2025-06-16,514,N21,n,2.0NRT,5.49,D,0.4,0.37,,,,,,firms,VIIRS,VIIRS_NOAA21_NRT
-4.54606,122.03603,2025-06-16,514,N21,n,2.0NRT,3.07,D,0.4,0.37,,,,,,firms,VIIRS,VIIRS_NOAA21_NRT
-4.49991,121.81647,2025-06-16,514,N21,n,2.0NRT,4.08,D,0.4,0.37,,,,,,firms,VIIRS,VIIRS_NOAA21_NRT
-4.02495,122.5568,2025-06-16,514,N21,n,2.0NRT,6.11,D,0.39,0.36,,,,,,firms,VIIRS,VIIRS_NOAA21_NRT
-3.87242,122.3978,2025-06-16,514,N21,n,2.0NRT,6.03,D,0.39,0.36,,,,,,firms,VIIRS,VIIRS_NOAA21_NRT
-3.87189,122.40128,2025-06-16,514,N21,n,2.0NRT,6.03,D,0.39,0.36,,,,,,firms,VIIRS,VIIRS_NOAA21_NRT
-3.87136,122.40478,2025-06-16,514,N21,n,2.0NRT,6.08,D,0.39,0.36,,,,,,firms,VIIRS,VIIRS_NOAA21_NRT
-3.87083,122.40826,2025-06-16,514,N21,n,2.0NRT,6.08,D,0.39,0.36,,,,,,firms,VIIRS,VIIRS_NOAA21_NRT
-3.86962,122.39381,2025-06-16,514,N21,n,2.0NRT,6.34,D,0.39,0.36,,,,,,firms,VIIRS,VIIRS_NOAA21_NRT
-3.82368,119.74258,2025-06-16,514,N21,n,2.0NRT,3.12,D,0.48,0.4,,,,,,firms,VIIRS,VIIRS_NOAA21_NRT
-3.78219,122.16212,2025-06-16,514,N21,n,2.0NRT,3.29,D,0.39,0.36,,,,,,firms,VIIRS,VIIRS_NOAA21_NRT
-3.76867,122.09818,2025-06-16,514,N21,n,2.0NRT,3.62,D,0.39,0.36,,,,,,firms,VIIRS,VIIRS_NOAA21_NRT
-2.83292,122.17268,2025-06-16,514,N21,l,2.0NRT,3.94,D,0.39,0.36,,,,,,firms,VIIRS,VIIRS_NOAA21_NRT
-2.8296,122.17216,2025-06-16,514,N21,l,2.0NRT,3.94,D,0.39,0.36,,,,,,firms,VIIRS,VIIRS_NOAA21_NRT
-2.82907,122.17565,2025-06-16,514,N21,n,2.0NRT,3.94,D,0.39,0.36,,,,,,firms,VIIRS,VIIRS_NOAA21_NRT
-2.82226,122.15322,2025-06-16,514,N21,l,2.0NRT,2.9,D,0.39,0.36,,,,,,firms,VIIRS,VIIRS_NOAA21_NRT
-2.592,119.11592,2025-06-16,514,N21,n,2.0NRT,2.5,D,0.5,0.41,,,,,,firms,VIIRS,VIIRS_NOAA21_NRT
-2.57729,121.37704,2025-06-16,514,N21,l,2.0NRT,108.33,D,0.4,0.37,,,,,,firms,VIIRS,VIIRS_NOAA21_NRT
-2.57674,121.38062,2025-06-16,514,N21,n,2.0NRT,10.38,D,0.4,0.37,,,,,,firms,VIIRS,VIIRS_NOAA21_NRT
-2.41264,120.89491,2025-06-16,514,N21,n,2.0NRT,2.5,D,0.42,0.37,,,,,,firms,VIIRS,VIIRS_NOAA21_NRT
-2.38686,120.83347,2025-06-16,514,N21,n,2.0NRT,4.09,D,0.42,0.38,,,,,,firms,VIIRS,VIIRS_NOAA21_NRT
-2.01343,121.4185,2025-06-16,514,N21,n,2.0NRT,8.69,D,0.4,0.37,,,,,,firms,VIIRS,VIIRS_NOAA21_NRT
-2.01007,121.41801,2025-06-16,514,N21,n,2.0NRT,1.64,D,0.4,0.37,,,,,,firms,VIIRS,VIIRS_NOAA21_NRT
-2.00788,121.4323,2025-06-16,514,N21,l,2.0NRT,3.62,D,0.4,0.37,,,,,,firms,VIIRS,VIIRS_NOAA21_NRT
-2.00451,121.43185,2025-06-16,514,N21,n,2.0NRT,3.62,D,0.4,0.37,,,,,,firms,VIIRS,VIIRS_NOAA21_NRT
-2.00114,121.43137,2025-06-16,514,N21,n,2.0NRT,4.64,D,0.4,0.37,,,,,,firms,VIIRS,VIIRS_NOAA21_NRT
-1.99777,121.43089,2025-06-16,514,N21,l,2.0NRT,4.64,D,0.4,0.37,,,,,,firms,VIIRS,VIIRS_NOAA21_NRT
-2.20886,115.49958,2025-06-16,516,N21,n,2.0NRT,3.73,D,0.56,0.52,,,,,,firms,VIIRS,VIIRS_NOAA21_NRT
-1.88221,113.22026,2025-06-16,516,N21,n,2.0NRT,6.02,D,0.4,0.6,,,,,,firms,VIIRS,VIIRS_NOAA21_NRT
-1.51512,121.58643,2025-06-16,516,N21,n,2.0NRT,6.29,D,0.39,0.36,,,,,,firms,VIIRS,VIIRS_NOAA21_NRT
-1.38779,122.37872,2025-06-16,516,N21,n,2.0NRT,3.19,D,0.38,0.36,,,,,,firms,VIIRS,VIIRS_NOAA21_NRT
-1.38253,122.47981,2025-06-16,516,N21,n,2.0NRT,1.76,D,0.38,0.36,,,,,,firms,VIIRS,VIIRS_NOAA21_NRT
-1.05599,115.33858,2025-06-16,516,N21,n,2.0NRT,2.16,D,0.56,0.51,,,,,,firms,VIIRS,VIIRS_NOAA21_NRT
-1.02654,121.4045,2025-06-16,516,N21,n,2.0NRT,1.69,D,0.4,0.37,,,,,,firms,VIIRS,VIIRS_NOAA21_NRT
-0.88105,115.03926,2025-06-16,516,N21,n,2.0NRT,3.93,D,0.58,0.52,,,,,,firms,VIIRS,VIIRS_NOAA21_NRT
-0.81334,122.80096,2025-06-16,516,N21,n,2.0NRT,5.55,D,0.38,0.36,,,,,,firms,VIIRS,VIIRS_NOAA21_NRT
-0.81282,122.80438,2025-06-16,516,N21,n,2.0NRT,5.55,D,0.38,0.36,,,,,,firms,VIIRS,VIIRS_NOAA21_NRT
-0.81037,119.88337,2025-06-16,516,N21,n,2.0NRT,3.41,D,0.44,0.38,,,,,,firms,VIIRS,VIIRS_NOAA21_NRT
-0.33626,116.33309,2025-06-16,516,N21,n,2.0NRT,3.27,D,0.46,0.47,,,,,,firms,VIIRS,VIIRS_NOAA21_NRT
4.80951,115.24767,2025-06-16,516,N21,n,2.0NRT,4.89,D,0.46,0.47,,,,,,firms,VIIRS,VIIRS_NOAA21_NRT
4.9809,112.98107,2025-06-16,518,N21,n,2.0NRT,6.69,D,0.32,0.55,,,,,,firms,VIIRS,VIIRS_NOAA21_NRT
5.87702,114.29644,2025-06-16,518,N21,n,2.0NRT,3.81,D,0.51,0.49,,,,,,firms,VIIRS,VIIRS_NOAA21_NRT
-7.705,108.99574,2025-06-16,654,N21,n,2.0NRT,8.19,D,0.44,0.62,,,,,,firms,VIIRS,VIIRS_NOAA21_NRT
-7.70282,108.99734,2025-06-16,654,N21,n,2.0NRT,10.95,D,0.44,0.62,,,,,,firms,VIIRS,VIIRS_NOAA21_NRT
-4.51721,103.41006,2025-06-16,657,N21,n,2.0NRT,3.01,D,0.42,0.45,,,,,,firms,VIIRS,VIIRS_NOAA21_NRT
-3.58063,102.17331,2025-06-16,657,N21,n,2.0NRT,4.75,D,0.54,0.42,,,,,,firms,VIIRS,VIIRS_NOAA21_NRT
-3.52079,102.9872,2025-06-16,657,N21,n,2.0NRT,5.85,D,0.4,0.45,,,,,,firms,VIIRS,VIIRS_NOAA21_NRT
-3.31716,103.75062,2025-06-16,657,N21,n,2.0NRT,6.12,D,0.46,0.47,,,,,,firms,VIIRS,VIIRS_NOAA21_NRT
-3.3165,103.75468,2025-06-16,657,N21,n,2.0NRT,6.12,D,0.46,0.47,,,,,,firms,VIIRS,VIIRS_NOAA21_NRT
-3.2665,103.66506,2025-06-16,657,N21,n,2.0NRT,10.78,D,0.45,0.47,,,,,,firms,VIIRS,VIIRS_NOAA21_NRT
-3.21191,103.60296,2025-06-16,657,N21,n,2.0NRT,2.54,D,0.45,0.47,,,,,,firms,VIIRS,VIIRS_NOAA21_NRT
-3.10103,104.02277,2025-06-16,657,N21,n,2.0NRT,11.7,D,0.48,0.48,,,,,,firms,VIIRS,VIIRS_NOAA21_NRT
-3.06343,103.74625,2025-06-16,657,N21,n,2.0NRT,5.59,D,0.46,0.47,,,,,,firms,VIIRS,VIIRS_NOAA21_NRT
-2.90589,102.62681,2025-06-16,657,N21,n,2.0NRT,5.57,D,0.39,0.44,,,,,,firms,VIIRS,VIIRS_NOAA21_NRT
-2.58059,104.59926,2025-06-16,657,N21,n,2.0NRT,2.85,D,0.53,0.5,,,,,,firms,VIIRS,VIIRS_NOAA21_NRT
-2.28966,101.65666,2025-06-16,657,N21,n,2.0NRT,13.43,D,0.52,0.42,,,,,,firms,VIIRS,VIIRS_NOAA21_NRT
-2.11898,103.03347,2025-06-16,657,N21,n,2.0NRT,4.69,D,0.43,0.46,,,,,,firms,VIIRS,VIIRS_NOAA21_NRT
-2.11804,103.03,2025-06-16,657,N21,n,2.0NRT,5.17,D,0.43,0.46,,,,,,firms,VIIRS,VIIRS_NOAA21_NRT
-2.06854,102.75074,2025-06-16,657,N21,n,2.0NRT,3.91,D,0.41,0.45,,,,,,firms,VIIRS,VIIRS_NOAA21_NRT
-2.06274,102.20908,2025-06-16,657,N21,n,2.0NRT,11.1,D,0.57,0.43,,,,,,firms,VIIRS,VIIRS_NOAA21_NRT
-1.87504,102.41488,2025-06-16,657,N21,n,2.0NRT,2.7,D,0.39,0.44,,,,,,firms,VIIRS,VIIRS_NOAA21_NRT
-1.5399,101.26831,2025-06-16,657,N21,n,2.0NRT,11.82,D,0.51,0.41,,,,,,firms,VIIRS,VIIRS_NOAA21_NRT
-1.14924,101.46382,2025-06-16,657,N21,n,2.0NRT,3.11,D,0.53,0.42,,,,,,firms,VIIRS,VIIRS_NOAA21_NRT
-0.80731,101.34052,2025-06-16,657,N21,n,2.0NRT,13.16,D,0.53,0.42,,,,,,firms,VIIRS,VIIRS_NOAA21_NRT
-0.72134,101.92286,2025-06-16,657,N21,n,2.0NRT,3.82,D,0.57,0.43,,,,,,firms,VIIRS,VIIRS_NOAA21_NRT
3.41681,102.47347,2025-06-16,659,N21,n,2.0NRT,5.93,D,0.47,0.48,,,,,,firms,VIIRS,VIIRS_NOAA21_NRT
3.41719,102.4707,2025-06-16,659,N21,n,2.0NRT,5.74,D,0.47,0.48,,,,,,firms,VIIRS,VIIRS_NOAA21_NRT
4.50769,105.25195,2025-06-16,659,N21,n,2.0NRT,6.52,D,0.38,0.59,,,,,,firms,VIIRS,VIIRS_NOAA21_NRT
4.6574,103.37995,2025-06-16,659,N21,n,2.0NRT,3.78,D,0.57,0.52,,,,,,firms,VIIRS,VIIRS_NOAA21_NRT
0.47943,128.00433,2025-06-16,1616,N21,n,2.0NRT,2.92,N,0.4,0.6,,,,,,firms,VIIRS,VIIRS_NOAA21_NRT
1.49211,127.63,2025-06-16,1616,N21,n,2.0NRT,0.99,N,0.44,0.63,,,,,,firms,VIIRS,VIIRS_NOAA21_NRT
-8.27363,123.50204,2025-06-16,1618,N21,n,2.0NRT,11.19,N,0.59,0.7,,,,,,firms,VIIRS,VIIRS_NOAA21_NRT
-8.27299,123.48637,2025-06-16,1618,N21,n,2.0NRT,6.84,N,0.59,0.7,,,,,,firms,VIIRS,VIIRS_NOAA21_NRT
-8.27013,123.50562,2025-06-16,1618,N21,n,2.0NRT,6.84,N,0.59,0.7,,,,,,firms,VIIRS,VIIRS_NOAA21_NRT
-8.27002,123.4825,2025-06-16,1618,N21,n,2.0NRT,11.19,N,0.59,0.7,,,,,,firms,VIIRS,VIIRS_NOAA21_NRT
-8.26715,123.49024,2025-06-16,1618,N21,n,2.0NRT,6.84,N,0.59,0.7,,,,,,firms,VIIRS,VIIRS_NOAA21_NRT
-8.26393,123.47363,2025-06-16,1618,N21,n,2.0NRT,4.91,N,0.59,0.7,,,,,,firms,VIIRS,VIIRS_NOAA21_NRT
-2.58394,121.38419,2025-06-16,1756,N21,n,2.0NRT,2.59,N,0.43,0.62,,,,,,firms,VIIRS,VIIRS_NOAA21_NRT
-2.58331,121.37999,2025-06-16,1756,N21,n,2.0NRT,30.28,N,0.43,0.62,,,,,,firms,VIIRS,VIIRS_NOAA21_NRT
-2.58271,121.37595,2025-06-16,1756,N21,n,2.0NRT,30.28,N,0.43,0.62,,,,,,firms,VIIRS,VIIRS_NOAA21_NRT
-2.58211,121.37196,2025-06-16,1756,N21,n,2.0NRT,32.77,N,0.43,0.62,,,,,,firms,VIIRS,VIIRS_NOAA21_NRT
-2.57827,121.38467,2025-06-16,1756,N21,n,2.0NRT,2.44,N,0.43,0.62,,,,,,firms,VIIRS,VIIRS_NOAA21_NRT
-2.57767,121.38065,2025-06-16,1756,N21,n,2.0NRT,20.1,N,0.43,0.62,,,,,,firms,VIIRS,VIIRS_NOAA21_NRT
-2.57707,121.37662,2025-06-16,1756,N21,n,2.0NRT,20.1,N,0.43,0.62,,,,,,firms,VIIRS,VIIRS_NOAA21_NRT
-2.57647,121.37256,2025-06-16,1756,N21,n,2.0NRT,42.82,N,0.43,0.62,,,,,,firms,VIIRS,VIIRS_NOAA21_NRT
-2.57203,121.3813,2025-06-16,1756,N21,n,2.0NRT,20.1,N,0.43,0.62,,,,,,firms,VIIRS,VIIRS_NOAA21_NRT
-2.57144,121.37733,2025-06-16,1756,N21,n,2.0NRT,20.1,N,0.43,0.62,,,,,,firms,VIIRS,VIIRS_NOAA21_NRT
-2.06021,115.56992,2025-06-16,1756,N21,n,2.0NRT,2.04,N,0.51,0.41,,,,,,firms,VIIRS,VIIRS_NOAA21_NRT
-1.8968,115.86485,2025-06-16,1756,N21,n,2.0NRT,4.94,N,0.53,0.42,,,,,,firms,VIIRS,VIIRS_NOAA21_NRT
-1.89551,115.86319,2025-06-16,1756,N21,n,2.0NRT,8.79,N,0.53,0.42,,,,,,firms,VIIRS,VIIRS_NOAA21_NRT
-1.89298,115.86544,2025-06-16,1756,N21,n,2.0NRT,4.94,N,0.53,0.42,,,,,,firms,VIIRS,VIIRS_NOAA21_NRT
-1.89224,115.86072,2025-06-16,1756,N21,n,2.0NRT,8.69,N,0.53,0.42,,,,,,firms,VIIRS,VIIRS_NOAA21_NRT
-1.89169,115.86379,2025-06-16,1756,N21,n,2.0NRT,8.79,N,0.53,0.42,,,,,,firms,VIIRS,VIIRS_NOAA21_NRT
-1.87696,115.86311,2025-06-16,1756,N21,n,2.0NRT,3.24,N,0.53,0.42,,,,,,firms,VIIRS,VIIRS_NOAA21_NRT
-1.19722,114.73769,2025-06-16,1756,N21,n,2.0NRT,0.71,N,0.45,0.39,,,,,,firms,VIIRS,VIIRS_NOAA21_NRT
-0.84738,117.26812,2025-06-16,1756,N21,n,2.0NRT,2.19,N,0.42,0.45,,,,,,firms,VIIRS,VIIRS_NOAA21_NRT
-0.73218,117.06082,2025-06-16,1756,N21,n,2.0NRT,1.45,N,0.4,0.44,,,,,,firms,VIIRS,VIIRS_NOAA21_NRT
-0.41233,115.60577,2025-06-16,1756,N21,n,2.0NRT,0.88,N,0.49,0.4,,,,,,firms,VIIRS,VIIRS_NOAA21_NRT
-0.14145,117.36629,2025-06-16,1756,N21,n,2.0NRT,0.54,N,0.41,0.45,,,,,,firms,VIIRS,VIIRS_NOAA21_NRT
0.66365,117.57911,2025-06-16,1756,N21,n,2.0NRT,0.86,N,0.42,0.45,,,,,,firms,VIIRS,VIIRS_NOAA21_NRT
0.67422,117.56571,2025-06-16,1756,N21,n,2.0NRT,2.12,N,0.41,0.45,,,,,,firms,VIIRS,VIIRS_NOAA21_NRT
0.67831,117.56644,2025-06-16,1756,N21,n,2.0NRT,2.12,N,0.41,0.45,,,,,,firms,VIIRS,VIIRS_NOAA21_NRT
0.6789,117.56276,2025-06-16,1756,N21,n,2.0NRT,2.12,N,0.41,0.45,,,,,,firms,VIIRS,VIIRS_NOAA21_NRT
0.68359,117.55974,2025-06-16,1756,N21,n,2.0NRT,1.15,N,0.41,0.45,,,,,,firms,VIIRS,VIIRS_NOAA21_NRT
0.68706,117.51159,2025-06-16,1756,N21,n,2.0NRT,1.25,N,0.41,0.45,,,,,,firms,VIIRS,VIIRS_NOAA21_NRT
0.68827,117.55673,2025-06-16,1756,N21,n,2.0NRT,1.15,N,0.41,0.45,,,,,,firms,VIIRS,VIIRS_NOAA21_NRT
0.8965,124.08347,2025-06-16,1756,N21,n,2.0NRT,1.48,N,0.58,0.7,,,,,,firms,VIIRS,VIIRS_NOAA21_NRT
1.28096,103.71362,2025-06-16,1756,N21,n,2.0NRT,4.39,N,0.35,0.57,,,,,,firms,VIIRS,VIIRS_NOAA21_NRT
1.93194,117.30185,2025-06-16,1756,N21,n,2.0NRT,0.75,N,0.38,0.43,,,,,,firms,VIIRS,VIIRS_NOAA21_NRT
3.27675,113.07175,2025-06-16,1756,N21,n,2.0NRT,3.02,N,0.38,0.36,,,,,,firms,VIIRS,VIIRS_NOAA21_NRT
3.27782,113.06493,2025-06-16,1756,N21,n,2.0NRT,7.66,N,0.38,0.36,,,,,,firms,VIIRS,VIIRS_NOAA21_NRT
3.28172,113.08305,2025-06-16,1756,N21,n,2.0NRT,1.85,N,0.38,0.36,,,,,,firms,VIIRS,VIIRS_NOAA21_NRT
3.28226,113.07964,2025-06-16,1756,N21,n,2.0NRT,1.1,N,0.38,0.36,,,,,,firms,VIIRS,VIIRS_NOAA21_NRT
3.28502,113.08357,2025-06-16,1756,N21,n,2.0NRT,2.33,N,0.38,0.36,,,,,,firms,VIIRS,VIIRS_NOAA21_NRT
3.28831,113.08408,2025-06-16,1756,N21,n,2.0NRT,2.33,N,0.38,0.36,,,,,,firms,VIIRS,VIIRS_NOAA21_NRT
3.29053,113.09145,2025-06-16,1756,N21,n,2.0NRT,5.91,N,0.38,0.36,,,,,,firms,VIIRS,VIIRS_NOAA21_NRT
3.29107,113.08801,2025-06-16,1756,N21,n,2.0NRT,2.63,N,0.38,0.36,,,,,,firms,VIIRS,VIIRS_NOAA21_NRT
3.52488,113.31505,2025-06-16,1756,N21,n,2.0NRT,2.36,N,0.39,0.36,,,,,,firms,VIIRS,VIIRS_NOAA21_NRT
3.53374,113.34459,2025-06-16,1756,N21,n,2.0NRT,1.46,N,0.39,0.36,,,,,,firms,VIIRS,VIIRS_NOAA21_NRT
3.53704,113.3451,2025-06-16,1756,N21,n,2.0NRT,0.86,N,0.39,0.36,,,,,,firms,VIIRS,VIIRS_NOAA21_NRT
3.5431,113.34957,2025-06-16,1756,N21,n,2.0NRT,2.17,N,0.39,0.36,,,,,,firms,VIIRS,VIIRS_NOAA21_NRT
3.5464,113.35008,2025-06-16,1756,N21,n,2.0NRT,2.17,N,0.39,0.36,,,,,,firms,VIIRS,VIIRS_NOAA21_NRT
3.60467,112.41093,2025-06-16,1756,N21,n,2.0NRT,3.44,N,0.39,0.36,,,,,,firms,VIIRS,VIIRS_NOAA21_NRT
3.65417,117.2233,2025-06-16,1756,N21,n,2.0NRT,1.68,N,0.54,0.42,,,,,,firms,VIIRS,VIIRS_NOAA21_NRT
4.33295,103.47964,2025-06-16,1756,N21,n,2.0NRT,2.37,N,0.4,0.6,,,,,,firms,VIIRS,VIIRS_NOAA21_NRT
4.33358,103.47986,2025-06-16,1756,N21,n,2.0NRT,1.95,N,0.4,0.6,,,,,,firms,VIIRS,VIIRS_NOAA21_NRT
4.33408,103.47628,2025-06-16,1756,N21,n,2.0NRT,1.73,N,0.4,0.6,,,,,,firms,VIIRS,VIIRS_NOAA21_NRT
4.50807,105.25245,2025-06-16,1756,N21,n,2.0NRT,9.48,N,0.61,0.53,,,,,,firms,VIIRS,VIIRS_NOAA21_NRT
4.50884,105.24702,2025-06-16,1756,N21,n,2.0NRT,9.48,N,0.61,0.53,,,,,,firms,VIIRS,VIIRS_NOAA21_NRT
4.51034,105.24948,2025-06-16,1756,N21,n,2.0NRT,14.55,N,0.61,0.53,,,,,,firms,VIIRS,VIIRS_NOAA21_NRT
4.5564,103.45746,2025-06-16,1756,N21,n,2.0NRT,2.63,N,0.41,0.6,,,,,,firms,VIIRS,VIIRS_NOAA21_NRT
4.55662,103.45707,2025-06-16,1756,N21,n,2.0NRT,1.81,N,0.41,0.6,,,,,,firms,VIIRS,VIIRS_NOAA21_NRT
4.6583,103.37796,2025-06-16,1756,N21,h,2.0NRT,10.86,N,0.41,0.61,,,,,,firms,VIIRS,VIIRS_NOAA21_NRT
4.65884,103.3743,2025-06-16,1756,N21,n,2.0NRT,7.13,N,0.41,0.61,,,,,,firms,VIIRS,VIIRS_NOAA21_NRT
4.66044,103.3633,2025-06-16,1756,N21,n,2.0NRT,0.88,N,0.41,0.61,,,,,,firms,VIIRS,VIIRS_NOAA21_NRT
4.66876,114.45974,2025-06-16,1756,N21,n,2.0NRT,2.12,N,0.4,0.37,,,,,,firms,VIIRS,VIIRS_NOAA21_NRT
5.24409,115.23767,2025-06-16,1756,N21,n,2.0NRT,1.61,N,0.42,0.37,,,,,,firms,VIIRS,VIIRS_NOAA21_NRT
5.4295,114.71137,2025-06-16,1756,N21,n,2.0NRT,4.97,N,0.4,0.37,,,,,,firms,VIIRS,VIIRS_NOAA21_NRT
5.64774,104.97755,2025-06-16,1756,N21,n,2.0NRT,3.73,N,0.33,0.55,,,,,,firms,VIIRS,VIIRS_NOAA21_NRT
-8.27874,123.54777,2025-06-16,1758,N21,n,2.0NRT,12.65,N,0.73,0.76,,,,,,firms,VIIRS,VIIRS_NOAA21_NRT
-8.27763,123.53866,2025-06-16,1758,N21,h,2.0NRT,12.65,N,0.73,0.76,,,,,,firms,VIIRS,VIIRS_NOAA21_NRT
-8.27408,123.50926,2025-06-16,1758,N21,n,2.0NRT,18.08,N,0.73,0.76,,,,,,firms,VIIRS,VIIRS_NOAA21_NRT
-8.11961,114.05839,2025-06-16,1758,N21,n,2.0NRT,5.44,N,0.5,0.41,,,,,,firms,VIIRS,VIIRS_NOAA21_NRT
-8.11334,112.92609,2025-06-16,1758,N21,n,2.0NRT,10.75,N,0.44,0.38,,,,,,firms,VIIRS,VIIRS_NOAA21_NRT
-7.54576,110.43108,2025-06-16,1758,N21,n,2.0NRT,0.72,N,0.38,0.36,,,,,,firms,VIIRS,VIIRS_NOAA21_NRT
-7.54409,110.44189,2025-06-16,1758,N21,n,2.0NRT,6.38,N,0.38,0.36,,,,,,firms,VIIRS,VIIRS_NOAA21_NRT
-7.54247,110.43159,2025-06-16,1758,N21,n,2.0NRT,0.72,N,0.38,0.36,,,,,,firms,VIIRS,VIIRS_NOAA21_NRT
-6.18368,106.35389,2025-06-16,1758,N21,n,2.0NRT,3.94,N,0.53,0.42,,,,,,firms,VIIRS,VIIRS_NOAA21_NRT
-4.94634,119.62504,2025-06-16,1758,N21,n,2.0NRT,1.54,N,0.35,0.57,,,,,,firms,VIIRS,VIIRS_NOAA21_NRT
-4.94449,119.62634,2025-06-16,1758,N21,n,2.0NRT,1.01,N,0.35,0.57,,,,,,firms,VIIRS,VIIRS_NOAA21_NRT
-3.87267,122.40334,2025-06-16,1758,N21,n,2.0NRT,2.33,N,0.53,0.67,,,,,,firms,VIIRS,VIIRS_NOAA21_NRT
-3.03292,115.15632,2025-06-16,1758,N21,n,2.0NRT,1.79,N,0.5,0.41,,,,,,firms,VIIRS,VIIRS_NOAA21_NRT
-3.02574,113.75723,2025-06-16,1758,N21,n,2.0NRT,1.58,N,0.43,0.38,,,,,,firms,VIIRS,VIIRS_NOAA21_NRT
-2.98986,115.21132,2025-06-16,1758,N21,n,2.0NRT,5.57,N,0.5,0.41,,,,,,firms,VIIRS,VIIRS_NOAA21_NRT
-2.98813,115.21338,2025-06-16,1758,N21,n,2.0NRT,2.64,N,0.5,0.41,,,,,,firms,VIIRS,VIIRS_NOAA21_NRT
-2.98747,115.20897,2025-06-16,1758,N21,n,2.0NRT,2.64,N,0.5,0.41,,,,,,firms,VIIRS,VIIRS_NOAA21_NRT
-2.87409,115.26349,2025-06-16,1758,N21,n,2.0NRT,1.91,N,0.5,0.41,,,,,,firms,VIIRS,VIIRS_NOAA21_NRT
-2.21205,115.49514,2025-06-16,1758,N21,n,2.0NRT,2.11,N,0.51,0.41,,,,,,firms,VIIRS,VIIRS_NOAA21_NRT
-2.2083,115.4957,2025-06-16,1758,N21,n,2.0NRT,2.11,N,0.51,0.41,,,,,,firms,VIIRS,VIIRS_NOAA21_NRT
-2.17346,115.57092,2025-06-16,1758,N21,n,2.0NRT,3.54,N,0.51,0.41,,,,,,firms,VIIRS,VIIRS_NOAA21_NRT
-2.17241,115.56831,2025-06-16,1758,N21,n,2.0NRT,2.75,N,0.51,0.41,,,,,,firms,VIIRS,VIIRS_NOAA21_NRT
-2.16559,115.57404,2025-06-16,1758,N21,n,2.0NRT,1.31,N,0.51,0.41,,,,,,firms,VIIRS,VIIRS_NOAA21_NRT
-0.93423,104.34303,2025-06-16,1758,N21,n,2.0NRT,9.74,N,0.58,0.52,,,,,,firms,VIIRS,VIIRS_NOAA21_NRT
2.35748,100.03381,2025-06-16,1936,N21,n,2.0NRT,1.02,N,0.68,0.74,,,,,,firms,VIIRS,VIIRS_NOAA21_NRT
-10.1547,120.09377,2025-06-17,453,N21,n,2.0NRT,4.04,D,0.38,0.59,,,,,,firms,VIIRS,VIIRS_NOAA21_NRT
-9.98322,120.80054,2025-06-17,453,N21,n,2.0NRT,6.7,D,0.34,0.56,,,,,,firms,VIIRS,VIIRS_NOAA21_NRT
-9.97731,120.8059,2025-06-17,453,N21,h,2.0NRT,7.4,D,0.34,0.56,,,,,,firms,VIIRS,VIIRS_NOAA21_NRT
-9.9726,120.80217,2025-06-17,453,N21,h,2.0NRT,7.48,D,0.34,0.56,,,,,,firms,VIIRS,VIIRS_NOAA21_NRT
-9.97221,120.80516,2025-06-17,453,N21,n,2.0NRT,4.16,D,0.34,0.56,,,,,,firms,VIIRS,VIIRS_NOAA21_NRT
-9.86403,120.52843,2025-06-17,453,N21,n,2.0NRT,2.8,D,0.35,0.57,,,,,,firms,VIIRS,VIIRS_NOAA21_NRT
-9.79345,120.49332,2025-06-17,453,N21,n,2.0NRT,3.88,D,0.35,0.57,,,,,,firms,VIIRS,VIIRS_NOAA21_NRT
-9.78785,120.49563,2025-06-17,453,N21,h,2.0NRT,6.81,D,0.35,0.57,,,,,,firms,VIIRS,VIIRS_NOAA21_NRT
-9.78744,120.49876,2025-06-17,453,N21,n,2.0NRT,6.81,D,0.35,0.57,,,,,,firms,VIIRS,VIIRS_NOAA21_NRT
-9.74988,120.54411,2025-06-17,453,N21,h,2.0NRT,9.56,D,0.35,0.57,,,,,,firms,VIIRS,VIIRS_NOAA21_NRT
-9.58131,119.94976,2025-06-17,453,N21,n,2.0NRT,3.17,D,0.38,0.59,,,,,,firms,VIIRS,VIIRS_NOAA21_NRT
-9.40924,119.68507,2025-06-17,453,N21,n,2.0NRT,7.66,D,0.39,0.6,,,,,,firms,VIIRS,VIIRS_NOAA21_NRT
-9.40826,119.68346,2025-06-17,453,N21,n,2.0NRT,3.05,D,0.39,0.6,,,,,,firms,VIIRS,VIIRS_NOAA21_NRT
-9.4078,119.68692,2025-06-17,453,N21,n,2.0NRT,3.05,D,0.39,0.6,,,,,,firms,VIIRS,VIIRS_NOAA21_NRT
-9.35,119.61707,2025-06-17,453,N21,n,2.0NRT,4.76,D,0.4,0.6,,,,,,firms,VIIRS,VIIRS_NOAA21_NRT
-9.34954,119.62061,2025-06-17,453,N21,n,2.0NRT,4.76,D,0.4,0.6,,,,,,firms,VIIRS,VIIRS_NOAA21_NRT
-8.96531,125.20037,2025-06-17,453,N21,n,2.0NRT,1.61,D,0.51,0.41,,,,,,firms,VIIRS,VIIRS_NOAA21_NRT
-8.72872,120.82718,2025-06-17,453,N21,n,2.0NRT,2.56,D,0.32,0.55,,,,,,firms,VIIRS,VIIRS_NOAA21_NRT
-8.45293,123.93465,2025-06-17,453,N21,n,2.0NRT,9.3,D,0.39,0.44,,,,,,firms,VIIRS,VIIRS_NOAA21_NRT
-8.44884,123.93439,2025-06-17,453,N21,n,2.0NRT,9.3,D,0.39,0.44,,,,,,firms,VIIRS,VIIRS_NOAA21_NRT
-8.37932,123.95243,2025-06-17,453,N21,n,2.0NRT,3.41,D,0.39,0.44,,,,,,firms,VIIRS,VIIRS_NOAA21_NRT
-8.37878,123.95618,2025-06-17,453,N21,n,2.0NRT,3.41,D,0.39,0.44,,,,,,firms,VIIRS,VIIRS_NOAA21_NRT
-8.24451,123.87973,2025-06-17,453,N21,n,2.0NRT,4.39,D,0.4,0.44,,,,,,firms,VIIRS,VIIRS_NOAA21_NRT
-8.22848,123.69934,2025-06-17,453,N21,n,2.0NRT,4.38,D,0.41,0.45,,,,,,firms,VIIRS,VIIRS_NOAA21_NRT
-8.22799,123.70013,2025-06-17,453,N21,n,2.0NRT,5.45,D,0.41,0.45,,,,,,firms,VIIRS,VIIRS_NOAA21_NRT
-8.18181,131.04697,2025-06-17,453,N21,n,2.0NRT,8.9,D,0.42,0.38,,,,,,firms,VIIRS,VIIRS_NOAA21_NRT
-8.13054,122.89809,2025-06-17,453,N21,n,2.0NRT,1.83,D,0.46,0.47,,,,,,firms,VIIRS,VIIRS_NOAA21_NRT
-10.23669,123.58722,2025-06-17,455,N21,n,2.0NRT,2.29,D,0.44,0.46,,,,,,firms,VIIRS,VIIRS_NOAA21_NRT
-10.14826,123.72612,2025-06-17,455,N21,n,2.0NRT,2.12,D,0.43,0.46,,,,,,firms,VIIRS,VIIRS_NOAA21_NRT
-4.62389,121.93631,2025-06-17,455,N21,n,2.0NRT,3.42,D,0.47,0.48,,,,,,firms,VIIRS,VIIRS_NOAA21_NRT
-4.61828,121.81946,2025-06-17,455,N21,n,2.0NRT,4.96,D,0.48,0.48,,,,,,firms,VIIRS,VIIRS_NOAA21_NRT
-3.899,119.60074,2025-06-17,455,N21,n,2.0NRT,2.43,D,0.33,0.55,,,,,,firms,VIIRS,VIIRS_NOAA21_NRT
-2.70052,118.87073,2025-06-17,455,N21,n,2.0NRT,2.2,D,0.36,0.57,,,,,,firms,VIIRS,VIIRS_NOAA21_NRT
-1.01381,116.88324,2025-06-17,455,N21,n,2.0NRT,4.45,D,0.47,0.64,,,,,,firms,VIIRS,VIIRS_NOAA21_NRT
0.80887,117.1899,2025-06-17,457,N21,n,2.0NRT,6.77,D,0.42,0.61,,,,,,firms,VIIRS,VIIRS_NOAA21_NRT
1.33344,116.69195,2025-06-17,457,N21,n,2.0NRT,6.6,D,0.44,0.62,,,,,,firms,VIIRS,VIIRS_NOAA21_NRT
3.27839,113.06169,2025-06-17,457,N21,n,2.0NRT,3.97,D,0.73,0.76,,,,,,firms,VIIRS,VIIRS_NOAA21_NRT
3.27898,113.06499,2025-06-17,457,N21,n,2.0NRT,9.71,D,0.73,0.76,,,,,,firms,VIIRS,VIIRS_NOAA21_NRT
3.2796,113.06862,2025-06-17,457,N21,n,2.0NRT,3.97,D,0.73,0.76,,,,,,firms,VIIRS,VIIRS_NOAA21_NRT
3.2887,113.08,2025-06-17,457,N21,n,2.0NRT,11.69,D,0.73,0.76,,,,,,firms,VIIRS,VIIRS_NOAA21_NRT
3.75569,116.72144,2025-06-17,457,N21,n,2.0NRT,2.71,D,0.4,0.6,,,,,,firms,VIIRS,VIIRS_NOAA21_NRT
4.66884,114.46095,2025-06-17,457,N21,n,2.0NRT,5.72,D,0.56,0.68,,,,,,firms,VIIRS,VIIRS_NOAA21_NRT
4.97815,112.97826,2025-06-17,457,N21,n,2.0NRT,10.35,D,0.69,0.75,,,,,,firms,VIIRS,VIIRS_NOAA21_NRT
5.43044,117.03433,2025-06-17,457,N21,n,2.0NRT,4.95,D,0.36,0.57,,,,,,firms,VIIRS,VIIRS_NOAA21_NRT
5.77869,116.17216,2025-06-17,457,N21,n,2.0NRT,8.52,D,0.41,0.6,,,,,,firms,VIIRS,VIIRS_NOAA21_NRT
-8.18219,113.35717,2025-06-17,633,N21,n,2.0NRT,7.15,D,0.41,0.6,,,,,,firms,VIIRS,VIIRS_NOAA21_NRT
-8.1818,113.35799,2025-06-17,633,N21,n,2.0NRT,6.2,D,0.41,0.6,,,,,,firms,VIIRS,VIIRS_NOAA21_NRT
-8.1394,113.77607,2025-06-17,633,N21,n,2.0NRT,4.03,D,0.43,0.62,,,,,,firms,VIIRS,VIIRS_NOAA21_NRT
-7.93853,113.95369,2025-06-17,635,N21,n,2.0NRT,2.83,D,0.45,0.63,,,,,,firms,VIIRS,VIIRS_NOAA21_NRT
-3.59158,104.41451,2025-06-17,635,N21,n,2.0NRT,5.62,D,0.41,0.37,,,,,,firms,VIIRS,VIIRS_NOAA21_NRT
-3.57413,103.30434,2025-06-17,635,N21,n,2.0NRT,14.95,D,0.39,0.36,,,,,,firms,VIIRS,VIIRS_NOAA21_NRT
-1.89419,115.85889,2025-06-17,635,N21,n,2.0NRT,16.01,D,0.77,0.77,,,,,,firms,VIIRS,VIIRS_NOAA21_NRT
-3.45996,103.33981,2025-06-17,637,N21,n,2.0NRT,3.99,D,0.39,0.36,,,,,,firms,VIIRS,VIIRS_NOAA21_NRT
-3.36001,102.9935,2025-06-17,637,N21,n,2.0NRT,4.11,D,0.39,0.36,,,,,,firms,VIIRS,VIIRS_NOAA21_NRT
-3.25996,102.75854,2025-06-17,637,N21,n,2.0NRT,8.36,D,0.38,0.36,,,,,,firms,VIIRS,VIIRS_NOAA21_NRT
-3.11999,102.71965,2025-06-17,637,N21,n,2.0NRT,3.84,D,0.38,0.36,,,,,,firms,VIIRS,VIIRS_NOAA21_NRT
-2.81821,102.80247,2025-06-17,637,N21,n,2.0NRT,3.06,D,0.39,0.36,,,,,,firms,VIIRS,VIIRS_NOAA21_NRT
-2.80027,103.69782,2025-06-17,637,N21,n,2.0NRT,6.2,D,0.4,0.37,,,,,,firms,VIIRS,VIIRS_NOAA21_NRT
-2.79691,103.69731,2025-06-17,637,N21,n,2.0NRT,6.2,D,0.4,0.37,,,,,,firms,VIIRS,VIIRS_NOAA21_NRT
-2.66054,103.74221,2025-06-17,637,N21,n,2.0NRT,2.24,D,0.4,0.37,,,,,,firms,VIIRS,VIIRS_NOAA21_NRT
-2.25056,104.60913,2025-06-17,637,N21,n,2.0NRT,3.2,D,0.43,0.38,,,,,,firms,VIIRS,VIIRS_NOAA21_NRT
-2.10967,110.77463,2025-06-17,637,N21,n,2.0NRT,5.6,D,0.34,0.56,,,,,,firms,VIIRS,VIIRS_NOAA21_NRT
-2.08754,105.93947,2025-06-17,637,N21,n,2.0NRT,8.38,D,0.5,0.41,,,,,,firms,VIIRS,VIIRS_NOAA21_NRT
-1.58244,102.77128,2025-06-17,637,N21,n,2.0NRT,3.07,D,0.39,0.36,,,,,,firms,VIIRS,VIIRS_NOAA21_NRT
-1.46657,101.63638,2025-06-17,637,N21,n,2.0NRT,16.4,D,0.39,0.36,,,,,,firms,VIIRS,VIIRS_NOAA21_NRT
-1.05448,101.59686,2025-06-17,637,N21,n,2.0NRT,4.43,D,0.39,0.36,,,,,,firms,VIIRS,VIIRS_NOAA21_NRT
-0.92908,115.18542,2025-06-17,637,N21,n,2.0NRT,10.33,D,0.72,0.76,,,,,,firms,VIIRS,VIIRS_NOAA21_NRT
-0.89834,101.66404,2025-06-17,637,N21,n,2.0NRT,7.26,D,0.38,0.36,,,,,,firms,VIIRS,VIIRS_NOAA21_NRT
0.74808,110.87602,2025-06-17,637,N21,l,2.0NRT,17.4,D,0.38,0.59,,,,,,firms,VIIRS,VIIRS_NOAA21_NRT
0.74862,110.87951,2025-06-17,637,N21,n,2.0NRT,17.4,D,0.38,0.59,,,,,,firms,VIIRS,VIIRS_NOAA21_NRT
0.75294,110.87177,2025-06-17,637,N21,n,2.0NRT,22.45,D,0.38,0.59,,,,,,firms,VIIRS,VIIRS_NOAA21_NRT
0.75348,110.87523,2025-06-17,637,N21,h,2.0NRT,17.4,D,0.38,0.59,,,,,,firms,VIIRS,VIIRS_NOAA21_NRT
2.92054,113.06106,2025-06-17,637,N21,n,2.0NRT,9.02,D,0.59,0.7,,,,,,firms,VIIRS,VIIRS_NOAA21_NRT
2.92228,113.06351,2025-06-17,637,N21,n,2.0NRT,7.07,D,0.59,0.7,,,,,,firms,VIIRS,VIIRS_NOAA21_NRT
3.05019,101.38547,2025-06-17,637,N21,n,2.0NRT,5.53,D,0.38,0.36,,,,,,firms,VIIRS,VIIRS_NOAA21_NRT
3.31354,102.38454,2025-06-17,637,N21,n,2.0NRT,4.57,D,0.4,0.37,,,,,,firms,VIIRS,VIIRS_NOAA21_NRT
3.34578,97.88109,2025-06-17,637,N21,n,2.0NRT,7.1,D,0.46,0.39,,,,,,firms,VIIRS,VIIRS_NOAA21_NRT
3.48981,101.48215,2025-06-17,637,N21,l,2.0NRT,10.04,D,0.39,0.36,,,,,,firms,VIIRS,VIIRS_NOAA21_NRT
3.52305,101.09667,2025-06-17,637,N21,n,2.0NRT,4.59,D,0.38,0.36,,,,,,firms,VIIRS,VIIRS_NOAA21_NRT
3.5373,101.10155,2025-06-17,637,N21,n,2.0NRT,3.07,D,0.38,0.36,,,,,,firms,VIIRS,VIIRS_NOAA21_NRT
3.58195,101.08424,2025-06-17,637,N21,n,2.0NRT,4.54,D,0.38,0.36,,,,,,firms,VIIRS,VIIRS_NOAA21_NRT
4.55691,103.45653,2025-06-17,640,N21,n,2.0NRT,6.8,D,0.44,0.39,,,,,,firms,VIIRS,VIIRS_NOAA21_NRT
4.65792,103.38081,2025-06-17,640,N21,n,2.0NRT,3.58,D,0.44,0.38,,,,,,firms,VIIRS,VIIRS_NOAA21_NRT
4.81868,101.14724,2025-06-17,640,N21,n,2.0NRT,3.72,D,0.39,0.36,,,,,,firms,VIIRS,VIIRS_NOAA21_NRT
1.4945,127.63852,2025-06-17,1737,N21,n,2.0NRT,6.21,N,0.47,0.64,,,,,,firms,VIIRS,VIIRS_NOAA21_NRT
1.49521,127.63404,2025-06-17,1737,N21,n,2.0NRT,6.21,N,0.47,0.64,,,,,,firms,VIIRS,VIIRS_NOAA21_NRT
1.69929,127.87856,2025-06-17,1737,N21,n,2.0NRT,4.38,N,0.49,0.65,,,,,,firms,VIIRS,VIIRS_NOAA21_NRT
1.69993,127.87473,2025-06-17,1737,N21,n,2.0NRT,3.68,N,0.49,0.65,,,,,,firms,VIIRS,VIIRS_NOAA21_NRT
1.70112,127.87745,2025-06-17,1737,N21,n,2.0NRT,4.22,N,0.49,0.65,,,,,,firms,VIIRS,VIIRS_NOAA21_NRT
-3.31417,113.86598,2025-06-17,1739,N21,n,2.0NRT,1.09,N,0.42,0.38,,,,,,firms,VIIRS,VIIRS_NOAA21_NRT
-2.21049,115.49765,2025-06-17,1739,N21,n,2.0NRT,4.74,N,0.39,0.36,,,,,,firms,VIIRS,VIIRS_NOAA21_NRT
-2.17109,115.57124,2025-06-17,1739,N21,n,2.0NRT,3.7,N,0.39,0.36,,,,,,firms,VIIRS,VIIRS_NOAA21_NRT
-2.16501,115.57574,2025-06-17,1739,N21,n,2.0NRT,1.27,N,0.39,0.36,,,,,,firms,VIIRS,VIIRS_NOAA21_NRT
-2.06194,115.5703,2025-06-17,1739,N21,n,2.0NRT,2.18,N,0.39,0.36,,,,,,firms,VIIRS,VIIRS_NOAA21_NRT
-1.89714,115.86531,2025-06-17,1739,N21,n,2.0NRT,1.07,N,0.39,0.36,,,,,,firms,VIIRS,VIIRS_NOAA21_NRT
-1.89606,115.85842,2025-06-17,1739,N21,n,2.0NRT,1.12,N,0.39,0.36,,,,,,firms,VIIRS,VIIRS_NOAA21_NRT
-1.89383,115.86581,2025-06-17,1739,N21,n,2.0NRT,8.33,N,0.39,0.36,,,,,,firms,VIIRS,VIIRS_NOAA21_NRT
-1.89329,115.86238,2025-06-17,1739,N21,n,2.0NRT,2.57,N,0.39,0.36,,,,,,firms,VIIRS,VIIRS_NOAA21_NRT
-1.88999,115.86289,2025-06-17,1739,N21,n,2.0NRT,2.57,N,0.39,0.36,,,,,,firms,VIIRS,VIIRS_NOAA21_NRT
-1.87678,115.86492,2025-06-17,1739,N21,n,2.0NRT,1.02,N,0.39,0.36,,,,,,firms,VIIRS,VIIRS_NOAA21_NRT
-1.87624,115.86147,2025-06-17,1739,N21,n,2.0NRT,1.02,N,0.39,0.36,,,,,,firms,VIIRS,VIIRS_NOAA21_NRT
-1.85534,115.85767,2025-06-17,1739,N21,n,2.0NRT,0.82,N,0.39,0.36,,,,,,firms,VIIRS,VIIRS_NOAA21_NRT
-1.51863,114.3941,2025-06-17,1739,N21,n,2.0NRT,1.05,N,0.42,0.38,,,,,,firms,VIIRS,VIIRS_NOAA21_NRT
-1.32742,113.96706,2025-06-17,1739,N21,n,2.0NRT,2.56,N,0.44,0.38,,,,,,firms,VIIRS,VIIRS_NOAA21_NRT
-1.32617,113.96733,2025-06-17,1739,N21,n,2.0NRT,2.13,N,0.44,0.38,,,,,,firms,VIIRS,VIIRS_NOAA21_NRT
-1.3018,113.39302,2025-06-17,1739,N21,n,2.0NRT,1.0,N,0.46,0.39,,,,,,firms,VIIRS,VIIRS_NOAA21_NRT
-1.19617,114.73458,2025-06-17,1739,N21,n,2.0NRT,1.46,N,0.41,0.37,,,,,,firms,VIIRS,VIIRS_NOAA21_NRT
0.22561,111.66409,2025-06-17,1739,N21,n,2.0NRT,0.75,N,0.41,0.45,,,,,,firms,VIIRS,VIIRS_NOAA21_NRT
0.50786,127.89613,2025-06-17,1739,N21,n,2.0NRT,1.73,N,0.51,0.66,,,,,,firms,VIIRS,VIIRS_NOAA21_NRT
0.50852,127.89191,2025-06-17,1739,N21,n,2.0NRT,1.73,N,0.51,0.66,,,,,,firms,VIIRS,VIIRS_NOAA21_NRT
0.51031,127.89715,2025-06-17,1739,N21,n,2.0NRT,1.96,N,0.51,0.66,,,,,,firms,VIIRS,VIIRS_NOAA21_NRT
0.51101,127.89283,2025-06-17,1739,N21,n,2.0NRT,2.56,N,0.51,0.66,,,,,,firms,VIIRS,VIIRS_NOAA21_NRT
0.61312,117.44164,2025-06-17,1739,N21,n,2.0NRT,0.74,N,0.39,0.36,,,,,,firms,VIIRS,VIIRS_NOAA21_NRT
0.64995,117.51414,2025-06-17,1739,N21,n,2.0NRT,0.87,N,0.39,0.36,,,,,,firms,VIIRS,VIIRS_NOAA21_NRT
0.67543,117.56743,2025-06-17,1739,N21,n,2.0NRT,1.88,N,0.39,0.36,,,,,,firms,VIIRS,VIIRS_NOAA21_NRT
0.67597,117.56399,2025-06-17,1739,N21,n,2.0NRT,2.67,N,0.39,0.36,,,,,,firms,VIIRS,VIIRS_NOAA21_NRT
0.68311,117.56155,2025-06-17,1739,N21,n,2.0NRT,3.26,N,0.39,0.36,,,,,,firms,VIIRS,VIIRS_NOAA21_NRT
0.68749,117.55519,2025-06-17,1739,N21,n,2.0NRT,4.91,N,0.39,0.36,,,,,,firms,VIIRS,VIIRS_NOAA21_NRT
0.68772,117.46721,2025-06-17,1739,N21,n,2.0NRT,0.99,N,0.39,0.36,,,,,,firms,VIIRS,VIIRS_NOAA21_NRT
0.68787,117.50947,2025-06-17,1739,N21,n,2.0NRT,0.59,N,0.39,0.36,,,,,,firms,VIIRS,VIIRS_NOAA21_NRT
0.6891,117.54489,2025-06-17,1739,N21,n,2.0NRT,1.47,N,0.39,0.36,,,,,,firms,VIIRS,VIIRS_NOAA21_NRT
-9.37871,119.82734,2025-06-17,1741,N21,n,2.0NRT,1.15,N,0.4,0.44,,,,,,firms,VIIRS,VIIRS_NOAA21_NRT
-8.54764,122.76968,2025-06-17,1741,N21,n,2.0NRT,1.89,N,0.61,0.53,,,,,,firms,VIIRS,VIIRS_NOAA21_NRT
-8.54704,122.76529,2025-06-17,1741,N21,n,2.0NRT,1.89,N,0.61,0.53,,,,,,firms,VIIRS,VIIRS_NOAA21_NRT
-8.54644,122.76086,2025-06-17,1741,N21,n,2.0NRT,2.99,N,0.61,0.53,,,,,,firms,VIIRS,VIIRS_NOAA21_NRT
-8.54268,122.76973,2025-06-17,1741,N21,n,2.0NRT,1.89,N,0.61,0.53,,,,,,firms,VIIRS,VIIRS_NOAA21_NRT
-8.54204,122.76496,2025-06-17,1741,N21,n,2.0NRT,1.89,N,0.61,0.53,,,,,,firms,VIIRS,VIIRS_NOAA21_NRT
-8.54144,122.76056,2025-06-17,1741,N21,n,2.0NRT,2.99,N,0.61,0.53,,,,,,firms,VIIRS,VIIRS_NOAA21_NRT
-8.54088,122.75648,2025-06-17,1741,N21,n,2.0NRT,2.99,N,0.61,0.53,,,,,,firms,VIIRS,VIIRS_NOAA21_NRT
-8.54032,122.75233,2025-06-17,1741,N21,n,2.0NRT,4.38,N,0.61,0.53,,,,,,firms,VIIRS,VIIRS_NOAA21_NRT
-8.53974,122.74808,2025-06-17,1741,N21,n,2.0NRT,4.38,N,0.61,0.53,,,,,,firms,VIIRS,VIIRS_NOAA21_NRT
-8.53964,122.78425,2025-06-17,1741,N21,n,2.0NRT,2.22,N,0.61,0.53,,,,,,firms,VIIRS,VIIRS_NOAA21_NRT
-8.53869,122.77709,2025-06-17,1741,N21,n,2.0NRT,2.22,N,0.61,0.53,,,,,,firms,VIIRS,VIIRS_NOAA21_NRT
-8.53775,122.76999,2025-06-17,1741,N21,n,2.0NRT,5.16,N,0.61,0.53,,,,,,firms,VIIRS,VIIRS_NOAA21_NRT
-8.53708,122.76498,2025-06-17,1741,N21,n,2.0NRT,5.16,N,0.61,0.53,,,,,,firms,VIIRS,VIIRS_NOAA21_NRT
-8.53649,122.76063,2025-06-17,1741,N21,n,2.0NRT,3.23,N,0.61,0.53,,,,,,firms,VIIRS,VIIRS_NOAA21_NRT
-8.53596,122.75671,2025-06-17,1741,N21,n,2.0NRT,3.23,N,0.61,0.53,,,,,,firms,VIIRS,VIIRS_NOAA21_NRT
-8.53541,122.75271,2025-06-17,1741,N21,n,2.0NRT,4.05,N,0.61,0.53,,,,,,firms,VIIRS,VIIRS_NOAA21_NRT
-8.53511,122.78769,2025-06-17,1741,N21,n,2.0NRT,2.22,N,0.61,0.53,,,,,,firms,VIIRS,VIIRS_NOAA21_NRT
-8.53486,122.74861,2025-06-17,1741,N21,n,2.0NRT,4.05,N,0.61,0.53,,,,,,firms,VIIRS,VIIRS_NOAA21_NRT
-8.53415,122.78046,2025-06-17,1741,N21,n,2.0NRT,2.22,N,0.61,0.53,,,,,,firms,VIIRS,VIIRS_NOAA21_NRT
-8.53315,122.77284,2025-06-17,1741,N21,n,2.0NRT,5.16,N,0.61,0.53,,,,,,firms,VIIRS,VIIRS_NOAA21_NRT
-8.5324,122.76721,2025-06-17,1741,N21,n,2.0NRT,5.16,N,0.61,0.53,,,,,,firms,VIIRS,VIIRS_NOAA21_NRT
-8.53175,122.76237,2025-06-17,1741,N21,n,2.0NRT,3.23,N,0.61,0.53,,,,,,firms,VIIRS,VIIRS_NOAA21_NRT
-8.53113,122.75771,2025-06-17,1741,N21,n,2.0NRT,3.23,N,0.61,0.53,,,,,,firms,VIIRS,VIIRS_NOAA21_NRT
-8.52956,122.78337,2025-06-17,1741,N21,n,2.0NRT,3.32,N,0.61,0.53,,,,,,firms,VIIRS,VIIRS_NOAA21_NRT
-8.52862,122.77623,2025-06-17,1741,N21,n,2.0NRT,4.07,N,0.61,0.53,,,,,,firms,VIIRS,VIIRS_NOAA21_NRT
-8.52777,122.76984,2025-06-17,1741,N21,n,2.0NRT,4.07,N,0.61,0.53,,,,,,firms,VIIRS,VIIRS_NOAA21_NRT
-8.52708,122.76463,2025-06-17,1741,N21,n,2.0NRT,4.31,N,0.61,0.53,,,,,,firms,VIIRS,VIIRS_NOAA21_NRT
-8.52641,122.75961,2025-06-17,1741,N21,n,2.0NRT,4.31,N,0.61,0.53,,,,,,firms,VIIRS,VIIRS_NOAA21_NRT
-8.52577,122.79243,2025-06-17,1741,N21,n,2.0NRT,3.32,N,0.61,0.53,,,,,,firms,VIIRS,VIIRS_NOAA21_NRT
-8.52487,122.7856,2025-06-17,1741,N21,n,2.0NRT,3.32,N,0.61,0.53,,,,,,firms,VIIRS,VIIRS_NOAA21_NRT
-8.52398,122.77882,2025-06-17,1741,N21,n,2.0NRT,4.07,N,0.61,0.53,,,,,,firms,VIIRS,VIIRS_NOAA21_NRT
-8.5232,122.79449,2025-06-17,1741,N21,n,2.0NRT,3.03,N,0.61,0.53,,,,,,firms,VIIRS,VIIRS_NOAA21_NRT
-8.52102,122.79425,2025-06-17,1741,N21,n,2.0NRT,3.86,N,0.61,0.53,,,,,,firms,VIIRS,VIIRS_NOAA21_NRT
-8.51847,122.79628,2025-06-17,1741,N21,n,2.0NRT,3.03,N,0.61,0.53,,,,,,firms,VIIRS,VIIRS_NOAA21_NRT
-8.51824,122.7591,2025-06-17,1741,N21,n,2.0NRT,3.24,N,0.61,0.53,,,,,,firms,VIIRS,VIIRS_NOAA21_NRT
-8.51638,122.75904,2025-06-17,1741,N21,n,2.0NRT,3.1,N,0.61,0.53,,,,,,firms,VIIRS,VIIRS_NOAA21_NRT
-8.5122,122.75145,2025-06-17,1741,N21,n,2.0NRT,4.09,N,0.6,0.53,,,,,,firms,VIIRS,VIIRS_NOAA21_NRT
-8.51035,122.75107,2025-06-17,1741,N21,n,2.0NRT,2.21,N,0.6,0.53,,,,,,firms,VIIRS,VIIRS_NOAA21_NRT
-8.27797,123.51009,2025-06-17,1741,N21,n,2.0NRT,1.92,N,0.34,0.56,,,,,,firms,VIIRS,VIIRS_NOAA21_NRT
-8.27616,123.52067,2025-06-17,1741,N21,n,2.0NRT,5.25,N,0.34,0.56,,,,,,firms,VIIRS,VIIRS_NOAA21_NRT
-8.27524,123.51392,2025-06-17,1741,N21,n,2.0NRT,15.21,N,0.34,0.56,,,,,,firms,VIIRS,VIIRS_NOAA21_NRT
-8.27458,123.50908,2025-06-17,1741,N21,n,2.0NRT,15.21,N,0.34,0.56,,,,,,firms,VIIRS,VIIRS_NOAA21_NRT
-8.13732,117.78143,2025-06-17,1741,N21,n,2.0NRT,1.12,N,0.45,0.39,,,,,,firms,VIIRS,VIIRS_NOAA21_NRT
-8.11754,114.05947,2025-06-17,1741,N21,n,2.0NRT,1.53,N,0.39,0.36,,,,,,firms,VIIRS,VIIRS_NOAA21_NRT
-8.11697,114.05594,2025-06-17,1741,N21,n,2.0NRT,1.53,N,0.39,0.36,,,,,,firms,VIIRS,VIIRS_NOAA21_NRT
-8.11052,112.92503,2025-06-17,1741,N21,n,2.0NRT,1.52,N,0.42,0.38,,,,,,firms,VIIRS,VIIRS_NOAA21_NRT
-7.94281,112.95245,2025-06-17,1741,N21,n,2.0NRT,1.53,N,0.42,0.38,,,,,,firms,VIIRS,VIIRS_NOAA21_NRT
-7.70423,108.99323,2025-06-17,1741,N21,n,2.0NRT,2.35,N,0.46,0.47,,,,,,firms,VIIRS,VIIRS_NOAA21_NRT
-7.31295,112.47572,2025-06-17,1741,N21,n,2.0NRT,1.8,N,0.44,0.38,,,,,,firms,VIIRS,VIIRS_NOAA21_NRT
-0.43662,101.61151,2025-06-17,1917,N21,n,2.0NRT,0.65,N,0.45,0.63,,,,,,firms,VIIRS,VIIRS_NOAA21_NRT
0.68209,101.11823,2025-06-17,1917,N21,n,2.0NRT,1.09,N,0.4,0.6,,,,,,firms,VIIRS,VIIRS_NOAA21_NRT
-8.53514,122.77995,2025-06-18,436,N21,n,2.0NRT,7.12,D,0.5,0.66,,,,,,firms,VIIRS,VIIRS_NOAA21_NRT
-8.53155,122.77846,2025-06-18,436,N21,n,2.0NRT,12.96,D,0.5,0.66,,,,,,firms,VIIRS,VIIRS_NOAA21_NRT
-8.53118,122.78146,2025-06-18,436,N21,n,2.0NRT,11.7,D,0.5,0.66,,,,,,firms,VIIRS,VIIRS_NOAA21_NRT
-8.52974,122.77448,2025-06-18,436,N21,n,2.0NRT,13.23,D,0.5,0.66,,,,,,firms,VIIRS,VIIRS_NOAA21_NRT
-8.52894,122.78062,2025-06-18,436,N21,n,2.0NRT,11.69,D,0.5,0.66,,,,,,firms,VIIRS,VIIRS_NOAA21_NRT
-8.52508,122.76332,2025-06-18,436,N21,n,2.0NRT,14.31,D,0.5,0.66,,,,,,firms,VIIRS,VIIRS_NOAA21_NRT
-8.27395,123.50311,2025-06-18,436,N21,h,2.0NRT,14.73,D,0.44,0.63,,,,,,firms,VIIRS,VIIRS_NOAA21_NRT
-1.81657,136.75043,2025-06-18,436,N21,n,2.0NRT,8.42,D,0.55,0.42,,,,,,firms,VIIRS,VIIRS_NOAA21_NRT
-2.00151,121.43052,2025-06-18,438,N21,n,2.0NRT,5.92,D,0.5,0.66,,,,,,firms,VIIRS,VIIRS_NOAA21_NRT
-0.8276,133.07172,2025-06-18,438,N21,n,2.0NRT,3.74,D,0.39,0.36,,,,,,firms,VIIRS,VIIRS_NOAA21_NRT
-0.58334,133.15689,2025-06-18,438,N21,n,2.0NRT,2.51,D,0.39,0.37,,,,,,firms,VIIRS,VIIRS_NOAA21_NRT
-9.80908,120.06262,2025-06-18,616,N21,h,2.0NRT,20.98,D,0.51,0.66,,,,,,firms,VIIRS,VIIRS_NOAA21_NRT
-9.33963,119.93561,2025-06-18,616,N21,n,2.0NRT,7.97,D,0.51,0.66,,,,,,firms,VIIRS,VIIRS_NOAA21_NRT
-9.33931,119.9326,2025-06-18,616,N21,n,2.0NRT,4.39,D,0.51,0.66,,,,,,firms,VIIRS,VIIRS_NOAA21_NRT
-9.33857,119.93662,2025-06-18,616,N21,n,2.0NRT,4.03,D,0.51,0.66,,,,,,firms,VIIRS,VIIRS_NOAA21_NRT
-8.32184,113.72212,2025-06-18,616,N21,n,2.0NRT,6.35,D,0.41,0.45,,,,,,firms,VIIRS,VIIRS_NOAA21_NRT
-8.23236,113.73403,2025-06-18,616,N21,n,2.0NRT,4.09,D,0.41,0.45,,,,,,firms,VIIRS,VIIRS_NOAA21_NRT
-8.11212,112.92755,2025-06-18,616,N21,n,2.0NRT,3.27,D,0.55,0.43,,,,,,firms,VIIRS,VIIRS_NOAA21_NRT
-8.009,110.27552,2025-06-18,616,N21,n,2.0NRT,1.96,D,0.41,0.37,,,,,,firms,VIIRS,VIIRS_NOAA21_NRT
-7.86849,113.93633,2025-06-18,616,N21,n,2.0NRT,2.3,D,0.43,0.46,,,,,,firms,VIIRS,VIIRS_NOAA21_NRT
-6.98405,107.69331,2025-06-18,616,N21,n,2.0NRT,13.13,D,0.39,0.36,,,,,,firms,VIIRS,VIIRS_NOAA21_NRT
-6.98074,107.69281,2025-06-18,616,N21,n,2.0NRT,2.32,D,0.39,0.36,,,,,,firms,VIIRS,VIIRS_NOAA21_NRT
-3.7247,103.71574,2025-06-18,618,N21,n,2.0NRT,3.91,D,0.49,0.4,,,,,,firms,VIIRS,VIIRS_NOAA21_NRT
-2.4585,112.13814,2025-06-18,618,N21,n,2.0NRT,5.25,D,0.4,0.44,,,,,,firms,VIIRS,VIIRS_NOAA21_NRT
-2.44848,112.17245,2025-06-18,618,N21,n,2.0NRT,2.54,D,0.4,0.44,,,,,,firms,VIIRS,VIIRS_NOAA21_NRT
1.69125,99.75396,2025-06-18,620,N21,n,2.0NRT,2.61,D,0.48,0.48,,,,,,firms,VIIRS,VIIRS_NOAA21_NRT
2.84043,97.68407,2025-06-18,620,N21,n,2.0NRT,3.09,D,0.32,0.55,,,,,,firms,VIIRS,VIIRS_NOAA21_NRT
2.86373,103.35905,2025-06-18,620,N21,n,2.0NRT,3.24,D,0.43,0.38,,,,,,firms,VIIRS,VIIRS_NOAA21_NRT
2.89339,97.9772,2025-06-18,620,N21,n,2.0NRT,6.18,D,0.61,0.54,,,,,,firms,VIIRS,VIIRS_NOAA21_NRT
3.02196,97.95028,2025-06-18,620,N21,n,2.0NRT,36.03,D,0.61,0.54,,,,,,firms,VIIRS,VIIRS_NOAA21_NRT
3.0801,97.3934,2025-06-18,620,N21,n,2.0NRT,1.53,D,0.33,0.56,,,,,,firms,VIIRS,VIIRS_NOAA21_NRT
3.29065,113.08781,2025-06-18,620,N21,n,2.0NRT,8.84,D,0.56,0.52,,,,,,firms,VIIRS,VIIRS_NOAA21_NRT
4.38604,96.3309,2025-06-18,620,N21,n,2.0NRT,2.94,D,0.38,0.59,,,,,,firms,VIIRS,VIIRS_NOAA21_NRT
4.39558,96.32239,2025-06-18,620,N21,n,2.0NRT,9.09,D,0.38,0.59,,,,,,firms,VIIRS,VIIRS_NOAA21_NRT
4.39883,96.31995,2025-06-18,620,N21,n,2.0NRT,11.0,D,0.38,0.59,,,,,,firms,VIIRS,VIIRS_NOAA21_NRT
4.56876,95.69583,2025-06-18,620,N21,n,2.0NRT,3.87,D,0.41,0.61,,,,,,firms,VIIRS,VIIRS_NOAA21_NRT
4.60436,95.67363,2025-06-18,620,N21,n,2.0NRT,2.15,D,0.42,0.61,,,,,,firms,VIIRS,VIIRS_NOAA21_NRT
5.29341,95.45526,2025-06-18,620,N21,n,2.0NRT,2.67,D,0.42,0.61,,,,,,firms,VIIRS,VIIRS_NOAA21_NRT
5.35526,95.38936,2025-06-18,620,N21,n,2.0NRT,5.87,D,0.42,0.61,,,,,,firms,VIIRS,VIIRS_NOAA21_NRT
5.37887,95.75671,2025-06-18,620,N21,h,2.0NRT,9.48,D,0.4,0.6,,,,,,firms,VIIRS,VIIRS_NOAA21_NRT
5.37945,95.76012,2025-06-18,620,N21,n,2.0NRT,9.48,D,0.4,0.6,,,,,,firms,VIIRS,VIIRS_NOAA21_NRT
5.3805,95.75862,2025-06-18,620,N21,h,2.0NRT,19.23,D,0.4,0.6,,,,,,firms,VIIRS,VIIRS_NOAA21_NRT
-1.45984,127.43615,2025-06-18,1717,N21,n,2.0NRT,1.18,N,0.47,0.48,,,,,,firms,VIIRS,VIIRS_NOAA21_NRT
-1.45551,127.43694,2025-06-18,1717,N21,n,2.0NRT,0.84,N,0.47,0.48,,,,,,firms,VIIRS,VIIRS_NOAA21_NRT
-8.3304,118.66232,2025-06-18,1720,N21,n,2.0NRT,0.42,N,0.39,0.36,,,,,,firms,VIIRS,VIIRS_NOAA21_NRT
-8.27574,123.50648,2025-06-18,1720,N21,n,2.0NRT,2.15,N,0.5,0.41,,,,,,firms,VIIRS,VIIRS_NOAA21_NRT
-8.27272,123.51176,2025-06-18,1720,N21,n,2.0NRT,2.81,N,0.5,0.41,,,,,,firms,VIIRS,VIIRS_NOAA21_NRT
-8.27196,123.50658,2025-06-18,1720,N21,n,2.0NRT,2.15,N,0.5,0.41,,,,,,firms,VIIRS,VIIRS_NOAA21_NRT
-7.48392,112.35488,2025-06-18,1720,N21,n,2.0NRT,0.75,N,0.57,0.52,,,,,,firms,VIIRS,VIIRS_NOAA21_NRT
-7.48347,112.35722,2025-06-18,1720,N21,n,2.0NRT,0.79,N,0.57,0.52,,,,,,firms,VIIRS,VIIRS_NOAA21_NRT
-7.24291,111.73263,2025-06-18,1720,N21,n,2.0NRT,0.85,N,0.32,0.55,,,,,,firms,VIIRS,VIIRS_NOAA21_NRT
-7.23794,111.73345,2025-06-18,1720,N21,n,2.0NRT,0.81,N,0.32,0.55,,,,,,firms,VIIRS,VIIRS_NOAA21_NRT
-2.94247,115.23318,2025-06-18,1720,N21,n,2.0NRT,0.49,N,0.43,0.46,,,,,,firms,VIIRS,VIIRS_NOAA21_NRT
-2.88048,122.15298,2025-06-18,1720,N21,n,2.0NRT,1.08,N,0.4,0.37,,,,,,firms,VIIRS,VIIRS_NOAA21_NRT
-2.87878,122.16422,2025-06-18,1720,N21,n,2.0NRT,1.91,N,0.4,0.37,,,,,,firms,VIIRS,VIIRS_NOAA21_NRT
-2.87769,122.15711,2025-06-18,1720,N21,n,2.0NRT,0.93,N,0.4,0.37,,,,,,firms,VIIRS,VIIRS_NOAA21_NRT
-2.87544,122.16475,2025-06-18,1720,N21,n,2.0NRT,1.91,N,0.4,0.37,,,,,,firms,VIIRS,VIIRS_NOAA21_NRT
-2.87489,122.1612,2025-06-18,1720,N21,n,2.0NRT,1.91,N,0.4,0.37,,,,,,firms,VIIRS,VIIRS_NOAA21_NRT
-2.86381,122.15237,2025-06-18,1720,N21,n,2.0NRT,3.15,N,0.4,0.37,,,,,,firms,VIIRS,VIIRS_NOAA21_NRT
-2.86158,122.16001,2025-06-18,1720,N21,n,2.0NRT,2.27,N,0.4,0.37,,,,,,firms,VIIRS,VIIRS_NOAA21_NRT
-2.83372,122.17882,2025-06-18,1720,N21,n,2.0NRT,1.7,N,0.4,0.37,,,,,,firms,VIIRS,VIIRS_NOAA21_NRT
-2.83262,122.17176,2025-06-18,1720,N21,n,2.0NRT,2.52,N,0.4,0.37,,,,,,firms,VIIRS,VIIRS_NOAA21_NRT
-2.83152,122.16473,2025-06-18,1720,N21,n,2.0NRT,0.65,N,0.4,0.37,,,,,,firms,VIIRS,VIIRS_NOAA21_NRT
-2.82983,122.17581,2025-06-18,1720,N21,n,2.0NRT,1.7,N,0.4,0.37,,,,,,firms,VIIRS,VIIRS_NOAA21_NRT
-2.82928,122.1723,2025-06-18,1720,N21,n,2.0NRT,2.52,N,0.4,0.37,,,,,,firms,VIIRS,VIIRS_NOAA21_NRT
-2.82704,122.17989,2025-06-18,1720,N21,n,2.0NRT,1.93,N,0.4,0.37,,,,,,firms,VIIRS,VIIRS_NOAA21_NRT
-2.58702,121.38051,2025-06-18,1720,N21,n,2.0NRT,0.58,N,0.39,0.36,,,,,,firms,VIIRS,VIIRS_NOAA21_NRT
-2.58649,121.37708,2025-06-18,1720,N21,n,2.0NRT,0.59,N,0.39,0.36,,,,,,firms,VIIRS,VIIRS_NOAA21_NRT
-2.58595,121.37363,2025-06-18,1720,N21,n,2.0NRT,0.59,N,0.39,0.36,,,,,,firms,VIIRS,VIIRS_NOAA21_NRT
-2.58373,121.38103,2025-06-18,1720,N21,n,2.0NRT,0.58,N,0.39,0.36,,,,,,firms,VIIRS,VIIRS_NOAA21_NRT
-2.58319,121.37757,2025-06-18,1720,N21,n,2.0NRT,0.59,N,0.39,0.36,,,,,,firms,VIIRS,VIIRS_NOAA21_NRT
-2.58266,121.37415,2025-06-18,1720,N21,n,2.0NRT,0.59,N,0.39,0.36,,,,,,firms,VIIRS,VIIRS_NOAA21_NRT
-2.58043,121.38152,2025-06-18,1720,N21,n,2.0NRT,1.89,N,0.39,0.36,,,,,,firms,VIIRS,VIIRS_NOAA21_NRT
-2.57989,121.37809,2025-06-18,1720,N21,n,2.0NRT,2.32,N,0.39,0.36,,,,,,firms,VIIRS,VIIRS_NOAA21_NRT
-2.57936,121.37465,2025-06-18,1720,N21,n,2.0NRT,2.32,N,0.39,0.36,,,,,,firms,VIIRS,VIIRS_NOAA21_NRT
-2.57713,121.38203,2025-06-18,1720,N21,n,2.0NRT,1.89,N,0.39,0.36,,,,,,firms,VIIRS,VIIRS_NOAA21_NRT
-2.5766,121.37859,2025-06-18,1720,N21,n,2.0NRT,2.32,N,0.39,0.36,,,,,,firms,VIIRS,VIIRS_NOAA21_NRT
-2.57606,121.37514,2025-06-18,1720,N21,n,2.0NRT,2.32,N,0.39,0.36,,,,,,firms,VIIRS,VIIRS_NOAA21_NRT
-2.5733,121.37909,2025-06-18,1720,N21,n,2.0NRT,0.45,N,0.39,0.36,,,,,,firms,VIIRS,VIIRS_NOAA21_NRT
-2.57277,121.37566,2025-06-18,1720,N21,n,2.0NRT,0.45,N,0.39,0.36,,,,,,firms,VIIRS,VIIRS_NOAA21_NRT
-2.57,121.37959,2025-06-18,1720,N21,n,2.0NRT,0.45,N,0.39,0.36,,,,,,firms,VIIRS,VIIRS_NOAA21_NRT
-2.10857,119.33575,2025-06-18,1720,N21,n,2.0NRT,0.66,N,0.41,0.37,,,,,,firms,VIIRS,VIIRS_NOAA21_NRT
-8.11378,112.92035,2025-06-18,1722,N21,n,2.0NRT,3.57,N,0.51,0.5,,,,,,firms,VIIRS,VIIRS_NOAA21_NRT
-8.11244,112.92361,2025-06-18,1722,N21,n,2.0NRT,5.65,N,0.51,0.5,,,,,,firms,VIIRS,VIIRS_NOAA21_NRT
-2.44247,133.12973,2025-06-19,417,N21,n,2.0NRT,5.37,D,0.52,0.41,,,,,,firms,VIIRS,VIIRS_NOAA21_NRT
-2.44228,133.13203,2025-06-19,417,N21,n,2.0NRT,4.49,D,0.52,0.41,,,,,,firms,VIIRS,VIIRS_NOAA21_NRT
-1.81949,136.75212,2025-06-19,417,N21,n,2.0NRT,7.35,D,0.38,0.36,,,,,,firms,VIIRS,VIIRS_NOAA21_NRT
-1.81618,136.75163,2025-06-19,417,N21,n,2.0NRT,7.35,D,0.38,0.36,,,,,,firms,VIIRS,VIIRS_NOAA21_NRT
-3.76055,139.39494,2025-06-19,419,N21,n,2.0NRT,15.87,D,0.41,0.37,,,,,,firms,VIIRS,VIIRS_NOAA21_NRT
-3.71913,138.46581,2025-06-19,419,N21,n,2.0NRT,9.16,D,0.39,0.36,,,,,,firms,VIIRS,VIIRS_NOAA21_NRT
-3.68238,138.65923,2025-06-19,419,N21,n,2.0NRT,27.64,D,0.4,0.37,,,,,,firms,VIIRS,VIIRS_NOAA21_NRT
-3.67901,138.6588,2025-06-19,419,N21,n,2.0NRT,27.64,D,0.4,0.37,,,,,,firms,VIIRS,VIIRS_NOAA21_NRT
-3.67235,138.39409,2025-06-19,419,N21,n,2.0NRT,19.36,D,0.39,0.36,,,,,,firms,VIIRS,VIIRS_NOAA21_NRT
-3.66901,138.39372,2025-06-19,419,N21,n,2.0NRT,12.68,D,0.39,0.36,,,,,,firms,VIIRS,VIIRS_NOAA21_NRT
-3.66384,138.47189,2025-06-19,419,N21,n,2.0NRT,4.31,D,0.39,0.36,,,,,,firms,VIIRS,VIIRS_NOAA21_NRT
-3.53247,138.41971,2025-06-19,419,N21,n,2.0NRT,5.88,D,0.39,0.36,,,,,,firms,VIIRS,VIIRS_NOAA21_NRT
-3.51051,138.36322,2025-06-19,419,N21,n,2.0NRT,10.63,D,0.39,0.36,,,,,,firms,VIIRS,VIIRS_NOAA21_NRT
-2.1111,139.24152,2025-06-19,419,N21,n,2.0NRT,2.58,D,0.42,0.38,,,,,,firms,VIIRS,VIIRS_NOAA21_NRT
-9.63887,120.48019,2025-06-19,555,N21,n,2.0NRT,7.58,D,0.53,0.5,,,,,,firms,VIIRS,VIIRS_NOAA21_NRT
-9.63818,120.48315,2025-06-19,555,N21,n,2.0NRT,4.62,D,0.53,0.5,,,,,,firms,VIIRS,VIIRS_NOAA21_NRT
-9.53837,119.77204,2025-06-19,555,N21,n,2.0NRT,8.85,D,0.47,0.48,,,,,,firms,VIIRS,VIIRS_NOAA21_NRT
-9.53785,119.77275,2025-06-19,555,N21,n,2.0NRT,9.58,D,0.47,0.48,,,,,,firms,VIIRS,VIIRS_NOAA21_NRT
-9.371,119.56424,2025-06-19,555,N21,n,2.0NRT,10.14,D,0.46,0.47,,,,,,firms,VIIRS,VIIRS_NOAA21_NRT
-9.36985,119.56158,2025-06-19,555,N21,n,2.0NRT,5.0,D,0.46,0.47,,,,,,firms,VIIRS,VIIRS_NOAA21_NRT
-9.36915,119.56573,2025-06-19,555,N21,n,2.0NRT,5.0,D,0.46,0.47,,,,,,firms,VIIRS,VIIRS_NOAA21_NRT
-8.39387,112.45359,2025-06-19,557,N21,n,2.0NRT,1.75,D,0.39,0.36,,,,,,firms,VIIRS,VIIRS_NOAA21_NRT
-8.34856,112.61865,2025-06-19,557,N21,n,2.0NRT,2.4,D,0.39,0.36,,,,,,firms,VIIRS,VIIRS_NOAA21_NRT
-7.70347,108.9934,2025-06-19,557,N21,n,2.0NRT,4.21,D,0.51,0.41,,,,,,firms,VIIRS,VIIRS_NOAA21_NRT
-0.94565,101.31452,2025-06-19,559,N21,n,2.0NRT,3.24,D,0.44,0.63,,,,,,firms,VIIRS,VIIRS_NOAA21_NRT
-0.857,100.73309,2025-06-19,559,N21,n,2.0NRT,4.16,D,0.49,0.65,,,,,,firms,VIIRS,VIIRS_NOAA21_NRT
3.60667,112.41251,2025-06-19,559,N21,n,2.0NRT,4.06,D,0.41,0.37,,,,,,firms,VIIRS,VIIRS_NOAA21_NRT
2.51649,98.07133,2025-06-19,601,N21,n,2.0NRT,4.7,D,0.66,0.73,,,,,,firms,VIIRS,VIIRS_NOAA21_NRT
2.57426,98.00941,2025-06-19,601,N21,n,2.0NRT,10.55,D,0.66,0.73,,,,,,firms,VIIRS,VIIRS_NOAA21_NRT
2.79416,97.63728,2025-06-19,601,N21,n,2.0NRT,11.22,D,0.7,0.75,,,,,,firms,VIIRS,VIIRS_NOAA21_NRT
2.99765,98.46188,2025-06-19,601,N21,n,2.0NRT,6.5,D,0.61,0.71,,,,,,firms,VIIRS,VIIRS_NOAA21_NRT
2.999,98.46287,2025-06-19,601,N21,n,2.0NRT,5.41,D,0.61,0.71,,,,,,firms,VIIRS,VIIRS_NOAA21_NRT
3.33459,97.86171,2025-06-19,601,N21,n,2.0NRT,6.27,D,0.66,0.73,,,,,,firms,VIIRS,VIIRS_NOAA21_NRT
4.42627,97.28767,2025-06-19,601,N21,n,2.0NRT,16.11,D,0.69,0.75,,,,,,firms,VIIRS,VIIRS_NOAA21_NRT
4.42765,97.28355,2025-06-19,601,N21,n,2.0NRT,9.88,D,0.69,0.74,,,,,,firms,VIIRS,VIIRS_NOAA21_NRT
4.42884,97.29017,2025-06-19,601,N21,n,2.0NRT,11.22,D,0.69,0.74,,,,,,firms,VIIRS,VIIRS_NOAA21_NRT
4.57554,96.88041,2025-06-19,601,N21,n,2.0NRT,6.32,D,0.74,0.76,,,,,,firms,VIIRS,VIIRS_NOAA21_NRT
4.675,113.85699,2025-06-19,601,N21,n,2.0NRT,4.31,D,0.49,0.4,,,,,,firms,VIIRS,VIIRS_NOAA21_NRT
1.39247,97.29504,2025-06-19,741,N21,n,2.0NRT,6.87,D,0.57,0.69,,,,,,firms,VIIRS,VIIRS_NOAA21_NRT
1.39574,97.29454,2025-06-19,741,N21,n,2.0NRT,5.64,D,0.57,0.69,,,,,,firms,VIIRS,VIIRS_NOAA21_NRT
2.39204,98.67401,2025-06-19,741,N21,n,2.0NRT,4.85,D,0.74,0.76,,,,,,firms,VIIRS,VIIRS_NOAA21_NRT
2.39253,98.67318,2025-06-19,741,N21,n,2.0NRT,9.74,D,0.74,0.76,,,,,,firms,VIIRS,VIIRS_NOAA21_NRT
2.57144,98.00727,2025-06-19,741,N21,n,2.0NRT,11.48,D,0.66,0.73,,,,,,firms,VIIRS,VIIRS_NOAA21_NRT
2.57151,97.96004,2025-06-19,741,N21,n,2.0NRT,3.24,D,0.66,0.73,,,,,,firms,VIIRS,VIIRS_NOAA21_NRT
2.57488,98.00657,2025-06-19,741,N21,n,2.0NRT,13.43,D,0.66,0.73,,,,,,firms,VIIRS,VIIRS_NOAA21_NRT
2.65372,97.8241,2025-06-19,741,N21,n,2.0NRT,4.78,D,0.65,0.73,,,,,,firms,VIIRS,VIIRS_NOAA21_NRT
2.68173,97.78501,2025-06-19,741,N21,n,2.0NRT,6.75,D,0.64,0.72,,,,,,firms,VIIRS,VIIRS_NOAA21_NRT
2.68506,97.77561,2025-06-19,741,N21,n,2.0NRT,8.19,D,0.64,0.72,,,,,,firms,VIIRS,VIIRS_NOAA21_NRT
2.69168,97.77461,2025-06-19,741,N21,n,2.0NRT,8.19,D,0.64,0.72,,,,,,firms,VIIRS,VIIRS_NOAA21_NRT
2.69252,97.78035,2025-06-19,741,N21,n,2.0NRT,8.19,D,0.64,0.72,,,,,,firms,VIIRS,VIIRS_NOAA21_NRT
2.69747,97.76791,2025-06-19,741,N21,n,2.0NRT,18.64,D,0.64,0.72,,,,,,firms,VIIRS,VIIRS_NOAA21_NRT
2.69831,97.77363,2025-06-19,741,N21,n,2.0NRT,24.71,D,0.64,0.72,,,,,,firms,VIIRS,VIIRS_NOAA21_NRT
2.78459,97.6371,2025-06-19,741,N21,n,2.0NRT,4.31,D,0.63,0.72,,,,,,firms,VIIRS,VIIRS_NOAA21_NRT
2.79117,97.63613,2025-06-19,741,N21,n,2.0NRT,4.31,D,0.63,0.72,,,,,,firms,VIIRS,VIIRS_NOAA21_NRT
4.46477,97.27424,2025-06-19,741,N21,n,2.0NRT,14.54,D,0.63,0.72,,,,,,firms,VIIRS,VIIRS_NOAA21_NRT
4.53437,95.86103,2025-06-19,741,N21,n,2.0NRT,6.62,D,0.5,0.66,,,,,,firms,VIIRS,VIIRS_NOAA21_NRT
4.535,95.86555,2025-06-19,741,N21,n,2.0NRT,6.86,D,0.5,0.66,,,,,,firms,VIIRS,VIIRS_NOAA21_NRT
4.58233,95.76563,2025-06-19,741,N21,n,2.0NRT,9.13,D,0.5,0.66,,,,,,firms,VIIRS,VIIRS_NOAA21_NRT
4.58473,95.76547,2025-06-19,741,N21,n,2.0NRT,8.18,D,0.5,0.66,,,,,,firms,VIIRS,VIIRS_NOAA21_NRT
4.58723,95.69426,2025-06-19,741,N21,n,2.0NRT,17.35,D,0.49,0.65,,,,,,firms,VIIRS,VIIRS_NOAA21_NRT
4.5903,95.69354,2025-06-19,741,N21,n,2.0NRT,8.2,D,0.49,0.65,,,,,,firms,VIIRS,VIIRS_NOAA21_NRT
4.59094,95.69797,2025-06-19,741,N21,n,2.0NRT,8.2,D,0.49,0.65,,,,,,firms,VIIRS,VIIRS_NOAA21_NRT
4.76371,95.5135,2025-06-19,741,N21,n,2.0NRT,4.32,D,0.48,0.65,,,,,,firms,VIIRS,VIIRS_NOAA21_NRT
1.69775,127.88024,2025-06-19,1658,N21,n,2.0NRT,1.48,N,0.4,0.37,,,,,,firms,VIIRS,VIIRS_NOAA21_NRT
1.69829,127.87674,2025-06-19,1658,N21,n,2.0NRT,12.97,N,0.39,0.37,,,,,,firms,VIIRS,VIIRS_NOAA21_NRT
1.70162,127.87726,2025-06-19,1658,N21,n,2.0NRT,2.01,N,0.39,0.37,,,,,,firms,VIIRS,VIIRS_NOAA21_NRT
2.78141,125.4057,2025-06-19,1658,N21,n,2.0NRT,1.6,N,0.4,0.37,,,,,,firms,VIIRS,VIIRS_NOAA21_NRT
-2.58335,121.37766,2025-06-19,1700,N21,n,2.0NRT,39.92,N,0.54,0.42,,,,,,firms,VIIRS,VIIRS_NOAA21_NRT
-2.58258,121.37296,2025-06-19,1700,N21,n,2.0NRT,16.93,N,0.54,0.42,,,,,,firms,VIIRS,VIIRS_NOAA21_NRT
-2.58126,121.37629,2025-06-19,1700,N21,n,2.0NRT,102.83,N,0.54,0.42,,,,,,firms,VIIRS,VIIRS_NOAA21_NRT
-2.58052,121.37157,2025-06-19,1700,N21,n,2.0NRT,6.07,N,0.54,0.42,,,,,,firms,VIIRS,VIIRS_NOAA21_NRT
-2.5795,121.37831,2025-06-19,1700,N21,n,2.0NRT,39.92,N,0.54,0.42,,,,,,firms,VIIRS,VIIRS_NOAA21_NRT
-2.57874,121.37363,2025-06-19,1700,N21,n,2.0NRT,16.93,N,0.54,0.42,,,,,,firms,VIIRS,VIIRS_NOAA21_NRT
-2.57814,121.38163,2025-06-19,1700,N21,n,2.0NRT,9.56,N,0.54,0.42,,,,,,firms,VIIRS,VIIRS_NOAA21_NRT
-2.57797,121.36891,2025-06-19,1700,N21,n,2.0NRT,16.93,N,0.54,0.42,,,,,,firms,VIIRS,VIIRS_NOAA21_NRT
-2.57741,121.37695,2025-06-19,1700,N21,n,2.0NRT,9.56,N,0.54,0.42,,,,,,firms,VIIRS,VIIRS_NOAA21_NRT
-2.57667,121.37225,2025-06-19,1700,N21,n,2.0NRT,4.26,N,0.54,0.42,,,,,,firms,VIIRS,VIIRS_NOAA21_NRT
-2.57565,121.37895,2025-06-19,1700,N21,n,2.0NRT,4.55,N,0.54,0.42,,,,,,firms,VIIRS,VIIRS_NOAA21_NRT
-2.57181,121.37961,2025-06-19,1700,N21,n,2.0NRT,4.55,N,0.54,0.42,,,,,,firms,VIIRS,VIIRS_NOAA21_NRT
-2.5697,121.3782,2025-06-19,1700,N21,n,2.0NRT,1.96,N,0.54,0.42,,,,,,firms,VIIRS,VIIRS_NOAA21_NRT
-1.56717,127.42823,2025-06-19,1700,N21,n,2.0NRT,0.3,N,0.4,0.37,,,,,,firms,VIIRS,VIIRS_NOAA21_NRT
-1.56662,127.42472,2025-06-19,1700,N21,n,2.0NRT,0.57,N,0.4,0.37,,,,,,firms,VIIRS,VIIRS_NOAA21_NRT
-1.56381,127.42876,2025-06-19,1700,N21,n,2.0NRT,3.66,N,0.4,0.37,,,,,,firms,VIIRS,VIIRS_NOAA21_NRT
-1.56326,127.42522,2025-06-19,1700,N21,n,2.0NRT,3.07,N,0.4,0.37,,,,,,firms,VIIRS,VIIRS_NOAA21_NRT
-1.5599,127.42576,2025-06-19,1700,N21,n,2.0NRT,3.07,N,0.4,0.37,,,,,,firms,VIIRS,VIIRS_NOAA21_NRT
-1.4596,127.43713,2025-06-19,1700,N21,n,2.0NRT,3.2,N,0.4,0.37,,,,,,firms,VIIRS,VIIRS_NOAA21_NRT
-1.45624,127.43765,2025-06-19,1700,N21,n,2.0NRT,2.9,N,0.4,0.37,,,,,,firms,VIIRS,VIIRS_NOAA21_NRT
0.48312,127.98828,2025-06-19,1700,N21,n,2.0NRT,3.16,N,0.4,0.37,,,,,,firms,VIIRS,VIIRS_NOAA21_NRT
0.48649,127.98878,2025-06-19,1700,N21,n,2.0NRT,1.79,N,0.4,0.37,,,,,,firms,VIIRS,VIIRS_NOAA21_NRT
0.48706,127.98516,2025-06-19,1700,N21,n,2.0NRT,1.79,N,0.4,0.37,,,,,,firms,VIIRS,VIIRS_NOAA21_NRT
0.48819,127.9779,2025-06-19,1700,N21,n,2.0NRT,1.59,N,0.4,0.37,,,,,,firms,VIIRS,VIIRS_NOAA21_NRT
0.48874,127.97432,2025-06-19,1700,N21,n,2.0NRT,1.5,N,0.4,0.37,,,,,,firms,VIIRS,VIIRS_NOAA21_NRT
0.49043,127.98566,2025-06-19,1700,N21,n,2.0NRT,1.79,N,0.4,0.37,,,,,,firms,VIIRS,VIIRS_NOAA21_NRT
0.49099,127.98201,2025-06-19,1700,N21,n,2.0NRT,1.59,N,0.4,0.37,,,,,,firms,VIIRS,VIIRS_NOAA21_NRT
0.51107,127.89725,2025-06-19,1700,N21,n,2.0NRT,3.55,N,0.4,0.37,,,,,,firms,VIIRS,VIIRS_NOAA21_NRT
-8.24761,117.9831,2025-06-19,1702,N21,n,2.0NRT,2.29,N,0.49,0.48,,,,,,firms,VIIRS,VIIRS_NOAA21_NRT
-7.30763,107.18699,2025-06-19,1841,N21,n,2.0NRT,1.78,N,0.61,0.53,,,,,,firms,VIIRS,VIIRS_NOAA21_NRT
-0.39356,100.45829,2025-06-19,1841,N21,n,2.0NRT,0.56,N,0.39,0.36,,,,,,firms,VIIRS,VIIRS_NOAA21_NRT
-0.39028,100.45881,2025-06-19,1841,N21,n,2.0NRT,0.56,N,0.39,0.36,,,,,,firms,VIIRS,VIIRS_NOAA21_NRT
-0.12338,100.62612,2025-06-19,1841,N21,n,2.0NRT,0.56,N,0.38,0.36,,,,,,firms,VIIRS,VIIRS_NOAA21_NRT
-0.10992,101.38853,2025-06-19,1841,N21,n,2.0NRT,0.95,N,0.39,0.36,,,,,,firms,VIIRS,VIIRS_NOAA21_NRT
-0.06349,101.26938,2025-06-19,1841,N21,n,2.0NRT,0.61,N,0.38,0.36,,,,,,firms,VIIRS,VIIRS_NOAA21_NRT
0.44131,101.89171,2025-06-19,1841,N21,n,2.0NRT,2.45,N,0.39,0.36,,,,,,firms,VIIRS,VIIRS_NOAA21_NRT
0.67498,100.85608,2025-06-19,1841,N21,n,2.0NRT,0.58,N,0.38,0.36,,,,,,firms,VIIRS,VIIRS_NOAA21_NRT
0.72697,100.10805,2025-06-19,1841,N21,n,2.0NRT,1.73,N,0.39,0.36,,,,,,firms,VIIRS,VIIRS_NOAA21_NRT
1.13049,99.66013,2025-06-19,1841,N21,n,2.0NRT,0.45,N,0.4,0.37,,,,,,firms,VIIRS,VIIRS_NOAA21_NRT
1.6708,101.47536,2025-06-19,1841,N21,n,2.0NRT,1.78,N,0.38,0.36,,,,,,firms,VIIRS,VIIRS_NOAA21_NRT
4.28405,103.42906,2025-06-19,1841,N21,n,2.0NRT,1.38,N,0.4,0.37,,,,,,firms,VIIRS,VIIRS_NOAA21_NRT
4.57454,103.4491,2025-06-19,1841,N21,n,2.0NRT,1.93,N,0.4,0.37,,,,,,firms,VIIRS,VIIRS_NOAA21_NRT
-1.23333,102.44666,2025-06-19,1843,N21,n,2.0NRT,0.94,N,0.41,0.37,,,,,,firms,VIIRS,VIIRS_NOAA21_NRT
-0.72771,101.51057,2025-06-19,1843,N21,n,2.0NRT,0.91,N,0.39,0.36,,,,,,firms,VIIRS,VIIRS_NOAA21_NRT
-4.22195,140.27779,2025-06-20,357,N21,n,2.0NRT,19.66,D,0.42,0.37,,,,,,firms,VIIRS,VIIRS_NOAA21_NRT
-4.20425,140.32491,2025-06-20,357,N21,n,2.0NRT,6.47,D,0.42,0.37,,,,,,firms,VIIRS,VIIRS_NOAA21_NRT
-4.15265,140.22478,2025-06-20,357,N21,n,2.0NRT,2.48,D,0.42,0.38,,,,,,firms,VIIRS,VIIRS_NOAA21_NRT
-4.12648,140.19064,2025-06-20,357,N21,n,2.0NRT,4.24,D,0.42,0.38,,,,,,firms,VIIRS,VIIRS_NOAA21_NRT
-3.99425,140.64963,2025-06-20,357,N21,n,2.0NRT,1.78,D,0.41,0.37,,,,,,firms,VIIRS,VIIRS_NOAA21_NRT
-3.78272,139.37926,2025-06-20,357,N21,n,2.0NRT,9.14,D,0.45,0.39,,,,,,firms,VIIRS,VIIRS_NOAA21_NRT
-3.69862,138.97168,2025-06-20,357,N21,n,2.0NRT,3.59,D,0.47,0.4,,,,,,firms,VIIRS,VIIRS_NOAA21_NRT
-3.57365,138.3777,2025-06-20,357,N21,n,2.0NRT,5.71,D,0.5,0.41,,,,,,firms,VIIRS,VIIRS_NOAA21_NRT
-3.52012,138.39253,2025-06-20,357,N21,n,2.0NRT,5.95,D,0.5,0.41,,,,,,firms,VIIRS,VIIRS_NOAA21_NRT
-1.81926,136.74954,2025-06-20,357,N21,n,2.0NRT,6.8,D,0.4,0.44,,,,,,firms,VIIRS,VIIRS_NOAA21_NRT
-1.81872,136.75304,2025-06-20,357,N21,n,2.0NRT,5.74,D,0.4,0.44,,,,,,firms,VIIRS,VIIRS_NOAA21_NRT
-8.49115,121.60938,2025-06-20,538,N21,n,2.0NRT,7.65,D,0.49,0.4,,,,,,firms,VIIRS,VIIRS_NOAA21_NRT
-8.48302,125.87109,2025-06-20,538,N21,n,2.0NRT,6.01,D,0.61,0.53,,,,,,firms,VIIRS,VIIRS_NOAA21_NRT
-8.41012,124.3524,2025-06-20,538,N21,n,2.0NRT,6.18,D,0.48,0.48,,,,,,firms,VIIRS,VIIRS_NOAA21_NRT
-8.40572,124.35162,2025-06-20,538,N21,n,2.0NRT,6.18,D,0.48,0.48,,,,,,firms,VIIRS,VIIRS_NOAA21_NRT
-7.70147,108.993,2025-06-20,538,N21,n,2.0NRT,2.53,D,0.35,0.57,,,,,,firms,VIIRS,VIIRS_NOAA21_NRT
-7.70104,108.99615,2025-06-20,538,N21,n,2.0NRT,2.53,D,0.35,0.57,,,,,,firms,VIIRS,VIIRS_NOAA21_NRT
-2.65129,121.54591,2025-06-20,540,N21,n,2.0NRT,7.08,D,0.39,0.44,,,,,,firms,VIIRS,VIIRS_NOAA21_NRT
-1.1626,121.56725,2025-06-20,540,N21,n,2.0NRT,4.31,D,0.41,0.45,,,,,,firms,VIIRS,VIIRS_NOAA21_NRT
2.21595,117.01836,2025-06-20,542,N21,n,2.0NRT,5.33,D,0.4,0.37,,,,,,firms,VIIRS,VIIRS_NOAA21_NRT
4.9791,112.98297,2025-06-20,542,N21,n,2.0NRT,3.99,D,0.41,0.37,,,,,,firms,VIIRS,VIIRS_NOAA21_NRT
-2.19617,100.99837,2025-06-20,722,N21,n,2.0NRT,4.27,D,0.42,0.61,,,,,,firms,VIIRS,VIIRS_NOAA21_NRT
-1.40582,101.52975,2025-06-20,722,N21,n,2.0NRT,5.06,D,0.47,0.64,,,,,,firms,VIIRS,VIIRS_NOAA21_NRT
-1.40115,101.52894,2025-06-20,722,N21,n,2.0NRT,5.06,D,0.47,0.64,,,,,,firms,VIIRS,VIIRS_NOAA21_NRT
-1.27304,100.41182,2025-06-20,722,N21,n,2.0NRT,6.17,D,0.4,0.6,,,,,,firms,VIIRS,VIIRS_NOAA21_NRT
-1.27203,100.41074,2025-06-20,722,N21,n,2.0NRT,5.77,D,0.4,0.6,,,,,,firms,VIIRS,VIIRS_NOAA21_NRT
-0.9481,100.74316,2025-06-20,722,N21,n,2.0NRT,4.29,D,0.42,0.61,,,,,,firms,VIIRS,VIIRS_NOAA21_NRT
-0.94752,100.74681,2025-06-20,722,N21,n,2.0NRT,4.29,D,0.42,0.61,,,,,,firms,VIIRS,VIIRS_NOAA21_NRT
-0.88249,101.61555,2025-06-20,722,N21,n,2.0NRT,7.0,D,0.49,0.65,,,,,,firms,VIIRS,VIIRS_NOAA21_NRT
-0.87983,101.61635,2025-06-20,722,N21,n,2.0NRT,5.93,D,0.49,0.65,,,,,,firms,VIIRS,VIIRS_NOAA21_NRT
-0.83282,101.94477,2025-06-20,722,N21,n,2.0NRT,4.97,D,0.51,0.66,,,,,,firms,VIIRS,VIIRS_NOAA21_NRT
0.26469,99.25034,2025-06-20,722,N21,n,2.0NRT,2.18,D,0.35,0.57,,,,,,firms,VIIRS,VIIRS_NOAA21_NRT
0.2877,99.22742,2025-06-20,722,N21,n,2.0NRT,5.41,D,0.35,0.57,,,,,,firms,VIIRS,VIIRS_NOAA21_NRT
1.91852,99.88684,2025-06-20,722,N21,n,2.0NRT,3.9,D,0.41,0.61,,,,,,firms,VIIRS,VIIRS_NOAA21_NRT
1.93496,99.24401,2025-06-20,722,N21,n,2.0NRT,6.27,D,0.37,0.58,,,,,,firms,VIIRS,VIIRS_NOAA21_NRT
2.26613,98.44536,2025-06-20,722,N21,n,2.0NRT,2.45,D,0.33,0.55,,,,,,firms,VIIRS,VIIRS_NOAA21_NRT
2.26697,98.41676,2025-06-20,722,N21,n,2.0NRT,3.58,D,0.33,0.55,,,,,,firms,VIIRS,VIIRS_NOAA21_NRT
2.28032,98.4029,2025-06-20,722,N21,n,2.0NRT,7.52,D,0.33,0.55,,,,,,firms,VIIRS,VIIRS_NOAA21_NRT
2.28403,98.39341,2025-06-20,722,N21,n,2.0NRT,7.08,D,0.33,0.55,,,,,,firms,VIIRS,VIIRS_NOAA21_NRT
2.28454,98.39979,2025-06-20,722,N21,n,2.0NRT,9.49,D,0.33,0.55,,,,,,firms,VIIRS,VIIRS_NOAA21_NRT
2.28488,98.39896,2025-06-20,722,N21,l,2.0NRT,7.52,D,0.33,0.55,,,,,,firms,VIIRS,VIIRS_NOAA21_NRT
2.28868,98.39285,2025-06-20,722,N21,n,2.0NRT,10.61,D,0.33,0.55,,,,,,firms,VIIRS,VIIRS_NOAA21_NRT
2.28894,98.39188,2025-06-20,722,N21,n,2.0NRT,6.99,D,0.33,0.55,,,,,,firms,VIIRS,VIIRS_NOAA21_NRT
2.28948,98.39834,2025-06-20,722,N21,n,2.0NRT,9.49,D,0.33,0.55,,,,,,firms,VIIRS,VIIRS_NOAA21_NRT
2.2898,98.39745,2025-06-20,722,N21,n,2.0NRT,2.38,D,0.33,0.55,,,,,,firms,VIIRS,VIIRS_NOAA21_NRT
4.05295,96.98502,2025-06-20,724,N21,n,2.0NRT,10.23,D,0.56,0.51,,,,,,firms,VIIRS,VIIRS_NOAA21_NRT
5.08902,96.52903,2025-06-20,724,N21,n,2.0NRT,7.79,D,0.53,0.5,,,,,,firms,VIIRS,VIIRS_NOAA21_NRT
0.47992,127.9888,2025-06-20,1639,N21,n,2.0NRT,3.46,N,0.47,0.4,,,,,,firms,VIIRS,VIIRS_NOAA21_NRT
0.48096,128.00607,2025-06-20,1639,N21,n,2.0NRT,2.36,N,0.47,0.39,,,,,,firms,VIIRS,VIIRS_NOAA21_NRT
0.48159,128.00192,2025-06-20,1639,N21,n,2.0NRT,2.36,N,0.47,0.39,,,,,,firms,VIIRS,VIIRS_NOAA21_NRT
0.48224,127.99774,2025-06-20,1639,N21,n,2.0NRT,3.9,N,0.47,0.39,,,,,,firms,VIIRS,VIIRS_NOAA21_NRT
0.48901,127.97775,2025-06-20,1639,N21,n,2.0NRT,3.31,N,0.47,0.4,,,,,,firms,VIIRS,VIIRS_NOAA21_NRT
0.48966,127.97356,2025-06-20,1639,N21,n,2.0NRT,3.17,N,0.47,0.4,,,,,,firms,VIIRS,VIIRS_NOAA21_NRT
1.49358,127.63028,2025-06-20,1639,N21,n,2.0NRT,3.5,N,0.5,0.41,,,,,,firms,VIIRS,VIIRS_NOAA21_NRT
1.4953,127.63137,2025-06-20,1639,N21,n,2.0NRT,2.83,N,0.5,0.41,,,,,,firms,VIIRS,VIIRS_NOAA21_NRT
2.7807,125.40503,2025-06-20,1639,N21,n,2.0NRT,1.02,N,0.48,0.48,,,,,,firms,VIIRS,VIIRS_NOAA21_NRT
-8.5405,122.76522,2025-06-20,1643,N21,n,2.0NRT,3.83,N,0.48,0.48,,,,,,firms,VIIRS,VIIRS_NOAA21_NRT
-8.53614,122.76611,2025-06-20,1643,N21,n,2.0NRT,9.64,N,0.48,0.48,,,,,,firms,VIIRS,VIIRS_NOAA21_NRT
-8.53524,122.76089,2025-06-20,1643,N21,n,2.0NRT,5.54,N,0.48,0.48,,,,,,firms,VIIRS,VIIRS_NOAA21_NRT
-8.48488,125.87264,2025-06-20,1643,N21,n,2.0NRT,1.87,N,0.47,0.4,,,,,,firms,VIIRS,VIIRS_NOAA21_NRT
-8.48188,125.87704,2025-06-20,1643,N21,n,2.0NRT,1.7,N,0.47,0.4,,,,,,firms,VIIRS,VIIRS_NOAA21_NRT
-8.27645,123.50642,2025-06-20,1643,N21,n,2.0NRT,26.64,N,0.43,0.46,,,,,,firms,VIIRS,VIIRS_NOAA21_NRT
-8.27579,123.50259,2025-06-20,1643,N21,n,2.0NRT,51.26,N,0.43,0.46,,,,,,firms,VIIRS,VIIRS_NOAA21_NRT
-8.27237,123.50769,2025-06-20,1643,N21,n,2.0NRT,26.64,N,0.43,0.46,,,,,,firms,VIIRS,VIIRS_NOAA21_NRT
-8.27174,123.50412,2025-06-20,1643,N21,n,2.0NRT,51.26,N,0.43,0.46,,,,,,firms,VIIRS,VIIRS_NOAA21_NRT
-8.2714,123.50764,2025-06-20,1643,N21,n,2.0NRT,37.69,N,0.43,0.46,,,,,,firms,VIIRS,VIIRS_NOAA21_NRT
-8.27078,123.50392,2025-06-20,1643,N21,n,2.0NRT,54.41,N,0.43,0.46,,,,,,firms,VIIRS,VIIRS_NOAA21_NRT
-8.2257,124.08615,2025-06-20,1643,N21,n,2.0NRT,5.24,N,0.4,0.44,,,,,,firms,VIIRS,VIIRS_NOAA21_NRT
-8.22511,124.08259,2025-06-20,1643,N21,n,2.0NRT,5.24,N,0.4,0.44,,,,,,firms,VIIRS,VIIRS_NOAA21_NRT
3.27584,113.07562,2025-06-20,1819,N21,n,2.0NRT,2.0,N,0.5,0.49,,,,,,firms,VIIRS,VIIRS_NOAA21_NRT
3.27729,113.06675,2025-06-20,1819,N21,n,2.0NRT,8.33,N,0.5,0.49,,,,,,firms,VIIRS,VIIRS_NOAA21_NRT
3.278,113.06243,2025-06-20,1819,N21,n,2.0NRT,6.59,N,0.5,0.49,,,,,,firms,VIIRS,VIIRS_NOAA21_NRT
3.28332,113.08604,2025-06-20,1819,N21,n,2.0NRT,2.55,N,0.5,0.49,,,,,,firms,VIIRS,VIIRS_NOAA21_NRT
3.28403,113.08166,2025-06-20,1819,N21,n,2.0NRT,3.87,N,0.5,0.49,,,,,,firms,VIIRS,VIIRS_NOAA21_NRT
3.28777,113.08691,2025-06-20,1819,N21,n,2.0NRT,5.28,N,0.5,0.49,,,,,,firms,VIIRS,VIIRS_NOAA21_NRT
3.28849,113.0825,2025-06-20,1819,N21,n,2.0NRT,8.0,N,0.5,0.49,,,,,,firms,VIIRS,VIIRS_NOAA21_NRT
3.29151,113.09212,2025-06-20,1819,N21,n,2.0NRT,5.28,N,0.5,0.49,,,,,,firms,VIIRS,VIIRS_NOAA21_NRT
3.60611,112.41173,2025-06-20,1819,N21,n,2.0NRT,7.6,N,0.45,0.47,,,,,,firms,VIIRS,VIIRS_NOAA21_NRT
4.67098,114.46092,2025-06-20,1819,N21,n,2.0NRT,7.36,N,0.6,0.53,,,,,,firms,VIIRS,VIIRS_NOAA21_NRT
4.97687,112.98195,2025-06-20,1819,N21,n,2.0NRT,11.79,N,0.47,0.48,,,,,,firms,VIIRS,VIIRS_NOAA21_NRT
5.21018,114.74111,2025-06-20,1819,N21,n,2.0NRT,2.6,N,0.61,0.53,,,,,,firms,VIIRS,VIIRS_NOAA21_NRT
5.21503,114.74197,2025-06-20,1819,N21,n,2.0NRT,2.6,N,0.61,0.53,,,,,,firms,VIIRS,VIIRS_NOAA21_NRT
5.87694,114.29733,2025-06-20,1819,N21,n,2.0NRT,8.12,N,0.55,0.51,,,,,,firms,VIIRS,VIIRS_NOAA21_NRT
-3.72531,103.71642,2025-06-20,1821,N21,n,2.0NRT,0.86,N,0.39,0.37,,,,,,firms,VIIRS,VIIRS_NOAA21_NRT
-2.06355,115.57018,2025-06-20,1821,N21,n,2.0NRT,1.26,N,0.46,0.63,,,,,,firms,VIIRS,VIIRS_NOAA21_NRT
-1.17549,103.3596,2025-06-20,1821,N21,n,2.0NRT,0.73,N,0.42,0.38,,,,,,firms,VIIRS,VIIRS_NOAA21_NRT
-1.16855,103.33766,2025-06-20,1821,N21,n,2.0NRT,1.13,N,0.42,0.38,,,,,,firms,VIIRS,VIIRS_NOAA21_NRT
-0.98864,103.33422,2025-06-20,1821,N21,n,2.0NRT,0.55,N,0.42,0.38,,,,,,firms,VIIRS,VIIRS_NOAA21_NRT
-0.90484,101.40092,2025-06-20,1821,N21,n,2.0NRT,0.9,N,0.52,0.42,,,,,,firms,VIIRS,VIIRS_NOAA21_NRT
-0.90401,101.39767,2025-06-20,1821,N21,n,2.0NRT,0.92,N,0.52,0.42,,,,,,firms,VIIRS,VIIRS_NOAA21_NRT
-0.84445,101.23802,2025-06-20,1821,N21,n,2.0NRT,1.4,N,0.53,0.42,,,,,,firms,VIIRS,VIIRS_NOAA21_NRT
-0.75347,100.62768,2025-06-20,1821,N21,n,2.0NRT,1.44,N,0.39,0.44,,,,,,firms,VIIRS,VIIRS_NOAA21_NRT
-0.45627,101.83014,2025-06-20,1821,N21,n,2.0NRT,0.84,N,0.5,0.41,,,,,,firms,VIIRS,VIIRS_NOAA21_NRT
0.2165,100.50612,2025-06-20,1821,N21,n,2.0NRT,1.89,N,0.41,0.45,,,,,,firms,VIIRS,VIIRS_NOAA21_NRT
0.2168,100.50549,2025-06-20,1821,N21,n,2.0NRT,1.54,N,0.41,0.45,,,,,,firms,VIIRS,VIIRS_NOAA21_NRT
0.23629,99.70578,2025-06-20,1821,N21,n,2.0NRT,0.82,N,0.46,0.47,,,,,,firms,VIIRS,VIIRS_NOAA21_NRT
0.2386,99.70508,2025-06-20,1821,N21,n,2.0NRT,0.95,N,0.46,0.47,,,,,,firms,VIIRS,VIIRS_NOAA21_NRT
0.44177,101.89439,2025-06-20,1821,N21,n,2.0NRT,2.42,N,0.51,0.41,,,,,,firms,VIIRS,VIIRS_NOAA21_NRT
0.44249,101.88987,2025-06-20,1821,N21,n,2.0NRT,2.83,N,0.51,0.41,,,,,,firms,VIIRS,VIIRS_NOAA21_NRT
0.44309,101.89268,2025-06-20,1821,N21,n,2.0NRT,4.0,N,0.51,0.41,,,,,,firms,VIIRS,VIIRS_NOAA21_NRT
0.53421,101.60368,2025-06-20,1821,N21,n,2.0NRT,1.01,N,0.53,0.42,,,,,,firms,VIIRS,VIIRS_NOAA21_NRT
0.68181,101.11768,2025-06-20,1821,N21,n,2.0NRT,1.56,N,0.57,0.43,,,,,,firms,VIIRS,VIIRS_NOAA21_NRT
0.79304,100.47149,2025-06-20,1821,N21,n,2.0NRT,1.06,N,0.42,0.45,,,,,,firms,VIIRS,VIIRS_NOAA21_NRT
0.84479,101.39303,2025-06-20,1821,N21,n,2.0NRT,1.12,N,0.55,0.43,,,,,,firms,VIIRS,VIIRS_NOAA21_NRT
0.8482,101.39106,2025-06-20,1821,N21,n,2.0NRT,1.41,N,0.55,0.43,,,,,,firms,VIIRS,VIIRS_NOAA21_NRT
1.23655,103.6769,2025-06-20,1821,N21,n,2.0NRT,2.17,N,0.43,0.38,,,,,,firms,VIIRS,VIIRS_NOAA21_NRT
1.37547,104.15599,2025-06-20,1821,N21,n,2.0NRT,2.71,N,0.41,0.37,,,,,,firms,VIIRS,VIIRS_NOAA21_NRT
1.37605,104.15232,2025-06-20,1821,N21,n,2.0NRT,2.26,N,0.41,0.37,,,,,,firms,VIIRS,VIIRS_NOAA21_NRT
1.3783,104.16017,2025-06-20,1821,N21,n,2.0NRT,2.99,N,0.41,0.37,,,,,,firms,VIIRS,VIIRS_NOAA21_NRT
1.67206,101.47423,2025-06-20,1821,N21,n,2.0NRT,3.83,N,0.56,0.43,,,,,,firms,VIIRS,VIIRS_NOAA21_NRT
1.84752,100.96418,2025-06-20,1821,N21,n,2.0NRT,0.52,N,0.4,0.44,,,,,,firms,VIIRS,VIIRS_NOAA21_NRT
-8.11763,114.05659,2025-06-20,1824,N21,n,2.0NRT,1.71,N,0.44,0.63,,,,,,firms,VIIRS,VIIRS_NOAA21_NRT
-7.54423,110.4444,2025-06-20,1824,N21,n,2.0NRT,3.98,N,0.49,0.48,,,,,,firms,VIIRS,VIIRS_NOAA21_NRT
-7.24375,111.73389,2025-06-20,1824,N21,n,2.0NRT,0.96,N,0.59,0.53,,,,,,firms,VIIRS,VIIRS_NOAA21_NRT
-7.24103,109.21596,2025-06-20,1824,N21,n,2.0NRT,0.91,N,0.4,0.44,,,,,,firms,VIIRS,VIIRS_NOAA21_NRT
-6.54872,108.09623,2025-06-20,1824,N21,n,2.0NRT,1.33,N,0.5,0.41,,,,,,firms,VIIRS,VIIRS_NOAA21_NRT
-9.77136,120.37955,2025-06-21,521,N21,n,2.0NRT,3.81,D,0.44,0.38,,,,,,firms,VIIRS,VIIRS_NOAA21_NRT
-9.65929,119.95286,2025-06-21,521,N21,n,2.0NRT,2.82,D,0.45,0.39,,,,,,firms,VIIRS,VIIRS_NOAA21_NRT
-9.65385,119.94829,2025-06-21,521,N21,n,2.0NRT,2.89,D,0.45,0.39,,,,,,firms,VIIRS,VIIRS_NOAA21_NRT
-9.58532,119.94243,2025-06-21,521,N21,n,2.0NRT,5.07,D,0.45,0.39,,,,,,firms,VIIRS,VIIRS_NOAA21_NRT
-9.55731,119.93409,2025-06-21,521,N21,n,2.0NRT,2.58,D,0.45,0.39,,,,,,firms,VIIRS,VIIRS_NOAA21_NRT
-9.50645,119.88924,2025-06-21,521,N21,n,2.0NRT,10.2,D,0.46,0.39,,,,,,firms,VIIRS,VIIRS_NOAA21_NRT
-9.46331,119.80682,2025-06-21,521,N21,n,2.0NRT,9.34,D,0.46,0.39,,,,,,firms,VIIRS,VIIRS_NOAA21_NRT
-9.46031,119.80209,2025-06-21,521,N21,n,2.0NRT,6.65,D,0.46,0.39,,,,,,firms,VIIRS,VIIRS_NOAA21_NRT
-9.41398,119.93054,2025-06-21,521,N21,n,2.0NRT,19.55,D,0.45,0.39,,,,,,firms,VIIRS,VIIRS_NOAA21_NRT
-9.41338,119.93468,2025-06-21,521,N21,l,2.0NRT,1.76,D,0.45,0.39,,,,,,firms,VIIRS,VIIRS_NOAA21_NRT
-9.31282,124.83144,2025-06-21,521,N21,n,2.0NRT,2.3,D,0.41,0.37,,,,,,firms,VIIRS,VIIRS_NOAA21_NRT
-8.77613,120.83751,2025-06-21,521,N21,n,2.0NRT,3.0,D,0.41,0.37,,,,,,firms,VIIRS,VIIRS_NOAA21_NRT
-8.68345,118.04999,2025-06-21,521,N21,n,2.0NRT,6.33,D,0.56,0.43,,,,,,firms,VIIRS,VIIRS_NOAA21_NRT
-5.16139,119.4277,2025-06-21,521,N21,n,2.0NRT,3.06,D,0.43,0.38,,,,,,firms,VIIRS,VIIRS_NOAA21_NRT
-4.59516,121.65894,2025-06-21,521,N21,n,2.0NRT,2.55,D,0.38,0.36,,,,,,firms,VIIRS,VIIRS_NOAA21_NRT
-3.9017,122.41576,2025-06-21,521,N21,n,2.0NRT,2.91,D,0.39,0.36,,,,,,firms,VIIRS,VIIRS_NOAA21_NRT
-3.87233,122.4077,2025-06-21,521,N21,n,2.0NRT,6.74,D,0.39,0.36,,,,,,firms,VIIRS,VIIRS_NOAA21_NRT
-3.87008,122.40023,2025-06-21,521,N21,n,2.0NRT,4.23,D,0.39,0.36,,,,,,firms,VIIRS,VIIRS_NOAA21_NRT
-3.86954,122.40371,2025-06-21,521,N21,n,2.0NRT,4.23,D,0.39,0.36,,,,,,firms,VIIRS,VIIRS_NOAA21_NRT
-3.45628,119.41186,2025-06-21,521,N21,n,2.0NRT,2.6,D,0.42,0.38,,,,,,firms,VIIRS,VIIRS_NOAA21_NRT
-2.22573,115.95235,2025-06-21,523,N21,n,2.0NRT,37.1,D,0.41,0.45,,,,,,firms,VIIRS,VIIRS_NOAA21_NRT
-2.21012,115.50043,2025-06-21,523,N21,n,2.0NRT,4.79,D,0.44,0.46,,,,,,firms,VIIRS,VIIRS_NOAA21_NRT
-2.05343,116.41463,2025-06-21,523,N21,n,2.0NRT,5.31,D,0.38,0.43,,,,,,firms,VIIRS,VIIRS_NOAA21_NRT
-2.05076,116.41373,2025-06-21,523,N21,n,2.0NRT,3.78,D,0.57,0.43,,,,,,firms,VIIRS,VIIRS_NOAA21_NRT
-2.03462,110.60906,2025-06-21,523,N21,n,2.0NRT,5.5,D,0.48,0.64,,,,,,firms,VIIRS,VIIRS_NOAA21_NRT
-1.89394,115.86509,2025-06-21,523,N21,n,2.0NRT,5.7,D,0.41,0.45,,,,,,firms,VIIRS,VIIRS_NOAA21_NRT
-1.82485,116.04419,2025-06-21,523,N21,n,2.0NRT,6.46,D,0.4,0.44,,,,,,firms,VIIRS,VIIRS_NOAA21_NRT
-0.72261,114.54327,2025-06-21,523,N21,n,2.0NRT,3.69,D,0.48,0.48,,,,,,firms,VIIRS,VIIRS_NOAA21_NRT
0.59067,116.77014,2025-06-21,523,N21,n,2.0NRT,4.05,D,0.51,0.41,,,,,,firms,VIIRS,VIIRS_NOAA21_NRT
3.28759,113.08188,2025-06-21,523,N21,n,2.0NRT,10.82,D,0.53,0.5,,,,,,firms,VIIRS,VIIRS_NOAA21_NRT
3.28768,113.08434,2025-06-21,523,N21,n,2.0NRT,13.11,D,0.53,0.5,,,,,,firms,VIIRS,VIIRS_NOAA21_NRT
3.60362,112.40971,2025-06-21,525,N21,n,2.0NRT,4.8,D,0.58,0.52,,,,,,firms,VIIRS,VIIRS_NOAA21_NRT
3.60842,112.41245,2025-06-21,525,N21,n,2.0NRT,5.25,D,0.58,0.52,,,,,,firms,VIIRS,VIIRS_NOAA21_NRT
-3.48452,102.07722,2025-06-21,701,N21,n,2.0NRT,7.97,D,0.45,0.47,,,,,,firms,VIIRS,VIIRS_NOAA21_NRT
-3.2123,101.8564,2025-06-21,701,N21,n,2.0NRT,26.48,D,0.44,0.46,,,,,,firms,VIIRS,VIIRS_NOAA21_NRT
-3.17499,102.08832,2025-06-21,701,N21,n,2.0NRT,10.47,D,0.45,0.47,,,,,,firms,VIIRS,VIIRS_NOAA21_NRT
-3.10574,101.89941,2025-06-21,701,N21,n,2.0NRT,4.03,D,0.44,0.46,,,,,,firms,VIIRS,VIIRS_NOAA21_NRT
-3.10043,102.1256,2025-06-21,701,N21,n,2.0NRT,65.97,D,0.46,0.47,,,,,,firms,VIIRS,VIIRS_NOAA21_NRT
-3.09666,102.12155,2025-06-21,701,N21,n,2.0NRT,131.37,D,0.46,0.47,,,,,,firms,VIIRS,VIIRS_NOAA21_NRT
-3.08541,101.78355,2025-06-21,701,N21,n,2.0NRT,1.7,D,0.43,0.46,,,,,,firms,VIIRS,VIIRS_NOAA21_NRT
-2.8193,101.52202,2025-06-21,701,N21,n,2.0NRT,2.41,D,0.42,0.45,,,,,,firms,VIIRS,VIIRS_NOAA21_NRT
-2.79861,106.22005,2025-06-21,701,N21,n,2.0NRT,4.52,D,0.44,0.63,,,,,,firms,VIIRS,VIIRS_NOAA21_NRT
-2.79694,106.21957,2025-06-21,701,N21,n,2.0NRT,4.45,D,0.44,0.63,,,,,,firms,VIIRS,VIIRS_NOAA21_NRT
-2.7115,101.36046,2025-06-21,701,N21,n,2.0NRT,5.02,D,0.41,0.45,,,,,,firms,VIIRS,VIIRS_NOAA21_NRT
-2.70904,101.35702,2025-06-21,701,N21,n,2.0NRT,6.1,D,0.41,0.45,,,,,,firms,VIIRS,VIIRS_NOAA21_NRT
-2.68329,103.30147,2025-06-21,701,N21,n,2.0NRT,9.51,D,0.56,0.51,,,,,,firms,VIIRS,VIIRS_NOAA21_NRT
-2.60147,101.18987,2025-06-21,701,N21,n,2.0NRT,3.66,D,0.4,0.45,,,,,,firms,VIIRS,VIIRS_NOAA21_NRT
-2.57087,102.07751,2025-06-21,701,N21,n,2.0NRT,5.63,D,0.46,0.47,,,,,,firms,VIIRS,VIIRS_NOAA21_NRT
-2.57023,102.08162,2025-06-21,701,N21,n,2.0NRT,5.63,D,0.46,0.47,,,,,,firms,VIIRS,VIIRS_NOAA21_NRT
-2.50001,102.07635,2025-06-21,701,N21,n,2.0NRT,22.29,D,0.46,0.47,,,,,,firms,VIIRS,VIIRS_NOAA21_NRT
-2.49567,102.07567,2025-06-21,701,N21,n,2.0NRT,14.12,D,0.46,0.47,,,,,,firms,VIIRS,VIIRS_NOAA21_NRT
-2.44749,102.06109,2025-06-21,701,N21,n,2.0NRT,5.65,D,0.46,0.47,,,,,,firms,VIIRS,VIIRS_NOAA21_NRT
-2.43421,101.34949,2025-06-21,701,N21,n,2.0NRT,24.88,D,0.42,0.45,,,,,,firms,VIIRS,VIIRS_NOAA21_NRT
-2.41705,102.05692,2025-06-21,701,N21,n,2.0NRT,4.09,D,0.46,0.47,,,,,,firms,VIIRS,VIIRS_NOAA21_NRT
-2.35913,102.50401,2025-06-21,701,N21,n,2.0NRT,8.0,D,0.5,0.49,,,,,,firms,VIIRS,VIIRS_NOAA21_NRT
-2.34216,101.19327,2025-06-21,701,N21,n,2.0NRT,5.05,D,0.41,0.45,,,,,,firms,VIIRS,VIIRS_NOAA21_NRT
-2.30476,101.21689,2025-06-21,701,N21,n,2.0NRT,6.02,D,0.41,0.45,,,,,,firms,VIIRS,VIIRS_NOAA21_NRT
-2.30418,101.22052,2025-06-21,701,N21,n,2.0NRT,7.62,D,0.41,0.45,,,,,,firms,VIIRS,VIIRS_NOAA21_NRT
-2.22085,101.01128,2025-06-21,701,N21,n,2.0NRT,17.02,D,0.4,0.44,,,,,,firms,VIIRS,VIIRS_NOAA21_NRT
-2.22054,101.01076,2025-06-21,701,N21,n,2.0NRT,16.95,D,0.4,0.44,,,,,,firms,VIIRS,VIIRS_NOAA21_NRT
-2.21244,101.00946,2025-06-21,701,N21,n,2.0NRT,3.07,D,0.4,0.44,,,,,,firms,VIIRS,VIIRS_NOAA21_NRT
-2.20653,100.99392,2025-06-21,701,N21,n,2.0NRT,5.9,D,0.4,0.44,,,,,,firms,VIIRS,VIIRS_NOAA21_NRT
-2.19788,100.9962,2025-06-21,701,N21,n,2.0NRT,4.23,D,0.4,0.44,,,,,,firms,VIIRS,VIIRS_NOAA21_NRT
-2.1718,102.09561,2025-06-21,701,N21,n,2.0NRT,3.19,D,0.47,0.48,,,,,,firms,VIIRS,VIIRS_NOAA21_NRT
-2.15407,101.14317,2025-06-21,701,N21,n,2.0NRT,4.4,D,0.41,0.45,,,,,,firms,VIIRS,VIIRS_NOAA21_NRT
-2.135,102.18197,2025-06-21,701,N21,n,2.0NRT,4.33,D,0.48,0.48,,,,,,firms,VIIRS,VIIRS_NOAA21_NRT
-2.06326,105.92836,2025-06-21,701,N21,n,2.0NRT,7.78,D,0.43,0.62,,,,,,firms,VIIRS,VIIRS_NOAA21_NRT
-2.04825,101.04617,2025-06-21,701,N21,n,2.0NRT,7.83,D,0.4,0.45,,,,,,firms,VIIRS,VIIRS_NOAA21_NRT
-2.03678,105.91206,2025-06-21,701,N21,n,2.0NRT,4.52,D,0.43,0.62,,,,,,firms,VIIRS,VIIRS_NOAA21_NRT
-2.02663,101.07715,2025-06-21,701,N21,n,2.0NRT,9.22,D,0.41,0.45,,,,,,firms,VIIRS,VIIRS_NOAA21_NRT
-2.01356,100.97411,2025-06-21,701,N21,n,2.0NRT,2.56,D,0.4,0.44,,,,,,firms,VIIRS,VIIRS_NOAA21_NRT
-1.96956,101.43652,2025-06-21,701,N21,n,2.0NRT,7.23,D,0.43,0.46,,,,,,firms,VIIRS,VIIRS_NOAA21_NRT
-1.95223,100.96746,2025-06-21,701,N21,n,2.0NRT,2.48,D,0.4,0.44,,,,,,firms,VIIRS,VIIRS_NOAA21_NRT
-1.95171,100.97077,2025-06-21,701,N21,n,2.0NRT,4.67,D,0.4,0.44,,,,,,firms,VIIRS,VIIRS_NOAA21_NRT
-1.85119,102.00533,2025-06-21,701,N21,n,2.0NRT,5.77,D,0.47,0.48,,,,,,firms,VIIRS,VIIRS_NOAA21_NRT
-1.84028,100.96281,2025-06-21,701,N21,n,2.0NRT,3.3,D,0.4,0.44,,,,,,firms,VIIRS,VIIRS_NOAA21_NRT
-1.62614,105.47928,2025-06-21,701,N21,n,2.0NRT,4.21,D,0.41,0.61,,,,,,firms,VIIRS,VIIRS_NOAA21_NRT
-1.62545,105.48022,2025-06-21,701,N21,n,2.0NRT,3.47,D,0.41,0.61,,,,,,firms,VIIRS,VIIRS_NOAA21_NRT
-1.51403,100.66933,2025-06-21,701,N21,n,2.0NRT,4.05,D,0.39,0.44,,,,,,firms,VIIRS,VIIRS_NOAA21_NRT
-1.51002,100.66868,2025-06-21,701,N21,n,2.0NRT,1.41,D,0.39,0.44,,,,,,firms,VIIRS,VIIRS_NOAA21_NRT
-1.48951,100.72211,2025-06-21,701,N21,n,2.0NRT,2.34,D,0.39,0.44,,,,,,firms,VIIRS,VIIRS_NOAA21_NRT
-1.44618,100.68314,2025-06-21,701,N21,n,2.0NRT,9.06,D,0.39,0.44,,,,,,firms,VIIRS,VIIRS_NOAA21_NRT
-1.44566,100.68641,2025-06-21,701,N21,n,2.0NRT,10.63,D,0.39,0.44,,,,,,firms,VIIRS,VIIRS_NOAA21_NRT
-1.26976,101.36416,2025-06-21,701,N21,n,2.0NRT,4.06,D,0.43,0.46,,,,,,firms,VIIRS,VIIRS_NOAA21_NRT
-1.26755,100.41245,2025-06-21,701,N21,n,2.0NRT,18.29,D,0.57,0.43,,,,,,firms,VIIRS,VIIRS_NOAA21_NRT
-1.25803,100.8723,2025-06-21,701,N21,n,2.0NRT,3.72,D,0.4,0.45,,,,,,firms,VIIRS,VIIRS_NOAA21_NRT
-1.22308,101.81881,2025-06-21,701,N21,n,2.0NRT,3.46,D,0.47,0.47,,,,,,firms,VIIRS,VIIRS_NOAA21_NRT
-1.22173,101.81923,2025-06-21,701,N21,n,2.0NRT,5.36,D,0.47,0.48,,,,,,firms,VIIRS,VIIRS_NOAA21_NRT
-1.20309,101.56911,2025-06-21,701,N21,n,2.0NRT,16.95,D,0.45,0.47,,,,,,firms,VIIRS,VIIRS_NOAA21_NRT
-1.20309,102.76184,2025-06-21,701,N21,n,2.0NRT,16.8,D,0.54,0.51,,,,,,firms,VIIRS,VIIRS_NOAA21_NRT
-1.19994,102.75928,2025-06-21,701,N21,n,2.0NRT,13.64,D,0.54,0.51,,,,,,firms,VIIRS,VIIRS_NOAA21_NRT
-1.19918,102.76426,2025-06-21,701,N21,n,2.0NRT,18.67,D,0.54,0.51,,,,,,firms,VIIRS,VIIRS_NOAA21_NRT
-1.19847,102.76096,2025-06-21,701,N21,n,2.0NRT,16.8,D,0.54,0.51,,,,,,firms,VIIRS,VIIRS_NOAA21_NRT
-1.19104,102.8177,2025-06-21,701,N21,n,2.0NRT,2.54,D,0.55,0.51,,,,,,firms,VIIRS,VIIRS_NOAA21_NRT
-1.17361,101.58922,2025-06-21,701,N21,n,2.0NRT,26.63,D,0.45,0.47,,,,,,firms,VIIRS,VIIRS_NOAA21_NRT
-1.13399,101.75471,2025-06-21,701,N21,n,2.0NRT,3.07,D,0.46,0.47,,,,,,firms,VIIRS,VIIRS_NOAA21_NRT
-1.13216,101.75508,2025-06-21,701,N21,n,2.0NRT,3.49,D,0.46,0.47,,,,,,firms,VIIRS,VIIRS_NOAA21_NRT
-1.00362,101.21317,2025-06-21,701,N21,n,2.0NRT,2.5,D,0.43,0.46,,,,,,firms,VIIRS,VIIRS_NOAA21_NRT
-1.0024,101.21292,2025-06-21,701,N21,n,2.0NRT,2.71,D,0.43,0.46,,,,,,firms,VIIRS,VIIRS_NOAA21_NRT
-0.94782,100.74824,2025-06-21,701,N21,n,2.0NRT,3.99,D,0.4,0.44,,,,,,firms,VIIRS,VIIRS_NOAA21_NRT
-0.92387,101.30402,2025-06-21,701,N21,n,2.0NRT,11.45,D,0.44,0.46,,,,,,firms,VIIRS,VIIRS_NOAA21_NRT
-0.90883,101.00423,2025-06-21,701,N21,n,2.0NRT,4.79,D,0.42,0.45,,,,,,firms,VIIRS,VIIRS_NOAA21_NRT
-0.89855,101.66489,2025-06-21,701,N21,n,2.0NRT,6.52,D,0.46,0.47,,,,,,firms,VIIRS,VIIRS_NOAA21_NRT
-0.86377,101.60434,2025-06-21,701,N21,n,2.0NRT,4.64,D,0.46,0.47,,,,,,firms,VIIRS,VIIRS_NOAA21_NRT
-0.85096,100.86143,2025-06-21,701,N21,n,2.0NRT,2.37,D,0.41,0.45,,,,,,firms,VIIRS,VIIRS_NOAA21_NRT
-0.84724,101.65321,2025-06-21,701,N21,n,2.0NRT,7.22,D,0.46,0.47,,,,,,firms,VIIRS,VIIRS_NOAA21_NRT
-0.84659,101.6573,2025-06-21,701,N21,n,2.0NRT,5.58,D,0.46,0.47,,,,,,firms,VIIRS,VIIRS_NOAA21_NRT
-0.84055,101.58382,2025-06-21,701,N21,n,2.0NRT,3.94,D,0.46,0.47,,,,,,firms,VIIRS,VIIRS_NOAA21_NRT
-0.71035,100.64016,2025-06-21,701,N21,n,2.0NRT,7.62,D,0.4,0.44,,,,,,firms,VIIRS,VIIRS_NOAA21_NRT
-0.70669,101.25198,2025-06-21,701,N21,n,2.0NRT,14.23,D,0.44,0.46,,,,,,firms,VIIRS,VIIRS_NOAA21_NRT
-0.69977,100.54875,2025-06-21,701,N21,n,2.0NRT,8.08,D,0.39,0.44,,,,,,firms,VIIRS,VIIRS_NOAA21_NRT
-0.68851,101.3128,2025-06-21,701,N21,n,2.0NRT,5.03,D,0.44,0.46,,,,,,firms,VIIRS,VIIRS_NOAA21_NRT
-0.6716,100.97296,2025-06-21,701,N21,n,2.0NRT,27.65,D,0.42,0.45,,,,,,firms,VIIRS,VIIRS_NOAA21_NRT
-0.54332,103.20573,2025-06-21,701,N21,n,2.0NRT,9.63,D,0.59,0.53,,,,,,firms,VIIRS,VIIRS_NOAA21_NRT
-0.5425,103.21102,2025-06-21,701,N21,n,2.0NRT,9.63,D,0.6,0.53,,,,,,firms,VIIRS,VIIRS_NOAA21_NRT
-0.52507,101.02704,2025-06-21,701,N21,n,2.0NRT,3.91,D,0.42,0.46,,,,,,firms,VIIRS,VIIRS_NOAA21_NRT
-0.29137,100.76356,2025-06-21,703,N21,n,2.0NRT,5.15,D,0.41,0.45,,,,,,firms,VIIRS,VIIRS_NOAA21_NRT
-0.07308,100.83088,2025-06-21,703,N21,n,2.0NRT,4.03,D,0.42,0.45,,,,,,firms,VIIRS,VIIRS_NOAA21_NRT
-0.04172,100.59631,2025-06-21,703,N21,n,2.0NRT,3.72,D,0.4,0.45,,,,,,firms,VIIRS,VIIRS_NOAA21_NRT
-0.01618,100.81528,2025-06-21,703,N21,n,2.0NRT,17.56,D,0.42,0.45,,,,,,firms,VIIRS,VIIRS_NOAA21_NRT
0.22715,100.75172,2025-06-21,703,N21,n,2.0NRT,6.79,D,0.42,0.45,,,,,,firms,VIIRS,VIIRS_NOAA21_NRT
0.22877,100.75167,2025-06-21,703,N21,n,2.0NRT,6.29,D,0.42,0.45,,,,,,firms,VIIRS,VIIRS_NOAA21_NRT
0.32133,99.2585,2025-06-21,703,N21,n,2.0NRT,5.01,D,0.51,0.41,,,,,,firms,VIIRS,VIIRS_NOAA21_NRT
0.38164,100.36999,2025-06-21,703,N21,n,2.0NRT,7.17,D,0.4,0.44,,,,,,firms,VIIRS,VIIRS_NOAA21_NRT
0.38802,99.65289,2025-06-21,703,N21,n,2.0NRT,4.58,D,0.54,0.42,,,,,,firms,VIIRS,VIIRS_NOAA21_NRT
0.51064,100.0138,2025-06-21,703,N21,n,2.0NRT,8.51,D,0.57,0.43,,,,,,firms,VIIRS,VIIRS_NOAA21_NRT
0.57578,100.04881,2025-06-21,703,N21,n,2.0NRT,2.95,D,0.57,0.43,,,,,,firms,VIIRS,VIIRS_NOAA21_NRT
0.81921,101.40355,2025-06-21,703,N21,n,2.0NRT,4.74,D,0.47,0.48,,,,,,firms,VIIRS,VIIRS_NOAA21_NRT
0.83391,100.18818,2025-06-21,703,N21,n,2.0NRT,4.9,D,0.39,0.44,,,,,,firms,VIIRS,VIIRS_NOAA21_NRT
0.85367,97.73438,2025-06-21,703,N21,n,2.0NRT,5.57,D,0.44,0.38,,,,,,firms,VIIRS,VIIRS_NOAA21_NRT
0.85589,97.73392,2025-06-21,703,N21,n,2.0NRT,6.1,D,0.44,0.38,,,,,,firms,VIIRS,VIIRS_NOAA21_NRT
0.95557,100.35957,2025-06-21,703,N21,n,2.0NRT,2.31,D,0.4,0.44,,,,,,firms,VIIRS,VIIRS_NOAA21_NRT
1.06571,99.31229,2025-06-21,703,N21,n,2.0NRT,7.71,D,0.52,0.42,,,,,,firms,VIIRS,VIIRS_NOAA21_NRT
1.34466,101.27401,2025-06-21,703,N21,n,2.0NRT,5.83,D,0.47,0.48,,,,,,firms,VIIRS,VIIRS_NOAA21_NRT
1.45108,101.41069,2025-06-21,703,N21,n,2.0NRT,6.68,D,0.48,0.48,,,,,,firms,VIIRS,VIIRS_NOAA21_NRT
1.49559,99.44005,2025-06-21,703,N21,n,2.0NRT,7.81,D,0.54,0.42,,,,,,firms,VIIRS,VIIRS_NOAA21_NRT
1.56753,98.82027,2025-06-21,703,N21,n,2.0NRT,7.38,D,0.5,0.41,,,,,,firms,VIIRS,VIIRS_NOAA21_NRT
1.56872,98.8177,2025-06-21,703,N21,n,2.0NRT,18.96,D,0.5,0.41,,,,,,firms,VIIRS,VIIRS_NOAA21_NRT
1.56936,98.82207,2025-06-21,703,N21,n,2.0NRT,11.18,D,0.5,0.41,,,,,,firms,VIIRS,VIIRS_NOAA21_NRT
1.65216,101.10294,2025-06-21,703,N21,n,2.0NRT,4.09,D,0.46,0.47,,,,,,firms,VIIRS,VIIRS_NOAA21_NRT
1.89002,98.68699,2025-06-21,703,N21,n,2.0NRT,2.53,D,0.5,0.41,,,,,,firms,VIIRS,VIIRS_NOAA21_NRT
1.96674,98.71581,2025-06-21,703,N21,n,2.0NRT,7.56,D,0.5,0.41,,,,,,firms,VIIRS,VIIRS_NOAA21_NRT
2.03037,98.47187,2025-06-21,703,N21,n,2.0NRT,8.31,D,0.49,0.4,,,,,,firms,VIIRS,VIIRS_NOAA21_NRT
2.03214,98.58266,2025-06-21,703,N21,n,2.0NRT,7.06,D,0.49,0.4,,,,,,firms,VIIRS,VIIRS_NOAA21_NRT
2.10028,98.90456,2025-06-21,703,N21,n,2.0NRT,4.22,D,0.51,0.41,,,,,,firms,VIIRS,VIIRS_NOAA21_NRT
2.12692,98.95222,2025-06-21,703,N21,n,2.0NRT,8.43,D,0.52,0.41,,,,,,firms,VIIRS,VIIRS_NOAA21_NRT
2.12729,98.95353,2025-06-21,703,N21,n,2.0NRT,7.2,D,0.52,0.41,,,,,,firms,VIIRS,VIIRS_NOAA21_NRT
2.20977,98.70017,2025-06-21,703,N21,n,2.0NRT,5.07,D,0.5,0.41,,,,,,firms,VIIRS,VIIRS_NOAA21_NRT
2.22551,98.40148,2025-06-21,703,N21,n,2.0NRT,6.32,D,0.48,0.4,,,,,,firms,VIIRS,VIIRS_NOAA21_NRT
2.23021,98.81233,2025-06-21,703,N21,n,2.0NRT,3.68,D,0.51,0.41,,,,,,firms,VIIRS,VIIRS_NOAA21_NRT
2.26404,98.9622,2025-06-21,703,N21,n,2.0NRT,2.28,D,0.52,0.42,,,,,,firms,VIIRS,VIIRS_NOAA21_NRT
2.26653,98.44833,2025-06-21,703,N21,n,2.0NRT,6.27,D,0.49,0.4,,,,,,firms,VIIRS,VIIRS_NOAA21_NRT
2.26678,98.35291,2025-06-21,703,N21,n,2.0NRT,5.53,D,0.48,0.4,,,,,,firms,VIIRS,VIIRS_NOAA21_NRT
2.26907,98.44447,2025-06-21,703,N21,n,2.0NRT,3.69,D,0.49,0.4,,,,,,firms,VIIRS,VIIRS_NOAA21_NRT
2.27856,98.38171,2025-06-21,703,N21,n,2.0NRT,7.6,D,0.48,0.4,,,,,,firms,VIIRS,VIIRS_NOAA21_NRT
2.30003,98.99512,2025-06-21,703,N21,n,2.0NRT,9.09,D,0.52,0.42,,,,,,firms,VIIRS,VIIRS_NOAA21_NRT
2.30231,98.46519,2025-06-21,703,N21,n,2.0NRT,4.53,D,0.49,0.4,,,,,,firms,VIIRS,VIIRS_NOAA21_NRT
2.30903,98.45964,2025-06-21,703,N21,n,2.0NRT,4.58,D,0.49,0.4,,,,,,firms,VIIRS,VIIRS_NOAA21_NRT
2.3091,98.2856,2025-06-21,703,N21,n,2.0NRT,7.34,D,0.48,0.4,,,,,,firms,VIIRS,VIIRS_NOAA21_NRT
2.30922,98.31113,2025-06-21,703,N21,n,2.0NRT,13.23,D,0.48,0.4,,,,,,firms,VIIRS,VIIRS_NOAA21_NRT
2.31014,98.44191,2025-06-21,703,N21,n,2.0NRT,7.27,D,0.49,0.4,,,,,,firms,VIIRS,VIIRS_NOAA21_NRT
2.31155,98.91744,2025-06-21,703,N21,n,2.0NRT,5.74,D,0.52,0.41,,,,,,firms,VIIRS,VIIRS_NOAA21_NRT
2.31211,98.28081,2025-06-21,703,N21,n,2.0NRT,11.7,D,0.48,0.4,,,,,,firms,VIIRS,VIIRS_NOAA21_NRT
2.31276,98.28508,2025-06-21,703,N21,n,2.0NRT,11.7,D,0.48,0.4,,,,,,firms,VIIRS,VIIRS_NOAA21_NRT
2.31641,98.28454,2025-06-21,703,N21,n,2.0NRT,11.7,D,0.48,0.4,,,,,,firms,VIIRS,VIIRS_NOAA21_NRT
2.33747,98.85612,2025-06-21,703,N21,n,2.0NRT,6.02,D,0.51,0.41,,,,,,firms,VIIRS,VIIRS_NOAA21_NRT
2.33807,98.86017,2025-06-21,703,N21,n,2.0NRT,7.37,D,0.51,0.41,,,,,,firms,VIIRS,VIIRS_NOAA21_NRT
2.33943,98.76527,2025-06-21,703,N21,n,2.0NRT,6.03,D,0.51,0.41,,,,,,firms,VIIRS,VIIRS_NOAA21_NRT
2.38601,98.07682,2025-06-21,703,N21,n,2.0NRT,3.5,D,0.47,0.4,,,,,,firms,VIIRS,VIIRS_NOAA21_NRT
2.39073,98.67378,2025-06-21,703,N21,n,2.0NRT,9.3,D,0.5,0.41,,,,,,firms,VIIRS,VIIRS_NOAA21_NRT
2.46368,99.07502,2025-06-21,703,N21,n,2.0NRT,2.18,D,0.53,0.42,,,,,,firms,VIIRS,VIIRS_NOAA21_NRT
2.4672,98.06646,2025-06-21,703,N21,n,2.0NRT,11.02,D,0.47,0.4,,,,,,firms,VIIRS,VIIRS_NOAA21_NRT
2.50832,97.99613,2025-06-21,703,N21,n,2.0NRT,2.7,D,0.46,0.39,,,,,,firms,VIIRS,VIIRS_NOAA21_NRT
2.51488,98.06343,2025-06-21,703,N21,n,2.0NRT,6.24,D,0.47,0.4,,,,,,firms,VIIRS,VIIRS_NOAA21_NRT
2.51614,98.07168,2025-06-21,703,N21,n,2.0NRT,4.08,D,0.47,0.4,,,,,,firms,VIIRS,VIIRS_NOAA21_NRT
2.5275,98.85958,2025-06-21,703,N21,n,2.0NRT,5.14,D,0.52,0.41,,,,,,firms,VIIRS,VIIRS_NOAA21_NRT
2.52822,98.86423,2025-06-21,703,N21,n,2.0NRT,5.14,D,0.52,0.41,,,,,,firms,VIIRS,VIIRS_NOAA21_NRT
2.53096,98.67167,2025-06-21,703,N21,n,2.0NRT,7.1,D,0.5,0.41,,,,,,firms,VIIRS,VIIRS_NOAA21_NRT
2.57533,97.96554,2025-06-21,703,N21,n,2.0NRT,2.32,D,0.46,0.39,,,,,,firms,VIIRS,VIIRS_NOAA21_NRT
2.60332,98.66925,2025-06-21,703,N21,n,2.0NRT,6.76,D,0.51,0.41,,,,,,firms,VIIRS,VIIRS_NOAA21_NRT
2.61032,97.97736,2025-06-21,703,N21,n,2.0NRT,7.04,D,0.46,0.39,,,,,,firms,VIIRS,VIIRS_NOAA21_NRT
2.61096,97.98152,2025-06-21,703,N21,n,2.0NRT,7.41,D,0.47,0.39,,,,,,firms,VIIRS,VIIRS_NOAA21_NRT
2.61756,98.58756,2025-06-21,703,N21,n,2.0NRT,7.69,D,0.5,0.41,,,,,,firms,VIIRS,VIIRS_NOAA21_NRT
2.61948,98.58858,2025-06-21,703,N21,n,2.0NRT,4.99,D,0.5,0.41,,,,,,firms,VIIRS,VIIRS_NOAA21_NRT
2.65349,97.81153,2025-06-21,703,N21,n,2.0NRT,2.46,D,0.46,0.39,,,,,,firms,VIIRS,VIIRS_NOAA21_NRT
2.65525,98.14608,2025-06-21,703,N21,n,2.0NRT,3.0,D,0.47,0.4,,,,,,firms,VIIRS,VIIRS_NOAA21_NRT
2.68263,97.78632,2025-06-21,703,N21,n,2.0NRT,7.62,D,0.46,0.39,,,,,,firms,VIIRS,VIIRS_NOAA21_NRT
2.68559,97.78173,2025-06-21,703,N21,n,2.0NRT,5.84,D,0.46,0.39,,,,,,firms,VIIRS,VIIRS_NOAA21_NRT
2.68942,98.49712,2025-06-21,703,N21,n,2.0NRT,8.21,D,0.5,0.41,,,,,,firms,VIIRS,VIIRS_NOAA21_NRT
2.69151,97.77252,2025-06-21,703,N21,n,2.0NRT,8.04,D,0.46,0.39,,,,,,firms,VIIRS,VIIRS_NOAA21_NRT
2.69399,97.78881,2025-06-21,703,N21,n,2.0NRT,66.57,D,0.46,0.39,,,,,,firms,VIIRS,VIIRS_NOAA21_NRT
2.69503,98.73637,2025-06-21,703,N21,n,2.0NRT,4.59,D,0.51,0.41,,,,,,firms,VIIRS,VIIRS_NOAA21_NRT
2.7375,98.0015,2025-06-21,703,N21,n,2.0NRT,7.59,D,0.47,0.4,,,,,,firms,VIIRS,VIIRS_NOAA21_NRT
2.73827,97.99878,2025-06-21,703,N21,n,2.0NRT,10.61,D,0.47,0.4,,,,,,firms,VIIRS,VIIRS_NOAA21_NRT
2.88738,97.99712,2025-06-21,703,N21,n,2.0NRT,11.71,D,0.47,0.4,,,,,,firms,VIIRS,VIIRS_NOAA21_NRT
3.09013,102.70203,2025-06-21,703,N21,n,2.0NRT,14.56,D,0.63,0.54,,,,,,firms,VIIRS,VIIRS_NOAA21_NRT
3.1732,98.82404,2025-06-21,703,N21,n,2.0NRT,16.29,D,0.52,0.42,,,,,,firms,VIIRS,VIIRS_NOAA21_NRT
5.14786,96.35669,2025-06-21,703,N21,n,2.0NRT,10.51,D,0.42,0.38,,,,,,firms,VIIRS,VIIRS_NOAA21_NRT
-3.70532,137.97496,2025-06-21,1622,N21,n,2.0NRT,2.82,N,0.46,0.39,,,,,,firms,VIIRS,VIIRS_NOAA21_NRT
-1.8202,136.75076,2025-06-21,1622,N21,n,2.0NRT,3.39,N,0.4,0.37,,,,,,firms,VIIRS,VIIRS_NOAA21_NRT
-1.81684,136.75124,2025-06-21,1622,N21,n,2.0NRT,3.39,N,0.4,0.37,,,,,,firms,VIIRS,VIIRS_NOAA21_NRT
-1.81628,136.74767,2025-06-21,1622,N21,n,2.0NRT,1.47,N,0.4,0.37,,,,,,firms,VIIRS,VIIRS_NOAA21_NRT
1.28025,103.70321,2025-06-21,1802,N21,n,2.0NRT,3.56,N,0.54,0.51,,,,,,firms,VIIRS,VIIRS_NOAA21_NRT
1.36906,101.22218,2025-06-21,1802,N21,n,2.0NRT,0.98,N,0.4,0.6,,,,,,firms,VIIRS,VIIRS_NOAA21_NRT
1.37545,104.15397,2025-06-21,1802,N21,n,2.0NRT,5.52,N,0.5,0.49,,,,,,firms,VIIRS,VIIRS_NOAA21_NRT
1.37926,104.15905,2025-06-21,1802,N21,n,2.0NRT,3.62,N,0.5,0.49,,,,,,firms,VIIRS,VIIRS_NOAA21_NRT
1.44813,101.4107,2025-06-21,1802,N21,n,2.0NRT,1.54,N,0.39,0.59,,,,,,firms,VIIRS,VIIRS_NOAA21_NRT
1.66999,101.47427,2025-06-21,1802,N21,n,2.0NRT,4.16,N,0.39,0.59,,,,,,firms,VIIRS,VIIRS_NOAA21_NRT
2.74085,102.39503,2025-06-21,1802,N21,n,2.0NRT,1.64,N,0.35,0.57,,,,,,firms,VIIRS,VIIRS_NOAA21_NRT
3.85969,102.57736,2025-06-21,1802,N21,n,2.0NRT,0.82,N,0.35,0.57,,,,,,firms,VIIRS,VIIRS_NOAA21_NRT
4.00407,103.34522,2025-06-21,1802,N21,n,2.0NRT,2.53,N,0.63,0.54,,,,,,firms,VIIRS,VIIRS_NOAA21_NRT
4.67509,113.85516,2025-06-21,1802,N21,n,2.0NRT,5.79,N,0.43,0.38,,,,,,firms,VIIRS,VIIRS_NOAA21_NRT
4.68569,114.15721,2025-06-21,1802,N21,n,2.0NRT,4.02,N,0.44,0.38,,,,,,firms,VIIRS,VIIRS_NOAA21_NRT
4.70046,113.9417,2025-06-21,1802,N21,n,2.0NRT,2.33,N,0.43,0.38,,,,,,firms,VIIRS,VIIRS_NOAA21_NRT
4.74076,113.72878,2025-06-21,1802,N21,n,2.0NRT,4.44,N,0.42,0.38,,,,,,firms,VIIRS,VIIRS_NOAA21_NRT
4.74091,113.72957,2025-06-21,1802,N21,n,2.0NRT,4.35,N,0.42,0.38,,,,,,firms,VIIRS,VIIRS_NOAA21_NRT
4.90254,106.00067,2025-06-21,1802,N21,n,2.0NRT,3.44,N,0.43,0.46,,,,,,firms,VIIRS,VIIRS_NOAA21_NRT
4.97658,112.98196,2025-06-21,1802,N21,n,2.0NRT,1.74,N,0.4,0.37,,,,,,firms,VIIRS,VIIRS_NOAA21_NRT
4.97994,112.98249,2025-06-21,1802,N21,n,2.0NRT,1.74,N,0.4,0.37,,,,,,firms,VIIRS,VIIRS_NOAA21_NRT
5.64426,104.97823,2025-06-21,1802,N21,n,2.0NRT,2.82,N,0.51,0.49,,,,,,firms,VIIRS,VIIRS_NOAA21_NRT
5.6462,104.97728,2025-06-21,1802,N21,n,2.0NRT,3.1,N,0.51,0.5,,,,,,firms,VIIRS,VIIRS_NOAA21_NRT
-8.11358,112.92574,2025-06-21,1804,N21,n,2.0NRT,0.56,N,0.53,0.42,,,,,,firms,VIIRS,VIIRS_NOAA21_NRT
-7.54168,110.44239,2025-06-21,1804,N21,n,2.0NRT,0.52,N,0.41,0.37,,,,,,firms,VIIRS,VIIRS_NOAA21_NRT
-7.24019,111.73318,2025-06-21,1804,N21,n,2.0NRT,1.64,N,0.45,0.39,,,,,,firms,VIIRS,VIIRS_NOAA21_NRT
-7.07574,112.62976,2025-06-21,1804,N21,n,2.0NRT,2.1,N,0.5,0.41,,,,,,firms,VIIRS,VIIRS_NOAA21_NRT
-6.54734,108.09487,2025-06-21,1804,N21,n,2.0NRT,1.2,N,0.39,0.36,,,,,,firms,VIIRS,VIIRS_NOAA21_NRT
-6.09525,108.14192,2025-06-21,1804,N21,n,2.0NRT,4.46,N,0.39,0.36,,,,,,firms,VIIRS,VIIRS_NOAA21_NRT
-2.97732,104.79675,2025-06-21,1804,N21,n,2.0NRT,2.33,N,0.39,0.44,,,,,,firms,VIIRS,VIIRS_NOAA21_NRT
-2.32745,100.99395,2025-06-21,1804,N21,n,2.0NRT,1.39,N,0.36,0.58,,,,,,firms,VIIRS,VIIRS_NOAA21_NRT
-1.57381,101.76348,2025-06-21,1804,N21,n,2.0NRT,0.52,N,0.33,0.55,,,,,,firms,VIIRS,VIIRS_NOAA21_NRT
-1.13544,102.79467,2025-06-21,1804,N21,n,2.0NRT,1.14,N,0.57,0.52,,,,,,firms,VIIRS,VIIRS_NOAA21_NRT
-0.98921,103.33083,2025-06-21,1804,N21,n,2.0NRT,2.85,N,0.53,0.5,,,,,,firms,VIIRS,VIIRS_NOAA21_NRT
-0.72882,101.50983,2025-06-21,1804,N21,n,2.0NRT,0.58,N,0.36,0.57,,,,,,firms,VIIRS,VIIRS_NOAA21_NRT
-0.71226,101.26982,2025-06-21,1804,N21,n,2.0NRT,0.71,N,0.37,0.58,,,,,,firms,VIIRS,VIIRS_NOAA21_NRT
-0.53133,101.41682,2025-06-21,1804,N21,n,2.0NRT,1.08,N,0.36,0.58,,,,,,firms,VIIRS,VIIRS_NOAA21_NRT
-0.45817,101.82873,2025-06-21,1804,N21,n,2.0NRT,0.67,N,0.34,0.56,,,,,,firms,VIIRS,VIIRS_NOAA21_NRT
-0.45548,101.82919,2025-06-21,1804,N21,n,2.0NRT,1.06,N,0.34,0.56,,,,,,firms,VIIRS,VIIRS_NOAA21_NRT
-0.11198,101.38728,2025-06-21,1804,N21,n,2.0NRT,1.41,N,0.37,0.58,,,,,,firms,VIIRS,VIIRS_NOAA21_NRT
0.30871,99.44872,2025-06-21,1804,N21,n,2.0NRT,0.88,N,0.51,0.66,,,,,,firms,VIIRS,VIIRS_NOAA21_NRT
0.40282,100.39338,2025-06-21,1804,N21,n,2.0NRT,3.0,N,0.44,0.63,,,,,,firms,VIIRS,VIIRS_NOAA21_NRT
0.40507,100.39091,2025-06-21,1804,N21,n,2.0NRT,3.01,N,0.44,0.63,,,,,,firms,VIIRS,VIIRS_NOAA21_NRT
0.68572,101.61879,2025-06-21,1804,N21,n,2.0NRT,2.03,N,0.37,0.58,,,,,,firms,VIIRS,VIIRS_NOAA21_NRT
0.68995,103.44149,2025-06-21,1804,N21,n,2.0NRT,1.65,N,0.55,0.51,,,,,,firms,VIIRS,VIIRS_NOAA21_NRT
0.6919,103.43967,2025-06-21,1804,N21,n,2.0NRT,1.84,N,0.55,0.51,,,,,,firms,VIIRS,VIIRS_NOAA21_NRT
0.70077,103.43311,2025-06-21,1804,N21,n,2.0NRT,1.3,N,0.55,0.51,,,,,,firms,VIIRS,VIIRS_NOAA21_NRT
0.7902,100.47367,2025-06-21,1804,N21,n,2.0NRT,1.51,N,0.44,0.63,,,,,,firms,VIIRS,VIIRS_NOAA21_NRT
0.84503,101.39042,2025-06-21,1804,N21,n,2.0NRT,0.85,N,0.38,0.59,,,,,,firms,VIIRS,VIIRS_NOAA21_NRT
1.1387,100.61665,2025-06-21,1804,N21,n,2.0NRT,0.61,N,0.44,0.62,,,,,,firms,VIIRS,VIIRS_NOAA21_NRT
-10.09462,120.71611,2025-06-21,1806,N21,n,2.0NRT,2.14,N,0.63,0.72,,,,,,firms,VIIRS,VIIRS_NOAA21_NRT
-10.01302,120.66737,2025-06-22,459,N21,n,2.0NRT,4.92,D,0.53,0.5,,,,,,firms,VIIRS,VIIRS_NOAA21_NRT
-9.99347,120.81412,2025-06-22,459,N21,n,2.0NRT,4.55,D,0.52,0.5,,,,,,firms,VIIRS,VIIRS_NOAA21_NRT
-8.26872,130.86189,2025-06-22,459,N21,n,2.0NRT,5.4,D,0.48,0.4,,,,,,firms,VIIRS,VIIRS_NOAA21_NRT
-1.56156,127.42664,2025-06-22,501,N21,n,2.0NRT,9.49,D,0.4,0.37,,,,,,firms,VIIRS,VIIRS_NOAA21_NRT
-1.55818,127.42614,2025-06-22,501,N21,n,2.0NRT,9.49,D,0.4,0.37,,,,,,firms,VIIRS,VIIRS_NOAA21_NRT
-1.45818,127.43621,2025-06-22,501,N21,n,2.0NRT,13.49,D,0.4,0.37,,,,,,firms,VIIRS,VIIRS_NOAA21_NRT
-4.61725,104.93185,2025-06-22,642,N21,n,2.0NRT,2.09,D,0.5,0.41,,,,,,firms,VIIRS,VIIRS_NOAA21_NRT
-4.56261,104.87944,2025-06-22,642,N21,n,2.0NRT,7.29,D,0.49,0.41,,,,,,firms,VIIRS,VIIRS_NOAA21_NRT
-4.18914,102.73922,2025-06-22,644,N21,n,2.0NRT,4.12,D,0.41,0.37,,,,,,firms,VIIRS,VIIRS_NOAA21_NRT
-4.08929,102.70457,2025-06-22,644,N21,n,2.0NRT,7.25,D,0.41,0.37,,,,,,firms,VIIRS,VIIRS_NOAA21_NRT
-3.97913,102.50256,2025-06-22,644,N21,n,2.0NRT,2.63,D,0.4,0.37,,,,,,firms,VIIRS,VIIRS_NOAA21_NRT
-3.79396,102.38157,2025-06-22,644,N21,n,2.0NRT,1.82,D,0.4,0.37,,,,,,firms,VIIRS,VIIRS_NOAA21_NRT
-3.65567,102.34923,2025-06-22,644,N21,n,2.0NRT,5.46,D,0.4,0.37,,,,,,firms,VIIRS,VIIRS_NOAA21_NRT
-3.43599,103.29903,2025-06-22,644,N21,n,2.0NRT,9.58,D,0.43,0.38,,,,,,firms,VIIRS,VIIRS_NOAA21_NRT
-2.97305,101.70331,2025-06-22,644,N21,n,2.0NRT,7.24,D,0.39,0.36,,,,,,firms,VIIRS,VIIRS_NOAA21_NRT
-2.88617,102.67535,2025-06-22,644,N21,n,2.0NRT,6.04,D,0.41,0.37,,,,,,firms,VIIRS,VIIRS_NOAA21_NRT
-2.87849,106.49397,2025-06-22,644,N21,n,2.0NRT,5.02,D,0.43,0.46,,,,,,firms,VIIRS,VIIRS_NOAA21_NRT
-2.70968,103.47684,2025-06-22,644,N21,n,2.0NRT,5.1,D,0.44,0.39,,,,,,firms,VIIRS,VIIRS_NOAA21_NRT
-2.66582,102.76254,2025-06-22,644,N21,n,2.0NRT,2.43,D,0.42,0.37,,,,,,firms,VIIRS,VIIRS_NOAA21_NRT
-2.62817,102.89555,2025-06-22,644,N21,n,2.0NRT,3.77,D,0.42,0.38,,,,,,firms,VIIRS,VIIRS_NOAA21_NRT
-2.31344,102.38737,2025-06-22,644,N21,n,2.0NRT,4.15,D,0.41,0.37,,,,,,firms,VIIRS,VIIRS_NOAA21_NRT
-2.28104,101.22801,2025-06-22,644,N21,n,2.0NRT,7.08,D,0.39,0.36,,,,,,firms,VIIRS,VIIRS_NOAA21_NRT
-2.27772,101.22753,2025-06-22,644,N21,n,2.0NRT,7.08,D,0.39,0.36,,,,,,firms,VIIRS,VIIRS_NOAA21_NRT
-2.24342,101.00656,2025-06-22,644,N21,n,2.0NRT,5.77,D,0.39,0.36,,,,,,firms,VIIRS,VIIRS_NOAA21_NRT
-2.2429,101.01,2025-06-22,644,N21,n,2.0NRT,5.99,D,0.39,0.36,,,,,,firms,VIIRS,VIIRS_NOAA21_NRT
-2.23502,101.06166,2025-06-22,644,N21,n,2.0NRT,2.37,D,0.39,0.36,,,,,,firms,VIIRS,VIIRS_NOAA21_NRT
-2.23449,101.06511,2025-06-22,644,N21,n,2.0NRT,3.95,D,0.39,0.36,,,,,,firms,VIIRS,VIIRS_NOAA21_NRT
-2.23118,101.06461,2025-06-22,644,N21,n,2.0NRT,2.33,D,0.39,0.36,,,,,,firms,VIIRS,VIIRS_NOAA21_NRT
-2.22704,101.02522,2025-06-22,644,N21,n,2.0NRT,3.86,D,0.39,0.36,,,,,,firms,VIIRS,VIIRS_NOAA21_NRT
-2.20745,101.57493,2025-06-22,644,N21,n,2.0NRT,2.49,D,0.39,0.36,,,,,,firms,VIIRS,VIIRS_NOAA21_NRT
-2.17012,100.99898,2025-06-22,644,N21,n,2.0NRT,7.78,D,0.39,0.36,,,,,,firms,VIIRS,VIIRS_NOAA21_NRT
-2.16771,102.14623,2025-06-22,644,N21,n,2.0NRT,2.05,D,0.4,0.37,,,,,,firms,VIIRS,VIIRS_NOAA21_NRT
-2.16738,100.9912,2025-06-22,644,N21,n,2.0NRT,6.89,D,0.39,0.36,,,,,,firms,VIIRS,VIIRS_NOAA21_NRT
-2.1646,100.98726,2025-06-22,644,N21,n,2.0NRT,20.28,D,0.39,0.36,,,,,,firms,VIIRS,VIIRS_NOAA21_NRT
-2.16407,100.99069,2025-06-22,644,N21,n,2.0NRT,6.89,D,0.39,0.36,,,,,,firms,VIIRS,VIIRS_NOAA21_NRT
-2.05425,101.35461,2025-06-22,644,N21,n,2.0NRT,7.93,D,0.39,0.36,,,,,,firms,VIIRS,VIIRS_NOAA21_NRT
-2.01441,102.21125,2025-06-22,644,N21,n,2.0NRT,11.64,D,0.4,0.37,,,,,,firms,VIIRS,VIIRS_NOAA21_NRT
-1.97082,101.43378,2025-06-22,644,N21,n,2.0NRT,4.28,D,0.39,0.36,,,,,,firms,VIIRS,VIIRS_NOAA21_NRT
-1.77836,102.39911,2025-06-22,644,N21,n,2.0NRT,4.97,D,0.41,0.37,,,,,,firms,VIIRS,VIIRS_NOAA21_NRT
-1.72617,102.41729,2025-06-22,644,N21,n,2.0NRT,3.58,D,0.41,0.37,,,,,,firms,VIIRS,VIIRS_NOAA21_NRT
-1.71714,102.45371,2025-06-22,644,N21,n,2.0NRT,2.91,D,0.41,0.37,,,,,,firms,VIIRS,VIIRS_NOAA21_NRT
-1.62382,101.74418,2025-06-22,644,N21,n,2.0NRT,14.73,D,0.4,0.37,,,,,,firms,VIIRS,VIIRS_NOAA21_NRT
-1.2663,100.61755,2025-06-22,644,N21,n,2.0NRT,1.82,D,0.38,0.36,,,,,,firms,VIIRS,VIIRS_NOAA21_NRT
-0.88933,101.30513,2025-06-22,644,N21,n,2.0NRT,1.94,D,0.39,0.36,,,,,,firms,VIIRS,VIIRS_NOAA21_NRT
-0.74949,101.35199,2025-06-22,644,N21,n,2.0NRT,3.67,D,0.39,0.36,,,,,,firms,VIIRS,VIIRS_NOAA21_NRT
-0.71201,100.59776,2025-06-22,644,N21,n,2.0NRT,3.1,D,0.38,0.36,,,,,,firms,VIIRS,VIIRS_NOAA21_NRT
-0.70364,100.6526,2025-06-22,644,N21,n,2.0NRT,9.69,D,0.38,0.36,,,,,,firms,VIIRS,VIIRS_NOAA21_NRT
-0.63147,100.63371,2025-06-22,644,N21,n,2.0NRT,2.84,D,0.38,0.36,,,,,,firms,VIIRS,VIIRS_NOAA21_NRT
-0.57569,101.44679,2025-06-22,644,N21,n,2.0NRT,2.07,D,0.4,0.37,,,,,,firms,VIIRS,VIIRS_NOAA21_NRT
-0.2024,100.32386,2025-06-22,644,N21,n,2.0NRT,3.23,D,0.38,0.36,,,,,,firms,VIIRS,VIIRS_NOAA21_NRT
-0.19113,101.15732,2025-06-22,644,N21,n,2.0NRT,9.62,D,0.39,0.36,,,,,,firms,VIIRS,VIIRS_NOAA21_NRT
-0.17765,100.10983,2025-06-22,644,N21,n,2.0NRT,9.42,D,0.38,0.36,,,,,,firms,VIIRS,VIIRS_NOAA21_NRT
-0.13792,100.43679,2025-06-22,644,N21,n,2.0NRT,6.41,D,0.38,0.36,,,,,,firms,VIIRS,VIIRS_NOAA21_NRT
-0.13788,100.08275,2025-06-22,644,N21,n,2.0NRT,14.32,D,0.38,0.36,,,,,,firms,VIIRS,VIIRS_NOAA21_NRT
0.13786,99.77234,2025-06-22,644,N21,n,2.0NRT,7.54,D,0.38,0.36,,,,,,firms,VIIRS,VIIRS_NOAA21_NRT
0.1816,99.41217,2025-06-22,644,N21,n,2.0NRT,2.62,D,0.39,0.36,,,,,,firms,VIIRS,VIIRS_NOAA21_NRT
0.20031,102.15034,2025-06-22,644,N21,n,2.0NRT,2.58,D,0.42,0.38,,,,,,firms,VIIRS,VIIRS_NOAA21_NRT
0.2258,100.48222,2025-06-22,644,N21,n,2.0NRT,9.55,D,0.39,0.36,,,,,,firms,VIIRS,VIIRS_NOAA21_NRT
0.23097,99.24483,2025-06-22,644,N21,n,2.0NRT,8.25,D,0.39,0.36,,,,,,firms,VIIRS,VIIRS_NOAA21_NRT
0.23324,99.23737,2025-06-22,644,N21,n,2.0NRT,4.29,D,0.39,0.36,,,,,,firms,VIIRS,VIIRS_NOAA21_NRT
0.23766,99.93577,2025-06-22,644,N21,n,2.0NRT,7.57,D,0.38,0.36,,,,,,firms,VIIRS,VIIRS_NOAA21_NRT
0.25064,102.89193,2025-06-22,644,N21,n,2.0NRT,2.05,D,0.45,0.39,,,,,,firms,VIIRS,VIIRS_NOAA21_NRT
0.26166,99.60136,2025-06-22,644,N21,n,2.0NRT,2.12,D,0.39,0.36,,,,,,firms,VIIRS,VIIRS_NOAA21_NRT
0.28296,99.25123,2025-06-22,644,N21,n,2.0NRT,2.53,D,0.39,0.36,,,,,,firms,VIIRS,VIIRS_NOAA21_NRT
0.28738,99.21414,2025-06-22,644,N21,n,2.0NRT,7.28,D,0.39,0.36,,,,,,firms,VIIRS,VIIRS_NOAA21_NRT
0.29071,99.21365,2025-06-22,644,N21,n,2.0NRT,7.28,D,0.39,0.36,,,,,,firms,VIIRS,VIIRS_NOAA21_NRT
0.29271,99.24892,2025-06-22,644,N21,n,2.0NRT,18.11,D,0.39,0.36,,,,,,firms,VIIRS,VIIRS_NOAA21_NRT
0.29337,99.23104,2025-06-22,644,N21,n,2.0NRT,3.22,D,0.39,0.36,,,,,,firms,VIIRS,VIIRS_NOAA21_NRT
0.29604,99.24843,2025-06-22,644,N21,n,2.0NRT,18.11,D,0.39,0.36,,,,,,firms,VIIRS,VIIRS_NOAA21_NRT
0.37476,103.08836,2025-06-22,644,N21,n,2.0NRT,8.32,D,0.46,0.39,,,,,,firms,VIIRS,VIIRS_NOAA21_NRT
0.37539,103.09245,2025-06-22,644,N21,n,2.0NRT,8.32,D,0.46,0.39,,,,,,firms,VIIRS,VIIRS_NOAA21_NRT
0.40244,100.39133,2025-06-22,644,N21,n,2.0NRT,15.09,D,0.38,0.36,,,,,,firms,VIIRS,VIIRS_NOAA21_NRT
0.41817,101.23153,2025-06-22,644,N21,n,2.0NRT,3.35,D,0.4,0.37,,,,,,firms,VIIRS,VIIRS_NOAA21_NRT
0.45858,99.42181,2025-06-22,644,N21,n,2.0NRT,9.01,D,0.39,0.36,,,,,,firms,VIIRS,VIIRS_NOAA21_NRT
0.47039,99.38818,2025-06-22,644,N21,n,2.0NRT,2.5,D,0.39,0.36,,,,,,firms,VIIRS,VIIRS_NOAA21_NRT
0.52215,99.4832,2025-06-22,644,N21,n,2.0NRT,4.64,D,0.39,0.36,,,,,,firms,VIIRS,VIIRS_NOAA21_NRT
0.5531,99.26225,2025-06-22,644,N21,n,2.0NRT,3.82,D,0.39,0.36,,,,,,firms,VIIRS,VIIRS_NOAA21_NRT
0.65341,100.20766,2025-06-22,644,N21,n,2.0NRT,4.57,D,0.38,0.36,,,,,,firms,VIIRS,VIIRS_NOAA21_NRT
0.66725,103.43549,2025-06-22,644,N21,n,2.0NRT,5.23,D,0.48,0.4,,,,,,firms,VIIRS,VIIRS_NOAA21_NRT
0.6711,100.05759,2025-06-22,644,N21,n,2.0NRT,14.98,D,0.38,0.36,,,,,,firms,VIIRS,VIIRS_NOAA21_NRT
0.67163,100.06101,2025-06-22,644,N21,n,2.0NRT,21.7,D,0.38,0.36,,,,,,firms,VIIRS,VIIRS_NOAA21_NRT
0.6744,100.05709,2025-06-22,644,N21,n,2.0NRT,16.73,D,0.38,0.36,,,,,,firms,VIIRS,VIIRS_NOAA21_NRT
0.67493,100.06052,2025-06-22,644,N21,l,2.0NRT,51.68,D,0.38,0.36,,,,,,firms,VIIRS,VIIRS_NOAA21_NRT
0.6794,101.159,2025-06-22,644,N21,n,2.0NRT,2.28,D,0.39,0.37,,,,,,firms,VIIRS,VIIRS_NOAA21_NRT
0.75897,100.27948,2025-06-22,644,N21,n,2.0NRT,3.76,D,0.38,0.36,,,,,,firms,VIIRS,VIIRS_NOAA21_NRT
0.7595,100.28293,2025-06-22,644,N21,n,2.0NRT,3.76,D,0.38,0.36,,,,,,firms,VIIRS,VIIRS_NOAA21_NRT
0.82467,99.05946,2025-06-22,644,N21,n,2.0NRT,4.73,D,0.39,0.36,,,,,,firms,VIIRS,VIIRS_NOAA21_NRT
0.82735,100.32454,2025-06-22,644,N21,n,2.0NRT,3.33,D,0.39,0.36,,,,,,firms,VIIRS,VIIRS_NOAA21_NRT
0.83789,99.16791,2025-06-22,644,N21,n,2.0NRT,10.18,D,0.39,0.36,,,,,,firms,VIIRS,VIIRS_NOAA21_NRT
0.8793,109.16633,2025-06-22,644,N21,n,2.0NRT,2.65,D,0.38,0.59,,,,,,firms,VIIRS,VIIRS_NOAA21_NRT
0.89245,100.28242,2025-06-22,644,N21,n,2.0NRT,2.43,D,0.38,0.36,,,,,,firms,VIIRS,VIIRS_NOAA21_NRT
0.91773,99.11243,2025-06-22,644,N21,n,2.0NRT,5.59,D,0.39,0.36,,,,,,firms,VIIRS,VIIRS_NOAA21_NRT
0.9252,100.38658,2025-06-22,644,N21,n,2.0NRT,2.43,D,0.39,0.36,,,,,,firms,VIIRS,VIIRS_NOAA21_NRT
0.9545,100.44562,2025-06-22,644,N21,n,2.0NRT,1.76,D,0.39,0.36,,,,,,firms,VIIRS,VIIRS_NOAA21_NRT
1.05924,99.21452,2025-06-22,644,N21,n,2.0NRT,3.92,D,0.39,0.36,,,,,,firms,VIIRS,VIIRS_NOAA21_NRT
1.1994,98.90861,2025-06-22,644,N21,n,2.0NRT,9.04,D,0.39,0.36,,,,,,firms,VIIRS,VIIRS_NOAA21_NRT
1.26998,99.68285,2025-06-22,644,N21,n,2.0NRT,4.01,D,0.38,0.36,,,,,,firms,VIIRS,VIIRS_NOAA21_NRT
1.27879,99.2053,2025-06-22,644,N21,n,2.0NRT,6.54,D,0.39,0.36,,,,,,firms,VIIRS,VIIRS_NOAA21_NRT
1.28117,99.08787,2025-06-22,644,N21,n,2.0NRT,11.71,D,0.39,0.36,,,,,,firms,VIIRS,VIIRS_NOAA21_NRT
1.28178,99.6495,2025-06-22,644,N21,n,2.0NRT,3.42,D,0.38,0.36,,,,,,firms,VIIRS,VIIRS_NOAA21_NRT
1.29094,99.37302,2025-06-22,644,N21,n,2.0NRT,4.11,D,0.39,0.36,,,,,,firms,VIIRS,VIIRS_NOAA21_NRT
1.32465,99.93068,2025-06-22,644,N21,n,2.0NRT,8.16,D,0.38,0.36,,,,,,firms,VIIRS,VIIRS_NOAA21_NRT
1.32517,99.93411,2025-06-22,644,N21,n,2.0NRT,8.16,D,0.38,0.36,,,,,,firms,VIIRS,VIIRS_NOAA21_NRT
1.32613,99.60323,2025-06-22,644,N21,n,2.0NRT,3.65,D,0.38,0.36,,,,,,firms,VIIRS,VIIRS_NOAA21_NRT
1.32795,99.93018,2025-06-22,644,N21,n,2.0NRT,9.05,D,0.38,0.36,,,,,,firms,VIIRS,VIIRS_NOAA21_NRT
1.32847,99.93361,2025-06-22,644,N21,n,2.0NRT,9.05,D,0.38,0.36,,,,,,firms,VIIRS,VIIRS_NOAA21_NRT
1.3457,101.27055,2025-06-22,644,N21,l,2.0NRT,3.9,D,0.4,0.37,,,,,,firms,VIIRS,VIIRS_NOAA21_NRT
1.37144,101.22231,2025-06-22,644,N21,n,2.0NRT,2.15,D,0.4,0.37,,,,,,firms,VIIRS,VIIRS_NOAA21_NRT
1.37753,104.15644,2025-06-22,644,N21,n,2.0NRT,7.17,D,0.54,0.42,,,,,,firms,VIIRS,VIIRS_NOAA21_NRT
1.37824,104.16125,2025-06-22,644,N21,n,2.0NRT,7.17,D,0.54,0.42,,,,,,firms,VIIRS,VIIRS_NOAA21_NRT
1.38045,99.75996,2025-06-22,644,N21,l,2.0NRT,16.72,D,0.38,0.36,,,,,,firms,VIIRS,VIIRS_NOAA21_NRT
1.42565,99.52081,2025-06-22,644,N21,n,2.0NRT,4.36,D,0.38,0.36,,,,,,firms,VIIRS,VIIRS_NOAA21_NRT
1.44861,101.41259,2025-06-22,644,N21,n,2.0NRT,6.67,D,0.4,0.37,,,,,,firms,VIIRS,VIIRS_NOAA21_NRT
1.46703,99.50404,2025-06-22,644,N21,n,2.0NRT,7.43,D,0.38,0.36,,,,,,firms,VIIRS,VIIRS_NOAA21_NRT
1.47034,99.50356,2025-06-22,644,N21,n,2.0NRT,7.43,D,0.38,0.36,,,,,,firms,VIIRS,VIIRS_NOAA21_NRT
1.66505,109.75653,2025-06-22,644,N21,h,2.0NRT,10.13,D,0.43,0.62,,,,,,firms,VIIRS,VIIRS_NOAA21_NRT
1.66792,109.75566,2025-06-22,644,N21,n,2.0NRT,9.74,D,0.43,0.62,,,,,,firms,VIIRS,VIIRS_NOAA21_NRT
1.69259,100.42599,2025-06-22,644,N21,n,2.0NRT,5.49,D,0.39,0.36,,,,,,firms,VIIRS,VIIRS_NOAA21_NRT
1.71174,99.99249,2025-06-22,644,N21,n,2.0NRT,3.73,D,0.38,0.36,,,,,,firms,VIIRS,VIIRS_NOAA21_NRT
1.78313,101.22899,2025-06-22,644,N21,n,2.0NRT,5.33,D,0.4,0.37,,,,,,firms,VIIRS,VIIRS_NOAA21_NRT
1.78515,103.17918,2025-06-22,644,N21,n,2.0NRT,7.22,D,0.48,0.4,,,,,,firms,VIIRS,VIIRS_NOAA21_NRT
1.8172,99.65984,2025-06-22,644,N21,n,2.0NRT,2.32,D,0.38,0.36,,,,,,firms,VIIRS,VIIRS_NOAA21_NRT
1.89849,99.81218,2025-06-22,644,N21,n,2.0NRT,3.21,D,0.38,0.36,,,,,,firms,VIIRS,VIIRS_NOAA21_NRT
1.92063,111.66875,2025-06-22,644,N21,n,2.0NRT,7.72,D,0.59,0.7,,,,,,firms,VIIRS,VIIRS_NOAA21_NRT
1.92833,99.71998,2025-06-22,644,N21,n,2.0NRT,24.82,D,0.38,0.36,,,,,,firms,VIIRS,VIIRS_NOAA21_NRT
1.93508,99.20581,2025-06-22,644,N21,n,2.0NRT,1.57,D,0.39,0.36,,,,,,firms,VIIRS,VIIRS_NOAA21_NRT
1.98957,102.84863,2025-06-22,644,N21,n,2.0NRT,2.42,D,0.46,0.39,,,,,,firms,VIIRS,VIIRS_NOAA21_NRT
1.99208,99.15846,2025-06-22,644,N21,n,2.0NRT,4.54,D,0.39,0.36,,,,,,firms,VIIRS,VIIRS_NOAA21_NRT
1.99261,99.1619,2025-06-22,644,N21,n,2.0NRT,4.54,D,0.39,0.36,,,,,,firms,VIIRS,VIIRS_NOAA21_NRT
2.02863,99.26112,2025-06-22,644,N21,n,2.0NRT,4.03,D,0.39,0.36,,,,,,firms,VIIRS,VIIRS_NOAA21_NRT
2.02916,99.26455,2025-06-22,644,N21,n,2.0NRT,4.18,D,0.39,0.36,,,,,,firms,VIIRS,VIIRS_NOAA21_NRT
2.07163,100.34954,2025-06-22,644,N21,n,2.0NRT,6.88,D,0.39,0.36,,,,,,firms,VIIRS,VIIRS_NOAA21_NRT
2.08818,99.00892,2025-06-22,644,N21,n,2.0NRT,8.36,D,0.39,0.36,,,,,,firms,VIIRS,VIIRS_NOAA21_NRT
2.09344,99.04347,2025-06-22,644,N21,n,2.0NRT,3.1,D,0.39,0.36,,,,,,firms,VIIRS,VIIRS_NOAA21_NRT
2.10289,98.92485,2025-06-22,644,N21,n,2.0NRT,2.53,D,0.39,0.36,,,,,,firms,VIIRS,VIIRS_NOAA21_NRT
2.11111,98.93427,2025-06-22,644,N21,l,2.0NRT,17.06,D,0.39,0.36,,,,,,firms,VIIRS,VIIRS_NOAA21_NRT
2.11293,98.32932,2025-06-22,644,N21,n,2.0NRT,8.48,D,0.4,0.37,,,,,,firms,VIIRS,VIIRS_NOAA21_NRT
2.13822,98.29272,2025-06-22,644,N21,n,2.0NRT,3.11,D,0.4,0.37,,,,,,firms,VIIRS,VIIRS_NOAA21_NRT
2.14213,98.29578,2025-06-22,644,N21,n,2.0NRT,2.68,D,0.4,0.37,,,,,,firms,VIIRS,VIIRS_NOAA21_NRT
2.16213,98.97974,2025-06-22,644,N21,n,2.0NRT,2.88,D,0.39,0.36,,,,,,firms,VIIRS,VIIRS_NOAA21_NRT
2.17278,98.87186,2025-06-22,644,N21,n,2.0NRT,3.52,D,0.39,0.36,,,,,,firms,VIIRS,VIIRS_NOAA21_NRT
2.17505,98.86447,2025-06-22,644,N21,n,2.0NRT,3.11,D,0.39,0.36,,,,,,firms,VIIRS,VIIRS_NOAA21_NRT
2.17557,98.86792,2025-06-22,644,N21,n,2.0NRT,3.52,D,0.39,0.36,,,,,,firms,VIIRS,VIIRS_NOAA21_NRT
2.17674,98.47629,2025-06-22,644,N21,n,2.0NRT,3.01,D,0.4,0.37,,,,,,firms,VIIRS,VIIRS_NOAA21_NRT
2.23287,98.46693,2025-06-22,644,N21,n,2.0NRT,5.98,D,0.4,0.37,,,,,,firms,VIIRS,VIIRS_NOAA21_NRT
2.24973,98.42098,2025-06-22,644,N21,n,2.0NRT,17.73,D,0.4,0.37,,,,,,firms,VIIRS,VIIRS_NOAA21_NRT
2.25019,98.44622,2025-06-22,644,N21,n,2.0NRT,19.75,D,0.4,0.37,,,,,,firms,VIIRS,VIIRS_NOAA21_NRT
2.25035,98.40282,2025-06-22,644,N21,n,2.0NRT,10.91,D,0.4,0.37,,,,,,firms,VIIRS,VIIRS_NOAA21_NRT
2.26278,98.35001,2025-06-22,644,N21,n,2.0NRT,9.38,D,0.4,0.37,,,,,,firms,VIIRS,VIIRS_NOAA21_NRT
2.26513,98.14098,2025-06-22,644,N21,n,2.0NRT,6.6,D,0.4,0.37,,,,,,firms,VIIRS,VIIRS_NOAA21_NRT
2.26787,99.26977,2025-06-22,644,N21,n,2.0NRT,5.81,D,0.39,0.36,,,,,,firms,VIIRS,VIIRS_NOAA21_NRT
2.27034,98.42143,2025-06-22,644,N21,n,2.0NRT,8.3,D,0.4,0.37,,,,,,firms,VIIRS,VIIRS_NOAA21_NRT
2.27174,98.18421,2025-06-22,644,N21,n,2.0NRT,4.66,D,0.4,0.37,,,,,,firms,VIIRS,VIIRS_NOAA21_NRT
2.27517,98.47513,2025-06-22,644,N21,n,2.0NRT,5.76,D,0.39,0.37,,,,,,firms,VIIRS,VIIRS_NOAA21_NRT
2.27596,98.09886,2025-06-22,644,N21,n,2.0NRT,1.33,D,0.4,0.37,,,,,,firms,VIIRS,VIIRS_NOAA21_NRT
2.27604,98.39165,2025-06-22,644,N21,n,2.0NRT,3.6,D,0.4,0.37,,,,,,firms,VIIRS,VIIRS_NOAA21_NRT
2.27614,98.36999,2025-06-22,644,N21,n,2.0NRT,5.6,D,0.4,0.37,,,,,,firms,VIIRS,VIIRS_NOAA21_NRT
2.27775,98.3805,2025-06-22,644,N21,n,2.0NRT,10.83,D,0.4,0.37,,,,,,firms,VIIRS,VIIRS_NOAA21_NRT
2.27883,98.38751,2025-06-22,644,N21,n,2.0NRT,3.72,D,0.4,0.37,,,,,,firms,VIIRS,VIIRS_NOAA21_NRT
2.28159,99.27121,2025-06-22,644,N21,n,2.0NRT,2.43,D,0.39,0.36,,,,,,firms,VIIRS,VIIRS_NOAA21_NRT
2.28772,98.40083,2025-06-22,644,N21,n,2.0NRT,4.76,D,0.4,0.37,,,,,,firms,VIIRS,VIIRS_NOAA21_NRT
2.30596,98.31836,2025-06-22,644,N21,n,2.0NRT,6.99,D,0.4,0.37,,,,,,firms,VIIRS,VIIRS_NOAA21_NRT
2.30626,99.27802,2025-06-22,644,N21,n,2.0NRT,3.36,D,0.39,0.36,,,,,,firms,VIIRS,VIIRS_NOAA21_NRT
2.30811,98.80007,2025-06-22,644,N21,n,2.0NRT,6.15,D,0.39,0.36,,,,,,firms,VIIRS,VIIRS_NOAA21_NRT
2.30828,98.28847,2025-06-22,644,N21,n,2.0NRT,16.51,D,0.4,0.37,,,,,,firms,VIIRS,VIIRS_NOAA21_NRT
2.30844,98.37956,2025-06-22,644,N21,n,2.0NRT,3.22,D,0.4,0.37,,,,,,firms,VIIRS,VIIRS_NOAA21_NRT
2.31502,98.27291,2025-06-22,644,N21,n,2.0NRT,4.59,D,0.4,0.37,,,,,,firms,VIIRS,VIIRS_NOAA21_NRT
2.31892,98.27593,2025-06-22,644,N21,n,2.0NRT,7.55,D,0.4,0.37,,,,,,firms,VIIRS,VIIRS_NOAA21_NRT
2.31903,99.18465,2025-06-22,644,N21,n,2.0NRT,6.89,D,0.39,0.36,,,,,,firms,VIIRS,VIIRS_NOAA21_NRT
2.32173,98.27185,2025-06-22,644,N21,l,2.0NRT,367.94,D,0.4,0.37,,,,,,firms,VIIRS,VIIRS_NOAA21_NRT
2.3221,99.13833,2025-06-22,644,N21,n,2.0NRT,1.7,D,0.39,0.36,,,,,,firms,VIIRS,VIIRS_NOAA21_NRT
2.34421,98.48318,2025-06-22,644,N21,l,2.0NRT,4.05,D,0.39,0.37,,,,,,firms,VIIRS,VIIRS_NOAA21_NRT
2.34755,98.48268,2025-06-22,644,N21,n,2.0NRT,4.05,D,0.39,0.37,,,,,,firms,VIIRS,VIIRS_NOAA21_NRT
2.35974,99.18092,2025-06-22,644,N21,l,2.0NRT,1.93,D,0.39,0.36,,,,,,firms,VIIRS,VIIRS_NOAA21_NRT
2.5517,102.37712,2025-06-22,644,N21,n,2.0NRT,4.85,D,0.45,0.39,,,,,,firms,VIIRS,VIIRS_NOAA21_NRT
2.39503,98.1216,2025-06-22,646,N21,n,2.0NRT,4.23,D,0.4,0.37,,,,,,firms,VIIRS,VIIRS_NOAA21_NRT
2.41603,98.06647,2025-06-22,646,N21,n,2.0NRT,10.94,D,0.4,0.37,,,,,,firms,VIIRS,VIIRS_NOAA21_NRT
2.47247,98.94161,2025-06-22,646,N21,n,2.0NRT,2.96,D,0.39,0.36,,,,,,firms,VIIRS,VIIRS_NOAA21_NRT
2.47277,99.14252,2025-06-22,646,N21,n,2.0NRT,2.94,D,0.39,0.36,,,,,,firms,VIIRS,VIIRS_NOAA21_NRT
2.4739,99.06149,2025-06-22,646,N21,n,2.0NRT,6.52,D,0.39,0.36,,,,,,firms,VIIRS,VIIRS_NOAA21_NRT
2.50143,98.39776,2025-06-22,646,N21,n,2.0NRT,2.72,D,0.4,0.37,,,,,,firms,VIIRS,VIIRS_NOAA21_NRT
2.51386,98.70056,2025-06-22,646,N21,n,2.0NRT,4.04,D,0.39,0.36,,,,,,firms,VIIRS,VIIRS_NOAA21_NRT
2.53961,98.64687,2025-06-22,646,N21,n,2.0NRT,3.27,D,0.39,0.36,,,,,,firms,VIIRS,VIIRS_NOAA21_NRT
2.54013,98.07651,2025-06-22,646,N21,n,2.0NRT,5.45,D,0.4,0.37,,,,,,firms,VIIRS,VIIRS_NOAA21_NRT
2.54069,98.08013,2025-06-22,646,N21,n,2.0NRT,6.72,D,0.4,0.37,,,,,,firms,VIIRS,VIIRS_NOAA21_NRT
2.54176,98.86004,2025-06-22,646,N21,n,2.0NRT,4.11,D,0.39,0.36,,,,,,firms,VIIRS,VIIRS_NOAA21_NRT
2.54907,99.37679,2025-06-22,646,N21,n,2.0NRT,2.28,D,0.38,0.36,,,,,,firms,VIIRS,VIIRS_NOAA21_NRT
2.56625,98.20126,2025-06-22,646,N21,n,2.0NRT,4.4,D,0.4,0.37,,,,,,firms,VIIRS,VIIRS_NOAA21_NRT
2.56933,98.08696,2025-06-22,646,N21,n,2.0NRT,11.81,D,0.4,0.37,,,,,,firms,VIIRS,VIIRS_NOAA21_NRT
2.57121,98.00919,2025-06-22,646,N21,n,2.0NRT,9.04,D,0.4,0.37,,,,,,firms,VIIRS,VIIRS_NOAA21_NRT
2.57514,98.01228,2025-06-22,646,N21,n,2.0NRT,9.04,D,0.4,0.37,,,,,,firms,VIIRS,VIIRS_NOAA21_NRT
2.57849,97.86714,2025-06-22,646,N21,n,2.0NRT,2.72,D,0.41,0.37,,,,,,firms,VIIRS,VIIRS_NOAA21_NRT
2.58003,98.06678,2025-06-22,646,N21,n,2.0NRT,4.19,D,0.4,0.37,,,,,,firms,VIIRS,VIIRS_NOAA21_NRT
2.63083,98.62138,2025-06-22,646,N21,n,2.0NRT,3.85,D,0.39,0.36,,,,,,firms,VIIRS,VIIRS_NOAA21_NRT
2.63491,98.49243,2025-06-22,646,N21,n,2.0NRT,2.48,D,0.39,0.36,,,,,,firms,VIIRS,VIIRS_NOAA21_NRT
2.63769,98.48839,2025-06-22,646,N21,n,2.0NRT,5.26,D,0.39,0.36,,,,,,firms,VIIRS,VIIRS_NOAA21_NRT
2.63808,98.07278,2025-06-22,646,N21,n,2.0NRT,3.75,D,0.4,0.37,,,,,,firms,VIIRS,VIIRS_NOAA21_NRT
2.65035,97.81529,2025-06-22,646,N21,n,2.0NRT,4.11,D,0.41,0.37,,,,,,firms,VIIRS,VIIRS_NOAA21_NRT
2.65374,97.81477,2025-06-22,646,N21,n,2.0NRT,4.11,D,0.41,0.37,,,,,,firms,VIIRS,VIIRS_NOAA21_NRT
2.66109,97.81738,2025-06-22,646,N21,n,2.0NRT,4.14,D,0.41,0.37,,,,,,firms,VIIRS,VIIRS_NOAA21_NRT
2.66134,97.95477,2025-06-22,646,N21,n,2.0NRT,2.44,D,0.4,0.37,,,,,,firms,VIIRS,VIIRS_NOAA21_NRT
2.6722,97.77057,2025-06-22,646,N21,n,2.0NRT,7.85,D,0.41,0.37,,,,,,firms,VIIRS,VIIRS_NOAA21_NRT
2.67446,97.76274,2025-06-22,646,N21,n,2.0NRT,70.92,D,0.41,0.37,,,,,,firms,VIIRS,VIIRS_NOAA21_NRT
2.67505,97.78885,2025-06-22,646,N21,n,2.0NRT,3.56,D,0.41,0.37,,,,,,firms,VIIRS,VIIRS_NOAA21_NRT
2.6756,97.77004,2025-06-22,646,N21,n,2.0NRT,19.85,D,0.41,0.37,,,,,,firms,VIIRS,VIIRS_NOAA21_NRT
2.67617,97.7737,2025-06-22,646,N21,n,2.0NRT,19.85,D,0.41,0.37,,,,,,firms,VIIRS,VIIRS_NOAA21_NRT
2.679,97.76953,2025-06-22,646,N21,n,2.0NRT,19.85,D,0.41,0.37,,,,,,firms,VIIRS,VIIRS_NOAA21_NRT
2.67957,97.77319,2025-06-22,646,N21,n,2.0NRT,19.85,D,0.41,0.37,,,,,,firms,VIIRS,VIIRS_NOAA21_NRT
2.6892,97.76799,2025-06-22,646,N21,l,2.0NRT,62.56,D,0.41,0.37,,,,,,firms,VIIRS,VIIRS_NOAA21_NRT
2.69203,97.78625,2025-06-22,646,N21,l,2.0NRT,4.14,D,0.41,0.37,,,,,,firms,VIIRS,VIIRS_NOAA21_NRT
2.6926,97.7899,2025-06-22,646,N21,n,2.0NRT,5.87,D,0.41,0.37,,,,,,firms,VIIRS,VIIRS_NOAA21_NRT
2.69316,97.77113,2025-06-22,646,N21,n,2.0NRT,62.56,D,0.41,0.37,,,,,,firms,VIIRS,VIIRS_NOAA21_NRT
2.69373,97.77479,2025-06-22,646,N21,l,2.0NRT,4.92,D,0.41,0.37,,,,,,firms,VIIRS,VIIRS_NOAA21_NRT
2.69543,97.78574,2025-06-22,646,N21,n,2.0NRT,4.14,D,0.41,0.37,,,,,,firms,VIIRS,VIIRS_NOAA21_NRT
2.69599,97.76696,2025-06-22,646,N21,n,2.0NRT,5.82,D,0.41,0.37,,,,,,firms,VIIRS,VIIRS_NOAA21_NRT
2.696,97.78939,2025-06-22,646,N21,n,2.0NRT,5.87,D,0.41,0.37,,,,,,firms,VIIRS,VIIRS_NOAA21_NRT
2.69656,97.77061,2025-06-22,646,N21,n,2.0NRT,5.82,D,0.41,0.37,,,,,,firms,VIIRS,VIIRS_NOAA21_NRT
2.69769,97.77792,2025-06-22,646,N21,l,2.0NRT,5.42,D,0.41,0.37,,,,,,firms,VIIRS,VIIRS_NOAA21_NRT
2.70154,98.05955,2025-06-22,646,N21,l,2.0NRT,16.12,D,0.4,0.37,,,,,,firms,VIIRS,VIIRS_NOAA21_NRT
2.70392,97.77324,2025-06-22,646,N21,n,2.0NRT,9.71,D,0.41,0.37,,,,,,firms,VIIRS,VIIRS_NOAA21_NRT
2.70449,97.77689,2025-06-22,646,N21,n,2.0NRT,9.71,D,0.41,0.37,,,,,,firms,VIIRS,VIIRS_NOAA21_NRT
2.70789,97.77637,2025-06-22,646,N21,n,2.0NRT,9.71,D,0.41,0.37,,,,,,firms,VIIRS,VIIRS_NOAA21_NRT
2.70958,97.78732,2025-06-22,646,N21,n,2.0NRT,4.75,D,0.41,0.37,,,,,,firms,VIIRS,VIIRS_NOAA21_NRT
2.71285,98.71196,2025-06-22,646,N21,n,2.0NRT,1.55,D,0.39,0.36,,,,,,firms,VIIRS,VIIRS_NOAA21_NRT
2.72212,97.66545,2025-06-22,646,N21,n,2.0NRT,2.36,D,0.41,0.37,,,,,,firms,VIIRS,VIIRS_NOAA21_NRT
2.73637,98.75455,2025-06-22,646,N21,n,2.0NRT,1.9,D,0.39,0.36,,,,,,firms,VIIRS,VIIRS_NOAA21_NRT
2.76012,97.98012,2025-06-22,646,N21,n,2.0NRT,1.12,D,0.4,0.37,,,,,,firms,VIIRS,VIIRS_NOAA21_NRT
2.76418,97.66216,2025-06-22,646,N21,n,2.0NRT,5.16,D,0.41,0.37,,,,,,firms,VIIRS,VIIRS_NOAA21_NRT
2.77801,97.80307,2025-06-22,646,N21,n,2.0NRT,5.02,D,0.41,0.37,,,,,,firms,VIIRS,VIIRS_NOAA21_NRT
2.7886,97.63963,2025-06-22,646,N21,n,2.0NRT,2.24,D,0.41,0.37,,,,,,firms,VIIRS,VIIRS_NOAA21_NRT
2.79831,97.85875,2025-06-22,646,N21,n,2.0NRT,2.16,D,0.41,0.37,,,,,,firms,VIIRS,VIIRS_NOAA21_NRT
2.85645,98.5184,2025-06-22,646,N21,n,2.0NRT,2.61,D,0.39,0.36,,,,,,firms,VIIRS,VIIRS_NOAA21_NRT
2.85704,97.83503,2025-06-22,646,N21,n,2.0NRT,124.27,D,0.41,0.37,,,,,,firms,VIIRS,VIIRS_NOAA21_NRT
2.86379,97.85635,2025-06-22,646,N21,n,2.0NRT,2.86,D,0.41,0.37,,,,,,firms,VIIRS,VIIRS_NOAA21_NRT
2.86997,98.38381,2025-06-22,646,N21,n,2.0NRT,17.5,D,0.39,0.36,,,,,,firms,VIIRS,VIIRS_NOAA21_NRT
2.87966,97.82427,2025-06-22,646,N21,n,2.0NRT,10.94,D,0.41,0.37,,,,,,firms,VIIRS,VIIRS_NOAA21_NRT
2.88306,97.8238,2025-06-22,646,N21,n,2.0NRT,25.4,D,0.41,0.37,,,,,,firms,VIIRS,VIIRS_NOAA21_NRT
2.88646,97.82338,2025-06-22,646,N21,n,2.0NRT,25.4,D,0.41,0.37,,,,,,firms,VIIRS,VIIRS_NOAA21_NRT
2.94792,98.22604,2025-06-22,646,N21,n,2.0NRT,11.96,D,0.4,0.37,,,,,,firms,VIIRS,VIIRS_NOAA21_NRT
3.03002,98.25352,2025-06-22,646,N21,n,2.0NRT,3.42,D,0.4,0.37,,,,,,firms,VIIRS,VIIRS_NOAA21_NRT
3.03787,98.23779,2025-06-22,646,N21,n,2.0NRT,1.78,D,0.4,0.37,,,,,,firms,VIIRS,VIIRS_NOAA21_NRT
3.04063,98.72103,2025-06-22,646,N21,n,2.0NRT,5.42,D,0.39,0.36,,,,,,firms,VIIRS,VIIRS_NOAA21_NRT
3.10475,98.94059,2025-06-22,646,N21,n,2.0NRT,2.93,D,0.39,0.36,,,,,,firms,VIIRS,VIIRS_NOAA21_NRT
3.55135,101.1226,2025-06-22,646,N21,n,2.0NRT,2.06,D,0.41,0.37,,,,,,firms,VIIRS,VIIRS_NOAA21_NRT
3.56164,101.09861,2025-06-22,646,N21,n,2.0NRT,1.81,D,0.41,0.37,,,,,,firms,VIIRS,VIIRS_NOAA21_NRT
3.61125,101.07582,2025-06-22,646,N21,n,2.0NRT,4.79,D,0.41,0.37,,,,,,firms,VIIRS,VIIRS_NOAA21_NRT
3.84644,96.63517,2025-06-22,646,N21,n,2.0NRT,4.14,D,0.44,0.38,,,,,,firms,VIIRS,VIIRS_NOAA21_NRT
3.85531,96.64589,2025-06-22,646,N21,n,2.0NRT,3.81,D,0.44,0.38,,,,,,firms,VIIRS,VIIRS_NOAA21_NRT
3.85637,96.62962,2025-06-22,646,N21,n,2.0NRT,11.43,D,0.44,0.38,,,,,,firms,VIIRS,VIIRS_NOAA21_NRT
3.85989,96.62909,2025-06-22,646,N21,n,2.0NRT,8.11,D,0.44,0.38,,,,,,firms,VIIRS,VIIRS_NOAA21_NRT
3.89064,96.45395,2025-06-22,646,N21,n,2.0NRT,5.32,D,0.45,0.39,,,,,,firms,VIIRS,VIIRS_NOAA21_NRT
3.89418,96.45341,2025-06-22,646,N21,n,2.0NRT,5.32,D,0.45,0.39,,,,,,firms,VIIRS,VIIRS_NOAA21_NRT
3.97227,97.46461,2025-06-22,646,N21,n,2.0NRT,4.05,D,0.41,0.37,,,,,,firms,VIIRS,VIIRS_NOAA21_NRT
4.00292,96.45348,2025-06-22,646,N21,n,2.0NRT,8.03,D,0.45,0.39,,,,,,firms,VIIRS,VIIRS_NOAA21_NRT
4.07839,96.61224,2025-06-22,646,N21,n,2.0NRT,13.57,D,0.44,0.38,,,,,,firms,VIIRS,VIIRS_NOAA21_NRT
4.08818,96.58272,2025-06-22,646,N21,n,2.0NRT,2.27,D,0.44,0.38,,,,,,firms,VIIRS,VIIRS_NOAA21_NRT
4.16723,96.95603,2025-06-22,646,N21,n,2.0NRT,9.21,D,0.42,0.38,,,,,,firms,VIIRS,VIIRS_NOAA21_NRT
4.35719,101.49519,2025-06-22,646,N21,n,2.0NRT,3.01,D,0.43,0.38,,,,,,firms,VIIRS,VIIRS_NOAA21_NRT
4.71981,101.55067,2025-06-22,646,N21,n,2.0NRT,3.99,D,0.43,0.38,,,,,,firms,VIIRS,VIIRS_NOAA21_NRT
4.7833,100.87238,2025-06-22,646,N21,n,2.0NRT,1.42,D,0.41,0.37,,,,,,firms,VIIRS,VIIRS_NOAA21_NRT
5.06591,96.59738,2025-06-22,646,N21,n,2.0NRT,4.38,D,0.43,0.38,,,,,,firms,VIIRS,VIIRS_NOAA21_NRT
5.09507,96.52222,2025-06-22,646,N21,l,2.0NRT,5.24,D,0.43,0.38,,,,,,firms,VIIRS,VIIRS_NOAA21_NRT
5.1295,96.37717,2025-06-22,646,N21,n,2.0NRT,4.15,D,0.44,0.38,,,,,,firms,VIIRS,VIIRS_NOAA21_NRT
5.14818,96.56491,2025-06-22,646,N21,n,2.0NRT,4.2,D,0.43,0.38,,,,,,firms,VIIRS,VIIRS_NOAA21_NRT
-1.81864,136.75221,2025-06-22,1605,N21,n,2.0NRT,1.3,N,0.48,0.4,,,,,,firms,VIIRS,VIIRS_NOAA21_NRT
-1.81798,136.74802,2025-06-22,1605,N21,n,2.0NRT,1.3,N,0.48,0.4,,,,,,firms,VIIRS,VIIRS_NOAA21_NRT
4.6733,113.85622,2025-06-22,1741,N21,n,2.0NRT,0.8,N,0.43,0.38,,,,,,firms,VIIRS,VIIRS_NOAA21_NRT
4.68407,114.15701,2025-06-22,1741,N21,n,2.0NRT,0.69,N,0.42,0.38,,,,,,firms,VIIRS,VIIRS_NOAA21_NRT
5.42803,114.71069,2025-06-22,1741,N21,n,2.0NRT,1.69,N,0.41,0.37,,,,,,firms,VIIRS,VIIRS_NOAA21_NRT
-3.87186,122.40488,2025-06-22,1743,N21,n,2.0NRT,4.13,N,0.63,0.54,,,,,,firms,VIIRS,VIIRS_NOAA21_NRT
-3.87104,122.39927,2025-06-22,1743,N21,n,2.0NRT,3.2,N,0.63,0.54,,,,,,firms,VIIRS,VIIRS_NOAA21_NRT
-3.87021,122.39363,2025-06-22,1743,N21,n,2.0NRT,3.2,N,0.63,0.54,,,,,,firms,VIIRS,VIIRS_NOAA21_NRT
-2.2111,115.49732,2025-06-22,1743,N21,n,2.0NRT,3.01,N,0.39,0.36,,,,,,firms,VIIRS,VIIRS_NOAA21_NRT
-2.17165,115.57085,2025-06-22,1743,N21,n,2.0NRT,0.84,N,0.39,0.36,,,,,,firms,VIIRS,VIIRS_NOAA21_NRT
-2.16556,115.57536,2025-06-22,1743,N21,n,2.0NRT,0.72,N,0.39,0.36,,,,,,firms,VIIRS,VIIRS_NOAA21_NRT
-1.89408,115.864,2025-06-22,1743,N21,n,2.0NRT,5.57,N,0.39,0.36,,,,,,firms,VIIRS,VIIRS_NOAA21_NRT
-1.89075,115.8645,2025-06-22,1743,N21,n,2.0NRT,5.57,N,0.39,0.36,,,,,,firms,VIIRS,VIIRS_NOAA21_NRT
-1.87688,115.86305,2025-06-22,1743,N21,n,2.0NRT,1.87,N,0.39,0.36,,,,,,firms,VIIRS,VIIRS_NOAA21_NRT
-1.52579,114.41951,2025-06-22,1743,N21,n,2.0NRT,0.8,N,0.39,0.36,,,,,,firms,VIIRS,VIIRS_NOAA21_NRT
-1.52245,114.5537,2025-06-22,1743,N21,n,2.0NRT,1.05,N,0.38,0.36,,,,,,firms,VIIRS,VIIRS_NOAA21_NRT
-1.51487,114.39304,2025-06-22,1743,N21,n,2.0NRT,0.62,N,0.39,0.36,,,,,,firms,VIIRS,VIIRS_NOAA21_NRT
-1.45311,114.58544,2025-06-22,1743,N21,n,2.0NRT,1.63,N,0.38,0.36,,,,,,firms,VIIRS,VIIRS_NOAA21_NRT
-1.3636,112.81445,2025-06-22,1743,N21,n,2.0NRT,0.5,N,0.42,0.38,,,,,,firms,VIIRS,VIIRS_NOAA21_NRT
-1.32901,113.96902,2025-06-22,1743,N21,n,2.0NRT,3.36,N,0.39,0.36,,,,,,firms,VIIRS,VIIRS_NOAA21_NRT
-1.29951,113.39015,2025-06-22,1743,N21,n,2.0NRT,0.39,N,0.4,0.37,,,,,,firms,VIIRS,VIIRS_NOAA21_NRT
-1.29217,114.75491,2025-06-22,1743,N21,n,2.0NRT,0.32,N,0.38,0.36,,,,,,firms,VIIRS,VIIRS_NOAA21_NRT
-1.28994,114.76226,2025-06-22,1743,N21,n,2.0NRT,0.58,N,0.38,0.36,,,,,,firms,VIIRS,VIIRS_NOAA21_NRT
-1.27301,114.74033,2025-06-22,1743,N21,n,2.0NRT,0.5,N,0.38,0.36,,,,,,firms,VIIRS,VIIRS_NOAA21_NRT
-1.19744,114.73809,2025-06-22,1743,N21,n,2.0NRT,0.37,N,0.38,0.36,,,,,,firms,VIIRS,VIIRS_NOAA21_NRT
-1.19691,114.73466,2025-06-22,1743,N21,n,2.0NRT,0.53,N,0.38,0.36,,,,,,firms,VIIRS,VIIRS_NOAA21_NRT
-1.1611,114.76468,2025-06-22,1743,N21,n,2.0NRT,0.83,N,0.38,0.36,,,,,,firms,VIIRS,VIIRS_NOAA21_NRT
-0.73177,117.06066,2025-06-22,1743,N21,n,2.0NRT,0.86,N,0.42,0.37,,,,,,firms,VIIRS,VIIRS_NOAA21_NRT
0.66644,103.43465,2025-06-22,1743,N21,n,2.0NRT,3.15,N,0.59,0.7,,,,,,firms,VIIRS,VIIRS_NOAA21_NRT
0.66728,103.42943,2025-06-22,1743,N21,n,2.0NRT,3.19,N,0.59,0.7,,,,,,firms,VIIRS,VIIRS_NOAA21_NRT
0.66826,103.43449,2025-06-22,1743,N21,n,2.0NRT,4.17,N,0.59,0.7,,,,,,firms,VIIRS,VIIRS_NOAA21_NRT
0.66906,103.42926,2025-06-22,1743,N21,n,2.0NRT,4.07,N,0.59,0.7,,,,,,firms,VIIRS,VIIRS_NOAA21_NRT
1.28001,103.70158,2025-06-22,1743,N21,n,2.0NRT,2.13,N,0.58,0.7,,,,,,firms,VIIRS,VIIRS_NOAA21_NRT
1.37429,104.1516,2025-06-22,1743,N21,n,2.0NRT,2.41,N,0.54,0.68,,,,,,firms,VIIRS,VIIRS_NOAA21_NRT
1.37468,104.15401,2025-06-22,1743,N21,n,2.0NRT,2.71,N,0.54,0.68,,,,,,firms,VIIRS,VIIRS_NOAA21_NRT
1.37544,104.14914,2025-06-22,1743,N21,n,2.0NRT,2.71,N,0.54,0.68,,,,,,firms,VIIRS,VIIRS_NOAA21_NRT
1.37977,104.15723,2025-06-22,1743,N21,n,2.0NRT,2.66,N,0.54,0.68,,,,,,firms,VIIRS,VIIRS_NOAA21_NRT
1.38014,104.15955,2025-06-22,1743,N21,n,2.0NRT,3.86,N,0.54,0.68,,,,,,firms,VIIRS,VIIRS_NOAA21_NRT
1.38049,104.15237,2025-06-22,1743,N21,n,2.0NRT,2.66,N,0.54,0.68,,,,,,firms,VIIRS,VIIRS_NOAA21_NRT
1.54209,109.51255,2025-06-22,1743,N21,n,2.0NRT,4.93,N,0.46,0.47,,,,,,firms,VIIRS,VIIRS_NOAA21_NRT
2.737,102.39246,2025-06-22,1743,N21,n,2.0NRT,3.43,N,0.75,0.77,,,,,,firms,VIIRS,VIIRS_NOAA21_NRT
2.73856,102.39188,2025-06-22,1743,N21,n,2.0NRT,4.13,N,0.75,0.77,,,,,,firms,VIIRS,VIIRS_NOAA21_NRT
3.52251,113.31414,2025-06-22,1743,N21,n,2.0NRT,1.53,N,0.44,0.39,,,,,,firms,VIIRS,VIIRS_NOAA21_NRT
3.53583,113.34435,2025-06-22,1743,N21,n,2.0NRT,0.97,N,0.44,0.38,,,,,,firms,VIIRS,VIIRS_NOAA21_NRT
-8.53753,122.77201,2025-06-22,1745,N21,n,2.0NRT,3.48,N,0.39,0.6,,,,,,firms,VIIRS,VIIRS_NOAA21_NRT
-8.53704,122.76828,2025-06-22,1745,N21,n,2.0NRT,3.73,N,0.39,0.6,,,,,,firms,VIIRS,VIIRS_NOAA21_NRT
-8.44855,121.98361,2025-06-22,1745,N21,n,2.0NRT,4.47,N,0.34,0.56,,,,,,firms,VIIRS,VIIRS_NOAA21_NRT
-8.27371,123.5143,2025-06-22,1745,N21,h,2.0NRT,14.4,N,0.44,0.62,,,,,,firms,VIIRS,VIIRS_NOAA21_NRT
-8.2728,123.50707,2025-06-22,1745,N21,n,2.0NRT,6.94,N,0.44,0.62,,,,,,firms,VIIRS,VIIRS_NOAA21_NRT
-8.27212,123.51989,2025-06-22,1745,N21,n,2.0NRT,3.8,N,0.44,0.62,,,,,,firms,VIIRS,VIIRS_NOAA21_NRT
-8.27077,123.50987,2025-06-22,1745,N21,n,2.0NRT,3.8,N,0.44,0.62,,,,,,firms,VIIRS,VIIRS_NOAA21_NRT
-8.11836,114.05688,2025-06-22,1745,N21,n,2.0NRT,4.1,N,0.39,0.36,,,,,,firms,VIIRS,VIIRS_NOAA21_NRT
-8.11465,112.92535,2025-06-22,1745,N21,n,2.0NRT,2.27,N,0.39,0.36,,,,,,firms,VIIRS,VIIRS_NOAA21_NRT
-8.11411,112.92194,2025-06-22,1745,N21,n,2.0NRT,1.08,N,0.39,0.36,,,,,,firms,VIIRS,VIIRS_NOAA21_NRT
-8.11136,112.92593,2025-06-22,1745,N21,n,2.0NRT,3.65,N,0.39,0.36,,,,,,firms,VIIRS,VIIRS_NOAA21_NRT
-8.11083,112.92252,2025-06-22,1745,N21,n,2.0NRT,3.68,N,0.39,0.36,,,,,,firms,VIIRS,VIIRS_NOAA21_NRT
-7.54358,110.44353,2025-06-22,1745,N21,n,2.0NRT,0.42,N,0.46,0.39,,,,,,firms,VIIRS,VIIRS_NOAA21_NRT
-7.24132,109.21511,2025-06-22,1745,N21,n,2.0NRT,0.84,N,0.54,0.42,,,,,,firms,VIIRS,VIIRS_NOAA21_NRT
-7.24096,111.73369,2025-06-22,1745,N21,n,2.0NRT,2.39,N,0.41,0.37,,,,,,firms,VIIRS,VIIRS_NOAA21_NRT
-6.86825,111.90966,2025-06-22,1745,N21,n,2.0NRT,1.24,N,0.41,0.37,,,,,,firms,VIIRS,VIIRS_NOAA21_NRT
-6.48216,106.90013,2025-06-22,1745,N21,n,2.0NRT,1.4,N,0.52,0.5,,,,,,firms,VIIRS,VIIRS_NOAA21_NRT
-3.80582,103.81808,2025-06-22,1745,N21,n,2.0NRT,1.05,N,0.47,0.64,,,,,,firms,VIIRS,VIIRS_NOAA21_NRT
-3.80505,103.81368,2025-06-22,1745,N21,n,2.0NRT,1.05,N,0.47,0.64,,,,,,firms,VIIRS,VIIRS_NOAA21_NRT
-3.78333,103.82442,2025-06-22,1745,N21,n,2.0NRT,1.69,N,0.47,0.64,,,,,,firms,VIIRS,VIIRS_NOAA21_NRT
-3.41366,104.1478,2025-06-22,1745,N21,n,2.0NRT,1.02,N,0.45,0.63,,,,,,firms,VIIRS,VIIRS_NOAA21_NRT
-2.75334,105.28013,2025-06-22,1745,N21,n,2.0NRT,1.03,N,0.39,0.59,,,,,,firms,VIIRS,VIIRS_NOAA21_NRT
-2.4515,106.01745,2025-06-22,1745,N21,n,2.0NRT,1.24,N,0.35,0.56,,,,,,firms,VIIRS,VIIRS_NOAA21_NRT
-2.44959,106.01878,2025-06-22,1745,N21,n,2.0NRT,1.04,N,0.35,0.57,,,,,,firms,VIIRS,VIIRS_NOAA21_NRT
0.66339,103.43174,2025-06-22,1923,N21,n,2.0NRT,1.27,N,0.75,0.77,,,,,,firms,VIIRS,VIIRS_NOAA21_NRT
0.66945,103.43047,2025-06-22,1923,N21,n,2.0NRT,3.01,N,0.75,0.77,,,,,,firms,VIIRS,VIIRS_NOAA21_NRT
1.1417,99.66801,2025-06-22,1923,N21,n,2.0NRT,0.91,N,0.4,0.6,,,,,,firms,VIIRS,VIIRS_NOAA21_NRT
1.84365,100.96233,2025-06-22,1923,N21,n,2.0NRT,0.87,N,0.49,0.65,,,,,,firms,VIIRS,VIIRS_NOAA21_NRT
2.07351,100.3497,2025-06-22,1923,N21,n,2.0NRT,0.96,N,0.44,0.62,,,,,,firms,VIIRS,VIIRS_NOAA21_NRT
2.67664,97.78461,2025-06-22,1923,N21,n,2.0NRT,1.18,N,0.56,0.52,,,,,,firms,VIIRS,VIIRS_NOAA21_NRT
2.94499,97.43597,2025-06-22,1923,N21,n,2.0NRT,1.32,N,0.53,0.5,,,,,,firms,VIIRS,VIIRS_NOAA21_NRT
4.55327,101.10535,2025-06-22,1923,N21,n,2.0NRT,2.08,N,0.45,0.63,,,,,,firms,VIIRS,VIIRS_NOAA21_NRT
4.55393,101.1014,2025-06-22,1923,N21,n,2.0NRT,2.36,N,0.45,0.63,,,,,,firms,VIIRS,VIIRS_NOAA21_NRT
4.55572,101.10323,2025-06-22,1923,N21,n,2.0NRT,2.9,N,0.45,0.63,,,,,,firms,VIIRS,VIIRS_NOAA21_NRT
5.83505,100.49953,2025-06-22,1923,N21,n,2.0NRT,1.28,N,0.39,0.59,,,,,,firms,VIIRS,VIIRS_NOAA21_NRT
5.8377,100.50089,2025-06-22,1923,N21,n,2.0NRT,3.08,N,0.39,0.59,,,,,,firms,VIIRS,VIIRS_NOAA21_NRT
-9.92456,120.1517,2025-06-23,442,N21,n,2.0NRT,4.79,D,0.61,0.71,,,,,,firms,VIIRS,VIIRS_NOAA21_NRT
-9.61351,119.93597,2025-06-23,442,N21,n,2.0NRT,11.0,D,0.63,0.72,,,,,,firms,VIIRS,VIIRS_NOAA21_NRT
-8.56049,122.14996,2025-06-23,442,N21,n,2.0NRT,10.48,D,0.43,0.62,,,,,,firms,VIIRS,VIIRS_NOAA21_NRT
-8.55801,126.04951,2025-06-23,442,N21,n,2.0NRT,6.25,D,0.46,0.47,,,,,,firms,VIIRS,VIIRS_NOAA21_NRT
-8.55643,126.04934,2025-06-23,442,N21,n,2.0NRT,4.78,D,0.46,0.47,,,,,,firms,VIIRS,VIIRS_NOAA21_NRT
-3.93089,138.37134,2025-06-23,442,N21,n,2.0NRT,8.46,D,0.55,0.51,,,,,,firms,VIIRS,VIIRS_NOAA21_NRT
-3.70549,138.0495,2025-06-23,442,N21,n,2.0NRT,3.82,D,0.53,0.5,,,,,,firms,VIIRS,VIIRS_NOAA21_NRT
-3.69132,138.1086,2025-06-23,442,N21,n,2.0NRT,21.4,D,0.53,0.5,,,,,,firms,VIIRS,VIIRS_NOAA21_NRT
-3.69076,138.11003,2025-06-23,442,N21,n,2.0NRT,23.43,D,0.53,0.5,,,,,,firms,VIIRS,VIIRS_NOAA21_NRT
-3.6431,138.23296,2025-06-23,442,N21,n,2.0NRT,11.43,D,0.54,0.51,,,,,,firms,VIIRS,VIIRS_NOAA21_NRT
-10.03539,120.73698,2025-06-23,622,N21,n,2.0NRT,12.01,D,0.72,0.76,,,,,,firms,VIIRS,VIIRS_NOAA21_NRT
-8.17346,113.34505,2025-06-23,622,N21,n,2.0NRT,4.81,D,0.49,0.49,,,,,,firms,VIIRS,VIIRS_NOAA21_NRT
-7.35661,112.03193,2025-06-23,622,N21,n,2.0NRT,4.92,D,0.42,0.45,,,,,,firms,VIIRS,VIIRS_NOAA21_NRT
-4.05021,102.54958,2025-06-23,622,N21,n,2.0NRT,4.3,D,0.47,0.4,,,,,,firms,VIIRS,VIIRS_NOAA21_NRT
-3.80612,103.81898,2025-06-23,622,N21,n,2.0NRT,10.3,D,0.41,0.37,,,,,,firms,VIIRS,VIIRS_NOAA21_NRT
-3.32797,103.96818,2025-06-23,622,N21,n,2.0NRT,10.0,D,0.41,0.37,,,,,,firms,VIIRS,VIIRS_NOAA21_NRT
-3.12845,104.07869,2025-06-23,622,N21,l,2.0NRT,58.6,D,0.4,0.37,,,,,,firms,VIIRS,VIIRS_NOAA21_NRT
-3.1279,104.0823,2025-06-23,622,N21,n,2.0NRT,58.6,D,0.4,0.37,,,,,,firms,VIIRS,VIIRS_NOAA21_NRT
-3.08611,103.94672,2025-06-23,622,N21,n,2.0NRT,30.94,D,0.41,0.37,,,,,,firms,VIIRS,VIIRS_NOAA21_NRT
-3.04284,106.71243,2025-06-23,622,N21,n,2.0NRT,8.71,D,0.39,0.36,,,,,,firms,VIIRS,VIIRS_NOAA21_NRT
-2.84388,106.16959,2025-06-23,622,N21,n,2.0NRT,3.93,D,0.39,0.36,,,,,,firms,VIIRS,VIIRS_NOAA21_NRT
-2.36071,106.06184,2025-06-23,622,N21,n,2.0NRT,17.08,D,0.39,0.36,,,,,,firms,VIIRS,VIIRS_NOAA21_NRT
-2.2191,102.17631,2025-06-23,622,N21,n,2.0NRT,8.35,D,0.47,0.4,,,,,,firms,VIIRS,VIIRS_NOAA21_NRT
-1.99707,105.61613,2025-06-23,622,N21,n,2.0NRT,3.67,D,0.38,0.36,,,,,,firms,VIIRS,VIIRS_NOAA21_NRT
-1.96959,110.60706,2025-06-23,622,N21,n,2.0NRT,4.26,D,0.41,0.45,,,,,,firms,VIIRS,VIIRS_NOAA21_NRT
-1.89752,115.8621,2025-06-23,622,N21,n,2.0NRT,5.61,D,0.47,0.64,,,,,,firms,VIIRS,VIIRS_NOAA21_NRT
-1.89167,115.86114,2025-06-23,622,N21,n,2.0NRT,5.61,D,0.47,0.64,,,,,,firms,VIIRS,VIIRS_NOAA21_NRT
-1.62181,110.94113,2025-06-23,622,N21,n,2.0NRT,6.61,D,0.43,0.46,,,,,,firms,VIIRS,VIIRS_NOAA21_NRT
-1.6212,110.94501,2025-06-23,622,N21,n,2.0NRT,7.42,D,0.43,0.46,,,,,,firms,VIIRS,VIIRS_NOAA21_NRT
-1.5424,115.02023,2025-06-23,622,N21,n,2.0NRT,2.22,D,0.41,0.61,,,,,,firms,VIIRS,VIIRS_NOAA21_NRT
-1.52609,105.89566,2025-06-23,622,N21,n,2.0NRT,2.72,D,0.39,0.36,,,,,,firms,VIIRS,VIIRS_NOAA21_NRT
-1.30622,114.76256,2025-06-23,622,N21,n,2.0NRT,5.11,D,0.4,0.6,,,,,,firms,VIIRS,VIIRS_NOAA21_NRT
-1.2591,110.56727,2025-06-23,622,N21,n,2.0NRT,1.99,D,0.42,0.45,,,,,,firms,VIIRS,VIIRS_NOAA21_NRT
-1.25497,110.56664,2025-06-23,622,N21,n,2.0NRT,3.46,D,0.42,0.45,,,,,,firms,VIIRS,VIIRS_NOAA21_NRT
-0.65942,114.63247,2025-06-23,622,N21,n,2.0NRT,9.5,D,0.4,0.6,,,,,,firms,VIIRS,VIIRS_NOAA21_NRT
-0.65887,114.63587,2025-06-23,622,N21,n,2.0NRT,11.39,D,0.4,0.6,,,,,,firms,VIIRS,VIIRS_NOAA21_NRT
-0.55591,110.37173,2025-06-23,625,N21,n,2.0NRT,8.72,D,0.41,0.45,,,,,,firms,VIIRS,VIIRS_NOAA21_NRT
-0.5549,110.37107,2025-06-23,625,N21,n,2.0NRT,8.06,D,0.41,0.45,,,,,,firms,VIIRS,VIIRS_NOAA21_NRT
-0.42513,110.29853,2025-06-23,625,N21,n,2.0NRT,7.93,D,0.41,0.45,,,,,,firms,VIIRS,VIIRS_NOAA21_NRT
0.19749,110.06424,2025-06-23,625,N21,n,2.0NRT,5.05,D,0.4,0.45,,,,,,firms,VIIRS,VIIRS_NOAA21_NRT
0.25258,99.24036,2025-06-23,625,N21,n,2.0NRT,5.78,D,0.43,0.46,,,,,,firms,VIIRS,VIIRS_NOAA21_NRT
0.27173,99.25322,2025-06-23,625,N21,n,2.0NRT,2.48,D,0.43,0.46,,,,,,firms,VIIRS,VIIRS_NOAA21_NRT
0.27377,110.53567,2025-06-23,625,N21,n,2.0NRT,2.67,D,0.44,0.46,,,,,,firms,VIIRS,VIIRS_NOAA21_NRT
0.2843,99.25145,2025-06-23,625,N21,n,2.0NRT,3.98,D,0.43,0.46,,,,,,firms,VIIRS,VIIRS_NOAA21_NRT
0.28789,99.24702,2025-06-23,625,N21,n,2.0NRT,10.51,D,0.43,0.46,,,,,,firms,VIIRS,VIIRS_NOAA21_NRT
0.28844,99.27811,2025-06-23,625,N21,n,2.0NRT,33.77,D,0.43,0.46,,,,,,firms,VIIRS,VIIRS_NOAA21_NRT
0.31001,99.25167,2025-06-23,625,N21,n,2.0NRT,3.92,D,0.43,0.46,,,,,,firms,VIIRS,VIIRS_NOAA21_NRT
0.34882,99.27087,2025-06-23,625,N21,n,2.0NRT,3.24,D,0.43,0.46,,,,,,firms,VIIRS,VIIRS_NOAA21_NRT
0.39614,109.55267,2025-06-23,625,N21,n,2.0NRT,9.56,D,0.57,0.43,,,,,,firms,VIIRS,VIIRS_NOAA21_NRT
0.39736,109.55514,2025-06-23,625,N21,n,2.0NRT,9.84,D,0.57,0.43,,,,,,firms,VIIRS,VIIRS_NOAA21_NRT
0.47262,111.38613,2025-06-23,625,N21,n,2.0NRT,9.99,D,0.5,0.49,,,,,,firms,VIIRS,VIIRS_NOAA21_NRT
0.47475,111.38236,2025-06-23,625,N21,n,2.0NRT,10.52,D,0.5,0.49,,,,,,firms,VIIRS,VIIRS_NOAA21_NRT
0.50363,109.64488,2025-06-23,625,N21,n,2.0NRT,7.87,D,0.38,0.44,,,,,,firms,VIIRS,VIIRS_NOAA21_NRT
0.51749,109.39777,2025-06-23,625,N21,n,2.0NRT,17.37,D,0.56,0.43,,,,,,firms,VIIRS,VIIRS_NOAA21_NRT
0.5395,109.54333,2025-06-23,625,N21,n,2.0NRT,7.0,D,0.57,0.43,,,,,,firms,VIIRS,VIIRS_NOAA21_NRT
0.635,109.37779,2025-06-23,625,N21,n,2.0NRT,6.81,D,0.56,0.43,,,,,,firms,VIIRS,VIIRS_NOAA21_NRT
0.68624,117.55464,2025-06-23,625,N21,n,2.0NRT,5.17,D,0.67,0.74,,,,,,firms,VIIRS,VIIRS_NOAA21_NRT
0.71819,117.11055,2025-06-23,625,N21,n,2.0NRT,7.16,D,0.63,0.72,,,,,,firms,VIIRS,VIIRS_NOAA21_NRT
0.71969,117.11351,2025-06-23,625,N21,n,2.0NRT,8.99,D,0.63,0.72,,,,,,firms,VIIRS,VIIRS_NOAA21_NRT
0.75406,110.02375,2025-06-23,625,N21,n,2.0NRT,3.71,D,0.41,0.45,,,,,,firms,VIIRS,VIIRS_NOAA21_NRT
0.81051,117.10789,2025-06-23,625,N21,n,2.0NRT,7.15,D,0.63,0.72,,,,,,firms,VIIRS,VIIRS_NOAA21_NRT
0.81588,109.29921,2025-06-23,625,N21,n,2.0NRT,3.5,D,0.56,0.43,,,,,,firms,VIIRS,VIIRS_NOAA21_NRT
0.90107,112.92699,2025-06-23,625,N21,n,2.0NRT,6.62,D,0.32,0.55,,,,,,firms,VIIRS,VIIRS_NOAA21_NRT
0.96791,110.59915,2025-06-23,625,N21,n,2.0NRT,4.49,D,0.45,0.47,,,,,,firms,VIIRS,VIIRS_NOAA21_NRT
1.2049,110.00015,2025-06-23,625,N21,n,2.0NRT,14.02,D,0.41,0.45,,,,,,firms,VIIRS,VIIRS_NOAA21_NRT
1.22841,99.47727,2025-06-23,625,N21,n,2.0NRT,5.82,D,0.4,0.44,,,,,,firms,VIIRS,VIIRS_NOAA21_NRT
1.2486,109.44782,2025-06-23,625,N21,n,2.0NRT,2.58,D,0.38,0.43,,,,,,firms,VIIRS,VIIRS_NOAA21_NRT
1.26056,109.9313,2025-06-23,625,N21,n,2.0NRT,3.08,D,0.41,0.45,,,,,,firms,VIIRS,VIIRS_NOAA21_NRT
1.26991,109.93753,2025-06-23,625,N21,n,2.0NRT,3.5,D,0.41,0.45,,,,,,firms,VIIRS,VIIRS_NOAA21_NRT
1.28357,109.83479,2025-06-23,625,N21,n,2.0NRT,2.6,D,0.41,0.45,,,,,,firms,VIIRS,VIIRS_NOAA21_NRT
1.54276,109.51115,2025-06-23,625,N21,n,2.0NRT,7.25,D,0.39,0.44,,,,,,firms,VIIRS,VIIRS_NOAA21_NRT
1.54329,109.51463,2025-06-23,625,N21,n,2.0NRT,7.25,D,0.39,0.44,,,,,,firms,VIIRS,VIIRS_NOAA21_NRT
1.59918,109.91039,2025-06-23,625,N21,n,2.0NRT,9.92,D,0.41,0.45,,,,,,firms,VIIRS,VIIRS_NOAA21_NRT
1.76959,99.91208,2025-06-23,625,N21,n,2.0NRT,5.98,D,0.56,0.43,,,,,,firms,VIIRS,VIIRS_NOAA21_NRT
2.13646,98.90266,2025-06-23,625,N21,n,2.0NRT,3.24,D,0.43,0.46,,,,,,firms,VIIRS,VIIRS_NOAA21_NRT
2.13829,98.90176,2025-06-23,625,N21,n,2.0NRT,4.16,D,0.42,0.46,,,,,,firms,VIIRS,VIIRS_NOAA21_NRT
2.14267,98.97049,2025-06-23,625,N21,n,2.0NRT,4.16,D,0.42,0.45,,,,,,firms,VIIRS,VIIRS_NOAA21_NRT
2.14498,98.96944,2025-06-23,625,N21,n,2.0NRT,4.58,D,0.42,0.45,,,,,,firms,VIIRS,VIIRS_NOAA21_NRT
2.16851,98.87775,2025-06-23,625,N21,n,2.0NRT,20.53,D,0.43,0.46,,,,,,firms,VIIRS,VIIRS_NOAA21_NRT
2.20862,98.77951,2025-06-23,625,N21,n,2.0NRT,5.57,D,0.43,0.46,,,,,,firms,VIIRS,VIIRS_NOAA21_NRT
2.23144,98.77956,2025-06-23,625,N21,n,2.0NRT,6.87,D,0.43,0.46,,,,,,firms,VIIRS,VIIRS_NOAA21_NRT
2.26416,98.41147,2025-06-23,625,N21,n,2.0NRT,4.22,D,0.46,0.47,,,,,,firms,VIIRS,VIIRS_NOAA21_NRT
2.2699,98.42942,2025-06-23,625,N21,n,2.0NRT,2.51,D,0.45,0.47,,,,,,firms,VIIRS,VIIRS_NOAA21_NRT
2.28096,98.38934,2025-06-23,625,N21,n,2.0NRT,5.04,D,0.46,0.47,,,,,,firms,VIIRS,VIIRS_NOAA21_NRT
2.29105,98.39725,2025-06-23,625,N21,n,2.0NRT,5.37,D,0.46,0.47,,,,,,firms,VIIRS,VIIRS_NOAA21_NRT
2.31086,98.84911,2025-06-23,625,N21,n,2.0NRT,8.9,D,0.43,0.46,,,,,,firms,VIIRS,VIIRS_NOAA21_NRT
2.33177,98.79159,2025-06-23,625,N21,n,2.0NRT,7.65,D,0.43,0.46,,,,,,firms,VIIRS,VIIRS_NOAA21_NRT
2.33333,98.79211,2025-06-23,625,N21,n,2.0NRT,7.57,D,0.43,0.46,,,,,,firms,VIIRS,VIIRS_NOAA21_NRT
2.45758,99.09405,2025-06-23,625,N21,n,2.0NRT,4.04,D,0.41,0.45,,,,,,firms,VIIRS,VIIRS_NOAA21_NRT
2.56102,99.00796,2025-06-23,625,N21,n,2.0NRT,3.2,D,0.41,0.45,,,,,,firms,VIIRS,VIIRS_NOAA21_NRT
2.64152,98.93767,2025-06-23,625,N21,n,2.0NRT,9.57,D,0.42,0.45,,,,,,firms,VIIRS,VIIRS_NOAA21_NRT
2.76345,98.91579,2025-06-23,625,N21,n,2.0NRT,8.6,D,0.42,0.45,,,,,,firms,VIIRS,VIIRS_NOAA21_NRT
2.90378,112.50732,2025-06-23,625,N21,n,2.0NRT,3.27,D,0.33,0.55,,,,,,firms,VIIRS,VIIRS_NOAA21_NRT
3.13629,103.01424,2025-06-23,625,N21,n,2.0NRT,10.1,D,0.4,0.37,,,,,,firms,VIIRS,VIIRS_NOAA21_NRT
3.21049,98.10164,2025-06-23,625,N21,n,2.0NRT,5.06,D,0.46,0.47,,,,,,firms,VIIRS,VIIRS_NOAA21_NRT
3.52518,113.31335,2025-06-23,625,N21,n,2.0NRT,4.46,D,0.38,0.59,,,,,,firms,VIIRS,VIIRS_NOAA21_NRT
3.53843,101.12348,2025-06-23,625,N21,n,2.0NRT,5.43,D,0.46,0.39,,,,,,firms,VIIRS,VIIRS_NOAA21_NRT
3.54195,113.3526,2025-06-23,625,N21,n,2.0NRT,3.51,D,0.38,0.59,,,,,,firms,VIIRS,VIIRS_NOAA21_NRT
3.56676,101.07803,2025-06-23,625,N21,l,2.0NRT,3.87,D,0.46,0.39,,,,,,firms,VIIRS,VIIRS_NOAA21_NRT
3.59373,101.08643,2025-06-23,625,N21,n,2.0NRT,3.59,D,0.46,0.39,,,,,,firms,VIIRS,VIIRS_NOAA21_NRT
3.59896,101.0731,2025-06-23,625,N21,n,2.0NRT,3.37,D,0.46,0.39,,,,,,firms,VIIRS,VIIRS_NOAA21_NRT
3.60189,101.06847,2025-06-23,625,N21,n,2.0NRT,5.24,D,0.46,0.39,,,,,,firms,VIIRS,VIIRS_NOAA21_NRT
3.63306,101.08041,2025-06-23,625,N21,n,2.0NRT,3.88,D,0.46,0.39,,,,,,firms,VIIRS,VIIRS_NOAA21_NRT
3.91738,97.36652,2025-06-23,625,N21,n,2.0NRT,30.28,D,0.51,0.49,,,,,,firms,VIIRS,VIIRS_NOAA21_NRT
4.28779,103.42609,2025-06-23,625,N21,l,2.0NRT,4.06,D,0.39,0.36,,,,,,firms,VIIRS,VIIRS_NOAA21_NRT
4.44487,95.8933,2025-06-23,625,N21,n,2.0NRT,27.3,D,0.63,0.54,,,,,,firms,VIIRS,VIIRS_NOAA21_NRT
4.44641,95.89141,2025-06-23,625,N21,n,2.0NRT,31.07,D,0.62,0.54,,,,,,firms,VIIRS,VIIRS_NOAA21_NRT
4.44979,95.89252,2025-06-23,625,N21,n,2.0NRT,12.26,D,0.63,0.54,,,,,,firms,VIIRS,VIIRS_NOAA21_NRT
4.48998,96.80339,2025-06-23,625,N21,n,2.0NRT,5.07,D,0.54,0.51,,,,,,firms,VIIRS,VIIRS_NOAA21_NRT
4.54,95.87663,2025-06-23,625,N21,n,2.0NRT,23.3,D,0.62,0.54,,,,,,firms,VIIRS,VIIRS_NOAA21_NRT
4.55238,96.69663,2025-06-23,625,N21,n,2.0NRT,5.21,D,0.55,0.51,,,,,,firms,VIIRS,VIIRS_NOAA21_NRT
4.57696,103.45157,2025-06-23,625,N21,n,2.0NRT,3.67,D,0.39,0.36,,,,,,firms,VIIRS,VIIRS_NOAA21_NRT
4.61415,96.09175,2025-06-23,625,N21,n,2.0NRT,20.26,D,0.6,0.53,,,,,,firms,VIIRS,VIIRS_NOAA21_NRT
4.61569,96.09443,2025-06-23,625,N21,n,2.0NRT,20.22,D,0.6,0.53,,,,,,firms,VIIRS,VIIRS_NOAA21_NRT
4.67603,113.85828,2025-06-23,625,N21,n,2.0NRT,9.06,D,0.43,0.62,,,,,,firms,VIIRS,VIIRS_NOAA21_NRT
4.69658,96.8868,2025-06-23,625,N21,n,2.0NRT,7.45,D,0.53,0.5,,,,,,firms,VIIRS,VIIRS_NOAA21_NRT
4.76432,96.66852,2025-06-23,625,N21,n,2.0NRT,6.98,D,0.55,0.51,,,,,,firms,VIIRS,VIIRS_NOAA21_NRT
4.87722,96.8952,2025-06-23,625,N21,n,2.0NRT,2.5,D,0.53,0.5,,,,,,firms,VIIRS,VIIRS_NOAA21_NRT
4.9797,112.98523,2025-06-23,625,N21,h,2.0NRT,8.34,D,0.38,0.59,,,,,,firms,VIIRS,VIIRS_NOAA21_NRT
5.21083,114.74654,2025-06-23,625,N21,n,2.0NRT,7.13,D,0.51,0.66,,,,,,firms,VIIRS,VIIRS_NOAA21_NRT
5.37989,115.54567,2025-06-23,625,N21,n,2.0NRT,8.12,D,0.58,0.69,,,,,,firms,VIIRS,VIIRS_NOAA21_NRT
5.1034,96.44854,2025-06-23,627,N21,n,2.0NRT,8.22,D,0.56,0.51,,,,,,firms,VIIRS,VIIRS_NOAA21_NRT
5.10414,96.45287,2025-06-23,627,N21,n,2.0NRT,7.73,D,0.56,0.51,,,,,,firms,VIIRS,VIIRS_NOAA21_NRT
5.10612,96.45129,2025-06-23,627,N21,n,2.0NRT,15.21,D,0.56,0.51,,,,,,firms,VIIRS,VIIRS_NOAA21_NRT
5.10874,96.45165,2025-06-23,627,N21,n,2.0NRT,7.73,D,0.56,0.51,,,,,,firms,VIIRS,VIIRS_NOAA21_NRT
1.49422,127.63657,2025-06-23,1724,N21,n,2.0NRT,2.86,N,0.56,0.52,,,,,,firms,VIIRS,VIIRS_NOAA21_NRT
1.7009,127.87711,2025-06-23,1724,N21,n,2.0NRT,8.22,N,0.58,0.52,,,,,,firms,VIIRS,VIIRS_NOAA21_NRT
1.94371,109.4732,2025-06-23,1724,N21,n,2.0NRT,1.97,N,0.5,0.66,,,,,,firms,VIIRS,VIIRS_NOAA21_NRT
2.38845,111.34772,2025-06-23,1724,N21,n,2.0NRT,1.94,N,0.38,0.59,,,,,,firms,VIIRS,VIIRS_NOAA21_NRT
2.39195,111.34884,2025-06-23,1724,N21,n,2.0NRT,1.71,N,0.38,0.59,,,,,,firms,VIIRS,VIIRS_NOAA21_NRT
4.98124,112.98043,2025-06-23,1724,N21,n,2.0NRT,4.41,N,0.32,0.54,,,,,,firms,VIIRS,VIIRS_NOAA21_NRT
-0.58327,117.38613,2025-06-23,1726,N21,n,2.0NRT,0.71,N,0.43,0.38,,,,,,firms,VIIRS,VIIRS_NOAA21_NRT
-8.20028,112.16243,2025-06-23,1728,N21,n,2.0NRT,1.44,N,0.45,0.47,,,,,,firms,VIIRS,VIIRS_NOAA21_NRT
-8.11953,114.06008,2025-06-23,1728,N21,n,2.0NRT,3.52,N,0.52,0.41,,,,,,firms,VIIRS,VIIRS_NOAA21_NRT
-8.11873,114.05521,2025-06-23,1728,N21,n,2.0NRT,3.52,N,0.52,0.41,,,,,,firms,VIIRS,VIIRS_NOAA21_NRT
-8.11204,112.92344,2025-06-23,1728,N21,n,2.0NRT,3.12,N,0.4,0.45,,,,,,firms,VIIRS,VIIRS_NOAA21_NRT
-7.68896,112.86901,2025-06-23,1728,N21,n,2.0NRT,1.02,N,0.41,0.45,,,,,,firms,VIIRS,VIIRS_NOAA21_NRT
-7.54499,110.42663,2025-06-23,1728,N21,n,2.0NRT,1.04,N,0.6,0.53,,,,,,firms,VIIRS,VIIRS_NOAA21_NRT
-7.54248,110.44055,2025-06-23,1728,N21,n,2.0NRT,0.77,N,0.6,0.53,,,,,,firms,VIIRS,VIIRS_NOAA21_NRT
-7.54035,110.42862,2025-06-23,1728,N21,n,2.0NRT,1.71,N,0.6,0.53,,,,,,firms,VIIRS,VIIRS_NOAA21_NRT
-7.26673,112.67927,2025-06-23,1728,N21,n,2.0NRT,2.04,N,0.43,0.46,,,,,,firms,VIIRS,VIIRS_NOAA21_NRT
-6.55067,108.09244,2025-06-23,1728,N21,n,2.0NRT,1.35,N,0.45,0.63,,,,,,firms,VIIRS,VIIRS_NOAA21_NRT
-6.54598,108.09402,2025-06-23,1728,N21,n,2.0NRT,1.69,N,0.45,0.63,,,,,,firms,VIIRS,VIIRS_NOAA21_NRT
-6.24493,107.49405,2025-06-23,1728,N21,n,2.0NRT,0.5,N,0.5,0.66,,,,,,firms,VIIRS,VIIRS_NOAA21_NRT
4.65762,103.37883,2025-06-23,1904,N21,n,2.0NRT,3.72,N,0.6,0.53,,,,,,firms,VIIRS,VIIRS_NOAA21_NRT
4.82488,100.73426,2025-06-23,1904,N21,n,2.0NRT,2.19,N,0.4,0.44,,,,,,firms,VIIRS,VIIRS_NOAA21_NRT
4.98577,96.69804,2025-06-23,1904,N21,n,2.0NRT,0.66,N,0.39,0.36,,,,,,firms,VIIRS,VIIRS_NOAA21_NRT
5.10994,96.451,2025-06-23,1904,N21,n,2.0NRT,0.8,N,0.39,0.36,,,,,,firms,VIIRS,VIIRS_NOAA21_NRT
5.83687,100.49913,2025-06-23,1904,N21,n,2.0NRT,0.89,N,0.56,0.43,,,,,,firms,VIIRS,VIIRS_NOAA21_NRT
-7.79532,125.97448,2025-06-24,421,N21,n,2.0NRT,9.98,D,0.49,0.65,,,,,,firms,VIIRS,VIIRS_NOAA21_NRT
-7.7921,125.97099,2025-06-24,421,N21,n,2.0NRT,4.33,D,0.49,0.65,,,,,,firms,VIIRS,VIIRS_NOAA21_NRT
-3.66097,138.33348,2025-06-24,423,N21,n,2.0NRT,10.19,D,0.43,0.38,,,,,,firms,VIIRS,VIIRS_NOAA21_NRT
-1.81866,136.74959,2025-06-24,423,N21,n,2.0NRT,11.45,D,0.4,0.37,,,,,,firms,VIIRS,VIIRS_NOAA21_NRT
-9.84031,120.52113,2025-06-24,603,N21,n,2.0NRT,3.14,D,0.34,0.56,,,,,,firms,VIIRS,VIIRS_NOAA21_NRT
-8.17366,113.34488,2025-06-24,603,N21,n,2.0NRT,2.2,D,0.41,0.37,,,,,,firms,VIIRS,VIIRS_NOAA21_NRT
-7.7021,108.99577,2025-06-24,603,N21,n,2.0NRT,4.6,D,0.43,0.38,,,,,,firms,VIIRS,VIIRS_NOAA21_NRT
-6.84081,108.50511,2025-06-24,603,N21,n,2.0NRT,1.97,D,0.44,0.38,,,,,,firms,VIIRS,VIIRS_NOAA21_NRT
-6.72766,108.46315,2025-06-24,603,N21,n,2.0NRT,4.28,D,0.44,0.38,,,,,,firms,VIIRS,VIIRS_NOAA21_NRT
-2.58093,121.37544,2025-06-24,603,N21,n,2.0NRT,8.7,D,0.52,0.66,,,,,,firms,VIIRS,VIIRS_NOAA21_NRT
-2.08902,101.04126,2025-06-24,605,N21,n,2.0NRT,4.2,D,0.37,0.58,,,,,,firms,VIIRS,VIIRS_NOAA21_NRT
-1.66171,110.64925,2025-06-24,605,N21,n,2.0NRT,4.99,D,0.39,0.36,,,,,,firms,VIIRS,VIIRS_NOAA21_NRT
-1.52893,100.70314,2025-06-24,605,N21,n,2.0NRT,2.91,D,0.39,0.59,,,,,,firms,VIIRS,VIIRS_NOAA21_NRT
-1.52562,100.70463,2025-06-24,605,N21,n,2.0NRT,3.76,D,0.39,0.59,,,,,,firms,VIIRS,VIIRS_NOAA21_NRT
-1.08149,100.53084,2025-06-24,605,N21,h,2.0NRT,9.05,D,0.39,0.59,,,,,,firms,VIIRS,VIIRS_NOAA21_NRT
-0.77978,100.95438,2025-06-24,605,N21,n,2.0NRT,1.51,D,0.36,0.57,,,,,,firms,VIIRS,VIIRS_NOAA21_NRT
-0.77526,100.6386,2025-06-24,605,N21,n,2.0NRT,2.7,D,0.38,0.59,,,,,,firms,VIIRS,VIIRS_NOAA21_NRT
-0.76875,100.99152,2025-06-24,605,N21,n,2.0NRT,10.26,D,0.36,0.57,,,,,,firms,VIIRS,VIIRS_NOAA21_NRT
-0.76827,100.99464,2025-06-24,605,N21,h,2.0NRT,10.26,D,0.36,0.57,,,,,,firms,VIIRS,VIIRS_NOAA21_NRT
-0.76558,100.63036,2025-06-24,605,N21,n,2.0NRT,3.17,D,0.38,0.59,,,,,,firms,VIIRS,VIIRS_NOAA21_NRT
-0.73733,100.88041,2025-06-24,605,N21,n,2.0NRT,36.62,D,0.36,0.58,,,,,,firms,VIIRS,VIIRS_NOAA21_NRT
-0.63493,101.12797,2025-06-24,605,N21,n,2.0NRT,3.71,D,0.35,0.57,,,,,,firms,VIIRS,VIIRS_NOAA21_NRT
-0.13501,100.46622,2025-06-24,605,N21,n,2.0NRT,4.54,D,0.38,0.59,,,,,,firms,VIIRS,VIIRS_NOAA21_NRT
-0.01729,110.02075,2025-06-24,605,N21,n,2.0NRT,10.17,D,0.39,0.36,,,,,,firms,VIIRS,VIIRS_NOAA21_NRT
-0.01677,110.02419,2025-06-24,605,N21,n,2.0NRT,10.17,D,0.39,0.36,,,,,,firms,VIIRS,VIIRS_NOAA21_NRT
-0.01399,110.02026,2025-06-24,605,N21,n,2.0NRT,10.17,D,0.39,0.36,,,,,,firms,VIIRS,VIIRS_NOAA21_NRT
0.07489,110.13345,2025-06-24,605,N21,n,2.0NRT,6.95,D,0.39,0.36,,,,,,firms,VIIRS,VIIRS_NOAA21_NRT
0.09257,110.04975,2025-06-24,605,N21,n,2.0NRT,3.06,D,0.39,0.36,,,,,,firms,VIIRS,VIIRS_NOAA21_NRT
0.22073,99.24551,2025-06-24,605,N21,n,2.0NRT,8.91,D,0.46,0.63,,,,,,firms,VIIRS,VIIRS_NOAA21_NRT
0.25771,109.86139,2025-06-24,605,N21,n,2.0NRT,48.18,D,0.38,0.36,,,,,,firms,VIIRS,VIIRS_NOAA21_NRT
0.28326,99.22439,2025-06-24,605,N21,n,2.0NRT,4.83,D,0.46,0.63,,,,,,firms,VIIRS,VIIRS_NOAA21_NRT
0.28895,99.22681,2025-06-24,605,N21,n,2.0NRT,10.75,D,0.46,0.63,,,,,,firms,VIIRS,VIIRS_NOAA21_NRT
0.28906,99.2236,2025-06-24,605,N21,n,2.0NRT,4.83,D,0.46,0.63,,,,,,firms,VIIRS,VIIRS_NOAA21_NRT
0.35446,100.7724,2025-06-24,605,N21,n,2.0NRT,5.75,D,0.36,0.57,,,,,,firms,VIIRS,VIIRS_NOAA21_NRT
0.381,108.99857,2025-06-24,605,N21,n,2.0NRT,10.85,D,0.39,0.36,,,,,,firms,VIIRS,VIIRS_NOAA21_NRT
0.4538,112.98083,2025-06-24,605,N21,n,2.0NRT,6.81,D,0.48,0.4,,,,,,firms,VIIRS,VIIRS_NOAA21_NRT
0.46152,111.40159,2025-06-24,605,N21,n,2.0NRT,3.7,D,0.41,0.37,,,,,,firms,VIIRS,VIIRS_NOAA21_NRT
0.46493,111.40106,2025-06-24,605,N21,n,2.0NRT,3.85,D,0.41,0.37,,,,,,firms,VIIRS,VIIRS_NOAA21_NRT
0.5481,100.09675,2025-06-24,605,N21,n,2.0NRT,6.91,D,0.4,0.6,,,,,,firms,VIIRS,VIIRS_NOAA21_NRT
0.55656,109.41074,2025-06-24,605,N21,n,2.0NRT,93.91,D,0.38,0.36,,,,,,firms,VIIRS,VIIRS_NOAA21_NRT
0.55934,109.40681,2025-06-24,605,N21,n,2.0NRT,92.29,D,0.38,0.36,,,,,,firms,VIIRS,VIIRS_NOAA21_NRT
0.55956,112.81409,2025-06-24,605,N21,n,2.0NRT,4.36,D,0.47,0.4,,,,,,firms,VIIRS,VIIRS_NOAA21_NRT
0.56293,109.29751,2025-06-24,605,N21,n,2.0NRT,4.66,D,0.38,0.36,,,,,,firms,VIIRS,VIIRS_NOAA21_NRT
0.56319,112.81353,2025-06-24,605,N21,n,2.0NRT,3.64,D,0.47,0.4,,,,,,firms,VIIRS,VIIRS_NOAA21_NRT
0.58631,112.29601,2025-06-24,605,N21,n,2.0NRT,4.95,D,0.45,0.39,,,,,,firms,VIIRS,VIIRS_NOAA21_NRT
0.61237,109.44442,2025-06-24,605,N21,n,2.0NRT,9.51,D,0.38,0.36,,,,,,firms,VIIRS,VIIRS_NOAA21_NRT
0.73374,99.98236,2025-06-24,605,N21,n,2.0NRT,3.39,D,0.4,0.6,,,,,,firms,VIIRS,VIIRS_NOAA21_NRT
0.75296,110.05572,2025-06-24,605,N21,n,2.0NRT,3.81,D,0.39,0.36,,,,,,firms,VIIRS,VIIRS_NOAA21_NRT
0.7599,100.28046,2025-06-24,605,N21,n,2.0NRT,8.47,D,0.38,0.59,,,,,,firms,VIIRS,VIIRS_NOAA21_NRT
0.7604,100.28354,2025-06-24,605,N21,h,2.0NRT,13.27,D,0.38,0.59,,,,,,firms,VIIRS,VIIRS_NOAA21_NRT
0.76263,100.28313,2025-06-24,605,N21,h,2.0NRT,12.22,D,0.38,0.59,,,,,,firms,VIIRS,VIIRS_NOAA21_NRT
0.77992,113.01004,2025-06-24,605,N21,n,2.0NRT,2.66,D,0.48,0.4,,,,,,firms,VIIRS,VIIRS_NOAA21_NRT
0.79993,117.05285,2025-06-24,605,N21,n,2.0NRT,5.46,D,0.58,0.52,,,,,,firms,VIIRS,VIIRS_NOAA21_NRT
0.81167,109.61263,2025-06-24,605,N21,n,2.0NRT,2.34,D,0.38,0.36,,,,,,firms,VIIRS,VIIRS_NOAA21_NRT
0.81316,100.30466,2025-06-24,605,N21,n,2.0NRT,3.14,D,0.38,0.59,,,,,,firms,VIIRS,VIIRS_NOAA21_NRT
0.83595,117.06336,2025-06-24,605,N21,n,2.0NRT,12.89,D,0.59,0.53,,,,,,firms,VIIRS,VIIRS_NOAA21_NRT
1.00349,109.75899,2025-06-24,605,N21,n,2.0NRT,9.41,D,0.38,0.36,,,,,,firms,VIIRS,VIIRS_NOAA21_NRT
1.01357,109.73642,2025-06-24,605,N21,n,2.0NRT,9.82,D,0.38,0.36,,,,,,firms,VIIRS,VIIRS_NOAA21_NRT
1.05613,109.05452,2025-06-24,605,N21,n,2.0NRT,3.72,D,0.39,0.36,,,,,,firms,VIIRS,VIIRS_NOAA21_NRT
1.08744,109.64009,2025-06-24,605,N21,n,2.0NRT,11.72,D,0.38,0.36,,,,,,firms,VIIRS,VIIRS_NOAA21_NRT
1.09074,109.63959,2025-06-24,605,N21,n,2.0NRT,11.72,D,0.38,0.36,,,,,,firms,VIIRS,VIIRS_NOAA21_NRT
1.13278,109.24667,2025-06-24,605,N21,n,2.0NRT,3.15,D,0.38,0.36,,,,,,firms,VIIRS,VIIRS_NOAA21_NRT
1.32714,110.23197,2025-06-24,605,N21,n,2.0NRT,8.31,D,0.39,0.36,,,,,,firms,VIIRS,VIIRS_NOAA21_NRT
1.33182,111.15325,2025-06-24,605,N21,n,2.0NRT,11.05,D,0.41,0.37,,,,,,firms,VIIRS,VIIRS_NOAA21_NRT
1.35211,110.75447,2025-06-24,605,N21,n,2.0NRT,16.45,D,0.4,0.37,,,,,,firms,VIIRS,VIIRS_NOAA21_NRT
1.37677,104.15392,2025-06-24,605,N21,n,2.0NRT,7.83,D,0.4,0.45,,,,,,firms,VIIRS,VIIRS_NOAA21_NRT
1.37678,104.15384,2025-06-24,605,N21,n,2.0NRT,4.81,D,0.4,0.45,,,,,,firms,VIIRS,VIIRS_NOAA21_NRT
1.37787,104.16103,2025-06-24,605,N21,n,2.0NRT,5.65,D,0.4,0.45,,,,,,firms,VIIRS,VIIRS_NOAA21_NRT
1.37792,104.1611,2025-06-24,605,N21,n,2.0NRT,8.54,D,0.4,0.45,,,,,,firms,VIIRS,VIIRS_NOAA21_NRT
1.45436,109.90686,2025-06-24,605,N21,n,2.0NRT,3.95,D,0.39,0.36,,,,,,firms,VIIRS,VIIRS_NOAA21_NRT
1.54364,109.5125,2025-06-24,605,N21,n,2.0NRT,4.35,D,0.38,0.36,,,,,,firms,VIIRS,VIIRS_NOAA21_NRT
1.54417,109.51592,2025-06-24,605,N21,n,2.0NRT,6.98,D,0.38,0.36,,,,,,firms,VIIRS,VIIRS_NOAA21_NRT
1.54747,109.51543,2025-06-24,605,N21,n,2.0NRT,6.98,D,0.38,0.36,,,,,,firms,VIIRS,VIIRS_NOAA21_NRT
2.18555,117.2866,2025-06-24,605,N21,n,2.0NRT,1.89,D,0.32,0.54,,,,,,firms,VIIRS,VIIRS_NOAA21_NRT
2.33026,111.90374,2025-06-24,605,N21,n,2.0NRT,3.9,D,0.45,0.39,,,,,,firms,VIIRS,VIIRS_NOAA21_NRT
0.85879,100.15814,2025-06-24,608,N21,n,2.0NRT,5.01,D,0.39,0.59,,,,,,firms,VIIRS,VIIRS_NOAA21_NRT
0.86134,100.15592,2025-06-24,608,N21,n,2.0NRT,7.48,D,0.39,0.59,,,,,,firms,VIIRS,VIIRS_NOAA21_NRT
0.90779,100.39287,2025-06-24,608,N21,n,2.0NRT,3.82,D,0.37,0.58,,,,,,firms,VIIRS,VIIRS_NOAA21_NRT
1.11063,99.865,2025-06-24,608,N21,h,2.0NRT,11.63,D,0.4,0.6,,,,,,firms,VIIRS,VIIRS_NOAA21_NRT
1.19564,99.54983,2025-06-24,608,N21,n,2.0NRT,5.94,D,0.42,0.61,,,,,,firms,VIIRS,VIIRS_NOAA21_NRT
1.19725,99.55215,2025-06-24,608,N21,n,2.0NRT,8.29,D,0.42,0.61,,,,,,firms,VIIRS,VIIRS_NOAA21_NRT
1.34015,99.2791,2025-06-24,608,N21,n,2.0NRT,4.39,D,0.44,0.62,,,,,,firms,VIIRS,VIIRS_NOAA21_NRT
1.58709,100.8725,2025-06-24,608,N21,n,2.0NRT,4.45,D,0.34,0.56,,,,,,firms,VIIRS,VIIRS_NOAA21_NRT
1.59218,100.87179,2025-06-24,608,N21,n,2.0NRT,19.25,D,0.34,0.56,,,,,,firms,VIIRS,VIIRS_NOAA21_NRT
1.59265,100.87475,2025-06-24,608,N21,h,2.0NRT,19.25,D,0.34,0.56,,,,,,firms,VIIRS,VIIRS_NOAA21_NRT
1.6724,101.47569,2025-06-24,608,N21,n,2.0NRT,3.98,D,0.61,0.53,,,,,,firms,VIIRS,VIIRS_NOAA21_NRT
1.68649,99.57289,2025-06-24,608,N21,n,2.0NRT,3.87,D,0.41,0.61,,,,,,firms,VIIRS,VIIRS_NOAA21_NRT
1.73198,99.71583,2025-06-24,608,N21,h,2.0NRT,12.72,D,0.4,0.6,,,,,,firms,VIIRS,VIIRS_NOAA21_NRT
1.7591,98.69333,2025-06-24,608,N21,n,2.0NRT,6.27,D,0.47,0.64,,,,,,firms,VIIRS,VIIRS_NOAA21_NRT
1.80039,101.47559,2025-06-24,608,N21,n,2.0NRT,9.42,D,0.6,0.53,,,,,,firms,VIIRS,VIIRS_NOAA21_NRT
2.19122,98.85535,2025-06-24,608,N21,n,2.0NRT,2.63,D,0.46,0.63,,,,,,firms,VIIRS,VIIRS_NOAA21_NRT
2.19347,98.97558,2025-06-24,608,N21,n,2.0NRT,3.93,D,0.45,0.63,,,,,,firms,VIIRS,VIIRS_NOAA21_NRT
2.24522,99.25278,2025-06-24,608,N21,n,2.0NRT,4.58,D,0.43,0.62,,,,,,firms,VIIRS,VIIRS_NOAA21_NRT
2.25386,98.4018,2025-06-24,608,N21,n,2.0NRT,7.58,D,0.49,0.65,,,,,,firms,VIIRS,VIIRS_NOAA21_NRT
2.25791,98.92899,2025-06-24,608,N21,n,2.0NRT,4.51,D,0.45,0.63,,,,,,firms,VIIRS,VIIRS_NOAA21_NRT
2.26183,98.92734,2025-06-24,608,N21,n,2.0NRT,3.13,D,0.45,0.63,,,,,,firms,VIIRS,VIIRS_NOAA21_NRT
2.26431,98.35394,2025-06-24,608,N21,n,2.0NRT,8.41,D,0.49,0.65,,,,,,firms,VIIRS,VIIRS_NOAA21_NRT
2.27446,99.32584,2025-06-24,608,N21,n,2.0NRT,5.28,D,0.42,0.61,,,,,,firms,VIIRS,VIIRS_NOAA21_NRT
2.2785,98.36633,2025-06-24,608,N21,n,2.0NRT,4.27,D,0.49,0.65,,,,,,firms,VIIRS,VIIRS_NOAA21_NRT
2.28108,98.97424,2025-06-24,608,N21,n,2.0NRT,2.45,D,0.45,0.63,,,,,,firms,VIIRS,VIIRS_NOAA21_NRT
2.28186,99.26597,2025-06-24,608,N21,n,2.0NRT,3.9,D,0.42,0.61,,,,,,firms,VIIRS,VIIRS_NOAA21_NRT
2.30336,99.29246,2025-06-24,608,N21,n,2.0NRT,4.89,D,0.42,0.61,,,,,,firms,VIIRS,VIIRS_NOAA21_NRT
2.31342,98.80209,2025-06-24,608,N21,n,2.0NRT,2.72,D,0.46,0.63,,,,,,firms,VIIRS,VIIRS_NOAA21_NRT
2.32987,99.11511,2025-06-24,608,N21,n,2.0NRT,3.96,D,0.43,0.62,,,,,,firms,VIIRS,VIIRS_NOAA21_NRT
2.34854,98.76319,2025-06-24,608,N21,n,2.0NRT,3.26,D,0.46,0.64,,,,,,firms,VIIRS,VIIRS_NOAA21_NRT
2.34918,98.76191,2025-06-24,608,N21,n,2.0NRT,3.51,D,0.46,0.63,,,,,,firms,VIIRS,VIIRS_NOAA21_NRT
2.40399,98.1601,2025-06-24,608,N21,n,2.0NRT,10.3,D,0.5,0.66,,,,,,firms,VIIRS,VIIRS_NOAA21_NRT
2.4213,99.32217,2025-06-24,608,N21,n,2.0NRT,5.03,D,0.42,0.61,,,,,,firms,VIIRS,VIIRS_NOAA21_NRT
2.47073,99.07041,2025-06-24,608,N21,n,2.0NRT,3.36,D,0.44,0.62,,,,,,firms,VIIRS,VIIRS_NOAA21_NRT
2.5047,98.87327,2025-06-24,608,N21,h,2.0NRT,14.67,D,0.45,0.63,,,,,,firms,VIIRS,VIIRS_NOAA21_NRT
2.5054,98.87743,2025-06-24,608,N21,n,2.0NRT,14.5,D,0.45,0.63,,,,,,firms,VIIRS,VIIRS_NOAA21_NRT
2.58581,98.97533,2025-06-24,608,N21,n,2.0NRT,3.72,D,0.44,0.62,,,,,,firms,VIIRS,VIIRS_NOAA21_NRT
2.59464,99.02978,2025-06-24,608,N21,n,2.0NRT,3.32,D,0.44,0.62,,,,,,firms,VIIRS,VIIRS_NOAA21_NRT
2.61146,98.47816,2025-06-24,608,N21,n,2.0NRT,13.91,D,0.48,0.64,,,,,,firms,VIIRS,VIIRS_NOAA21_NRT
2.61244,98.4783,2025-06-24,608,N21,n,2.0NRT,15.15,D,0.48,0.64,,,,,,firms,VIIRS,VIIRS_NOAA21_NRT
2.68403,98.05746,2025-06-24,608,N21,n,2.0NRT,5.77,D,0.51,0.66,,,,,,firms,VIIRS,VIIRS_NOAA21_NRT
2.68844,97.78619,2025-06-24,608,N21,n,2.0NRT,7.47,D,0.53,0.67,,,,,,firms,VIIRS,VIIRS_NOAA21_NRT
2.68922,97.79094,2025-06-24,608,N21,n,2.0NRT,7.47,D,0.53,0.67,,,,,,firms,VIIRS,VIIRS_NOAA21_NRT
2.69448,98.04614,2025-06-24,608,N21,n,2.0NRT,4.01,D,0.51,0.66,,,,,,firms,VIIRS,VIIRS_NOAA21_NRT
2.83818,103.20325,2025-06-24,608,N21,n,2.0NRT,4.05,D,0.44,0.46,,,,,,firms,VIIRS,VIIRS_NOAA21_NRT
2.88688,103.34334,2025-06-24,608,N21,n,2.0NRT,2.72,D,0.43,0.46,,,,,,firms,VIIRS,VIIRS_NOAA21_NRT
3.00799,114.21471,2025-06-24,608,N21,n,2.0NRT,4.21,D,0.41,0.45,,,,,,firms,VIIRS,VIIRS_NOAA21_NRT
3.15112,103.07453,2025-06-24,608,N21,n,2.0NRT,6.74,D,0.45,0.47,,,,,,firms,VIIRS,VIIRS_NOAA21_NRT
3.15184,103.0743,2025-06-24,608,N21,n,2.0NRT,8.46,D,0.45,0.47,,,,,,firms,VIIRS,VIIRS_NOAA21_NRT
3.18267,102.55317,2025-06-24,608,N21,n,2.0NRT,4.32,D,0.48,0.48,,,,,,firms,VIIRS,VIIRS_NOAA21_NRT
3.18318,102.55621,2025-06-24,608,N21,n,2.0NRT,4.13,D,0.48,0.48,,,,,,firms,VIIRS,VIIRS_NOAA21_NRT
3.27547,113.07234,2025-06-24,608,N21,n,2.0NRT,5.55,D,0.52,0.42,,,,,,firms,VIIRS,VIIRS_NOAA21_NRT
3.27653,113.07529,2025-06-24,608,N21,n,2.0NRT,7.15,D,0.52,0.42,,,,,,firms,VIIRS,VIIRS_NOAA21_NRT
3.28898,113.08482,2025-06-24,608,N21,n,2.0NRT,19.75,D,0.53,0.42,,,,,,firms,VIIRS,VIIRS_NOAA21_NRT
3.28942,113.08308,2025-06-24,608,N21,n,2.0NRT,7.0,D,0.52,0.42,,,,,,firms,VIIRS,VIIRS_NOAA21_NRT
3.29014,113.08775,2025-06-24,608,N21,n,2.0NRT,7.0,D,0.52,0.42,,,,,,firms,VIIRS,VIIRS_NOAA21_NRT
3.29035,113.09415,2025-06-24,608,N21,l,2.0NRT,3.58,D,0.53,0.42,,,,,,firms,VIIRS,VIIRS_NOAA21_NRT
3.29085,113.09241,2025-06-24,608,N21,n,2.0NRT,4.48,D,0.53,0.42,,,,,,firms,VIIRS,VIIRS_NOAA21_NRT
3.468,102.75203,2025-06-24,608,N21,n,2.0NRT,25.2,D,0.46,0.47,,,,,,firms,VIIRS,VIIRS_NOAA21_NRT
3.52153,113.31186,2025-06-24,608,N21,l,2.0NRT,8.35,D,0.54,0.42,,,,,,firms,VIIRS,VIIRS_NOAA21_NRT
3.53448,113.34491,2025-06-24,608,N21,n,2.0NRT,6.55,D,0.55,0.42,,,,,,firms,VIIRS,VIIRS_NOAA21_NRT
3.54375,113.35355,2025-06-24,608,N21,n,2.0NRT,4.63,D,0.55,0.43,,,,,,firms,VIIRS,VIIRS_NOAA21_NRT
3.54435,113.35069,2025-06-24,608,N21,n,2.0NRT,5.53,D,0.55,0.43,,,,,,firms,VIIRS,VIIRS_NOAA21_NRT
3.59327,101.08709,2025-06-24,608,N21,n,2.0NRT,7.37,D,0.6,0.53,,,,,,firms,VIIRS,VIIRS_NOAA21_NRT
3.60188,101.0713,2025-06-24,608,N21,n,2.0NRT,7.09,D,0.6,0.53,,,,,,firms,VIIRS,VIIRS_NOAA21_NRT
3.61885,113.55846,2025-06-24,608,N21,n,2.0NRT,9.25,D,0.57,0.43,,,,,,firms,VIIRS,VIIRS_NOAA21_NRT
3.65365,113.41509,2025-06-24,608,N21,n,2.0NRT,16.17,D,0.55,0.43,,,,,,firms,VIIRS,VIIRS_NOAA21_NRT
3.65428,113.41737,2025-06-24,608,N21,n,2.0NRT,38.07,D,0.56,0.43,,,,,,firms,VIIRS,VIIRS_NOAA21_NRT
3.6544,113.42007,2025-06-24,608,N21,n,2.0NRT,28.44,D,0.56,0.43,,,,,,firms,VIIRS,VIIRS_NOAA21_NRT
4.07277,100.97925,2025-06-24,608,N21,n,2.0NRT,6.26,D,0.6,0.53,,,,,,firms,VIIRS,VIIRS_NOAA21_NRT
4.37285,114.03951,2025-06-24,608,N21,n,2.0NRT,5.77,D,0.41,0.45,,,,,,firms,VIIRS,VIIRS_NOAA21_NRT
4.67459,113.85649,2025-06-24,608,N21,n,2.0NRT,3.96,D,0.41,0.45,,,,,,firms,VIIRS,VIIRS_NOAA21_NRT
4.69581,96.88701,2025-06-24,608,N21,n,2.0NRT,4.58,D,0.57,0.69,,,,,,firms,VIIRS,VIIRS_NOAA21_NRT
4.71724,97.04172,2025-06-24,608,N21,n,2.0NRT,5.78,D,0.55,0.68,,,,,,firms,VIIRS,VIIRS_NOAA21_NRT
4.71863,97.04193,2025-06-24,608,N21,n,2.0NRT,6.03,D,0.55,0.68,,,,,,firms,VIIRS,VIIRS_NOAA21_NRT
4.72624,97.02068,2025-06-24,608,N21,n,2.0NRT,6.16,D,0.55,0.68,,,,,,firms,VIIRS,VIIRS_NOAA21_NRT
4.72767,97.02027,2025-06-24,608,N21,n,2.0NRT,6.36,D,0.55,0.68,,,,,,firms,VIIRS,VIIRS_NOAA21_NRT
4.73907,113.72832,2025-06-24,608,N21,n,2.0NRT,2.41,D,0.4,0.44,,,,,,firms,VIIRS,VIIRS_NOAA21_NRT
4.97873,112.98535,2025-06-24,608,N21,n,2.0NRT,12.13,D,0.54,0.42,,,,,,firms,VIIRS,VIIRS_NOAA21_NRT
5.09895,96.57526,2025-06-24,608,N21,n,2.0NRT,10.5,D,0.59,0.7,,,,,,firms,VIIRS,VIIRS_NOAA21_NRT
5.10109,96.57384,2025-06-24,608,N21,n,2.0NRT,6.28,D,0.58,0.7,,,,,,firms,VIIRS,VIIRS_NOAA21_NRT
5.11162,96.44925,2025-06-24,608,N21,n,2.0NRT,10.31,D,0.6,0.7,,,,,,firms,VIIRS,VIIRS_NOAA21_NRT
5.11989,96.38426,2025-06-24,608,N21,n,2.0NRT,9.9,D,0.6,0.71,,,,,,firms,VIIRS,VIIRS_NOAA21_NRT
5.28819,101.15888,2025-06-24,608,N21,n,2.0NRT,4.8,D,0.56,0.51,,,,,,firms,VIIRS,VIIRS_NOAA21_NRT
4.07621,96.62271,2025-06-24,748,N21,n,2.0NRT,15.93,D,0.72,0.76,,,,,,firms,VIIRS,VIIRS_NOAA21_NRT
4.07652,96.62598,2025-06-24,748,N21,n,2.0NRT,21.57,D,0.72,0.76,,,,,,firms,VIIRS,VIIRS_NOAA21_NRT
4.37974,95.97729,2025-06-24,748,N21,n,2.0NRT,12.68,D,0.66,0.73,,,,,,firms,VIIRS,VIIRS_NOAA21_NRT
4.72777,97.02365,2025-06-24,748,N21,n,2.0NRT,12.86,D,0.79,0.78,,,,,,firms,VIIRS,VIIRS_NOAA21_NRT
4.72844,97.02869,2025-06-24,748,N21,n,2.0NRT,10.09,D,0.79,0.78,,,,,,firms,VIIRS,VIIRS_NOAA21_NRT
-0.84764,117.26466,2025-06-24,1705,N21,n,2.0NRT,0.92,N,0.56,0.51,,,,,,firms,VIIRS,VIIRS_NOAA21_NRT
4.977,112.97903,2025-06-24,1705,N21,n,2.0NRT,5.02,N,0.68,0.74,,,,,,firms,VIIRS,VIIRS_NOAA21_NRT
4.97784,112.97294,2025-06-24,1705,N21,n,2.0NRT,5.02,N,0.68,0.74,,,,,,firms,VIIRS,VIIRS_NOAA21_NRT
-8.48763,125.9004,2025-06-24,1707,N21,n,2.0NRT,2.66,N,0.46,0.39,,,,,,firms,VIIRS,VIIRS_NOAA21_NRT
-8.27664,123.50795,2025-06-24,1707,N21,n,2.0NRT,11.01,N,0.39,0.36,,,,,,firms,VIIRS,VIIRS_NOAA21_NRT
-8.27333,123.5084,2025-06-24,1707,N21,n,2.0NRT,11.01,N,0.39,0.36,,,,,,firms,VIIRS,VIIRS_NOAA21_NRT
-8.27279,123.50484,2025-06-24,1707,N21,n,2.0NRT,11.01,N,0.39,0.36,,,,,,firms,VIIRS,VIIRS_NOAA21_NRT
-8.11269,112.92234,2025-06-24,1707,N21,h,2.0NRT,15.03,N,0.42,0.61,,,,,,firms,VIIRS,VIIRS_NOAA21_NRT
-8.11175,112.91711,2025-06-24,1707,N21,n,2.0NRT,9.54,N,0.42,0.61,,,,,,firms,VIIRS,VIIRS_NOAA21_NRT
-8.11139,112.92198,2025-06-24,1707,N21,h,2.0NRT,15.83,N,0.42,0.61,,,,,,firms,VIIRS,VIIRS_NOAA21_NRT
-3.87298,122.40421,2025-06-24,1707,N21,n,2.0NRT,1.72,N,0.4,0.37,,,,,,firms,VIIRS,VIIRS_NOAA21_NRT
-3.87127,122.39346,2025-06-24,1707,N21,n,2.0NRT,3.1,N,0.4,0.37,,,,,,firms,VIIRS,VIIRS_NOAA21_NRT
-3.87018,122.4083,2025-06-24,1707,N21,n,2.0NRT,3.92,N,0.4,0.37,,,,,,firms,VIIRS,VIIRS_NOAA21_NRT
-3.03686,115.15774,2025-06-24,1707,N21,n,2.0NRT,0.74,N,0.36,0.57,,,,,,firms,VIIRS,VIIRS_NOAA21_NRT
0.51094,127.89317,2025-06-24,1707,N21,n,2.0NRT,1.85,N,0.46,0.39,,,,,,firms,VIIRS,VIIRS_NOAA21_NRT
1.49359,127.63783,2025-06-24,1707,N21,n,2.0NRT,0.62,N,0.44,0.38,,,,,,firms,VIIRS,VIIRS_NOAA21_NRT
1.49421,127.63391,2025-06-24,1707,N21,n,2.0NRT,10.09,N,0.44,0.38,,,,,,firms,VIIRS,VIIRS_NOAA21_NRT
1.51513,127.93898,2025-06-24,1707,N21,n,2.0NRT,1.14,N,0.45,0.39,,,,,,firms,VIIRS,VIIRS_NOAA21_NRT
0.84621,101.393,2025-06-24,1845,N21,n,2.0NRT,1.93,N,0.41,0.37,,,,,,firms,VIIRS,VIIRS_NOAA21_NRT
2.67653,97.79118,2025-06-24,1845,N21,n,2.0NRT,1.24,N,0.42,0.38,,,,,,firms,VIIRS,VIIRS_NOAA21_NRT
2.7011,101.5665,2025-06-24,1845,N21,n,2.0NRT,1.92,N,0.4,0.37,,,,,,firms,VIIRS,VIIRS_NOAA21_NRT
2.73778,101.56499,2025-06-24,1845,N21,n,2.0NRT,0.67,N,0.4,0.37,,,,,,firms,VIIRS,VIIRS_NOAA21_NRT
2.75873,97.87244,2025-06-24,1845,N21,n,2.0NRT,0.61,N,0.42,0.38,,,,,,firms,VIIRS,VIIRS_NOAA21_NRT
2.87918,98.61655,2025-06-24,1845,N21,n,2.0NRT,3.79,N,0.4,0.37,,,,,,firms,VIIRS,VIIRS_NOAA21_NRT
2.87971,98.61309,2025-06-24,1845,N21,n,2.0NRT,10.01,N,0.4,0.37,,,,,,firms,VIIRS,VIIRS_NOAA21_NRT
2.88249,98.61729,2025-06-24,1845,N21,n,2.0NRT,3.79,N,0.4,0.37,,,,,,firms,VIIRS,VIIRS_NOAA21_NRT
3.2626,101.69009,2025-06-24,1845,N21,n,2.0NRT,1.14,N,0.4,0.37,,,,,,firms,VIIRS,VIIRS_NOAA21_NRT
3.57481,102.26852,2025-06-24,1845,N21,n,2.0NRT,1.17,N,0.42,0.38,,,,,,firms,VIIRS,VIIRS_NOAA21_NRT
3.5754,102.26477,2025-06-24,1845,N21,n,2.0NRT,1.51,N,0.42,0.38,,,,,,firms,VIIRS,VIIRS_NOAA21_NRT
3.86229,102.57926,2025-06-24,1845,N21,n,2.0NRT,2.71,N,0.43,0.38,,,,,,firms,VIIRS,VIIRS_NOAA21_NRT
4.22105,96.23055,2025-06-24,1845,N21,n,2.0NRT,1.74,N,0.52,0.41,,,,,,firms,VIIRS,VIIRS_NOAA21_NRT
4.37782,95.98593,2025-06-24,1845,N21,n,2.0NRT,0.95,N,0.54,0.42,,,,,,firms,VIIRS,VIIRS_NOAA21_NRT
4.7225,97.02699,2025-06-24,1845,N21,n,2.0NRT,1.07,N,0.48,0.4,,,,,,firms,VIIRS,VIIRS_NOAA21_NRT
4.7232,97.02246,2025-06-24,1845,N21,n,2.0NRT,1.07,N,0.48,0.4,,,,,,firms,VIIRS,VIIRS_NOAA21_NRT
4.72334,97.02626,2025-06-24,1845,N21,n,2.0NRT,1.14,N,0.48,0.4,,,,,,firms,VIIRS,VIIRS_NOAA21_NRT
4.72401,97.02175,2025-06-24,1845,N21,n,2.0NRT,1.14,N,0.48,0.4,,,,,,firms,VIIRS,VIIRS_NOAA21_NRT
4.97708,112.98414,2025-06-24,1845,N21,n,2.0NRT,7.08,N,0.64,0.72,,,,,,firms,VIIRS,VIIRS_NOAA21_NRT
5.71365,95.07086,2025-06-24,1845,N21,n,2.0NRT,0.87,N,0.43,0.46,,,,,,firms,VIIRS,VIIRS_NOAA21_NRT
0.28388,100.48287,2025-06-24,1847,N21,n,2.0NRT,0.69,N,0.39,0.36,,,,,,firms,VIIRS,VIIRS_NOAA21_NRT
0.63091,100.48341,2025-06-24,1847,N21,n,2.0NRT,0.87,N,0.39,0.36,,,,,,firms,VIIRS,VIIRS_NOAA21_NRT
0.63192,100.43353,2025-06-24,1847,N21,n,2.0NRT,0.78,N,0.39,0.36,,,,,,firms,VIIRS,VIIRS_NOAA21_NRT
0.63524,100.43406,2025-06-24,1847,N21,n,2.0NRT,0.91,N,0.39,0.36,,,,,,firms,VIIRS,VIIRS_NOAA21_NRT
0.67434,100.85741,2025-06-24,1847,N21,n,2.0NRT,0.36,N,0.4,0.37,,,,,,firms,VIIRS,VIIRS_NOAA21_NRT
0.72751,100.10448,2025-06-24,1847,N21,n,2.0NRT,0.61,N,0.39,0.36,,,,,,firms,VIIRS,VIIRS_NOAA21_NRT
-7.70215,108.99886,2025-06-24,1849,N21,n,2.0NRT,2.23,N,0.53,0.67,,,,,,firms,VIIRS,VIIRS_NOAA21_NRT
-7.70154,108.99412,2025-06-24,1849,N21,n,2.0NRT,2.23,N,0.53,0.67,,,,,,firms,VIIRS,VIIRS_NOAA21_NRT
-7.69583,108.99751,2025-06-24,1849,N21,n,2.0NRT,3.19,N,0.53,0.67,,,,,,firms,VIIRS,VIIRS_NOAA21_NRT
-3.68481,138.65906,2025-06-25,404,N21,n,2.0NRT,4.08,D,0.41,0.37,,,,,,firms,VIIRS,VIIRS_NOAA21_NRT
-8.42158,123.93797,2025-06-25,544,N21,n,2.0NRT,3.36,D,0.58,0.52,,,,,,firms,VIIRS,VIIRS_NOAA21_NRT
-8.41467,117.51477,2025-06-25,544,N21,n,2.0NRT,1.85,D,0.4,0.37,,,,,,firms,VIIRS,VIIRS_NOAA21_NRT
-8.111,112.92466,2025-06-25,546,N21,n,2.0NRT,12.74,D,0.47,0.4,,,,,,firms,VIIRS,VIIRS_NOAA21_NRT
-7.70462,108.99495,2025-06-25,546,N21,n,2.0NRT,4.51,D,0.54,0.51,,,,,,firms,VIIRS,VIIRS_NOAA21_NRT
-6.43881,110.79465,2025-06-25,546,N21,n,2.0NRT,5.86,D,0.4,0.44,,,,,,firms,VIIRS,VIIRS_NOAA21_NRT
-5.97833,105.9892,2025-06-25,546,N21,n,2.0NRT,2.99,D,0.41,0.61,,,,,,firms,VIIRS,VIIRS_NOAA21_NRT
-2.21236,115.49637,2025-06-25,546,N21,n,2.0NRT,5.22,D,0.39,0.36,,,,,,firms,VIIRS,VIIRS_NOAA21_NRT
-1.93701,116.15938,2025-06-25,546,N21,n,2.0NRT,2.11,D,0.4,0.37,,,,,,firms,VIIRS,VIIRS_NOAA21_NRT
-0.90865,115.26372,2025-06-25,546,N21,n,2.0NRT,4.53,D,0.39,0.36,,,,,,firms,VIIRS,VIIRS_NOAA21_NRT
-0.89091,115.04507,2025-06-25,546,N21,n,2.0NRT,2.44,D,0.39,0.36,,,,,,firms,VIIRS,VIIRS_NOAA21_NRT
-0.43466,114.91713,2025-06-25,546,N21,n,2.0NRT,6.93,D,0.39,0.36,,,,,,firms,VIIRS,VIIRS_NOAA21_NRT
-0.30189,116.86958,2025-06-25,546,N21,n,2.0NRT,2.17,D,0.43,0.38,,,,,,firms,VIIRS,VIIRS_NOAA21_NRT
-1.45169,101.41457,2025-06-25,548,N21,n,2.0NRT,20.58,D,0.74,0.76,,,,,,firms,VIIRS,VIIRS_NOAA21_NRT
-1.45099,101.41397,2025-06-25,548,N21,n,2.0NRT,15.73,D,0.74,0.76,,,,,,firms,VIIRS,VIIRS_NOAA21_NRT
-0.61637,102.81759,2025-06-25,548,N21,n,2.0NRT,9.08,D,0.57,0.69,,,,,,firms,VIIRS,VIIRS_NOAA21_NRT
-0.61318,102.81801,2025-06-25,548,N21,n,2.0NRT,10.58,D,0.57,0.69,,,,,,firms,VIIRS,VIIRS_NOAA21_NRT
0.85658,109.29068,2025-06-25,548,N21,n,2.0NRT,3.1,D,0.39,0.44,,,,,,firms,VIIRS,VIIRS_NOAA21_NRT
1.01526,109.73812,2025-06-25,548,N21,n,2.0NRT,9.13,D,0.55,0.42,,,,,,firms,VIIRS,VIIRS_NOAA21_NRT
1.01682,109.74799,2025-06-25,548,N21,n,2.0NRT,7.97,D,0.55,0.42,,,,,,firms,VIIRS,VIIRS_NOAA21_NRT
1.05813,109.68137,2025-06-25,548,N21,n,2.0NRT,5.31,D,0.55,0.43,,,,,,firms,VIIRS,VIIRS_NOAA21_NRT
1.06717,103.9491,2025-06-25,548,N21,n,2.0NRT,1.86,D,0.45,0.63,,,,,,firms,VIIRS,VIIRS_NOAA21_NRT
1.14,109.76558,2025-06-25,548,N21,n,2.0NRT,7.62,D,0.54,0.42,,,,,,firms,VIIRS,VIIRS_NOAA21_NRT
1.1403,109.64035,2025-06-25,548,N21,n,2.0NRT,4.04,D,0.55,0.43,,,,,,firms,VIIRS,VIIRS_NOAA21_NRT
1.17235,110.09561,2025-06-25,548,N21,n,2.0NRT,9.44,D,0.52,0.41,,,,,,firms,VIIRS,VIIRS_NOAA21_NRT
1.45366,109.90691,2025-06-25,548,N21,n,2.0NRT,4.1,D,0.53,0.42,,,,,,firms,VIIRS,VIIRS_NOAA21_NRT
1.45678,109.95559,2025-06-25,548,N21,n,2.0NRT,8.27,D,0.52,0.42,,,,,,firms,VIIRS,VIIRS_NOAA21_NRT
1.45699,109.95435,2025-06-25,548,N21,n,2.0NRT,8.61,D,0.52,0.42,,,,,,firms,VIIRS,VIIRS_NOAA21_NRT
1.82356,109.43459,2025-06-25,548,N21,n,2.0NRT,11.41,D,0.56,0.43,,,,,,firms,VIIRS,VIIRS_NOAA21_NRT
1.82376,109.43227,2025-06-25,548,N21,n,2.0NRT,7.12,D,0.56,0.43,,,,,,firms,VIIRS,VIIRS_NOAA21_NRT
2.67403,112.43433,2025-06-25,548,N21,n,2.0NRT,9.11,D,0.4,0.37,,,,,,firms,VIIRS,VIIRS_NOAA21_NRT
2.692,112.41701,2025-06-25,548,N21,n,2.0NRT,9.49,D,0.4,0.37,,,,,,firms,VIIRS,VIIRS_NOAA21_NRT
2.69537,112.4165,2025-06-25,548,N21,n,2.0NRT,4.07,D,0.4,0.37,,,,,,firms,VIIRS,VIIRS_NOAA21_NRT
2.88223,113.03808,2025-06-25,548,N21,n,2.0NRT,8.27,D,0.39,0.36,,,,,,firms,VIIRS,VIIRS_NOAA21_NRT
2.88448,113.03063,2025-06-25,548,N21,n,2.0NRT,11.24,D,0.39,0.36,,,,,,firms,VIIRS,VIIRS_NOAA21_NRT
3.23569,113.61358,2025-06-25,548,N21,n,2.0NRT,6.54,D,0.38,0.36,,,,,,firms,VIIRS,VIIRS_NOAA21_NRT
3.5992,101.08116,2025-06-25,548,N21,n,2.0NRT,7.35,D,0.65,0.73,,,,,,firms,VIIRS,VIIRS_NOAA21_NRT
3.61454,114.72364,2025-06-25,548,N21,n,2.0NRT,3.77,D,0.39,0.36,,,,,,firms,VIIRS,VIIRS_NOAA21_NRT
3.85306,113.91791,2025-06-25,548,N21,n,2.0NRT,2.71,D,0.39,0.36,,,,,,firms,VIIRS,VIIRS_NOAA21_NRT
3.9627,113.87939,2025-06-25,548,N21,n,2.0NRT,3.71,D,0.39,0.36,,,,,,firms,VIIRS,VIIRS_NOAA21_NRT
4.00569,113.93985,2025-06-25,548,N21,n,2.0NRT,2.57,D,0.39,0.36,,,,,,firms,VIIRS,VIIRS_NOAA21_NRT
4.24678,114.22833,2025-06-25,548,N21,n,2.0NRT,2.57,D,0.39,0.36,,,,,,firms,VIIRS,VIIRS_NOAA21_NRT
5.24464,115.24094,2025-06-25,548,N21,n,2.0NRT,4.94,D,0.42,0.37,,,,,,firms,VIIRS,VIIRS_NOAA21_NRT
4.11945,100.97035,2025-06-25,550,N21,n,2.0NRT,6.58,D,0.64,0.72,,,,,,firms,VIIRS,VIIRS_NOAA21_NRT
-1.59605,101.05635,2025-06-25,729,N21,n,2.0NRT,6.33,D,0.56,0.69,,,,,,firms,VIIRS,VIIRS_NOAA21_NRT
2.7359,98.728,2025-06-25,729,N21,n,2.0NRT,14.98,D,0.45,0.63,,,,,,firms,VIIRS,VIIRS_NOAA21_NRT
2.73648,98.73189,2025-06-25,729,N21,n,2.0NRT,14.98,D,0.45,0.63,,,,,,firms,VIIRS,VIIRS_NOAA21_NRT
2.98003,98.48389,2025-06-25,729,N21,n,2.0NRT,4.49,D,0.44,0.62,,,,,,firms,VIIRS,VIIRS_NOAA21_NRT
3.09829,97.41433,2025-06-25,731,N21,n,2.0NRT,7.89,D,0.37,0.58,,,,,,firms,VIIRS,VIIRS_NOAA21_NRT
3.10246,97.41413,2025-06-25,731,N21,n,2.0NRT,7.74,D,0.37,0.58,,,,,,firms,VIIRS,VIIRS_NOAA21_NRT
3.50092,97.84063,2025-06-25,731,N21,n,2.0NRT,7.03,D,0.4,0.6,,,,,,firms,VIIRS,VIIRS_NOAA21_NRT
3.50116,97.84023,2025-06-25,731,N21,n,2.0NRT,7.75,D,0.4,0.6,,,,,,firms,VIIRS,VIIRS_NOAA21_NRT
3.5832,101.10106,2025-06-25,731,N21,n,2.0NRT,6.39,D,0.68,0.74,,,,,,firms,VIIRS,VIIRS_NOAA21_NRT
3.82121,96.46255,2025-06-25,731,N21,n,2.0NRT,3.48,D,0.33,0.55,,,,,,firms,VIIRS,VIIRS_NOAA21_NRT
3.82171,96.46324,2025-06-25,731,N21,n,2.0NRT,3.32,D,0.33,0.55,,,,,,firms,VIIRS,VIIRS_NOAA21_NRT
3.94163,96.79416,2025-06-25,731,N21,n,2.0NRT,5.02,D,0.35,0.56,,,,,,firms,VIIRS,VIIRS_NOAA21_NRT
4.08372,96.61629,2025-06-25,731,N21,n,2.0NRT,3.16,D,0.34,0.56,,,,,,firms,VIIRS,VIIRS_NOAA21_NRT
4.18881,96.27672,2025-06-25,731,N21,n,2.0NRT,1.82,D,0.32,0.55,,,,,,firms,VIIRS,VIIRS_NOAA21_NRT
4.34786,96.81487,2025-06-25,731,N21,n,2.0NRT,3.27,D,0.35,0.57,,,,,,firms,VIIRS,VIIRS_NOAA21_NRT
4.53551,96.77368,2025-06-25,731,N21,n,2.0NRT,3.26,D,0.35,0.57,,,,,,firms,VIIRS,VIIRS_NOAA21_NRT
4.6766,97.21265,2025-06-25,731,N21,n,2.0NRT,7.33,D,0.38,0.59,,,,,,firms,VIIRS,VIIRS_NOAA21_NRT
4.67706,97.21598,2025-06-25,731,N21,n,2.0NRT,7.33,D,0.38,0.59,,,,,,firms,VIIRS,VIIRS_NOAA21_NRT
4.67918,97.21322,2025-06-25,731,N21,n,2.0NRT,15.25,D,0.38,0.59,,,,,,firms,VIIRS,VIIRS_NOAA21_NRT
4.67966,97.21651,2025-06-25,731,N21,n,2.0NRT,15.25,D,0.38,0.59,,,,,,firms,VIIRS,VIIRS_NOAA21_NRT
4.68198,97.21189,2025-06-25,731,N21,n,2.0NRT,7.33,D,0.38,0.59,,,,,,firms,VIIRS,VIIRS_NOAA21_NRT
4.68244,97.2152,2025-06-25,731,N21,n,2.0NRT,7.33,D,0.38,0.59,,,,,,firms,VIIRS,VIIRS_NOAA21_NRT
4.70495,96.63926,2025-06-25,731,N21,n,2.0NRT,2.05,D,0.35,0.57,,,,,,firms,VIIRS,VIIRS_NOAA21_NRT
-1.82031,136.75191,2025-06-25,1645,N21,n,2.0NRT,3.88,N,0.6,0.53,,,,,,firms,VIIRS,VIIRS_NOAA21_NRT
0.48062,127.99467,2025-06-25,1645,N21,n,2.0NRT,3.72,N,0.4,0.37,,,,,,firms,VIIRS,VIIRS_NOAA21_NRT
0.48119,127.99105,2025-06-25,1645,N21,n,2.0NRT,2.93,N,0.4,0.37,,,,,,firms,VIIRS,VIIRS_NOAA21_NRT
0.48456,127.9916,2025-06-25,1645,N21,n,2.0NRT,2.93,N,0.4,0.37,,,,,,firms,VIIRS,VIIRS_NOAA21_NRT
0.48512,127.98798,2025-06-25,1645,N21,n,2.0NRT,2.93,N,0.4,0.37,,,,,,firms,VIIRS,VIIRS_NOAA21_NRT
0.48568,127.9844,2025-06-25,1645,N21,n,2.0NRT,4.05,N,0.4,0.37,,,,,,firms,VIIRS,VIIRS_NOAA21_NRT
0.48735,127.97365,2025-06-25,1645,N21,n,2.0NRT,3.42,N,0.41,0.37,,,,,,firms,VIIRS,VIIRS_NOAA21_NRT
0.48905,127.98496,2025-06-25,1645,N21,n,2.0NRT,3.27,N,0.4,0.37,,,,,,firms,VIIRS,VIIRS_NOAA21_NRT
2.78142,125.40511,2025-06-25,1645,N21,n,2.0NRT,1.48,N,0.57,0.43,,,,,,firms,VIIRS,VIIRS_NOAA21_NRT
-2.4428,133.13176,2025-06-25,1648,N21,n,2.0NRT,1.5,N,0.53,0.42,,,,,,firms,VIIRS,VIIRS_NOAA21_NRT
-1.56646,127.42751,2025-06-25,1648,N21,n,2.0NRT,1.32,N,0.41,0.37,,,,,,firms,VIIRS,VIIRS_NOAA21_NRT
-1.56307,127.42802,2025-06-25,1648,N21,n,2.0NRT,1.32,N,0.41,0.37,,,,,,firms,VIIRS,VIIRS_NOAA21_NRT
-1.45891,127.43645,2025-06-25,1648,N21,n,2.0NRT,12.31,N,0.41,0.37,,,,,,firms,VIIRS,VIIRS_NOAA21_NRT
-1.45832,127.43272,2025-06-25,1648,N21,n,2.0NRT,1.63,N,0.41,0.37,,,,,,firms,VIIRS,VIIRS_NOAA21_NRT
-1.45551,127.43689,2025-06-25,1648,N21,n,2.0NRT,12.31,N,0.41,0.37,,,,,,firms,VIIRS,VIIRS_NOAA21_NRT
-8.53687,122.76624,2025-06-25,1650,N21,n,2.0NRT,5.92,N,0.57,0.43,,,,,,firms,VIIRS,VIIRS_NOAA21_NRT
-8.27339,123.50776,2025-06-25,1650,N21,n,2.0NRT,4.15,N,0.52,0.41,,,,,,firms,VIIRS,VIIRS_NOAA21_NRT
-8.27265,123.50327,2025-06-25,1650,N21,n,2.0NRT,4.7,N,0.52,0.42,,,,,,firms,VIIRS,VIIRS_NOAA21_NRT
3.5225,113.31386,2025-06-25,1826,N21,n,2.0NRT,1.16,N,0.33,0.56,,,,,,firms,VIIRS,VIIRS_NOAA21_NRT
3.53319,113.34322,2025-06-25,1826,N21,n,2.0NRT,1.42,N,0.34,0.56,,,,,,firms,VIIRS,VIIRS_NOAA21_NRT
3.53359,113.30967,2025-06-25,1826,N21,n,2.0NRT,0.73,N,0.33,0.56,,,,,,firms,VIIRS,VIIRS_NOAA21_NRT
3.75658,113.84828,2025-06-25,1826,N21,n,2.0NRT,1.04,N,0.36,0.57,,,,,,firms,VIIRS,VIIRS_NOAA21_NRT
4.66693,114.4679,2025-06-25,1826,N21,n,2.0NRT,1.95,N,0.39,0.59,,,,,,firms,VIIRS,VIIRS_NOAA21_NRT
4.66751,114.4645,2025-06-25,1826,N21,n,2.0NRT,12.31,N,0.39,0.59,,,,,,firms,VIIRS,VIIRS_NOAA21_NRT
4.66808,114.4611,2025-06-25,1826,N21,h,2.0NRT,12.31,N,0.39,0.59,,,,,,firms,VIIRS,VIIRS_NOAA21_NRT
4.66865,114.45771,2025-06-25,1826,N21,n,2.0NRT,3.27,N,0.38,0.59,,,,,,firms,VIIRS,VIIRS_NOAA21_NRT
4.67343,114.46209,2025-06-25,1826,N21,n,2.0NRT,1.73,N,0.39,0.59,,,,,,firms,VIIRS,VIIRS_NOAA21_NRT
5.87307,114.29861,2025-06-25,1826,N21,n,2.0NRT,0.73,N,0.36,0.57,,,,,,firms,VIIRS,VIIRS_NOAA21_NRT
-1.89486,115.86234,2025-06-25,1828,N21,n,2.0NRT,9.89,N,0.62,0.71,,,,,,firms,VIIRS,VIIRS_NOAA21_NRT
-1.89402,115.85677,2025-06-25,1828,N21,n,2.0NRT,9.87,N,0.61,0.71,,,,,,firms,VIIRS,VIIRS_NOAA21_NRT
-1.87545,103.56127,2025-06-25,1828,N21,n,2.0NRT,0.95,N,0.38,0.36,,,,,,firms,VIIRS,VIIRS_NOAA21_NRT
-1.87542,115.86543,2025-06-25,1828,N21,n,2.0NRT,4.09,N,0.62,0.71,,,,,,firms,VIIRS,VIIRS_NOAA21_NRT
-1.87467,115.86035,2025-06-25,1828,N21,n,2.0NRT,3.52,N,0.61,0.71,,,,,,firms,VIIRS,VIIRS_NOAA21_NRT
-1.81533,103.1769,2025-06-25,1828,N21,n,2.0NRT,1.73,N,0.39,0.36,,,,,,firms,VIIRS,VIIRS_NOAA21_NRT
-1.24642,116.81747,2025-06-25,1828,N21,n,2.0NRT,3.88,N,0.7,0.75,,,,,,firms,VIIRS,VIIRS_NOAA21_NRT
-1.24505,116.81909,2025-06-25,1828,N21,n,2.0NRT,3.32,N,0.7,0.75,,,,,,firms,VIIRS,VIIRS_NOAA21_NRT
-1.17342,103.35871,2025-06-25,1828,N21,n,2.0NRT,0.99,N,0.39,0.36,,,,,,firms,VIIRS,VIIRS_NOAA21_NRT
-1.16689,103.33858,2025-06-25,1828,N21,n,2.0NRT,1.17,N,0.39,0.36,,,,,,firms,VIIRS,VIIRS_NOAA21_NRT
-0.98858,103.3316,2025-06-25,1828,N21,n,2.0NRT,0.91,N,0.39,0.36,,,,,,firms,VIIRS,VIIRS_NOAA21_NRT
-6.96962,109.02485,2025-06-25,1830,N21,n,2.0NRT,0.83,N,0.49,0.48,,,,,,firms,VIIRS,VIIRS_NOAA21_NRT
-6.54854,108.09547,2025-06-25,1830,N21,n,2.0NRT,1.47,N,0.42,0.45,,,,,,firms,VIIRS,VIIRS_NOAA21_NRT
-6.50406,107.48041,2025-06-25,1830,N21,n,2.0NRT,0.76,N,0.57,0.43,,,,,,firms,VIIRS,VIIRS_NOAA21_NRT
-6.30156,108.63342,2025-06-25,1830,N21,n,2.0NRT,4.02,N,0.45,0.47,,,,,,firms,VIIRS,VIIRS_NOAA21_NRT
-6.24931,107.49659,2025-06-25,1830,N21,n,2.0NRT,1.33,N,0.57,0.43,,,,,,firms,VIIRS,VIIRS_NOAA21_NRT
-6.03234,105.95625,2025-06-25,1830,N21,n,2.0NRT,5.84,N,0.47,0.39,,,,,,firms,VIIRS,VIIRS_NOAA21_NRT
-6.00961,105.97701,2025-06-25,1830,N21,n,2.0NRT,2.68,N,0.47,0.39,,,,,,firms,VIIRS,VIIRS_NOAA21_NRT
-5.98082,105.99234,2025-06-25,1830,N21,n,2.0NRT,3.85,N,0.47,0.39,,,,,,firms,VIIRS,VIIRS_NOAA21_NRT
-5.97834,105.99033,2025-06-25,1830,N21,n,2.0NRT,3.48,N,0.47,0.39,,,,,,firms,VIIRS,VIIRS_NOAA21_NRT
-3.80795,103.81744,2025-06-25,1830,N21,n,2.0NRT,4.7,N,0.39,0.36,,,,,,firms,VIIRS,VIIRS_NOAA21_NRT
-3.68707,103.65271,2025-06-25,1830,N21,n,2.0NRT,1.63,N,0.39,0.36,,,,,,firms,VIIRS,VIIRS_NOAA21_NRT
-3.4136,104.14824,2025-06-25,1830,N21,n,2.0NRT,0.56,N,0.39,0.36,,,,,,firms,VIIRS,VIIRS_NOAA21_NRT
-3.07047,102.82468,2025-06-25,1830,N21,n,2.0NRT,1.06,N,0.39,0.36,,,,,,firms,VIIRS,VIIRS_NOAA21_NRT
-2.79552,101.53985,2025-06-25,1830,N21,n,2.0NRT,0.76,N,0.41,0.37,,,,,,firms,VIIRS,VIIRS_NOAA21_NRT
-3.67063,138.67133,2025-06-26,347,N21,n,2.0NRT,5.88,D,0.51,0.49,,,,,,firms,VIIRS,VIIRS_NOAA21_NRT
-3.65817,138.40411,2025-06-26,347,N21,n,2.0NRT,5.95,D,0.53,0.5,,,,,,firms,VIIRS,VIIRS_NOAA21_NRT
-3.6579,138.40538,2025-06-26,347,N21,n,2.0NRT,7.92,D,0.53,0.5,,,,,,firms,VIIRS,VIIRS_NOAA21_NRT
-3.65752,138.40863,2025-06-26,347,N21,n,2.0NRT,6.85,D,0.53,0.5,,,,,,firms,VIIRS,VIIRS_NOAA21_NRT
-3.53251,138.42842,2025-06-26,347,N21,n,2.0NRT,5.2,D,0.53,0.5,,,,,,firms,VIIRS,VIIRS_NOAA21_NRT
-3.50449,138.00459,2025-06-26,347,N21,n,2.0NRT,7.16,D,0.56,0.52,,,,,,firms,VIIRS,VIIRS_NOAA21_NRT
-3.50306,138.00067,2025-06-26,347,N21,n,2.0NRT,6.31,D,0.56,0.52,,,,,,firms,VIIRS,VIIRS_NOAA21_NRT
-9.83405,123.77838,2025-06-26,525,N21,n,2.0NRT,6.89,D,0.43,0.38,,,,,,firms,VIIRS,VIIRS_NOAA21_NRT
-9.82994,123.7817,2025-06-26,525,N21,n,2.0NRT,6.89,D,0.43,0.38,,,,,,firms,VIIRS,VIIRS_NOAA21_NRT
-9.82826,123.78149,2025-06-26,525,N21,n,2.0NRT,12.92,D,0.43,0.38,,,,,,firms,VIIRS,VIIRS_NOAA21_NRT
-9.80802,119.90016,2025-06-26,525,N21,n,2.0NRT,2.64,D,0.4,0.37,,,,,,firms,VIIRS,VIIRS_NOAA21_NRT
-8.53813,122.76783,2025-06-26,525,N21,n,2.0NRT,4.49,D,0.41,0.37,,,,,,firms,VIIRS,VIIRS_NOAA21_NRT
-8.53432,116.61575,2025-06-26,525,N21,n,2.0NRT,8.02,D,0.54,0.42,,,,,,firms,VIIRS,VIIRS_NOAA21_NRT
-8.52814,118.21172,2025-06-26,525,N21,n,2.0NRT,3.43,D,0.45,0.39,,,,,,firms,VIIRS,VIIRS_NOAA21_NRT
-8.50049,117.59708,2025-06-26,525,N21,n,2.0NRT,2.64,D,0.48,0.4,,,,,,firms,VIIRS,VIIRS_NOAA21_NRT
-8.49943,118.36054,2025-06-26,525,N21,n,2.0NRT,5.43,D,0.44,0.39,,,,,,firms,VIIRS,VIIRS_NOAA21_NRT
-8.47979,118.34606,2025-06-26,525,N21,n,2.0NRT,3.6,D,0.44,0.39,,,,,,firms,VIIRS,VIIRS_NOAA21_NRT
-8.44534,123.56182,2025-06-26,525,N21,n,2.0NRT,4.48,D,0.43,0.38,,,,,,firms,VIIRS,VIIRS_NOAA21_NRT
-8.43787,118.41009,2025-06-26,525,N21,n,2.0NRT,4.91,D,0.44,0.38,,,,,,firms,VIIRS,VIIRS_NOAA21_NRT
-8.38377,123.95269,2025-06-26,525,N21,n,2.0NRT,7.82,D,0.45,0.39,,,,,,firms,VIIRS,VIIRS_NOAA21_NRT
-8.3425,118.6713,2025-06-26,525,N21,n,2.0NRT,2.84,D,0.43,0.38,,,,,,firms,VIIRS,VIIRS_NOAA21_NRT
-8.34141,118.67884,2025-06-26,525,N21,n,2.0NRT,5.48,D,0.43,0.38,,,,,,firms,VIIRS,VIIRS_NOAA21_NRT
-8.29132,118.6435,2025-06-26,525,N21,l,2.0NRT,2.19,D,0.43,0.38,,,,,,firms,VIIRS,VIIRS_NOAA21_NRT
-2.64772,119.13798,2025-06-26,527,N21,n,2.0NRT,2.09,D,0.39,0.36,,,,,,firms,VIIRS,VIIRS_NOAA21_NRT
-2.48854,115.29964,2025-06-26,527,N21,n,2.0NRT,2.79,D,0.54,0.42,,,,,,firms,VIIRS,VIIRS_NOAA21_NRT
-2.03027,119.35156,2025-06-26,527,N21,n,2.0NRT,3.64,D,0.38,0.36,,,,,,firms,VIIRS,VIIRS_NOAA21_NRT
-2.00826,121.43314,2025-06-26,527,N21,n,2.0NRT,6.16,D,0.41,0.37,,,,,,firms,VIIRS,VIIRS_NOAA21_NRT
-2.00486,121.43256,2025-06-26,527,N21,n,2.0NRT,3.39,D,0.41,0.37,,,,,,firms,VIIRS,VIIRS_NOAA21_NRT
-2.00146,121.43198,2025-06-26,527,N21,n,2.0NRT,3.39,D,0.41,0.37,,,,,,firms,VIIRS,VIIRS_NOAA21_NRT
-1.99807,121.43138,2025-06-26,527,N21,n,2.0NRT,2.84,D,0.41,0.37,,,,,,firms,VIIRS,VIIRS_NOAA21_NRT
-1.70402,119.8866,2025-06-26,527,N21,n,2.0NRT,12.38,D,0.38,0.36,,,,,,firms,VIIRS,VIIRS_NOAA21_NRT
-1.48981,113.01483,2025-06-26,527,N21,n,2.0NRT,5.41,D,0.49,0.49,,,,,,firms,VIIRS,VIIRS_NOAA21_NRT
-1.18546,119.52126,2025-06-26,527,N21,n,2.0NRT,7.62,D,0.38,0.36,,,,,,firms,VIIRS,VIIRS_NOAA21_NRT
-0.71084,111.73146,2025-06-26,527,N21,n,2.0NRT,5.23,D,0.59,0.53,,,,,,firms,VIIRS,VIIRS_NOAA21_NRT
-0.7106,111.7336,2025-06-26,527,N21,n,2.0NRT,7.0,D,0.59,0.53,,,,,,firms,VIIRS,VIIRS_NOAA21_NRT
-0.70471,110.41698,2025-06-26,527,N21,n,2.0NRT,3.62,D,0.36,0.58,,,,,,firms,VIIRS,VIIRS_NOAA21_NRT
-0.63216,110.32831,2025-06-26,527,N21,n,2.0NRT,5.57,D,0.37,0.58,,,,,,firms,VIIRS,VIIRS_NOAA21_NRT
-0.43094,112.28002,2025-06-26,527,N21,n,2.0NRT,4.88,D,0.53,0.5,,,,,,firms,VIIRS,VIIRS_NOAA21_NRT
-0.41629,112.34527,2025-06-26,527,N21,n,2.0NRT,43.69,D,0.53,0.5,,,,,,firms,VIIRS,VIIRS_NOAA21_NRT
-0.36774,110.33379,2025-06-26,527,N21,n,2.0NRT,4.63,D,0.36,0.58,,,,,,firms,VIIRS,VIIRS_NOAA21_NRT
-0.3677,110.33508,2025-06-26,527,N21,n,2.0NRT,3.39,D,0.36,0.58,,,,,,firms,VIIRS,VIIRS_NOAA21_NRT
-0.36354,111.17718,2025-06-26,527,N21,n,2.0NRT,21.73,D,0.63,0.54,,,,,,firms,VIIRS,VIIRS_NOAA21_NRT
-0.36258,111.17543,2025-06-26,527,N21,n,2.0NRT,16.44,D,0.63,0.54,,,,,,firms,VIIRS,VIIRS_NOAA21_NRT
-0.31565,111.01894,2025-06-26,527,N21,n,2.0NRT,3.67,D,0.32,0.55,,,,,,firms,VIIRS,VIIRS_NOAA21_NRT
-0.2779,109.22037,2025-06-26,527,N21,n,2.0NRT,4.89,D,0.43,0.62,,,,,,firms,VIIRS,VIIRS_NOAA21_NRT
-0.21038,109.39648,2025-06-26,527,N21,n,2.0NRT,8.2,D,0.42,0.61,,,,,,firms,VIIRS,VIIRS_NOAA21_NRT
-0.20973,110.27754,2025-06-26,527,N21,n,2.0NRT,3.68,D,0.36,0.58,,,,,,firms,VIIRS,VIIRS_NOAA21_NRT
-0.20616,109.39442,2025-06-26,527,N21,n,2.0NRT,9.21,D,0.42,0.61,,,,,,firms,VIIRS,VIIRS_NOAA21_NRT
-0.20556,109.39816,2025-06-26,527,N21,n,2.0NRT,9.21,D,0.42,0.61,,,,,,firms,VIIRS,VIIRS_NOAA21_NRT
-0.20478,109.39565,2025-06-26,527,N21,n,2.0NRT,10.18,D,0.42,0.61,,,,,,firms,VIIRS,VIIRS_NOAA21_NRT
-0.20449,110.27657,2025-06-26,527,N21,n,2.0NRT,3.68,D,0.36,0.58,,,,,,firms,VIIRS,VIIRS_NOAA21_NRT
0.38744,109.75506,2025-06-26,527,N21,n,2.0NRT,9.77,D,0.39,0.59,,,,,,firms,VIIRS,VIIRS_NOAA21_NRT
0.38808,109.75922,2025-06-26,527,N21,n,2.0NRT,11.07,D,0.39,0.59,,,,,,firms,VIIRS,VIIRS_NOAA21_NRT
0.38967,109.75473,2025-06-26,527,N21,n,2.0NRT,10.54,D,0.39,0.59,,,,,,firms,VIIRS,VIIRS_NOAA21_NRT
0.39028,109.75853,2025-06-26,527,N21,n,2.0NRT,9.26,D,0.39,0.59,,,,,,firms,VIIRS,VIIRS_NOAA21_NRT
0.48923,110.51669,2025-06-26,527,N21,n,2.0NRT,4.35,D,0.34,0.56,,,,,,firms,VIIRS,VIIRS_NOAA21_NRT
0.49389,110.5129,2025-06-26,527,N21,l,2.0NRT,93.73,D,0.34,0.56,,,,,,firms,VIIRS,VIIRS_NOAA21_NRT
0.49436,110.51595,2025-06-26,527,N21,h,2.0NRT,116.15,D,0.34,0.56,,,,,,firms,VIIRS,VIIRS_NOAA21_NRT
0.5522,121.66538,2025-06-26,527,N21,n,2.0NRT,4.51,D,0.44,0.38,,,,,,firms,VIIRS,VIIRS_NOAA21_NRT
0.62403,109.10421,2025-06-26,527,N21,n,2.0NRT,6.34,D,0.43,0.62,,,,,,firms,VIIRS,VIIRS_NOAA21_NRT
0.62587,109.1037,2025-06-26,527,N21,n,2.0NRT,5.14,D,0.43,0.62,,,,,,firms,VIIRS,VIIRS_NOAA21_NRT
0.64652,122.63125,2025-06-26,527,N21,n,2.0NRT,4.37,D,0.49,0.4,,,,,,firms,VIIRS,VIIRS_NOAA21_NRT
0.64807,122.6342,2025-06-26,527,N21,n,2.0NRT,4.57,D,0.49,0.4,,,,,,firms,VIIRS,VIIRS_NOAA21_NRT
0.79381,113.02023,2025-06-26,527,N21,n,2.0NRT,2.97,D,0.45,0.47,,,,,,firms,VIIRS,VIIRS_NOAA21_NRT
0.80949,109.91361,2025-06-26,527,N21,n,2.0NRT,54.09,D,0.37,0.58,,,,,,firms,VIIRS,VIIRS_NOAA21_NRT
0.95605,111.77525,2025-06-26,527,N21,n,2.0NRT,6.73,D,0.55,0.51,,,,,,firms,VIIRS,VIIRS_NOAA21_NRT
1.00083,109.72784,2025-06-26,527,N21,n,2.0NRT,3.74,D,0.38,0.59,,,,,,firms,VIIRS,VIIRS_NOAA21_NRT
1.08015,121.32962,2025-06-26,527,N21,n,2.0NRT,6.34,D,0.43,0.38,,,,,,firms,VIIRS,VIIRS_NOAA21_NRT
1.13692,121.38732,2025-06-26,527,N21,n,2.0NRT,5.65,D,0.43,0.38,,,,,,firms,VIIRS,VIIRS_NOAA21_NRT
1.3376,109.13972,2025-06-26,527,N21,n,2.0NRT,9.51,D,0.41,0.61,,,,,,firms,VIIRS,VIIRS_NOAA21_NRT
1.98901,113.76691,2025-06-26,527,N21,n,2.0NRT,4.35,D,0.39,0.44,,,,,,firms,VIIRS,VIIRS_NOAA21_NRT
2.61174,112.50632,2025-06-26,529,N21,n,2.0NRT,3.38,D,0.46,0.47,,,,,,firms,VIIRS,VIIRS_NOAA21_NRT
-3.80673,103.81876,2025-06-26,707,N21,n,2.0NRT,6.11,D,0.38,0.58,,,,,,firms,VIIRS,VIIRS_NOAA21_NRT
-3.80462,103.81962,2025-06-26,707,N21,n,2.0NRT,6.72,D,0.37,0.58,,,,,,firms,VIIRS,VIIRS_NOAA21_NRT
-3.7777,102.3565,2025-06-26,707,N21,n,2.0NRT,14.41,D,0.59,0.53,,,,,,firms,VIIRS,VIIRS_NOAA21_NRT
-3.72687,103.71381,2025-06-26,707,N21,n,2.0NRT,3.84,D,0.37,0.58,,,,,,firms,VIIRS,VIIRS_NOAA21_NRT
-3.72585,103.71334,2025-06-26,707,N21,n,2.0NRT,2.9,D,0.37,0.58,,,,,,firms,VIIRS,VIIRS_NOAA21_NRT
-3.69846,104.37827,2025-06-26,707,N21,h,2.0NRT,9.02,D,0.41,0.61,,,,,,firms,VIIRS,VIIRS_NOAA21_NRT
-3.5204,102.15652,2025-06-26,707,N21,n,2.0NRT,4.26,D,0.58,0.52,,,,,,firms,VIIRS,VIIRS_NOAA21_NRT
-3.46612,102.24797,2025-06-26,707,N21,n,2.0NRT,5.49,D,0.59,0.53,,,,,,firms,VIIRS,VIIRS_NOAA21_NRT
-3.26245,103.38937,2025-06-26,707,N21,n,2.0NRT,8.44,D,0.36,0.57,,,,,,firms,VIIRS,VIIRS_NOAA21_NRT
-3.25821,101.76934,2025-06-26,707,N21,n,2.0NRT,6.9,D,0.55,0.51,,,,,,firms,VIIRS,VIIRS_NOAA21_NRT
-3.24016,103.89068,2025-06-26,707,N21,n,2.0NRT,4.54,D,0.39,0.59,,,,,,firms,VIIRS,VIIRS_NOAA21_NRT
-3.15845,102.05597,2025-06-26,707,N21,n,2.0NRT,18.28,D,0.58,0.52,,,,,,firms,VIIRS,VIIRS_NOAA21_NRT
-3.10067,103.25706,2025-06-26,707,N21,n,2.0NRT,3.41,D,0.35,0.57,,,,,,firms,VIIRS,VIIRS_NOAA21_NRT
-3.08448,102.88638,2025-06-26,707,N21,n,2.0NRT,4.34,D,0.33,0.55,,,,,,firms,VIIRS,VIIRS_NOAA21_NRT
-3.06496,101.78884,2025-06-26,707,N21,n,2.0NRT,8.83,D,0.56,0.51,,,,,,firms,VIIRS,VIIRS_NOAA21_NRT
-3.06332,101.78699,2025-06-26,707,N21,n,2.0NRT,7.89,D,0.56,0.51,,,,,,firms,VIIRS,VIIRS_NOAA21_NRT
-2.98153,101.66817,2025-06-26,707,N21,n,2.0NRT,5.73,D,0.55,0.51,,,,,,firms,VIIRS,VIIRS_NOAA21_NRT
-2.9663,101.77775,2025-06-26,707,N21,n,2.0NRT,7.33,D,0.56,0.51,,,,,,firms,VIIRS,VIIRS_NOAA21_NRT
-2.96577,102.63383,2025-06-26,707,N21,n,2.0NRT,2.64,D,0.32,0.55,,,,,,firms,VIIRS,VIIRS_NOAA21_NRT
-2.96395,101.7749,2025-06-26,707,N21,n,2.0NRT,10.49,D,0.56,0.51,,,,,,firms,VIIRS,VIIRS_NOAA21_NRT
-2.89384,101.60077,2025-06-26,707,N21,n,2.0NRT,6.45,D,0.54,0.51,,,,,,firms,VIIRS,VIIRS_NOAA21_NRT
-2.85486,101.55658,2025-06-26,707,N21,n,2.0NRT,4.27,D,0.54,0.51,,,,,,firms,VIIRS,VIIRS_NOAA21_NRT
-2.84324,101.59962,2025-06-26,707,N21,n,2.0NRT,7.45,D,0.55,0.51,,,,,,firms,VIIRS,VIIRS_NOAA21_NRT
-2.84246,101.60453,2025-06-26,707,N21,n,2.0NRT,7.45,D,0.55,0.51,,,,,,firms,VIIRS,VIIRS_NOAA21_NRT
-2.7895,104.19269,2025-06-26,707,N21,n,2.0NRT,6.73,D,0.41,0.61,,,,,,firms,VIIRS,VIIRS_NOAA21_NRT
-2.78853,104.19352,2025-06-26,707,N21,n,2.0NRT,4.58,D,0.41,0.61,,,,,,firms,VIIRS,VIIRS_NOAA21_NRT
-2.78439,101.52854,2025-06-26,707,N21,n,2.0NRT,5.36,D,0.54,0.51,,,,,,firms,VIIRS,VIIRS_NOAA21_NRT
-2.77084,101.51707,2025-06-26,707,N21,n,2.0NRT,3.44,D,0.54,0.51,,,,,,firms,VIIRS,VIIRS_NOAA21_NRT
-2.76754,101.5147,2025-06-26,707,N21,n,2.0NRT,26.18,D,0.54,0.51,,,,,,firms,VIIRS,VIIRS_NOAA21_NRT
-2.70732,101.47547,2025-06-26,707,N21,n,2.0NRT,12.51,D,0.54,0.51,,,,,,firms,VIIRS,VIIRS_NOAA21_NRT
-2.65997,103.74005,2025-06-26,707,N21,h,2.0NRT,19.37,D,0.39,0.59,,,,,,firms,VIIRS,VIIRS_NOAA21_NRT
-2.60393,101.18035,2025-06-26,707,N21,n,2.0NRT,3.2,D,0.52,0.5,,,,,,firms,VIIRS,VIIRS_NOAA21_NRT
-2.59535,103.24927,2025-06-26,707,N21,n,2.0NRT,3.08,D,0.36,0.57,,,,,,firms,VIIRS,VIIRS_NOAA21_NRT
-2.59484,103.25246,2025-06-26,707,N21,n,2.0NRT,3.08,D,0.36,0.57,,,,,,firms,VIIRS,VIIRS_NOAA21_NRT
-2.55995,103.47094,2025-06-26,707,N21,n,2.0NRT,5.95,D,0.37,0.58,,,,,,firms,VIIRS,VIIRS_NOAA21_NRT
-2.52859,102.57184,2025-06-26,707,N21,n,2.0NRT,4.08,D,0.32,0.55,,,,,,firms,VIIRS,VIIRS_NOAA21_NRT
-2.46551,106.05197,2025-06-26,707,N21,n,2.0NRT,10.82,D,0.56,0.69,,,,,,firms,VIIRS,VIIRS_NOAA21_NRT
-2.42694,104.19439,2025-06-26,707,N21,n,2.0NRT,12.56,D,0.42,0.61,,,,,,firms,VIIRS,VIIRS_NOAA21_NRT
-2.34064,105.88747,2025-06-26,707,N21,n,2.0NRT,5.97,D,0.55,0.68,,,,,,firms,VIIRS,VIIRS_NOAA21_NRT
-2.3245,101.2245,2025-06-26,707,N21,n,2.0NRT,4.14,D,0.52,0.5,,,,,,firms,VIIRS,VIIRS_NOAA21_NRT
-2.28252,101.19415,2025-06-26,707,N21,n,2.0NRT,3.81,D,0.52,0.5,,,,,,firms,VIIRS,VIIRS_NOAA21_NRT
-2.24489,101.55553,2025-06-26,707,N21,n,2.0NRT,3.85,D,0.56,0.51,,,,,,firms,VIIRS,VIIRS_NOAA21_NRT
-2.24281,101.55314,2025-06-26,707,N21,n,2.0NRT,2.54,D,0.55,0.51,,,,,,firms,VIIRS,VIIRS_NOAA21_NRT
-2.24242,102.5628,2025-06-26,707,N21,n,2.0NRT,3.59,D,0.33,0.55,,,,,,firms,VIIRS,VIIRS_NOAA21_NRT
-2.24065,101.01522,2025-06-26,707,N21,n,2.0NRT,11.24,D,0.51,0.49,,,,,,firms,VIIRS,VIIRS_NOAA21_NRT
-2.20257,101.0107,2025-06-26,707,N21,n,2.0NRT,7.24,D,0.51,0.49,,,,,,firms,VIIRS,VIIRS_NOAA21_NRT
-2.15395,101.14267,2025-06-26,707,N21,n,2.0NRT,18.1,D,0.52,0.5,,,,,,firms,VIIRS,VIIRS_NOAA21_NRT
-2.07875,102.94393,2025-06-26,707,N21,n,2.0NRT,6.05,D,0.35,0.57,,,,,,firms,VIIRS,VIIRS_NOAA21_NRT
-2.04166,102.24725,2025-06-26,707,N21,n,2.0NRT,10.32,D,0.62,0.54,,,,,,firms,VIIRS,VIIRS_NOAA21_NRT
-2.03672,102.24647,2025-06-26,707,N21,n,2.0NRT,7.99,D,0.62,0.54,,,,,,firms,VIIRS,VIIRS_NOAA21_NRT
-1.94986,100.97684,2025-06-26,707,N21,n,2.0NRT,13.18,D,0.51,0.49,,,,,,firms,VIIRS,VIIRS_NOAA21_NRT
-1.88328,102.23615,2025-06-26,707,N21,n,2.0NRT,7.64,D,0.63,0.54,,,,,,firms,VIIRS,VIIRS_NOAA21_NRT
-1.80001,102.2803,2025-06-26,707,N21,n,2.0NRT,5.47,D,0.63,0.54,,,,,,firms,VIIRS,VIIRS_NOAA21_NRT
-1.5546,101.3949,2025-06-26,707,N21,n,2.0NRT,19.65,D,0.55,0.51,,,,,,firms,VIIRS,VIIRS_NOAA21_NRT
-1.41317,103.8513,2025-06-26,707,N21,n,2.0NRT,3.19,D,0.41,0.61,,,,,,firms,VIIRS,VIIRS_NOAA21_NRT
-1.32467,101.89352,2025-06-26,707,N21,n,2.0NRT,6.75,D,0.61,0.53,,,,,,firms,VIIRS,VIIRS_NOAA21_NRT
-1.32257,101.89427,2025-06-26,707,N21,n,2.0NRT,7.6,D,0.6,0.53,,,,,,firms,VIIRS,VIIRS_NOAA21_NRT
-1.24082,102.82746,2025-06-26,707,N21,n,2.0NRT,5.12,D,0.35,0.57,,,,,,firms,VIIRS,VIIRS_NOAA21_NRT
-1.19236,102.76424,2025-06-26,707,N21,h,2.0NRT,7.87,D,0.35,0.57,,,,,,firms,VIIRS,VIIRS_NOAA21_NRT
-1.1417,102.8075,2025-06-26,707,N21,n,2.0NRT,3.33,D,0.35,0.57,,,,,,firms,VIIRS,VIIRS_NOAA21_NRT
-0.94315,100.64571,2025-06-26,709,N21,n,2.0NRT,2.09,D,0.5,0.49,,,,,,firms,VIIRS,VIIRS_NOAA21_NRT
-0.89715,102.04276,2025-06-26,709,N21,n,2.0NRT,10.9,D,0.63,0.54,,,,,,firms,VIIRS,VIIRS_NOAA21_NRT
-0.89218,102.04204,2025-06-26,709,N21,n,2.0NRT,12.36,D,0.63,0.54,,,,,,firms,VIIRS,VIIRS_NOAA21_NRT
-0.86935,100.58908,2025-06-26,709,N21,n,2.0NRT,4.72,D,0.5,0.49,,,,,,firms,VIIRS,VIIRS_NOAA21_NRT
-0.86716,100.58645,2025-06-26,709,N21,n,2.0NRT,7.33,D,0.5,0.49,,,,,,firms,VIIRS,VIIRS_NOAA21_NRT
-0.80995,101.57171,2025-06-26,709,N21,n,2.0NRT,5.53,D,0.59,0.53,,,,,,firms,VIIRS,VIIRS_NOAA21_NRT
-0.76634,102.28643,2025-06-26,709,N21,n,2.0NRT,4.1,D,0.33,0.55,,,,,,firms,VIIRS,VIIRS_NOAA21_NRT
-0.74999,100.62984,2025-06-26,709,N21,n,2.0NRT,4.49,D,0.51,0.49,,,,,,firms,VIIRS,VIIRS_NOAA21_NRT
-0.59861,100.59793,2025-06-26,709,N21,n,2.0NRT,7.88,D,0.51,0.49,,,,,,firms,VIIRS,VIIRS_NOAA21_NRT
-0.4097,99.98086,2025-06-26,709,N21,n,2.0NRT,4.71,D,0.46,0.47,,,,,,firms,VIIRS,VIIRS_NOAA21_NRT
-0.23383,101.20069,2025-06-26,709,N21,n,2.0NRT,5.76,D,0.56,0.52,,,,,,firms,VIIRS,VIIRS_NOAA21_NRT
-0.06374,100.12269,2025-06-26,709,N21,n,2.0NRT,5.67,D,0.48,0.48,,,,,,firms,VIIRS,VIIRS_NOAA21_NRT
-0.04056,103.04301,2025-06-26,709,N21,n,2.0NRT,8.51,D,0.38,0.59,,,,,,firms,VIIRS,VIIRS_NOAA21_NRT
-0.04003,103.04642,2025-06-26,709,N21,n,2.0NRT,9.11,D,0.38,0.59,,,,,,firms,VIIRS,VIIRS_NOAA21_NRT
0.19698,99.91611,2025-06-26,709,N21,n,2.0NRT,6.64,D,0.47,0.48,,,,,,firms,VIIRS,VIIRS_NOAA21_NRT
0.25427,99.19482,2025-06-26,709,N21,n,2.0NRT,4.68,D,0.42,0.45,,,,,,firms,VIIRS,VIIRS_NOAA21_NRT
0.27077,99.21928,2025-06-26,709,N21,n,2.0NRT,6.48,D,0.42,0.45,,,,,,firms,VIIRS,VIIRS_NOAA21_NRT
0.29269,99.22352,2025-06-26,709,N21,n,2.0NRT,6.33,D,0.42,0.45,,,,,,firms,VIIRS,VIIRS_NOAA21_NRT
0.41836,99.47529,2025-06-26,709,N21,n,2.0NRT,18.38,D,0.44,0.46,,,,,,firms,VIIRS,VIIRS_NOAA21_NRT
0.45923,100.09617,2025-06-26,709,N21,n,2.0NRT,2.63,D,0.49,0.48,,,,,,firms,VIIRS,VIIRS_NOAA21_NRT
0.45964,100.09563,2025-06-26,709,N21,n,2.0NRT,3.27,D,0.49,0.48,,,,,,firms,VIIRS,VIIRS_NOAA21_NRT
0.70295,99.26903,2025-06-26,709,N21,n,2.0NRT,6.62,D,0.43,0.46,,,,,,firms,VIIRS,VIIRS_NOAA21_NRT
0.71583,100.37843,2025-06-26,709,N21,n,2.0NRT,10.96,D,0.51,0.49,,,,,,firms,VIIRS,VIIRS_NOAA21_NRT
0.71701,100.37615,2025-06-26,709,N21,n,2.0NRT,6.32,D,0.51,0.5,,,,,,firms,VIIRS,VIIRS_NOAA21_NRT
0.71771,100.38082,2025-06-26,709,N21,n,2.0NRT,5.91,D,0.51,0.5,,,,,,firms,VIIRS,VIIRS_NOAA21_NRT
0.73068,103.42786,2025-06-26,709,N21,n,2.0NRT,3.37,D,0.42,0.61,,,,,,firms,VIIRS,VIIRS_NOAA21_NRT
0.80135,99.20356,2025-06-26,709,N21,n,2.0NRT,5.09,D,0.43,0.46,,,,,,firms,VIIRS,VIIRS_NOAA21_NRT
0.81715,100.17009,2025-06-26,709,N21,n,2.0NRT,6.62,D,0.5,0.49,,,,,,firms,VIIRS,VIIRS_NOAA21_NRT
0.82982,100.19348,2025-06-26,709,N21,n,2.0NRT,11.63,D,0.5,0.49,,,,,,firms,VIIRS,VIIRS_NOAA21_NRT
0.84127,100.23892,2025-06-26,709,N21,n,2.0NRT,4.2,D,0.5,0.49,,,,,,firms,VIIRS,VIIRS_NOAA21_NRT
0.845,100.17277,2025-06-26,709,N21,n,2.0NRT,10.18,D,0.5,0.49,,,,,,firms,VIIRS,VIIRS_NOAA21_NRT
0.86094,100.1573,2025-06-26,709,N21,n,2.0NRT,6.87,D,0.5,0.49,,,,,,firms,VIIRS,VIIRS_NOAA21_NRT
0.88606,100.091,2025-06-26,709,N21,n,2.0NRT,11.69,D,0.49,0.49,,,,,,firms,VIIRS,VIIRS_NOAA21_NRT
0.887,100.08979,2025-06-26,709,N21,n,2.0NRT,6.39,D,0.49,0.49,,,,,,firms,VIIRS,VIIRS_NOAA21_NRT
0.88776,100.09463,2025-06-26,709,N21,n,2.0NRT,6.39,D,0.49,0.49,,,,,,firms,VIIRS,VIIRS_NOAA21_NRT
1.2276,99.72666,2025-06-26,709,N21,n,2.0NRT,7.34,D,0.47,0.48,,,,,,firms,VIIRS,VIIRS_NOAA21_NRT
1.37945,104.15639,2025-06-26,709,N21,n,2.0NRT,5.9,D,0.48,0.65,,,,,,firms,VIIRS,VIIRS_NOAA21_NRT
1.38011,104.16068,2025-06-26,709,N21,n,2.0NRT,5.9,D,0.48,0.65,,,,,,firms,VIIRS,VIIRS_NOAA21_NRT
1.38211,97.33833,2025-06-26,709,N21,n,2.0NRT,4.89,D,0.5,0.41,,,,,,firms,VIIRS,VIIRS_NOAA21_NRT
1.38801,99.47501,2025-06-26,709,N21,n,2.0NRT,5.2,D,0.46,0.47,,,,,,firms,VIIRS,VIIRS_NOAA21_NRT
1.38859,99.47887,2025-06-26,709,N21,n,2.0NRT,5.2,D,0.46,0.47,,,,,,firms,VIIRS,VIIRS_NOAA21_NRT
1.39096,97.29559,2025-06-26,709,N21,n,2.0NRT,6.79,D,0.5,0.41,,,,,,firms,VIIRS,VIIRS_NOAA21_NRT
1.39229,99.47424,2025-06-26,709,N21,n,2.0NRT,9.2,D,0.46,0.47,,,,,,firms,VIIRS,VIIRS_NOAA21_NRT
1.39288,99.47811,2025-06-26,709,N21,n,2.0NRT,9.2,D,0.46,0.47,,,,,,firms,VIIRS,VIIRS_NOAA21_NRT
1.44894,98.80814,2025-06-26,709,N21,n,2.0NRT,5.12,D,0.41,0.45,,,,,,firms,VIIRS,VIIRS_NOAA21_NRT
1.45,98.80732,2025-06-26,709,N21,n,2.0NRT,8.34,D,0.41,0.45,,,,,,firms,VIIRS,VIIRS_NOAA21_NRT
1.45305,98.80751,2025-06-26,709,N21,n,2.0NRT,5.12,D,0.41,0.45,,,,,,firms,VIIRS,VIIRS_NOAA21_NRT
1.45717,98.80687,2025-06-26,709,N21,n,2.0NRT,5.49,D,0.41,0.45,,,,,,firms,VIIRS,VIIRS_NOAA21_NRT
1.46029,99.47014,2025-06-26,709,N21,n,2.0NRT,4.7,D,0.46,0.47,,,,,,firms,VIIRS,VIIRS_NOAA21_NRT
1.47748,98.77384,2025-06-26,709,N21,n,2.0NRT,3.02,D,0.41,0.45,,,,,,firms,VIIRS,VIIRS_NOAA21_NRT
1.60025,99.65497,2025-06-26,709,N21,n,2.0NRT,2.91,D,0.47,0.48,,,,,,firms,VIIRS,VIIRS_NOAA21_NRT
1.62892,99.63772,2025-06-26,709,N21,n,2.0NRT,13.23,D,0.47,0.48,,,,,,firms,VIIRS,VIIRS_NOAA21_NRT
1.62961,99.64229,2025-06-26,709,N21,n,2.0NRT,25.37,D,0.47,0.48,,,,,,firms,VIIRS,VIIRS_NOAA21_NRT
1.70184,99.49195,2025-06-26,709,N21,n,2.0NRT,13.89,D,0.46,0.47,,,,,,firms,VIIRS,VIIRS_NOAA21_NRT
1.75331,98.69397,2025-06-26,709,N21,l,2.0NRT,5.21,D,0.41,0.45,,,,,,firms,VIIRS,VIIRS_NOAA21_NRT
1.76308,103.16415,2025-06-26,709,N21,n,2.0NRT,2.05,D,0.42,0.61,,,,,,firms,VIIRS,VIIRS_NOAA21_NRT
1.77795,99.87935,2025-06-26,709,N21,n,2.0NRT,5.18,D,0.49,0.49,,,,,,firms,VIIRS,VIIRS_NOAA21_NRT
1.78167,98.72027,2025-06-26,709,N21,n,2.0NRT,3.47,D,0.41,0.45,,,,,,firms,VIIRS,VIIRS_NOAA21_NRT
1.78263,99.19366,2025-06-26,709,N21,n,2.0NRT,8.5,D,0.44,0.46,,,,,,firms,VIIRS,VIIRS_NOAA21_NRT
1.78322,99.19756,2025-06-26,709,N21,n,2.0NRT,8.5,D,0.44,0.46,,,,,,firms,VIIRS,VIIRS_NOAA21_NRT
1.9446,99.26013,2025-06-26,709,N21,n,2.0NRT,4.52,D,0.45,0.47,,,,,,firms,VIIRS,VIIRS_NOAA21_NRT
1.95536,98.79104,2025-06-26,709,N21,n,2.0NRT,12.67,D,0.42,0.45,,,,,,firms,VIIRS,VIIRS_NOAA21_NRT
2.05198,99.31206,2025-06-26,709,N21,n,2.0NRT,19.79,D,0.45,0.47,,,,,,firms,VIIRS,VIIRS_NOAA21_NRT
2.11721,98.94566,2025-06-26,709,N21,n,2.0NRT,6.61,D,0.43,0.46,,,,,,firms,VIIRS,VIIRS_NOAA21_NRT
2.212,99.28757,2025-06-26,709,N21,n,2.0NRT,3.09,D,0.46,0.47,,,,,,firms,VIIRS,VIIRS_NOAA21_NRT
2.22245,99.38756,2025-06-26,709,N21,n,2.0NRT,6.48,D,0.46,0.47,,,,,,firms,VIIRS,VIIRS_NOAA21_NRT
2.26467,98.32653,2025-06-26,709,N21,n,2.0NRT,3.61,D,0.4,0.44,,,,,,firms,VIIRS,VIIRS_NOAA21_NRT
2.27162,98.31774,2025-06-26,709,N21,n,2.0NRT,10.38,D,0.4,0.44,,,,,,firms,VIIRS,VIIRS_NOAA21_NRT
2.27216,98.32139,2025-06-26,709,N21,n,2.0NRT,8.41,D,0.4,0.44,,,,,,firms,VIIRS,VIIRS_NOAA21_NRT
2.2961,99.49326,2025-06-26,709,N21,n,2.0NRT,11.2,D,0.47,0.48,,,,,,firms,VIIRS,VIIRS_NOAA21_NRT
2.43915,99.33125,2025-06-26,709,N21,n,2.0NRT,6.64,D,0.46,0.47,,,,,,firms,VIIRS,VIIRS_NOAA21_NRT
2.49149,98.14665,2025-06-26,709,N21,n,2.0NRT,4.47,D,0.39,0.44,,,,,,firms,VIIRS,VIIRS_NOAA21_NRT
2.50993,98.40833,2025-06-26,709,N21,n,2.0NRT,7.02,D,0.4,0.44,,,,,,firms,VIIRS,VIIRS_NOAA21_NRT
2.51394,99.315,2025-06-26,709,N21,n,2.0NRT,3.53,D,0.46,0.47,,,,,,firms,VIIRS,VIIRS_NOAA21_NRT
2.59084,99.38492,2025-06-26,709,N21,n,2.0NRT,4.74,D,0.47,0.48,,,,,,firms,VIIRS,VIIRS_NOAA21_NRT
2.61908,98.64239,2025-06-26,709,N21,n,2.0NRT,2.82,D,0.42,0.45,,,,,,firms,VIIRS,VIIRS_NOAA21_NRT
2.64661,97.81575,2025-06-26,709,N21,n,2.0NRT,10.39,D,0.56,0.43,,,,,,firms,VIIRS,VIIRS_NOAA21_NRT
2.64735,97.82073,2025-06-26,709,N21,n,2.0NRT,10.39,D,0.56,0.43,,,,,,firms,VIIRS,VIIRS_NOAA21_NRT
2.65053,97.81516,2025-06-26,709,N21,n,2.0NRT,8.05,D,0.56,0.43,,,,,,firms,VIIRS,VIIRS_NOAA21_NRT
2.68094,98.24029,2025-06-26,709,N21,n,2.0NRT,4.12,D,0.4,0.44,,,,,,firms,VIIRS,VIIRS_NOAA21_NRT
2.68843,97.77401,2025-06-26,709,N21,n,2.0NRT,13.4,D,0.56,0.43,,,,,,firms,VIIRS,VIIRS_NOAA21_NRT
2.84341,103.21915,2025-06-26,709,N21,n,2.0NRT,8.21,D,0.44,0.62,,,,,,firms,VIIRS,VIIRS_NOAA21_NRT
3.01176,98.11282,2025-06-26,709,N21,n,2.0NRT,2.8,D,0.39,0.44,,,,,,firms,VIIRS,VIIRS_NOAA21_NRT
3.1985,103.11591,2025-06-26,709,N21,n,2.0NRT,9.13,D,0.43,0.62,,,,,,firms,VIIRS,VIIRS_NOAA21_NRT
3.25645,101.56258,2025-06-26,709,N21,n,2.0NRT,2.58,D,0.34,0.56,,,,,,firms,VIIRS,VIIRS_NOAA21_NRT
3.55972,101.1199,2025-06-26,709,N21,n,2.0NRT,3.39,D,0.32,0.54,,,,,,firms,VIIRS,VIIRS_NOAA21_NRT
4.37871,95.98444,2025-06-26,709,N21,n,2.0NRT,3.93,D,0.46,0.39,,,,,,firms,VIIRS,VIIRS_NOAA21_NRT
4.66551,101.117,2025-06-26,709,N21,n,2.0NRT,1.08,D,0.33,0.55,,,,,,firms,VIIRS,VIIRS_NOAA21_NRT
5.02505,96.22519,2025-06-26,709,N21,n,2.0NRT,4.11,D,0.49,0.4,,,,,,firms,VIIRS,VIIRS_NOAA21_NRT
5.09972,96.44725,2025-06-26,709,N21,n,2.0NRT,6.99,D,0.5,0.41,,,,,,firms,VIIRS,VIIRS_NOAA21_NRT
5.11062,96.45804,2025-06-26,709,N21,n,2.0NRT,4.32,D,0.5,0.41,,,,,,firms,VIIRS,VIIRS_NOAA21_NRT
5.76786,102.20193,2025-06-26,709,N21,n,2.0NRT,2.32,D,0.41,0.61,,,,,,firms,VIIRS,VIIRS_NOAA21_NRT
5.88259,101.21645,2025-06-26,709,N21,n,2.0NRT,2.18,D,0.35,0.57,,,,,,firms,VIIRS,VIIRS_NOAA21_NRT
0.6759,117.5643,2025-06-26,1809,N21,n,2.0NRT,2.62,N,0.34,0.56,,,,,,firms,VIIRS,VIIRS_NOAA21_NRT
0.68196,117.55911,2025-06-26,1809,N21,n,2.0NRT,1.88,N,0.34,0.56,,,,,,firms,VIIRS,VIIRS_NOAA21_NRT
0.68803,117.55393,2025-06-26,1809,N21,n,2.0NRT,1.85,N,0.34,0.56,,,,,,firms,VIIRS,VIIRS_NOAA21_NRT
1.16276,117.67729,2025-06-26,1809,N21,n,2.0NRT,0.44,N,0.34,0.56,,,,,,firms,VIIRS,VIIRS_NOAA21_NRT
1.33088,109.13688,2025-06-26,1809,N21,n,2.0NRT,2.02,N,0.38,0.36,,,,,,firms,VIIRS,VIIRS_NOAA21_NRT
1.54982,109.51833,2025-06-26,1809,N21,n,2.0NRT,2.49,N,0.38,0.36,,,,,,firms,VIIRS,VIIRS_NOAA21_NRT
2.7859,112.33447,2025-06-26,1809,N21,n,2.0NRT,1.12,N,0.45,0.39,,,,,,firms,VIIRS,VIIRS_NOAA21_NRT
3.27558,113.07101,2025-06-26,1809,N21,n,2.0NRT,1.89,N,0.48,0.4,,,,,,firms,VIIRS,VIIRS_NOAA21_NRT
3.28153,113.08079,2025-06-26,1809,N21,n,2.0NRT,2.62,N,0.48,0.4,,,,,,firms,VIIRS,VIIRS_NOAA21_NRT
3.2845,113.08568,2025-06-26,1809,N21,n,2.0NRT,2.56,N,0.48,0.4,,,,,,firms,VIIRS,VIIRS_NOAA21_NRT
3.28517,113.08142,2025-06-26,1809,N21,n,2.0NRT,2.35,N,0.48,0.4,,,,,,firms,VIIRS,VIIRS_NOAA21_NRT
3.28815,113.08631,2025-06-26,1809,N21,n,2.0NRT,2.56,N,0.48,0.4,,,,,,firms,VIIRS,VIIRS_NOAA21_NRT
3.28882,113.08204,2025-06-26,1809,N21,n,2.0NRT,2.35,N,0.48,0.4,,,,,,firms,VIIRS,VIIRS_NOAA21_NRT
3.29113,113.09119,2025-06-26,1809,N21,n,2.0NRT,3.83,N,0.48,0.4,,,,,,firms,VIIRS,VIIRS_NOAA21_NRT
3.75423,113.84948,2025-06-26,1809,N21,n,2.0NRT,0.44,N,0.52,0.42,,,,,,firms,VIIRS,VIIRS_NOAA21_NRT
4.65744,103.37878,2025-06-26,1809,N21,n,2.0NRT,1.02,N,0.5,0.49,,,,,,firms,VIIRS,VIIRS_NOAA21_NRT
4.66975,114.46026,2025-06-26,1809,N21,n,2.0NRT,1.71,N,0.55,0.43,,,,,,firms,VIIRS,VIIRS_NOAA21_NRT
4.6736,113.85754,2025-06-26,1809,N21,n,2.0NRT,4.0,N,0.51,0.41,,,,,,firms,VIIRS,VIIRS_NOAA21_NRT
4.68363,114.15596,2025-06-26,1809,N21,n,2.0NRT,3.25,N,0.53,0.42,,,,,,firms,VIIRS,VIIRS_NOAA21_NRT
4.74201,113.72797,2025-06-26,1809,N21,n,2.0NRT,4.78,N,0.5,0.41,,,,,,firms,VIIRS,VIIRS_NOAA21_NRT
4.95029,114.07002,2025-06-26,1809,N21,n,2.0NRT,3.78,N,0.52,0.42,,,,,,firms,VIIRS,VIIRS_NOAA21_NRT
4.97958,112.98367,2025-06-26,1809,N21,n,2.0NRT,2.92,N,0.46,0.39,,,,,,firms,VIIRS,VIIRS_NOAA21_NRT
5.24176,115.24028,2025-06-26,1809,N21,n,2.0NRT,4.86,N,0.4,0.44,,,,,,firms,VIIRS,VIIRS_NOAA21_NRT
5.42666,114.7102,2025-06-26,1809,N21,n,2.0NRT,1.24,N,0.56,0.43,,,,,,firms,VIIRS,VIIRS_NOAA21_NRT
5.42668,114.71279,2025-06-26,1809,N21,n,2.0NRT,5.92,N,0.56,0.43,,,,,,firms,VIIRS,VIIRS_NOAA21_NRT
5.43057,114.71085,2025-06-26,1809,N21,n,2.0NRT,1.24,N,0.56,0.43,,,,,,firms,VIIRS,VIIRS_NOAA21_NRT
-6.3012,108.63395,2025-06-26,1811,N21,n,2.0NRT,3.27,N,0.39,0.37,,,,,,firms,VIIRS,VIIRS_NOAA21_NRT
-6.14506,106.48097,2025-06-26,1811,N21,n,2.0NRT,0.97,N,0.39,0.36,,,,,,firms,VIIRS,VIIRS_NOAA21_NRT
-6.09708,106.67175,2025-06-26,1811,N21,n,2.0NRT,1.04,N,0.39,0.36,,,,,,firms,VIIRS,VIIRS_NOAA21_NRT
-5.37244,106.56732,2025-06-26,1811,N21,n,2.0NRT,1.94,N,0.39,0.36,,,,,,firms,VIIRS,VIIRS_NOAA21_NRT
-2.48946,103.1327,2025-06-26,1811,N21,n,2.0NRT,1.47,N,0.4,0.44,,,,,,firms,VIIRS,VIIRS_NOAA21_NRT
-2.21207,115.4945,2025-06-26,1811,N21,n,2.0NRT,1.23,N,0.54,0.51,,,,,,firms,VIIRS,VIIRS_NOAA21_NRT
-2.133,110.28232,2025-06-26,1811,N21,n,2.0NRT,2.03,N,0.41,0.37,,,,,,firms,VIIRS,VIIRS_NOAA21_NRT
-1.89498,115.86323,2025-06-26,1811,N21,n,2.0NRT,1.59,N,0.57,0.52,,,,,,firms,VIIRS,VIIRS_NOAA21_NRT
-1.89409,115.86459,2025-06-26,1811,N21,n,2.0NRT,1.3,N,0.57,0.52,,,,,,firms,VIIRS,VIIRS_NOAA21_NRT
-1.8933,115.85947,2025-06-26,1811,N21,n,2.0NRT,1.3,N,0.57,0.52,,,,,,firms,VIIRS,VIIRS_NOAA21_NRT
-1.73607,102.62691,2025-06-26,1811,N21,n,2.0NRT,0.97,N,0.45,0.47,,,,,,firms,VIIRS,VIIRS_NOAA21_NRT
-1.57562,103.68515,2025-06-26,1811,N21,n,2.0NRT,1.46,N,0.38,0.43,,,,,,firms,VIIRS,VIIRS_NOAA21_NRT
-1.57219,103.68919,2025-06-26,1811,N21,n,2.0NRT,1.24,N,0.38,0.43,,,,,,firms,VIIRS,VIIRS_NOAA21_NRT
-1.56534,103.69724,2025-06-26,1811,N21,n,2.0NRT,1.73,N,0.38,0.43,,,,,,firms,VIIRS,VIIRS_NOAA21_NRT
-1.4748,102.61681,2025-06-26,1811,N21,n,2.0NRT,1.28,N,0.45,0.47,,,,,,firms,VIIRS,VIIRS_NOAA21_NRT
-1.47392,102.6177,2025-06-26,1811,N21,n,2.0NRT,1.15,N,0.45,0.47,,,,,,firms,VIIRS,VIIRS_NOAA21_NRT
-1.21989,103.41863,2025-06-26,1811,N21,n,2.0NRT,0.53,N,0.4,0.44,,,,,,firms,VIIRS,VIIRS_NOAA21_NRT
-1.2012,102.78196,2025-06-26,1811,N21,n,2.0NRT,2.3,N,0.44,0.46,,,,,,firms,VIIRS,VIIRS_NOAA21_NRT
-1.19695,102.78256,2025-06-26,1811,N21,n,2.0NRT,2.3,N,0.44,0.46,,,,,,firms,VIIRS,VIIRS_NOAA21_NRT
-1.17281,103.35925,2025-06-26,1811,N21,n,2.0NRT,0.94,N,0.41,0.45,,,,,,firms,VIIRS,VIIRS_NOAA21_NRT
-1.17059,102.80656,2025-06-26,1811,N21,n,2.0NRT,1.13,N,0.44,0.46,,,,,,firms,VIIRS,VIIRS_NOAA21_NRT
-1.16928,103.33734,2025-06-26,1811,N21,n,2.0NRT,1.01,N,0.41,0.45,,,,,,firms,VIIRS,VIIRS_NOAA21_NRT
-0.98916,103.33204,2025-06-26,1811,N21,n,2.0NRT,0.77,N,0.41,0.45,,,,,,firms,VIIRS,VIIRS_NOAA21_NRT
-0.73342,117.05898,2025-06-26,1811,N21,n,2.0NRT,1.44,N,0.33,0.55,,,,,,firms,VIIRS,VIIRS_NOAA21_NRT
-0.20778,109.39783,2025-06-26,1811,N21,n,2.0NRT,1.15,N,0.39,0.36,,,,,,firms,VIIRS,VIIRS_NOAA21_NRT
0.06259,101.15191,2025-06-26,1811,N21,n,2.0NRT,1.5,N,0.6,0.53,,,,,,firms,VIIRS,VIIRS_NOAA21_NRT
0.44282,101.89283,2025-06-26,1811,N21,n,2.0NRT,2.82,N,0.54,0.51,,,,,,firms,VIIRS,VIIRS_NOAA21_NRT
0.68218,101.11864,2025-06-26,1811,N21,n,2.0NRT,1.13,N,0.62,0.54,,,,,,firms,VIIRS,VIIRS_NOAA21_NRT
0.79879,110.70892,2025-06-26,1811,N21,n,2.0NRT,0.73,N,0.41,0.37,,,,,,firms,VIIRS,VIIRS_NOAA21_NRT
0.82694,100.91721,2025-06-26,1811,N21,n,2.0NRT,0.92,N,0.32,0.55,,,,,,firms,VIIRS,VIIRS_NOAA21_NRT
1.08358,100.81677,2025-06-26,1811,N21,n,2.0NRT,0.95,N,0.33,0.55,,,,,,firms,VIIRS,VIIRS_NOAA21_NRT
1.08446,100.81551,2025-06-26,1811,N21,n,2.0NRT,0.77,N,0.33,0.55,,,,,,firms,VIIRS,VIIRS_NOAA21_NRT
1.67161,101.47173,2025-06-26,1811,N21,n,2.0NRT,3.21,N,0.6,0.53,,,,,,firms,VIIRS,VIIRS_NOAA21_NRT
1.96117,99.48602,2025-06-26,1811,N21,n,2.0NRT,2.35,N,0.42,0.61,,,,,,firms,VIIRS,VIIRS_NOAA21_NRT
-8.43498,118.4189,2025-06-26,1813,N21,n,2.0NRT,0.93,N,0.54,0.68,,,,,,firms,VIIRS,VIIRS_NOAA21_NRT
-8.11097,112.92402,2025-06-26,1813,N21,n,2.0NRT,2.49,N,0.45,0.47,,,,,,firms,VIIRS,VIIRS_NOAA21_NRT
-7.75978,114.20512,2025-06-26,1813,N21,n,2.0NRT,2.01,N,0.54,0.51,,,,,,firms,VIIRS,VIIRS_NOAA21_NRT
-7.70434,108.99477,2025-06-26,1813,N21,n,2.0NRT,2.75,N,0.41,0.37,,,,,,firms,VIIRS,VIIRS_NOAA21_NRT
-7.70355,108.99422,2025-06-26,1813,N21,n,2.0NRT,2.66,N,0.41,0.37,,,,,,firms,VIIRS,VIIRS_NOAA21_NRT
-7.70014,108.99474,2025-06-26,1813,N21,n,2.0NRT,2.66,N,0.41,0.37,,,,,,firms,VIIRS,VIIRS_NOAA21_NRT
-7.54339,110.44409,2025-06-26,1813,N21,n,2.0NRT,2.77,N,0.47,0.4,,,,,,firms,VIIRS,VIIRS_NOAA21_NRT
-7.24302,109.21461,2025-06-26,1813,N21,n,2.0NRT,0.29,N,0.41,0.37,,,,,,firms,VIIRS,VIIRS_NOAA21_NRT
-7.23962,109.21511,2025-06-26,1813,N21,n,2.0NRT,1.04,N,0.41,0.37,,,,,,firms,VIIRS,VIIRS_NOAA21_NRT
-6.54793,108.09608,2025-06-26,1813,N21,n,2.0NRT,1.06,N,0.39,0.36,,,,,,firms,VIIRS,VIIRS_NOAA21_NRT
-6.54739,108.0926,2025-06-26,1813,N21,n,2.0NRT,1.06,N,0.39,0.36,,,,,,firms,VIIRS,VIIRS_NOAA21_NRT
-6.3752,106.34318,2025-06-26,1813,N21,n,2.0NRT,0.81,N,0.39,0.36,,,,,,firms,VIIRS,VIIRS_NOAA21_NRT
-9.82187,120.09134,2025-06-27,506,N21,n,2.0NRT,2.33,D,0.45,0.47,,,,,,firms,VIIRS,VIIRS_NOAA21_NRT
-9.45696,119.70866,2025-06-27,506,N21,n,2.0NRT,8.81,D,0.47,0.48,,,,,,firms,VIIRS,VIIRS_NOAA21_NRT
-9.35411,119.94084,2025-06-27,506,N21,n,2.0NRT,4.44,D,0.46,0.47,,,,,,firms,VIIRS,VIIRS_NOAA21_NRT
-9.3216,119.90598,2025-06-27,506,N21,n,2.0NRT,2.13,D,0.46,0.47,,,,,,firms,VIIRS,VIIRS_NOAA21_NRT
-8.43419,124.08155,2025-06-27,506,N21,n,2.0NRT,2.96,D,0.41,0.37,,,,,,firms,VIIRS,VIIRS_NOAA21_NRT
-8.42249,124.11384,2025-06-27,506,N21,n,2.0NRT,10.78,D,0.41,0.37,,,,,,firms,VIIRS,VIIRS_NOAA21_NRT
-8.4191,124.11332,2025-06-27,506,N21,n,2.0NRT,10.78,D,0.41,0.37,,,,,,firms,VIIRS,VIIRS_NOAA21_NRT
-8.56704,122.1316,2025-06-27,508,N21,n,2.0NRT,5.59,D,0.49,0.41,,,,,,firms,VIIRS,VIIRS_NOAA21_NRT
-8.4677,122.42908,2025-06-27,508,N21,n,2.0NRT,5.96,D,0.48,0.4,,,,,,firms,VIIRS,VIIRS_NOAA21_NRT
-8.4228,117.5173,2025-06-27,508,N21,n,2.0NRT,5.83,D,0.32,0.55,,,,,,firms,VIIRS,VIIRS_NOAA21_NRT
-8.42241,117.5202,2025-06-27,508,N21,n,2.0NRT,5.34,D,0.32,0.55,,,,,,firms,VIIRS,VIIRS_NOAA21_NRT
-8.26596,123.84409,2025-06-27,508,N21,n,2.0NRT,4.74,D,0.41,0.37,,,,,,firms,VIIRS,VIIRS_NOAA21_NRT
-8.11406,112.92304,2025-06-27,508,N21,n,2.0NRT,17.09,D,0.68,0.74,,,,,,firms,VIIRS,VIIRS_NOAA21_NRT
-2.21313,115.50019,2025-06-27,508,N21,n,2.0NRT,5.1,D,0.36,0.58,,,,,,firms,VIIRS,VIIRS_NOAA21_NRT
-2.20784,115.50119,2025-06-27,508,N21,n,2.0NRT,6.41,D,0.36,0.58,,,,,,firms,VIIRS,VIIRS_NOAA21_NRT
0.53654,120.82723,2025-06-27,510,N21,n,2.0NRT,3.35,D,0.46,0.39,,,,,,firms,VIIRS,VIIRS_NOAA21_NRT
0.56584,120.4267,2025-06-27,510,N21,n,2.0NRT,12.26,D,0.48,0.4,,,,,,firms,VIIRS,VIIRS_NOAA21_NRT
0.63288,120.37395,2025-06-27,510,N21,n,2.0NRT,4.15,D,0.48,0.4,,,,,,firms,VIIRS,VIIRS_NOAA21_NRT
0.68805,117.55746,2025-06-27,510,N21,n,2.0NRT,4.92,D,0.47,0.48,,,,,,firms,VIIRS,VIIRS_NOAA21_NRT
1.37225,117.02833,2025-06-27,510,N21,n,2.0NRT,5.26,D,0.5,0.49,,,,,,firms,VIIRS,VIIRS_NOAA21_NRT
1.49532,127.63358,2025-06-27,510,N21,n,2.0NRT,3.47,D,0.52,0.41,,,,,,firms,VIIRS,VIIRS_NOAA21_NRT
2.1683,112.11852,2025-06-27,510,N21,n,2.0NRT,6.42,D,0.53,0.67,,,,,,firms,VIIRS,VIIRS_NOAA21_NRT
2.16846,112.11875,2025-06-27,510,N21,n,2.0NRT,9.05,D,0.53,0.67,,,,,,firms,VIIRS,VIIRS_NOAA21_NRT
2.67689,113.1183,2025-06-27,510,N21,h,2.0NRT,16.78,D,0.45,0.63,,,,,,firms,VIIRS,VIIRS_NOAA21_NRT
2.67852,113.1162,2025-06-27,510,N21,n,2.0NRT,8.61,D,0.45,0.63,,,,,,firms,VIIRS,VIIRS_NOAA21_NRT
2.67921,113.12025,2025-06-27,510,N21,n,2.0NRT,8.61,D,0.45,0.63,,,,,,firms,VIIRS,VIIRS_NOAA21_NRT
3.27331,113.10796,2025-06-27,510,N21,n,2.0NRT,4.22,D,0.44,0.62,,,,,,firms,VIIRS,VIIRS_NOAA21_NRT
3.28645,113.08195,2025-06-27,510,N21,n,2.0NRT,6.9,D,0.44,0.62,,,,,,firms,VIIRS,VIIRS_NOAA21_NRT
3.52295,113.31375,2025-06-27,510,N21,n,2.0NRT,4.34,D,0.42,0.61,,,,,,firms,VIIRS,VIIRS_NOAA21_NRT
4.67607,113.85668,2025-06-27,510,N21,n,2.0NRT,5.98,D,0.37,0.58,,,,,,firms,VIIRS,VIIRS_NOAA21_NRT
4.74007,113.72636,2025-06-27,510,N21,n,2.0NRT,2.96,D,0.37,0.58,,,,,,firms,VIIRS,VIIRS_NOAA21_NRT
4.97996,112.97899,2025-06-27,510,N21,h,2.0NRT,12.31,D,0.42,0.61,,,,,,firms,VIIRS,VIIRS_NOAA21_NRT
5.15249,115.59437,2025-06-27,510,N21,n,2.0NRT,3.34,D,0.55,0.51,,,,,,firms,VIIRS,VIIRS_NOAA21_NRT
5.82586,125.43712,2025-06-27,510,N21,n,2.0NRT,3.32,D,0.45,0.39,,,,,,firms,VIIRS,VIIRS_NOAA21_NRT
-4.4755,103.19776,2025-06-27,650,N21,n,2.0NRT,4.62,D,0.49,0.4,,,,,,firms,VIIRS,VIIRS_NOAA21_NRT
-3.68974,103.13862,2025-06-27,650,N21,n,2.0NRT,19.7,D,0.5,0.41,,,,,,firms,VIIRS,VIIRS_NOAA21_NRT
-3.60418,103.30682,2025-06-27,650,N21,n,2.0NRT,4.59,D,0.51,0.41,,,,,,firms,VIIRS,VIIRS_NOAA21_NRT
-3.44061,102.29292,2025-06-27,650,N21,n,2.0NRT,4.32,D,0.45,0.39,,,,,,firms,VIIRS,VIIRS_NOAA21_NRT
-3.3784,102.95932,2025-06-27,650,N21,n,2.0NRT,19.36,D,0.49,0.4,,,,,,firms,VIIRS,VIIRS_NOAA21_NRT
-3.37648,102.96234,2025-06-27,650,N21,n,2.0NRT,36.46,D,0.49,0.4,,,,,,firms,VIIRS,VIIRS_NOAA21_NRT
-3.3747,102.95876,2025-06-27,650,N21,n,2.0NRT,19.36,D,0.49,0.4,,,,,,firms,VIIRS,VIIRS_NOAA21_NRT
-3.34558,103.12278,2025-06-27,650,N21,n,2.0NRT,4.09,D,0.5,0.41,,,,,,firms,VIIRS,VIIRS_NOAA21_NRT
-3.26839,101.84032,2025-06-27,650,N21,n,2.0NRT,3.24,D,0.44,0.38,,,,,,firms,VIIRS,VIIRS_NOAA21_NRT
-3.26184,101.76764,2025-06-27,650,N21,n,2.0NRT,3.43,D,0.43,0.38,,,,,,firms,VIIRS,VIIRS_NOAA21_NRT
-3.23477,102.03223,2025-06-27,650,N21,n,2.0NRT,4.73,D,0.44,0.39,,,,,,firms,VIIRS,VIIRS_NOAA21_NRT
-3.19057,101.98923,2025-06-27,650,N21,n,2.0NRT,5.31,D,0.44,0.39,,,,,,firms,VIIRS,VIIRS_NOAA21_NRT
-3.12268,103.03632,2025-06-27,650,N21,n,2.0NRT,3.2,D,0.5,0.41,,,,,,firms,VIIRS,VIIRS_NOAA21_NRT
-3.10329,103.18592,2025-06-27,650,N21,n,2.0NRT,10.47,D,0.51,0.41,,,,,,firms,VIIRS,VIIRS_NOAA21_NRT
-3.08131,103.5436,2025-06-27,650,N21,l,2.0NRT,29.08,D,0.53,0.42,,,,,,firms,VIIRS,VIIRS_NOAA21_NRT
-3.08054,103.54839,2025-06-27,650,N21,n,2.0NRT,29.08,D,0.53,0.42,,,,,,firms,VIIRS,VIIRS_NOAA21_NRT
-3.07936,101.91219,2025-06-27,650,N21,n,2.0NRT,4.59,D,0.44,0.38,,,,,,firms,VIIRS,VIIRS_NOAA21_NRT
-3.07768,101.89969,2025-06-27,650,N21,n,2.0NRT,2.51,D,0.44,0.38,,,,,,firms,VIIRS,VIIRS_NOAA21_NRT
-3.07584,101.91164,2025-06-27,650,N21,n,2.0NRT,5.29,D,0.44,0.38,,,,,,firms,VIIRS,VIIRS_NOAA21_NRT
-3.06406,101.9178,2025-06-27,650,N21,n,2.0NRT,5.98,D,0.44,0.38,,,,,,firms,VIIRS,VIIRS_NOAA21_NRT
-3.04529,102.78609,2025-06-27,650,N21,n,2.0NRT,5.08,D,0.49,0.4,,,,,,firms,VIIRS,VIIRS_NOAA21_NRT
-2.98655,103.26311,2025-06-27,650,N21,n,2.0NRT,5.75,D,0.52,0.41,,,,,,firms,VIIRS,VIIRS_NOAA21_NRT
-2.98277,103.26251,2025-06-27,650,N21,n,2.0NRT,36.54,D,0.52,0.41,,,,,,firms,VIIRS,VIIRS_NOAA21_NRT
-2.9743,101.79509,2025-06-27,650,N21,n,2.0NRT,5.6,D,0.44,0.38,,,,,,firms,VIIRS,VIIRS_NOAA21_NRT
-2.96684,101.77374,2025-06-27,650,N21,n,2.0NRT,24.39,D,0.44,0.38,,,,,,firms,VIIRS,VIIRS_NOAA21_NRT
-2.96335,101.77312,2025-06-27,650,N21,n,2.0NRT,24.39,D,0.44,0.38,,,,,,firms,VIIRS,VIIRS_NOAA21_NRT
-2.93589,101.76508,2025-06-27,650,N21,n,2.0NRT,4.6,D,0.44,0.38,,,,,,firms,VIIRS,VIIRS_NOAA21_NRT
-2.93527,101.76905,2025-06-27,650,N21,n,2.0NRT,5.85,D,0.44,0.38,,,,,,firms,VIIRS,VIIRS_NOAA21_NRT
-2.91739,101.7386,2025-06-27,650,N21,n,2.0NRT,5.64,D,0.44,0.38,,,,,,firms,VIIRS,VIIRS_NOAA21_NRT
-2.90941,101.67384,2025-06-27,650,N21,n,2.0NRT,4.91,D,0.43,0.38,,,,,,firms,VIIRS,VIIRS_NOAA21_NRT
-2.86593,102.8271,2025-06-27,650,N21,n,2.0NRT,3.05,D,0.49,0.4,,,,,,firms,VIIRS,VIIRS_NOAA21_NRT
-2.86327,102.82776,2025-06-27,650,N21,n,2.0NRT,3.29,D,0.49,0.4,,,,,,firms,VIIRS,VIIRS_NOAA21_NRT
-2.83756,101.54927,2025-06-27,650,N21,n,2.0NRT,31.17,D,0.43,0.38,,,,,,firms,VIIRS,VIIRS_NOAA21_NRT
-2.83409,101.54873,2025-06-27,650,N21,n,2.0NRT,30.38,D,0.43,0.38,,,,,,firms,VIIRS,VIIRS_NOAA21_NRT
-2.75141,101.50823,2025-06-27,650,N21,n,2.0NRT,11.19,D,0.43,0.38,,,,,,firms,VIIRS,VIIRS_NOAA21_NRT
-2.73384,101.4707,2025-06-27,650,N21,n,2.0NRT,2.94,D,0.43,0.38,,,,,,firms,VIIRS,VIIRS_NOAA21_NRT
-2.66317,103.742,2025-06-27,650,N21,n,2.0NRT,7.88,D,0.56,0.43,,,,,,firms,VIIRS,VIIRS_NOAA21_NRT
-2.64318,101.43721,2025-06-27,650,N21,n,2.0NRT,12.51,D,0.43,0.38,,,,,,firms,VIIRS,VIIRS_NOAA21_NRT
-2.64091,101.43681,2025-06-27,650,N21,n,2.0NRT,14.64,D,0.43,0.38,,,,,,firms,VIIRS,VIIRS_NOAA21_NRT
-2.56407,101.94052,2025-06-27,650,N21,n,2.0NRT,8.21,D,0.45,0.39,,,,,,firms,VIIRS,VIIRS_NOAA21_NRT
-2.56407,101.9408,2025-06-27,650,N21,n,2.0NRT,7.73,D,0.45,0.39,,,,,,firms,VIIRS,VIIRS_NOAA21_NRT
-2.56248,101.78569,2025-06-27,650,N21,n,2.0NRT,7.89,D,0.44,0.38,,,,,,firms,VIIRS,VIIRS_NOAA21_NRT
-2.56189,101.78957,2025-06-27,650,N21,n,2.0NRT,11.53,D,0.44,0.38,,,,,,firms,VIIRS,VIIRS_NOAA21_NRT
-2.43078,101.31946,2025-06-27,650,N21,n,2.0NRT,3.02,D,0.42,0.38,,,,,,firms,VIIRS,VIIRS_NOAA21_NRT
-2.38898,102.5013,2025-06-27,650,N21,n,2.0NRT,26.65,D,0.48,0.4,,,,,,firms,VIIRS,VIIRS_NOAA21_NRT
-2.26786,101.21297,2025-06-27,650,N21,n,2.0NRT,10.8,D,0.42,0.38,,,,,,firms,VIIRS,VIIRS_NOAA21_NRT
-2.23888,101.0145,2025-06-27,650,N21,n,2.0NRT,3.06,D,0.41,0.37,,,,,,firms,VIIRS,VIIRS_NOAA21_NRT
-2.23546,101.01398,2025-06-27,650,N21,n,2.0NRT,3.05,D,0.41,0.37,,,,,,firms,VIIRS,VIIRS_NOAA21_NRT
-2.23203,100.99067,2025-06-27,650,N21,l,2.0NRT,4.13,D,0.41,0.37,,,,,,firms,VIIRS,VIIRS_NOAA21_NRT
-2.19972,102.78292,2025-06-27,650,N21,n,2.0NRT,6.84,D,0.5,0.41,,,,,,firms,VIIRS,VIIRS_NOAA21_NRT
-2.19463,104.54382,2025-06-27,650,N21,n,2.0NRT,3.46,D,0.42,0.45,,,,,,firms,VIIRS,VIIRS_NOAA21_NRT
-2.17474,101.17992,2025-06-27,650,N21,n,2.0NRT,3.91,D,0.42,0.38,,,,,,firms,VIIRS,VIIRS_NOAA21_NRT
-2.14086,101.21626,2025-06-27,650,N21,n,2.0NRT,4.6,D,0.42,0.38,,,,,,firms,VIIRS,VIIRS_NOAA21_NRT
-2.10483,103.32444,2025-06-27,650,N21,n,2.0NRT,6.14,D,0.53,0.42,,,,,,firms,VIIRS,VIIRS_NOAA21_NRT
-2.06222,102.94721,2025-06-27,650,N21,n,2.0NRT,8.74,D,0.51,0.41,,,,,,firms,VIIRS,VIIRS_NOAA21_NRT
-2.05985,102.93756,2025-06-27,650,N21,n,2.0NRT,9.64,D,0.51,0.41,,,,,,firms,VIIRS,VIIRS_NOAA21_NRT
-2.02077,100.92747,2025-06-27,650,N21,n,2.0NRT,3.59,D,0.41,0.37,,,,,,firms,VIIRS,VIIRS_NOAA21_NRT
-1.91982,101.01426,2025-06-27,650,N21,n,2.0NRT,7.71,D,0.42,0.37,,,,,,firms,VIIRS,VIIRS_NOAA21_NRT
-1.7732,105.9498,2025-06-27,650,N21,n,2.0NRT,5.59,D,0.53,0.5,,,,,,firms,VIIRS,VIIRS_NOAA21_NRT
-1.59102,101.79154,2025-06-27,650,N21,n,2.0NRT,8.88,D,0.45,0.39,,,,,,firms,VIIRS,VIIRS_NOAA21_NRT
-1.58343,101.76973,2025-06-27,650,N21,n,2.0NRT,5.19,D,0.45,0.39,,,,,,firms,VIIRS,VIIRS_NOAA21_NRT
-1.48035,100.634,2025-06-27,650,N21,n,2.0NRT,9.5,D,0.41,0.37,,,,,,firms,VIIRS,VIIRS_NOAA21_NRT
-1.3352,110.42514,2025-06-27,650,N21,n,2.0NRT,5.51,D,0.55,0.68,,,,,,firms,VIIRS,VIIRS_NOAA21_NRT
-1.20003,102.78084,2025-06-27,650,N21,n,2.0NRT,21.35,D,0.51,0.41,,,,,,firms,VIIRS,VIIRS_NOAA21_NRT
-1.18331,102.76408,2025-06-27,650,N21,n,2.0NRT,8.47,D,0.51,0.41,,,,,,firms,VIIRS,VIIRS_NOAA21_NRT
-0.8178,100.39738,2025-06-27,650,N21,n,2.0NRT,2.66,D,0.41,0.37,,,,,,firms,VIIRS,VIIRS_NOAA21_NRT
-0.80775,101.51183,2025-06-27,650,N21,n,2.0NRT,8.94,D,0.45,0.39,,,,,,firms,VIIRS,VIIRS_NOAA21_NRT
-0.52719,100.8792,2025-06-27,650,N21,n,2.0NRT,2.59,D,0.42,0.38,,,,,,firms,VIIRS,VIIRS_NOAA21_NRT
-0.49041,101.76515,2025-06-27,650,N21,n,2.0NRT,6.26,D,0.46,0.39,,,,,,firms,VIIRS,VIIRS_NOAA21_NRT
-0.39107,100.45711,2025-06-27,650,N21,n,2.0NRT,6.88,D,0.41,0.37,,,,,,firms,VIIRS,VIIRS_NOAA21_NRT
-0.11991,100.07262,2025-06-27,650,N21,n,2.0NRT,1.59,D,0.4,0.37,,,,,,firms,VIIRS,VIIRS_NOAA21_NRT
0.04137,100.05461,2025-06-27,650,N21,n,2.0NRT,4.85,D,0.4,0.37,,,,,,firms,VIIRS,VIIRS_NOAA21_NRT
0.1036,100.71526,2025-06-27,650,N21,n,2.0NRT,3.92,D,0.42,0.38,,,,,,firms,VIIRS,VIIRS_NOAA21_NRT
0.14277,100.83326,2025-06-27,650,N21,n,2.0NRT,5.38,D,0.43,0.38,,,,,,firms,VIIRS,VIIRS_NOAA21_NRT
0.14623,100.83267,2025-06-27,650,N21,n,2.0NRT,5.38,D,0.43,0.38,,,,,,firms,VIIRS,VIIRS_NOAA21_NRT
0.23168,99.25375,2025-06-27,650,N21,n,2.0NRT,4.92,D,0.39,0.36,,,,,,firms,VIIRS,VIIRS_NOAA21_NRT
0.25453,99.22551,2025-06-27,650,N21,n,2.0NRT,7.03,D,0.39,0.36,,,,,,firms,VIIRS,VIIRS_NOAA21_NRT
0.27823,109.41917,2025-06-27,650,N21,n,2.0NRT,14.49,D,0.5,0.66,,,,,,firms,VIIRS,VIIRS_NOAA21_NRT
0.27893,109.42369,2025-06-27,650,N21,n,2.0NRT,14.49,D,0.5,0.66,,,,,,firms,VIIRS,VIIRS_NOAA21_NRT
0.28106,109.55736,2025-06-27,650,N21,n,2.0NRT,9.57,D,0.51,0.66,,,,,,firms,VIIRS,VIIRS_NOAA21_NRT
0.28463,99.19884,2025-06-27,650,N21,n,2.0NRT,3.18,D,0.39,0.36,,,,,,firms,VIIRS,VIIRS_NOAA21_NRT
0.32557,99.2671,2025-06-27,650,N21,n,2.0NRT,4.65,D,0.39,0.36,,,,,,firms,VIIRS,VIIRS_NOAA21_NRT
0.34386,109.07381,2025-06-27,650,N21,n,2.0NRT,12.16,D,0.47,0.64,,,,,,firms,VIIRS,VIIRS_NOAA21_NRT
0.35985,100.76156,2025-06-27,650,N21,n,2.0NRT,4.2,D,0.43,0.38,,,,,,firms,VIIRS,VIIRS_NOAA21_NRT
0.38119,101.83262,2025-06-27,650,N21,n,2.0NRT,4.1,D,0.48,0.4,,,,,,firms,VIIRS,VIIRS_NOAA21_NRT
0.4358,99.45672,2025-06-27,650,N21,n,2.0NRT,2.68,D,0.39,0.36,,,,,,firms,VIIRS,VIIRS_NOAA21_NRT
0.44343,99.55212,2025-06-27,650,N21,n,2.0NRT,4.09,D,0.39,0.36,,,,,,firms,VIIRS,VIIRS_NOAA21_NRT
0.47235,100.64795,2025-06-27,650,N21,n,2.0NRT,42.49,D,0.42,0.38,,,,,,firms,VIIRS,VIIRS_NOAA21_NRT
0.51361,100.29853,2025-06-27,650,N21,n,2.0NRT,5.44,D,0.41,0.37,,,,,,firms,VIIRS,VIIRS_NOAA21_NRT
0.51681,100.41117,2025-06-27,650,N21,l,2.0NRT,2.16,D,0.42,0.37,,,,,,firms,VIIRS,VIIRS_NOAA21_NRT
0.52024,100.41068,2025-06-27,650,N21,n,2.0NRT,5.88,D,0.42,0.37,,,,,,firms,VIIRS,VIIRS_NOAA21_NRT
0.52584,100.53988,2025-06-27,650,N21,n,2.0NRT,2.32,D,0.42,0.38,,,,,,firms,VIIRS,VIIRS_NOAA21_NRT
0.55626,100.09325,2025-06-27,650,N21,n,2.0NRT,5.17,D,0.41,0.37,,,,,,firms,VIIRS,VIIRS_NOAA21_NRT
0.57468,109.58986,2025-06-27,650,N21,n,2.0NRT,3.78,D,0.52,0.67,,,,,,firms,VIIRS,VIIRS_NOAA21_NRT
0.63043,109.38213,2025-06-27,650,N21,n,2.0NRT,6.2,D,0.5,0.66,,,,,,firms,VIIRS,VIIRS_NOAA21_NRT
0.63211,109.38062,2025-06-27,650,N21,n,2.0NRT,3.64,D,0.5,0.66,,,,,,firms,VIIRS,VIIRS_NOAA21_NRT
0.63295,103.28552,2025-06-27,650,N21,n,2.0NRT,13.59,D,0.39,0.44,,,,,,firms,VIIRS,VIIRS_NOAA21_NRT
0.65595,109.13402,2025-06-27,650,N21,n,2.0NRT,4.84,D,0.48,0.65,,,,,,firms,VIIRS,VIIRS_NOAA21_NRT
0.6868,97.86935,2025-06-27,650,N21,n,2.0NRT,4.99,D,0.39,0.36,,,,,,firms,VIIRS,VIIRS_NOAA21_NRT
0.76024,100.28367,2025-06-27,650,N21,n,2.0NRT,4.51,D,0.41,0.37,,,,,,firms,VIIRS,VIIRS_NOAA21_NRT
0.77399,100.44158,2025-06-27,650,N21,n,2.0NRT,7.6,D,0.42,0.38,,,,,,firms,VIIRS,VIIRS_NOAA21_NRT
0.7848,100.35171,2025-06-27,650,N21,n,2.0NRT,4.26,D,0.42,0.37,,,,,,firms,VIIRS,VIIRS_NOAA21_NRT
0.79665,99.16892,2025-06-27,650,N21,n,2.0NRT,19.32,D,0.39,0.36,,,,,,firms,VIIRS,VIIRS_NOAA21_NRT
0.82547,100.29674,2025-06-27,650,N21,n,2.0NRT,2.92,D,0.41,0.37,,,,,,firms,VIIRS,VIIRS_NOAA21_NRT
0.83183,100.2467,2025-06-27,650,N21,n,2.0NRT,7.98,D,0.41,0.37,,,,,,firms,VIIRS,VIIRS_NOAA21_NRT
0.84893,100.15348,2025-06-27,650,N21,n,2.0NRT,2.95,D,0.41,0.37,,,,,,firms,VIIRS,VIIRS_NOAA21_NRT
0.85455,100.28102,2025-06-27,650,N21,n,2.0NRT,3.84,D,0.41,0.37,,,,,,firms,VIIRS,VIIRS_NOAA21_NRT
0.89598,97.90313,2025-06-27,650,N21,n,2.0NRT,2.96,D,0.39,0.36,,,,,,firms,VIIRS,VIIRS_NOAA21_NRT
0.9145,100.35139,2025-06-27,650,N21,n,2.0NRT,4.89,D,0.42,0.37,,,,,,firms,VIIRS,VIIRS_NOAA21_NRT
0.94227,100.48872,2025-06-27,650,N21,n,2.0NRT,4.24,D,0.42,0.38,,,,,,firms,VIIRS,VIIRS_NOAA21_NRT
0.98191,100.44815,2025-06-27,650,N21,n,2.0NRT,3.32,D,0.42,0.38,,,,,,firms,VIIRS,VIIRS_NOAA21_NRT
1.06657,100.22273,2025-06-27,650,N21,n,2.0NRT,2.31,D,0.41,0.37,,,,,,firms,VIIRS,VIIRS_NOAA21_NRT
1.11361,99.86433,2025-06-27,650,N21,n,2.0NRT,12.79,D,0.4,0.37,,,,,,firms,VIIRS,VIIRS_NOAA21_NRT
1.20627,99.24751,2025-06-27,650,N21,n,2.0NRT,3.0,D,0.39,0.36,,,,,,firms,VIIRS,VIIRS_NOAA21_NRT
1.23059,99.72514,2025-06-27,650,N21,n,2.0NRT,4.73,D,0.4,0.37,,,,,,firms,VIIRS,VIIRS_NOAA21_NRT
1.25755,99.09345,2025-06-27,650,N21,n,2.0NRT,1.94,D,0.39,0.36,,,,,,firms,VIIRS,VIIRS_NOAA21_NRT
1.29486,100.73663,2025-06-27,650,N21,n,2.0NRT,6.31,D,0.43,0.38,,,,,,firms,VIIRS,VIIRS_NOAA21_NRT
1.33482,109.13699,2025-06-27,650,N21,n,2.0NRT,5.98,D,0.5,0.66,,,,,,firms,VIIRS,VIIRS_NOAA21_NRT
1.37615,104.15774,2025-06-27,650,N21,n,2.0NRT,4.74,D,0.45,0.47,,,,,,firms,VIIRS,VIIRS_NOAA21_NRT
1.37675,104.16177,2025-06-27,650,N21,n,2.0NRT,4.74,D,0.45,0.47,,,,,,firms,VIIRS,VIIRS_NOAA21_NRT
1.39943,100.92878,2025-06-27,650,N21,n,2.0NRT,14.53,D,0.44,0.39,,,,,,firms,VIIRS,VIIRS_NOAA21_NRT
1.40295,100.92825,2025-06-27,650,N21,n,2.0NRT,8.66,D,0.44,0.39,,,,,,firms,VIIRS,VIIRS_NOAA21_NRT
1.3353,99.38118,2025-06-27,652,N21,n,2.0NRT,3.72,D,0.39,0.36,,,,,,firms,VIIRS,VIIRS_NOAA21_NRT
1.44881,98.8085,2025-06-27,652,N21,n,2.0NRT,14.07,D,0.39,0.36,,,,,,firms,VIIRS,VIIRS_NOAA21_NRT
1.45212,98.808,2025-06-27,652,N21,n,2.0NRT,4.78,D,0.39,0.36,,,,,,firms,VIIRS,VIIRS_NOAA21_NRT
1.45544,98.8075,2025-06-27,652,N21,n,2.0NRT,4.78,D,0.39,0.36,,,,,,firms,VIIRS,VIIRS_NOAA21_NRT
1.48874,99.4048,2025-06-27,652,N21,n,2.0NRT,3.24,D,0.4,0.37,,,,,,firms,VIIRS,VIIRS_NOAA21_NRT
1.48928,99.40835,2025-06-27,652,N21,n,2.0NRT,3.06,D,0.4,0.37,,,,,,firms,VIIRS,VIIRS_NOAA21_NRT
1.56889,100.80377,2025-06-27,652,N21,n,2.0NRT,5.17,D,0.44,0.38,,,,,,firms,VIIRS,VIIRS_NOAA21_NRT
1.5724,100.80324,2025-06-27,652,N21,n,2.0NRT,7.66,D,0.44,0.38,,,,,,firms,VIIRS,VIIRS_NOAA21_NRT
1.6713,101.47723,2025-06-27,652,N21,n,2.0NRT,4.23,D,0.47,0.4,,,,,,firms,VIIRS,VIIRS_NOAA21_NRT
1.70426,99.93781,2025-06-27,652,N21,l,2.0NRT,3.51,D,0.41,0.37,,,,,,firms,VIIRS,VIIRS_NOAA21_NRT
1.78642,100.85253,2025-06-27,652,N21,n,2.0NRT,8.62,D,0.44,0.39,,,,,,firms,VIIRS,VIIRS_NOAA21_NRT
1.78693,98.68506,2025-06-27,652,N21,n,2.0NRT,4.3,D,0.39,0.36,,,,,,firms,VIIRS,VIIRS_NOAA21_NRT
1.78702,100.85648,2025-06-27,652,N21,n,2.0NRT,8.62,D,0.44,0.39,,,,,,firms,VIIRS,VIIRS_NOAA21_NRT
1.79303,98.68062,2025-06-27,652,N21,n,2.0NRT,13.75,D,0.39,0.36,,,,,,firms,VIIRS,VIIRS_NOAA21_NRT
1.81105,98.77667,2025-06-27,652,N21,n,2.0NRT,63.65,D,0.39,0.36,,,,,,firms,VIIRS,VIIRS_NOAA21_NRT
1.82218,98.76077,2025-06-27,652,N21,n,2.0NRT,4.09,D,0.39,0.36,,,,,,firms,VIIRS,VIIRS_NOAA21_NRT
1.8301,99.95969,2025-06-27,652,N21,n,2.0NRT,3.65,D,0.41,0.37,,,,,,firms,VIIRS,VIIRS_NOAA21_NRT
1.90219,99.30774,2025-06-27,652,N21,n,2.0NRT,2.78,D,0.4,0.37,,,,,,firms,VIIRS,VIIRS_NOAA21_NRT
1.9024,99.26434,2025-06-27,652,N21,n,2.0NRT,3.86,D,0.39,0.37,,,,,,firms,VIIRS,VIIRS_NOAA21_NRT
1.92081,99.51999,2025-06-27,652,N21,n,2.0NRT,4.44,D,0.4,0.37,,,,,,firms,VIIRS,VIIRS_NOAA21_NRT
1.93769,99.49543,2025-06-27,652,N21,n,2.0NRT,9.78,D,0.4,0.37,,,,,,firms,VIIRS,VIIRS_NOAA21_NRT
1.94309,98.52607,2025-06-27,652,N21,l,2.0NRT,50.9,D,0.39,0.36,,,,,,firms,VIIRS,VIIRS_NOAA21_NRT
1.97084,98.70874,2025-06-27,652,N21,n,2.0NRT,6.46,D,0.39,0.36,,,,,,firms,VIIRS,VIIRS_NOAA21_NRT
1.97415,98.70822,2025-06-27,652,N21,n,2.0NRT,16.05,D,0.39,0.36,,,,,,firms,VIIRS,VIIRS_NOAA21_NRT
1.99019,98.76908,2025-06-27,652,N21,n,2.0NRT,5.7,D,0.39,0.36,,,,,,firms,VIIRS,VIIRS_NOAA21_NRT
2.03435,99.62003,2025-06-27,652,N21,n,2.0NRT,3.14,D,0.4,0.37,,,,,,firms,VIIRS,VIIRS_NOAA21_NRT
2.0493,99.31709,2025-06-27,652,N21,n,2.0NRT,10.39,D,0.4,0.37,,,,,,firms,VIIRS,VIIRS_NOAA21_NRT
2.09789,98.91885,2025-06-27,652,N21,n,2.0NRT,4.39,D,0.39,0.36,,,,,,firms,VIIRS,VIIRS_NOAA21_NRT
2.10994,98.9312,2025-06-27,652,N21,n,2.0NRT,5.19,D,0.39,0.36,,,,,,firms,VIIRS,VIIRS_NOAA21_NRT
2.19241,102.47813,2025-06-27,652,N21,n,2.0NRT,7.63,D,0.54,0.42,,,,,,firms,VIIRS,VIIRS_NOAA21_NRT
2.19331,102.4753,2025-06-27,652,N21,n,2.0NRT,9.22,D,0.54,0.42,,,,,,firms,VIIRS,VIIRS_NOAA21_NRT
2.19629,102.47756,2025-06-27,652,N21,n,2.0NRT,7.63,D,0.54,0.42,,,,,,firms,VIIRS,VIIRS_NOAA21_NRT
2.19791,102.47958,2025-06-27,652,N21,n,2.0NRT,7.35,D,0.54,0.42,,,,,,firms,VIIRS,VIIRS_NOAA21_NRT
2.25658,99.31752,2025-06-27,652,N21,n,2.0NRT,1.9,D,0.4,0.37,,,,,,firms,VIIRS,VIIRS_NOAA21_NRT
2.30036,98.81922,2025-06-27,652,N21,n,2.0NRT,4.06,D,0.39,0.36,,,,,,firms,VIIRS,VIIRS_NOAA21_NRT
2.30088,98.82266,2025-06-27,652,N21,n,2.0NRT,2.03,D,0.39,0.36,,,,,,firms,VIIRS,VIIRS_NOAA21_NRT
2.30316,98.81541,2025-06-27,652,N21,n,2.0NRT,8.62,D,0.39,0.36,,,,,,firms,VIIRS,VIIRS_NOAA21_NRT
2.30368,98.81882,2025-06-27,652,N21,n,2.0NRT,8.62,D,0.39,0.36,,,,,,firms,VIIRS,VIIRS_NOAA21_NRT
2.3042,98.82223,2025-06-27,652,N21,n,2.0NRT,3.99,D,0.39,0.36,,,,,,firms,VIIRS,VIIRS_NOAA21_NRT
2.30648,98.815,2025-06-27,652,N21,n,2.0NRT,8.62,D,0.39,0.36,,,,,,firms,VIIRS,VIIRS_NOAA21_NRT
2.307,98.81841,2025-06-27,652,N21,n,2.0NRT,8.62,D,0.39,0.36,,,,,,firms,VIIRS,VIIRS_NOAA21_NRT
2.31748,99.29012,2025-06-27,652,N21,n,2.0NRT,5.39,D,0.4,0.37,,,,,,firms,VIIRS,VIIRS_NOAA21_NRT
2.33736,98.39025,2025-06-27,652,N21,n,2.0NRT,3.88,D,0.39,0.36,,,,,,firms,VIIRS,VIIRS_NOAA21_NRT
2.42301,99.20181,2025-06-27,652,N21,n,2.0NRT,2.39,D,0.4,0.37,,,,,,firms,VIIRS,VIIRS_NOAA21_NRT
2.44552,99.23741,2025-06-27,652,N21,n,2.0NRT,2.6,D,0.4,0.37,,,,,,firms,VIIRS,VIIRS_NOAA21_NRT
2.48349,99.75964,2025-06-27,652,N21,n,2.0NRT,6.01,D,0.41,0.37,,,,,,firms,VIIRS,VIIRS_NOAA21_NRT
2.48689,99.75912,2025-06-27,652,N21,n,2.0NRT,2.93,D,0.41,0.37,,,,,,firms,VIIRS,VIIRS_NOAA21_NRT
2.48927,99.1015,2025-06-27,652,N21,n,2.0NRT,5.63,D,0.39,0.36,,,,,,firms,VIIRS,VIIRS_NOAA21_NRT
2.5117,99.36319,2025-06-27,652,N21,n,2.0NRT,9.18,D,0.4,0.37,,,,,,firms,VIIRS,VIIRS_NOAA21_NRT
2.52028,100.23753,2025-06-27,652,N21,n,2.0NRT,2.96,D,0.42,0.38,,,,,,firms,VIIRS,VIIRS_NOAA21_NRT
2.53912,99.36282,2025-06-27,652,N21,n,2.0NRT,6.24,D,0.4,0.37,,,,,,firms,VIIRS,VIIRS_NOAA21_NRT
2.58329,99.382,2025-06-27,652,N21,n,2.0NRT,7.14,D,0.4,0.37,,,,,,firms,VIIRS,VIIRS_NOAA21_NRT
2.62217,98.52105,2025-06-27,652,N21,n,2.0NRT,3.36,D,0.39,0.36,,,,,,firms,VIIRS,VIIRS_NOAA21_NRT
2.68605,100.19364,2025-06-27,652,N21,n,2.0NRT,4.97,D,0.42,0.38,,,,,,firms,VIIRS,VIIRS_NOAA21_NRT
2.75738,97.69237,2025-06-27,652,N21,n,2.0NRT,3.73,D,0.38,0.36,,,,,,firms,VIIRS,VIIRS_NOAA21_NRT
2.84715,98.81627,2025-06-27,652,N21,n,2.0NRT,3.85,D,0.39,0.36,,,,,,firms,VIIRS,VIIRS_NOAA21_NRT
3.29661,97.17008,2025-06-27,652,N21,n,2.0NRT,3.74,D,0.39,0.36,,,,,,firms,VIIRS,VIIRS_NOAA21_NRT
3.884,97.34335,2025-06-27,652,N21,n,2.0NRT,9.73,D,0.38,0.36,,,,,,firms,VIIRS,VIIRS_NOAA21_NRT
3.92405,96.71544,2025-06-27,652,N21,n,2.0NRT,3.66,D,0.39,0.36,,,,,,firms,VIIRS,VIIRS_NOAA21_NRT
3.98805,96.71229,2025-06-27,652,N21,n,2.0NRT,4.49,D,0.39,0.36,,,,,,firms,VIIRS,VIIRS_NOAA21_NRT
4.5118,97.93691,2025-06-27,652,N21,n,2.0NRT,2.99,D,0.39,0.36,,,,,,firms,VIIRS,VIIRS_NOAA21_NRT
4.51232,97.94036,2025-06-27,652,N21,n,2.0NRT,3.83,D,0.39,0.36,,,,,,firms,VIIRS,VIIRS_NOAA21_NRT
4.5151,97.93641,2025-06-27,652,N21,n,2.0NRT,3.22,D,0.39,0.36,,,,,,firms,VIIRS,VIIRS_NOAA21_NRT
-1.45751,127.43349,2025-06-27,1609,N21,n,2.0NRT,2.67,N,0.53,0.67,,,,,,firms,VIIRS,VIIRS_NOAA21_NRT
5.42806,114.71058,2025-06-27,1747,N21,n,2.0NRT,3.6,N,0.38,0.36,,,,,,firms,VIIRS,VIIRS_NOAA21_NRT
5.87706,114.29395,2025-06-27,1747,N21,n,2.0NRT,2.82,N,0.39,0.36,,,,,,firms,VIIRS,VIIRS_NOAA21_NRT
-1.36247,112.81489,2025-06-27,1749,N21,n,2.0NRT,0.82,N,0.39,0.36,,,,,,firms,VIIRS,VIIRS_NOAA21_NRT
-0.73241,117.05944,2025-06-27,1749,N21,n,2.0NRT,0.91,N,0.49,0.4,,,,,,firms,VIIRS,VIIRS_NOAA21_NRT
-0.58201,117.38702,2025-06-27,1749,N21,n,2.0NRT,1.01,N,0.51,0.41,,,,,,firms,VIIRS,VIIRS_NOAA21_NRT
-0.38588,117.05047,2025-06-27,1749,N21,n,2.0NRT,1.49,N,0.48,0.4,,,,,,firms,VIIRS,VIIRS_NOAA21_NRT
0.57073,117.45512,2025-06-27,1749,N21,n,2.0NRT,1.28,N,0.5,0.41,,,,,,firms,VIIRS,VIIRS_NOAA21_NRT
0.67129,117.53205,2025-06-27,1749,N21,n,2.0NRT,4.88,N,0.5,0.41,,,,,,firms,VIIRS,VIIRS_NOAA21_NRT
0.6739,117.56437,2025-06-27,1749,N21,n,2.0NRT,2.91,N,0.5,0.41,,,,,,firms,VIIRS,VIIRS_NOAA21_NRT
0.67761,117.56501,2025-06-27,1749,N21,n,2.0NRT,2.66,N,0.5,0.41,,,,,,firms,VIIRS,VIIRS_NOAA21_NRT
0.68202,117.56115,2025-06-27,1749,N21,n,2.0NRT,2.66,N,0.5,0.41,,,,,,firms,VIIRS,VIIRS_NOAA21_NRT
0.68574,117.56176,2025-06-27,1749,N21,n,2.0NRT,1.45,N,0.5,0.41,,,,,,firms,VIIRS,VIIRS_NOAA21_NRT
0.68643,117.55728,2025-06-27,1749,N21,n,2.0NRT,1.84,N,0.5,0.41,,,,,,firms,VIIRS,VIIRS_NOAA21_NRT
0.68712,117.55282,2025-06-27,1749,N21,n,2.0NRT,1.84,N,0.5,0.41,,,,,,firms,VIIRS,VIIRS_NOAA21_NRT
0.69083,117.55347,2025-06-27,1749,N21,n,2.0NRT,1.84,N,0.5,0.41,,,,,,firms,VIIRS,VIIRS_NOAA21_NRT
1.28085,103.71529,2025-06-27,1749,N21,n,2.0NRT,3.34,N,0.45,0.63,,,,,,firms,VIIRS,VIIRS_NOAA21_NRT
1.28147,103.71132,2025-06-27,1749,N21,n,2.0NRT,3.34,N,0.45,0.63,,,,,,firms,VIIRS,VIIRS_NOAA21_NRT
1.93278,117.30193,2025-06-27,1749,N21,n,2.0NRT,1.33,N,0.47,0.4,,,,,,firms,VIIRS,VIIRS_NOAA21_NRT
4.67584,113.85727,2025-06-27,1749,N21,n,2.0NRT,4.14,N,0.39,0.36,,,,,,firms,VIIRS,VIIRS_NOAA21_NRT
4.69989,113.94274,2025-06-27,1749,N21,n,2.0NRT,3.12,N,0.39,0.36,,,,,,firms,VIIRS,VIIRS_NOAA21_NRT
4.97774,112.98373,2025-06-27,1749,N21,n,2.0NRT,3.61,N,0.41,0.37,,,,,,firms,VIIRS,VIIRS_NOAA21_NRT
4.9783,112.98008,2025-06-27,1749,N21,n,2.0NRT,3.61,N,0.41,0.37,,,,,,firms,VIIRS,VIIRS_NOAA21_NRT
-8.92454,116.76319,2025-06-27,1752,N21,n,2.0NRT,1.23,N,0.4,0.44,,,,,,firms,VIIRS,VIIRS_NOAA21_NRT
-8.11285,112.92464,2025-06-27,1752,N21,n,2.0NRT,1.99,N,0.39,0.36,,,,,,firms,VIIRS,VIIRS_NOAA21_NRT
-7.54387,110.44247,2025-06-27,1752,N21,n,2.0NRT,0.57,N,0.4,0.37,,,,,,firms,VIIRS,VIIRS_NOAA21_NRT
-7.29172,111.36649,2025-06-27,1752,N21,n,2.0NRT,0.58,N,0.39,0.36,,,,,,firms,VIIRS,VIIRS_NOAA21_NRT
-7.24068,111.73338,2025-06-27,1752,N21,n,2.0NRT,1.44,N,0.38,0.36,,,,,,firms,VIIRS,VIIRS_NOAA21_NRT
-7.2397,109.21295,2025-06-27,1752,N21,n,2.0NRT,1.85,N,0.45,0.39,,,,,,firms,VIIRS,VIIRS_NOAA21_NRT
-7.23897,109.21202,2025-06-27,1752,N21,n,2.0NRT,1.89,N,0.45,0.39,,,,,,firms,VIIRS,VIIRS_NOAA21_NRT
-6.48096,106.89989,2025-06-27,1752,N21,n,2.0NRT,1.02,N,0.41,0.45,,,,,,firms,VIIRS,VIIRS_NOAA21_NRT
-3.80819,103.81966,2025-06-27,1752,N21,n,2.0NRT,1.92,N,0.36,0.58,,,,,,firms,VIIRS,VIIRS_NOAA21_NRT
-3.80763,103.81631,2025-06-27,1752,N21,n,2.0NRT,2.82,N,0.36,0.58,,,,,,firms,VIIRS,VIIRS_NOAA21_NRT
-3.03441,115.15571,2025-06-27,1752,N21,n,2.0NRT,1.7,N,0.42,0.38,,,,,,firms,VIIRS,VIIRS_NOAA21_NRT
-2.06999,104.07049,2025-06-27,1752,N21,n,2.0NRT,0.85,N,0.37,0.58,,,,,,firms,VIIRS,VIIRS_NOAA21_NRT
-1.17517,103.35918,2025-06-27,1752,N21,n,2.0NRT,1.54,N,0.43,0.62,,,,,,firms,VIIRS,VIIRS_NOAA21_NRT
1.94321,98.5234,2025-06-27,1930,N21,n,2.0NRT,3.93,N,0.42,0.61,,,,,,firms,VIIRS,VIIRS_NOAA21_NRT
1.94397,98.52701,2025-06-27,1930,N21,n,2.0NRT,2.06,N,0.42,0.61,,,,,,firms,VIIRS,VIIRS_NOAA21_NRT
1.94456,98.52328,2025-06-27,1930,N21,n,2.0NRT,3.63,N,0.42,0.61,,,,,,firms,VIIRS,VIIRS_NOAA21_NRT
2.39574,98.80876,2025-06-27,1930,N21,n,2.0NRT,1.84,N,0.44,0.62,,,,,,firms,VIIRS,VIIRS_NOAA21_NRT
1.44844,98.80781,2025-06-27,1932,N21,n,2.0NRT,0.86,N,0.45,0.63,,,,,,firms,VIIRS,VIIRS_NOAA21_NRT
-8.48266,121.62524,2025-06-28,446,N21,n,2.0NRT,3.61,D,0.36,0.57,,,,,,firms,VIIRS,VIIRS_NOAA21_NRT
-8.39805,124.3568,2025-06-28,446,N21,n,2.0NRT,3.54,D,0.47,0.48,,,,,,firms,VIIRS,VIIRS_NOAA21_NRT
-1.56392,127.42761,2025-06-28,449,N21,n,2.0NRT,4.45,D,0.4,0.37,,,,,,firms,VIIRS,VIIRS_NOAA21_NRT
-1.56337,127.43125,2025-06-28,449,N21,n,2.0NRT,3.76,D,0.4,0.37,,,,,,firms,VIIRS,VIIRS_NOAA21_NRT
-1.56054,127.42709,2025-06-28,449,N21,n,2.0NRT,4.45,D,0.4,0.37,,,,,,firms,VIIRS,VIIRS_NOAA21_NRT
-1.55999,127.43072,2025-06-28,449,N21,n,2.0NRT,3.76,D,0.4,0.37,,,,,,firms,VIIRS,VIIRS_NOAA21_NRT
-1.55944,127.43438,2025-06-28,449,N21,n,2.0NRT,3.76,D,0.4,0.37,,,,,,firms,VIIRS,VIIRS_NOAA21_NRT
-1.4573,127.43703,2025-06-28,449,N21,n,2.0NRT,24.88,D,0.4,0.37,,,,,,firms,VIIRS,VIIRS_NOAA21_NRT
0.41388,120.28105,2025-06-28,449,N21,n,2.0NRT,3.01,D,0.33,0.55,,,,,,firms,VIIRS,VIIRS_NOAA21_NRT
0.51888,122.67477,2025-06-28,449,N21,n,2.0NRT,13.77,D,0.45,0.47,,,,,,firms,VIIRS,VIIRS_NOAA21_NRT
0.52321,122.67458,2025-06-28,449,N21,n,2.0NRT,13.77,D,0.45,0.47,,,,,,firms,VIIRS,VIIRS_NOAA21_NRT
0.5562,120.39891,2025-06-28,449,N21,n,2.0NRT,4.61,D,0.32,0.55,,,,,,firms,VIIRS,VIIRS_NOAA21_NRT
0.56436,122.91315,2025-06-28,449,N21,n,2.0NRT,3.23,D,0.43,0.46,,,,,,firms,VIIRS,VIIRS_NOAA21_NRT
0.57836,122.61462,2025-06-28,449,N21,n,2.0NRT,3.64,D,0.45,0.47,,,,,,firms,VIIRS,VIIRS_NOAA21_NRT
0.59062,120.35778,2025-06-28,449,N21,n,2.0NRT,16.95,D,0.32,0.55,,,,,,firms,VIIRS,VIIRS_NOAA21_NRT
0.59097,120.35999,2025-06-28,449,N21,n,2.0NRT,16.95,D,0.32,0.55,,,,,,firms,VIIRS,VIIRS_NOAA21_NRT
0.85464,120.69728,2025-06-28,449,N21,n,2.0NRT,22.99,D,0.61,0.53,,,,,,firms,VIIRS,VIIRS_NOAA21_NRT
0.87508,120.73243,2025-06-28,449,N21,n,2.0NRT,9.95,D,0.6,0.53,,,,,,firms,VIIRS,VIIRS_NOAA21_NRT
1.45925,124.78775,2025-06-28,449,N21,n,2.0NRT,1.06,D,0.49,0.4,,,,,,firms,VIIRS,VIIRS_NOAA21_NRT
1.49572,127.63379,2025-06-28,449,N21,n,2.0NRT,8.64,D,0.39,0.36,,,,,,firms,VIIRS,VIIRS_NOAA21_NRT
1.79422,117.89297,2025-06-28,451,N21,n,2.0NRT,6.38,D,0.46,0.64,,,,,,firms,VIIRS,VIIRS_NOAA21_NRT
2.17837,117.3012,2025-06-28,451,N21,n,2.0NRT,3.16,D,0.5,0.66,,,,,,firms,VIIRS,VIIRS_NOAA21_NRT
2.71032,117.12873,2025-06-28,451,N21,n,2.0NRT,5.9,D,0.5,0.66,,,,,,firms,VIIRS,VIIRS_NOAA21_NRT
5.13093,116.22713,2025-06-28,451,N21,n,2.0NRT,6.29,D,0.53,0.67,,,,,,firms,VIIRS,VIIRS_NOAA21_NRT
5.13181,116.22996,2025-06-28,451,N21,n,2.0NRT,4.79,D,0.53,0.67,,,,,,firms,VIIRS,VIIRS_NOAA21_NRT
5.21297,114.74313,2025-06-28,451,N21,n,2.0NRT,7.0,D,0.67,0.73,,,,,,firms,VIIRS,VIIRS_NOAA21_NRT
-8.43355,117.51873,2025-06-28,629,N21,n,2.0NRT,5.4,D,0.6,0.71,,,,,,firms,VIIRS,VIIRS_NOAA21_NRT
-6.96264,109.15334,2025-06-28,631,N21,n,2.0NRT,6.15,D,0.53,0.42,,,,,,firms,VIIRS,VIIRS_NOAA21_NRT
-2.52677,101.40482,2025-06-28,631,N21,n,2.0NRT,11.88,D,0.43,0.38,,,,,,firms,VIIRS,VIIRS_NOAA21_NRT
-1.3677,101.32812,2025-06-28,631,N21,n,2.0NRT,3.52,D,0.43,0.38,,,,,,firms,VIIRS,VIIRS_NOAA21_NRT
-0.75132,100.95418,2025-06-28,631,N21,n,2.0NRT,3.02,D,0.44,0.38,,,,,,firms,VIIRS,VIIRS_NOAA21_NRT
-0.62598,100.85227,2025-06-28,631,N21,n,2.0NRT,3.03,D,0.44,0.38,,,,,,firms,VIIRS,VIIRS_NOAA21_NRT
-0.5396,100.98688,2025-06-28,631,N21,n,2.0NRT,4.19,D,0.43,0.38,,,,,,firms,VIIRS,VIIRS_NOAA21_NRT
0.07916,99.62312,2025-06-28,631,N21,n,2.0NRT,4.63,D,0.49,0.41,,,,,,firms,VIIRS,VIIRS_NOAA21_NRT
0.08185,99.62405,2025-06-28,631,N21,n,2.0NRT,4.15,D,0.49,0.4,,,,,,firms,VIIRS,VIIRS_NOAA21_NRT
0.36808,99.92003,2025-06-28,631,N21,n,2.0NRT,13.61,D,0.47,0.4,,,,,,firms,VIIRS,VIIRS_NOAA21_NRT
0.40721,100.05318,2025-06-28,631,N21,n,2.0NRT,4.38,D,0.46,0.39,,,,,,firms,VIIRS,VIIRS_NOAA21_NRT
0.47017,100.64668,2025-06-28,631,N21,n,2.0NRT,12.25,D,0.44,0.38,,,,,,firms,VIIRS,VIIRS_NOAA21_NRT
0.47307,100.6423,2025-06-28,631,N21,n,2.0NRT,20.54,D,0.44,0.38,,,,,,firms,VIIRS,VIIRS_NOAA21_NRT
0.47656,100.64172,2025-06-28,631,N21,n,2.0NRT,20.54,D,0.44,0.38,,,,,,firms,VIIRS,VIIRS_NOAA21_NRT
0.49876,99.4136,2025-06-28,631,N21,n,2.0NRT,11.0,D,0.5,0.41,,,,,,firms,VIIRS,VIIRS_NOAA21_NRT
0.57466,100.07689,2025-06-28,631,N21,n,2.0NRT,127.44,D,0.46,0.39,,,,,,firms,VIIRS,VIIRS_NOAA21_NRT
0.57751,100.49903,2025-06-28,631,N21,n,2.0NRT,2.73,D,0.44,0.38,,,,,,firms,VIIRS,VIIRS_NOAA21_NRT
0.57825,100.07633,2025-06-28,631,N21,l,2.0NRT,127.44,D,0.46,0.39,,,,,,firms,VIIRS,VIIRS_NOAA21_NRT
0.57887,100.08042,2025-06-28,631,N21,n,2.0NRT,127.44,D,0.46,0.39,,,,,,firms,VIIRS,VIIRS_NOAA21_NRT
0.80674,100.2699,2025-06-28,631,N21,n,2.0NRT,12.21,D,0.45,0.39,,,,,,firms,VIIRS,VIIRS_NOAA21_NRT
0.84503,100.19058,2025-06-28,631,N21,n,2.0NRT,4.03,D,0.45,0.39,,,,,,firms,VIIRS,VIIRS_NOAA21_NRT
0.91683,99.11128,2025-06-28,631,N21,n,2.0NRT,8.79,D,0.51,0.41,,,,,,firms,VIIRS,VIIRS_NOAA21_NRT
1.05818,98.99782,2025-06-28,631,N21,n,2.0NRT,4.4,D,0.52,0.41,,,,,,firms,VIIRS,VIIRS_NOAA21_NRT
1.12321,99.47319,2025-06-28,631,N21,n,2.0NRT,3.83,D,0.49,0.4,,,,,,firms,VIIRS,VIIRS_NOAA21_NRT
1.21529,99.72886,2025-06-28,631,N21,n,2.0NRT,8.64,D,0.47,0.4,,,,,,firms,VIIRS,VIIRS_NOAA21_NRT
1.21893,99.72837,2025-06-28,631,N21,n,2.0NRT,8.64,D,0.47,0.4,,,,,,firms,VIIRS,VIIRS_NOAA21_NRT
1.22682,99.7313,2025-06-28,631,N21,n,2.0NRT,9.14,D,0.47,0.4,,,,,,firms,VIIRS,VIIRS_NOAA21_NRT
1.27625,99.54349,2025-06-28,631,N21,n,2.0NRT,4.72,D,0.48,0.4,,,,,,firms,VIIRS,VIIRS_NOAA21_NRT
1.37538,99.50526,2025-06-28,631,N21,n,2.0NRT,12.11,D,0.48,0.4,,,,,,firms,VIIRS,VIIRS_NOAA21_NRT
1.37546,99.50671,2025-06-28,631,N21,n,2.0NRT,11.57,D,0.48,0.4,,,,,,firms,VIIRS,VIIRS_NOAA21_NRT
1.39475,100.95107,2025-06-28,631,N21,n,2.0NRT,25.58,D,0.42,0.37,,,,,,firms,VIIRS,VIIRS_NOAA21_NRT
1.39819,100.95056,2025-06-28,631,N21,n,2.0NRT,11.24,D,0.42,0.37,,,,,,firms,VIIRS,VIIRS_NOAA21_NRT
1.45143,98.80709,2025-06-28,631,N21,n,2.0NRT,8.84,D,0.53,0.42,,,,,,firms,VIIRS,VIIRS_NOAA21_NRT
1.46842,99.50131,2025-06-28,631,N21,n,2.0NRT,7.14,D,0.48,0.4,,,,,,firms,VIIRS,VIIRS_NOAA21_NRT
1.57097,100.79819,2025-06-28,631,N21,n,2.0NRT,5.19,D,0.42,0.38,,,,,,firms,VIIRS,VIIRS_NOAA21_NRT
1.57138,100.79775,2025-06-28,631,N21,n,2.0NRT,6.14,D,0.42,0.38,,,,,,firms,VIIRS,VIIRS_NOAA21_NRT
1.65401,99.84761,2025-06-28,631,N21,n,2.0NRT,18.84,D,0.46,0.39,,,,,,firms,VIIRS,VIIRS_NOAA21_NRT
1.74096,99.6856,2025-06-28,631,N21,n,2.0NRT,2.51,D,0.47,0.4,,,,,,firms,VIIRS,VIIRS_NOAA21_NRT
1.74936,99.69205,2025-06-28,631,N21,n,2.0NRT,13.25,D,0.47,0.4,,,,,,firms,VIIRS,VIIRS_NOAA21_NRT
1.78139,98.75866,2025-06-28,631,N21,n,2.0NRT,6.9,D,0.52,0.42,,,,,,firms,VIIRS,VIIRS_NOAA21_NRT
1.81063,99.89642,2025-06-28,631,N21,n,2.0NRT,3.92,D,0.46,0.39,,,,,,firms,VIIRS,VIIRS_NOAA21_NRT
1.81272,100.00384,2025-06-28,631,N21,n,2.0NRT,1.88,D,0.45,0.39,,,,,,firms,VIIRS,VIIRS_NOAA21_NRT
1.81399,99.87083,2025-06-28,631,N21,n,2.0NRT,11.77,D,0.46,0.39,,,,,,firms,VIIRS,VIIRS_NOAA21_NRT
1.86535,99.59572,2025-06-28,631,N21,n,2.0NRT,14.6,D,0.47,0.4,,,,,,firms,VIIRS,VIIRS_NOAA21_NRT
1.88274,99.73129,2025-06-28,631,N21,n,2.0NRT,2.51,D,0.46,0.39,,,,,,firms,VIIRS,VIIRS_NOAA21_NRT
1.8856,99.31859,2025-06-28,631,N21,n,2.0NRT,5.45,D,0.49,0.4,,,,,,firms,VIIRS,VIIRS_NOAA21_NRT
1.88607,99.31779,2025-06-28,631,N21,n,2.0NRT,5.19,D,0.49,0.4,,,,,,firms,VIIRS,VIIRS_NOAA21_NRT
1.89546,98.84521,2025-06-28,631,N21,n,2.0NRT,11.16,D,0.52,0.41,,,,,,firms,VIIRS,VIIRS_NOAA21_NRT
1.9039,99.65329,2025-06-28,631,N21,n,2.0NRT,10.42,D,0.47,0.4,,,,,,firms,VIIRS,VIIRS_NOAA21_NRT
1.94266,98.52404,2025-06-28,631,N21,n,2.0NRT,6.1,D,0.54,0.42,,,,,,firms,VIIRS,VIIRS_NOAA21_NRT
1.99266,99.06752,2025-06-28,631,N21,n,2.0NRT,8.47,D,0.5,0.41,,,,,,firms,VIIRS,VIIRS_NOAA21_NRT
1.9961,98.61568,2025-06-28,631,N21,n,2.0NRT,5.51,D,0.53,0.42,,,,,,firms,VIIRS,VIIRS_NOAA21_NRT
1.99731,99.38464,2025-06-28,631,N21,n,2.0NRT,6.16,D,0.48,0.4,,,,,,firms,VIIRS,VIIRS_NOAA21_NRT
2.06339,98.42397,2025-06-28,631,N21,n,2.0NRT,3.89,D,0.54,0.42,,,,,,firms,VIIRS,VIIRS_NOAA21_NRT
2.1097,98.2019,2025-06-28,631,N21,n,2.0NRT,3.15,D,0.56,0.43,,,,,,firms,VIIRS,VIIRS_NOAA21_NRT
2.15734,99.01096,2025-06-28,631,N21,n,2.0NRT,4.89,D,0.5,0.41,,,,,,firms,VIIRS,VIIRS_NOAA21_NRT
2.17155,98.87159,2025-06-28,631,N21,n,2.0NRT,4.99,D,0.51,0.41,,,,,,firms,VIIRS,VIIRS_NOAA21_NRT
2.18711,98.41937,2025-06-28,631,N21,n,2.0NRT,21.2,D,0.54,0.42,,,,,,firms,VIIRS,VIIRS_NOAA21_NRT
2.18919,98.42197,2025-06-28,631,N21,n,2.0NRT,13.22,D,0.54,0.42,,,,,,firms,VIIRS,VIIRS_NOAA21_NRT
2.23712,98.39964,2025-06-28,631,N21,n,2.0NRT,6.45,D,0.54,0.42,,,,,,firms,VIIRS,VIIRS_NOAA21_NRT
2.2454,98.45255,2025-06-28,631,N21,n,2.0NRT,7.22,D,0.54,0.42,,,,,,firms,VIIRS,VIIRS_NOAA21_NRT
2.35263,98.08572,2025-06-28,631,N21,n,2.0NRT,4.24,D,0.56,0.43,,,,,,firms,VIIRS,VIIRS_NOAA21_NRT
2.35271,98.0834,2025-06-28,631,N21,n,2.0NRT,4.43,D,0.57,0.43,,,,,,firms,VIIRS,VIIRS_NOAA21_NRT
2.36174,98.77259,2025-06-28,631,N21,n,2.0NRT,12.01,D,0.51,0.41,,,,,,firms,VIIRS,VIIRS_NOAA21_NRT
2.36483,97.85592,2025-06-28,631,N21,n,2.0NRT,2.92,D,0.39,0.44,,,,,,firms,VIIRS,VIIRS_NOAA21_NRT
2.38526,97.9339,2025-06-28,631,N21,n,2.0NRT,2.71,D,0.38,0.43,,,,,,firms,VIIRS,VIIRS_NOAA21_NRT
2.38844,98.74593,2025-06-28,631,N21,n,2.0NRT,6.82,D,0.52,0.41,,,,,,firms,VIIRS,VIIRS_NOAA21_NRT
2.39224,98.74548,2025-06-28,631,N21,n,2.0NRT,6.82,D,0.52,0.41,,,,,,firms,VIIRS,VIIRS_NOAA21_NRT
2.42995,99.17923,2025-06-28,631,N21,n,2.0NRT,4.98,D,0.49,0.4,,,,,,firms,VIIRS,VIIRS_NOAA21_NRT
2.43071,97.86961,2025-06-28,631,N21,n,2.0NRT,5.86,D,0.39,0.44,,,,,,firms,VIIRS,VIIRS_NOAA21_NRT
2.44487,99.73251,2025-06-28,631,N21,n,2.0NRT,3.93,D,0.46,0.39,,,,,,firms,VIIRS,VIIRS_NOAA21_NRT
2.4945,99.5654,2025-06-28,631,N21,n,2.0NRT,5.28,D,0.47,0.39,,,,,,firms,VIIRS,VIIRS_NOAA21_NRT
2.52771,99.51768,2025-06-28,631,N21,n,2.0NRT,4.08,D,0.47,0.4,,,,,,firms,VIIRS,VIIRS_NOAA21_NRT
2.52998,99.36407,2025-06-28,631,N21,n,2.0NRT,5.54,D,0.48,0.4,,,,,,firms,VIIRS,VIIRS_NOAA21_NRT
2.53526,99.06224,2025-06-28,631,N21,n,2.0NRT,3.64,D,0.49,0.41,,,,,,firms,VIIRS,VIIRS_NOAA21_NRT
2.56907,97.66976,2025-06-28,631,N21,n,2.0NRT,7.25,D,0.4,0.44,,,,,,firms,VIIRS,VIIRS_NOAA21_NRT
2.58336,98.55388,2025-06-28,631,N21,n,2.0NRT,8.5,D,0.53,0.42,,,,,,firms,VIIRS,VIIRS_NOAA21_NRT
2.65175,97.81689,2025-06-28,631,N21,n,2.0NRT,5.09,D,0.39,0.44,,,,,,firms,VIIRS,VIIRS_NOAA21_NRT
2.65896,98.79111,2025-06-28,631,N21,n,2.0NRT,10.57,D,0.51,0.41,,,,,,firms,VIIRS,VIIRS_NOAA21_NRT
2.66482,97.82196,2025-06-28,631,N21,n,2.0NRT,6.66,D,0.39,0.44,,,,,,firms,VIIRS,VIIRS_NOAA21_NRT
2.66853,98.43012,2025-06-28,631,N21,n,2.0NRT,3.57,D,0.53,0.42,,,,,,firms,VIIRS,VIIRS_NOAA21_NRT
2.6753,97.78496,2025-06-28,631,N21,n,2.0NRT,3.79,D,0.39,0.44,,,,,,firms,VIIRS,VIIRS_NOAA21_NRT
2.67585,97.78844,2025-06-28,631,N21,n,2.0NRT,3.79,D,0.39,0.44,,,,,,firms,VIIRS,VIIRS_NOAA21_NRT
2.68438,97.79065,2025-06-28,631,N21,n,2.0NRT,8.25,D,0.39,0.44,,,,,,firms,VIIRS,VIIRS_NOAA21_NRT
2.69581,97.7853,2025-06-28,631,N21,n,2.0NRT,10.16,D,0.39,0.44,,,,,,firms,VIIRS,VIIRS_NOAA21_NRT
2.69818,97.7743,2025-06-28,631,N21,l,2.0NRT,7.59,D,0.39,0.44,,,,,,firms,VIIRS,VIIRS_NOAA21_NRT
2.70435,97.78755,2025-06-28,631,N21,n,2.0NRT,3.74,D,0.39,0.44,,,,,,firms,VIIRS,VIIRS_NOAA21_NRT
2.71072,97.77593,2025-06-28,631,N21,n,2.0NRT,3.55,D,0.39,0.44,,,,,,firms,VIIRS,VIIRS_NOAA21_NRT
2.71104,97.66437,2025-06-28,631,N21,n,2.0NRT,2.16,D,0.39,0.44,,,,,,firms,VIIRS,VIIRS_NOAA21_NRT
2.71126,97.7794,2025-06-28,631,N21,n,2.0NRT,3.81,D,0.39,0.44,,,,,,firms,VIIRS,VIIRS_NOAA21_NRT
2.74213,98.89838,2025-06-28,631,N21,n,2.0NRT,13.85,D,0.5,0.41,,,,,,firms,VIIRS,VIIRS_NOAA21_NRT
2.74585,98.89777,2025-06-28,631,N21,n,2.0NRT,17.37,D,0.5,0.41,,,,,,firms,VIIRS,VIIRS_NOAA21_NRT
2.75396,98.90086,2025-06-28,631,N21,n,2.0NRT,8.26,D,0.5,0.41,,,,,,firms,VIIRS,VIIRS_NOAA21_NRT
2.78476,97.63508,2025-06-28,631,N21,n,2.0NRT,5.99,D,0.4,0.44,,,,,,firms,VIIRS,VIIRS_NOAA21_NRT
2.82081,97.65479,2025-06-28,631,N21,n,2.0NRT,4.19,D,0.39,0.44,,,,,,firms,VIIRS,VIIRS_NOAA21_NRT
2.82225,97.65413,2025-06-28,631,N21,n,2.0NRT,4.39,D,0.39,0.44,,,,,,firms,VIIRS,VIIRS_NOAA21_NRT
2.83932,97.70882,2025-06-28,631,N21,n,2.0NRT,6.99,D,0.39,0.44,,,,,,firms,VIIRS,VIIRS_NOAA21_NRT
2.88567,98.22847,2025-06-28,631,N21,n,2.0NRT,8.55,D,0.54,0.42,,,,,,firms,VIIRS,VIIRS_NOAA21_NRT
2.91226,98.47426,2025-06-28,631,N21,n,2.0NRT,5.28,D,0.53,0.42,,,,,,firms,VIIRS,VIIRS_NOAA21_NRT
3.14836,97.92744,2025-06-28,631,N21,n,2.0NRT,26.3,D,0.56,0.43,,,,,,firms,VIIRS,VIIRS_NOAA21_NRT
3.22657,97.33955,2025-06-28,631,N21,n,2.0NRT,8.11,D,0.41,0.45,,,,,,firms,VIIRS,VIIRS_NOAA21_NRT
3.36868,98.32016,2025-06-28,631,N21,n,2.0NRT,6.68,D,0.53,0.42,,,,,,firms,VIIRS,VIIRS_NOAA21_NRT
3.39492,97.14251,2025-06-28,631,N21,n,2.0NRT,6.02,D,0.42,0.45,,,,,,firms,VIIRS,VIIRS_NOAA21_NRT
3.59156,101.08226,2025-06-28,631,N21,n,2.0NRT,2.77,D,0.4,0.37,,,,,,firms,VIIRS,VIIRS_NOAA21_NRT
3.59211,101.08584,2025-06-28,631,N21,n,2.0NRT,2.77,D,0.4,0.37,,,,,,firms,VIIRS,VIIRS_NOAA21_NRT
3.6173,101.09298,2025-06-28,631,N21,n,2.0NRT,7.45,D,0.4,0.37,,,,,,firms,VIIRS,VIIRS_NOAA21_NRT
3.66668,98.89202,2025-06-28,631,N21,n,2.0NRT,3.92,D,0.49,0.4,,,,,,firms,VIIRS,VIIRS_NOAA21_NRT
3.66711,98.89053,2025-06-28,631,N21,n,2.0NRT,5.18,D,0.49,0.4,,,,,,firms,VIIRS,VIIRS_NOAA21_NRT
3.89531,97.36784,2025-06-28,631,N21,n,2.0NRT,5.25,D,0.4,0.44,,,,,,firms,VIIRS,VIIRS_NOAA21_NRT
3.91357,97.353,2025-06-28,631,N21,n,2.0NRT,4.39,D,0.4,0.44,,,,,,firms,VIIRS,VIIRS_NOAA21_NRT
4.49256,101.14515,2025-06-28,631,N21,l,2.0NRT,4.97,D,0.39,0.37,,,,,,firms,VIIRS,VIIRS_NOAA21_NRT
4.57529,103.44748,2025-06-28,631,N21,n,2.0NRT,2.77,D,0.39,0.37,,,,,,firms,VIIRS,VIIRS_NOAA21_NRT
4.66985,114.46357,2025-06-28,631,N21,n,2.0NRT,8.89,D,0.61,0.71,,,,,,firms,VIIRS,VIIRS_NOAA21_NRT
4.67026,114.46571,2025-06-28,631,N21,n,2.0NRT,9.21,D,0.61,0.71,,,,,,firms,VIIRS,VIIRS_NOAA21_NRT
4.67707,113.85818,2025-06-28,631,N21,n,2.0NRT,6.24,D,0.56,0.68,,,,,,firms,VIIRS,VIIRS_NOAA21_NRT
5.42769,114.71307,2025-06-28,631,N21,n,2.0NRT,4.64,D,0.65,0.73,,,,,,firms,VIIRS,VIIRS_NOAA21_NRT
3.99325,97.37863,2025-06-28,633,N21,n,2.0NRT,4.2,D,0.39,0.44,,,,,,firms,VIIRS,VIIRS_NOAA21_NRT
4.03591,96.89563,2025-06-28,633,N21,n,2.0NRT,7.08,D,0.42,0.45,,,,,,firms,VIIRS,VIIRS_NOAA21_NRT
4.04017,96.2848,2025-06-28,633,N21,n,2.0NRT,4.92,D,0.46,0.47,,,,,,firms,VIIRS,VIIRS_NOAA21_NRT
4.04017,96.89567,2025-06-28,633,N21,n,2.0NRT,14.19,D,0.42,0.45,,,,,,firms,VIIRS,VIIRS_NOAA21_NRT
4.06325,96.98577,2025-06-28,633,N21,n,2.0NRT,20.78,D,0.42,0.45,,,,,,firms,VIIRS,VIIRS_NOAA21_NRT
4.14565,96.92922,2025-06-28,633,N21,n,2.0NRT,4.3,D,0.42,0.45,,,,,,firms,VIIRS,VIIRS_NOAA21_NRT
4.36535,95.98161,2025-06-28,633,N21,n,2.0NRT,2.88,D,0.48,0.48,,,,,,firms,VIIRS,VIIRS_NOAA21_NRT
4.38523,96.88469,2025-06-28,633,N21,n,2.0NRT,2.57,D,0.42,0.45,,,,,,firms,VIIRS,VIIRS_NOAA21_NRT
4.54995,96.64038,2025-06-28,633,N21,n,2.0NRT,9.83,D,0.43,0.46,,,,,,firms,VIIRS,VIIRS_NOAA21_NRT
5.01155,96.80768,2025-06-28,633,N21,l,2.0NRT,8.03,D,0.41,0.45,,,,,,firms,VIIRS,VIIRS_NOAA21_NRT
5.01216,96.81142,2025-06-28,633,N21,n,2.0NRT,5.01,D,0.41,0.45,,,,,,firms,VIIRS,VIIRS_NOAA21_NRT
5.05057,96.61634,2025-06-28,633,N21,n,2.0NRT,5.94,D,0.43,0.46,,,,,,firms,VIIRS,VIIRS_NOAA21_NRT
5.08531,96.48902,2025-06-28,633,N21,n,2.0NRT,2.58,D,0.43,0.46,,,,,,firms,VIIRS,VIIRS_NOAA21_NRT
5.08834,96.61265,2025-06-28,633,N21,n,2.0NRT,4.25,D,0.43,0.46,,,,,,firms,VIIRS,VIIRS_NOAA21_NRT
5.13686,96.56956,2025-06-28,633,N21,n,2.0NRT,2.64,D,0.43,0.46,,,,,,firms,VIIRS,VIIRS_NOAA21_NRT
5.1384,96.56879,2025-06-28,633,N21,n,2.0NRT,1.87,D,0.43,0.46,,,,,,firms,VIIRS,VIIRS_NOAA21_NRT
5.43581,102.26271,2025-06-28,633,N21,n,2.0NRT,3.5,D,0.38,0.36,,,,,,firms,VIIRS,VIIRS_NOAA21_NRT
5.72409,101.08114,2025-06-28,633,N21,n,2.0NRT,5.02,D,0.39,0.36,,,,,,firms,VIIRS,VIIRS_NOAA21_NRT
-1.8191,136.74976,2025-06-28,1550,N21,n,2.0NRT,11.47,N,0.5,0.49,,,,,,firms,VIIRS,VIIRS_NOAA21_NRT
-1.81693,136.75316,2025-06-28,1550,N21,n,2.0NRT,6.18,N,0.5,0.49,,,,,,firms,VIIRS,VIIRS_NOAA21_NRT
-1.81624,136.74878,2025-06-28,1550,N21,n,2.0NRT,6.18,N,0.5,0.49,,,,,,firms,VIIRS,VIIRS_NOAA21_NRT
0.47934,128.00488,2025-06-28,1730,N21,n,2.0NRT,3.0,N,0.4,0.6,,,,,,firms,VIIRS,VIIRS_NOAA21_NRT
0.47989,128.00145,2025-06-28,1730,N21,n,2.0NRT,2.94,N,0.4,0.6,,,,,,firms,VIIRS,VIIRS_NOAA21_NRT
0.48046,127.99781,2025-06-28,1730,N21,n,2.0NRT,2.94,N,0.4,0.6,,,,,,firms,VIIRS,VIIRS_NOAA21_NRT
0.48101,127.99433,2025-06-28,1730,N21,n,2.0NRT,3.5,N,0.4,0.6,,,,,,firms,VIIRS,VIIRS_NOAA21_NRT
0.48157,127.99078,2025-06-28,1730,N21,n,2.0NRT,3.5,N,0.4,0.6,,,,,,firms,VIIRS,VIIRS_NOAA21_NRT
0.48212,127.98727,2025-06-28,1730,N21,n,2.0NRT,3.88,N,0.4,0.6,,,,,,firms,VIIRS,VIIRS_NOAA21_NRT
0.48706,127.99145,2025-06-28,1730,N21,n,2.0NRT,3.5,N,0.4,0.6,,,,,,firms,VIIRS,VIIRS_NOAA21_NRT
0.48821,127.9841,2025-06-28,1730,N21,n,2.0NRT,3.88,N,0.4,0.6,,,,,,firms,VIIRS,VIIRS_NOAA21_NRT
0.48939,127.97659,2025-06-28,1730,N21,n,2.0NRT,2.26,N,0.4,0.6,,,,,,firms,VIIRS,VIIRS_NOAA21_NRT
0.50795,127.8939,2025-06-28,1730,N21,n,2.0NRT,2.73,N,0.39,0.6,,,,,,firms,VIIRS,VIIRS_NOAA21_NRT
1.49602,127.63662,2025-06-28,1730,N21,n,2.0NRT,0.94,N,0.36,0.58,,,,,,firms,VIIRS,VIIRS_NOAA21_NRT
1.69964,127.87943,2025-06-28,1730,N21,n,2.0NRT,7.8,N,0.38,0.58,,,,,,firms,VIIRS,VIIRS_NOAA21_NRT
1.70015,127.87629,2025-06-28,1730,N21,h,2.0NRT,7.8,N,0.38,0.58,,,,,,firms,VIIRS,VIIRS_NOAA21_NRT
2.77946,125.4092,2025-06-28,1730,N21,n,2.0NRT,2.71,N,0.49,0.48,,,,,,firms,VIIRS,VIIRS_NOAA21_NRT
2.77979,125.40677,2025-06-28,1730,N21,n,2.0NRT,0.88,N,0.49,0.48,,,,,,firms,VIIRS,VIIRS_NOAA21_NRT
3.27942,113.06989,2025-06-28,1730,N21,n,2.0NRT,2.19,N,0.46,0.47,,,,,,firms,VIIRS,VIIRS_NOAA21_NRT
3.28007,113.06563,2025-06-28,1730,N21,n,2.0NRT,2.97,N,0.46,0.47,,,,,,firms,VIIRS,VIIRS_NOAA21_NRT
3.28922,113.09213,2025-06-28,1730,N21,n,2.0NRT,1.71,N,0.46,0.47,,,,,,firms,VIIRS,VIIRS_NOAA21_NRT
3.28986,113.088,2025-06-28,1730,N21,n,2.0NRT,1.71,N,0.46,0.47,,,,,,firms,VIIRS,VIIRS_NOAA21_NRT
3.29183,113.09237,2025-06-28,1730,N21,n,2.0NRT,3.79,N,0.46,0.47,,,,,,firms,VIIRS,VIIRS_NOAA21_NRT
3.52349,113.31431,2025-06-28,1730,N21,n,2.0NRT,3.12,N,0.45,0.47,,,,,,firms,VIIRS,VIIRS_NOAA21_NRT
3.53633,113.34457,2025-06-28,1730,N21,n,2.0NRT,2.17,N,0.44,0.46,,,,,,firms,VIIRS,VIIRS_NOAA21_NRT
3.54422,113.34982,2025-06-28,1730,N21,n,2.0NRT,2.06,N,0.44,0.46,,,,,,firms,VIIRS,VIIRS_NOAA21_NRT
3.62742,112.67872,2025-06-28,1730,N21,n,2.0NRT,2.24,N,0.49,0.49,,,,,,firms,VIIRS,VIIRS_NOAA21_NRT
3.98742,113.83159,2025-06-28,1730,N21,n,2.0NRT,1.19,N,0.42,0.45,,,,,,firms,VIIRS,VIIRS_NOAA21_NRT
4.54028,114.12083,2025-06-28,1730,N21,n,2.0NRT,0.81,N,0.41,0.45,,,,,,firms,VIIRS,VIIRS_NOAA21_NRT
4.67577,113.85804,2025-06-28,1730,N21,n,2.0NRT,3.26,N,0.43,0.46,,,,,,firms,VIIRS,VIIRS_NOAA21_NRT
4.67634,113.85422,2025-06-28,1730,N21,n,2.0NRT,3.7,N,0.43,0.46,,,,,,firms,VIIRS,VIIRS_NOAA21_NRT
4.73908,113.72851,2025-06-28,1730,N21,n,2.0NRT,1.71,N,0.44,0.46,,,,,,firms,VIIRS,VIIRS_NOAA21_NRT
4.73965,113.7246,2025-06-28,1730,N21,n,2.0NRT,1.71,N,0.44,0.46,,,,,,firms,VIIRS,VIIRS_NOAA21_NRT
4.97863,112.9797,2025-06-28,1730,N21,n,2.0NRT,9.25,N,0.49,0.49,,,,,,firms,VIIRS,VIIRS_NOAA21_NRT
5.24588,115.23794,2025-06-28,1730,N21,n,2.0NRT,3.32,N,0.54,0.42,,,,,,firms,VIIRS,VIIRS_NOAA21_NRT
5.43048,114.71114,2025-06-28,1730,N21,n,2.0NRT,1.96,N,0.39,0.44,,,,,,firms,VIIRS,VIIRS_NOAA21_NRT
5.6199,114.89228,2025-06-28,1730,N21,n,2.0NRT,2.72,N,0.57,0.43,,,,,,firms,VIIRS,VIIRS_NOAA21_NRT
5.62067,114.8872,2025-06-28,1730,N21,n,2.0NRT,2.72,N,0.57,0.43,,,,,,firms,VIIRS,VIIRS_NOAA21_NRT
5.876,114.29675,2025-06-28,1730,N21,n,2.0NRT,0.96,N,0.42,0.45,,,,,,firms,VIIRS,VIIRS_NOAA21_NRT
-2.06936,104.06841,2025-06-28,1732,N21,n,2.0NRT,3.65,N,0.79,0.78,,,,,,firms,VIIRS,VIIRS_NOAA21_NRT
-2.06271,115.57144,2025-06-28,1732,N21,n,2.0NRT,1.37,N,0.43,0.38,,,,,,firms,VIIRS,VIIRS_NOAA21_NRT
-1.89423,115.86353,2025-06-28,1732,N21,n,2.0NRT,2.19,N,0.42,0.38,,,,,,firms,VIIRS,VIIRS_NOAA21_NRT
-1.8908,115.86407,2025-06-28,1732,N21,n,2.0NRT,2.19,N,0.42,0.38,,,,,,firms,VIIRS,VIIRS_NOAA21_NRT
-1.56417,127.42847,2025-06-28,1732,N21,n,2.0NRT,2.19,N,0.39,0.6,,,,,,firms,VIIRS,VIIRS_NOAA21_NRT
-1.53321,127.42084,2025-06-28,1732,N21,n,2.0NRT,1.95,N,0.39,0.59,,,,,,firms,VIIRS,VIIRS_NOAA21_NRT
-1.53007,127.42316,2025-06-28,1732,N21,n,2.0NRT,0.99,N,0.39,0.6,,,,,,firms,VIIRS,VIIRS_NOAA21_NRT
-1.52958,127.41987,2025-06-28,1732,N21,n,2.0NRT,1.45,N,0.39,0.6,,,,,,firms,VIIRS,VIIRS_NOAA21_NRT
-1.4579,127.43642,2025-06-28,1732,N21,h,2.0NRT,11.53,N,0.39,0.6,,,,,,firms,VIIRS,VIIRS_NOAA21_NRT
-0.8476,117.26553,2025-06-28,1732,N21,n,2.0NRT,1.32,N,0.39,0.36,,,,,,firms,VIIRS,VIIRS_NOAA21_NRT
0.64568,117.5523,2025-06-28,1732,N21,n,2.0NRT,1.37,N,0.39,0.36,,,,,,firms,VIIRS,VIIRS_NOAA21_NRT
-8.5778,122.15486,2025-06-28,1734,N21,n,2.0NRT,2.04,N,0.43,0.46,,,,,,firms,VIIRS,VIIRS_NOAA21_NRT
-8.5696,118.74139,2025-06-28,1734,N21,n,2.0NRT,0.97,N,0.43,0.38,,,,,,firms,VIIRS,VIIRS_NOAA21_NRT
-8.52454,125.78712,2025-06-28,1734,N21,n,2.0NRT,0.91,N,0.38,0.59,,,,,,firms,VIIRS,VIIRS_NOAA21_NRT
-8.51928,125.78892,2025-06-28,1734,N21,n,2.0NRT,1.07,N,0.38,0.59,,,,,,firms,VIIRS,VIIRS_NOAA21_NRT
-8.51886,125.78571,2025-06-28,1734,N21,n,2.0NRT,1.39,N,0.38,0.59,,,,,,firms,VIIRS,VIIRS_NOAA21_NRT
-8.51445,125.79393,2025-06-28,1734,N21,n,2.0NRT,1.07,N,0.38,0.59,,,,,,firms,VIIRS,VIIRS_NOAA21_NRT
-8.47843,118.34297,2025-06-28,1734,N21,n,2.0NRT,1.36,N,0.41,0.37,,,,,,firms,VIIRS,VIIRS_NOAA21_NRT
-8.47266,118.37387,2025-06-28,1734,N21,n,2.0NRT,1.02,N,0.41,0.37,,,,,,firms,VIIRS,VIIRS_NOAA21_NRT
-8.34484,120.42521,2025-06-28,1734,N21,n,2.0NRT,1.11,N,0.51,0.41,,,,,,firms,VIIRS,VIIRS_NOAA21_NRT
-8.27595,118.44141,2025-06-28,1734,N21,n,2.0NRT,1.05,N,0.41,0.37,,,,,,firms,VIIRS,VIIRS_NOAA21_NRT
-8.27503,123.51414,2025-06-28,1734,N21,n,2.0NRT,11.32,N,0.53,0.5,,,,,,firms,VIIRS,VIIRS_NOAA21_NRT
-8.27472,123.51044,2025-06-28,1734,N21,n,2.0NRT,12.61,N,0.53,0.5,,,,,,firms,VIIRS,VIIRS_NOAA21_NRT
-8.2741,123.50752,2025-06-28,1734,N21,n,2.0NRT,18.03,N,0.53,0.5,,,,,,firms,VIIRS,VIIRS_NOAA21_NRT
-8.27396,123.50467,2025-06-28,1734,N21,n,2.0NRT,12.61,N,0.53,0.5,,,,,,firms,VIIRS,VIIRS_NOAA21_NRT
-8.11302,112.92487,2025-06-28,1734,N21,n,2.0NRT,1.17,N,0.49,0.4,,,,,,firms,VIIRS,VIIRS_NOAA21_NRT
-7.602,111.36024,2025-06-28,1734,N21,n,2.0NRT,1.19,N,0.41,0.45,,,,,,firms,VIIRS,VIIRS_NOAA21_NRT
-7.60151,111.36044,2025-06-28,1734,N21,n,2.0NRT,1.14,N,0.41,0.45,,,,,,firms,VIIRS,VIIRS_NOAA21_NRT
-7.26321,112.49623,2025-06-28,1734,N21,n,2.0NRT,0.3,N,0.53,0.42,,,,,,firms,VIIRS,VIIRS_NOAA21_NRT
-7.24272,111.7337,2025-06-28,1734,N21,n,2.0NRT,0.69,N,0.39,0.44,,,,,,firms,VIIRS,VIIRS_NOAA21_NRT
-7.2387,111.73435,2025-06-28,1734,N21,n,2.0NRT,0.69,N,0.39,0.44,,,,,,firms,VIIRS,VIIRS_NOAA21_NRT
-6.55067,108.0935,2025-06-28,1734,N21,n,2.0NRT,1.11,N,0.35,0.57,,,,,,firms,VIIRS,VIIRS_NOAA21_NRT
-6.54547,108.09435,2025-06-28,1734,N21,n,2.0NRT,1.11,N,0.35,0.57,,,,,,firms,VIIRS,VIIRS_NOAA21_NRT
-6.24626,107.49537,2025-06-28,1734,N21,n,2.0NRT,0.63,N,0.39,0.59,,,,,,firms,VIIRS,VIIRS_NOAA21_NRT
-1.57782,103.69808,2025-06-28,1913,N21,n,2.0NRT,0.94,N,0.51,0.66,,,,,,firms,VIIRS,VIIRS_NOAA21_NRT
-1.57039,103.68998,2025-06-28,1913,N21,n,2.0NRT,1.1,N,0.51,0.66,,,,,,firms,VIIRS,VIIRS_NOAA21_NRT
-1.56505,103.69551,2025-06-28,1913,N21,n,2.0NRT,1.05,N,0.51,0.66,,,,,,firms,VIIRS,VIIRS_NOAA21_NRT
2.74479,98.90427,2025-06-28,1913,N21,n,2.0NRT,0.66,N,0.41,0.45,,,,,,firms,VIIRS,VIIRS_NOAA21_NRT
-8.50151,126.40144,2025-06-29,427,N21,n,2.0NRT,3.66,D,0.36,0.57,,,,,,firms,VIIRS,VIIRS_NOAA21_NRT
-8.50147,126.40071,2025-06-29,427,N21,n,2.0NRT,3.87,D,0.36,0.57,,,,,,firms,VIIRS,VIIRS_NOAA21_NRT
-8.34451,123.98262,2025-06-29,429,N21,n,2.0NRT,6.66,D,0.53,0.67,,,,,,firms,VIIRS,VIIRS_NOAA21_NRT
-8.27532,123.49693,2025-06-29,429,N21,n,2.0NRT,15.58,D,0.57,0.69,,,,,,firms,VIIRS,VIIRS_NOAA21_NRT
-8.23965,125.55397,2025-06-29,429,N21,n,2.0NRT,7.13,D,0.41,0.61,,,,,,firms,VIIRS,VIIRS_NOAA21_NRT
-7.65378,126.37601,2025-06-29,429,N21,n,2.0NRT,6.84,D,0.35,0.57,,,,,,firms,VIIRS,VIIRS_NOAA21_NRT
-7.6533,126.37963,2025-06-29,429,N21,n,2.0NRT,5.89,D,0.35,0.57,,,,,,firms,VIIRS,VIIRS_NOAA21_NRT
-7.65235,126.37678,2025-06-29,429,N21,n,2.0NRT,4.85,D,0.35,0.57,,,,,,firms,VIIRS,VIIRS_NOAA21_NRT
-7.65189,126.38008,2025-06-29,429,N21,n,2.0NRT,4.85,D,0.35,0.57,,,,,,firms,VIIRS,VIIRS_NOAA21_NRT
-7.64813,126.37869,2025-06-29,429,N21,n,2.0NRT,5.89,D,0.35,0.57,,,,,,firms,VIIRS,VIIRS_NOAA21_NRT
-3.6413,138.4337,2025-06-29,429,N21,n,2.0NRT,3.75,D,0.53,0.42,,,,,,firms,VIIRS,VIIRS_NOAA21_NRT
-3.63741,138.43356,2025-06-29,429,N21,n,2.0NRT,3.75,D,0.53,0.42,,,,,,firms,VIIRS,VIIRS_NOAA21_NRT
-2.80704,129.49294,2025-06-29,429,N21,n,2.0NRT,5.13,D,0.56,0.43,,,,,,firms,VIIRS,VIIRS_NOAA21_NRT
-1.81762,136.74968,2025-06-29,429,N21,n,2.0NRT,7.52,D,0.45,0.39,,,,,,firms,VIIRS,VIIRS_NOAA21_NRT
-1.41427,132.37465,2025-06-29,429,N21,n,2.0NRT,2.38,D,0.4,0.37,,,,,,firms,VIIRS,VIIRS_NOAA21_NRT
-0.85869,132.92134,2025-06-29,432,N21,n,2.0NRT,3.36,D,0.39,0.36,,,,,,firms,VIIRS,VIIRS_NOAA21_NRT
-0.79681,133.59418,2025-06-29,432,N21,n,2.0NRT,32.7,D,0.38,0.36,,,,,,firms,VIIRS,VIIRS_NOAA21_NRT
0.48087,128.00119,2025-06-29,432,N21,n,2.0NRT,5.87,D,0.41,0.45,,,,,,firms,VIIRS,VIIRS_NOAA21_NRT
0.48323,127.98949,2025-06-29,432,N21,n,2.0NRT,9.65,D,0.41,0.45,,,,,,firms,VIIRS,VIIRS_NOAA21_NRT
0.48678,127.98533,2025-06-29,432,N21,n,2.0NRT,4.58,D,0.41,0.45,,,,,,firms,VIIRS,VIIRS_NOAA21_NRT
0.74895,124.30473,2025-06-29,432,N21,n,2.0NRT,2.48,D,0.37,0.58,,,,,,firms,VIIRS,VIIRS_NOAA21_NRT
-9.42034,119.63203,2025-06-29,610,N21,n,2.0NRT,5.36,D,0.38,0.59,,,,,,firms,VIIRS,VIIRS_NOAA21_NRT
-8.54673,118.33428,2025-06-29,610,N21,n,2.0NRT,1.75,D,0.32,0.55,,,,,,firms,VIIRS,VIIRS_NOAA21_NRT
-8.41237,119.32122,2025-06-29,610,N21,n,2.0NRT,2.87,D,0.38,0.59,,,,,,firms,VIIRS,VIIRS_NOAA21_NRT
-8.34889,118.68362,2025-06-29,610,N21,n,2.0NRT,4.98,D,0.34,0.56,,,,,,firms,VIIRS,VIIRS_NOAA21_NRT
-8.34681,118.68449,2025-06-29,610,N21,n,2.0NRT,4.28,D,0.34,0.56,,,,,,firms,VIIRS,VIIRS_NOAA21_NRT
-8.26826,123.41571,2025-06-29,610,N21,n,2.0NRT,10.73,D,0.72,0.76,,,,,,firms,VIIRS,VIIRS_NOAA21_NRT
-8.26279,123.407,2025-06-29,610,N21,n,2.0NRT,10.73,D,0.72,0.76,,,,,,firms,VIIRS,VIIRS_NOAA21_NRT
-8.15291,113.37275,2025-06-29,610,N21,n,2.0NRT,6.49,D,0.48,0.4,,,,,,firms,VIIRS,VIIRS_NOAA21_NRT
-7.58004,111.41997,2025-06-29,610,N21,n,2.0NRT,3.05,D,0.41,0.37,,,,,,firms,VIIRS,VIIRS_NOAA21_NRT
-7.54064,112.16086,2025-06-29,610,N21,n,2.0NRT,4.2,D,0.43,0.38,,,,,,firms,VIIRS,VIIRS_NOAA21_NRT
-6.76205,111.96411,2025-06-29,610,N21,n,2.0NRT,3.5,D,0.43,0.38,,,,,,firms,VIIRS,VIIRS_NOAA21_NRT
-3.32611,101.96134,2025-06-29,612,N21,n,2.0NRT,3.55,D,0.52,0.5,,,,,,firms,VIIRS,VIIRS_NOAA21_NRT
-3.09646,103.56688,2025-06-29,612,N21,n,2.0NRT,5.72,D,0.4,0.44,,,,,,firms,VIIRS,VIIRS_NOAA21_NRT
-3.09593,103.57046,2025-06-29,612,N21,n,2.0NRT,5.72,D,0.4,0.44,,,,,,firms,VIIRS,VIIRS_NOAA21_NRT
-3.04559,103.32384,2025-06-29,612,N21,n,2.0NRT,4.82,D,0.42,0.45,,,,,,firms,VIIRS,VIIRS_NOAA21_NRT
-3.04388,103.58501,2025-06-29,612,N21,n,2.0NRT,9.76,D,0.4,0.44,,,,,,firms,VIIRS,VIIRS_NOAA21_NRT
-3.04336,103.58861,2025-06-29,612,N21,n,2.0NRT,23.77,D,0.4,0.44,,,,,,firms,VIIRS,VIIRS_NOAA21_NRT
-3.04283,103.59222,2025-06-29,612,N21,l,2.0NRT,23.77,D,0.4,0.44,,,,,,firms,VIIRS,VIIRS_NOAA21_NRT
-3.04231,103.59583,2025-06-29,612,N21,n,2.0NRT,44.55,D,0.4,0.44,,,,,,firms,VIIRS,VIIRS_NOAA21_NRT
-3.03877,103.59163,2025-06-29,612,N21,n,2.0NRT,45.91,D,0.4,0.44,,,,,,firms,VIIRS,VIIRS_NOAA21_NRT
-3.03837,103.59172,2025-06-29,612,N21,n,2.0NRT,39.97,D,0.4,0.44,,,,,,firms,VIIRS,VIIRS_NOAA21_NRT
-3.03824,103.59524,2025-06-29,612,N21,n,2.0NRT,11.37,D,0.4,0.44,,,,,,firms,VIIRS,VIIRS_NOAA21_NRT
-3.00733,103.83505,2025-06-29,612,N21,n,2.0NRT,15.9,D,0.39,0.44,,,,,,firms,VIIRS,VIIRS_NOAA21_NRT
-3.00683,103.83852,2025-06-29,612,N21,n,2.0NRT,15.9,D,0.39,0.44,,,,,,firms,VIIRS,VIIRS_NOAA21_NRT
-3.00383,103.76349,2025-06-29,612,N21,n,2.0NRT,2.12,D,0.39,0.44,,,,,,firms,VIIRS,VIIRS_NOAA21_NRT
-2.98766,103.31551,2025-06-29,612,N21,n,2.0NRT,4.25,D,0.42,0.45,,,,,,firms,VIIRS,VIIRS_NOAA21_NRT
-2.84182,102.98221,2025-06-29,612,N21,n,2.0NRT,13.77,D,0.44,0.46,,,,,,firms,VIIRS,VIIRS_NOAA21_NRT
-1.54974,103.81695,2025-06-29,612,N21,n,2.0NRT,5.72,D,0.56,0.43,,,,,,firms,VIIRS,VIIRS_NOAA21_NRT
-1.5236,103.88377,2025-06-29,612,N21,n,2.0NRT,4.81,D,0.55,0.43,,,,,,firms,VIIRS,VIIRS_NOAA21_NRT
0.34331,109.32478,2025-06-29,612,N21,n,2.0NRT,14.06,D,0.4,0.37,,,,,,firms,VIIRS,VIIRS_NOAA21_NRT
0.37158,109.26225,2025-06-29,612,N21,n,2.0NRT,71.69,D,0.4,0.37,,,,,,firms,VIIRS,VIIRS_NOAA21_NRT
0.07879,100.66132,2025-06-29,614,N21,n,2.0NRT,7.58,D,0.57,0.52,,,,,,firms,VIIRS,VIIRS_NOAA21_NRT
0.08037,100.66288,2025-06-29,614,N21,n,2.0NRT,11.54,D,0.57,0.52,,,,,,firms,VIIRS,VIIRS_NOAA21_NRT
0.72962,103.42758,2025-06-29,614,N21,n,2.0NRT,1.86,D,0.55,0.42,,,,,,firms,VIIRS,VIIRS_NOAA21_NRT
1.37793,104.15539,2025-06-29,614,N21,n,2.0NRT,6.17,D,0.49,0.4,,,,,,firms,VIIRS,VIIRS_NOAA21_NRT
1.3786,104.15975,2025-06-29,614,N21,n,2.0NRT,5.56,D,0.49,0.4,,,,,,firms,VIIRS,VIIRS_NOAA21_NRT
1.8239,98.63939,2025-06-29,614,N21,n,2.0NRT,46.99,D,0.37,0.58,,,,,,firms,VIIRS,VIIRS_NOAA21_NRT
1.82444,98.64265,2025-06-29,614,N21,h,2.0NRT,56.82,D,0.37,0.58,,,,,,firms,VIIRS,VIIRS_NOAA21_NRT
1.82506,98.64323,2025-06-29,614,N21,h,2.0NRT,54.74,D,0.37,0.58,,,,,,firms,VIIRS,VIIRS_NOAA21_NRT
1.82657,98.65556,2025-06-29,614,N21,n,2.0NRT,12.52,D,0.37,0.58,,,,,,firms,VIIRS,VIIRS_NOAA21_NRT
1.8271,98.65617,2025-06-29,614,N21,h,2.0NRT,13.91,D,0.37,0.58,,,,,,firms,VIIRS,VIIRS_NOAA21_NRT
1.82965,109.44001,2025-06-29,614,N21,n,2.0NRT,11.47,D,0.41,0.37,,,,,,firms,VIIRS,VIIRS_NOAA21_NRT
1.95551,98.65319,2025-06-29,614,N21,h,2.0NRT,8.39,D,0.37,0.58,,,,,,firms,VIIRS,VIIRS_NOAA21_NRT
2.03971,98.63937,2025-06-29,614,N21,h,2.0NRT,8.56,D,0.37,0.58,,,,,,firms,VIIRS,VIIRS_NOAA21_NRT
2.03974,98.64013,2025-06-29,614,N21,n,2.0NRT,11.8,D,0.37,0.58,,,,,,firms,VIIRS,VIIRS_NOAA21_NRT
2.04006,99.32817,2025-06-29,614,N21,n,2.0NRT,3.07,D,0.33,0.55,,,,,,firms,VIIRS,VIIRS_NOAA21_NRT
2.04031,99.32755,2025-06-29,614,N21,n,2.0NRT,3.35,D,0.33,0.55,,,,,,firms,VIIRS,VIIRS_NOAA21_NRT
2.06408,99.38053,2025-06-29,614,N21,n,2.0NRT,4.8,D,0.32,0.55,,,,,,firms,VIIRS,VIIRS_NOAA21_NRT
2.06909,99.37981,2025-06-29,614,N21,h,2.0NRT,25.14,D,0.32,0.55,,,,,,firms,VIIRS,VIIRS_NOAA21_NRT
2.18147,114.0294,2025-06-29,614,N21,n,2.0NRT,5.29,D,0.49,0.49,,,,,,firms,VIIRS,VIIRS_NOAA21_NRT
2.19856,98.91635,2025-06-29,614,N21,n,2.0NRT,6.85,D,0.35,0.57,,,,,,firms,VIIRS,VIIRS_NOAA21_NRT
2.23913,98.77436,2025-06-29,614,N21,n,2.0NRT,6.89,D,0.36,0.57,,,,,,firms,VIIRS,VIIRS_NOAA21_NRT
2.23964,98.77757,2025-06-29,614,N21,n,2.0NRT,6.47,D,0.36,0.57,,,,,,firms,VIIRS,VIIRS_NOAA21_NRT
2.25641,98.34839,2025-06-29,614,N21,n,2.0NRT,5.28,D,0.38,0.59,,,,,,firms,VIIRS,VIIRS_NOAA21_NRT
2.25769,98.88988,2025-06-29,614,N21,n,2.0NRT,4.82,D,0.35,0.57,,,,,,firms,VIIRS,VIIRS_NOAA21_NRT
2.2748,98.9637,2025-06-29,614,N21,n,2.0NRT,2.6,D,0.35,0.56,,,,,,firms,VIIRS,VIIRS_NOAA21_NRT
2.27528,98.96673,2025-06-29,614,N21,n,2.0NRT,2.6,D,0.34,0.56,,,,,,firms,VIIRS,VIIRS_NOAA21_NRT
2.27723,99.33138,2025-06-29,614,N21,n,2.0NRT,2.79,D,0.32,0.55,,,,,,firms,VIIRS,VIIRS_NOAA21_NRT
2.29447,99.34281,2025-06-29,614,N21,n,2.0NRT,1.93,D,0.32,0.55,,,,,,firms,VIIRS,VIIRS_NOAA21_NRT
2.29788,98.34632,2025-06-29,614,N21,n,2.0NRT,4.0,D,0.38,0.59,,,,,,firms,VIIRS,VIIRS_NOAA21_NRT
2.30216,98.82529,2025-06-29,614,N21,h,2.0NRT,6.69,D,0.35,0.57,,,,,,firms,VIIRS,VIIRS_NOAA21_NRT
2.30704,98.82272,2025-06-29,614,N21,n,2.0NRT,6.69,D,0.35,0.57,,,,,,firms,VIIRS,VIIRS_NOAA21_NRT
2.31608,99.28596,2025-06-29,614,N21,n,2.0NRT,6.85,D,0.33,0.55,,,,,,firms,VIIRS,VIIRS_NOAA21_NRT
2.31652,99.2887,2025-06-29,614,N21,n,2.0NRT,6.75,D,0.33,0.55,,,,,,firms,VIIRS,VIIRS_NOAA21_NRT
2.42227,102.20729,2025-06-29,614,N21,l,2.0NRT,3.76,D,0.41,0.45,,,,,,firms,VIIRS,VIIRS_NOAA21_NRT
2.60328,113.118,2025-06-29,614,N21,n,2.0NRT,5.33,D,0.43,0.46,,,,,,firms,VIIRS,VIIRS_NOAA21_NRT
3.19534,97.28459,2025-06-29,614,N21,n,2.0NRT,5.76,D,0.44,0.62,,,,,,firms,VIIRS,VIIRS_NOAA21_NRT
3.20357,103.06959,2025-06-29,614,N21,n,2.0NRT,5.79,D,0.53,0.42,,,,,,firms,VIIRS,VIIRS_NOAA21_NRT
3.20664,103.06422,2025-06-29,614,N21,n,2.0NRT,11.89,D,0.53,0.42,,,,,,firms,VIIRS,VIIRS_NOAA21_NRT
3.22967,113.65965,2025-06-29,614,N21,n,2.0NRT,5.65,D,0.48,0.48,,,,,,firms,VIIRS,VIIRS_NOAA21_NRT
3.23031,113.66393,2025-06-29,614,N21,n,2.0NRT,8.05,D,0.48,0.48,,,,,,firms,VIIRS,VIIRS_NOAA21_NRT
3.28683,113.08661,2025-06-29,614,N21,n,2.0NRT,4.22,D,0.44,0.46,,,,,,firms,VIIRS,VIIRS_NOAA21_NRT
3.28685,113.08643,2025-06-29,614,N21,n,2.0NRT,5.13,D,0.44,0.46,,,,,,firms,VIIRS,VIIRS_NOAA21_NRT
3.64803,113.41631,2025-06-29,614,N21,n,2.0NRT,32.06,D,0.47,0.48,,,,,,firms,VIIRS,VIIRS_NOAA21_NRT
3.64866,113.42051,2025-06-29,614,N21,n,2.0NRT,32.06,D,0.47,0.48,,,,,,firms,VIIRS,VIIRS_NOAA21_NRT
3.65238,113.41565,2025-06-29,614,N21,n,2.0NRT,34.95,D,0.47,0.48,,,,,,firms,VIIRS,VIIRS_NOAA21_NRT
3.6538,113.41587,2025-06-29,614,N21,n,2.0NRT,7.14,D,0.47,0.48,,,,,,firms,VIIRS,VIIRS_NOAA21_NRT
4.87866,101.15455,2025-06-29,614,N21,n,2.0NRT,5.04,D,0.44,0.46,,,,,,firms,VIIRS,VIIRS_NOAA21_NRT
4.97774,115.65382,2025-06-29,614,N21,n,2.0NRT,4.0,D,0.35,0.57,,,,,,firms,VIIRS,VIIRS_NOAA21_NRT
4.98055,112.98319,2025-06-29,614,N21,n,2.0NRT,8.46,D,0.46,0.47,,,,,,firms,VIIRS,VIIRS_NOAA21_NRT
5.05626,96.76717,2025-06-29,614,N21,n,2.0NRT,3.72,D,0.44,0.62,,,,,,firms,VIIRS,VIIRS_NOAA21_NRT
5.11865,116.09171,2025-06-29,614,N21,n,2.0NRT,3.57,D,0.38,0.59,,,,,,firms,VIIRS,VIIRS_NOAA21_NRT
5.12047,116.09071,2025-06-29,614,N21,n,2.0NRT,3.74,D,0.38,0.59,,,,,,firms,VIIRS,VIIRS_NOAA21_NRT
5.14377,116.23523,2025-06-29,614,N21,n,2.0NRT,3.66,D,0.39,0.59,,,,,,firms,VIIRS,VIIRS_NOAA21_NRT
5.23154,101.16327,2025-06-29,614,N21,n,2.0NRT,6.09,D,0.44,0.46,,,,,,firms,VIIRS,VIIRS_NOAA21_NRT
5.24892,116.39236,2025-06-29,614,N21,h,2.0NRT,25.95,D,0.4,0.6,,,,,,firms,VIIRS,VIIRS_NOAA21_NRT
5.28915,100.76716,2025-06-29,614,N21,n,2.0NRT,3.41,D,0.46,0.47,,,,,,firms,VIIRS,VIIRS_NOAA21_NRT
5.45114,117.73709,2025-06-29,614,N21,n,2.0NRT,5.58,D,0.5,0.65,,,,,,firms,VIIRS,VIIRS_NOAA21_NRT
5.45393,117.73763,2025-06-29,614,N21,n,2.0NRT,3.16,D,0.5,0.66,,,,,,firms,VIIRS,VIIRS_NOAA21_NRT
5.60984,116.30865,2025-06-29,614,N21,h,2.0NRT,14.86,D,0.4,0.6,,,,,,firms,VIIRS,VIIRS_NOAA21_NRT
-1.56394,127.42709,2025-06-29,1711,N21,n,2.0NRT,3.15,N,0.56,0.43,,,,,,firms,VIIRS,VIIRS_NOAA21_NRT
-1.46069,127.43549,2025-06-29,1711,N21,n,2.0NRT,1.84,N,0.56,0.43,,,,,,firms,VIIRS,VIIRS_NOAA21_NRT
-1.45678,127.43618,2025-06-29,1711,N21,n,2.0NRT,6.12,N,0.56,0.43,,,,,,firms,VIIRS,VIIRS_NOAA21_NRT
-0.13941,117.36755,2025-06-29,1711,N21,n,2.0NRT,0.54,N,0.44,0.46,,,,,,firms,VIIRS,VIIRS_NOAA21_NRT
0.61145,117.44266,2025-06-29,1711,N21,n,2.0NRT,2.61,N,0.45,0.47,,,,,,firms,VIIRS,VIIRS_NOAA21_NRT
0.61177,117.4435,2025-06-29,1711,N21,n,2.0NRT,2.35,N,0.44,0.46,,,,,,firms,VIIRS,VIIRS_NOAA21_NRT
0.67138,117.53238,2025-06-29,1711,N21,n,2.0NRT,1.85,N,0.44,0.46,,,,,,firms,VIIRS,VIIRS_NOAA21_NRT
0.68945,117.55497,2025-06-29,1711,N21,n,2.0NRT,1.42,N,0.44,0.46,,,,,,firms,VIIRS,VIIRS_NOAA21_NRT
1.49534,127.63684,2025-06-29,1711,N21,n,2.0NRT,1.97,N,0.53,0.42,,,,,,firms,VIIRS,VIIRS_NOAA21_NRT
1.69877,127.877,2025-06-29,1711,N21,n,2.0NRT,1.28,N,0.54,0.42,,,,,,firms,VIIRS,VIIRS_NOAA21_NRT
2.77865,125.40737,2025-06-29,1711,N21,n,2.0NRT,1.32,N,0.41,0.37,,,,,,firms,VIIRS,VIIRS_NOAA21_NRT
2.78199,125.40809,2025-06-29,1711,N21,n,2.0NRT,1.32,N,0.41,0.37,,,,,,firms,VIIRS,VIIRS_NOAA21_NRT
5.11935,116.08893,2025-06-29,1711,N21,n,2.0NRT,1.73,N,0.32,0.55,,,,,,firms,VIIRS,VIIRS_NOAA21_NRT
-9.49212,120.15257,2025-06-29,1713,N21,n,2.0NRT,0.97,N,0.39,0.36,,,,,,firms,VIIRS,VIIRS_NOAA21_NRT
-8.74001,118.21985,2025-06-29,1713,N21,n,2.0NRT,0.96,N,0.45,0.39,,,,,,firms,VIIRS,VIIRS_NOAA21_NRT
-8.53819,122.76889,2025-06-29,1713,N21,n,2.0NRT,2.74,N,0.4,0.37,,,,,,firms,VIIRS,VIIRS_NOAA21_NRT
-8.53764,122.76531,2025-06-29,1713,N21,n,2.0NRT,1.61,N,0.4,0.37,,,,,,firms,VIIRS,VIIRS_NOAA21_NRT
-8.46775,121.97654,2025-06-29,1713,N21,n,2.0NRT,2.76,N,0.39,0.36,,,,,,firms,VIIRS,VIIRS_NOAA21_NRT
-8.46588,118.16667,2025-06-29,1713,N21,n,2.0NRT,1.13,N,0.46,0.39,,,,,,firms,VIIRS,VIIRS_NOAA21_NRT
-8.45846,118.3432,2025-06-29,1713,N21,n,2.0NRT,0.98,N,0.45,0.39,,,,,,firms,VIIRS,VIIRS_NOAA21_NRT
-8.41786,118.90033,2025-06-29,1713,N21,n,2.0NRT,0.38,N,0.43,0.38,,,,,,firms,VIIRS,VIIRS_NOAA21_NRT
-8.2797,118.53619,2025-06-29,1713,N21,n,2.0NRT,1.09,N,0.44,0.39,,,,,,firms,VIIRS,VIIRS_NOAA21_NRT
-8.11482,112.92317,2025-06-29,1713,N21,n,2.0NRT,6.51,N,0.33,0.55,,,,,,firms,VIIRS,VIIRS_NOAA21_NRT
-8.11432,112.9204,2025-06-29,1713,N21,n,2.0NRT,3.92,N,0.33,0.55,,,,,,firms,VIIRS,VIIRS_NOAA21_NRT
-8.10956,112.92266,2025-06-29,1713,N21,n,2.0NRT,3.92,N,0.33,0.55,,,,,,firms,VIIRS,VIIRS_NOAA21_NRT
-7.70558,113.97806,2025-06-29,1713,N21,n,2.0NRT,1.09,N,0.56,0.52,,,,,,firms,VIIRS,VIIRS_NOAA21_NRT
-7.70468,113.973,2025-06-29,1713,N21,n,2.0NRT,1.09,N,0.56,0.52,,,,,,firms,VIIRS,VIIRS_NOAA21_NRT
-7.70367,113.97662,2025-06-29,1713,N21,n,2.0NRT,3.4,N,0.56,0.52,,,,,,firms,VIIRS,VIIRS_NOAA21_NRT
-7.24128,111.73282,2025-06-29,1713,N21,n,2.0NRT,2.25,N,0.41,0.61,,,,,,firms,VIIRS,VIIRS_NOAA21_NRT
-7.18261,111.68977,2025-06-29,1713,N21,n,2.0NRT,0.63,N,0.41,0.61,,,,,,firms,VIIRS,VIIRS_NOAA21_NRT
-7.18206,111.6897,2025-06-29,1713,N21,n,2.0NRT,0.79,N,0.41,0.61,,,,,,firms,VIIRS,VIIRS_NOAA21_NRT
-6.76467,111.95973,2025-06-29,1713,N21,n,2.0NRT,3.11,N,0.4,0.6,,,,,,firms,VIIRS,VIIRS_NOAA21_NRT
-3.02516,113.75451,2025-06-29,1713,N21,n,2.0NRT,1.11,N,0.35,0.57,,,,,,firms,VIIRS,VIIRS_NOAA21_NRT
-3.02379,113.75719,2025-06-29,1713,N21,n,2.0NRT,1.02,N,0.35,0.57,,,,,,firms,VIIRS,VIIRS_NOAA21_NRT
-2.21228,115.50137,2025-06-29,1713,N21,n,2.0NRT,3.49,N,0.55,0.51,,,,,,firms,VIIRS,VIIRS_NOAA21_NRT
-2.21151,115.49648,2025-06-29,1713,N21,n,2.0NRT,3.49,N,0.55,0.51,,,,,,firms,VIIRS,VIIRS_NOAA21_NRT
-2.21063,115.49941,2025-06-29,1713,N21,n,2.0NRT,5.77,N,0.54,0.51,,,,,,firms,VIIRS,VIIRS_NOAA21_NRT
-2.17136,115.57242,2025-06-29,1713,N21,n,2.0NRT,1.8,N,0.54,0.51,,,,,,firms,VIIRS,VIIRS_NOAA21_NRT
-2.06307,115.57184,2025-06-29,1713,N21,n,2.0NRT,1.28,N,0.54,0.51,,,,,,firms,VIIRS,VIIRS_NOAA21_NRT
-1.89413,115.86623,2025-06-29,1713,N21,n,2.0NRT,5.86,N,0.52,0.5,,,,,,firms,VIIRS,VIIRS_NOAA21_NRT
-1.88958,115.86696,2025-06-29,1713,N21,n,2.0NRT,1.27,N,0.52,0.5,,,,,,firms,VIIRS,VIIRS_NOAA21_NRT
-1.51691,114.39343,2025-06-29,1713,N21,n,2.0NRT,0.77,N,0.33,0.56,,,,,,firms,VIIRS,VIIRS_NOAA21_NRT
-1.28908,114.76259,2025-06-29,1713,N21,n,2.0NRT,1.24,N,0.63,0.54,,,,,,firms,VIIRS,VIIRS_NOAA21_NRT
-1.19717,114.73565,2025-06-29,1713,N21,n,2.0NRT,0.82,N,0.32,0.55,,,,,,firms,VIIRS,VIIRS_NOAA21_NRT
-10.09698,120.70798,2025-06-29,1715,N21,n,2.0NRT,0.92,N,0.38,0.36,,,,,,firms,VIIRS,VIIRS_NOAA21_NRT
-10.09368,120.70851,2025-06-29,1715,N21,n,2.0NRT,0.92,N,0.38,0.36,,,,,,firms,VIIRS,VIIRS_NOAA21_NRT
-10.09314,120.70503,2025-06-29,1715,N21,n,2.0NRT,1.75,N,0.38,0.36,,,,,,firms,VIIRS,VIIRS_NOAA21_NRT
-9.99219,120.82085,2025-06-29,1715,N21,n,2.0NRT,1.12,N,0.38,0.36,,,,,,firms,VIIRS,VIIRS_NOAA21_NRT
2.23049,99.37233,2025-06-29,1851,N21,n,2.0NRT,1.8,N,0.39,0.36,,,,,,firms,VIIRS,VIIRS_NOAA21_NRT
2.26521,102.12756,2025-06-29,1851,N21,n,2.0NRT,2.13,N,0.5,0.41,,,,,,firms,VIIRS,VIIRS_NOAA21_NRT
2.67852,97.79315,2025-06-29,1851,N21,n,2.0NRT,1.81,N,0.39,0.36,,,,,,firms,VIIRS,VIIRS_NOAA21_NRT
2.73855,102.39344,2025-06-29,1851,N21,n,2.0NRT,1.79,N,0.52,0.41,,,,,,firms,VIIRS,VIIRS_NOAA21_NRT
2.86531,101.87576,2025-06-29,1851,N21,n,2.0NRT,0.93,N,0.48,0.4,,,,,,firms,VIIRS,VIIRS_NOAA21_NRT
2.95272,101.86771,2025-06-29,1851,N21,n,2.0NRT,1.04,N,0.48,0.4,,,,,,firms,VIIRS,VIIRS_NOAA21_NRT
2.99095,98.14491,2025-06-29,1851,N21,n,2.0NRT,0.47,N,0.38,0.36,,,,,,firms,VIIRS,VIIRS_NOAA21_NRT
3.04318,98.09682,2025-06-29,1851,N21,n,2.0NRT,0.63,N,0.38,0.36,,,,,,firms,VIIRS,VIIRS_NOAA21_NRT
3.07643,98.18636,2025-06-29,1851,N21,n,2.0NRT,0.36,N,0.38,0.36,,,,,,firms,VIIRS,VIIRS_NOAA21_NRT
3.10979,97.99456,2025-06-29,1851,N21,n,2.0NRT,0.95,N,0.39,0.36,,,,,,firms,VIIRS,VIIRS_NOAA21_NRT
3.77392,98.66771,2025-06-29,1851,N21,n,2.0NRT,2.49,N,0.38,0.36,,,,,,firms,VIIRS,VIIRS_NOAA21_NRT
3.90824,97.36806,2025-06-29,1851,N21,n,2.0NRT,0.29,N,0.4,0.37,,,,,,firms,VIIRS,VIIRS_NOAA21_NRT
4.01261,97.09232,2025-06-29,1851,N21,n,2.0NRT,0.28,N,0.4,0.37,,,,,,firms,VIIRS,VIIRS_NOAA21_NRT
4.57544,103.44827,2025-06-29,1851,N21,n,2.0NRT,5.29,N,0.56,0.43,,,,,,firms,VIIRS,VIIRS_NOAA21_NRT
4.86822,97.51705,2025-06-29,1851,N21,n,2.0NRT,0.74,N,0.4,0.37,,,,,,firms,VIIRS,VIIRS_NOAA21_NRT
5.00742,96.81218,2025-06-29,1851,N21,n,2.0NRT,2.01,N,0.42,0.38,,,,,,firms,VIIRS,VIIRS_NOAA21_NRT
5.07162,96.53143,2025-06-29,1851,N21,n,2.0NRT,0.7,N,0.43,0.38,,,,,,firms,VIIRS,VIIRS_NOAA21_NRT
5.11788,96.41587,2025-06-29,1851,N21,n,2.0NRT,0.8,N,0.43,0.38,,,,,,firms,VIIRS,VIIRS_NOAA21_NRT
5.22596,96.89752,2025-06-29,1851,N21,n,2.0NRT,1.74,N,0.42,0.37,,,,,,firms,VIIRS,VIIRS_NOAA21_NRT
5.45088,95.24514,2025-06-29,1851,N21,n,2.0NRT,1.51,N,0.5,0.41,,,,,,firms,VIIRS,VIIRS_NOAA21_NRT
5.65192,100.517,2025-06-29,1851,N21,n,2.0NRT,1.04,N,0.4,0.37,,,,,,firms,VIIRS,VIIRS_NOAA21_NRT
5.83783,100.50179,2025-06-29,1851,N21,n,2.0NRT,0.73,N,0.4,0.37,,,,,,firms,VIIRS,VIIRS_NOAA21_NRT
-2.84483,102.97983,2025-06-29,1853,N21,n,2.0NRT,2.53,N,0.45,0.47,,,,,,firms,VIIRS,VIIRS_NOAA21_NRT
-2.84058,102.98048,2025-06-29,1853,N21,n,2.0NRT,1.56,N,0.45,0.47,,,,,,firms,VIIRS,VIIRS_NOAA21_NRT
-2.48675,103.13305,2025-06-29,1853,N21,n,2.0NRT,0.98,N,0.45,0.47,,,,,,firms,VIIRS,VIIRS_NOAA21_NRT
-1.57597,103.69833,2025-06-29,1853,N21,n,2.0NRT,0.87,N,0.48,0.48,,,,,,firms,VIIRS,VIIRS_NOAA21_NRT
-1.57405,103.6856,2025-06-29,1853,N21,n,2.0NRT,1.43,N,0.48,0.48,,,,,,firms,VIIRS,VIIRS_NOAA21_NRT
-1.57031,103.69054,2025-06-29,1853,N21,n,2.0NRT,1.3,N,0.48,0.48,,,,,,firms,VIIRS,VIIRS_NOAA21_NRT
-1.56219,103.69617,2025-06-29,1853,N21,n,2.0NRT,1.23,N,0.48,0.48,,,,,,firms,VIIRS,VIIRS_NOAA21_NRT
-1.56158,103.6952,2025-06-29,1853,N21,n,2.0NRT,0.96,N,0.48,0.48,,,,,,firms,VIIRS,VIIRS_NOAA21_NRT
-1.21817,103.41911,2025-06-29,1853,N21,n,2.0NRT,0.48,N,0.45,0.47,,,,,,firms,VIIRS,VIIRS_NOAA21_NRT
-1.21329,103.41575,2025-06-29,1853,N21,n,2.0NRT,0.88,N,0.45,0.47,,,,,,firms,VIIRS,VIIRS_NOAA21_NRT
-1.17479,103.35965,2025-06-29,1853,N21,n,2.0NRT,0.9,N,0.45,0.47,,,,,,firms,VIIRS,VIIRS_NOAA21_NRT
-1.17442,103.36047,2025-06-29,1853,N21,n,2.0NRT,0.94,N,0.45,0.47,,,,,,firms,VIIRS,VIIRS_NOAA21_NRT
-0.489,102.4768,2025-06-29,1853,N21,n,2.0NRT,0.86,N,0.38,0.43,,,,,,firms,VIIRS,VIIRS_NOAA21_NRT
0.7991,99.62936,2025-06-29,1853,N21,n,2.0NRT,0.59,N,0.41,0.37,,,,,,firms,VIIRS,VIIRS_NOAA21_NRT
1.37918,99.46528,2025-06-29,1853,N21,n,2.0NRT,0.34,N,0.4,0.37,,,,,,firms,VIIRS,VIIRS_NOAA21_NRT
1.47879,99.48112,2025-06-29,1853,N21,n,2.0NRT,2.21,N,0.4,0.37,,,,,,firms,VIIRS,VIIRS_NOAA21_NRT
1.75168,98.69403,2025-06-29,1853,N21,n,2.0NRT,1.89,N,0.39,0.36,,,,,,firms,VIIRS,VIIRS_NOAA21_NRT
1.8208,98.64133,2025-06-29,1853,N21,n,2.0NRT,1.36,N,0.39,0.36,,,,,,firms,VIIRS,VIIRS_NOAA21_NRT
1.82134,98.63789,2025-06-29,1853,N21,n,2.0NRT,1.36,N,0.39,0.36,,,,,,firms,VIIRS,VIIRS_NOAA21_NRT
1.91755,99.65028,2025-06-29,1853,N21,n,2.0NRT,1.19,N,0.4,0.37,,,,,,firms,VIIRS,VIIRS_NOAA21_NRT
1.9467,99.48748,2025-06-29,1853,N21,n,2.0NRT,1.98,N,0.4,0.37,,,,,,firms,VIIRS,VIIRS_NOAA21_NRT
1.94726,99.48395,2025-06-29,1853,N21,n,2.0NRT,1.98,N,0.4,0.37,,,,,,firms,VIIRS,VIIRS_NOAA21_NRT
1.98905,99.06633,2025-06-29,1853,N21,n,2.0NRT,1.2,N,0.39,0.36,,,,,,firms,VIIRS,VIIRS_NOAA21_NRT
-3.34845,140.93059,2025-06-30,410,N21,n,2.0NRT,9.96,D,0.42,0.37,,,,,,firms,VIIRS,VIIRS_NOAA21_NRT
0.48238,127.99257,2025-06-30,412,N21,n,2.0NRT,9.46,D,0.44,0.62,,,,,,firms,VIIRS,VIIRS_NOAA21_NRT
-10.05136,120.83369,2025-06-30,550,N21,n,2.0NRT,3.66,D,0.43,0.46,,,,,,firms,VIIRS,VIIRS_NOAA21_NRT
-10.04716,120.83295,2025-06-30,550,N21,n,2.0NRT,8.37,D,0.43,0.46,,,,,,firms,VIIRS,VIIRS_NOAA21_NRT
-10.03391,120.83468,2025-06-30,550,N21,n,2.0NRT,5.65,D,0.43,0.46,,,,,,firms,VIIRS,VIIRS_NOAA21_NRT
-9.95078,120.21497,2025-06-30,550,N21,n,2.0NRT,1.65,D,0.4,0.44,,,,,,firms,VIIRS,VIIRS_NOAA21_NRT
-9.59397,119.9072,2025-06-30,550,N21,n,2.0NRT,3.5,D,0.38,0.44,,,,,,firms,VIIRS,VIIRS_NOAA21_NRT
-8.29642,113.52402,2025-06-30,553,N21,n,2.0NRT,3.37,D,0.39,0.37,,,,,,firms,VIIRS,VIIRS_NOAA21_NRT
-8.0378,113.86426,2025-06-30,553,N21,n,2.0NRT,2.23,D,0.39,0.36,,,,,,firms,VIIRS,VIIRS_NOAA21_NRT
-7.95241,112.12359,2025-06-30,553,N21,n,2.0NRT,4.42,D,0.43,0.38,,,,,,firms,VIIRS,VIIRS_NOAA21_NRT
-7.72874,114.22267,2025-06-30,553,N21,n,2.0NRT,1.8,D,0.38,0.36,,,,,,firms,VIIRS,VIIRS_NOAA21_NRT
-7.61806,111.84162,2025-06-30,553,N21,n,2.0NRT,4.76,D,0.44,0.38,,,,,,firms,VIIRS,VIIRS_NOAA21_NRT
-7.57964,112.55568,2025-06-30,553,N21,n,2.0NRT,2.82,D,0.41,0.37,,,,,,firms,VIIRS,VIIRS_NOAA21_NRT
-7.54676,112.44701,2025-06-30,553,N21,n,2.0NRT,2.68,D,0.42,0.37,,,,,,firms,VIIRS,VIIRS_NOAA21_NRT
-7.28383,110.18839,2025-06-30,553,N21,n,2.0NRT,4.33,D,0.53,0.42,,,,,,firms,VIIRS,VIIRS_NOAA21_NRT
-6.76411,111.96269,2025-06-30,553,N21,n,2.0NRT,2.76,D,0.43,0.38,,,,,,firms,VIIRS,VIIRS_NOAA21_NRT
-6.63047,110.71684,2025-06-30,553,N21,n,2.0NRT,4.03,D,0.49,0.4,,,,,,firms,VIIRS,VIIRS_NOAA21_NRT
-6.61936,108.10914,2025-06-30,553,N21,n,2.0NRT,3.94,D,0.47,0.48,,,,,,firms,VIIRS,VIIRS_NOAA21_NRT
-3.87403,104.04022,2025-06-30,553,N21,n,2.0NRT,3.12,D,0.41,0.6,,,,,,firms,VIIRS,VIIRS_NOAA21_NRT
-3.33579,104.36001,2025-06-30,553,N21,n,2.0NRT,3.46,D,0.38,0.59,,,,,,firms,VIIRS,VIIRS_NOAA21_NRT
0.17277,104.55249,2025-06-30,553,N21,n,2.0NRT,1.08,D,0.32,0.55,,,,,,firms,VIIRS,VIIRS_NOAA21_NRT
0.26742,99.2395,2025-06-30,553,N21,n,2.0NRT,5.9,D,0.76,0.77,,,,,,firms,VIIRS,VIIRS_NOAA21_NRT
0.42727,108.9967,2025-06-30,553,N21,n,2.0NRT,5.96,D,0.5,0.41,,,,,,firms,VIIRS,VIIRS_NOAA21_NRT
0.47976,100.64185,2025-06-30,553,N21,n,2.0NRT,9.34,D,0.6,0.71,,,,,,firms,VIIRS,VIIRS_NOAA21_NRT
0.48058,100.64691,2025-06-30,553,N21,n,2.0NRT,9.73,D,0.6,0.71,,,,,,firms,VIIRS,VIIRS_NOAA21_NRT
0.62067,109.32811,2025-06-30,553,N21,n,2.0NRT,3.06,D,0.47,0.4,,,,,,firms,VIIRS,VIIRS_NOAA21_NRT
0.62357,109.32715,2025-06-30,553,N21,n,2.0NRT,5.82,D,0.48,0.4,,,,,,firms,VIIRS,VIIRS_NOAA21_NRT
0.68418,109.06516,2025-06-30,553,N21,n,2.0NRT,5.25,D,0.49,0.4,,,,,,firms,VIIRS,VIIRS_NOAA21_NRT
0.68554,109.06786,2025-06-30,553,N21,n,2.0NRT,5.02,D,0.49,0.4,,,,,,firms,VIIRS,VIIRS_NOAA21_NRT
0.79659,109.15907,2025-06-30,553,N21,n,2.0NRT,7.77,D,0.48,0.4,,,,,,firms,VIIRS,VIIRS_NOAA21_NRT
0.83973,100.18867,2025-06-30,553,N21,h,2.0NRT,26.94,D,0.64,0.72,,,,,,firms,VIIRS,VIIRS_NOAA21_NRT
0.87358,100.2729,2025-06-30,553,N21,n,2.0NRT,9.63,D,0.63,0.72,,,,,,firms,VIIRS,VIIRS_NOAA21_NRT
1.28133,103.71485,2025-06-30,553,N21,n,2.0NRT,6.61,D,0.36,0.57,,,,,,firms,VIIRS,VIIRS_NOAA21_NRT
1.37823,104.15339,2025-06-30,553,N21,n,2.0NRT,5.57,D,0.33,0.55,,,,,,firms,VIIRS,VIIRS_NOAA21_NRT
1.37917,104.15929,2025-06-30,553,N21,n,2.0NRT,5.18,D,0.33,0.55,,,,,,firms,VIIRS,VIIRS_NOAA21_NRT
1.67128,99.82405,2025-06-30,553,N21,n,2.0NRT,3.56,D,0.66,0.73,,,,,,firms,VIIRS,VIIRS_NOAA21_NRT
1.67301,101.47465,2025-06-30,553,N21,n,2.0NRT,7.35,D,0.5,0.66,,,,,,firms,VIIRS,VIIRS_NOAA21_NRT
1.82046,98.64298,2025-06-30,553,N21,n,2.0NRT,15.54,D,0.79,0.78,,,,,,firms,VIIRS,VIIRS_NOAA21_NRT
1.82404,98.64049,2025-06-30,553,N21,n,2.0NRT,25.56,D,0.79,0.78,,,,,,firms,VIIRS,VIIRS_NOAA21_NRT
1.82759,98.64199,2025-06-30,553,N21,n,2.0NRT,12.03,D,0.79,0.78,,,,,,firms,VIIRS,VIIRS_NOAA21_NRT
2.10253,111.75249,2025-06-30,553,N21,n,2.0NRT,1.93,D,0.39,0.36,,,,,,firms,VIIRS,VIIRS_NOAA21_NRT
2.24566,98.98872,2025-06-30,553,N21,n,2.0NRT,13.66,D,0.74,0.76,,,,,,firms,VIIRS,VIIRS_NOAA21_NRT
2.24986,98.76878,2025-06-30,553,N21,n,2.0NRT,9.99,D,0.77,0.77,,,,,,firms,VIIRS,VIIRS_NOAA21_NRT
2.25099,98.76484,2025-06-30,553,N21,n,2.0NRT,15.33,D,0.77,0.77,,,,,,firms,VIIRS,VIIRS_NOAA21_NRT
2.26738,112.00863,2025-06-30,553,N21,n,2.0NRT,7.33,D,0.38,0.36,,,,,,firms,VIIRS,VIIRS_NOAA21_NRT
2.26938,100.0408,2025-06-30,553,N21,n,2.0NRT,6.83,D,0.62,0.71,,,,,,firms,VIIRS,VIIRS_NOAA21_NRT
2.26969,100.04171,2025-06-30,553,N21,n,2.0NRT,5.06,D,0.62,0.72,,,,,,firms,VIIRS,VIIRS_NOAA21_NRT
3.00091,103.15164,2025-06-30,553,N21,n,2.0NRT,2.92,D,0.37,0.58,,,,,,firms,VIIRS,VIIRS_NOAA21_NRT
3.64715,113.41997,2025-06-30,553,N21,n,2.0NRT,7.59,D,0.4,0.37,,,,,,firms,VIIRS,VIIRS_NOAA21_NRT
3.65051,113.41946,2025-06-30,553,N21,n,2.0NRT,7.59,D,0.4,0.37,,,,,,firms,VIIRS,VIIRS_NOAA21_NRT
3.65388,113.41896,2025-06-30,553,N21,n,2.0NRT,4.98,D,0.4,0.37,,,,,,firms,VIIRS,VIIRS_NOAA21_NRT
3.65724,113.41845,2025-06-30,553,N21,n,2.0NRT,4.98,D,0.4,0.37,,,,,,firms,VIIRS,VIIRS_NOAA21_NRT
4.09265,113.89303,2025-06-30,553,N21,n,2.0NRT,2.43,D,0.42,0.37,,,,,,firms,VIIRS,VIIRS_NOAA21_NRT
4.61592,114.34145,2025-06-30,553,N21,n,2.0NRT,4.51,D,0.44,0.38,,,,,,firms,VIIRS,VIIRS_NOAA21_NRT
4.94427,115.57211,2025-06-30,553,N21,n,2.0NRT,2.88,D,0.5,0.41,,,,,,firms,VIIRS,VIIRS_NOAA21_NRT
4.97694,115.5862,2025-06-30,553,N21,n,2.0NRT,9.49,D,0.51,0.41,,,,,,firms,VIIRS,VIIRS_NOAA21_NRT
-2.01837,103.80193,2025-06-30,555,N21,n,2.0NRT,2.92,D,0.4,0.6,,,,,,firms,VIIRS,VIIRS_NOAA21_NRT
-1.75288,105.6487,2025-06-30,555,N21,n,2.0NRT,5.65,D,0.58,0.52,,,,,,firms,VIIRS,VIIRS_NOAA21_NRT
-1.66803,105.62615,2025-06-30,555,N21,n,2.0NRT,6.8,D,0.58,0.52,,,,,,firms,VIIRS,VIIRS_NOAA21_NRT
-1.66762,105.62791,2025-06-30,555,N21,n,2.0NRT,7.88,D,0.58,0.52,,,,,,firms,VIIRS,VIIRS_NOAA21_NRT
0.49585,121.15831,2025-06-30,555,N21,h,2.0NRT,24.02,D,0.34,0.56,,,,,,firms,VIIRS,VIIRS_NOAA21_NRT
3.13141,98.89476,2025-06-30,555,N21,n,2.0NRT,7.87,D,0.72,0.76,,,,,,firms,VIIRS,VIIRS_NOAA21_NRT
3.13154,98.89759,2025-06-30,555,N21,n,2.0NRT,12.32,D,0.72,0.76,,,,,,firms,VIIRS,VIIRS_NOAA21_NRT
3.55206,101.08904,2025-06-30,555,N21,n,2.0NRT,5.54,D,0.5,0.66,,,,,,firms,VIIRS,VIIRS_NOAA21_NRT
4.97873,112.98219,2025-06-30,555,N21,n,2.0NRT,8.26,D,0.4,0.37,,,,,,firms,VIIRS,VIIRS_NOAA21_NRT
5.2617,101.1636,2025-06-30,555,N21,h,2.0NRT,82.68,D,0.46,0.64,,,,,,firms,VIIRS,VIIRS_NOAA21_NRT
5.26189,101.1637,2025-06-30,555,N21,h,2.0NRT,86.61,D,0.46,0.64,,,,,,firms,VIIRS,VIIRS_NOAA21_NRT
-0.66611,100.60544,2025-06-30,733,N21,n,2.0NRT,9.42,D,0.7,0.75,,,,,,firms,VIIRS,VIIRS_NOAA21_NRT
0.26546,99.23833,2025-06-30,733,N21,n,2.0NRT,17.28,D,0.58,0.7,,,,,,firms,VIIRS,VIIRS_NOAA21_NRT
0.26628,99.24353,2025-06-30,733,N21,l,2.0NRT,17.28,D,0.58,0.7,,,,,,firms,VIIRS,VIIRS_NOAA21_NRT
0.26772,99.23711,2025-06-30,733,N21,n,2.0NRT,16.06,D,0.58,0.7,,,,,,firms,VIIRS,VIIRS_NOAA21_NRT
0.26851,99.24233,2025-06-30,733,N21,l,2.0NRT,27.36,D,0.58,0.7,,,,,,firms,VIIRS,VIIRS_NOAA21_NRT
0.27806,99.21938,2025-06-30,733,N21,n,2.0NRT,14.83,D,0.58,0.7,,,,,,firms,VIIRS,VIIRS_NOAA21_NRT
0.28204,99.21955,2025-06-30,733,N21,n,2.0NRT,13.61,D,0.58,0.7,,,,,,firms,VIIRS,VIIRS_NOAA21_NRT
0.28838,99.21848,2025-06-30,733,N21,n,2.0NRT,6.17,D,0.58,0.7,,,,,,firms,VIIRS,VIIRS_NOAA21_NRT
0.47945,100.64137,2025-06-30,733,N21,n,2.0NRT,11.4,D,0.73,0.76,,,,,,firms,VIIRS,VIIRS_NOAA21_NRT
0.47974,100.64037,2025-06-30,733,N21,n,2.0NRT,7.43,D,0.73,0.76,,,,,,firms,VIIRS,VIIRS_NOAA21_NRT
0.81085,97.7556,2025-06-30,733,N21,n,2.0NRT,5.33,D,0.47,0.64,,,,,,firms,VIIRS,VIIRS_NOAA21_NRT
0.81138,97.75474,2025-06-30,733,N21,n,2.0NRT,4.67,D,0.47,0.64,,,,,,firms,VIIRS,VIIRS_NOAA21_NRT
1.2599,97.25495,2025-06-30,733,N21,n,2.0NRT,10.56,D,0.44,0.62,,,,,,firms,VIIRS,VIIRS_NOAA21_NRT
1.26048,97.25886,2025-06-30,733,N21,l,2.0NRT,10.56,D,0.44,0.62,,,,,,firms,VIIRS,VIIRS_NOAA21_NRT
1.26105,97.26274,2025-06-30,733,N21,n,2.0NRT,12.96,D,0.44,0.62,,,,,,firms,VIIRS,VIIRS_NOAA21_NRT
1.26293,97.25259,2025-06-30,733,N21,n,2.0NRT,6.52,D,0.44,0.62,,,,,,firms,VIIRS,VIIRS_NOAA21_NRT
1.27496,99.48098,2025-06-30,733,N21,h,2.0NRT,19.14,D,0.63,0.72,,,,,,firms,VIIRS,VIIRS_NOAA21_NRT
1.27593,99.48092,2025-06-30,733,N21,h,2.0NRT,19.85,D,0.63,0.72,,,,,,firms,VIIRS,VIIRS_NOAA21_NRT
1.45263,98.80679,2025-06-30,733,N21,n,2.0NRT,22.54,D,0.57,0.69,,,,,,firms,VIIRS,VIIRS_NOAA21_NRT
1.45413,98.81668,2025-06-30,733,N21,n,2.0NRT,7.78,D,0.57,0.69,,,,,,firms,VIIRS,VIIRS_NOAA21_NRT
1.45487,98.82153,2025-06-30,733,N21,n,2.0NRT,7.78,D,0.57,0.69,,,,,,firms,VIIRS,VIIRS_NOAA21_NRT
1.45817,98.80077,2025-06-30,733,N21,n,2.0NRT,8.72,D,0.56,0.69,,,,,,firms,VIIRS,VIIRS_NOAA21_NRT
1.66866,99.82426,2025-06-30,733,N21,n,2.0NRT,16.38,D,0.67,0.74,,,,,,firms,VIIRS,VIIRS_NOAA21_NRT
1.7497,98.69791,2025-06-30,733,N21,n,2.0NRT,7.51,D,0.56,0.69,,,,,,firms,VIIRS,VIIRS_NOAA21_NRT
1.78033,98.68786,2025-06-30,733,N21,n,2.0NRT,9.07,D,0.56,0.69,,,,,,firms,VIIRS,VIIRS_NOAA21_NRT
1.81566,100.08675,2025-06-30,733,N21,n,2.0NRT,8.84,D,0.7,0.75,,,,,,firms,VIIRS,VIIRS_NOAA21_NRT
1.8182,98.64167,2025-06-30,733,N21,n,2.0NRT,6.64,D,0.56,0.69,,,,,,firms,VIIRS,VIIRS_NOAA21_NRT
1.82196,98.64073,2025-06-30,733,N21,l,2.0NRT,22.56,D,0.56,0.69,,,,,,firms,VIIRS,VIIRS_NOAA21_NRT
1.82822,98.63975,2025-06-30,733,N21,n,2.0NRT,9.45,D,0.56,0.69,,,,,,firms,VIIRS,VIIRS_NOAA21_NRT
1.85035,98.61623,2025-06-30,733,N21,n,2.0NRT,5.81,D,0.56,0.69,,,,,,firms,VIIRS,VIIRS_NOAA21_NRT
1.85334,98.63617,2025-06-30,733,N21,n,2.0NRT,3.5,D,0.56,0.69,,,,,,firms,VIIRS,VIIRS_NOAA21_NRT
1.97575,99.09382,2025-06-30,735,N21,n,2.0NRT,6.65,D,0.61,0.71,,,,,,firms,VIIRS,VIIRS_NOAA21_NRT
2.05707,99.32917,2025-06-30,735,N21,n,2.0NRT,8.52,D,0.63,0.72,,,,,,firms,VIIRS,VIIRS_NOAA21_NRT
2.29573,99.50591,2025-06-30,735,N21,n,2.0NRT,6.17,D,0.65,0.73,,,,,,firms,VIIRS,VIIRS_NOAA21_NRT
2.56772,98.21334,2025-06-30,735,N21,n,2.0NRT,6.15,D,0.54,0.68,,,,,,firms,VIIRS,VIIRS_NOAA21_NRT
2.62849,97.82044,2025-06-30,735,N21,n,2.0NRT,7.84,D,0.5,0.66,,,,,,firms,VIIRS,VIIRS_NOAA21_NRT
2.6305,97.81901,2025-06-30,735,N21,n,2.0NRT,5.64,D,0.5,0.66,,,,,,firms,VIIRS,VIIRS_NOAA21_NRT
2.74805,97.85259,2025-06-30,735,N21,n,2.0NRT,2.74,D,0.51,0.66,,,,,,firms,VIIRS,VIIRS_NOAA21_NRT
2.83273,97.63535,2025-06-30,735,N21,n,2.0NRT,2.73,D,0.49,0.65,,,,,,firms,VIIRS,VIIRS_NOAA21_NRT
2.9995,97.9903,2025-06-30,735,N21,n,2.0NRT,13.66,D,0.52,0.67,,,,,,firms,VIIRS,VIIRS_NOAA21_NRT
2.99968,97.98947,2025-06-30,735,N21,n,2.0NRT,13.14,D,0.52,0.67,,,,,,firms,VIIRS,VIIRS_NOAA21_NRT
3.12481,98.03054,2025-06-30,735,N21,n,2.0NRT,13.53,D,0.53,0.67,,,,,,firms,VIIRS,VIIRS_NOAA21_NRT
3.13112,98.03076,2025-06-30,735,N21,h,2.0NRT,13.53,D,0.53,0.67,,,,,,firms,VIIRS,VIIRS_NOAA21_NRT
3.44125,97.8767,2025-06-30,735,N21,n,2.0NRT,8.63,D,0.52,0.67,,,,,,firms,VIIRS,VIIRS_NOAA21_NRT
3.90401,97.42605,2025-06-30,735,N21,n,2.0NRT,5.31,D,0.5,0.66,,,,,,firms,VIIRS,VIIRS_NOAA21_NRT
3.90825,97.37045,2025-06-30,735,N21,n,2.0NRT,4.74,D,0.49,0.65,,,,,,firms,VIIRS,VIIRS_NOAA21_NRT
4.01028,97.09274,2025-06-30,735,N21,n,2.0NRT,7.63,D,0.47,0.64,,,,,,firms,VIIRS,VIIRS_NOAA21_NRT
4.01097,97.09227,2025-06-30,735,N21,n,2.0NRT,7.69,D,0.47,0.64,,,,,,firms,VIIRS,VIIRS_NOAA21_NRT
4.03939,97.37133,2025-06-30,735,N21,h,2.0NRT,25.76,D,0.49,0.65,,,,,,firms,VIIRS,VIIRS_NOAA21_NRT
4.07683,96.61061,2025-06-30,735,N21,n,2.0NRT,3.73,D,0.44,0.62,,,,,,firms,VIIRS,VIIRS_NOAA21_NRT
4.1763,96.96352,2025-06-30,735,N21,n,2.0NRT,8.02,D,0.46,0.64,,,,,,firms,VIIRS,VIIRS_NOAA21_NRT
4.29449,96.17618,2025-06-30,735,N21,n,2.0NRT,4.89,D,0.41,0.61,,,,,,firms,VIIRS,VIIRS_NOAA21_NRT
4.37978,95.98563,2025-06-30,735,N21,n,2.0NRT,4.63,D,0.4,0.6,,,,,,firms,VIIRS,VIIRS_NOAA21_NRT
4.40957,96.72948,2025-06-30,735,N21,n,2.0NRT,6.81,D,0.45,0.63,,,,,,firms,VIIRS,VIIRS_NOAA21_NRT
4.4107,96.72868,2025-06-30,735,N21,n,2.0NRT,6.21,D,0.45,0.63,,,,,,firms,VIIRS,VIIRS_NOAA21_NRT
4.42459,96.57771,2025-06-30,735,N21,n,2.0NRT,3.09,D,0.44,0.62,,,,,,firms,VIIRS,VIIRS_NOAA21_NRT
4.44421,96.80003,2025-06-30,735,N21,n,2.0NRT,6.3,D,0.46,0.63,,,,,,firms,VIIRS,VIIRS_NOAA21_NRT
4.46046,96.74811,2025-06-30,735,N21,n,2.0NRT,4.11,D,0.45,0.63,,,,,,firms,VIIRS,VIIRS_NOAA21_NRT
4.47732,95.80439,2025-06-30,735,N21,n,2.0NRT,1.92,D,0.39,0.59,,,,,,firms,VIIRS,VIIRS_NOAA21_NRT
4.47791,96.82941,2025-06-30,735,N21,n,2.0NRT,8.52,D,0.46,0.64,,,,,,firms,VIIRS,VIIRS_NOAA21_NRT
4.47975,96.80078,2025-06-30,735,N21,n,2.0NRT,3.69,D,0.46,0.63,,,,,,firms,VIIRS,VIIRS_NOAA21_NRT
4.48216,96.73523,2025-06-30,735,N21,n,2.0NRT,11.27,D,0.45,0.63,,,,,,firms,VIIRS,VIIRS_NOAA21_NRT
4.51124,96.77342,2025-06-30,735,N21,h,2.0NRT,9.41,D,0.46,0.63,,,,,,firms,VIIRS,VIIRS_NOAA21_NRT
4.51177,96.77255,2025-06-30,735,N21,n,2.0NRT,7.68,D,0.46,0.63,,,,,,firms,VIIRS,VIIRS_NOAA21_NRT
4.52008,96.21523,2025-06-30,735,N21,n,2.0NRT,2.44,D,0.42,0.61,,,,,,firms,VIIRS,VIIRS_NOAA21_NRT
4.52792,95.79545,2025-06-30,735,N21,n,2.0NRT,8.11,D,0.39,0.59,,,,,,firms,VIIRS,VIIRS_NOAA21_NRT
4.53236,96.79681,2025-06-30,735,N21,n,2.0NRT,11.57,D,0.46,0.63,,,,,,firms,VIIRS,VIIRS_NOAA21_NRT
4.53265,96.79552,2025-06-30,735,N21,n,2.0NRT,6.78,D,0.46,0.63,,,,,,firms,VIIRS,VIIRS_NOAA21_NRT
4.53333,96.80047,2025-06-30,735,N21,n,2.0NRT,7.55,D,0.46,0.63,,,,,,firms,VIIRS,VIIRS_NOAA21_NRT
4.54599,96.7642,2025-06-30,735,N21,n,2.0NRT,4.23,D,0.46,0.63,,,,,,firms,VIIRS,VIIRS_NOAA21_NRT
4.54667,96.76907,2025-06-30,735,N21,n,2.0NRT,4.23,D,0.46,0.63,,,,,,firms,VIIRS,VIIRS_NOAA21_NRT
4.5726,96.86947,2025-06-30,735,N21,n,2.0NRT,10.43,D,0.46,0.64,,,,,,firms,VIIRS,VIIRS_NOAA21_NRT
4.5731,96.87302,2025-06-30,735,N21,n,2.0NRT,10.43,D,0.47,0.64,,,,,,firms,VIIRS,VIIRS_NOAA21_NRT
4.57734,96.6946,2025-06-30,735,N21,n,2.0NRT,4.59,D,0.45,0.63,,,,,,firms,VIIRS,VIIRS_NOAA21_NRT
4.64114,95.64463,2025-06-30,735,N21,h,2.0NRT,9.5,D,0.38,0.59,,,,,,firms,VIIRS,VIIRS_NOAA21_NRT
4.67892,96.49421,2025-06-30,735,N21,n,2.0NRT,3.52,D,0.44,0.62,,,,,,firms,VIIRS,VIIRS_NOAA21_NRT
4.68131,96.49441,2025-06-30,735,N21,n,2.0NRT,3.58,D,0.44,0.62,,,,,,firms,VIIRS,VIIRS_NOAA21_NRT
4.71577,96.62781,2025-06-30,735,N21,n,2.0NRT,4.78,D,0.45,0.63,,,,,,firms,VIIRS,VIIRS_NOAA21_NRT
4.71719,96.62806,2025-06-30,735,N21,n,2.0NRT,3.83,D,0.45,0.63,,,,,,firms,VIIRS,VIIRS_NOAA21_NRT
4.79724,96.99156,2025-06-30,735,N21,n,2.0NRT,5.19,D,0.48,0.65,,,,,,firms,VIIRS,VIIRS_NOAA21_NRT
4.8682,96.69193,2025-06-30,735,N21,h,2.0NRT,16.63,D,0.46,0.63,,,,,,firms,VIIRS,VIIRS_NOAA21_NRT
4.89554,96.67661,2025-06-30,735,N21,n,2.0NRT,2.42,D,0.45,0.63,,,,,,firms,VIIRS,VIIRS_NOAA21_NRT
5.15061,95.69078,2025-06-30,735,N21,h,2.0NRT,13.65,D,0.39,0.59,,,,,,firms,VIIRS,VIIRS_NOAA21_NRT
5.15626,95.69158,2025-06-30,735,N21,n,2.0NRT,5.28,D,0.39,0.59,,,,,,firms,VIIRS,VIIRS_NOAA21_NRT
5.17938,96.97473,2025-06-30,735,N21,n,2.0NRT,4.65,D,0.48,0.65,,,,,,firms,VIIRS,VIIRS_NOAA21_NRT
5.27071,95.28128,2025-06-30,735,N21,n,2.0NRT,2.3,D,0.37,0.58,,,,,,firms,VIIRS,VIIRS_NOAA21_NRT
5.30081,95.42713,2025-06-30,735,N21,n,2.0NRT,2.59,D,0.38,0.58,,,,,,firms,VIIRS,VIIRS_NOAA21_NRT
5.36536,95.65519,2025-06-30,735,N21,n,2.0NRT,4.64,D,0.39,0.59,,,,,,firms,VIIRS,VIIRS_NOAA21_NRT
5.36636,95.66231,2025-06-30,735,N21,n,2.0NRT,8.29,D,0.39,0.59,,,,,,firms,VIIRS,VIIRS_NOAA21_NRT
5.41679,95.86304,2025-06-30,735,N21,n,2.0NRT,7.7,D,0.41,0.6,,,,,,firms,VIIRS,VIIRS_NOAA21_NRT
5.41731,95.86676,2025-06-30,735,N21,n,2.0NRT,7.43,D,0.41,0.6,,,,,,firms,VIIRS,VIIRS_NOAA21_NRT
5.695,95.09648,2025-06-30,735,N21,n,2.0NRT,3.12,D,0.36,0.58,,,,,,firms,VIIRS,VIIRS_NOAA21_NRT
-3.90445,122.41897,2025-06-30,1654,N21,n,2.0NRT,1.37,N,0.56,0.43,,,,,,firms,VIIRS,VIIRS_NOAA21_NRT
-3.90433,122.41589,2025-06-30,1654,N21,n,2.0NRT,2.1,N,0.56,0.43,,,,,,firms,VIIRS,VIIRS_NOAA21_NRT
-3.90366,122.41399,2025-06-30,1654,N21,n,2.0NRT,1.37,N,0.56,0.43,,,,,,firms,VIIRS,VIIRS_NOAA21_NRT
-3.90053,122.4196,2025-06-30,1654,N21,n,2.0NRT,1.37,N,0.56,0.43,,,,,,firms,VIIRS,VIIRS_NOAA21_NRT
-3.03498,115.1602,2025-06-30,1654,N21,n,2.0NRT,1.27,N,0.6,0.7,,,,,,firms,VIIRS,VIIRS_NOAA21_NRT
-3.03357,115.15981,2025-06-30,1654,N21,n,2.0NRT,1.47,N,0.6,0.7,,,,,,firms,VIIRS,VIIRS_NOAA21_NRT
-2.87864,122.16356,2025-06-30,1654,N21,n,2.0NRT,2.28,N,0.4,0.44,,,,,,firms,VIIRS,VIIRS_NOAA21_NRT
-2.87459,122.16416,2025-06-30,1654,N21,n,2.0NRT,2.28,N,0.4,0.44,,,,,,firms,VIIRS,VIIRS_NOAA21_NRT
-2.87404,122.16068,2025-06-30,1654,N21,n,2.0NRT,2.28,N,0.4,0.44,,,,,,firms,VIIRS,VIIRS_NOAA21_NRT
-2.83068,122.17435,2025-06-30,1654,N21,n,2.0NRT,1.07,N,0.4,0.44,,,,,,firms,VIIRS,VIIRS_NOAA21_NRT
-2.82951,122.16713,2025-06-30,1654,N21,n,2.0NRT,2.12,N,0.4,0.44,,,,,,firms,VIIRS,VIIRS_NOAA21_NRT
-2.82892,122.16351,2025-06-30,1654,N21,n,2.0NRT,1.42,N,0.4,0.44,,,,,,firms,VIIRS,VIIRS_NOAA21_NRT
-2.21114,115.50102,2025-06-30,1654,N21,n,2.0NRT,3.99,N,0.58,0.7,,,,,,firms,VIIRS,VIIRS_NOAA21_NRT
-2.20841,115.49825,2025-06-30,1654,N21,n,2.0NRT,4.43,N,0.58,0.7,,,,,,firms,VIIRS,VIIRS_NOAA21_NRT
-8.72936,118.22493,2025-06-30,1656,N21,n,2.0NRT,0.93,N,0.59,0.52,,,,,,firms,VIIRS,VIIRS_NOAA21_NRT
-8.53896,122.7662,2025-06-30,1656,N21,n,2.0NRT,2.53,N,0.47,0.39,,,,,,firms,VIIRS,VIIRS_NOAA21_NRT
-8.53733,122.76795,2025-06-30,1656,N21,n,2.0NRT,2.53,N,0.46,0.39,,,,,,firms,VIIRS,VIIRS_NOAA21_NRT
-8.53658,122.7635,2025-06-30,1656,N21,n,2.0NRT,2.32,N,0.47,0.39,,,,,,firms,VIIRS,VIIRS_NOAA21_NRT
-8.11237,112.91876,2025-06-30,1656,N21,n,2.0NRT,3.14,N,0.7,0.75,,,,,,firms,VIIRS,VIIRS_NOAA21_NRT
-8.1109,112.92184,2025-06-30,1656,N21,n,2.0NRT,2.48,N,0.7,0.75,,,,,,firms,VIIRS,VIIRS_NOAA21_NRT
4.54052,114.11894,2025-06-30,1832,N21,n,2.0NRT,0.98,N,0.47,0.64,,,,,,firms,VIIRS,VIIRS_NOAA21_NRT
4.67427,113.85683,2025-06-30,1832,N21,n,2.0NRT,3.94,N,0.45,0.63,,,,,,firms,VIIRS,VIIRS_NOAA21_NRT
4.67531,113.85921,2025-06-30,1832,N21,n,2.0NRT,3.29,N,0.45,0.63,,,,,,firms,VIIRS,VIIRS_NOAA21_NRT
4.676,113.85522,2025-06-30,1832,N21,n,2.0NRT,3.29,N,0.45,0.63,,,,,,firms,VIIRS,VIIRS_NOAA21_NRT
-1.89146,115.86063,2025-06-30,1834,N21,n,2.0NRT,2.15,N,0.79,0.78,,,,,,firms,VIIRS,VIIRS_NOAA21_NRT
-1.87333,115.86134,2025-06-30,1834,N21,n,2.0NRT,1.5,N,0.79,0.78,,,,,,firms,VIIRS,VIIRS_NOAA21_NRT
-1.57608,103.6985,2025-06-30,1834,N21,n,2.0NRT,0.72,N,0.4,0.37,,,,,,firms,VIIRS,VIIRS_NOAA21_NRT
-1.57384,103.68415,2025-06-30,1834,N21,n,2.0NRT,1.1,N,0.4,0.37,,,,,,firms,VIIRS,VIIRS_NOAA21_NRT
-1.57103,103.68825,2025-06-30,1834,N21,n,2.0NRT,2.31,N,0.4,0.37,,,,,,firms,VIIRS,VIIRS_NOAA21_NRT
-1.56541,103.69647,2025-06-30,1834,N21,n,2.0NRT,1.16,N,0.4,0.37,,,,,,firms,VIIRS,VIIRS_NOAA21_NRT
-1.32165,103.2664,2025-06-30,1834,N21,n,2.0NRT,0.69,N,0.39,0.36,,,,,,firms,VIIRS,VIIRS_NOAA21_NRT
-1.26383,102.78506,2025-06-30,1834,N21,n,2.0NRT,1.01,N,0.39,0.36,,,,,,firms,VIIRS,VIIRS_NOAA21_NRT
-1.26329,102.7816,2025-06-30,1834,N21,n,2.0NRT,1.01,N,0.39,0.36,,,,,,firms,VIIRS,VIIRS_NOAA21_NRT
-1.25303,102.47736,2025-06-30,1834,N21,n,2.0NRT,0.78,N,0.38,0.36,,,,,,firms,VIIRS,VIIRS_NOAA21_NRT
-1.21957,103.41855,2025-06-30,1834,N21,n,2.0NRT,0.63,N,0.39,0.37,,,,,,firms,VIIRS,VIIRS_NOAA21_NRT
-1.21568,103.41554,2025-06-30,1834,N21,n,2.0NRT,0.72,N,0.39,0.37,,,,,,firms,VIIRS,VIIRS_NOAA21_NRT
-1.21015,101.94397,2025-06-30,1834,N21,n,2.0NRT,0.96,N,0.38,0.36,,,,,,firms,VIIRS,VIIRS_NOAA21_NRT
-1.17579,103.35693,2025-06-30,1834,N21,n,2.0NRT,0.79,N,0.39,0.36,,,,,,firms,VIIRS,VIIRS_NOAA21_NRT
-1.16973,103.33992,2025-06-30,1834,N21,n,2.0NRT,0.59,N,0.39,0.36,,,,,,firms,VIIRS,VIIRS_NOAA21_NRT
-0.98835,103.33247,2025-06-30,1834,N21,n,2.0NRT,1.57,N,0.39,0.36,,,,,,firms,VIIRS,VIIRS_NOAA21_NRT
-0.3918,100.4572,2025-06-30,1834,N21,n,2.0NRT,0.73,N,0.42,0.37,,,,,,firms,VIIRS,VIIRS_NOAA21_NRT
-0.28897,101.53635,2025-06-30,1834,N21,n,2.0NRT,0.61,N,0.39,0.36,,,,,,firms,VIIRS,VIIRS_NOAA21_NRT
-0.10386,100.45765,2025-06-30,1834,N21,n,2.0NRT,2.19,N,0.42,0.37,,,,,,firms,VIIRS,VIIRS_NOAA21_NRT
-0.05776,103.10446,2025-06-30,1834,N21,n,2.0NRT,0.49,N,0.39,0.36,,,,,,firms,VIIRS,VIIRS_NOAA21_NRT
-0.05353,103.05573,2025-06-30,1834,N21,n,2.0NRT,0.72,N,0.39,0.36,,,,,,firms,VIIRS,VIIRS_NOAA21_NRT
-0.04454,103.1065,2025-06-30,1834,N21,n,2.0NRT,1.62,N,0.39,0.36,,,,,,firms,VIIRS,VIIRS_NOAA21_NRT
-0.04123,103.107,2025-06-30,1834,N21,n,2.0NRT,1.62,N,0.39,0.36,,,,,,firms,VIIRS,VIIRS_NOAA21_NRT
0.27437,99.20238,2025-06-30,1834,N21,n,2.0NRT,2.29,N,0.48,0.4,,,,,,firms,VIIRS,VIIRS_NOAA21_NRT
0.27499,99.20112,2025-06-30,1834,N21,n,2.0NRT,2.37,N,0.48,0.4,,,,,,firms,VIIRS,VIIRS_NOAA21_NRT
0.68947,103.44012,2025-06-30,1834,N21,n,2.0NRT,4.21,N,0.39,0.36,,,,,,firms,VIIRS,VIIRS_NOAA21_NRT
0.69278,103.44064,2025-06-30,1834,N21,n,2.0NRT,2.08,N,0.39,0.36,,,,,,firms,VIIRS,VIIRS_NOAA21_NRT
0.82497,100.91799,2025-06-30,1834,N21,n,2.0NRT,0.88,N,0.41,0.37,,,,,,firms,VIIRS,VIIRS_NOAA21_NRT
1.27428,99.47485,2025-06-30,1834,N21,n,2.0NRT,1.57,N,0.47,0.4,,,,,,firms,VIIRS,VIIRS_NOAA21_NRT
1.27723,99.47979,2025-06-30,1834,N21,n,2.0NRT,0.72,N,0.47,0.4,,,,,,firms,VIIRS,VIIRS_NOAA21_NRT
1.27792,99.47536,2025-06-30,1834,N21,n,2.0NRT,2.98,N,0.47,0.4,,,,,,firms,VIIRS,VIIRS_NOAA21_NRT
1.28253,103.7177,2025-06-30,1834,N21,n,2.0NRT,2.41,N,0.39,0.36,,,,,,firms,VIIRS,VIIRS_NOAA21_NRT
1.28308,103.71423,2025-06-30,1834,N21,n,2.0NRT,3.13,N,0.39,0.36,,,,,,firms,VIIRS,VIIRS_NOAA21_NRT
1.29227,99.01469,2025-06-30,1834,N21,n,2.0NRT,2.51,N,0.5,0.41,,,,,,firms,VIIRS,VIIRS_NOAA21_NRT
1.3735,104.15583,2025-06-30,1834,N21,n,2.0NRT,2.72,N,0.4,0.37,,,,,,firms,VIIRS,VIIRS_NOAA21_NRT
1.37629,104.1599,2025-06-30,1834,N21,n,2.0NRT,8.1,N,0.4,0.37,,,,,,firms,VIIRS,VIIRS_NOAA21_NRT
1.37685,104.15636,2025-06-30,1834,N21,n,2.0NRT,8.1,N,0.4,0.37,,,,,,firms,VIIRS,VIIRS_NOAA21_NRT
1.37741,104.15282,2025-06-30,1834,N21,n,2.0NRT,9.2,N,0.4,0.37,,,,,,firms,VIIRS,VIIRS_NOAA21_NRT
1.45142,98.8083,2025-06-30,1834,N21,n,2.0NRT,1.8,N,0.52,0.41,,,,,,firms,VIIRS,VIIRS_NOAA21_NRT
1.45308,98.82281,2025-06-30,1834,N21,n,2.0NRT,5.7,N,0.52,0.41,,,,,,firms,VIIRS,VIIRS_NOAA21_NRT
1.45379,98.81815,2025-06-30,1834,N21,n,2.0NRT,5.7,N,0.52,0.41,,,,,,firms,VIIRS,VIIRS_NOAA21_NRT
1.47382,100.1274,2025-06-30,1834,N21,n,2.0NRT,0.84,N,0.44,0.39,,,,,,firms,VIIRS,VIIRS_NOAA21_NRT
1.55462,101.53839,2025-06-30,1834,N21,n,2.0NRT,1.61,N,0.4,0.37,,,,,,firms,VIIRS,VIIRS_NOAA21_NRT
1.55797,101.53892,2025-06-30,1834,N21,n,2.0NRT,1.61,N,0.4,0.37,,,,,,firms,VIIRS,VIIRS_NOAA21_NRT
1.64406,103.71351,2025-06-30,1834,N21,n,2.0NRT,1.11,N,0.39,0.36,,,,,,firms,VIIRS,VIIRS_NOAA21_NRT
1.6446,103.71004,2025-06-30,1834,N21,n,2.0NRT,1.11,N,0.39,0.36,,,,,,firms,VIIRS,VIIRS_NOAA21_NRT
1.67296,101.47636,2025-06-30,1834,N21,n,2.0NRT,3.15,N,0.4,0.37,,,,,,firms,VIIRS,VIIRS_NOAA21_NRT
1.75196,98.69728,2025-06-30,1834,N21,n,2.0NRT,3.14,N,0.53,0.42,,,,,,firms,VIIRS,VIIRS_NOAA21_NRT
1.81725,99.25761,2025-06-30,1834,N21,n,2.0NRT,0.82,N,0.49,0.41,,,,,,firms,VIIRS,VIIRS_NOAA21_NRT
1.81823,98.64195,2025-06-30,1834,N21,n,2.0NRT,4.11,N,0.53,0.42,,,,,,firms,VIIRS,VIIRS_NOAA21_NRT
1.82207,98.64252,2025-06-30,1834,N21,n,2.0NRT,4.11,N,0.53,0.42,,,,,,firms,VIIRS,VIIRS_NOAA21_NRT
1.8228,98.63776,2025-06-30,1834,N21,n,2.0NRT,4.11,N,0.53,0.42,,,,,,firms,VIIRS,VIIRS_NOAA21_NRT
1.82591,98.64313,2025-06-30,1834,N21,n,2.0NRT,4.91,N,0.53,0.42,,,,,,firms,VIIRS,VIIRS_NOAA21_NRT
1.82664,98.63835,2025-06-30,1834,N21,n,2.0NRT,4.91,N,0.53,0.42,,,,,,firms,VIIRS,VIIRS_NOAA21_NRT
1.8503,98.61257,2025-06-30,1834,N21,n,2.0NRT,4.29,N,0.54,0.42,,,,,,firms,VIIRS,VIIRS_NOAA21_NRT
2.18648,98.77196,2025-06-30,1834,N21,n,2.0NRT,0.85,N,0.53,0.42,,,,,,firms,VIIRS,VIIRS_NOAA21_NRT
2.31543,98.96465,2025-06-30,1834,N21,n,2.0NRT,0.84,N,0.52,0.42,,,,,,firms,VIIRS,VIIRS_NOAA21_NRT
2.39019,98.08593,2025-06-30,1834,N21,n,2.0NRT,0.82,N,0.39,0.44,,,,,,firms,VIIRS,VIIRS_NOAA21_NRT
2.55089,98.6362,2025-06-30,1834,N21,n,2.0NRT,2.64,N,0.55,0.42,,,,,,firms,VIIRS,VIIRS_NOAA21_NRT
2.55155,98.63177,2025-06-30,1834,N21,n,2.0NRT,2.64,N,0.55,0.43,,,,,,firms,VIIRS,VIIRS_NOAA21_NRT
2.55479,98.63659,2025-06-30,1834,N21,n,2.0NRT,1.62,N,0.55,0.42,,,,,,firms,VIIRS,VIIRS_NOAA21_NRT
2.55552,98.63175,2025-06-30,1834,N21,n,2.0NRT,1.62,N,0.55,0.43,,,,,,firms,VIIRS,VIIRS_NOAA21_NRT
2.66906,111.48698,2025-06-30,1834,N21,n,2.0NRT,0.48,N,0.33,0.55,,,,,,firms,VIIRS,VIIRS_NOAA21_NRT
2.67297,97.79104,2025-06-30,1834,N21,n,2.0NRT,2.77,N,0.41,0.45,,,,,,firms,VIIRS,VIIRS_NOAA21_NRT
2.73839,102.39624,2025-06-30,1834,N21,n,2.0NRT,1.13,N,0.39,0.36,,,,,,firms,VIIRS,VIIRS_NOAA21_NRT
2.73892,102.39278,2025-06-30,1834,N21,n,2.0NRT,1.54,N,0.39,0.36,,,,,,firms,VIIRS,VIIRS_NOAA21_NRT
2.84491,103.21833,2025-06-30,1834,N21,n,2.0NRT,0.72,N,0.38,0.36,,,,,,firms,VIIRS,VIIRS_NOAA21_NRT
2.96498,101.63407,2025-06-30,1834,N21,n,2.0NRT,0.57,N,0.4,0.37,,,,,,firms,VIIRS,VIIRS_NOAA21_NRT
3.27446,113.074,2025-06-30,1834,N21,n,2.0NRT,1.13,N,0.42,0.61,,,,,,firms,VIIRS,VIIRS_NOAA21_NRT
3.27889,113.0751,2025-06-30,1834,N21,n,2.0NRT,0.88,N,0.42,0.61,,,,,,firms,VIIRS,VIIRS_NOAA21_NRT
3.28256,113.08717,2025-06-30,1834,N21,n,2.0NRT,3.35,N,0.42,0.61,,,,,,firms,VIIRS,VIIRS_NOAA21_NRT
3.28317,113.08357,2025-06-30,1834,N21,n,2.0NRT,3.35,N,0.42,0.61,,,,,,firms,VIIRS,VIIRS_NOAA21_NRT
3.28375,113.0871,2025-06-30,1834,N21,n,2.0NRT,2.58,N,0.42,0.61,,,,,,firms,VIIRS,VIIRS_NOAA21_NRT
3.28379,113.07995,2025-06-30,1834,N21,n,2.0NRT,2.23,N,0.42,0.61,,,,,,firms,VIIRS,VIIRS_NOAA21_NRT
3.28434,113.08349,2025-06-30,1834,N21,n,2.0NRT,2.58,N,0.42,0.61,,,,,,firms,VIIRS,VIIRS_NOAA21_NRT
3.28746,113.092,2025-06-30,1834,N21,n,2.0NRT,2.28,N,0.42,0.61,,,,,,firms,VIIRS,VIIRS_NOAA21_NRT
3.28808,113.08837,2025-06-30,1834,N21,n,2.0NRT,3.35,N,0.42,0.61,,,,,,firms,VIIRS,VIIRS_NOAA21_NRT
3.28869,113.08475,2025-06-30,1834,N21,n,2.0NRT,3.35,N,0.42,0.61,,,,,,firms,VIIRS,VIIRS_NOAA21_NRT
3.28869,113.09191,2025-06-30,1834,N21,n,2.0NRT,3.14,N,0.42,0.61,,,,,,firms,VIIRS,VIIRS_NOAA21_NRT
3.28928,113.08829,2025-06-30,1834,N21,n,2.0NRT,4.56,N,0.42,0.61,,,,,,firms,VIIRS,VIIRS_NOAA21_NRT
3.28931,113.0811,2025-06-30,1834,N21,n,2.0NRT,2.23,N,0.42,0.61,,,,,,firms,VIIRS,VIIRS_NOAA21_NRT
3.28987,113.08462,2025-06-30,1834,N21,n,2.0NRT,4.56,N,0.42,0.61,,,,,,firms,VIIRS,VIIRS_NOAA21_NRT
3.52339,113.3117,2025-06-30,1834,N21,n,2.0NRT,2.15,N,0.43,0.62,,,,,,firms,VIIRS,VIIRS_NOAA21_NRT
3.53515,113.34543,2025-06-30,1834,N21,n,2.0NRT,1.16,N,0.43,0.62,,,,,,firms,VIIRS,VIIRS_NOAA21_NRT
3.53579,113.34158,2025-06-30,1834,N21,n,2.0NRT,1.16,N,0.43,0.62,,,,,,firms,VIIRS,VIIRS_NOAA21_NRT
3.62903,112.67764,2025-06-30,1834,N21,n,2.0NRT,3.71,N,0.39,0.59,,,,,,firms,VIIRS,VIIRS_NOAA21_NRT
4.00301,103.34485,2025-06-30,1834,N21,n,2.0NRT,1.57,N,0.38,0.36,,,,,,firms,VIIRS,VIIRS_NOAA21_NRT
4.02054,103.34054,2025-06-30,1834,N21,n,2.0NRT,1.91,N,0.38,0.36,,,,,,firms,VIIRS,VIIRS_NOAA21_NRT
4.14501,105.1078,2025-06-30,1834,N21,n,2.0NRT,1.72,N,0.41,0.37,,,,,,firms,VIIRS,VIIRS_NOAA21_NRT
4.28546,103.42793,2025-06-30,1834,N21,n,2.0NRT,1.63,N,0.38,0.36,,,,,,firms,VIIRS,VIIRS_NOAA21_NRT
4.37987,95.98119,2025-06-30,1834,N21,n,2.0NRT,4.09,N,0.58,0.52,,,,,,firms,VIIRS,VIIRS_NOAA21_NRT
4.57528,103.44907,2025-06-30,1834,N21,n,2.0NRT,2.65,N,0.38,0.36,,,,,,firms,VIIRS,VIIRS_NOAA21_NRT
4.57581,103.44565,2025-06-30,1834,N21,n,2.0NRT,2.65,N,0.38,0.36,,,,,,firms,VIIRS,VIIRS_NOAA21_NRT
5.58544,104.47606,2025-06-30,1834,N21,n,2.0NRT,1.03,N,0.39,0.36,,,,,,firms,VIIRS,VIIRS_NOAA21_NRT
-7.54486,110.44501,2025-06-30,1836,N21,n,2.0NRT,2.93,N,0.4,0.6,,,,,,firms,VIIRS,VIIRS_NOAA21_NRT
-7.24187,111.73299,2025-06-30,1836,N21,n,2.0NRT,1.82,N,0.49,0.65,,,,,,firms,VIIRS,VIIRS_NOAA21_NRT
-7.23889,111.73474,2025-06-30,1836,N21,n,2.0NRT,1.8,N,0.49,0.65,,,,,,firms,VIIRS,VIIRS_NOAA21_NRT
-6.86961,111.90943,2025-06-30,1836,N21,n,2.0NRT,2.61,N,0.5,0.66,,,,,,firms,VIIRS,VIIRS_NOAA21_NRT
-3.80923,103.8164,2025-06-30,1836,N21,n,2.0NRT,2.67,N,0.42,0.38,,,,,,firms,VIIRS,VIIRS_NOAA21_NRT
-3.80637,103.82063,2025-06-30,1836,N21,n,2.0NRT,2.67,N,0.42,0.38,,,,,,firms,VIIRS,VIIRS_NOAA21_NRT
-3.80579,103.8169,2025-06-30,1836,N21,n,2.0NRT,2.67,N,0.42,0.38,,,,,,firms,VIIRS,VIIRS_NOAA21_NRT
-3.80521,103.81319,2025-06-30,1836,N21,n,2.0NRT,1.85,N,0.42,0.38,,,,,,firms,VIIRS,VIIRS_NOAA21_NRT
-3.72724,103.71793,2025-06-30,1836,N21,n,2.0NRT,1.51,N,0.42,0.37,,,,,,firms,VIIRS,VIIRS_NOAA21_NRT
-3.72667,103.7142,2025-06-30,1836,N21,n,2.0NRT,1.51,N,0.42,0.37,,,,,,firms,VIIRS,VIIRS_NOAA21_NRT
-3.72325,103.71474,2025-06-30,1836,N21,n,2.0NRT,3.08,N,0.42,0.37,,,,,,firms,VIIRS,VIIRS_NOAA21_NRT
-3.68965,103.65525,2025-06-30,1836,N21,n,2.0NRT,1.5,N,0.41,0.37,,,,,,firms,VIIRS,VIIRS_NOAA21_NRT
-3.31616,104.32684,2025-06-30,1836,N21,n,2.0NRT,1.15,N,0.44,0.38,,,,,,firms,VIIRS,VIIRS_NOAA21_NRT
-3.30796,104.32011,2025-06-30,1836,N21,n,2.0NRT,0.7,N,0.44,0.38,,,,,,firms,VIIRS,VIIRS_NOAA21_NRT
-3.10206,104.70199,2025-06-30,1836,N21,n,2.0NRT,0.28,N,0.45,0.39,,,,,,firms,VIIRS,VIIRS_NOAA21_NRT
-2.84202,102.98096,2025-06-30,1836,N21,n,2.0NRT,0.75,N,0.39,0.36,,,,,,firms,VIIRS,VIIRS_NOAA21_NRT
-2.48828,103.13267,2025-06-30,1836,N21,n,2.0NRT,0.39,N,0.39,0.37,,,,,,firms,VIIRS,VIIRS_NOAA21_NRT
-2.08426,102.5509,2025-06-30,1836,N21,n,2.0NRT,0.83,N,0.39,0.36,,,,,,firms,VIIRS,VIIRS_NOAA21_NRT
-2.08096,102.55142,2025-06-30,1836,N21,n,2.0NRT,0.72,N,0.39,0.36,,,,,,firms,VIIRS,VIIRS_NOAA21_NRT
-2.02051,103.8013,2025-06-30,1836,N21,n,2.0NRT,3.99,N,0.41,0.37,,,,,,firms,VIIRS,VIIRS_NOAA21_NRT
-1.90451,103.0115,2025-06-30,1836,N21,n,2.0NRT,0.61,N,0.39,0.36,,,,,,firms,VIIRS,VIIRS_NOAA21_NRT
-1.47098,102.60818,2025-06-30,1836,N21,n,2.0NRT,0.52,N,0.39,0.36,,,,,,firms,VIIRS,VIIRS_NOAA21_NRT
-9.82875,119.69468,2025-07-01,531,N21,n,2.0NRT,2.91,D,0.38,0.36,,,,,,firms,VIIRS,VIIRS_NOAA21_NRT
-9.79754,120.53889,2025-07-01,531,N21,n,2.0NRT,7.73,D,0.39,0.36,,,,,,firms,VIIRS,VIIRS_NOAA21_NRT
-9.79699,120.54243,2025-07-01,531,N21,n,2.0NRT,7.14,D,0.39,0.36,,,,,,firms,VIIRS,VIIRS_NOAA21_NRT
-9.79421,120.53838,2025-07-01,531,N21,n,2.0NRT,38.16,D,0.39,0.36,,,,,,firms,VIIRS,VIIRS_NOAA21_NRT
-9.76746,120.58075,2025-07-01,531,N21,n,2.0NRT,7.35,D,0.39,0.36,,,,,,firms,VIIRS,VIIRS_NOAA21_NRT
-9.76468,120.57669,2025-07-01,531,N21,n,2.0NRT,5.19,D,0.39,0.36,,,,,,firms,VIIRS,VIIRS_NOAA21_NRT
-9.41631,119.36814,2025-07-01,531,N21,n,2.0NRT,3.72,D,0.38,0.36,,,,,,firms,VIIRS,VIIRS_NOAA21_NRT
-9.40557,119.88326,2025-07-01,531,N21,n,2.0NRT,2.83,D,0.38,0.36,,,,,,firms,VIIRS,VIIRS_NOAA21_NRT
-9.33303,119.91478,2025-07-01,531,N21,n,2.0NRT,5.74,D,0.38,0.36,,,,,,firms,VIIRS,VIIRS_NOAA21_NRT
-8.24905,113.84718,2025-07-01,531,N21,n,2.0NRT,3.86,D,0.42,0.46,,,,,,firms,VIIRS,VIIRS_NOAA21_NRT
-8.2485,113.85104,2025-07-01,531,N21,n,2.0NRT,4.85,D,0.42,0.46,,,,,,firms,VIIRS,VIIRS_NOAA21_NRT
-7.73686,114.25769,2025-07-01,531,N21,n,2.0NRT,3.02,D,0.39,0.44,,,,,,firms,VIIRS,VIIRS_NOAA21_NRT
-3.5693,114.75215,2025-07-01,533,N21,n,2.0NRT,3.07,D,0.49,0.4,,,,,,firms,VIIRS,VIIRS_NOAA21_NRT
-3.49696,119.08931,2025-07-01,533,N21,n,2.0NRT,1.54,D,0.39,0.36,,,,,,firms,VIIRS,VIIRS_NOAA21_NRT
-3.36148,105.36392,2025-07-01,533,N21,n,2.0NRT,6.35,D,0.7,0.75,,,,,,firms,VIIRS,VIIRS_NOAA21_NRT
-3.27936,115.20655,2025-07-01,533,N21,n,2.0NRT,6.12,D,0.46,0.39,,,,,,firms,VIIRS,VIIRS_NOAA21_NRT
-3.20818,115.9459,2025-07-01,533,N21,n,2.0NRT,5.17,D,0.43,0.38,,,,,,firms,VIIRS,VIIRS_NOAA21_NRT
-3.1441,104.72829,2025-07-01,533,N21,n,2.0NRT,2.89,D,0.76,0.77,,,,,,firms,VIIRS,VIIRS_NOAA21_NRT
-3.12688,115.35152,2025-07-01,533,N21,n,2.0NRT,4.84,D,0.45,0.39,,,,,,firms,VIIRS,VIIRS_NOAA21_NRT
-2.56003,110.65456,2025-07-01,533,N21,n,2.0NRT,4.07,D,0.58,0.52,,,,,,firms,VIIRS,VIIRS_NOAA21_NRT
-2.39312,115.58552,2025-07-01,533,N21,n,2.0NRT,3.13,D,0.44,0.38,,,,,,firms,VIIRS,VIIRS_NOAA21_NRT
-2.30069,116.03875,2025-07-01,533,N21,n,2.0NRT,3.51,D,0.42,0.37,,,,,,firms,VIIRS,VIIRS_NOAA21_NRT
-2.22603,115.95156,2025-07-01,533,N21,n,2.0NRT,6.96,D,0.42,0.38,,,,,,firms,VIIRS,VIIRS_NOAA21_NRT
-2.21028,115.49932,2025-07-01,533,N21,n,2.0NRT,7.0,D,0.44,0.38,,,,,,firms,VIIRS,VIIRS_NOAA21_NRT
-2.02197,112.18863,2025-07-01,533,N21,n,2.0NRT,2.95,D,0.45,0.47,,,,,,firms,VIIRS,VIIRS_NOAA21_NRT
-1.62579,115.17308,2025-07-01,533,N21,n,2.0NRT,4.2,D,0.45,0.39,,,,,,firms,VIIRS,VIIRS_NOAA21_NRT
-1.50525,113.92442,2025-07-01,533,N21,n,2.0NRT,5.73,D,0.51,0.41,,,,,,firms,VIIRS,VIIRS_NOAA21_NRT
-0.86541,117.06555,2025-07-01,533,N21,n,2.0NRT,6.2,D,0.39,0.36,,,,,,firms,VIIRS,VIIRS_NOAA21_NRT
-0.62126,115.94434,2025-07-01,533,N21,n,2.0NRT,10.93,D,0.41,0.37,,,,,,firms,VIIRS,VIIRS_NOAA21_NRT
-0.56601,116.10301,2025-07-01,533,N21,n,2.0NRT,2.28,D,0.4,0.37,,,,,,firms,VIIRS,VIIRS_NOAA21_NRT
-0.45095,104.31902,2025-07-01,533,N21,n,2.0NRT,14.85,D,0.74,0.76,,,,,,firms,VIIRS,VIIRS_NOAA21_NRT
-0.38468,116.7169,2025-07-01,533,N21,n,2.0NRT,2.83,D,0.39,0.36,,,,,,firms,VIIRS,VIIRS_NOAA21_NRT
-0.34083,116.22234,2025-07-01,533,N21,n,2.0NRT,6.98,D,0.4,0.37,,,,,,firms,VIIRS,VIIRS_NOAA21_NRT
-0.21878,117.00372,2025-07-01,533,N21,n,2.0NRT,4.96,D,0.39,0.36,,,,,,firms,VIIRS,VIIRS_NOAA21_NRT
-0.20184,109.33141,2025-07-01,533,N21,n,2.0NRT,3.98,D,0.33,0.55,,,,,,firms,VIIRS,VIIRS_NOAA21_NRT
-0.19724,109.32777,2025-07-01,533,N21,n,2.0NRT,33.44,D,0.33,0.55,,,,,,firms,VIIRS,VIIRS_NOAA21_NRT
-0.1968,109.33068,2025-07-01,533,N21,h,2.0NRT,46.35,D,0.33,0.55,,,,,,firms,VIIRS,VIIRS_NOAA21_NRT
-0.19225,109.33021,2025-07-01,533,N21,n,2.0NRT,4.93,D,0.33,0.55,,,,,,firms,VIIRS,VIIRS_NOAA21_NRT
-0.18962,109.28198,2025-07-01,533,N21,h,2.0NRT,9.83,D,0.33,0.55,,,,,,firms,VIIRS,VIIRS_NOAA21_NRT
-0.18876,109.28159,2025-07-01,533,N21,h,2.0NRT,9.77,D,0.33,0.55,,,,,,firms,VIIRS,VIIRS_NOAA21_NRT
-0.17028,109.30614,2025-07-01,533,N21,n,2.0NRT,5.65,D,0.33,0.55,,,,,,firms,VIIRS,VIIRS_NOAA21_NRT
-0.12216,109.31693,2025-07-01,533,N21,n,2.0NRT,2.51,D,0.33,0.55,,,,,,firms,VIIRS,VIIRS_NOAA21_NRT
0.08544,117.4841,2025-07-01,533,N21,n,2.0NRT,1.36,D,0.38,0.36,,,,,,firms,VIIRS,VIIRS_NOAA21_NRT
0.21257,117.40009,2025-07-01,533,N21,n,2.0NRT,4.03,D,0.38,0.36,,,,,,firms,VIIRS,VIIRS_NOAA21_NRT
0.3321,110.31253,2025-07-01,533,N21,n,2.0NRT,7.3,D,0.55,0.51,,,,,,firms,VIIRS,VIIRS_NOAA21_NRT
0.37248,117.49144,2025-07-01,533,N21,n,2.0NRT,4.8,D,0.38,0.36,,,,,,firms,VIIRS,VIIRS_NOAA21_NRT
0.46231,109.47832,2025-07-01,533,N21,n,2.0NRT,6.17,D,0.63,0.54,,,,,,firms,VIIRS,VIIRS_NOAA21_NRT
0.49119,117.21937,2025-07-01,533,N21,n,2.0NRT,4.48,D,0.38,0.36,,,,,,firms,VIIRS,VIIRS_NOAA21_NRT
0.61308,117.44293,2025-07-01,533,N21,n,2.0NRT,4.1,D,0.38,0.36,,,,,,firms,VIIRS,VIIRS_NOAA21_NRT
0.62535,109.10518,2025-07-01,533,N21,n,2.0NRT,3.55,D,0.33,0.55,,,,,,firms,VIIRS,VIIRS_NOAA21_NRT
0.67125,117.53214,2025-07-01,533,N21,n,2.0NRT,4.29,D,0.38,0.36,,,,,,firms,VIIRS,VIIRS_NOAA21_NRT
0.67178,117.53555,2025-07-01,533,N21,n,2.0NRT,5.0,D,0.38,0.36,,,,,,firms,VIIRS,VIIRS_NOAA21_NRT
0.67648,117.56639,2025-07-01,533,N21,n,2.0NRT,6.3,D,0.38,0.36,,,,,,firms,VIIRS,VIIRS_NOAA21_NRT
0.68863,117.55757,2025-07-01,533,N21,n,2.0NRT,6.29,D,0.38,0.36,,,,,,firms,VIIRS,VIIRS_NOAA21_NRT
1.41884,118.24597,2025-07-01,533,N21,n,2.0NRT,7.57,D,0.39,0.36,,,,,,firms,VIIRS,VIIRS_NOAA21_NRT
1.52777,118.0896,2025-07-01,533,N21,n,2.0NRT,2.9,D,0.39,0.36,,,,,,firms,VIIRS,VIIRS_NOAA21_NRT
1.61761,117.96528,2025-07-01,533,N21,n,2.0NRT,2.84,D,0.39,0.36,,,,,,firms,VIIRS,VIIRS_NOAA21_NRT
0.92024,109.55183,2025-07-01,536,N21,n,2.0NRT,8.95,D,0.61,0.53,,,,,,firms,VIIRS,VIIRS_NOAA21_NRT
0.92368,109.5542,2025-07-01,536,N21,n,2.0NRT,8.82,D,0.61,0.53,,,,,,firms,VIIRS,VIIRS_NOAA21_NRT
1.37822,104.14915,2025-07-01,536,N21,n,2.0NRT,11.7,D,0.71,0.75,,,,,,firms,VIIRS,VIIRS_NOAA21_NRT
1.70864,111.90948,2025-07-01,536,N21,n,2.0NRT,2.53,D,0.41,0.45,,,,,,firms,VIIRS,VIIRS_NOAA21_NRT
1.95124,111.62417,2025-07-01,536,N21,n,2.0NRT,2.73,D,0.42,0.45,,,,,,firms,VIIRS,VIIRS_NOAA21_NRT
2.15967,112.12609,2025-07-01,536,N21,n,2.0NRT,3.3,D,0.39,0.44,,,,,,firms,VIIRS,VIIRS_NOAA21_NRT
2.30856,117.14563,2025-07-01,536,N21,n,2.0NRT,7.9,D,0.38,0.36,,,,,,firms,VIIRS,VIIRS_NOAA21_NRT
2.32346,118.00179,2025-07-01,536,N21,n,2.0NRT,12.46,D,0.39,0.36,,,,,,firms,VIIRS,VIIRS_NOAA21_NRT
2.51918,117.74706,2025-07-01,536,N21,n,2.0NRT,7.88,D,0.39,0.36,,,,,,firms,VIIRS,VIIRS_NOAA21_NRT
2.77722,117.40953,2025-07-01,536,N21,n,2.0NRT,2.86,D,0.39,0.36,,,,,,firms,VIIRS,VIIRS_NOAA21_NRT
3.24076,113.90451,2025-07-01,536,N21,n,2.0NRT,5.68,D,0.45,0.39,,,,,,firms,VIIRS,VIIRS_NOAA21_NRT
3.2413,113.90437,2025-07-01,536,N21,n,2.0NRT,7.22,D,0.45,0.39,,,,,,firms,VIIRS,VIIRS_NOAA21_NRT
3.27749,113.07185,2025-07-01,536,N21,n,2.0NRT,4.78,D,0.5,0.41,,,,,,firms,VIIRS,VIIRS_NOAA21_NRT
3.6511,113.42125,2025-07-01,536,N21,n,2.0NRT,6.24,D,0.47,0.4,,,,,,firms,VIIRS,VIIRS_NOAA21_NRT
4.026,108.26948,2025-07-01,536,N21,n,2.0NRT,2.16,D,0.33,0.56,,,,,,firms,VIIRS,VIIRS_NOAA21_NRT
4.22738,117.19669,2025-07-01,536,N21,n,2.0NRT,2.98,D,0.39,0.36,,,,,,firms,VIIRS,VIIRS_NOAA21_NRT
4.2279,117.20013,2025-07-01,536,N21,n,2.0NRT,2.98,D,0.39,0.36,,,,,,firms,VIIRS,VIIRS_NOAA21_NRT
4.54039,116.23872,2025-07-01,536,N21,n,2.0NRT,20.78,D,0.38,0.36,,,,,,firms,VIIRS,VIIRS_NOAA21_NRT
4.6165,114.34262,2025-07-01,536,N21,n,2.0NRT,4.81,D,0.42,0.38,,,,,,firms,VIIRS,VIIRS_NOAA21_NRT
4.68318,116.55014,2025-07-01,536,N21,n,2.0NRT,7.69,D,0.38,0.36,,,,,,firms,VIIRS,VIIRS_NOAA21_NRT
5.21317,116.28038,2025-07-01,536,N21,n,2.0NRT,4.99,D,0.38,0.36,,,,,,firms,VIIRS,VIIRS_NOAA21_NRT
5.27895,117.18128,2025-07-01,536,N21,n,2.0NRT,4.32,D,0.39,0.36,,,,,,firms,VIIRS,VIIRS_NOAA21_NRT
5.36305,115.54826,2025-07-01,536,N21,n,2.0NRT,4.6,D,0.39,0.36,,,,,,firms,VIIRS,VIIRS_NOAA21_NRT
5.9371,116.47514,2025-07-01,536,N21,n,2.0NRT,3.42,D,0.38,0.36,,,,,,firms,VIIRS,VIIRS_NOAA21_NRT
-4.29312,104.95377,2025-07-01,714,N21,n,2.0NRT,4.75,D,0.57,0.69,,,,,,firms,VIIRS,VIIRS_NOAA21_NRT
-3.96344,102.48132,2025-07-01,714,N21,n,2.0NRT,2.64,D,0.39,0.59,,,,,,firms,VIIRS,VIIRS_NOAA21_NRT
-3.80594,103.81787,2025-07-01,714,N21,n,2.0NRT,3.77,D,0.48,0.65,,,,,,firms,VIIRS,VIIRS_NOAA21_NRT
-3.69649,102.72504,2025-07-01,714,N21,n,2.0NRT,4.61,D,0.41,0.61,,,,,,firms,VIIRS,VIIRS_NOAA21_NRT
-3.12996,103.93528,2025-07-01,714,N21,n,2.0NRT,29.35,D,0.51,0.66,,,,,,firms,VIIRS,VIIRS_NOAA21_NRT
-3.12919,103.93983,2025-07-01,714,N21,n,2.0NRT,29.35,D,0.51,0.66,,,,,,firms,VIIRS,VIIRS_NOAA21_NRT
-2.87991,101.56724,2025-07-01,714,N21,n,2.0NRT,17.42,D,0.35,0.57,,,,,,firms,VIIRS,VIIRS_NOAA21_NRT
-2.87939,101.5704,2025-07-01,714,N21,l,2.0NRT,17.7,D,0.35,0.57,,,,,,firms,VIIRS,VIIRS_NOAA21_NRT
-2.87476,101.56625,2025-07-01,714,N21,n,2.0NRT,17.42,D,0.35,0.57,,,,,,firms,VIIRS,VIIRS_NOAA21_NRT
-2.87424,101.56939,2025-07-01,714,N21,n,2.0NRT,17.7,D,0.35,0.57,,,,,,firms,VIIRS,VIIRS_NOAA21_NRT
-2.72422,106.15099,2025-07-01,714,N21,n,2.0NRT,8.16,D,0.73,0.76,,,,,,firms,VIIRS,VIIRS_NOAA21_NRT
-2.63725,105.9129,2025-07-01,714,N21,n,2.0NRT,6.77,D,0.7,0.75,,,,,,firms,VIIRS,VIIRS_NOAA21_NRT
-2.63641,105.91331,2025-07-01,714,N21,n,2.0NRT,5.79,D,0.71,0.75,,,,,,firms,VIIRS,VIIRS_NOAA21_NRT
-2.56702,101.90109,2025-07-01,714,N21,n,2.0NRT,6.69,D,0.37,0.58,,,,,,firms,VIIRS,VIIRS_NOAA21_NRT
-2.53262,102.5739,2025-07-01,714,N21,n,2.0NRT,6.77,D,0.42,0.61,,,,,,firms,VIIRS,VIIRS_NOAA21_NRT
-2.28981,102.53348,2025-07-01,714,N21,h,2.0NRT,44.83,D,0.42,0.61,,,,,,firms,VIIRS,VIIRS_NOAA21_NRT
-2.28345,102.36569,2025-07-01,714,N21,n,2.0NRT,3.89,D,0.41,0.6,,,,,,firms,VIIRS,VIIRS_NOAA21_NRT
-1.77537,105.50895,2025-07-01,714,N21,n,2.0NRT,16.88,D,0.68,0.74,,,,,,firms,VIIRS,VIIRS_NOAA21_NRT
-1.77436,105.515,2025-07-01,714,N21,n,2.0NRT,16.88,D,0.68,0.74,,,,,,firms,VIIRS,VIIRS_NOAA21_NRT
-2.28328,102.36652,2025-07-01,716,N21,n,2.0NRT,3.72,D,0.41,0.6,,,,,,firms,VIIRS,VIIRS_NOAA21_NRT
-1.77987,105.50996,2025-07-01,716,N21,n,2.0NRT,22.16,D,0.68,0.74,,,,,,firms,VIIRS,VIIRS_NOAA21_NRT
-1.77889,105.51605,2025-07-01,716,N21,n,2.0NRT,19.5,D,0.68,0.74,,,,,,firms,VIIRS,VIIRS_NOAA21_NRT
-1.41695,101.84621,2025-07-01,716,N21,n,2.0NRT,6.19,D,0.39,0.59,,,,,,firms,VIIRS,VIIRS_NOAA21_NRT
-1.41523,101.84327,2025-07-01,716,N21,n,2.0NRT,4.88,D,0.39,0.59,,,,,,firms,VIIRS,VIIRS_NOAA21_NRT
-1.4079,100.57121,2025-07-01,716,N21,n,2.0NRT,27.58,D,0.63,0.54,,,,,,firms,VIIRS,VIIRS_NOAA21_NRT
-1.40709,100.56912,2025-07-01,716,N21,n,2.0NRT,14.57,D,0.63,0.54,,,,,,firms,VIIRS,VIIRS_NOAA21_NRT
-1.4063,100.57424,2025-07-01,716,N21,n,2.0NRT,14.81,D,0.63,0.54,,,,,,firms,VIIRS,VIIRS_NOAA21_NRT
-1.26447,102.78158,2025-07-01,716,N21,h,2.0NRT,14.29,D,0.45,0.63,,,,,,firms,VIIRS,VIIRS_NOAA21_NRT
-1.26397,102.77952,2025-07-01,716,N21,n,2.0NRT,19.79,D,0.45,0.63,,,,,,firms,VIIRS,VIIRS_NOAA21_NRT
-1.26377,102.78587,2025-07-01,716,N21,n,2.0NRT,14.29,D,0.45,0.63,,,,,,firms,VIIRS,VIIRS_NOAA21_NRT
-1.2633,102.78382,2025-07-01,716,N21,h,2.0NRT,27.38,D,0.45,0.63,,,,,,firms,VIIRS,VIIRS_NOAA21_NRT
-1.25873,102.78057,2025-07-01,716,N21,n,2.0NRT,5.79,D,0.45,0.63,,,,,,firms,VIIRS,VIIRS_NOAA21_NRT
-1.23235,98.6231,2025-07-01,716,N21,n,2.0NRT,4.18,D,0.47,0.47,,,,,,firms,VIIRS,VIIRS_NOAA21_NRT
-1.16631,101.81191,2025-07-01,716,N21,n,2.0NRT,4.14,D,0.39,0.59,,,,,,firms,VIIRS,VIIRS_NOAA21_NRT
-1.01496,101.6157,2025-07-01,716,N21,n,2.0NRT,2.18,D,0.38,0.59,,,,,,firms,VIIRS,VIIRS_NOAA21_NRT
-1.01256,101.61636,2025-07-01,716,N21,n,2.0NRT,2.06,D,0.38,0.59,,,,,,firms,VIIRS,VIIRS_NOAA21_NRT
-0.91497,103.33019,2025-07-01,716,N21,n,2.0NRT,4.77,D,0.5,0.66,,,,,,firms,VIIRS,VIIRS_NOAA21_NRT
-0.8459,102.22861,2025-07-01,716,N21,n,2.0NRT,5.23,D,0.42,0.61,,,,,,firms,VIIRS,VIIRS_NOAA21_NRT
-0.84024,102.22814,2025-07-01,716,N21,n,2.0NRT,5.23,D,0.42,0.61,,,,,,firms,VIIRS,VIIRS_NOAA21_NRT
-0.62742,100.59917,2025-07-01,716,N21,n,2.0NRT,3.54,D,0.33,0.55,,,,,,firms,VIIRS,VIIRS_NOAA21_NRT
-0.62737,100.60121,2025-07-01,716,N21,n,2.0NRT,2.86,D,0.33,0.55,,,,,,firms,VIIRS,VIIRS_NOAA21_NRT
-0.58471,100.67703,2025-07-01,716,N21,h,2.0NRT,8.2,D,0.33,0.55,,,,,,firms,VIIRS,VIIRS_NOAA21_NRT
-0.54773,100.8141,2025-07-01,716,N21,n,2.0NRT,4.21,D,0.34,0.56,,,,,,firms,VIIRS,VIIRS_NOAA21_NRT
-0.24305,103.03166,2025-07-01,716,N21,n,2.0NRT,6.67,D,0.49,0.65,,,,,,firms,VIIRS,VIIRS_NOAA21_NRT
-0.24094,103.02896,2025-07-01,716,N21,n,2.0NRT,3.92,D,0.49,0.65,,,,,,firms,VIIRS,VIIRS_NOAA21_NRT
-0.11667,102.3842,2025-07-01,716,N21,n,2.0NRT,3.99,D,0.44,0.63,,,,,,firms,VIIRS,VIIRS_NOAA21_NRT
0.16303,99.40117,2025-07-01,716,N21,n,2.0NRT,8.6,D,0.55,0.51,,,,,,firms,VIIRS,VIIRS_NOAA21_NRT
0.16511,99.39947,2025-07-01,716,N21,n,2.0NRT,8.96,D,0.55,0.51,,,,,,firms,VIIRS,VIIRS_NOAA21_NRT
0.22961,99.26012,2025-07-01,716,N21,n,2.0NRT,6.86,D,0.54,0.51,,,,,,firms,VIIRS,VIIRS_NOAA21_NRT
0.25685,99.22871,2025-07-01,716,N21,n,2.0NRT,3.88,D,0.54,0.51,,,,,,firms,VIIRS,VIIRS_NOAA21_NRT
0.27854,99.21531,2025-07-01,716,N21,n,2.0NRT,5.77,D,0.54,0.51,,,,,,firms,VIIRS,VIIRS_NOAA21_NRT
0.61765,100.02058,2025-07-01,716,N21,n,2.0NRT,22.88,D,0.62,0.54,,,,,,firms,VIIRS,VIIRS_NOAA21_NRT
1.04367,97.88026,2025-07-01,716,N21,n,2.0NRT,13.27,D,0.45,0.47,,,,,,firms,VIIRS,VIIRS_NOAA21_NRT
1.20462,99.2326,2025-07-01,716,N21,n,2.0NRT,11.47,D,0.56,0.52,,,,,,firms,VIIRS,VIIRS_NOAA21_NRT
1.28937,99.01144,2025-07-01,716,N21,n,2.0NRT,9.37,D,0.54,0.51,,,,,,firms,VIIRS,VIIRS_NOAA21_NRT
1.29112,99.01499,2025-07-01,716,N21,n,2.0NRT,7.54,D,0.54,0.51,,,,,,firms,VIIRS,VIIRS_NOAA21_NRT
1.37443,104.15919,2025-07-01,716,N21,n,2.0NRT,10.39,D,0.62,0.71,,,,,,firms,VIIRS,VIIRS_NOAA21_NRT
1.37758,97.30804,2025-07-01,716,N21,n,2.0NRT,12.02,D,0.42,0.45,,,,,,firms,VIIRS,VIIRS_NOAA21_NRT
1.3883,97.29497,2025-07-01,716,N21,n,2.0NRT,28.51,D,0.42,0.45,,,,,,firms,VIIRS,VIIRS_NOAA21_NRT
1.38886,97.29868,2025-07-01,716,N21,n,2.0NRT,5.51,D,0.42,0.45,,,,,,firms,VIIRS,VIIRS_NOAA21_NRT
1.39136,97.20374,2025-07-01,716,N21,n,2.0NRT,5.91,D,0.41,0.45,,,,,,firms,VIIRS,VIIRS_NOAA21_NRT
1.39192,97.20743,2025-07-01,716,N21,n,2.0NRT,4.92,D,0.41,0.45,,,,,,firms,VIIRS,VIIRS_NOAA21_NRT
1.39604,97.20683,2025-07-01,716,N21,n,2.0NRT,4.95,D,0.41,0.45,,,,,,firms,VIIRS,VIIRS_NOAA21_NRT
1.5723,99.59158,2025-07-01,716,N21,n,2.0NRT,7.14,D,0.6,0.53,,,,,,firms,VIIRS,VIIRS_NOAA21_NRT
1.67029,101.47742,2025-07-01,716,N21,n,2.0NRT,3.98,D,0.41,0.6,,,,,,firms,VIIRS,VIIRS_NOAA21_NRT
1.74458,98.6966,2025-07-01,716,N21,n,2.0NRT,11.25,D,0.52,0.5,,,,,,firms,VIIRS,VIIRS_NOAA21_NRT
1.7935,98.67757,2025-07-01,716,N21,n,2.0NRT,7.46,D,0.52,0.5,,,,,,firms,VIIRS,VIIRS_NOAA21_NRT
1.81772,99.43499,2025-07-01,716,N21,n,2.0NRT,23.32,D,0.59,0.53,,,,,,firms,VIIRS,VIIRS_NOAA21_NRT
1.8206,98.64007,2025-07-01,716,N21,n,2.0NRT,7.84,D,0.52,0.5,,,,,,firms,VIIRS,VIIRS_NOAA21_NRT
1.8213,98.64471,2025-07-01,716,N21,n,2.0NRT,7.73,D,0.52,0.5,,,,,,firms,VIIRS,VIIRS_NOAA21_NRT
1.82516,98.63937,2025-07-01,716,N21,n,2.0NRT,7.84,D,0.52,0.5,,,,,,firms,VIIRS,VIIRS_NOAA21_NRT
1.82586,98.644,2025-07-01,716,N21,n,2.0NRT,7.73,D,0.52,0.5,,,,,,firms,VIIRS,VIIRS_NOAA21_NRT
1.849,98.61214,2025-07-01,716,N21,n,2.0NRT,9.17,D,0.52,0.5,,,,,,firms,VIIRS,VIIRS_NOAA21_NRT
1.89037,100.32664,2025-07-01,716,N21,n,2.0NRT,4.13,D,0.34,0.56,,,,,,firms,VIIRS,VIIRS_NOAA21_NRT
1.92288,99.51788,2025-07-01,716,N21,n,2.0NRT,5.24,D,0.6,0.53,,,,,,firms,VIIRS,VIIRS_NOAA21_NRT
1.92364,99.48957,2025-07-01,716,N21,n,2.0NRT,13.89,D,0.6,0.53,,,,,,firms,VIIRS,VIIRS_NOAA21_NRT
1.92446,99.49506,2025-07-01,716,N21,n,2.0NRT,13.89,D,0.6,0.53,,,,,,firms,VIIRS,VIIRS_NOAA21_NRT
1.92578,98.6208,2025-07-01,716,N21,n,2.0NRT,3.04,D,0.52,0.5,,,,,,firms,VIIRS,VIIRS_NOAA21_NRT
1.96515,99.10731,2025-07-01,716,N21,n,2.0NRT,5.38,D,0.57,0.52,,,,,,firms,VIIRS,VIIRS_NOAA21_NRT
2.01904,98.61653,2025-07-01,716,N21,n,2.0NRT,13.44,D,0.52,0.5,,,,,,firms,VIIRS,VIIRS_NOAA21_NRT
2.05422,98.41986,2025-07-01,716,N21,n,2.0NRT,4.13,D,0.51,0.49,,,,,,firms,VIIRS,VIIRS_NOAA21_NRT
2.05655,98.4218,2025-07-01,716,N21,n,2.0NRT,6.2,D,0.51,0.49,,,,,,firms,VIIRS,VIIRS_NOAA21_NRT
2.08567,99.03095,2025-07-01,716,N21,n,2.0NRT,9.63,D,0.56,0.52,,,,,,firms,VIIRS,VIIRS_NOAA21_NRT
2.17028,98.87434,2025-07-01,716,N21,n,2.0NRT,8.23,D,0.55,0.51,,,,,,firms,VIIRS,VIIRS_NOAA21_NRT
2.21527,98.39112,2025-07-01,716,N21,n,2.0NRT,43.81,D,0.51,0.49,,,,,,firms,VIIRS,VIIRS_NOAA21_NRT
2.2247,98.21095,2025-07-01,716,N21,n,2.0NRT,3.7,D,0.49,0.49,,,,,,firms,VIIRS,VIIRS_NOAA21_NRT
2.23068,98.16663,2025-07-01,716,N21,n,2.0NRT,6.47,D,0.49,0.49,,,,,,firms,VIIRS,VIIRS_NOAA21_NRT
2.2314,98.16551,2025-07-01,716,N21,n,2.0NRT,7.64,D,0.49,0.49,,,,,,firms,VIIRS,VIIRS_NOAA21_NRT
2.23512,98.16594,2025-07-01,716,N21,n,2.0NRT,4.58,D,0.49,0.49,,,,,,firms,VIIRS,VIIRS_NOAA21_NRT
2.23583,98.16479,2025-07-01,716,N21,n,2.0NRT,5.75,D,0.49,0.49,,,,,,firms,VIIRS,VIIRS_NOAA21_NRT
2.24584,98.11533,2025-07-01,716,N21,n,2.0NRT,4.3,D,0.49,0.48,,,,,,firms,VIIRS,VIIRS_NOAA21_NRT
2.24893,98.46107,2025-07-01,716,N21,n,2.0NRT,3.56,D,0.51,0.5,,,,,,firms,VIIRS,VIIRS_NOAA21_NRT
2.26263,100.01097,2025-07-01,716,N21,h,2.0NRT,7.72,D,0.33,0.55,,,,,,firms,VIIRS,VIIRS_NOAA21_NRT
2.26308,100.01392,2025-07-01,716,N21,n,2.0NRT,7.72,D,0.33,0.55,,,,,,firms,VIIRS,VIIRS_NOAA21_NRT
2.28535,98.82725,2025-07-01,716,N21,n,2.0NRT,4.96,D,0.55,0.51,,,,,,firms,VIIRS,VIIRS_NOAA21_NRT
2.2966,98.87047,2025-07-01,716,N21,n,2.0NRT,20.9,D,0.55,0.51,,,,,,firms,VIIRS,VIIRS_NOAA21_NRT
2.30054,98.8649,2025-07-01,716,N21,n,2.0NRT,28.47,D,0.55,0.51,,,,,,firms,VIIRS,VIIRS_NOAA21_NRT
2.30274,98.87954,2025-07-01,716,N21,n,2.0NRT,5.35,D,0.55,0.51,,,,,,firms,VIIRS,VIIRS_NOAA21_NRT
2.31069,99.49646,2025-07-01,716,N21,n,2.0NRT,14.74,D,0.61,0.53,,,,,,firms,VIIRS,VIIRS_NOAA21_NRT
2.31216,99.49241,2025-07-01,716,N21,n,2.0NRT,4.62,D,0.61,0.53,,,,,,firms,VIIRS,VIIRS_NOAA21_NRT
2.32848,98.73649,2025-07-01,716,N21,n,2.0NRT,3.84,D,0.54,0.51,,,,,,firms,VIIRS,VIIRS_NOAA21_NRT
2.33757,99.47566,2025-07-01,716,N21,n,2.0NRT,24.01,D,0.61,0.53,,,,,,firms,VIIRS,VIIRS_NOAA21_NRT
2.36065,98.83155,2025-07-01,716,N21,n,2.0NRT,8.58,D,0.55,0.51,,,,,,firms,VIIRS,VIIRS_NOAA21_NRT
2.36147,98.8371,2025-07-01,716,N21,n,2.0NRT,8.21,D,0.55,0.51,,,,,,firms,VIIRS,VIIRS_NOAA21_NRT
2.54365,98.57639,2025-07-01,716,N21,n,2.0NRT,5.83,D,0.53,0.5,,,,,,firms,VIIRS,VIIRS_NOAA21_NRT
2.54782,98.63676,2025-07-01,716,N21,n,2.0NRT,9.5,D,0.54,0.5,,,,,,firms,VIIRS,VIIRS_NOAA21_NRT
2.54824,98.57574,2025-07-01,716,N21,n,2.0NRT,11.76,D,0.53,0.5,,,,,,firms,VIIRS,VIIRS_NOAA21_NRT
2.55157,98.63022,2025-07-01,716,N21,n,2.0NRT,9.5,D,0.54,0.5,,,,,,firms,VIIRS,VIIRS_NOAA21_NRT
2.5564,98.63109,2025-07-01,716,N21,n,2.0NRT,10.4,D,0.54,0.5,,,,,,firms,VIIRS,VIIRS_NOAA21_NRT
2.56132,98.56905,2025-07-01,716,N21,n,2.0NRT,6.81,D,0.53,0.5,,,,,,firms,VIIRS,VIIRS_NOAA21_NRT
2.57524,97.9676,2025-07-01,716,N21,n,2.0NRT,4.5,D,0.48,0.48,,,,,,firms,VIIRS,VIIRS_NOAA21_NRT
2.61926,97.86741,2025-07-01,716,N21,n,2.0NRT,4.23,D,0.47,0.48,,,,,,firms,VIIRS,VIIRS_NOAA21_NRT
2.62268,97.86526,2025-07-01,716,N21,n,2.0NRT,4.35,D,0.47,0.48,,,,,,firms,VIIRS,VIIRS_NOAA21_NRT
2.64806,97.81985,2025-07-01,716,N21,n,2.0NRT,7.52,D,0.47,0.48,,,,,,firms,VIIRS,VIIRS_NOAA21_NRT
2.66128,98.79239,2025-07-01,716,N21,n,2.0NRT,7.91,D,0.55,0.51,,,,,,firms,VIIRS,VIIRS_NOAA21_NRT
2.66179,97.82212,2025-07-01,716,N21,n,2.0NRT,6.05,D,0.47,0.48,,,,,,firms,VIIRS,VIIRS_NOAA21_NRT
2.66616,97.82146,2025-07-01,716,N21,n,2.0NRT,6.05,D,0.47,0.48,,,,,,firms,VIIRS,VIIRS_NOAA21_NRT
2.67547,97.76448,2025-07-01,716,N21,n,2.0NRT,7.79,D,0.47,0.48,,,,,,firms,VIIRS,VIIRS_NOAA21_NRT
2.6761,97.76865,2025-07-01,716,N21,n,2.0NRT,7.79,D,0.47,0.48,,,,,,firms,VIIRS,VIIRS_NOAA21_NRT
2.68045,97.76801,2025-07-01,716,N21,n,2.0NRT,7.11,D,0.47,0.48,,,,,,firms,VIIRS,VIIRS_NOAA21_NRT
2.68047,97.79781,2025-07-01,716,N21,n,2.0NRT,2.8,D,0.47,0.48,,,,,,firms,VIIRS,VIIRS_NOAA21_NRT
2.68108,97.77219,2025-07-01,716,N21,n,2.0NRT,10.51,D,0.47,0.48,,,,,,firms,VIIRS,VIIRS_NOAA21_NRT
2.68359,97.78888,2025-07-01,716,N21,l,2.0NRT,8.84,D,0.47,0.48,,,,,,firms,VIIRS,VIIRS_NOAA21_NRT
2.69668,97.78699,2025-07-01,716,N21,n,2.0NRT,11.29,D,0.47,0.48,,,,,,firms,VIIRS,VIIRS_NOAA21_NRT
2.70742,98.06838,2025-07-01,716,N21,n,2.0NRT,4.88,D,0.49,0.49,,,,,,firms,VIIRS,VIIRS_NOAA21_NRT
2.70848,97.77666,2025-07-01,716,N21,n,2.0NRT,11.83,D,0.47,0.48,,,,,,firms,VIIRS,VIIRS_NOAA21_NRT
2.71022,98.74915,2025-07-01,716,N21,n,2.0NRT,8.41,D,0.55,0.51,,,,,,firms,VIIRS,VIIRS_NOAA21_NRT
2.71347,97.7802,2025-07-01,716,N21,n,2.0NRT,11.83,D,0.47,0.48,,,,,,firms,VIIRS,VIIRS_NOAA21_NRT
2.71409,97.77686,2025-07-01,716,N21,n,2.0NRT,10.6,D,0.47,0.48,,,,,,firms,VIIRS,VIIRS_NOAA21_NRT
2.7147,97.78106,2025-07-01,716,N21,n,2.0NRT,10.6,D,0.47,0.48,,,,,,firms,VIIRS,VIIRS_NOAA21_NRT
2.74849,98.56565,2025-07-01,716,N21,n,2.0NRT,7.48,D,0.53,0.5,,,,,,firms,VIIRS,VIIRS_NOAA21_NRT
2.82575,97.67939,2025-07-01,716,N21,n,2.0NRT,2.63,D,0.46,0.47,,,,,,firms,VIIRS,VIIRS_NOAA21_NRT
2.83998,97.68579,2025-07-01,716,N21,n,2.0NRT,13.67,D,0.47,0.47,,,,,,firms,VIIRS,VIIRS_NOAA21_NRT
2.84059,97.68994,2025-07-01,716,N21,n,2.0NRT,5.67,D,0.47,0.47,,,,,,firms,VIIRS,VIIRS_NOAA21_NRT
2.85099,97.79117,2025-07-01,716,N21,n,2.0NRT,2.64,D,0.47,0.48,,,,,,firms,VIIRS,VIIRS_NOAA21_NRT
2.90154,97.83029,2025-07-01,716,N21,n,2.0NRT,5.0,D,0.48,0.48,,,,,,firms,VIIRS,VIIRS_NOAA21_NRT
2.97303,97.98033,2025-07-01,716,N21,n,2.0NRT,7.48,D,0.49,0.49,,,,,,firms,VIIRS,VIIRS_NOAA21_NRT
3.00757,97.52271,2025-07-01,716,N21,n,2.0NRT,13.07,D,0.46,0.47,,,,,,firms,VIIRS,VIIRS_NOAA21_NRT
3.01025,97.52268,2025-07-01,716,N21,n,2.0NRT,10.57,D,0.46,0.47,,,,,,firms,VIIRS,VIIRS_NOAA21_NRT
3.03493,97.39252,2025-07-01,716,N21,n,2.0NRT,8.55,D,0.45,0.47,,,,,,firms,VIIRS,VIIRS_NOAA21_NRT
3.04038,97.39986,2025-07-01,716,N21,n,2.0NRT,7.26,D,0.45,0.47,,,,,,firms,VIIRS,VIIRS_NOAA21_NRT
3.12013,98.09207,2025-07-01,716,N21,n,2.0NRT,3.09,D,0.5,0.49,,,,,,firms,VIIRS,VIIRS_NOAA21_NRT
3.13809,97.93629,2025-07-01,716,N21,n,2.0NRT,4.45,D,0.49,0.48,,,,,,firms,VIIRS,VIIRS_NOAA21_NRT
3.33842,97.13462,2025-07-01,716,N21,n,2.0NRT,16.01,D,0.43,0.46,,,,,,firms,VIIRS,VIIRS_NOAA21_NRT
3.42355,97.12379,2025-07-01,716,N21,n,2.0NRT,3.31,D,0.44,0.46,,,,,,firms,VIIRS,VIIRS_NOAA21_NRT
3.61988,101.07825,2025-07-01,716,N21,n,2.0NRT,2.99,D,0.41,0.61,,,,,,firms,VIIRS,VIIRS_NOAA21_NRT
3.63713,101.07649,2025-07-01,716,N21,n,2.0NRT,2.89,D,0.41,0.61,,,,,,firms,VIIRS,VIIRS_NOAA21_NRT
3.76998,97.61402,2025-07-01,716,N21,n,2.0NRT,7.44,D,0.47,0.48,,,,,,firms,VIIRS,VIIRS_NOAA21_NRT
3.77073,97.61462,2025-07-01,716,N21,n,2.0NRT,9.12,D,0.48,0.48,,,,,,firms,VIIRS,VIIRS_NOAA21_NRT
3.95128,97.32324,2025-07-01,716,N21,n,2.0NRT,4.82,D,0.46,0.47,,,,,,firms,VIIRS,VIIRS_NOAA21_NRT
4.03968,97.01749,2025-07-01,716,N21,n,2.0NRT,3.49,D,0.44,0.46,,,,,,firms,VIIRS,VIIRS_NOAA21_NRT
4.04104,97.37715,2025-07-01,716,N21,n,2.0NRT,3.86,D,0.46,0.47,,,,,,firms,VIIRS,VIIRS_NOAA21_NRT
4.11063,96.56024,2025-07-01,716,N21,n,2.0NRT,5.35,D,0.41,0.45,,,,,,firms,VIIRS,VIIRS_NOAA21_NRT
4.16231,96.25961,2025-07-01,716,N21,n,2.0NRT,6.42,D,0.39,0.44,,,,,,firms,VIIRS,VIIRS_NOAA21_NRT
4.16633,96.25902,2025-07-01,716,N21,n,2.0NRT,6.42,D,0.39,0.44,,,,,,firms,VIIRS,VIIRS_NOAA21_NRT
4.37825,95.97929,2025-07-01,716,N21,n,2.0NRT,16.42,D,0.57,0.43,,,,,,firms,VIIRS,VIIRS_NOAA21_NRT
4.38221,95.97873,2025-07-01,716,N21,n,2.0NRT,16.42,D,0.57,0.43,,,,,,firms,VIIRS,VIIRS_NOAA21_NRT
4.40021,96.01771,2025-07-01,716,N21,n,2.0NRT,6.02,D,0.57,0.43,,,,,,firms,VIIRS,VIIRS_NOAA21_NRT
4.40256,96.01473,2025-07-01,716,N21,n,2.0NRT,5.91,D,0.57,0.43,,,,,,firms,VIIRS,VIIRS_NOAA21_NRT
4.43317,96.5162,2025-07-01,716,N21,n,2.0NRT,3.14,D,0.41,0.45,,,,,,firms,VIIRS,VIIRS_NOAA21_NRT
4.4442,96.07796,2025-07-01,716,N21,n,2.0NRT,4.49,D,0.39,0.44,,,,,,firms,VIIRS,VIIRS_NOAA21_NRT
4.49709,96.80569,2025-07-01,716,N21,n,2.0NRT,3.04,D,0.43,0.46,,,,,,firms,VIIRS,VIIRS_NOAA21_NRT
4.4975,96.75101,2025-07-01,716,N21,n,2.0NRT,29.12,D,0.43,0.46,,,,,,firms,VIIRS,VIIRS_NOAA21_NRT
4.50174,96.75092,2025-07-01,716,N21,n,2.0NRT,12.57,D,0.43,0.46,,,,,,firms,VIIRS,VIIRS_NOAA21_NRT
4.51647,96.75302,2025-07-01,716,N21,n,2.0NRT,5.39,D,0.43,0.46,,,,,,firms,VIIRS,VIIRS_NOAA21_NRT
4.52718,96.67968,2025-07-01,716,N21,n,2.0NRT,8.75,D,0.42,0.45,,,,,,firms,VIIRS,VIIRS_NOAA21_NRT
4.50989,95.78461,2025-07-01,718,N21,n,2.0NRT,9.39,D,0.56,0.43,,,,,,firms,VIIRS,VIIRS_NOAA21_NRT
4.59417,95.67439,2025-07-01,718,N21,n,2.0NRT,4.87,D,0.55,0.43,,,,,,firms,VIIRS,VIIRS_NOAA21_NRT
4.64805,96.64998,2025-07-01,718,N21,n,2.0NRT,12.22,D,0.42,0.45,,,,,,firms,VIIRS,VIIRS_NOAA21_NRT
4.64937,96.6009,2025-07-01,718,N21,n,2.0NRT,3.51,D,0.42,0.45,,,,,,firms,VIIRS,VIIRS_NOAA21_NRT
4.6531,96.65549,2025-07-01,718,N21,n,2.0NRT,19.92,D,0.42,0.45,,,,,,firms,VIIRS,VIIRS_NOAA21_NRT
4.70585,97.04926,2025-07-01,718,N21,n,2.0NRT,3.96,D,0.45,0.47,,,,,,firms,VIIRS,VIIRS_NOAA21_NRT
4.73407,96.61424,2025-07-01,718,N21,n,2.0NRT,3.71,D,0.42,0.45,,,,,,firms,VIIRS,VIIRS_NOAA21_NRT
4.74138,96.6358,2025-07-01,718,N21,n,2.0NRT,5.33,D,0.42,0.45,,,,,,firms,VIIRS,VIIRS_NOAA21_NRT
5.14443,96.43081,2025-07-01,718,N21,n,2.0NRT,5.5,D,0.42,0.45,,,,,,firms,VIIRS,VIIRS_NOAA21_NRT
5.32613,95.60389,2025-07-01,718,N21,n,2.0NRT,19.54,D,0.56,0.43,,,,,,firms,VIIRS,VIIRS_NOAA21_NRT
5.32618,95.60669,2025-07-01,718,N21,n,2.0NRT,5.63,D,0.56,0.43,,,,,,firms,VIIRS,VIIRS_NOAA21_NRT
5.33005,95.60332,2025-07-01,718,N21,n,2.0NRT,19.54,D,0.56,0.43,,,,,,firms,VIIRS,VIIRS_NOAA21_NRT
-10.45202,121.99049,2025-07-01,1637,N21,n,2.0NRT,1.45,N,0.32,0.54,,,,,,firms,VIIRS,VIIRS_NOAA21_NRT
-10.45105,121.98919,2025-07-01,1637,N21,n,2.0NRT,1.78,N,0.32,0.54,,,,,,firms,VIIRS,VIIRS_NOAA21_NRT
-8.48075,118.50832,2025-07-01,1637,N21,n,2.0NRT,2.29,N,0.6,0.7,,,,,,firms,VIIRS,VIIRS_NOAA21_NRT
3.27857,113.07262,2025-07-01,1813,N21,n,2.0NRT,3.41,N,0.4,0.44,,,,,,firms,VIIRS,VIIRS_NOAA21_NRT
3.28086,113.08386,2025-07-01,1813,N21,n,2.0NRT,1.99,N,0.4,0.44,,,,,,firms,VIIRS,VIIRS_NOAA21_NRT
3.28143,113.08038,2025-07-01,1813,N21,n,2.0NRT,4.15,N,0.4,0.44,,,,,,firms,VIIRS,VIIRS_NOAA21_NRT
3.28487,113.0846,2025-07-01,1813,N21,n,2.0NRT,1.99,N,0.4,0.44,,,,,,firms,VIIRS,VIIRS_NOAA21_NRT
3.28832,113.08881,2025-07-01,1813,N21,n,2.0NRT,3.77,N,0.4,0.44,,,,,,firms,VIIRS,VIIRS_NOAA21_NRT
3.28889,113.08533,2025-07-01,1813,N21,n,2.0NRT,3.77,N,0.4,0.44,,,,,,firms,VIIRS,VIIRS_NOAA21_NRT
3.52323,113.31406,2025-07-01,1813,N21,n,2.0NRT,2.86,N,0.41,0.45,,,,,,firms,VIIRS,VIIRS_NOAA21_NRT
3.53489,113.34589,2025-07-01,1813,N21,n,2.0NRT,0.98,N,0.41,0.45,,,,,,firms,VIIRS,VIIRS_NOAA21_NRT
3.5366,113.30881,2025-07-01,1813,N21,n,2.0NRT,1.58,N,0.41,0.45,,,,,,firms,VIIRS,VIIRS_NOAA21_NRT
3.54247,113.35086,2025-07-01,1813,N21,n,2.0NRT,1.55,N,0.41,0.45,,,,,,firms,VIIRS,VIIRS_NOAA21_NRT
3.5463,113.35077,2025-07-01,1813,N21,n,2.0NRT,0.98,N,0.41,0.45,,,,,,firms,VIIRS,VIIRS_NOAA21_NRT
3.60419,112.41246,2025-07-01,1813,N21,n,2.0NRT,5.61,N,0.54,0.42,,,,,,firms,VIIRS,VIIRS_NOAA21_NRT
3.88756,113.99117,2025-07-01,1813,N21,n,2.0NRT,0.68,N,0.45,0.47,,,,,,firms,VIIRS,VIIRS_NOAA21_NRT
4.61579,114.34312,2025-07-01,1813,N21,n,2.0NRT,1.78,N,0.46,0.47,,,,,,firms,VIIRS,VIIRS_NOAA21_NRT
4.7384,113.72983,2025-07-01,1813,N21,n,2.0NRT,2.29,N,0.42,0.45,,,,,,firms,VIIRS,VIIRS_NOAA21_NRT
5.58569,104.47465,2025-07-01,1813,N21,n,2.0NRT,1.32,N,0.52,0.41,,,,,,firms,VIIRS,VIIRS_NOAA21_NRT
5.87463,114.29645,2025-07-01,1813,N21,n,2.0NRT,3.38,N,0.44,0.46,,,,,,firms,VIIRS,VIIRS_NOAA21_NRT
-3.41194,104.14629,2025-07-01,1815,N21,n,2.0NRT,1.76,N,0.43,0.38,,,,,,firms,VIIRS,VIIRS_NOAA21_NRT
-2.80515,106.31268,2025-07-01,1815,N21,n,2.0NRT,1.98,N,0.38,0.36,,,,,,firms,VIIRS,VIIRS_NOAA21_NRT
-2.55576,104.77009,2025-07-01,1815,N21,n,2.0NRT,1.25,N,0.41,0.37,,,,,,firms,VIIRS,VIIRS_NOAA21_NRT
-2.51432,103.41567,2025-07-01,1815,N21,n,2.0NRT,3.0,N,0.47,0.4,,,,,,firms,VIIRS,VIIRS_NOAA21_NRT
-2.51365,103.41146,2025-07-01,1815,N21,n,2.0NRT,3.0,N,0.47,0.4,,,,,,firms,VIIRS,VIIRS_NOAA21_NRT
-2.4879,103.13508,2025-07-01,1815,N21,n,2.0NRT,1.18,N,0.49,0.4,,,,,,firms,VIIRS,VIIRS_NOAA21_NRT
-2.01858,103.80096,2025-07-01,1815,N21,n,2.0NRT,1.76,N,0.46,0.39,,,,,,firms,VIIRS,VIIRS_NOAA21_NRT
-2.01768,103.80219,2025-07-01,1815,N21,n,2.0NRT,1.9,N,0.46,0.39,,,,,,firms,VIIRS,VIIRS_NOAA21_NRT
-1.79171,105.42727,2025-07-01,1815,N21,n,2.0NRT,0.46,N,0.4,0.37,,,,,,firms,VIIRS,VIIRS_NOAA21_NRT
-1.79114,105.4237,2025-07-01,1815,N21,n,2.0NRT,0.46,N,0.4,0.37,,,,,,firms,VIIRS,VIIRS_NOAA21_NRT
-1.57451,103.68515,2025-07-01,1815,N21,n,2.0NRT,2.07,N,0.47,0.4,,,,,,firms,VIIRS,VIIRS_NOAA21_NRT
-1.57156,103.68988,2025-07-01,1815,N21,n,2.0NRT,2.07,N,0.47,0.4,,,,,,firms,VIIRS,VIIRS_NOAA21_NRT
-1.57009,103.68893,2025-07-01,1815,N21,n,2.0NRT,1.59,N,0.47,0.4,,,,,,firms,VIIRS,VIIRS_NOAA21_NRT
-1.565,103.69516,2025-07-01,1815,N21,n,2.0NRT,1.24,N,0.47,0.4,,,,,,firms,VIIRS,VIIRS_NOAA21_NRT
-1.2631,102.78427,2025-07-01,1815,N21,n,2.0NRT,2.14,N,0.53,0.42,,,,,,firms,VIIRS,VIIRS_NOAA21_NRT
-1.26237,102.77966,2025-07-01,1815,N21,n,2.0NRT,2.14,N,0.53,0.42,,,,,,firms,VIIRS,VIIRS_NOAA21_NRT
-1.25927,102.78486,2025-07-01,1815,N21,n,2.0NRT,3.62,N,0.53,0.42,,,,,,firms,VIIRS,VIIRS_NOAA21_NRT
-1.25855,102.78027,2025-07-01,1815,N21,n,2.0NRT,3.62,N,0.53,0.42,,,,,,firms,VIIRS,VIIRS_NOAA21_NRT
-1.24102,102.76857,2025-07-01,1815,N21,n,2.0NRT,9.86,N,0.53,0.42,,,,,,firms,VIIRS,VIIRS_NOAA21_NRT
-1.24028,102.76392,2025-07-01,1815,N21,n,2.0NRT,9.86,N,0.53,0.42,,,,,,firms,VIIRS,VIIRS_NOAA21_NRT
-1.23318,102.44275,2025-07-01,1815,N21,n,2.0NRT,0.7,N,0.55,0.43,,,,,,firms,VIIRS,VIIRS_NOAA21_NRT
-1.21593,103.41414,2025-07-01,1815,N21,n,2.0NRT,1.19,N,0.49,0.4,,,,,,firms,VIIRS,VIIRS_NOAA21_NRT
-1.16739,103.33932,2025-07-01,1815,N21,n,2.0NRT,0.65,N,0.49,0.41,,,,,,firms,VIIRS,VIIRS_NOAA21_NRT
-0.98938,103.33404,2025-07-01,1815,N21,n,2.0NRT,2.29,N,0.5,0.41,,,,,,firms,VIIRS,VIIRS_NOAA21_NRT
-0.19643,109.3315,2025-07-01,1815,N21,n,2.0NRT,1.01,N,0.42,0.38,,,,,,firms,VIIRS,VIIRS_NOAA21_NRT
-0.19585,109.32776,2025-07-01,1815,N21,n,2.0NRT,1.15,N,0.42,0.38,,,,,,firms,VIIRS,VIIRS_NOAA21_NRT
-0.1718,109.30856,2025-07-01,1815,N21,n,2.0NRT,1.98,N,0.42,0.38,,,,,,firms,VIIRS,VIIRS_NOAA21_NRT
-0.16895,109.31282,2025-07-01,1815,N21,n,2.0NRT,1.39,N,0.42,0.38,,,,,,firms,VIIRS,VIIRS_NOAA21_NRT
-0.16837,109.3091,2025-07-01,1815,N21,n,2.0NRT,1.98,N,0.42,0.38,,,,,,firms,VIIRS,VIIRS_NOAA21_NRT
-0.1634,109.34356,2025-07-01,1815,N21,n,2.0NRT,1.62,N,0.42,0.38,,,,,,firms,VIIRS,VIIRS_NOAA21_NRT
-0.16212,109.31322,2025-07-01,1815,N21,n,2.0NRT,1.99,N,0.42,0.38,,,,,,firms,VIIRS,VIIRS_NOAA21_NRT
-0.16209,109.31389,2025-07-01,1815,N21,n,2.0NRT,2.05,N,0.42,0.38,,,,,,firms,VIIRS,VIIRS_NOAA21_NRT
-0.15997,109.34409,2025-07-01,1815,N21,n,2.0NRT,5.27,N,0.42,0.38,,,,,,firms,VIIRS,VIIRS_NOAA21_NRT
-0.1244,109.31908,2025-07-01,1815,N21,n,2.0NRT,1.53,N,0.42,0.38,,,,,,firms,VIIRS,VIIRS_NOAA21_NRT
-0.12382,109.31537,2025-07-01,1815,N21,n,2.0NRT,1.11,N,0.42,0.38,,,,,,firms,VIIRS,VIIRS_NOAA21_NRT
-0.12039,109.3159,2025-07-01,1815,N21,n,2.0NRT,0.85,N,0.42,0.38,,,,,,firms,VIIRS,VIIRS_NOAA21_NRT
-0.11424,109.36654,2025-07-01,1815,N21,n,2.0NRT,0.71,N,0.42,0.38,,,,,,firms,VIIRS,VIIRS_NOAA21_NRT
-0.10937,103.04831,2025-07-01,1815,N21,n,2.0NRT,1.06,N,0.53,0.42,,,,,,firms,VIIRS,VIIRS_NOAA21_NRT
-0.08784,109.33239,2025-07-01,1815,N21,n,2.0NRT,2.03,N,0.42,0.38,,,,,,firms,VIIRS,VIIRS_NOAA21_NRT
-0.03908,103.04239,2025-07-01,1815,N21,n,2.0NRT,3.08,N,0.53,0.42,,,,,,firms,VIIRS,VIIRS_NOAA21_NRT
0.27507,99.2009,2025-07-01,1815,N21,n,2.0NRT,0.94,N,0.32,0.55,,,,,,firms,VIIRS,VIIRS_NOAA21_NRT
0.44311,101.893,2025-07-01,1815,N21,n,2.0NRT,4.04,N,0.42,0.45,,,,,,firms,VIIRS,VIIRS_NOAA21_NRT
0.5368,101.60358,2025-07-01,1815,N21,n,2.0NRT,1.56,N,0.44,0.46,,,,,,firms,VIIRS,VIIRS_NOAA21_NRT
0.6792,100.46622,2025-07-01,1815,N21,n,2.0NRT,1.5,N,0.53,0.5,,,,,,firms,VIIRS,VIIRS_NOAA21_NRT
0.67958,100.46391,2025-07-01,1815,N21,n,2.0NRT,1.48,N,0.53,0.5,,,,,,firms,VIIRS,VIIRS_NOAA21_NRT
0.6836,101.11823,2025-07-01,1815,N21,n,2.0NRT,3.27,N,0.48,0.48,,,,,,firms,VIIRS,VIIRS_NOAA21_NRT
0.68389,101.11817,2025-07-01,1815,N21,n,2.0NRT,1.72,N,0.48,0.48,,,,,,firms,VIIRS,VIIRS_NOAA21_NRT
0.82862,100.19202,2025-07-01,1815,N21,n,2.0NRT,0.56,N,0.56,0.51,,,,,,firms,VIIRS,VIIRS_NOAA21_NRT
0.83092,100.19347,2025-07-01,1815,N21,n,2.0NRT,1.43,N,0.56,0.51,,,,,,firms,VIIRS,VIIRS_NOAA21_NRT
0.83334,100.19254,2025-07-01,1815,N21,n,2.0NRT,1.17,N,0.56,0.51,,,,,,firms,VIIRS,VIIRS_NOAA21_NRT
0.83564,100.19402,2025-07-01,1815,N21,n,2.0NRT,1.43,N,0.56,0.51,,,,,,firms,VIIRS,VIIRS_NOAA21_NRT
0.83808,100.193,2025-07-01,1815,N21,n,2.0NRT,1.17,N,0.56,0.51,,,,,,firms,VIIRS,VIIRS_NOAA21_NRT
1.05619,101.27534,2025-07-01,1815,N21,n,2.0NRT,1.53,N,0.47,0.48,,,,,,firms,VIIRS,VIIRS_NOAA21_NRT
1.45399,98.81989,2025-07-01,1815,N21,n,2.0NRT,1.28,N,0.35,0.57,,,,,,firms,VIIRS,VIIRS_NOAA21_NRT
1.4545,98.8166,2025-07-01,1815,N21,n,2.0NRT,1.64,N,0.36,0.57,,,,,,firms,VIIRS,VIIRS_NOAA21_NRT
1.5568,101.53781,2025-07-01,1815,N21,n,2.0NRT,2.37,N,0.46,0.47,,,,,,firms,VIIRS,VIIRS_NOAA21_NRT
1.67064,101.47375,2025-07-01,1815,N21,n,2.0NRT,0.57,N,0.47,0.48,,,,,,firms,VIIRS,VIIRS_NOAA21_NRT
1.81964,99.43661,2025-07-01,1815,N21,n,2.0NRT,0.44,N,0.33,0.55,,,,,,firms,VIIRS,VIIRS_NOAA21_NRT
1.82013,98.64054,2025-07-01,1815,N21,n,2.0NRT,2.06,N,0.37,0.58,,,,,,firms,VIIRS,VIIRS_NOAA21_NRT
1.82056,98.64352,2025-07-01,1815,N21,n,2.0NRT,1.51,N,0.37,0.58,,,,,,firms,VIIRS,VIIRS_NOAA21_NRT
1.82107,98.64024,2025-07-01,1815,N21,n,2.0NRT,1.51,N,0.37,0.58,,,,,,firms,VIIRS,VIIRS_NOAA21_NRT
1.82543,98.64137,2025-07-01,1815,N21,n,2.0NRT,2.06,N,0.37,0.58,,,,,,firms,VIIRS,VIIRS_NOAA21_NRT
1.82586,98.64435,2025-07-01,1815,N21,n,2.0NRT,1.51,N,0.37,0.58,,,,,,firms,VIIRS,VIIRS_NOAA21_NRT
1.82637,98.64104,2025-07-01,1815,N21,n,2.0NRT,1.51,N,0.37,0.58,,,,,,firms,VIIRS,VIIRS_NOAA21_NRT
1.84583,98.61387,2025-07-01,1815,N21,n,2.0NRT,1.07,N,0.37,0.58,,,,,,firms,VIIRS,VIIRS_NOAA21_NRT
1.85116,98.61463,2025-07-01,1815,N21,n,2.0NRT,1.07,N,0.37,0.58,,,,,,firms,VIIRS,VIIRS_NOAA21_NRT
2.04707,100.52679,2025-07-01,1815,N21,n,2.0NRT,0.88,N,0.55,0.51,,,,,,firms,VIIRS,VIIRS_NOAA21_NRT
2.29798,99.46322,2025-07-01,1815,N21,n,2.0NRT,0.59,N,0.33,0.55,,,,,,firms,VIIRS,VIIRS_NOAA21_NRT
-8.11212,112.92789,2025-07-01,1817,N21,n,2.0NRT,7.09,N,0.57,0.52,,,,,,firms,VIIRS,VIIRS_NOAA21_NRT
-7.73203,114.2393,2025-07-01,1817,N21,n,2.0NRT,0.52,N,0.35,0.56,,,,,,firms,VIIRS,VIIRS_NOAA21_NRT
-7.5433,110.44444,2025-07-01,1817,N21,n,2.0NRT,2.72,N,0.38,0.44,,,,,,firms,VIIRS,VIIRS_NOAA21_NRT
-7.46709,112.56136,2025-07-01,1817,N21,n,2.0NRT,0.53,N,0.53,0.5,,,,,,firms,VIIRS,VIIRS_NOAA21_NRT
-7.34348,111.16634,2025-07-01,1817,N21,n,2.0NRT,0.61,N,0.42,0.45,,,,,,firms,VIIRS,VIIRS_NOAA21_NRT
-7.31643,111.27571,2025-07-01,1817,N21,n,2.0NRT,1.05,N,0.43,0.46,,,,,,firms,VIIRS,VIIRS_NOAA21_NRT
-7.24091,109.21468,2025-07-01,1817,N21,n,2.0NRT,0.93,N,0.49,0.4,,,,,,firms,VIIRS,VIIRS_NOAA21_NRT
-7.23966,111.73351,2025-07-01,1817,N21,n,2.0NRT,2.37,N,0.46,0.47,,,,,,firms,VIIRS,VIIRS_NOAA21_NRT
-7.01474,107.44384,2025-07-01,1817,N21,n,2.0NRT,0.41,N,0.41,0.37,,,,,,firms,VIIRS,VIIRS_NOAA21_NRT
-6.54879,108.0928,2025-07-01,1817,N21,n,2.0NRT,1.13,N,0.43,0.38,,,,,,firms,VIIRS,VIIRS_NOAA21_NRT
-6.24732,107.49487,2025-07-01,1817,N21,n,2.0NRT,0.56,N,0.4,0.37,,,,,,firms,VIIRS,VIIRS_NOAA21_NRT
-5.9102,107.92872,2025-07-01,1817,N21,n,2.0NRT,2.68,N,0.42,0.37,,,,,,firms,VIIRS,VIIRS_NOAA21_NRT
-10.02056,120.65266,2025-07-02,512,N21,n,2.0NRT,6.73,D,0.51,0.41,,,,,,firms,VIIRS,VIIRS_NOAA21_NRT
-10.01896,120.77262,2025-07-02,512,N21,n,2.0NRT,6.92,D,0.5,0.41,,,,,,firms,VIIRS,VIIRS_NOAA21_NRT
-10.01586,120.76759,2025-07-02,512,N21,n,2.0NRT,6.91,D,0.5,0.41,,,,,,firms,VIIRS,VIIRS_NOAA21_NRT
-10.01523,120.7721,2025-07-02,512,N21,n,2.0NRT,6.92,D,0.5,0.41,,,,,,firms,VIIRS,VIIRS_NOAA21_NRT
-9.90312,120.19763,2025-07-02,514,N21,n,2.0NRT,6.72,D,0.53,0.42,,,,,,firms,VIIRS,VIIRS_NOAA21_NRT
-9.89929,120.19691,2025-07-02,514,N21,n,2.0NRT,5.69,D,0.53,0.42,,,,,,firms,VIIRS,VIIRS_NOAA21_NRT
-9.81399,120.25703,2025-07-02,514,N21,n,2.0NRT,5.91,D,0.53,0.42,,,,,,firms,VIIRS,VIIRS_NOAA21_NRT
-9.78652,120.50208,2025-07-02,514,N21,n,2.0NRT,4.99,D,0.51,0.41,,,,,,firms,VIIRS,VIIRS_NOAA21_NRT
-9.67011,119.66395,2025-07-02,514,N21,n,2.0NRT,9.27,D,0.57,0.43,,,,,,firms,VIIRS,VIIRS_NOAA21_NRT
-9.66612,119.57693,2025-07-02,514,N21,n,2.0NRT,2.75,D,0.39,0.44,,,,,,firms,VIIRS,VIIRS_NOAA21_NRT
-9.66561,120.18041,2025-07-02,514,N21,n,2.0NRT,5.06,D,0.53,0.42,,,,,,firms,VIIRS,VIIRS_NOAA21_NRT
-9.63078,119.59685,2025-07-02,514,N21,n,2.0NRT,3.57,D,0.38,0.43,,,,,,firms,VIIRS,VIIRS_NOAA21_NRT
-9.55575,120.1366,2025-07-02,514,N21,n,2.0NRT,9.98,D,0.53,0.42,,,,,,firms,VIIRS,VIIRS_NOAA21_NRT
-9.55328,120.12617,2025-07-02,514,N21,n,2.0NRT,6.21,D,0.53,0.42,,,,,,firms,VIIRS,VIIRS_NOAA21_NRT
-9.55259,120.13112,2025-07-02,514,N21,n,2.0NRT,6.21,D,0.53,0.42,,,,,,firms,VIIRS,VIIRS_NOAA21_NRT
-9.44738,119.90517,2025-07-02,514,N21,n,2.0NRT,16.31,D,0.55,0.43,,,,,,firms,VIIRS,VIIRS_NOAA21_NRT
-9.44447,119.902,2025-07-02,514,N21,n,2.0NRT,17.66,D,0.55,0.43,,,,,,firms,VIIRS,VIIRS_NOAA21_NRT
-9.44348,119.90464,2025-07-02,514,N21,n,2.0NRT,16.31,D,0.55,0.43,,,,,,firms,VIIRS,VIIRS_NOAA21_NRT
-8.99356,124.93195,2025-07-02,514,N21,n,2.0NRT,2.24,D,0.39,0.36,,,,,,firms,VIIRS,VIIRS_NOAA21_NRT
-8.75461,117.79023,2025-07-02,514,N21,n,2.0NRT,7.19,D,0.49,0.48,,,,,,firms,VIIRS,VIIRS_NOAA21_NRT
-8.67389,118.36307,2025-07-02,514,N21,n,2.0NRT,4.03,D,0.45,0.47,,,,,,firms,VIIRS,VIIRS_NOAA21_NRT
-8.61498,117.69366,2025-07-02,514,N21,n,2.0NRT,4.18,D,0.49,0.49,,,,,,firms,VIIRS,VIIRS_NOAA21_NRT
-8.54451,126.01817,2025-07-02,514,N21,l,2.0NRT,2.73,D,0.41,0.37,,,,,,firms,VIIRS,VIIRS_NOAA21_NRT
-8.49359,126.40386,2025-07-02,514,N21,n,2.0NRT,4.97,D,0.42,0.38,,,,,,firms,VIIRS,VIIRS_NOAA21_NRT
-8.49298,126.40768,2025-07-02,514,N21,n,2.0NRT,4.97,D,0.42,0.38,,,,,,firms,VIIRS,VIIRS_NOAA21_NRT
-8.49014,126.40334,2025-07-02,514,N21,n,2.0NRT,4.97,D,0.42,0.38,,,,,,firms,VIIRS,VIIRS_NOAA21_NRT
-8.43263,117.51923,2025-07-02,514,N21,n,2.0NRT,11.59,D,0.5,0.49,,,,,,firms,VIIRS,VIIRS_NOAA21_NRT
-8.34239,124.14661,2025-07-02,514,N21,n,2.0NRT,6.39,D,0.38,0.36,,,,,,firms,VIIRS,VIIRS_NOAA21_NRT
-8.26542,118.47481,2025-07-02,514,N21,n,2.0NRT,2.91,D,0.43,0.46,,,,,,firms,VIIRS,VIIRS_NOAA21_NRT
-7.73146,112.06577,2025-07-02,514,N21,n,2.0NRT,6.92,D,0.59,0.7,,,,,,firms,VIIRS,VIIRS_NOAA21_NRT
-6.96976,110.52625,2025-07-02,514,N21,n,2.0NRT,8.19,D,0.73,0.76,,,,,,firms,VIIRS,VIIRS_NOAA21_NRT
-6.96971,110.52362,2025-07-02,514,N21,n,2.0NRT,11.33,D,0.73,0.76,,,,,,firms,VIIRS,VIIRS_NOAA21_NRT
-2.8213,110.27052,2025-07-02,516,N21,n,2.0NRT,9.48,D,0.67,0.73,,,,,,firms,VIIRS,VIIRS_NOAA21_NRT
-1.979,111.75249,2025-07-02,516,N21,n,2.0NRT,7.14,D,0.51,0.66,,,,,,firms,VIIRS,VIIRS_NOAA21_NRT
-1.87979,110.35046,2025-07-02,516,N21,n,2.0NRT,2.89,D,0.64,0.72,,,,,,firms,VIIRS,VIIRS_NOAA21_NRT
-1.42908,113.02277,2025-07-02,516,N21,n,2.0NRT,8.81,D,0.41,0.6,,,,,,firms,VIIRS,VIIRS_NOAA21_NRT
-1.42853,113.02637,2025-07-02,516,N21,n,2.0NRT,7.17,D,0.41,0.6,,,,,,firms,VIIRS,VIIRS_NOAA21_NRT
-1.4252,113.01109,2025-07-02,516,N21,h,2.0NRT,25.88,D,0.41,0.6,,,,,,firms,VIIRS,VIIRS_NOAA21_NRT
-0.87332,117.07018,2025-07-02,516,N21,n,2.0NRT,2.25,D,0.42,0.45,,,,,,firms,VIIRS,VIIRS_NOAA21_NRT
-0.72966,114.25282,2025-07-02,516,N21,n,2.0NRT,2.52,D,0.33,0.55,,,,,,firms,VIIRS,VIIRS_NOAA21_NRT
-0.66712,116.1114,2025-07-02,516,N21,n,2.0NRT,19.17,D,0.48,0.48,,,,,,firms,VIIRS,VIIRS_NOAA21_NRT
-0.66271,116.11077,2025-07-02,516,N21,n,2.0NRT,9.93,D,0.48,0.48,,,,,,firms,VIIRS,VIIRS_NOAA21_NRT
-0.19692,109.3291,2025-07-02,516,N21,n,2.0NRT,19.73,D,0.71,0.75,,,,,,firms,VIIRS,VIIRS_NOAA21_NRT
-0.15977,109.34304,2025-07-02,516,N21,n,2.0NRT,12.2,D,0.7,0.75,,,,,,firms,VIIRS,VIIRS_NOAA21_NRT
-0.08325,109.33054,2025-07-02,516,N21,n,2.0NRT,11.05,D,0.7,0.75,,,,,,firms,VIIRS,VIIRS_NOAA21_NRT
-0.02601,119.67306,2025-07-02,516,N21,n,2.0NRT,3.54,D,0.44,0.38,,,,,,firms,VIIRS,VIIRS_NOAA21_NRT
0.13288,110.06616,2025-07-02,516,N21,n,2.0NRT,7.5,D,0.62,0.71,,,,,,firms,VIIRS,VIIRS_NOAA21_NRT
0.1378,109.8096,2025-07-02,516,N21,n,2.0NRT,9.56,D,0.65,0.73,,,,,,firms,VIIRS,VIIRS_NOAA21_NRT
0.24911,116.43147,2025-07-02,516,N21,n,2.0NRT,6.29,D,0.45,0.47,,,,,,firms,VIIRS,VIIRS_NOAA21_NRT
0.36197,116.45993,2025-07-02,516,N21,n,2.0NRT,17.01,D,0.44,0.46,,,,,,firms,VIIRS,VIIRS_NOAA21_NRT
0.57002,117.20173,2025-07-02,516,N21,n,2.0NRT,13.46,D,0.39,0.44,,,,,,firms,VIIRS,VIIRS_NOAA21_NRT
0.69934,116.74258,2025-07-02,516,N21,n,2.0NRT,3.83,D,0.42,0.45,,,,,,firms,VIIRS,VIIRS_NOAA21_NRT
0.75804,111.18996,2025-07-02,516,N21,n,2.0NRT,3.89,D,0.51,0.66,,,,,,firms,VIIRS,VIIRS_NOAA21_NRT
0.80449,117.43663,2025-07-02,516,N21,n,2.0NRT,3.33,D,0.57,0.43,,,,,,firms,VIIRS,VIIRS_NOAA21_NRT
0.80752,117.434,2025-07-02,516,N21,n,2.0NRT,9.05,D,0.57,0.43,,,,,,firms,VIIRS,VIIRS_NOAA21_NRT
0.90757,110.74545,2025-07-02,516,N21,h,2.0NRT,39.75,D,0.54,0.68,,,,,,firms,VIIRS,VIIRS_NOAA21_NRT
0.91335,110.74441,2025-07-02,516,N21,h,2.0NRT,35.37,D,0.54,0.68,,,,,,firms,VIIRS,VIIRS_NOAA21_NRT
0.91369,110.74415,2025-07-02,516,N21,h,2.0NRT,39.75,D,0.54,0.68,,,,,,firms,VIIRS,VIIRS_NOAA21_NRT
0.93471,111.3737,2025-07-02,516,N21,n,2.0NRT,4.86,D,0.49,0.65,,,,,,firms,VIIRS,VIIRS_NOAA21_NRT
0.93692,111.37308,2025-07-02,516,N21,n,2.0NRT,5.63,D,0.49,0.65,,,,,,firms,VIIRS,VIIRS_NOAA21_NRT
1.02538,111.78288,2025-07-02,516,N21,n,2.0NRT,11.81,D,0.46,0.63,,,,,,firms,VIIRS,VIIRS_NOAA21_NRT
1.03106,111.78146,2025-07-02,516,N21,h,2.0NRT,11.81,D,0.46,0.63,,,,,,firms,VIIRS,VIIRS_NOAA21_NRT
1.03169,111.78533,2025-07-02,516,N21,n,2.0NRT,22.16,D,0.46,0.63,,,,,,firms,VIIRS,VIIRS_NOAA21_NRT
1.03412,109.78474,2025-07-02,516,N21,n,2.0NRT,4.42,D,0.63,0.72,,,,,,firms,VIIRS,VIIRS_NOAA21_NRT
1.04842,110.07376,2025-07-02,516,N21,n,2.0NRT,5.82,D,0.6,0.71,,,,,,firms,VIIRS,VIIRS_NOAA21_NRT
1.05202,112.36511,2025-07-02,516,N21,n,2.0NRT,2.03,D,0.41,0.61,,,,,,firms,VIIRS,VIIRS_NOAA21_NRT
1.06785,110.11191,2025-07-02,516,N21,n,2.0NRT,9.82,D,0.6,0.7,,,,,,firms,VIIRS,VIIRS_NOAA21_NRT
1.42134,118.20308,2025-07-02,516,N21,n,2.0NRT,7.58,D,0.5,0.41,,,,,,firms,VIIRS,VIIRS_NOAA21_NRT
1.91887,109.53078,2025-07-02,516,N21,n,2.0NRT,8.46,D,0.63,0.72,,,,,,firms,VIIRS,VIIRS_NOAA21_NRT
1.91989,109.53079,2025-07-02,516,N21,n,2.0NRT,11.08,D,0.63,0.72,,,,,,firms,VIIRS,VIIRS_NOAA21_NRT
2.06386,112.90697,2025-07-02,516,N21,n,2.0NRT,5.09,D,0.37,0.58,,,,,,firms,VIIRS,VIIRS_NOAA21_NRT
2.12685,117.7989,2025-07-02,516,N21,n,2.0NRT,6.72,D,0.52,0.41,,,,,,firms,VIIRS,VIIRS_NOAA21_NRT
2.21969,117.57185,2025-07-02,516,N21,n,2.0NRT,13.19,D,0.53,0.42,,,,,,firms,VIIRS,VIIRS_NOAA21_NRT
3.04137,113.80986,2025-07-02,516,N21,n,2.0NRT,3.44,D,0.61,0.53,,,,,,firms,VIIRS,VIIRS_NOAA21_NRT
3.05437,117.19964,2025-07-02,516,N21,n,2.0NRT,3.96,D,0.55,0.42,,,,,,firms,VIIRS,VIIRS_NOAA21_NRT
3.05615,117.20102,2025-07-02,516,N21,n,2.0NRT,7.74,D,0.55,0.42,,,,,,firms,VIIRS,VIIRS_NOAA21_NRT
3.2519,113.34634,2025-07-02,516,N21,n,2.0NRT,4.62,D,0.33,0.55,,,,,,firms,VIIRS,VIIRS_NOAA21_NRT
3.25223,115.40901,2025-07-02,516,N21,n,2.0NRT,20.62,D,0.47,0.48,,,,,,firms,VIIRS,VIIRS_NOAA21_NRT
3.27534,115.4143,2025-07-02,516,N21,n,2.0NRT,3.14,D,0.47,0.48,,,,,,firms,VIIRS,VIIRS_NOAA21_NRT
3.2784,113.0722,2025-07-02,516,N21,n,2.0NRT,2.38,D,0.34,0.56,,,,,,firms,VIIRS,VIIRS_NOAA21_NRT
3.28976,115.42102,2025-07-02,516,N21,n,2.0NRT,2.93,D,0.47,0.48,,,,,,firms,VIIRS,VIIRS_NOAA21_NRT
3.29413,115.42051,2025-07-02,516,N21,n,2.0NRT,2.93,D,0.47,0.48,,,,,,firms,VIIRS,VIIRS_NOAA21_NRT
3.5245,113.31374,2025-07-02,516,N21,n,2.0NRT,5.96,D,0.32,0.55,,,,,,firms,VIIRS,VIIRS_NOAA21_NRT
3.60495,112.41087,2025-07-02,516,N21,n,2.0NRT,3.22,D,0.37,0.58,,,,,,firms,VIIRS,VIIRS_NOAA21_NRT
3.81544,114.78563,2025-07-02,516,N21,n,2.0NRT,5.38,D,0.51,0.49,,,,,,firms,VIIRS,VIIRS_NOAA21_NRT
4.97736,112.98039,2025-07-02,518,N21,h,2.0NRT,10.16,D,0.32,0.55,,,,,,firms,VIIRS,VIIRS_NOAA21_NRT
4.99326,115.77859,2025-07-02,518,N21,n,2.0NRT,7.49,D,0.42,0.45,,,,,,firms,VIIRS,VIIRS_NOAA21_NRT
4.99461,115.77895,2025-07-02,518,N21,n,2.0NRT,7.96,D,0.42,0.45,,,,,,firms,VIIRS,VIIRS_NOAA21_NRT
5.50395,117.01326,2025-07-02,518,N21,n,2.0NRT,9.36,D,0.52,0.41,,,,,,firms,VIIRS,VIIRS_NOAA21_NRT
-4.74951,104.99497,2025-07-02,657,N21,n,2.0NRT,4.73,D,0.53,0.5,,,,,,firms,VIIRS,VIIRS_NOAA21_NRT
-3.86952,104.04288,2025-07-02,657,N21,n,2.0NRT,6.36,D,0.47,0.48,,,,,,firms,VIIRS,VIIRS_NOAA21_NRT
-3.75649,105.15804,2025-07-02,657,N21,n,2.0NRT,10.98,D,0.56,0.52,,,,,,firms,VIIRS,VIIRS_NOAA21_NRT
-3.75565,105.16306,2025-07-02,657,N21,n,2.0NRT,12.14,D,0.56,0.52,,,,,,firms,VIIRS,VIIRS_NOAA21_NRT
-3.75464,105.16,2025-07-02,657,N21,n,2.0NRT,17.64,D,0.56,0.52,,,,,,firms,VIIRS,VIIRS_NOAA21_NRT
-3.50821,102.167,2025-07-02,657,N21,n,2.0NRT,6.66,D,0.54,0.42,,,,,,firms,VIIRS,VIIRS_NOAA21_NRT
-3.50451,103.02285,2025-07-02,657,N21,n,2.0NRT,7.53,D,0.41,0.45,,,,,,firms,VIIRS,VIIRS_NOAA21_NRT
-3.50434,102.16635,2025-07-02,657,N21,n,2.0NRT,6.66,D,0.54,0.42,,,,,,firms,VIIRS,VIIRS_NOAA21_NRT
-3.46159,102.00001,2025-07-02,657,N21,n,2.0NRT,49.03,D,0.53,0.42,,,,,,firms,VIIRS,VIIRS_NOAA21_NRT
-3.4043,104.55381,2025-07-02,657,N21,n,2.0NRT,5.1,D,0.52,0.5,,,,,,firms,VIIRS,VIIRS_NOAA21_NRT
-3.39056,104.52306,2025-07-02,657,N21,n,2.0NRT,21.66,D,0.52,0.5,,,,,,firms,VIIRS,VIIRS_NOAA21_NRT
-3.38908,104.53227,2025-07-02,657,N21,n,2.0NRT,8.23,D,0.52,0.5,,,,,,firms,VIIRS,VIIRS_NOAA21_NRT
-3.25802,101.76437,2025-07-02,657,N21,n,2.0NRT,16.64,D,0.52,0.41,,,,,,firms,VIIRS,VIIRS_NOAA21_NRT
-3.25645,101.74973,2025-07-02,657,N21,n,2.0NRT,10.05,D,0.52,0.41,,,,,,firms,VIIRS,VIIRS_NOAA21_NRT
-3.19608,104.41459,2025-07-02,657,N21,n,2.0NRT,9.43,D,0.51,0.49,,,,,,firms,VIIRS,VIIRS_NOAA21_NRT
-3.18552,107.67094,2025-07-02,657,N21,n,2.0NRT,12.03,D,0.43,0.62,,,,,,firms,VIIRS,VIIRS_NOAA21_NRT
-3.16482,103.59872,2025-07-02,657,N21,n,2.0NRT,19.43,D,0.45,0.47,,,,,,firms,VIIRS,VIIRS_NOAA21_NRT
-3.16416,103.60275,2025-07-02,657,N21,n,2.0NRT,19.43,D,0.45,0.47,,,,,,firms,VIIRS,VIIRS_NOAA21_NRT
-3.15528,107.71314,2025-07-02,657,N21,n,2.0NRT,3.01,D,0.43,0.62,,,,,,firms,VIIRS,VIIRS_NOAA21_NRT
-3.14658,103.38926,2025-07-02,657,N21,n,2.0NRT,45.84,D,0.44,0.46,,,,,,firms,VIIRS,VIIRS_NOAA21_NRT
-3.14237,103.38857,2025-07-02,657,N21,l,2.0NRT,45.84,D,0.44,0.46,,,,,,firms,VIIRS,VIIRS_NOAA21_NRT
-3.08927,104.03575,2025-07-02,657,N21,n,2.0NRT,4.47,D,0.48,0.48,,,,,,firms,VIIRS,VIIRS_NOAA21_NRT
-3.06749,103.28481,2025-07-02,657,N21,n,2.0NRT,8.41,D,0.43,0.46,,,,,,firms,VIIRS,VIIRS_NOAA21_NRT
-3.0596,103.3352,2025-07-02,657,N21,n,2.0NRT,6.0,D,0.43,0.46,,,,,,firms,VIIRS,VIIRS_NOAA21_NRT
-3.04093,103.55901,2025-07-02,657,N21,n,2.0NRT,3.72,D,0.45,0.47,,,,,,firms,VIIRS,VIIRS_NOAA21_NRT
-3.03394,103.68275,2025-07-02,657,N21,n,2.0NRT,50.71,D,0.46,0.47,,,,,,firms,VIIRS,VIIRS_NOAA21_NRT
-2.93882,106.45455,2025-07-02,657,N21,h,2.0NRT,19.0,D,0.36,0.57,,,,,,firms,VIIRS,VIIRS_NOAA21_NRT
-2.78259,103.44169,2025-07-02,657,N21,n,2.0NRT,4.64,D,0.45,0.47,,,,,,firms,VIIRS,VIIRS_NOAA21_NRT
-2.76616,106.25671,2025-07-02,657,N21,n,2.0NRT,2.16,D,0.35,0.57,,,,,,firms,VIIRS,VIIRS_NOAA21_NRT
-2.76172,106.31664,2025-07-02,657,N21,h,2.0NRT,11.16,D,0.35,0.57,,,,,,firms,VIIRS,VIIRS_NOAA21_NRT
-2.72556,102.80486,2025-07-02,657,N21,n,2.0NRT,5.88,D,0.41,0.45,,,,,,firms,VIIRS,VIIRS_NOAA21_NRT
-2.72528,102.80521,2025-07-02,657,N21,n,2.0NRT,6.12,D,0.41,0.45,,,,,,firms,VIIRS,VIIRS_NOAA21_NRT
-2.71251,103.20172,2025-07-02,657,N21,n,2.0NRT,7.26,D,0.43,0.46,,,,,,firms,VIIRS,VIIRS_NOAA21_NRT
-2.69592,102.83383,2025-07-02,657,N21,n,2.0NRT,12.65,D,0.41,0.45,,,,,,firms,VIIRS,VIIRS_NOAA21_NRT
-2.65036,106.33877,2025-07-02,657,N21,n,2.0NRT,10.31,D,0.35,0.57,,,,,,firms,VIIRS,VIIRS_NOAA21_NRT
-2.64972,106.14775,2025-07-02,657,N21,h,2.0NRT,7.79,D,0.34,0.56,,,,,,firms,VIIRS,VIIRS_NOAA21_NRT
-2.64624,106.05428,2025-07-02,657,N21,n,2.0NRT,3.2,D,0.34,0.56,,,,,,firms,VIIRS,VIIRS_NOAA21_NRT
-2.61917,106.49747,2025-07-02,657,N21,n,2.0NRT,5.34,D,0.36,0.58,,,,,,firms,VIIRS,VIIRS_NOAA21_NRT
-2.41155,102.62547,2025-07-02,657,N21,n,2.0NRT,3.35,D,0.4,0.44,,,,,,firms,VIIRS,VIIRS_NOAA21_NRT
-2.41099,102.62907,2025-07-02,657,N21,n,2.0NRT,3.35,D,0.4,0.44,,,,,,firms,VIIRS,VIIRS_NOAA21_NRT
-2.37115,102.51347,2025-07-02,657,N21,n,2.0NRT,5.32,D,0.39,0.44,,,,,,firms,VIIRS,VIIRS_NOAA21_NRT
-2.36028,102.5299,2025-07-02,657,N21,n,2.0NRT,3.07,D,0.4,0.44,,,,,,firms,VIIRS,VIIRS_NOAA21_NRT
-2.33049,102.66433,2025-07-02,657,N21,n,2.0NRT,4.46,D,0.4,0.44,,,,,,firms,VIIRS,VIIRS_NOAA21_NRT
-2.31126,103.43073,2025-07-02,657,N21,n,2.0NRT,4.5,D,0.45,0.47,,,,,,firms,VIIRS,VIIRS_NOAA21_NRT
-2.28506,100.89825,2025-07-02,657,N21,n,2.0NRT,6.18,D,0.48,0.4,,,,,,firms,VIIRS,VIIRS_NOAA21_NRT
-2.28354,102.83311,2025-07-02,657,N21,n,2.0NRT,6.21,D,0.41,0.45,,,,,,firms,VIIRS,VIIRS_NOAA21_NRT
-2.2776,102.57554,2025-07-02,657,N21,n,2.0NRT,3.94,D,0.4,0.44,,,,,,firms,VIIRS,VIIRS_NOAA21_NRT
-2.23554,103.06094,2025-07-02,657,N21,n,2.0NRT,8.28,D,0.43,0.46,,,,,,firms,VIIRS,VIIRS_NOAA21_NRT
-2.23079,101.51229,2025-07-02,657,N21,n,2.0NRT,3.36,D,0.52,0.41,,,,,,firms,VIIRS,VIIRS_NOAA21_NRT
-2.17358,100.93995,2025-07-02,657,N21,n,2.0NRT,8.55,D,0.48,0.4,,,,,,firms,VIIRS,VIIRS_NOAA21_NRT
-2.16082,103.04517,2025-07-02,657,N21,n,2.0NRT,68.18,D,0.43,0.46,,,,,,firms,VIIRS,VIIRS_NOAA21_NRT
-2.15603,103.04829,2025-07-02,657,N21,n,2.0NRT,4.21,D,0.43,0.46,,,,,,firms,VIIRS,VIIRS_NOAA21_NRT
-2.09318,110.59963,2025-07-02,657,N21,n,2.0NRT,7.26,D,0.71,0.75,,,,,,firms,VIIRS,VIIRS_NOAA21_NRT
-2.0925,110.60009,2025-07-02,657,N21,n,2.0NRT,8.11,D,0.71,0.75,,,,,,firms,VIIRS,VIIRS_NOAA21_NRT
-2.02238,105.84345,2025-07-02,657,N21,n,2.0NRT,3.34,D,0.33,0.56,,,,,,firms,VIIRS,VIIRS_NOAA21_NRT
-2.01502,103.00283,2025-07-02,657,N21,n,2.0NRT,7.82,D,0.43,0.46,,,,,,firms,VIIRS,VIIRS_NOAA21_NRT
-1.94079,105.71017,2025-07-02,657,N21,n,2.0NRT,3.14,D,0.33,0.55,,,,,,firms,VIIRS,VIIRS_NOAA21_NRT
-1.94004,105.70912,2025-07-02,657,N21,h,2.0NRT,16.37,D,0.33,0.55,,,,,,firms,VIIRS,VIIRS_NOAA21_NRT
-1.9362,105.70643,2025-07-02,657,N21,n,2.0NRT,6.98,D,0.33,0.55,,,,,,firms,VIIRS,VIIRS_NOAA21_NRT
-1.93574,105.70938,2025-07-02,657,N21,n,2.0NRT,8.42,D,0.33,0.55,,,,,,firms,VIIRS,VIIRS_NOAA21_NRT
-1.89276,105.65456,2025-07-02,657,N21,n,2.0NRT,2.3,D,0.33,0.55,,,,,,firms,VIIRS,VIIRS_NOAA21_NRT
-1.84151,105.45909,2025-07-02,657,N21,n,2.0NRT,51.41,D,0.63,0.54,,,,,,firms,VIIRS,VIIRS_NOAA21_NRT
-1.82785,105.57807,2025-07-02,657,N21,n,2.0NRT,2.0,D,0.32,0.55,,,,,,firms,VIIRS,VIIRS_NOAA21_NRT
-1.82419,105.53629,2025-07-02,657,N21,n,2.0NRT,3.55,D,0.32,0.55,,,,,,firms,VIIRS,VIIRS_NOAA21_NRT
-1.78335,105.50366,2025-07-02,657,N21,h,2.0NRT,27.28,D,0.32,0.55,,,,,,firms,VIIRS,VIIRS_NOAA21_NRT
-1.77836,105.50288,2025-07-02,657,N21,h,2.0NRT,56.38,D,0.32,0.55,,,,,,firms,VIIRS,VIIRS_NOAA21_NRT
-1.7685,105.46925,2025-07-02,657,N21,n,2.0NRT,4.05,D,0.32,0.54,,,,,,firms,VIIRS,VIIRS_NOAA21_NRT
-1.76772,105.46997,2025-07-02,657,N21,n,2.0NRT,3.97,D,0.32,0.54,,,,,,firms,VIIRS,VIIRS_NOAA21_NRT
-1.7412,102.30145,2025-07-02,657,N21,n,2.0NRT,2.87,D,0.39,0.44,,,,,,firms,VIIRS,VIIRS_NOAA21_NRT
-1.73345,105.5257,2025-07-02,657,N21,n,2.0NRT,2.0,D,0.32,0.55,,,,,,firms,VIIRS,VIIRS_NOAA21_NRT
-1.70688,105.37189,2025-07-02,657,N21,n,2.0NRT,9.32,D,0.63,0.54,,,,,,firms,VIIRS,VIIRS_NOAA21_NRT
-1.59296,105.91659,2025-07-02,657,N21,n,2.0NRT,2.97,D,0.34,0.56,,,,,,firms,VIIRS,VIIRS_NOAA21_NRT
-1.2698,102.6175,2025-07-02,657,N21,n,2.0NRT,7.07,D,0.42,0.45,,,,,,firms,VIIRS,VIIRS_NOAA21_NRT
-1.26446,102.59785,2025-07-02,657,N21,n,2.0NRT,7.24,D,0.41,0.45,,,,,,firms,VIIRS,VIIRS_NOAA21_NRT
-1.26034,102.59719,2025-07-02,657,N21,n,2.0NRT,4.26,D,0.41,0.45,,,,,,firms,VIIRS,VIIRS_NOAA21_NRT
-1.06937,102.84141,2025-07-02,657,N21,n,2.0NRT,5.22,D,0.43,0.46,,,,,,firms,VIIRS,VIIRS_NOAA21_NRT
-0.87649,103.24708,2025-07-02,657,N21,n,2.0NRT,4.59,D,0.46,0.47,,,,,,firms,VIIRS,VIIRS_NOAA21_NRT
-0.87279,110.43439,2025-07-02,657,N21,n,2.0NRT,24.9,D,0.73,0.76,,,,,,firms,VIIRS,VIIRS_NOAA21_NRT
-0.87218,110.43649,2025-07-02,657,N21,h,2.0NRT,45.86,D,0.73,0.76,,,,,,firms,VIIRS,VIIRS_NOAA21_NRT
-0.8718,110.44069,2025-07-02,657,N21,h,2.0NRT,34.36,D,0.73,0.76,,,,,,firms,VIIRS,VIIRS_NOAA21_NRT
-0.86344,102.01051,2025-07-02,657,N21,n,2.0NRT,18.08,D,0.39,0.44,,,,,,firms,VIIRS,VIIRS_NOAA21_NRT
-0.41367,110.7777,2025-07-02,657,N21,n,2.0NRT,21.95,D,0.78,0.78,,,,,,firms,VIIRS,VIIRS_NOAA21_NRT
-0.40571,99.96385,2025-07-02,657,N21,n,2.0NRT,3.05,D,0.45,0.39,,,,,,firms,VIIRS,VIIRS_NOAA21_NRT
-0.34437,110.15044,2025-07-02,657,N21,n,2.0NRT,6.42,D,0.71,0.75,,,,,,firms,VIIRS,VIIRS_NOAA21_NRT
-0.17048,109.31065,2025-07-02,657,N21,n,2.0NRT,9.85,D,0.62,0.72,,,,,,firms,VIIRS,VIIRS_NOAA21_NRT
-0.1702,109.30818,2025-07-02,657,N21,n,2.0NRT,10.49,D,0.62,0.72,,,,,,firms,VIIRS,VIIRS_NOAA21_NRT
-0.16392,109.30966,2025-07-02,657,N21,n,2.0NRT,9.85,D,0.62,0.72,,,,,,firms,VIIRS,VIIRS_NOAA21_NRT
-0.16389,109.34698,2025-07-02,657,N21,n,2.0NRT,6.06,D,0.63,0.72,,,,,,firms,VIIRS,VIIRS_NOAA21_NRT
-0.16275,109.31272,2025-07-02,657,N21,n,2.0NRT,10.49,D,0.62,0.72,,,,,,firms,VIIRS,VIIRS_NOAA21_NRT
-0.16072,109.20197,2025-07-02,657,N21,n,2.0NRT,13.33,D,0.61,0.71,,,,,,firms,VIIRS,VIIRS_NOAA21_NRT
-0.15986,109.20746,2025-07-02,657,N21,n,2.0NRT,16.26,D,0.61,0.71,,,,,,firms,VIIRS,VIIRS_NOAA21_NRT
-0.15786,109.34854,2025-07-02,657,N21,n,2.0NRT,15.83,D,0.63,0.72,,,,,,firms,VIIRS,VIIRS_NOAA21_NRT
-0.15733,109.34597,2025-07-02,657,N21,n,2.0NRT,6.06,D,0.63,0.72,,,,,,firms,VIIRS,VIIRS_NOAA21_NRT
-0.07832,109.4375,2025-07-02,657,N21,n,2.0NRT,15.31,D,0.64,0.72,,,,,,firms,VIIRS,VIIRS_NOAA21_NRT
-0.07688,109.43427,2025-07-02,657,N21,n,2.0NRT,20.08,D,0.64,0.72,,,,,,firms,VIIRS,VIIRS_NOAA21_NRT
0.13325,109.80833,2025-07-02,657,N21,n,2.0NRT,13.03,D,0.68,0.74,,,,,,firms,VIIRS,VIIRS_NOAA21_NRT
0.47103,108.98421,2025-07-02,657,N21,n,2.0NRT,8.88,D,0.61,0.71,,,,,,firms,VIIRS,VIIRS_NOAA21_NRT
0.4832,109.43807,2025-07-02,657,N21,n,2.0NRT,23.9,D,0.65,0.73,,,,,,firms,VIIRS,VIIRS_NOAA21_NRT
0.27775,99.20083,2025-07-02,659,N21,n,2.0NRT,4.27,D,0.43,0.38,,,,,,firms,VIIRS,VIIRS_NOAA21_NRT
0.71236,99.26854,2025-07-02,659,N21,n,2.0NRT,9.14,D,0.43,0.38,,,,,,firms,VIIRS,VIIRS_NOAA21_NRT
0.97655,99.23835,2025-07-02,659,N21,n,2.0NRT,4.44,D,0.43,0.38,,,,,,firms,VIIRS,VIIRS_NOAA21_NRT
1.39301,97.29501,2025-07-02,659,N21,n,2.0NRT,5.37,D,0.39,0.36,,,,,,firms,VIIRS,VIIRS_NOAA21_NRT
1.39633,97.2945,2025-07-02,659,N21,n,2.0NRT,11.45,D,0.39,0.36,,,,,,firms,VIIRS,VIIRS_NOAA21_NRT
1.39964,97.294,2025-07-02,659,N21,n,2.0NRT,11.45,D,0.39,0.36,,,,,,firms,VIIRS,VIIRS_NOAA21_NRT
1.46187,98.89961,2025-07-02,659,N21,n,2.0NRT,8.88,D,0.43,0.38,,,,,,firms,VIIRS,VIIRS_NOAA21_NRT
2.57566,97.96352,2025-07-02,659,N21,n,2.0NRT,5.11,D,0.4,0.37,,,,,,firms,VIIRS,VIIRS_NOAA21_NRT
2.62812,97.81909,2025-07-02,659,N21,n,2.0NRT,4.02,D,0.4,0.37,,,,,,firms,VIIRS,VIIRS_NOAA21_NRT
2.62866,97.82267,2025-07-02,659,N21,n,2.0NRT,4.02,D,0.4,0.37,,,,,,firms,VIIRS,VIIRS_NOAA21_NRT
2.63148,97.81857,2025-07-02,659,N21,n,2.0NRT,4.96,D,0.4,0.37,,,,,,firms,VIIRS,VIIRS_NOAA21_NRT
2.64832,97.81602,2025-07-02,659,N21,n,2.0NRT,4.25,D,0.4,0.37,,,,,,firms,VIIRS,VIIRS_NOAA21_NRT
2.6749,97.76449,2025-07-02,659,N21,n,2.0NRT,3.22,D,0.4,0.37,,,,,,firms,VIIRS,VIIRS_NOAA21_NRT
2.82499,97.68254,2025-07-02,659,N21,n,2.0NRT,2.68,D,0.4,0.37,,,,,,firms,VIIRS,VIIRS_NOAA21_NRT
2.89943,97.78785,2025-07-02,659,N21,n,2.0NRT,3.83,D,0.4,0.37,,,,,,firms,VIIRS,VIIRS_NOAA21_NRT
3.34742,97.13645,2025-07-02,659,N21,n,2.0NRT,2.94,D,0.39,0.36,,,,,,firms,VIIRS,VIIRS_NOAA21_NRT
3.38266,97.14478,2025-07-02,659,N21,n,2.0NRT,6.2,D,0.39,0.36,,,,,,firms,VIIRS,VIIRS_NOAA21_NRT
3.40278,97.12034,2025-07-02,659,N21,n,2.0NRT,6.09,D,0.39,0.36,,,,,,firms,VIIRS,VIIRS_NOAA21_NRT
3.40419,98.3383,2025-07-02,659,N21,n,2.0NRT,2.57,D,0.42,0.38,,,,,,firms,VIIRS,VIIRS_NOAA21_NRT
3.75353,96.87684,2025-07-02,659,N21,n,2.0NRT,2.83,D,0.39,0.36,,,,,,firms,VIIRS,VIIRS_NOAA21_NRT
3.77472,96.63638,2025-07-02,659,N21,n,2.0NRT,13.34,D,0.39,0.36,,,,,,firms,VIIRS,VIIRS_NOAA21_NRT
3.92915,97.33957,2025-07-02,659,N21,n,2.0NRT,4.73,D,0.4,0.37,,,,,,firms,VIIRS,VIIRS_NOAA21_NRT
4.03823,97.5909,2025-07-02,659,N21,n,2.0NRT,5.42,D,0.4,0.37,,,,,,firms,VIIRS,VIIRS_NOAA21_NRT
-1.81878,136.75182,2025-07-02,1616,N21,n,2.0NRT,3.29,N,0.38,0.36,,,,,,firms,VIIRS,VIIRS_NOAA21_NRT
-1.81825,136.74841,2025-07-02,1616,N21,n,2.0NRT,3.29,N,0.38,0.36,,,,,,firms,VIIRS,VIIRS_NOAA21_NRT
-1.56537,127.42592,2025-07-02,1616,N21,n,2.0NRT,2.07,N,0.41,0.6,,,,,,firms,VIIRS,VIIRS_NOAA21_NRT
-1.55985,127.42674,2025-07-02,1616,N21,n,2.0NRT,2.07,N,0.41,0.6,,,,,,firms,VIIRS,VIIRS_NOAA21_NRT
-1.53052,127.42037,2025-07-02,1616,N21,n,2.0NRT,0.9,N,0.41,0.6,,,,,,firms,VIIRS,VIIRS_NOAA21_NRT
-1.45944,127.43678,2025-07-02,1616,N21,n,2.0NRT,9.96,N,0.41,0.6,,,,,,firms,VIIRS,VIIRS_NOAA21_NRT
-1.32785,113.96825,2025-07-02,1756,N21,n,2.0NRT,1.14,N,0.42,0.38,,,,,,firms,VIIRS,VIIRS_NOAA21_NRT
0.38963,121.4206,2025-07-02,1756,N21,n,2.0NRT,2.07,N,0.39,0.59,,,,,,firms,VIIRS,VIIRS_NOAA21_NRT
0.39502,121.4215,2025-07-02,1756,N21,n,2.0NRT,2.07,N,0.39,0.59,,,,,,firms,VIIRS,VIIRS_NOAA21_NRT
0.6459,117.55538,2025-07-02,1756,N21,n,2.0NRT,2.42,N,0.42,0.45,,,,,,firms,VIIRS,VIIRS_NOAA21_NRT
0.67676,117.56672,2025-07-02,1756,N21,n,2.0NRT,2.7,N,0.42,0.45,,,,,,firms,VIIRS,VIIRS_NOAA21_NRT
0.67736,117.56303,2025-07-02,1756,N21,n,2.0NRT,2.7,N,0.42,0.45,,,,,,firms,VIIRS,VIIRS_NOAA21_NRT
0.68206,117.56,2025-07-02,1756,N21,n,2.0NRT,2.44,N,0.42,0.45,,,,,,firms,VIIRS,VIIRS_NOAA21_NRT
0.68676,117.55697,2025-07-02,1756,N21,n,2.0NRT,2.44,N,0.42,0.45,,,,,,firms,VIIRS,VIIRS_NOAA21_NRT
0.68735,117.55325,2025-07-02,1756,N21,n,2.0NRT,3.86,N,0.42,0.45,,,,,,firms,VIIRS,VIIRS_NOAA21_NRT
0.74945,117.5332,2025-07-02,1756,N21,n,2.0NRT,1.12,N,0.41,0.45,,,,,,firms,VIIRS,VIIRS_NOAA21_NRT
0.75002,117.52953,2025-07-02,1756,N21,n,2.0NRT,1.12,N,0.41,0.45,,,,,,firms,VIIRS,VIIRS_NOAA21_NRT
1.2788,103.70341,2025-07-02,1756,N21,n,2.0NRT,0.88,N,0.35,0.56,,,,,,firms,VIIRS,VIIRS_NOAA21_NRT
3.23799,112.70922,2025-07-02,1756,N21,n,2.0NRT,2.6,N,0.38,0.36,,,,,,firms,VIIRS,VIIRS_NOAA21_NRT
4.57478,103.45432,2025-07-02,1756,N21,n,2.0NRT,2.87,N,0.4,0.6,,,,,,firms,VIIRS,VIIRS_NOAA21_NRT
4.57532,103.45398,2025-07-02,1756,N21,n,2.0NRT,2.07,N,0.4,0.6,,,,,,firms,VIIRS,VIIRS_NOAA21_NRT
4.57585,103.4471,2025-07-02,1756,N21,n,2.0NRT,2.28,N,0.4,0.6,,,,,,firms,VIIRS,VIIRS_NOAA21_NRT
4.57634,103.44674,2025-07-02,1756,N21,n,2.0NRT,1.57,N,0.41,0.6,,,,,,firms,VIIRS,VIIRS_NOAA21_NRT
4.65969,103.37666,2025-07-02,1756,N21,n,2.0NRT,1.53,N,0.41,0.61,,,,,,firms,VIIRS,VIIRS_NOAA21_NRT
-8.11775,114.05592,2025-07-02,1758,N21,n,2.0NRT,2.5,N,0.5,0.41,,,,,,firms,VIIRS,VIIRS_NOAA21_NRT
-8.11509,112.92724,2025-07-02,1758,N21,n,2.0NRT,3.7,N,0.44,0.39,,,,,,firms,VIIRS,VIIRS_NOAA21_NRT
-8.11445,112.9229,2025-07-02,1758,N21,n,2.0NRT,3.7,N,0.44,0.39,,,,,,firms,VIIRS,VIIRS_NOAA21_NRT
-8.11152,112.92733,2025-07-02,1758,N21,n,2.0NRT,3.7,N,0.44,0.39,,,,,,firms,VIIRS,VIIRS_NOAA21_NRT
-8.11089,112.9231,2025-07-02,1758,N21,n,2.0NRT,3.7,N,0.44,0.39,,,,,,firms,VIIRS,VIIRS_NOAA21_NRT
-7.54225,110.44378,2025-07-02,1758,N21,n,2.0NRT,2.98,N,0.38,0.36,,,,,,firms,VIIRS,VIIRS_NOAA21_NRT
-4.76,105.25887,2025-07-02,1758,N21,n,2.0NRT,0.68,N,0.43,0.46,,,,,,firms,VIIRS,VIIRS_NOAA21_NRT
-3.32405,104.71061,2025-07-02,1758,N21,n,2.0NRT,1.47,N,0.5,0.49,,,,,,firms,VIIRS,VIIRS_NOAA21_NRT
-3.02483,113.75687,2025-07-02,1758,N21,n,2.0NRT,0.77,N,0.43,0.38,,,,,,firms,VIIRS,VIIRS_NOAA21_NRT
-2.5806,121.37425,2025-07-02,1758,N21,n,2.0NRT,1.42,N,0.43,0.62,,,,,,firms,VIIRS,VIIRS_NOAA21_NRT
-1.81464,111.48169,2025-07-02,1758,N21,n,2.0NRT,0.54,N,0.38,0.36,,,,,,firms,VIIRS,VIIRS_NOAA21_NRT
-1.60571,112.51801,2025-07-02,1758,N21,n,2.0NRT,0.58,N,0.39,0.36,,,,,,firms,VIIRS,VIIRS_NOAA21_NRT
-1.34093,113.08733,2025-07-02,1758,N21,n,2.0NRT,0.86,N,0.4,0.37,,,,,,firms,VIIRS,VIIRS_NOAA21_NRT
-1.23956,102.7699,2025-07-02,1758,N21,n,2.0NRT,1.35,N,0.37,0.58,,,,,,firms,VIIRS,VIIRS_NOAA21_NRT
-1.23912,109.22345,2025-07-02,1758,N21,n,2.0NRT,3.79,N,0.44,0.38,,,,,,firms,VIIRS,VIIRS_NOAA21_NRT
-1.23886,102.76889,2025-07-02,1758,N21,n,2.0NRT,1.53,N,0.37,0.58,,,,,,firms,VIIRS,VIIRS_NOAA21_NRT
-10.2869,123.39343,2025-07-03,453,N21,n,2.0NRT,2.98,D,0.45,0.47,,,,,,firms,VIIRS,VIIRS_NOAA21_NRT
-9.83215,120.49919,2025-07-03,453,N21,n,2.0NRT,12.5,D,0.35,0.57,,,,,,firms,VIIRS,VIIRS_NOAA21_NRT
-9.83173,120.50237,2025-07-03,453,N21,h,2.0NRT,14.73,D,0.35,0.57,,,,,,firms,VIIRS,VIIRS_NOAA21_NRT
-9.56284,119.89502,2025-07-03,453,N21,n,2.0NRT,8.16,D,0.38,0.59,,,,,,firms,VIIRS,VIIRS_NOAA21_NRT
-9.56238,119.89861,2025-07-03,453,N21,n,2.0NRT,5.48,D,0.38,0.59,,,,,,firms,VIIRS,VIIRS_NOAA21_NRT
-9.5508,119.90343,2025-07-03,453,N21,n,2.0NRT,6.27,D,0.38,0.59,,,,,,firms,VIIRS,VIIRS_NOAA21_NRT
-9.55037,119.90676,2025-07-03,453,N21,n,2.0NRT,6.27,D,0.38,0.59,,,,,,firms,VIIRS,VIIRS_NOAA21_NRT
-9.4191,119.69592,2025-07-03,453,N21,n,2.0NRT,3.7,D,0.39,0.59,,,,,,firms,VIIRS,VIIRS_NOAA21_NRT
-9.38776,119.37377,2025-07-03,453,N21,n,2.0NRT,5.16,D,0.41,0.61,,,,,,firms,VIIRS,VIIRS_NOAA21_NRT
-9.11838,124.7807,2025-07-03,453,N21,n,2.0NRT,3.49,D,0.53,0.42,,,,,,firms,VIIRS,VIIRS_NOAA21_NRT
-8.5459,122.10802,2025-07-03,453,N21,n,2.0NRT,4.31,D,0.52,0.5,,,,,,firms,VIIRS,VIIRS_NOAA21_NRT
-8.50025,117.61724,2025-07-03,453,N21,n,2.0NRT,9.45,D,0.53,0.67,,,,,,firms,VIIRS,VIIRS_NOAA21_NRT
-8.46437,118.61806,2025-07-03,453,N21,n,2.0NRT,5.8,D,0.45,0.63,,,,,,firms,VIIRS,VIIRS_NOAA21_NRT
-8.43373,124.09328,2025-07-03,453,N21,n,2.0NRT,2.66,D,0.38,0.43,,,,,,firms,VIIRS,VIIRS_NOAA21_NRT
-8.42124,124.09533,2025-07-03,453,N21,n,2.0NRT,6.26,D,0.38,0.43,,,,,,firms,VIIRS,VIIRS_NOAA21_NRT
-8.42074,124.09895,2025-07-03,453,N21,n,2.0NRT,6.26,D,0.38,0.43,,,,,,firms,VIIRS,VIIRS_NOAA21_NRT
-3.87255,122.40766,2025-07-03,455,N21,n,2.0NRT,6.31,D,0.43,0.46,,,,,,firms,VIIRS,VIIRS_NOAA21_NRT
-3.59988,138.43645,2025-07-03,455,N21,n,2.0NRT,5.4,D,0.47,0.64,,,,,,firms,VIIRS,VIIRS_NOAA21_NRT
-2.01156,119.38139,2025-07-03,455,N21,n,2.0NRT,2.23,D,0.32,0.55,,,,,,firms,VIIRS,VIIRS_NOAA21_NRT
-0.39862,117.4115,2025-07-03,455,N21,n,2.0NRT,6.28,D,0.42,0.61,,,,,,firms,VIIRS,VIIRS_NOAA21_NRT
-0.2584,116.78551,2025-07-03,455,N21,n,2.0NRT,5.69,D,0.46,0.63,,,,,,firms,VIIRS,VIIRS_NOAA21_NRT
0.82841,123.66547,2025-07-03,455,N21,n,2.0NRT,2.72,D,0.47,0.4,,,,,,firms,VIIRS,VIIRS_NOAA21_NRT
1.49422,127.63237,2025-07-03,455,N21,n,2.0NRT,5.94,D,0.39,0.36,,,,,,firms,VIIRS,VIIRS_NOAA21_NRT
1.49474,127.63586,2025-07-03,455,N21,n,2.0NRT,5.94,D,0.39,0.36,,,,,,firms,VIIRS,VIIRS_NOAA21_NRT
0.53452,117.19877,2025-07-03,457,N21,n,2.0NRT,1.92,D,0.42,0.61,,,,,,firms,VIIRS,VIIRS_NOAA21_NRT
0.63267,117.10387,2025-07-03,457,N21,n,2.0NRT,6.11,D,0.42,0.61,,,,,,firms,VIIRS,VIIRS_NOAA21_NRT
0.68774,117.55484,2025-07-03,457,N21,n,2.0NRT,4.4,D,0.39,0.59,,,,,,firms,VIIRS,VIIRS_NOAA21_NRT
0.68828,117.55825,2025-07-03,457,N21,n,2.0NRT,4.4,D,0.39,0.59,,,,,,firms,VIIRS,VIIRS_NOAA21_NRT
0.69662,117.11851,2025-07-03,457,N21,n,2.0NRT,4.13,D,0.42,0.61,,,,,,firms,VIIRS,VIIRS_NOAA21_NRT
0.75007,117.52744,2025-07-03,457,N21,n,2.0NRT,8.72,D,0.39,0.59,,,,,,firms,VIIRS,VIIRS_NOAA21_NRT
0.75193,117.52738,2025-07-03,457,N21,h,2.0NRT,9.94,D,0.39,0.59,,,,,,firms,VIIRS,VIIRS_NOAA21_NRT
0.79939,117.01782,2025-07-03,457,N21,n,2.0NRT,8.0,D,0.42,0.61,,,,,,firms,VIIRS,VIIRS_NOAA21_NRT
0.80499,117.01692,2025-07-03,457,N21,n,2.0NRT,5.55,D,0.42,0.61,,,,,,firms,VIIRS,VIIRS_NOAA21_NRT
0.86754,117.69775,2025-07-03,457,N21,h,2.0NRT,16.28,D,0.38,0.59,,,,,,firms,VIIRS,VIIRS_NOAA21_NRT
0.91341,117.1964,2025-07-03,457,N21,n,2.0NRT,31.04,D,0.41,0.61,,,,,,firms,VIIRS,VIIRS_NOAA21_NRT
0.91398,117.20007,2025-07-03,457,N21,n,2.0NRT,20.54,D,0.41,0.61,,,,,,firms,VIIRS,VIIRS_NOAA21_NRT
1.02011,121.56329,2025-07-03,457,N21,n,2.0NRT,5.14,D,0.41,0.45,,,,,,firms,VIIRS,VIIRS_NOAA21_NRT
1.28773,121.43567,2025-07-03,457,N21,n,2.0NRT,7.35,D,0.41,0.45,,,,,,firms,VIIRS,VIIRS_NOAA21_NRT
1.29185,121.4351,2025-07-03,457,N21,n,2.0NRT,7.35,D,0.41,0.45,,,,,,firms,VIIRS,VIIRS_NOAA21_NRT
1.3715,117.22887,2025-07-03,457,N21,n,2.0NRT,5.67,D,0.4,0.6,,,,,,firms,VIIRS,VIIRS_NOAA21_NRT
2.12403,117.38625,2025-07-03,457,N21,n,2.0NRT,5.43,D,0.38,0.59,,,,,,firms,VIIRS,VIIRS_NOAA21_NRT
2.12581,117.38445,2025-07-03,457,N21,n,2.0NRT,4.96,D,0.38,0.59,,,,,,firms,VIIRS,VIIRS_NOAA21_NRT
2.77985,125.40655,2025-07-03,457,N21,n,2.0NRT,3.9,D,0.39,0.36,,,,,,firms,VIIRS,VIIRS_NOAA21_NRT
4.61541,114.34091,2025-07-03,457,N21,n,2.0NRT,8.32,D,0.56,0.69,,,,,,firms,VIIRS,VIIRS_NOAA21_NRT
4.61738,114.33905,2025-07-03,457,N21,n,2.0NRT,8.77,D,0.57,0.69,,,,,,firms,VIIRS,VIIRS_NOAA21_NRT
5.98465,125.01401,2025-07-03,457,N21,n,2.0NRT,6.82,D,0.39,0.36,,,,,,firms,VIIRS,VIIRS_NOAA21_NRT
-4.85231,103.42545,2025-07-03,635,N21,n,2.0NRT,8.81,D,0.39,0.36,,,,,,firms,VIIRS,VIIRS_NOAA21_NRT
-2.92292,111.56877,2025-07-03,635,N21,n,2.0NRT,6.08,D,0.38,0.59,,,,,,firms,VIIRS,VIIRS_NOAA21_NRT
-2.9199,111.56667,2025-07-03,635,N21,n,2.0NRT,5.43,D,0.38,0.59,,,,,,firms,VIIRS,VIIRS_NOAA21_NRT
-2.91509,111.56243,2025-07-03,635,N21,n,2.0NRT,5.43,D,0.38,0.59,,,,,,firms,VIIRS,VIIRS_NOAA21_NRT
-2.91334,111.56032,2025-07-03,635,N21,n,2.0NRT,7.75,D,0.38,0.59,,,,,,firms,VIIRS,VIIRS_NOAA21_NRT
-2.91278,111.56367,2025-07-03,635,N21,n,2.0NRT,6.51,D,0.38,0.59,,,,,,firms,VIIRS,VIIRS_NOAA21_NRT
-2.91028,111.55816,2025-07-03,635,N21,n,2.0NRT,3.01,D,0.38,0.59,,,,,,firms,VIIRS,VIIRS_NOAA21_NRT
-2.65235,111.41544,2025-07-03,635,N21,n,2.0NRT,4.82,D,0.37,0.58,,,,,,firms,VIIRS,VIIRS_NOAA21_NRT
-3.84159,102.43298,2025-07-03,637,N21,n,2.0NRT,3.48,D,0.38,0.36,,,,,,firms,VIIRS,VIIRS_NOAA21_NRT
-3.72351,103.71671,2025-07-03,637,N21,n,2.0NRT,2.46,D,0.4,0.37,,,,,,firms,VIIRS,VIIRS_NOAA21_NRT
-3.68631,103.09251,2025-07-03,637,N21,n,2.0NRT,11.59,D,0.39,0.36,,,,,,firms,VIIRS,VIIRS_NOAA21_NRT
-3.67845,104.15724,2025-07-03,637,N21,n,2.0NRT,11.37,D,0.4,0.37,,,,,,firms,VIIRS,VIIRS_NOAA21_NRT
-3.59116,102.47143,2025-07-03,637,N21,n,2.0NRT,2.49,D,0.38,0.36,,,,,,firms,VIIRS,VIIRS_NOAA21_NRT
-3.47975,105.51861,2025-07-03,637,N21,n,2.0NRT,9.07,D,0.46,0.39,,,,,,firms,VIIRS,VIIRS_NOAA21_NRT
-3.47502,104.60927,2025-07-03,637,N21,n,2.0NRT,12.0,D,0.42,0.38,,,,,,firms,VIIRS,VIIRS_NOAA21_NRT
-3.45668,102.2144,2025-07-03,637,N21,n,2.0NRT,2.76,D,0.38,0.36,,,,,,firms,VIIRS,VIIRS_NOAA21_NRT
-3.45048,102.0549,2025-07-03,637,N21,n,2.0NRT,4.58,D,0.39,0.36,,,,,,firms,VIIRS,VIIRS_NOAA21_NRT
-3.38868,103.85409,2025-07-03,637,N21,n,2.0NRT,1.8,D,0.4,0.37,,,,,,firms,VIIRS,VIIRS_NOAA21_NRT
-3.31539,103.75838,2025-07-03,637,N21,n,2.0NRT,12.12,D,0.4,0.37,,,,,,firms,VIIRS,VIIRS_NOAA21_NRT
-3.28111,103.60797,2025-07-03,637,N21,n,2.0NRT,3.33,D,0.39,0.37,,,,,,firms,VIIRS,VIIRS_NOAA21_NRT
-3.26172,101.75243,2025-07-03,637,N21,n,2.0NRT,6.73,D,0.39,0.36,,,,,,firms,VIIRS,VIIRS_NOAA21_NRT
-3.2584,101.75194,2025-07-03,637,N21,n,2.0NRT,6.73,D,0.39,0.36,,,,,,firms,VIIRS,VIIRS_NOAA21_NRT
-3.25788,101.75539,2025-07-03,637,N21,n,2.0NRT,6.73,D,0.39,0.36,,,,,,firms,VIIRS,VIIRS_NOAA21_NRT
-3.25682,101.76231,2025-07-03,637,N21,n,2.0NRT,6.28,D,0.39,0.36,,,,,,firms,VIIRS,VIIRS_NOAA21_NRT
-3.25128,104.30769,2025-07-03,637,N21,n,2.0NRT,5.65,D,0.41,0.37,,,,,,firms,VIIRS,VIIRS_NOAA21_NRT
-3.23617,101.65269,2025-07-03,637,N21,n,2.0NRT,6.51,D,0.39,0.36,,,,,,firms,VIIRS,VIIRS_NOAA21_NRT
-3.19061,103.17788,2025-07-03,637,N21,n,2.0NRT,14.04,D,0.39,0.36,,,,,,firms,VIIRS,VIIRS_NOAA21_NRT
-3.17537,102.16319,2025-07-03,637,N21,n,2.0NRT,10.69,D,0.38,0.36,,,,,,firms,VIIRS,VIIRS_NOAA21_NRT
-3.16172,103.89217,2025-07-03,637,N21,n,2.0NRT,22.27,D,0.4,0.37,,,,,,firms,VIIRS,VIIRS_NOAA21_NRT
-3.10161,103.8678,2025-07-03,637,N21,n,2.0NRT,4.57,D,0.4,0.37,,,,,,firms,VIIRS,VIIRS_NOAA21_NRT
-3.00918,103.60508,2025-07-03,637,N21,n,2.0NRT,5.74,D,0.4,0.37,,,,,,firms,VIIRS,VIIRS_NOAA21_NRT
-2.99439,101.76764,2025-07-03,637,N21,n,2.0NRT,4.48,D,0.39,0.36,,,,,,firms,VIIRS,VIIRS_NOAA21_NRT
-2.94444,104.13615,2025-07-03,637,N21,n,2.0NRT,6.22,D,0.41,0.37,,,,,,firms,VIIRS,VIIRS_NOAA21_NRT
-2.94365,101.7671,2025-07-03,637,N21,n,2.0NRT,2.9,D,0.39,0.36,,,,,,firms,VIIRS,VIIRS_NOAA21_NRT
-2.79544,101.55608,2025-07-03,637,N21,n,2.0NRT,4.96,D,0.39,0.36,,,,,,firms,VIIRS,VIIRS_NOAA21_NRT
-2.71095,103.20222,2025-07-03,637,N21,n,2.0NRT,3.94,D,0.39,0.36,,,,,,firms,VIIRS,VIIRS_NOAA21_NRT
-2.69204,110.54426,2025-07-03,637,N21,n,2.0NRT,3.68,D,0.32,0.55,,,,,,firms,VIIRS,VIIRS_NOAA21_NRT
-2.69157,110.54714,2025-07-03,637,N21,n,2.0NRT,3.68,D,0.32,0.55,,,,,,firms,VIIRS,VIIRS_NOAA21_NRT
-2.67669,106.28,2025-07-03,637,N21,n,2.0NRT,9.95,D,0.51,0.41,,,,,,firms,VIIRS,VIIRS_NOAA21_NRT
-2.67661,106.27686,2025-07-03,637,N21,n,2.0NRT,16.77,D,0.51,0.41,,,,,,firms,VIIRS,VIIRS_NOAA21_NRT
-2.635,102.83148,2025-07-03,637,N21,n,2.0NRT,10.05,D,0.39,0.36,,,,,,firms,VIIRS,VIIRS_NOAA21_NRT
-2.6317,103.75788,2025-07-03,637,N21,n,2.0NRT,8.46,D,0.4,0.37,,,,,,firms,VIIRS,VIIRS_NOAA21_NRT
-2.59851,103.07054,2025-07-03,637,N21,n,2.0NRT,3.14,D,0.39,0.36,,,,,,firms,VIIRS,VIIRS_NOAA21_NRT
-2.56368,106.20547,2025-07-03,637,N21,n,2.0NRT,5.79,D,0.51,0.41,,,,,,firms,VIIRS,VIIRS_NOAA21_NRT
-2.38297,105.91893,2025-07-03,637,N21,n,2.0NRT,6.72,D,0.49,0.41,,,,,,firms,VIIRS,VIIRS_NOAA21_NRT
-2.3783,102.52984,2025-07-03,637,N21,n,2.0NRT,19.32,D,0.38,0.36,,,,,,firms,VIIRS,VIIRS_NOAA21_NRT
-2.37778,102.53328,2025-07-03,637,N21,n,2.0NRT,19.32,D,0.38,0.36,,,,,,firms,VIIRS,VIIRS_NOAA21_NRT
-2.36178,102.52734,2025-07-03,637,N21,n,2.0NRT,4.54,D,0.38,0.36,,,,,,firms,VIIRS,VIIRS_NOAA21_NRT
-2.344,101.99728,2025-07-03,637,N21,n,2.0NRT,8.53,D,0.38,0.36,,,,,,firms,VIIRS,VIIRS_NOAA21_NRT
-2.34176,105.93958,2025-07-03,637,N21,n,2.0NRT,8.58,D,0.5,0.41,,,,,,firms,VIIRS,VIIRS_NOAA21_NRT
-2.33805,105.93898,2025-07-03,637,N21,n,2.0NRT,12.49,D,0.5,0.41,,,,,,firms,VIIRS,VIIRS_NOAA21_NRT
-2.33365,105.94283,2025-07-03,637,N21,n,2.0NRT,12.49,D,0.5,0.41,,,,,,firms,VIIRS,VIIRS_NOAA21_NRT
-2.32938,102.76207,2025-07-03,637,N21,n,2.0NRT,5.48,D,0.39,0.36,,,,,,firms,VIIRS,VIIRS_NOAA21_NRT
-2.31784,105.85033,2025-07-03,637,N21,n,2.0NRT,5.37,D,0.49,0.4,,,,,,firms,VIIRS,VIIRS_NOAA21_NRT
-2.3099,102.57931,2025-07-03,637,N21,n,2.0NRT,1.8,D,0.39,0.36,,,,,,firms,VIIRS,VIIRS_NOAA21_NRT
-2.29376,102.03885,2025-07-03,637,N21,n,2.0NRT,7.73,D,0.38,0.36,,,,,,firms,VIIRS,VIIRS_NOAA21_NRT
-2.28371,102.37074,2025-07-03,637,N21,n,2.0NRT,5.65,D,0.38,0.36,,,,,,firms,VIIRS,VIIRS_NOAA21_NRT
-2.24818,102.18285,2025-07-03,637,N21,n,2.0NRT,3.04,D,0.38,0.36,,,,,,firms,VIIRS,VIIRS_NOAA21_NRT
-2.23634,103.06003,2025-07-03,637,N21,n,2.0NRT,2.21,D,0.39,0.36,,,,,,firms,VIIRS,VIIRS_NOAA21_NRT
-2.17859,100.83036,2025-07-03,637,N21,n,2.0NRT,3.71,D,0.4,0.37,,,,,,firms,VIIRS,VIIRS_NOAA21_NRT
-2.17367,102.09055,2025-07-03,637,N21,n,2.0NRT,9.39,D,0.38,0.36,,,,,,firms,VIIRS,VIIRS_NOAA21_NRT
-2.15975,102.13757,2025-07-03,637,N21,n,2.0NRT,3.8,D,0.38,0.36,,,,,,firms,VIIRS,VIIRS_NOAA21_NRT
-2.06143,105.84163,2025-07-03,637,N21,n,2.0NRT,9.02,D,0.49,0.41,,,,,,firms,VIIRS,VIIRS_NOAA21_NRT
-2.06008,100.93967,2025-07-03,637,N21,n,2.0NRT,1.81,D,0.4,0.37,,,,,,firms,VIIRS,VIIRS_NOAA21_NRT
-2.01707,100.92965,2025-07-03,637,N21,n,2.0NRT,3.71,D,0.4,0.37,,,,,,firms,VIIRS,VIIRS_NOAA21_NRT
-2.01609,102.76593,2025-07-03,637,N21,n,2.0NRT,2.17,D,0.39,0.36,,,,,,firms,VIIRS,VIIRS_NOAA21_NRT
-2.01573,105.57894,2025-07-03,637,N21,n,2.0NRT,9.74,D,0.48,0.4,,,,,,firms,VIIRS,VIIRS_NOAA21_NRT
-1.82133,105.5759,2025-07-03,637,N21,n,2.0NRT,4.7,D,0.48,0.4,,,,,,firms,VIIRS,VIIRS_NOAA21_NRT
-1.79469,105.55534,2025-07-03,637,N21,n,2.0NRT,7.82,D,0.48,0.4,,,,,,firms,VIIRS,VIIRS_NOAA21_NRT
-1.76468,103.18674,2025-07-03,637,N21,n,2.0NRT,3.89,D,0.39,0.36,,,,,,firms,VIIRS,VIIRS_NOAA21_NRT
-1.73251,112.51096,2025-07-03,637,N21,n,2.0NRT,7.28,D,0.46,0.64,,,,,,firms,VIIRS,VIIRS_NOAA21_NRT
-1.72817,105.50132,2025-07-03,637,N21,n,2.0NRT,24.62,D,0.48,0.4,,,,,,firms,VIIRS,VIIRS_NOAA21_NRT
-1.71541,103.86781,2025-07-03,637,N21,n,2.0NRT,2.83,D,0.41,0.37,,,,,,firms,VIIRS,VIIRS_NOAA21_NRT
-1.71226,105.45677,2025-07-03,637,N21,n,2.0NRT,4.11,D,0.48,0.4,,,,,,firms,VIIRS,VIIRS_NOAA21_NRT
-1.6198,105.45111,2025-07-03,637,N21,n,2.0NRT,11.06,D,0.48,0.4,,,,,,firms,VIIRS,VIIRS_NOAA21_NRT
-1.48493,100.71724,2025-07-03,637,N21,n,2.0NRT,4.94,D,0.4,0.37,,,,,,firms,VIIRS,VIIRS_NOAA21_NRT
-1.44197,101.67373,2025-07-03,637,N21,n,2.0NRT,10.33,D,0.39,0.36,,,,,,firms,VIIRS,VIIRS_NOAA21_NRT
-1.25959,102.77905,2025-07-03,637,N21,n,2.0NRT,4.12,D,0.39,0.36,,,,,,firms,VIIRS,VIIRS_NOAA21_NRT
-1.2407,102.76825,2025-07-03,637,N21,n,2.0NRT,5.26,D,0.39,0.36,,,,,,firms,VIIRS,VIIRS_NOAA21_NRT
-1.23738,102.76773,2025-07-03,637,N21,n,2.0NRT,4.58,D,0.39,0.36,,,,,,firms,VIIRS,VIIRS_NOAA21_NRT
-1.05447,113.65667,2025-07-03,637,N21,n,2.0NRT,13.73,D,0.57,0.69,,,,,,firms,VIIRS,VIIRS_NOAA21_NRT
-1.05114,113.65533,2025-07-03,637,N21,n,2.0NRT,9.39,D,0.57,0.69,,,,,,firms,VIIRS,VIIRS_NOAA21_NRT
-1.05038,113.6601,2025-07-03,637,N21,n,2.0NRT,9.39,D,0.57,0.69,,,,,,firms,VIIRS,VIIRS_NOAA21_NRT
-0.90569,101.19794,2025-07-03,637,N21,n,2.0NRT,1.86,D,0.39,0.36,,,,,,firms,VIIRS,VIIRS_NOAA21_NRT
-0.68435,114.64688,2025-07-03,637,N21,n,2.0NRT,4.84,D,0.67,0.74,,,,,,firms,VIIRS,VIIRS_NOAA21_NRT
-0.63687,101.22303,2025-07-03,637,N21,n,2.0NRT,7.45,D,0.39,0.36,,,,,,firms,VIIRS,VIIRS_NOAA21_NRT
-0.42876,112.28231,2025-07-03,637,N21,n,2.0NRT,7.03,D,0.47,0.64,,,,,,firms,VIIRS,VIIRS_NOAA21_NRT
-0.42846,112.28233,2025-07-03,637,N21,n,2.0NRT,8.21,D,0.47,0.64,,,,,,firms,VIIRS,VIIRS_NOAA21_NRT
-0.4229,112.28159,2025-07-03,637,N21,n,2.0NRT,3.97,D,0.47,0.64,,,,,,firms,VIIRS,VIIRS_NOAA21_NRT
-0.4226,112.28159,2025-07-03,637,N21,n,2.0NRT,3.11,D,0.47,0.64,,,,,,firms,VIIRS,VIIRS_NOAA21_NRT
-0.33047,110.81844,2025-07-03,637,N21,n,2.0NRT,4.09,D,0.37,0.58,,,,,,firms,VIIRS,VIIRS_NOAA21_NRT
-0.23021,110.14156,2025-07-03,637,N21,n,2.0NRT,4.09,D,0.33,0.55,,,,,,firms,VIIRS,VIIRS_NOAA21_NRT
-0.19926,110.90891,2025-07-03,637,N21,n,2.0NRT,6.49,D,0.38,0.58,,,,,,firms,VIIRS,VIIRS_NOAA21_NRT
-0.19391,110.90813,2025-07-03,637,N21,n,2.0NRT,14.49,D,0.38,0.58,,,,,,firms,VIIRS,VIIRS_NOAA21_NRT
-0.19341,110.91135,2025-07-03,637,N21,h,2.0NRT,14.49,D,0.38,0.58,,,,,,firms,VIIRS,VIIRS_NOAA21_NRT
-0.18114,100.10716,2025-07-03,637,N21,n,2.0NRT,3.3,D,0.41,0.37,,,,,,firms,VIIRS,VIIRS_NOAA21_NRT
-0.12992,110.18417,2025-07-03,637,N21,n,2.0NRT,4.93,D,0.34,0.56,,,,,,firms,VIIRS,VIIRS_NOAA21_NRT
-0.01749,111.0689,2025-07-03,637,N21,n,2.0NRT,6.35,D,0.39,0.59,,,,,,firms,VIIRS,VIIRS_NOAA21_NRT
0.38369,109.24345,2025-07-03,637,N21,n,2.0NRT,7.46,D,0.59,0.53,,,,,,firms,VIIRS,VIIRS_NOAA21_NRT
0.38374,109.24094,2025-07-03,637,N21,n,2.0NRT,4.84,D,0.59,0.53,,,,,,firms,VIIRS,VIIRS_NOAA21_NRT
0.47235,108.98574,2025-07-03,637,N21,n,2.0NRT,5.77,D,0.57,0.52,,,,,,firms,VIIRS,VIIRS_NOAA21_NRT
0.54782,109.58693,2025-07-03,637,N21,n,2.0NRT,13.37,D,0.63,0.54,,,,,,firms,VIIRS,VIIRS_NOAA21_NRT
0.55151,109.58835,2025-07-03,637,N21,n,2.0NRT,11.8,D,0.63,0.54,,,,,,firms,VIIRS,VIIRS_NOAA21_NRT
0.62787,109.10676,2025-07-03,637,N21,n,2.0NRT,7.4,D,0.58,0.52,,,,,,firms,VIIRS,VIIRS_NOAA21_NRT
0.69894,109.3438,2025-07-03,637,N21,n,2.0NRT,10.95,D,0.6,0.53,,,,,,firms,VIIRS,VIIRS_NOAA21_NRT
0.81779,108.9049,2025-07-03,637,N21,n,2.0NRT,10.81,D,0.57,0.52,,,,,,firms,VIIRS,VIIRS_NOAA21_NRT
0.86739,108.97464,2025-07-03,637,N21,n,2.0NRT,2.77,D,0.57,0.52,,,,,,firms,VIIRS,VIIRS_NOAA21_NRT
0.90785,104.51348,2025-07-03,637,N21,n,2.0NRT,4.24,D,0.46,0.39,,,,,,firms,VIIRS,VIIRS_NOAA21_NRT
1.04594,99.34489,2025-07-03,637,N21,n,2.0NRT,9.05,D,0.42,0.38,,,,,,firms,VIIRS,VIIRS_NOAA21_NRT
1.34204,98.94544,2025-07-03,637,N21,n,2.0NRT,36.57,D,0.43,0.38,,,,,,firms,VIIRS,VIIRS_NOAA21_NRT
1.34553,98.94496,2025-07-03,637,N21,n,2.0NRT,51.15,D,0.43,0.38,,,,,,firms,VIIRS,VIIRS_NOAA21_NRT
1.37728,97.30476,2025-07-03,637,N21,n,2.0NRT,7.73,D,0.52,0.42,,,,,,firms,VIIRS,VIIRS_NOAA21_NRT
1.37777,97.30724,2025-07-03,637,N21,n,2.0NRT,7.52,D,0.52,0.42,,,,,,firms,VIIRS,VIIRS_NOAA21_NRT
1.37893,104.15684,2025-07-03,637,N21,n,2.0NRT,4.43,D,0.45,0.39,,,,,,firms,VIIRS,VIIRS_NOAA21_NRT
1.38108,97.30421,2025-07-03,637,N21,n,2.0NRT,7.73,D,0.52,0.42,,,,,,firms,VIIRS,VIIRS_NOAA21_NRT
1.38157,97.30667,2025-07-03,637,N21,n,2.0NRT,7.52,D,0.52,0.42,,,,,,firms,VIIRS,VIIRS_NOAA21_NRT
1.39099,97.34311,2025-07-03,637,N21,n,2.0NRT,10.34,D,0.52,0.41,,,,,,firms,VIIRS,VIIRS_NOAA21_NRT
1.39148,97.34521,2025-07-03,637,N21,n,2.0NRT,9.57,D,0.52,0.41,,,,,,firms,VIIRS,VIIRS_NOAA21_NRT
1.3948,97.29264,2025-07-03,637,N21,n,2.0NRT,3.68,D,0.52,0.42,,,,,,firms,VIIRS,VIIRS_NOAA21_NRT
1.39827,97.21568,2025-07-03,637,N21,n,2.0NRT,11.35,D,0.53,0.42,,,,,,firms,VIIRS,VIIRS_NOAA21_NRT
1.41455,98.91836,2025-07-03,637,N21,n,2.0NRT,4.98,D,0.43,0.38,,,,,,firms,VIIRS,VIIRS_NOAA21_NRT
1.41804,98.91784,2025-07-03,637,N21,n,2.0NRT,4.98,D,0.43,0.38,,,,,,firms,VIIRS,VIIRS_NOAA21_NRT
1.5625,109.18552,2025-07-03,637,N21,n,2.0NRT,6.32,D,0.61,0.53,,,,,,firms,VIIRS,VIIRS_NOAA21_NRT
1.67284,101.47632,2025-07-03,637,N21,n,2.0NRT,1.2,D,0.38,0.36,,,,,,firms,VIIRS,VIIRS_NOAA21_NRT
1.74237,98.69851,2025-07-03,637,N21,n,2.0NRT,6.41,D,0.44,0.38,,,,,,firms,VIIRS,VIIRS_NOAA21_NRT
1.74818,98.68961,2025-07-03,637,N21,n,2.0NRT,6.05,D,0.44,0.38,,,,,,firms,VIIRS,VIIRS_NOAA21_NRT
1.77144,99.17823,2025-07-03,637,N21,n,2.0NRT,5.13,D,0.42,0.38,,,,,,firms,VIIRS,VIIRS_NOAA21_NRT
1.82066,99.04324,2025-07-03,637,N21,n,2.0NRT,5.27,D,0.43,0.38,,,,,,firms,VIIRS,VIIRS_NOAA21_NRT
1.82089,98.64252,2025-07-03,637,N21,l,2.0NRT,5.63,D,0.44,0.38,,,,,,firms,VIIRS,VIIRS_NOAA21_NRT
1.82441,98.642,2025-07-03,637,N21,n,2.0NRT,5.63,D,0.44,0.38,,,,,,firms,VIIRS,VIIRS_NOAA21_NRT
1.84536,98.61468,2025-07-03,637,N21,n,2.0NRT,4.14,D,0.44,0.38,,,,,,firms,VIIRS,VIIRS_NOAA21_NRT
1.84888,98.61414,2025-07-03,637,N21,n,2.0NRT,4.14,D,0.44,0.38,,,,,,firms,VIIRS,VIIRS_NOAA21_NRT
2.34738,98.0631,2025-07-03,637,N21,n,2.0NRT,4.94,D,0.46,0.39,,,,,,firms,VIIRS,VIIRS_NOAA21_NRT
2.78106,101.98872,2025-07-03,637,N21,n,2.0NRT,2.38,D,0.39,0.36,,,,,,firms,VIIRS,VIIRS_NOAA21_NRT
3.48918,101.48055,2025-07-03,637,N21,n,2.0NRT,6.56,D,0.39,0.36,,,,,,firms,VIIRS,VIIRS_NOAA21_NRT
4.69884,113.9433,2025-07-03,637,N21,n,2.0NRT,4.82,D,0.73,0.76,,,,,,firms,VIIRS,VIIRS_NOAA21_NRT
3.33162,97.14254,2025-07-03,640,N21,n,2.0NRT,11.1,D,0.5,0.41,,,,,,firms,VIIRS,VIIRS_NOAA21_NRT
3.38775,97.85648,2025-07-03,640,N21,n,2.0NRT,5.49,D,0.46,0.39,,,,,,firms,VIIRS,VIIRS_NOAA21_NRT
4.06535,100.93214,2025-07-03,640,N21,n,2.0NRT,2.58,D,0.38,0.36,,,,,,firms,VIIRS,VIIRS_NOAA21_NRT
4.37348,96.2919,2025-07-03,640,N21,n,2.0NRT,6.08,D,0.54,0.42,,,,,,firms,VIIRS,VIIRS_NOAA21_NRT
4.39133,96.72735,2025-07-03,640,N21,n,2.0NRT,4.77,D,0.51,0.41,,,,,,firms,VIIRS,VIIRS_NOAA21_NRT
5.27917,101.06602,2025-07-03,640,N21,n,2.0NRT,4.66,D,0.39,0.36,,,,,,firms,VIIRS,VIIRS_NOAA21_NRT
5.51024,95.52125,2025-07-03,640,N21,n,2.0NRT,3.6,D,0.39,0.44,,,,,,firms,VIIRS,VIIRS_NOAA21_NRT
5.51415,95.49472,2025-07-03,640,N21,n,2.0NRT,3.29,D,0.39,0.44,,,,,,firms,VIIRS,VIIRS_NOAA21_NRT
5.51473,95.49832,2025-07-03,640,N21,n,2.0NRT,3.29,D,0.39,0.44,,,,,,firms,VIIRS,VIIRS_NOAA21_NRT
5.51756,95.49043,2025-07-03,640,N21,n,2.0NRT,3.7,D,0.39,0.44,,,,,,firms,VIIRS,VIIRS_NOAA21_NRT
-1.81882,136.75163,2025-07-03,1556,N21,n,2.0NRT,5.07,N,0.39,0.44,,,,,,firms,VIIRS,VIIRS_NOAA21_NRT
-1.81827,136.74815,2025-07-03,1556,N21,n,2.0NRT,5.07,N,0.39,0.44,,,,,,firms,VIIRS,VIIRS_NOAA21_NRT
-2.44066,133.13861,2025-07-03,1558,N21,n,2.0NRT,1.23,N,0.34,0.56,,,,,,firms,VIIRS,VIIRS_NOAA21_NRT
-3.87262,122.40923,2025-07-03,1739,N21,n,2.0NRT,0.95,N,0.49,0.49,,,,,,firms,VIIRS,VIIRS_NOAA21_NRT
-3.76287,115.4316,2025-07-03,1739,N21,n,2.0NRT,0.74,N,0.39,0.36,,,,,,firms,VIIRS,VIIRS_NOAA21_NRT
-2.58173,121.37479,2025-07-03,1739,N21,n,2.0NRT,0.84,N,0.4,0.44,,,,,,firms,VIIRS,VIIRS_NOAA21_NRT
-2.58137,121.37411,2025-07-03,1739,N21,n,2.0NRT,2.18,N,0.4,0.44,,,,,,firms,VIIRS,VIIRS_NOAA21_NRT
-2.58118,121.37108,2025-07-03,1739,N21,n,2.0NRT,1.62,N,0.4,0.44,,,,,,firms,VIIRS,VIIRS_NOAA21_NRT
-2.5808,121.37045,2025-07-03,1739,N21,n,2.0NRT,2.42,N,0.4,0.44,,,,,,firms,VIIRS,VIIRS_NOAA21_NRT
-2.5773,121.37466,2025-07-03,1739,N21,n,2.0NRT,2.29,N,0.4,0.44,,,,,,firms,VIIRS,VIIRS_NOAA21_NRT
-2.57673,121.37097,2025-07-03,1739,N21,n,2.0NRT,2.34,N,0.4,0.44,,,,,,firms,VIIRS,VIIRS_NOAA21_NRT
-2.54287,111.28963,2025-07-03,1739,N21,n,2.0NRT,1.81,N,0.39,0.44,,,,,,firms,VIIRS,VIIRS_NOAA21_NRT
-1.51577,114.39428,2025-07-03,1739,N21,n,2.0NRT,0.84,N,0.42,0.38,,,,,,firms,VIIRS,VIIRS_NOAA21_NRT
-1.49276,114.58313,2025-07-03,1739,N21,n,2.0NRT,1.25,N,0.41,0.37,,,,,,firms,VIIRS,VIIRS_NOAA21_NRT
-1.46099,127.4368,2025-07-03,1739,N21,n,2.0NRT,5.88,N,0.51,0.66,,,,,,firms,VIIRS,VIIRS_NOAA21_NRT
-1.45893,127.43796,2025-07-03,1739,N21,n,2.0NRT,5.72,N,0.51,0.66,,,,,,firms,VIIRS,VIIRS_NOAA21_NRT
-1.45835,127.43426,2025-07-03,1739,N21,n,2.0NRT,5.72,N,0.51,0.66,,,,,,firms,VIIRS,VIIRS_NOAA21_NRT
-1.38311,122.4822,2025-07-03,1739,N21,n,2.0NRT,1.22,N,0.46,0.47,,,,,,firms,VIIRS,VIIRS_NOAA21_NRT
-1.3023,113.39127,2025-07-03,1739,N21,n,2.0NRT,1.25,N,0.46,0.39,,,,,,firms,VIIRS,VIIRS_NOAA21_NRT
-1.26153,102.77573,2025-07-03,1739,N21,n,2.0NRT,4.14,N,0.78,0.78,,,,,,firms,VIIRS,VIIRS_NOAA21_NRT
-1.25849,102.77564,2025-07-03,1739,N21,n,2.0NRT,6.69,N,0.78,0.78,,,,,,firms,VIIRS,VIIRS_NOAA21_NRT
-1.25348,102.78915,2025-07-03,1739,N21,n,2.0NRT,6.18,N,0.78,0.78,,,,,,firms,VIIRS,VIIRS_NOAA21_NRT
-1.24933,102.79032,2025-07-03,1739,N21,n,2.0NRT,6.86,N,0.78,0.78,,,,,,firms,VIIRS,VIIRS_NOAA21_NRT
-0.99014,103.33234,2025-07-03,1739,N21,n,2.0NRT,2.81,N,0.72,0.76,,,,,,firms,VIIRS,VIIRS_NOAA21_NRT
-0.93157,115.80238,2025-07-03,1739,N21,n,2.0NRT,0.59,N,0.39,0.36,,,,,,firms,VIIRS,VIIRS_NOAA21_NRT
-0.44524,117.26064,2025-07-03,1739,N21,n,2.0NRT,0.31,N,0.39,0.36,,,,,,firms,VIIRS,VIIRS_NOAA21_NRT
-0.44342,115.59634,2025-07-03,1739,N21,n,2.0NRT,0.65,N,0.39,0.36,,,,,,firms,VIIRS,VIIRS_NOAA21_NRT
0.06864,109.28518,2025-07-03,1739,N21,n,2.0NRT,2.74,N,0.58,0.52,,,,,,firms,VIIRS,VIIRS_NOAA21_NRT
0.56946,117.45446,2025-07-03,1739,N21,n,2.0NRT,1.0,N,0.39,0.36,,,,,,firms,VIIRS,VIIRS_NOAA21_NRT
0.6118,117.44338,2025-07-03,1739,N21,n,2.0NRT,2.28,N,0.39,0.36,,,,,,firms,VIIRS,VIIRS_NOAA21_NRT
0.6655,117.57941,2025-07-03,1739,N21,n,2.0NRT,0.89,N,0.39,0.36,,,,,,firms,VIIRS,VIIRS_NOAA21_NRT
0.67428,117.56663,2025-07-03,1739,N21,n,2.0NRT,3.45,N,0.39,0.36,,,,,,firms,VIIRS,VIIRS_NOAA21_NRT
0.67758,117.56715,2025-07-03,1739,N21,n,2.0NRT,1.55,N,0.39,0.36,,,,,,firms,VIIRS,VIIRS_NOAA21_NRT
0.67812,117.56371,2025-07-03,1739,N21,n,2.0NRT,1.55,N,0.39,0.36,,,,,,firms,VIIRS,VIIRS_NOAA21_NRT
0.68197,117.56077,2025-07-03,1739,N21,n,2.0NRT,2.15,N,0.39,0.36,,,,,,firms,VIIRS,VIIRS_NOAA21_NRT
0.68528,117.56127,2025-07-03,1739,N21,n,2.0NRT,2.39,N,0.39,0.36,,,,,,firms,VIIRS,VIIRS_NOAA21_NRT
0.6862,117.51202,2025-07-03,1739,N21,n,2.0NRT,1.01,N,0.39,0.36,,,,,,firms,VIIRS,VIIRS_NOAA21_NRT
0.68635,117.55438,2025-07-03,1739,N21,n,2.0NRT,3.59,N,0.39,0.36,,,,,,firms,VIIRS,VIIRS_NOAA21_NRT
0.68659,117.46625,2025-07-03,1739,N21,n,2.0NRT,1.78,N,0.39,0.36,,,,,,firms,VIIRS,VIIRS_NOAA21_NRT
0.68966,117.55489,2025-07-03,1739,N21,n,2.0NRT,3.59,N,0.39,0.36,,,,,,firms,VIIRS,VIIRS_NOAA21_NRT
0.69704,117.46435,2025-07-03,1739,N21,n,2.0NRT,0.96,N,0.39,0.36,,,,,,firms,VIIRS,VIIRS_NOAA21_NRT
0.84525,116.93285,2025-07-03,1739,N21,n,2.0NRT,0.57,N,0.38,0.36,,,,,,firms,VIIRS,VIIRS_NOAA21_NRT
1.0149,117.65153,2025-07-03,1739,N21,n,2.0NRT,0.92,N,0.39,0.36,,,,,,firms,VIIRS,VIIRS_NOAA21_NRT
1.21511,118.26417,2025-07-03,1739,N21,n,2.0NRT,5.31,N,0.4,0.37,,,,,,firms,VIIRS,VIIRS_NOAA21_NRT
1.21845,118.2647,2025-07-03,1739,N21,n,2.0NRT,5.31,N,0.4,0.37,,,,,,firms,VIIRS,VIIRS_NOAA21_NRT
1.93055,117.30267,2025-07-03,1739,N21,n,2.0NRT,1.44,N,0.38,0.36,,,,,,firms,VIIRS,VIIRS_NOAA21_NRT
1.94811,113.62982,2025-07-03,1739,N21,n,2.0NRT,3.71,N,0.49,0.4,,,,,,firms,VIIRS,VIIRS_NOAA21_NRT
2.08589,111.58894,2025-07-03,1739,N21,n,2.0NRT,0.66,N,0.43,0.46,,,,,,firms,VIIRS,VIIRS_NOAA21_NRT
3.28022,113.0814,2025-07-03,1739,N21,n,2.0NRT,2.82,N,0.55,0.42,,,,,,firms,VIIRS,VIIRS_NOAA21_NRT
-10.10011,120.69643,2025-07-03,1741,N21,n,2.0NRT,3.43,N,0.46,0.47,,,,,,firms,VIIRS,VIIRS_NOAA21_NRT
-8.92377,116.76181,2025-07-03,1741,N21,n,2.0NRT,0.31,N,0.41,0.37,,,,,,firms,VIIRS,VIIRS_NOAA21_NRT
-8.32218,118.43828,2025-07-03,1741,N21,n,2.0NRT,0.76,N,0.48,0.4,,,,,,firms,VIIRS,VIIRS_NOAA21_NRT
-8.32158,118.4361,2025-07-03,1741,N21,n,2.0NRT,0.85,N,0.48,0.4,,,,,,firms,VIIRS,VIIRS_NOAA21_NRT
-8.27686,123.51369,2025-07-03,1741,N21,n,2.0NRT,0.95,N,0.34,0.56,,,,,,firms,VIIRS,VIIRS_NOAA21_NRT
-8.27627,123.50906,2025-07-03,1741,N21,n,2.0NRT,0.95,N,0.34,0.56,,,,,,firms,VIIRS,VIIRS_NOAA21_NRT
-8.274,123.51246,2025-07-03,1741,N21,n,2.0NRT,3.51,N,0.34,0.56,,,,,,firms,VIIRS,VIIRS_NOAA21_NRT
-8.27337,123.50781,2025-07-03,1741,N21,n,2.0NRT,3.51,N,0.34,0.56,,,,,,firms,VIIRS,VIIRS_NOAA21_NRT
-7.76875,114.22562,2025-07-03,1741,N21,n,2.0NRT,0.68,N,0.39,0.36,,,,,,firms,VIIRS,VIIRS_NOAA21_NRT
-7.76543,114.22614,2025-07-03,1741,N21,n,2.0NRT,0.68,N,0.39,0.36,,,,,,firms,VIIRS,VIIRS_NOAA21_NRT
-7.69337,108.99765,2025-07-03,1741,N21,n,2.0NRT,1.44,N,0.46,0.47,,,,,,firms,VIIRS,VIIRS_NOAA21_NRT
-7.54156,110.43892,2025-07-03,1741,N21,n,2.0NRT,1.74,N,0.56,0.43,,,,,,firms,VIIRS,VIIRS_NOAA21_NRT
-7.0757,112.63,2025-07-03,1741,N21,n,2.0NRT,2.41,N,0.44,0.38,,,,,,firms,VIIRS,VIIRS_NOAA21_NRT
-6.33286,106.57101,2025-07-03,1741,N21,n,2.0NRT,1.83,N,0.35,0.57,,,,,,firms,VIIRS,VIIRS_NOAA21_NRT
-6.10036,106.66962,2025-07-03,1741,N21,n,2.0NRT,2.05,N,0.35,0.57,,,,,,firms,VIIRS,VIIRS_NOAA21_NRT
-6.09713,106.67223,2025-07-03,1741,N21,n,2.0NRT,1.99,N,0.35,0.57,,,,,,firms,VIIRS,VIIRS_NOAA21_NRT
-3.80462,103.81927,2025-07-03,1741,N21,n,2.0NRT,3.54,N,0.6,0.71,,,,,,firms,VIIRS,VIIRS_NOAA21_NRT
-3.80362,103.81354,2025-07-03,1741,N21,n,2.0NRT,2.66,N,0.6,0.71,,,,,,firms,VIIRS,VIIRS_NOAA21_NRT
-3.41104,104.14636,2025-07-03,1741,N21,n,2.0NRT,1.03,N,0.58,0.7,,,,,,firms,VIIRS,VIIRS_NOAA21_NRT
-3.30693,104.31779,2025-07-03,1741,N21,n,2.0NRT,1.1,N,0.57,0.69,,,,,,firms,VIIRS,VIIRS_NOAA21_NRT
-3.30446,104.32058,2025-07-03,1741,N21,n,2.0NRT,1.68,N,0.56,0.69,,,,,,firms,VIIRS,VIIRS_NOAA21_NRT
5.64614,104.98072,2025-07-03,1915,N21,n,2.0NRT,6.98,N,0.62,0.71,,,,,,firms,VIIRS,VIIRS_NOAA21_NRT
5.64622,104.98242,2025-07-03,1915,N21,n,2.0NRT,10.3,N,0.62,0.71,,,,,,firms,VIIRS,VIIRS_NOAA21_NRT
5.64709,104.97524,2025-07-03,1915,N21,n,2.0NRT,6.98,N,0.62,0.71,,,,,,firms,VIIRS,VIIRS_NOAA21_NRT
5.64721,104.97696,2025-07-03,1915,N21,n,2.0NRT,11.51,N,0.62,0.71,,,,,,firms,VIIRS,VIIRS_NOAA21_NRT
-0.48692,102.47849,2025-07-03,1917,N21,n,2.0NRT,0.81,N,0.52,0.67,,,,,,firms,VIIRS,VIIRS_NOAA21_NRT
-0.4383,101.61128,2025-07-03,1917,N21,n,2.0NRT,0.98,N,0.45,0.63,,,,,,firms,VIIRS,VIIRS_NOAA21_NRT
0.44086,101.89092,2025-07-03,1917,N21,n,2.0NRT,2.37,N,0.46,0.64,,,,,,firms,VIIRS,VIIRS_NOAA21_NRT
0.53506,101.60164,2025-07-03,1917,N21,n,2.0NRT,0.82,N,0.44,0.62,,,,,,firms,VIIRS,VIIRS_NOAA21_NRT
0.53876,101.57856,2025-07-03,1917,N21,n,2.0NRT,2.13,N,0.44,0.62,,,,,,firms,VIIRS,VIIRS_NOAA21_NRT
1.39266,97.29797,2025-07-03,1917,N21,n,2.0NRT,0.92,N,0.43,0.46,,,,,,firms,VIIRS,VIIRS_NOAA21_NRT
1.59229,99.53944,2025-07-03,1917,N21,n,2.0NRT,2.15,N,0.6,0.53,,,,,,firms,VIIRS,VIIRS_NOAA21_NRT
1.59329,99.53337,2025-07-03,1917,N21,n,2.0NRT,2.52,N,0.6,0.53,,,,,,firms,VIIRS,VIIRS_NOAA21_NRT
1.59391,99.5374,2025-07-03,1917,N21,n,2.0NRT,4.31,N,0.6,0.53,,,,,,firms,VIIRS,VIIRS_NOAA21_NRT
1.63652,99.69903,2025-07-03,1917,N21,n,2.0NRT,0.7,N,0.62,0.54,,,,,,firms,VIIRS,VIIRS_NOAA21_NRT
1.84269,98.61535,2025-07-03,1917,N21,n,2.0NRT,1.13,N,0.52,0.5,,,,,,firms,VIIRS,VIIRS_NOAA21_NRT
1.84615,98.61423,2025-07-03,1917,N21,n,2.0NRT,3.13,N,0.52,0.5,,,,,,firms,VIIRS,VIIRS_NOAA21_NRT
1.84721,98.61609,2025-07-03,1917,N21,n,2.0NRT,1.13,N,0.52,0.5,,,,,,firms,VIIRS,VIIRS_NOAA21_NRT
1.9224,98.75799,2025-07-03,1917,N21,n,2.0NRT,0.71,N,0.53,0.5,,,,,,firms,VIIRS,VIIRS_NOAA21_NRT
1.934,99.49446,2025-07-03,1917,N21,n,2.0NRT,0.76,N,0.59,0.53,,,,,,firms,VIIRS,VIIRS_NOAA21_NRT
1.93487,99.49204,2025-07-03,1917,N21,n,2.0NRT,0.86,N,0.59,0.53,,,,,,firms,VIIRS,VIIRS_NOAA21_NRT
2.14874,99.99945,2025-07-03,1917,N21,n,2.0NRT,0.54,N,0.32,0.54,,,,,,firms,VIIRS,VIIRS_NOAA21_NRT
2.34769,98.68766,2025-07-03,1917,N21,n,2.0NRT,0.63,N,0.51,0.5,,,,,,firms,VIIRS,VIIRS_NOAA21_NRT
2.36634,98.77511,2025-07-03,1917,N21,n,2.0NRT,0.93,N,0.52,0.5,,,,,,firms,VIIRS,VIIRS_NOAA21_NRT
2.36801,98.77316,2025-07-03,1917,N21,n,2.0NRT,0.6,N,0.52,0.5,,,,,,firms,VIIRS,VIIRS_NOAA21_NRT
2.74248,101.56902,2025-07-03,1917,N21,n,2.0NRT,0.3,N,0.4,0.6,,,,,,firms,VIIRS,VIIRS_NOAA21_NRT
4.14573,105.10719,2025-07-03,1917,N21,n,2.0NRT,4.19,N,0.67,0.74,,,,,,firms,VIIRS,VIIRS_NOAA21_NRT
-1.56356,103.69702,2025-07-03,1919,N21,n,2.0NRT,3.15,N,0.66,0.73,,,,,,firms,VIIRS,VIIRS_NOAA21_NRT
-1.4075,102.07807,2025-07-03,1919,N21,n,2.0NRT,0.74,N,0.51,0.66,,,,,,firms,VIIRS,VIIRS_NOAA21_NRT
-1.25213,102.79072,2025-07-03,1919,N21,n,2.0NRT,2.44,N,0.57,0.69,,,,,,firms,VIIRS,VIIRS_NOAA21_NRT
-0.53464,101.41652,2025-07-03,1919,N21,n,2.0NRT,0.68,N,0.44,0.63,,,,,,firms,VIIRS,VIIRS_NOAA21_NRT
-0.53283,101.41861,2025-07-03,1919,N21,n,2.0NRT,0.68,N,0.44,0.63,,,,,,firms,VIIRS,VIIRS_NOAA21_NRT
-0.43918,101.60976,2025-07-03,1919,N21,n,2.0NRT,0.82,N,0.46,0.63,,,,,,firms,VIIRS,VIIRS_NOAA21_NRT
-8.27704,123.49966,2025-07-04,436,N21,n,2.0NRT,6.16,D,0.44,0.62,,,,,,firms,VIIRS,VIIRS_NOAA21_NRT
-8.27565,130.85754,2025-07-04,436,N21,n,2.0NRT,3.63,D,0.45,0.39,,,,,,firms,VIIRS,VIIRS_NOAA21_NRT
-8.27329,130.84891,2025-07-04,436,N21,n,2.0NRT,4.17,D,0.45,0.39,,,,,,firms,VIIRS,VIIRS_NOAA21_NRT
-8.27269,130.85298,2025-07-04,436,N21,n,2.0NRT,3.63,D,0.45,0.39,,,,,,firms,VIIRS,VIIRS_NOAA21_NRT
-8.2721,130.85703,2025-07-04,436,N21,n,2.0NRT,3.63,D,0.45,0.39,,,,,,firms,VIIRS,VIIRS_NOAA21_NRT
-8.27095,123.50172,2025-07-04,436,N21,n,2.0NRT,10.21,D,0.44,0.62,,,,,,firms,VIIRS,VIIRS_NOAA21_NRT
-8.26855,130.85648,2025-07-04,436,N21,n,2.0NRT,6.26,D,0.45,0.39,,,,,,firms,VIIRS,VIIRS_NOAA21_NRT
-8.18441,127.89913,2025-07-04,436,N21,n,2.0NRT,2.09,D,0.44,0.46,,,,,,firms,VIIRS,VIIRS_NOAA21_NRT
-8.18427,127.89872,2025-07-04,436,N21,n,2.0NRT,5.05,D,0.44,0.46,,,,,,firms,VIIRS,VIIRS_NOAA21_NRT
-4.13826,140.18773,2025-07-04,436,N21,n,2.0NRT,3.75,D,0.57,0.52,,,,,,firms,VIIRS,VIIRS_NOAA21_NRT
-4.09355,139.02565,2025-07-04,436,N21,n,2.0NRT,4.1,D,0.47,0.48,,,,,,firms,VIIRS,VIIRS_NOAA21_NRT
-4.09247,139.02608,2025-07-04,436,N21,n,2.0NRT,3.08,D,0.48,0.48,,,,,,firms,VIIRS,VIIRS_NOAA21_NRT
-3.71036,138.05937,2025-07-04,436,N21,n,2.0NRT,8.54,D,0.42,0.45,,,,,,firms,VIIRS,VIIRS_NOAA21_NRT
-3.70756,138.05867,2025-07-04,436,N21,n,2.0NRT,3.73,D,0.42,0.45,,,,,,firms,VIIRS,VIIRS_NOAA21_NRT
-3.67528,138.64659,2025-07-04,436,N21,n,2.0NRT,4.35,D,0.45,0.47,,,,,,firms,VIIRS,VIIRS_NOAA21_NRT
-3.65584,137.9866,2025-07-04,436,N21,n,2.0NRT,26.2,D,0.41,0.45,,,,,,firms,VIIRS,VIIRS_NOAA21_NRT
-1.81723,136.75284,2025-07-04,436,N21,n,2.0NRT,7.16,D,0.55,0.43,,,,,,firms,VIIRS,VIIRS_NOAA21_NRT
-1.76811,134.2059,2025-07-04,438,N21,n,2.0NRT,4.17,D,0.42,0.37,,,,,,firms,VIIRS,VIIRS_NOAA21_NRT
-1.45903,127.43599,2025-07-04,438,N21,n,2.0NRT,19.23,D,0.57,0.43,,,,,,firms,VIIRS,VIIRS_NOAA21_NRT
-1.34642,121.62966,2025-07-04,438,N21,n,2.0NRT,5.6,D,0.47,0.64,,,,,,firms,VIIRS,VIIRS_NOAA21_NRT
-1.34618,121.62825,2025-07-04,438,N21,n,2.0NRT,6.26,D,0.47,0.64,,,,,,firms,VIIRS,VIIRS_NOAA21_NRT
0.7501,127.57249,2025-07-04,438,N21,n,2.0NRT,4.71,D,0.52,0.42,,,,,,firms,VIIRS,VIIRS_NOAA21_NRT
0.75017,127.57111,2025-07-04,438,N21,n,2.0NRT,3.84,D,0.52,0.42,,,,,,firms,VIIRS,VIIRS_NOAA21_NRT
1.49215,127.63059,2025-07-04,438,N21,n,2.0NRT,6.74,D,0.51,0.41,,,,,,firms,VIIRS,VIIRS_NOAA21_NRT
1.49588,127.62997,2025-07-04,438,N21,n,2.0NRT,9.46,D,0.51,0.41,,,,,,firms,VIIRS,VIIRS_NOAA21_NRT
-7.70491,112.11083,2025-07-04,616,N21,n,2.0NRT,9.74,D,0.51,0.41,,,,,,firms,VIIRS,VIIRS_NOAA21_NRT
-6.93017,108.75548,2025-07-04,616,N21,n,2.0NRT,3.84,D,0.39,0.36,,,,,,firms,VIIRS,VIIRS_NOAA21_NRT
-6.92054,110.27393,2025-07-04,616,N21,n,2.0NRT,5.07,D,0.42,0.38,,,,,,firms,VIIRS,VIIRS_NOAA21_NRT
-6.76676,111.44591,2025-07-04,616,N21,n,2.0NRT,6.34,D,0.48,0.4,,,,,,firms,VIIRS,VIIRS_NOAA21_NRT
-6.54879,108.09364,2025-07-04,616,N21,n,2.0NRT,1.5,D,0.38,0.36,,,,,,firms,VIIRS,VIIRS_NOAA21_NRT
-4.34553,104.96629,2025-07-04,618,N21,n,2.0NRT,6.3,D,0.43,0.38,,,,,,firms,VIIRS,VIIRS_NOAA21_NRT
-4.24896,104.07311,2025-07-04,618,N21,n,2.0NRT,3.45,D,0.47,0.4,,,,,,firms,VIIRS,VIIRS_NOAA21_NRT
-4.24836,104.07358,2025-07-04,618,N21,n,2.0NRT,3.93,D,0.47,0.4,,,,,,firms,VIIRS,VIIRS_NOAA21_NRT
-4.11604,102.80623,2025-07-04,618,N21,n,2.0NRT,6.56,D,0.56,0.43,,,,,,firms,VIIRS,VIIRS_NOAA21_NRT
-4.11603,102.80367,2025-07-04,618,N21,n,2.0NRT,6.02,D,0.56,0.43,,,,,,firms,VIIRS,VIIRS_NOAA21_NRT
-3.98177,103.45808,2025-07-04,618,N21,n,2.0NRT,6.17,D,0.51,0.41,,,,,,firms,VIIRS,VIIRS_NOAA21_NRT
-3.80745,103.82084,2025-07-04,618,N21,n,2.0NRT,6.8,D,0.48,0.4,,,,,,firms,VIIRS,VIIRS_NOAA21_NRT
-3.77864,104.20848,2025-07-04,618,N21,n,2.0NRT,4.48,D,0.46,0.39,,,,,,firms,VIIRS,VIIRS_NOAA21_NRT
-3.72583,103.71669,2025-07-04,618,N21,n,2.0NRT,7.92,D,0.49,0.4,,,,,,firms,VIIRS,VIIRS_NOAA21_NRT
-3.70255,103.35564,2025-07-04,618,N21,n,2.0NRT,4.36,D,0.51,0.41,,,,,,firms,VIIRS,VIIRS_NOAA21_NRT
-3.54913,102.23713,2025-07-04,618,N21,n,2.0NRT,8.98,D,0.39,0.44,,,,,,firms,VIIRS,VIIRS_NOAA21_NRT
-3.50206,102.07326,2025-07-04,618,N21,n,2.0NRT,5.57,D,0.4,0.44,,,,,,firms,VIIRS,VIIRS_NOAA21_NRT
-3.24841,103.60276,2025-07-04,618,N21,n,2.0NRT,5.77,D,0.49,0.4,,,,,,firms,VIIRS,VIIRS_NOAA21_NRT
-3.14808,119.97499,2025-07-04,618,N21,n,2.0NRT,11.05,D,0.67,0.74,,,,,,firms,VIIRS,VIIRS_NOAA21_NRT
-3.06433,104.79457,2025-07-04,618,N21,n,2.0NRT,2.75,D,0.43,0.38,,,,,,firms,VIIRS,VIIRS_NOAA21_NRT
-2.94969,101.75907,2025-07-04,618,N21,n,2.0NRT,2.83,D,0.41,0.45,,,,,,firms,VIIRS,VIIRS_NOAA21_NRT
-2.9086,106.53281,2025-07-04,618,N21,n,2.0NRT,6.31,D,0.39,0.36,,,,,,firms,VIIRS,VIIRS_NOAA21_NRT
-2.80933,110.41547,2025-07-04,618,N21,n,2.0NRT,11.01,D,0.47,0.4,,,,,,firms,VIIRS,VIIRS_NOAA21_NRT
-2.73802,106.0892,2025-07-04,618,N21,n,2.0NRT,3.14,D,0.39,0.36,,,,,,firms,VIIRS,VIIRS_NOAA21_NRT
-2.73658,106.45652,2025-07-04,618,N21,n,2.0NRT,3.2,D,0.39,0.36,,,,,,firms,VIIRS,VIIRS_NOAA21_NRT
-2.72487,118.90544,2025-07-04,618,N21,n,2.0NRT,8.67,D,0.58,0.69,,,,,,firms,VIIRS,VIIRS_NOAA21_NRT
-2.55488,103.26217,2025-07-04,618,N21,n,2.0NRT,193.86,D,0.5,0.41,,,,,,firms,VIIRS,VIIRS_NOAA21_NRT
-2.54524,111.2911,2025-07-04,618,N21,n,2.0NRT,10.74,D,0.53,0.42,,,,,,firms,VIIRS,VIIRS_NOAA21_NRT
-2.39558,103.62637,2025-07-04,618,N21,n,2.0NRT,4.83,D,0.48,0.4,,,,,,firms,VIIRS,VIIRS_NOAA21_NRT
-2.39494,103.63063,2025-07-04,618,N21,n,2.0NRT,4.83,D,0.48,0.4,,,,,,firms,VIIRS,VIIRS_NOAA21_NRT
-2.0099,101.01721,2025-07-04,618,N21,n,2.0NRT,16.73,D,0.45,0.47,,,,,,firms,VIIRS,VIIRS_NOAA21_NRT
-1.82896,105.63197,2025-07-04,618,N21,n,2.0NRT,9.15,D,0.4,0.37,,,,,,firms,VIIRS,VIIRS_NOAA21_NRT
-1.81359,115.07119,2025-07-04,618,N21,n,2.0NRT,1.47,D,0.32,0.55,,,,,,firms,VIIRS,VIIRS_NOAA21_NRT
-1.79446,105.54337,2025-07-04,618,N21,n,2.0NRT,8.12,D,0.4,0.37,,,,,,firms,VIIRS,VIIRS_NOAA21_NRT
-1.7875,105.49866,2025-07-04,618,N21,n,2.0NRT,48.85,D,0.4,0.37,,,,,,firms,VIIRS,VIIRS_NOAA21_NRT
-1.63039,105.48557,2025-07-04,618,N21,n,2.0NRT,6.51,D,0.4,0.37,,,,,,firms,VIIRS,VIIRS_NOAA21_NRT
-1.23098,101.88514,2025-07-04,618,N21,n,2.0NRT,4.4,D,0.39,0.44,,,,,,firms,VIIRS,VIIRS_NOAA21_NRT
-0.20085,109.33221,2025-07-04,618,N21,n,2.0NRT,9.51,D,0.45,0.39,,,,,,firms,VIIRS,VIIRS_NOAA21_NRT
-0.19181,109.27376,2025-07-04,618,N21,n,2.0NRT,5.34,D,0.45,0.39,,,,,,firms,VIIRS,VIIRS_NOAA21_NRT
-0.19158,109.2749,2025-07-04,618,N21,n,2.0NRT,6.76,D,0.45,0.39,,,,,,firms,VIIRS,VIIRS_NOAA21_NRT
0.08492,110.09055,2025-07-04,618,N21,n,2.0NRT,7.76,D,0.49,0.4,,,,,,firms,VIIRS,VIIRS_NOAA21_NRT
0.08864,110.09007,2025-07-04,618,N21,n,2.0NRT,6.2,D,0.49,0.4,,,,,,firms,VIIRS,VIIRS_NOAA21_NRT
0.1976,116.13241,2025-07-04,618,N21,n,2.0NRT,2.25,D,0.41,0.61,,,,,,firms,VIIRS,VIIRS_NOAA21_NRT
0.25108,116.36156,2025-07-04,618,N21,n,2.0NRT,12.82,D,0.43,0.62,,,,,,firms,VIIRS,VIIRS_NOAA21_NRT
0.2517,116.36542,2025-07-04,618,N21,n,2.0NRT,11.36,D,0.43,0.62,,,,,,firms,VIIRS,VIIRS_NOAA21_NRT
0.25471,116.36346,2025-07-04,618,N21,h,2.0NRT,17.65,D,0.43,0.62,,,,,,firms,VIIRS,VIIRS_NOAA21_NRT
-0.12029,100.06712,2025-07-04,620,N21,n,2.0NRT,5.21,D,0.49,0.48,,,,,,firms,VIIRS,VIIRS_NOAA21_NRT
0.46397,100.48901,2025-07-04,620,N21,n,2.0NRT,4.39,D,0.45,0.47,,,,,,firms,VIIRS,VIIRS_NOAA21_NRT
0.58258,109.19769,2025-07-04,620,N21,n,2.0NRT,6.04,D,0.45,0.39,,,,,,firms,VIIRS,VIIRS_NOAA21_NRT
0.73218,109.20419,2025-07-04,620,N21,n,2.0NRT,7.35,D,0.45,0.39,,,,,,firms,VIIRS,VIIRS_NOAA21_NRT
0.80718,99.19464,2025-07-04,620,N21,n,2.0NRT,15.88,D,0.54,0.51,,,,,,firms,VIIRS,VIIRS_NOAA21_NRT
0.96216,99.83863,2025-07-04,620,N21,n,2.0NRT,5.67,D,0.49,0.48,,,,,,firms,VIIRS,VIIRS_NOAA21_NRT
0.96302,99.84106,2025-07-04,620,N21,n,2.0NRT,5.61,D,0.49,0.48,,,,,,firms,VIIRS,VIIRS_NOAA21_NRT
1.03824,99.74566,2025-07-04,620,N21,n,2.0NRT,3.28,D,0.49,0.49,,,,,,firms,VIIRS,VIIRS_NOAA21_NRT
1.2001,111.14087,2025-07-04,620,N21,n,2.0NRT,2.31,D,0.39,0.44,,,,,,firms,VIIRS,VIIRS_NOAA21_NRT
1.2322,99.71773,2025-07-04,620,N21,l,2.0NRT,95.81,D,0.49,0.49,,,,,,firms,VIIRS,VIIRS_NOAA21_NRT
1.37556,104.15437,2025-07-04,620,N21,n,2.0NRT,6.51,D,0.42,0.37,,,,,,firms,VIIRS,VIIRS_NOAA21_NRT
1.38211,109.11864,2025-07-04,620,N21,n,2.0NRT,15.3,D,0.45,0.39,,,,,,firms,VIIRS,VIIRS_NOAA21_NRT
1.78586,111.62053,2025-07-04,620,N21,n,2.0NRT,3.09,D,0.43,0.46,,,,,,firms,VIIRS,VIIRS_NOAA21_NRT
1.78748,111.62079,2025-07-04,620,N21,n,2.0NRT,3.04,D,0.43,0.46,,,,,,firms,VIIRS,VIIRS_NOAA21_NRT
2.06656,111.61051,2025-07-04,620,N21,n,2.0NRT,3.06,D,0.43,0.46,,,,,,firms,VIIRS,VIIRS_NOAA21_NRT
2.12141,98.34439,2025-07-04,620,N21,n,2.0NRT,38.45,D,0.59,0.53,,,,,,firms,VIIRS,VIIRS_NOAA21_NRT
2.12209,98.34666,2025-07-04,620,N21,n,2.0NRT,35.6,D,0.59,0.53,,,,,,firms,VIIRS,VIIRS_NOAA21_NRT
2.49241,112.00608,2025-07-04,620,N21,n,2.0NRT,3.65,D,0.46,0.47,,,,,,firms,VIIRS,VIIRS_NOAA21_NRT
2.61477,112.50291,2025-07-04,620,N21,n,2.0NRT,4.33,D,0.5,0.49,,,,,,firms,VIIRS,VIIRS_NOAA21_NRT
2.85052,111.84635,2025-07-04,620,N21,n,2.0NRT,8.02,D,0.46,0.47,,,,,,firms,VIIRS,VIIRS_NOAA21_NRT
3.04905,101.38351,2025-07-04,620,N21,n,2.0NRT,5.84,D,0.54,0.42,,,,,,firms,VIIRS,VIIRS_NOAA21_NRT
3.27544,113.06419,2025-07-04,620,N21,n,2.0NRT,9.44,D,0.56,0.52,,,,,,firms,VIIRS,VIIRS_NOAA21_NRT
3.28017,113.06358,2025-07-04,620,N21,n,2.0NRT,4.07,D,0.56,0.52,,,,,,firms,VIIRS,VIIRS_NOAA21_NRT
3.28789,113.08296,2025-07-04,620,N21,n,2.0NRT,11.95,D,0.56,0.52,,,,,,firms,VIIRS,VIIRS_NOAA21_NRT
3.28864,113.08795,2025-07-04,620,N21,n,2.0NRT,16.44,D,0.56,0.52,,,,,,firms,VIIRS,VIIRS_NOAA21_NRT
3.53152,103.20719,2025-07-04,620,N21,n,2.0NRT,5.14,D,0.43,0.38,,,,,,firms,VIIRS,VIIRS_NOAA21_NRT
3.60561,112.41296,2025-07-04,620,N21,n,2.0NRT,5.67,D,0.51,0.5,,,,,,firms,VIIRS,VIIRS_NOAA21_NRT
3.83648,101.86467,2025-07-04,620,N21,n,2.0NRT,4.5,D,0.5,0.41,,,,,,firms,VIIRS,VIIRS_NOAA21_NRT
4.17293,96.37493,2025-07-04,620,N21,n,2.0NRT,2.08,D,0.38,0.58,,,,,,firms,VIIRS,VIIRS_NOAA21_NRT
4.28829,103.42624,2025-07-04,620,N21,n,2.0NRT,7.86,D,0.42,0.38,,,,,,firms,VIIRS,VIIRS_NOAA21_NRT
4.29751,96.44718,2025-07-04,620,N21,n,2.0NRT,3.66,D,0.37,0.58,,,,,,firms,VIIRS,VIIRS_NOAA21_NRT
4.49917,96.74126,2025-07-04,620,N21,n,2.0NRT,4.0,D,0.35,0.57,,,,,,firms,VIIRS,VIIRS_NOAA21_NRT
4.56446,96.87873,2025-07-04,620,N21,n,2.0NRT,1.82,D,0.34,0.56,,,,,,firms,VIIRS,VIIRS_NOAA21_NRT
4.5739,103.45807,2025-07-04,620,N21,n,2.0NRT,10.66,D,0.42,0.37,,,,,,firms,VIIRS,VIIRS_NOAA21_NRT
4.57421,103.45843,2025-07-04,620,N21,n,2.0NRT,9.28,D,0.42,0.37,,,,,,firms,VIIRS,VIIRS_NOAA21_NRT
4.57647,103.45049,2025-07-04,620,N21,n,2.0NRT,4.09,D,0.42,0.37,,,,,,firms,VIIRS,VIIRS_NOAA21_NRT
4.72318,96.69433,2025-07-04,620,N21,n,2.0NRT,3.39,D,0.35,0.57,,,,,,firms,VIIRS,VIIRS_NOAA21_NRT
4.87994,96.66994,2025-07-04,620,N21,n,2.0NRT,3.39,D,0.35,0.57,,,,,,firms,VIIRS,VIIRS_NOAA21_NRT
5.10441,96.48909,2025-07-04,620,N21,n,2.0NRT,5.2,D,0.36,0.57,,,,,,firms,VIIRS,VIIRS_NOAA21_NRT
5.2106,104.72591,2025-07-04,620,N21,n,2.0NRT,3.33,D,0.39,0.36,,,,,,firms,VIIRS,VIIRS_NOAA21_NRT
5.50237,105.2093,2025-07-04,620,N21,n,2.0NRT,2.04,D,0.38,0.36,,,,,,firms,VIIRS,VIIRS_NOAA21_NRT
-1.45972,127.43537,2025-07-04,1717,N21,n,2.0NRT,6.13,N,0.47,0.48,,,,,,firms,VIIRS,VIIRS_NOAA21_NRT
0.61307,117.44471,2025-07-04,1717,N21,n,2.0NRT,3.25,N,0.53,0.42,,,,,,firms,VIIRS,VIIRS_NOAA21_NRT
0.6889,117.55556,2025-07-04,1717,N21,n,2.0NRT,1.56,N,0.52,0.42,,,,,,firms,VIIRS,VIIRS_NOAA21_NRT
1.49447,127.63663,2025-07-04,1717,N21,n,2.0NRT,1.85,N,0.44,0.46,,,,,,firms,VIIRS,VIIRS_NOAA21_NRT
1.49511,127.63271,2025-07-04,1717,N21,n,2.0NRT,1.96,N,0.44,0.46,,,,,,firms,VIIRS,VIIRS_NOAA21_NRT
1.69869,127.8783,2025-07-04,1717,N21,n,2.0NRT,2.11,N,0.45,0.47,,,,,,firms,VIIRS,VIIRS_NOAA21_NRT
1.6993,127.87453,2025-07-04,1717,N21,n,2.0NRT,2.11,N,0.45,0.47,,,,,,firms,VIIRS,VIIRS_NOAA21_NRT
2.77887,125.40893,2025-07-04,1717,N21,n,2.0NRT,2.93,N,0.47,0.4,,,,,,firms,VIIRS,VIIRS_NOAA21_NRT
3.54182,113.3503,2025-07-04,1717,N21,n,2.0NRT,1.42,N,0.37,0.58,,,,,,firms,VIIRS,VIIRS_NOAA21_NRT
3.6031,112.40794,2025-07-04,1717,N21,n,2.0NRT,2.54,N,0.43,0.62,,,,,,firms,VIIRS,VIIRS_NOAA21_NRT
3.6065,112.40832,2025-07-04,1717,N21,n,2.0NRT,2.46,N,0.43,0.62,,,,,,firms,VIIRS,VIIRS_NOAA21_NRT
3.76142,112.06514,2025-07-04,1717,N21,n,2.0NRT,1.79,N,0.45,0.63,,,,,,firms,VIIRS,VIIRS_NOAA21_NRT
3.76202,112.0611,2025-07-04,1717,N21,n,2.0NRT,1.79,N,0.45,0.63,,,,,,firms,VIIRS,VIIRS_NOAA21_NRT
3.76248,112.06409,2025-07-04,1717,N21,n,2.0NRT,1.53,N,0.45,0.63,,,,,,firms,VIIRS,VIIRS_NOAA21_NRT
3.76306,112.06003,2025-07-04,1717,N21,n,2.0NRT,1.53,N,0.46,0.63,,,,,,firms,VIIRS,VIIRS_NOAA21_NRT
-3.87201,122.39203,2025-07-04,1720,N21,n,2.0NRT,2.5,N,0.41,0.37,,,,,,firms,VIIRS,VIIRS_NOAA21_NRT
-2.87789,122.16515,2025-07-04,1720,N21,n,2.0NRT,2.68,N,0.4,0.37,,,,,,firms,VIIRS,VIIRS_NOAA21_NRT
-2.87398,122.16212,2025-07-04,1720,N21,n,2.0NRT,1.22,N,0.4,0.37,,,,,,firms,VIIRS,VIIRS_NOAA21_NRT
-2.87343,122.15856,2025-07-04,1720,N21,n,2.0NRT,1.22,N,0.4,0.37,,,,,,firms,VIIRS,VIIRS_NOAA21_NRT
-2.83548,122.179,2025-07-04,1720,N21,n,2.0NRT,1.3,N,0.4,0.37,,,,,,firms,VIIRS,VIIRS_NOAA21_NRT
-2.83103,122.17242,2025-07-04,1720,N21,n,2.0NRT,3.31,N,0.4,0.37,,,,,,firms,VIIRS,VIIRS_NOAA21_NRT
-2.82823,122.17651,2025-07-04,1720,N21,n,2.0NRT,1.05,N,0.4,0.37,,,,,,firms,VIIRS,VIIRS_NOAA21_NRT
-2.82768,122.17297,2025-07-04,1720,N21,n,2.0NRT,1.05,N,0.4,0.37,,,,,,firms,VIIRS,VIIRS_NOAA21_NRT
-1.38268,122.48245,2025-07-04,1720,N21,n,2.0NRT,0.31,N,0.4,0.37,,,,,,firms,VIIRS,VIIRS_NOAA21_NRT
-0.58382,117.38393,2025-07-04,1720,N21,n,2.0NRT,0.88,N,0.52,0.41,,,,,,firms,VIIRS,VIIRS_NOAA21_NRT
-10.06152,120.71739,2025-07-04,1722,N21,n,2.0NRT,1.36,N,0.4,0.37,,,,,,firms,VIIRS,VIIRS_NOAA21_NRT
-10.06097,120.71375,2025-07-04,1722,N21,n,2.0NRT,1.36,N,0.4,0.37,,,,,,firms,VIIRS,VIIRS_NOAA21_NRT
-10.05761,120.71426,2025-07-04,1722,N21,n,2.0NRT,1.36,N,0.4,0.37,,,,,,firms,VIIRS,VIIRS_NOAA21_NRT
-10.05542,120.69975,2025-07-04,1722,N21,n,2.0NRT,1.4,N,0.4,0.37,,,,,,firms,VIIRS,VIIRS_NOAA21_NRT
-8.52931,118.32632,2025-07-04,1722,N21,n,2.0NRT,0.68,N,0.4,0.37,,,,,,firms,VIIRS,VIIRS_NOAA21_NRT
-8.11068,112.92292,2025-07-04,1722,N21,n,2.0NRT,3.76,N,0.51,0.49,,,,,,firms,VIIRS,VIIRS_NOAA21_NRT
-7.77098,114.2243,2025-07-04,1722,N21,n,2.0NRT,1.39,N,0.42,0.45,,,,,,firms,VIIRS,VIIRS_NOAA21_NRT
-7.7421,114.20538,2025-07-04,1722,N21,n,2.0NRT,1.09,N,0.42,0.46,,,,,,firms,VIIRS,VIIRS_NOAA21_NRT
-7.09357,110.62186,2025-07-04,1722,N21,n,2.0NRT,0.99,N,0.38,0.59,,,,,,firms,VIIRS,VIIRS_NOAA21_NRT
-6.54869,108.0931,2025-07-04,1722,N21,n,2.0NRT,1.93,N,0.58,0.7,,,,,,firms,VIIRS,VIIRS_NOAA21_NRT
-6.18162,106.35598,2025-07-04,1722,N21,n,2.0NRT,0.84,N,0.77,0.77,,,,,,firms,VIIRS,VIIRS_NOAA21_NRT
4.07008,97.23759,2025-07-04,1858,N21,n,2.0NRT,0.38,N,0.38,0.36,,,,,,firms,VIIRS,VIIRS_NOAA21_NRT
4.07062,97.23417,2025-07-04,1858,N21,n,2.0NRT,0.38,N,0.38,0.36,,,,,,firms,VIIRS,VIIRS_NOAA21_NRT
4.17151,96.28432,2025-07-04,1858,N21,n,2.0NRT,0.78,N,0.39,0.36,,,,,,firms,VIIRS,VIIRS_NOAA21_NRT
4.4797,96.81468,2025-07-04,1858,N21,n,2.0NRT,0.65,N,0.39,0.36,,,,,,firms,VIIRS,VIIRS_NOAA21_NRT
4.48937,95.90255,2025-07-04,1858,N21,n,2.0NRT,1.19,N,0.4,0.37,,,,,,firms,VIIRS,VIIRS_NOAA21_NRT
4.55727,103.45614,2025-07-04,1858,N21,n,2.0NRT,4.14,N,0.47,0.48,,,,,,firms,VIIRS,VIIRS_NOAA21_NRT
4.57033,103.45836,2025-07-04,1858,N21,n,2.0NRT,1.86,N,0.47,0.48,,,,,,firms,VIIRS,VIIRS_NOAA21_NRT
4.57607,103.45067,2025-07-04,1858,N21,n,2.0NRT,1.15,N,0.47,0.48,,,,,,firms,VIIRS,VIIRS_NOAA21_NRT
5.45083,95.2466,2025-07-04,1858,N21,n,2.0NRT,2.04,N,0.42,0.38,,,,,,firms,VIIRS,VIIRS_NOAA21_NRT
5.64225,104.98334,2025-07-04,1858,N21,n,2.0NRT,10.72,N,0.58,0.52,,,,,,firms,VIIRS,VIIRS_NOAA21_NRT
5.64311,104.97819,2025-07-04,1858,N21,n,2.0NRT,10.72,N,0.58,0.52,,,,,,firms,VIIRS,VIIRS_NOAA21_NRT
5.647,104.98418,2025-07-04,1858,N21,n,2.0NRT,10.72,N,0.58,0.52,,,,,,firms,VIIRS,VIIRS_NOAA21_NRT
5.64786,104.97903,2025-07-04,1858,N21,n,2.0NRT,10.72,N,0.58,0.52,,,,,,firms,VIIRS,VIIRS_NOAA21_NRT
5.64871,104.97388,2025-07-04,1858,N21,n,2.0NRT,3.35,N,0.58,0.52,,,,,,firms,VIIRS,VIIRS_NOAA21_NRT
-1.02295,103.36017,2025-07-04,1900,N21,n,2.0NRT,0.61,N,0.57,0.52,,,,,,firms,VIIRS,VIIRS_NOAA21_NRT
-0.98996,103.3342,2025-07-04,1900,N21,n,2.0NRT,0.7,N,0.57,0.52,,,,,,firms,VIIRS,VIIRS_NOAA21_NRT
-0.98803,103.33051,2025-07-04,1900,N21,n,2.0NRT,1.31,N,0.57,0.52,,,,,,firms,VIIRS,VIIRS_NOAA21_NRT
-0.63869,102.48757,2025-07-04,1900,N21,n,2.0NRT,2.15,N,0.49,0.49,,,,,,firms,VIIRS,VIIRS_NOAA21_NRT
-0.63823,102.49025,2025-07-04,1900,N21,n,2.0NRT,1.54,N,0.49,0.49,,,,,,firms,VIIRS,VIIRS_NOAA21_NRT
2.18571,99.03759,2025-07-04,1900,N21,n,2.0NRT,1.82,N,0.43,0.38,,,,,,firms,VIIRS,VIIRS_NOAA21_NRT
2.35716,98.7771,2025-07-04,1900,N21,n,2.0NRT,5.77,N,0.42,0.38,,,,,,firms,VIIRS,VIIRS_NOAA21_NRT
2.73814,102.39563,2025-07-04,1900,N21,n,2.0NRT,1.45,N,0.43,0.46,,,,,,firms,VIIRS,VIIRS_NOAA21_NRT
2.75935,98.56453,2025-07-04,1900,N21,n,2.0NRT,1.64,N,0.41,0.37,,,,,,firms,VIIRS,VIIRS_NOAA21_NRT
2.84493,98.5138,2025-07-04,1900,N21,n,2.0NRT,4.07,N,0.41,0.37,,,,,,firms,VIIRS,VIIRS_NOAA21_NRT
2.84554,98.50996,2025-07-04,1900,N21,n,2.0NRT,4.07,N,0.41,0.37,,,,,,firms,VIIRS,VIIRS_NOAA21_NRT
2.84828,98.51455,2025-07-04,1900,N21,n,2.0NRT,4.07,N,0.41,0.37,,,,,,firms,VIIRS,VIIRS_NOAA21_NRT
2.84888,98.51077,2025-07-04,1900,N21,n,2.0NRT,4.07,N,0.41,0.37,,,,,,firms,VIIRS,VIIRS_NOAA21_NRT
2.85222,98.51156,2025-07-04,1900,N21,n,2.0NRT,1.83,N,0.41,0.37,,,,,,firms,VIIRS,VIIRS_NOAA21_NRT
-5.99284,105.99701,2025-07-04,1902,N21,n,2.0NRT,0.99,N,0.52,0.67,,,,,,firms,VIIRS,VIIRS_NOAA21_NRT
-5.99187,105.99725,2025-07-04,1902,N21,n,2.0NRT,0.87,N,0.52,0.67,,,,,,firms,VIIRS,VIIRS_NOAA21_NRT
-4.24222,104.73994,2025-07-04,1902,N21,n,2.0NRT,1.58,N,0.4,0.6,,,,,,firms,VIIRS,VIIRS_NOAA21_NRT
