latitude,longitude,acq_date,acq_time,satellite,confidence,version,frp,daynight,scan,track,brightness,brightness_t13,brightness_t31,bright_t14,bright_t15,source_api,sensor_type,satellite_source
-8.26581,140.63788,2025-12-02,404,N21,n,2.0NRT,3.69,D,0.39,0.36,,,,,,firms,VIIRS,VIIRS_NOAA21_NRT
-4.01679,136.13356,2025-12-02,404,N21,n,2.0NRT,7.78,D,0.56,0.43,,,,,,firms,VIIRS,VIIRS_NOAA21_NRT
-3.30858,135.55623,2025-12-02,404,N21,n,2.0NRT,4.32,D,0.4,0.44,,,,,,firms,VIIRS,VIIRS_NOAA21_NRT
-1.45851,127.43723,2025-12-02,406,N21,n,2.0NRT,11.13,D,0.68,0.74,,,,,,firms,VIIRS,VIIRS_NOAA21_NRT
-1.4559,127.43626,2025-12-02,406,N21,n,2.0NRT,10.7,D,0.68,0.74,,,,,,firms,VIIRS,VIIRS_NOAA21_NRT
-9.81938,130.27136,2025-12-02,544,N21,n,2.0NRT,21.64,D,0.72,0.76,,,,,,firms,VIIRS,VIIRS_NOAA21_NRT
-8.52836,118.94815,2025-12-02,544,N21,n,2.0NRT,2.91,D,0.43,0.38,,,,,,firms,VIIRS,VIIRS_NOAA21_NRT
-8.12127,112.93098,2025-12-02,544,N21,l,2.0NRT,8.93,D,0.48,0.4,,,,,,firms,VIIRS,VIIRS_NOAA21_NRT
-8.11752,112.9312,2025-12-02,544,N21,n,2.0NRT,8.93,D,0.48,0.4,,,,,,firms,VIIRS,VIIRS_NOAA21_NRT
-8.1149,112.92353,2025-12-02,544,N21,n,2.0NRT,32.18,D,0.48,0.4,,,,,,firms,VIIRS,VIIRS_NOAA21_NRT
-8.11431,112.92767,2025-12-02,544,N21,n,2.0NRT,18.3,D,0.48,0.4,,,,,,firms,VIIRS,VIIRS_NOAA21_NRT
-8.11118,112.92357,2025-12-02,544,N21,n,2.0NRT,32.18,D,0.48,0.4,,,,,,firms,VIIRS,VIIRS_NOAA21_NRT
-5.34957,105.66766,2025-12-02,546,N21,n,2.0NRT,8.83,D,0.44,0.62,,,,,,firms,VIIRS,VIIRS_NOAA21_NRT
-4.72394,103.93845,2025-12-02,546,N21,n,2.0NRT,6.5,D,0.57,0.69,,,,,,firms,VIIRS,VIIRS_NOAA21_NRT
-4.45347,121.73439,2025-12-02,546,N21,n,2.0NRT,4.25,D,0.47,0.48,,,,,,firms,VIIRS,VIIRS_NOAA21_NRT
-4.20734,102.80377,2025-12-02,546,N21,n,2.0NRT,11.35,D,0.67,0.73,,,,,,firms,VIIRS,VIIRS_NOAA21_NRT
-4.2034,102.80653,2025-12-02,546,N21,n,2.0NRT,12.05,D,0.66,0.73,,,,,,firms,VIIRS,VIIRS_NOAA21_NRT
-3.98038,119.90073,2025-12-02,546,N21,n,2.0NRT,1.78,D,0.55,0.42,,,,,,firms,VIIRS,VIIRS_NOAA21_NRT
-3.8225,120.11139,2025-12-02,546,N21,n,2.0NRT,4.55,D,0.57,0.43,,,,,,firms,VIIRS,VIIRS_NOAA21_NRT
-2.83624,103.0149,2025-12-02,546,N21,n,2.0NRT,7.07,D,0.61,0.71,,,,,,firms,VIIRS,VIIRS_NOAA21_NRT
-2.1464,119.20036,2025-12-02,546,N21,n,2.0NRT,2.95,D,0.53,0.42,,,,,,firms,VIIRS,VIIRS_NOAA21_NRT
-2.0087,120.8795,2025-12-02,546,N21,n,2.0NRT,3.96,D,0.45,0.47,,,,,,firms,VIIRS,VIIRS_NOAA21_NRT
-1.56805,121.34548,2025-12-02,546,N21,n,2.0NRT,27.92,D,0.49,0.49,,,,,,firms,VIIRS,VIIRS_NOAA21_NRT
-1.36539,121.65217,2025-12-02,546,N21,n,2.0NRT,7.38,D,0.52,0.5,,,,,,firms,VIIRS,VIIRS_NOAA21_NRT
-1.10418,121.42661,2025-12-02,546,N21,n,2.0NRT,4.56,D,0.5,0.49,,,,,,firms,VIIRS,VIIRS_NOAA21_NRT
-0.89595,123.01486,2025-12-02,546,N21,n,2.0NRT,3.45,D,0.33,0.55,,,,,,firms,VIIRS,VIIRS_NOAA21_NRT
0.35432,120.16248,2025-12-02,546,N21,n,2.0NRT,5.04,D,0.44,0.46,,,,,,firms,VIIRS,VIIRS_NOAA21_NRT
0.61277,117.44144,2025-12-02,546,N21,n,2.0NRT,2.83,D,0.46,0.39,,,,,,firms,VIIRS,VIIRS_NOAA21_NRT
0.68234,117.56155,2025-12-02,546,N21,n,2.0NRT,3.74,D,0.47,0.39,,,,,,firms,VIIRS,VIIRS_NOAA21_NRT
0.68892,117.55631,2025-12-02,546,N21,n,2.0NRT,5.38,D,0.47,0.39,,,,,,firms,VIIRS,VIIRS_NOAA21_NRT
0.69189,117.55165,2025-12-02,546,N21,n,2.0NRT,5.38,D,0.47,0.39,,,,,,firms,VIIRS,VIIRS_NOAA21_NRT
1.04666,121.50681,2025-12-02,546,N21,n,2.0NRT,5.7,D,0.55,0.51,,,,,,firms,VIIRS,VIIRS_NOAA21_NRT
1.13966,121.37505,2025-12-02,546,N21,n,2.0NRT,6.39,D,0.54,0.51,,,,,,firms,VIIRS,VIIRS_NOAA21_NRT
0.82642,117.52735,2025-12-02,548,N21,n,2.0NRT,3.88,D,0.47,0.39,,,,,,firms,VIIRS,VIIRS_NOAA21_NRT
3.52402,113.31406,2025-12-02,548,N21,n,2.0NRT,3.68,D,0.39,0.36,,,,,,firms,VIIRS,VIIRS_NOAA21_NRT
3.60637,112.41192,2025-12-02,548,N21,n,2.0NRT,4.83,D,0.4,0.37,,,,,,firms,VIIRS,VIIRS_NOAA21_NRT
4.55391,103.45592,2025-12-02,548,N21,n,2.0NRT,6.05,D,0.44,0.62,,,,,,firms,VIIRS,VIIRS_NOAA21_NRT
4.57085,103.45319,2025-12-02,548,N21,n,2.0NRT,3.65,D,0.44,0.62,,,,,,firms,VIIRS,VIIRS_NOAA21_NRT
4.5715,103.45704,2025-12-02,548,N21,n,2.0NRT,3.65,D,0.44,0.62,,,,,,firms,VIIRS,VIIRS_NOAA21_NRT
4.57424,103.45316,2025-12-02,548,N21,n,2.0NRT,7.35,D,0.44,0.62,,,,,,firms,VIIRS,VIIRS_NOAA21_NRT
4.74112,113.72911,2025-12-02,548,N21,n,2.0NRT,2.39,D,0.38,0.36,,,,,,firms,VIIRS,VIIRS_NOAA21_NRT
5.21373,114.74417,2025-12-02,548,N21,n,2.0NRT,4.03,D,0.4,0.37,,,,,,firms,VIIRS,VIIRS_NOAA21_NRT
-2.67991,102.88782,2025-12-02,728,N21,n,2.0NRT,4.52,D,0.71,0.75,,,,,,firms,VIIRS,VIIRS_NOAA21_NRT
0.16186,99.39544,2025-12-02,728,N21,n,2.0NRT,5.94,D,0.45,0.63,,,,,,firms,VIIRS,VIIRS_NOAA21_NRT
0.48024,128.00246,2025-12-02,1645,N21,n,2.0NRT,2.71,N,0.41,0.37,,,,,,firms,VIIRS,VIIRS_NOAA21_NRT
0.4808,127.99881,2025-12-02,1645,N21,n,2.0NRT,0.93,N,0.41,0.37,,,,,,firms,VIIRS,VIIRS_NOAA21_NRT
0.48137,127.99518,2025-12-02,1645,N21,n,2.0NRT,0.93,N,0.41,0.37,,,,,,firms,VIIRS,VIIRS_NOAA21_NRT
0.48817,127.97398,2025-12-02,1645,N21,n,2.0NRT,1.91,N,0.41,0.37,,,,,,firms,VIIRS,VIIRS_NOAA21_NRT
0.51101,127.89503,2025-12-02,1645,N21,n,2.0NRT,1.34,N,0.41,0.37,,,,,,firms,VIIRS,VIIRS_NOAA21_NRT
0.68451,117.55708,2025-12-02,1645,N21,n,2.0NRT,2.29,N,0.61,0.71,,,,,,firms,VIIRS,VIIRS_NOAA21_NRT
0.69192,117.5523,2025-12-02,1645,N21,n,2.0NRT,4.87,N,0.61,0.71,,,,,,firms,VIIRS,VIIRS_NOAA21_NRT
1.51532,127.93805,2025-12-02,1645,N21,n,2.0NRT,0.97,N,0.42,0.37,,,,,,firms,VIIRS,VIIRS_NOAA21_NRT
-1.5714,127.42918,2025-12-02,1647,N21,n,2.0NRT,1.14,N,0.41,0.37,,,,,,firms,VIIRS,VIIRS_NOAA21_NRT
-1.56799,127.4297,2025-12-02,1647,N21,n,2.0NRT,2.21,N,0.41,0.37,,,,,,firms,VIIRS,VIIRS_NOAA21_NRT
-1.56399,127.4265,2025-12-02,1647,N21,n,2.0NRT,2.21,N,0.41,0.37,,,,,,firms,VIIRS,VIIRS_NOAA21_NRT
-1.56058,127.42702,2025-12-02,1647,N21,n,2.0NRT,1.77,N,0.41,0.37,,,,,,firms,VIIRS,VIIRS_NOAA21_NRT
-9.82314,130.27158,2025-12-02,1649,N21,n,2.0NRT,7.12,N,0.45,0.39,,,,,,firms,VIIRS,VIIRS_NOAA21_NRT
-9.82253,130.26753,2025-12-02,1649,N21,n,2.0NRT,7.12,N,0.45,0.39,,,,,,firms,VIIRS,VIIRS_NOAA21_NRT
-7.8554,126.14069,2025-12-02,1649,N21,n,2.0NRT,1.59,N,0.41,0.37,,,,,,firms,VIIRS,VIIRS_NOAA21_NRT
3.60415,112.41364,2025-12-02,1825,N21,n,2.0NRT,3.59,N,0.56,0.52,,,,,,firms,VIIRS,VIIRS_NOAA21_NRT
4.32131,106.0873,2025-12-02,1825,N21,n,2.0NRT,1.48,N,0.39,0.36,,,,,,firms,VIIRS,VIIRS_NOAA21_NRT
4.65781,103.37988,2025-12-02,1825,N21,n,2.0NRT,1.74,N,0.41,0.37,,,,,,firms,VIIRS,VIIRS_NOAA21_NRT
4.95662,106.09441,2025-12-02,1825,N21,n,2.0NRT,0.79,N,0.39,0.36,,,,,,firms,VIIRS,VIIRS_NOAA21_NRT
4.97601,112.98518,2025-12-02,1825,N21,n,2.0NRT,3.71,N,0.59,0.53,,,,,,firms,VIIRS,VIIRS_NOAA21_NRT
4.97689,112.97997,2025-12-02,1825,N21,n,2.0NRT,3.83,N,0.59,0.53,,,,,,firms,VIIRS,VIIRS_NOAA21_NRT
5.37248,104.8955,2025-12-02,1825,N21,n,2.0NRT,3.67,N,0.39,0.36,,,,,,firms,VIIRS,VIIRS_NOAA21_NRT
5.50067,105.20889,2025-12-02,1825,N21,n,2.0NRT,4.3,N,0.38,0.36,,,,,,firms,VIIRS,VIIRS_NOAA21_NRT
5.5876,104.47544,2025-12-02,1825,N21,n,2.0NRT,3.18,N,0.39,0.36,,,,,,firms,VIIRS,VIIRS_NOAA21_NRT
-2.06016,115.57059,2025-12-02,1828,N21,n,2.0NRT,1.42,N,0.58,0.69,,,,,,firms,VIIRS,VIIRS_NOAA21_NRT
-1.8969,115.86062,2025-12-02,1828,N21,n,2.0NRT,2.59,N,0.6,0.71,,,,,,firms,VIIRS,VIIRS_NOAA21_NRT
-1.89048,115.86172,2025-12-02,1828,N21,n,2.0NRT,4.33,N,0.6,0.71,,,,,,firms,VIIRS,VIIRS_NOAA21_NRT
-1.88922,115.8615,2025-12-02,1828,N21,n,2.0NRT,3.71,N,0.6,0.71,,,,,,firms,VIIRS,VIIRS_NOAA21_NRT
1.37776,104.15957,2025-12-02,1828,N21,n,2.0NRT,0.89,N,0.39,0.36,,,,,,firms,VIIRS,VIIRS_NOAA21_NRT
1.67348,101.47605,2025-12-02,1828,N21,n,2.0NRT,1.45,N,0.46,0.39,,,,,,firms,VIIRS,VIIRS_NOAA21_NRT
2.26571,102.12609,2025-12-02,1828,N21,n,2.0NRT,1.14,N,0.44,0.38,,,,,,firms,VIIRS,VIIRS_NOAA21_NRT
4.14547,105.10854,2025-12-02,1828,N21,n,2.0NRT,4.18,N,0.38,0.36,,,,,,firms,VIIRS,VIIRS_NOAA21_NRT
4.28815,103.42963,2025-12-02,1828,N21,n,2.0NRT,1.63,N,0.41,0.37,,,,,,firms,VIIRS,VIIRS_NOAA21_NRT
-10.6074,123.32681,2025-12-03,527,N21,n,2.0NRT,6.95,D,0.4,0.37,,,,,,firms,VIIRS,VIIRS_NOAA21_NRT
-10.60402,123.32626,2025-12-03,527,N21,n,2.0NRT,6.95,D,0.4,0.37,,,,,,firms,VIIRS,VIIRS_NOAA21_NRT
-9.82375,130.2706,2025-12-03,527,N21,n,2.0NRT,8.48,D,0.34,0.56,,,,,,firms,VIIRS,VIIRS_NOAA21_NRT
-9.82317,130.2737,2025-12-03,527,N21,n,2.0NRT,8.3,D,0.34,0.56,,,,,,firms,VIIRS,VIIRS_NOAA21_NRT
-9.82132,130.27165,2025-12-03,527,N21,h,2.0NRT,11.98,D,0.34,0.56,,,,,,firms,VIIRS,VIIRS_NOAA21_NRT
-7.25232,112.6933,2025-12-03,527,N21,n,2.0NRT,2.66,D,0.32,0.55,,,,,,firms,VIIRS,VIIRS_NOAA21_NRT
-4.00909,120.10014,2025-12-03,527,N21,n,2.0NRT,2.67,D,0.38,0.36,,,,,,firms,VIIRS,VIIRS_NOAA21_NRT
-3.848,120.12734,2025-12-03,527,N21,n,2.0NRT,10.17,D,0.38,0.36,,,,,,firms,VIIRS,VIIRS_NOAA21_NRT
-3.84748,120.13079,2025-12-03,527,N21,n,2.0NRT,10.17,D,0.38,0.36,,,,,,firms,VIIRS,VIIRS_NOAA21_NRT
-3.15031,107.96349,2025-12-03,529,N21,n,2.0NRT,12.67,D,0.6,0.71,,,,,,firms,VIIRS,VIIRS_NOAA21_NRT
-2.76307,121.14802,2025-12-03,529,N21,n,2.0NRT,9.78,D,0.4,0.37,,,,,,firms,VIIRS,VIIRS_NOAA21_NRT
-2.57822,121.38111,2025-12-03,529,N21,n,2.0NRT,5.33,D,0.4,0.37,,,,,,firms,VIIRS,VIIRS_NOAA21_NRT
-2.57767,121.38473,2025-12-03,529,N21,n,2.0NRT,5.33,D,0.4,0.37,,,,,,firms,VIIRS,VIIRS_NOAA21_NRT
-2.57485,121.38058,2025-12-03,529,N21,n,2.0NRT,5.33,D,0.4,0.37,,,,,,firms,VIIRS,VIIRS_NOAA21_NRT
-2.5743,121.38419,2025-12-03,529,N21,n,2.0NRT,5.33,D,0.4,0.37,,,,,,firms,VIIRS,VIIRS_NOAA21_NRT
-2.42177,116.14748,2025-12-03,529,N21,n,2.0NRT,9.13,D,0.49,0.41,,,,,,firms,VIIRS,VIIRS_NOAA21_NRT
-2.11915,121.4247,2025-12-03,529,N21,n,2.0NRT,3.36,D,0.41,0.37,,,,,,firms,VIIRS,VIIRS_NOAA21_NRT
-2.03731,119.3614,2025-12-03,529,N21,n,2.0NRT,19.72,D,0.39,0.36,,,,,,firms,VIIRS,VIIRS_NOAA21_NRT
-2.03401,119.36093,2025-12-03,529,N21,n,2.0NRT,19.72,D,0.39,0.36,,,,,,firms,VIIRS,VIIRS_NOAA21_NRT
-2.01441,121.42041,2025-12-03,529,N21,l,2.0NRT,3.46,D,0.41,0.37,,,,,,firms,VIIRS,VIIRS_NOAA21_NRT
-2.01103,121.41988,2025-12-03,529,N21,n,2.0NRT,3.46,D,0.41,0.37,,,,,,firms,VIIRS,VIIRS_NOAA21_NRT
-2.00937,121.43074,2025-12-03,529,N21,n,2.0NRT,3.7,D,0.41,0.37,,,,,,firms,VIIRS,VIIRS_NOAA21_NRT
-2.00765,121.41932,2025-12-03,529,N21,n,2.0NRT,3.43,D,0.41,0.37,,,,,,firms,VIIRS,VIIRS_NOAA21_NRT
-2.00599,121.43018,2025-12-03,529,N21,n,2.0NRT,3.75,D,0.41,0.37,,,,,,firms,VIIRS,VIIRS_NOAA21_NRT
-1.99922,121.42912,2025-12-03,529,N21,n,2.0NRT,3.09,D,0.41,0.37,,,,,,firms,VIIRS,VIIRS_NOAA21_NRT
-1.99073,119.39624,2025-12-03,529,N21,n,2.0NRT,9.85,D,0.38,0.36,,,,,,firms,VIIRS,VIIRS_NOAA21_NRT
-1.89314,115.86383,2025-12-03,529,N21,n,2.0NRT,3.92,D,0.5,0.41,,,,,,firms,VIIRS,VIIRS_NOAA21_NRT
-1.8894,115.86329,2025-12-03,529,N21,n,2.0NRT,3.92,D,0.5,0.41,,,,,,firms,VIIRS,VIIRS_NOAA21_NRT
-1.73316,121.28403,2025-12-03,529,N21,n,2.0NRT,3.08,D,0.4,0.37,,,,,,firms,VIIRS,VIIRS_NOAA21_NRT
-1.54536,121.19104,2025-12-03,529,N21,n,2.0NRT,4.39,D,0.4,0.37,,,,,,firms,VIIRS,VIIRS_NOAA21_NRT
-1.47014,121.65305,2025-12-03,529,N21,n,2.0NRT,3.92,D,0.42,0.37,,,,,,firms,VIIRS,VIIRS_NOAA21_NRT
-1.37255,121.76193,2025-12-03,529,N21,n,2.0NRT,6.1,D,0.42,0.38,,,,,,firms,VIIRS,VIIRS_NOAA21_NRT
-1.37038,121.73053,2025-12-03,529,N21,n,2.0NRT,217.7,D,0.42,0.38,,,,,,firms,VIIRS,VIIRS_NOAA21_NRT
-1.36699,121.72972,2025-12-03,529,N21,n,2.0NRT,2.46,D,0.42,0.38,,,,,,firms,VIIRS,VIIRS_NOAA21_NRT
-1.36445,121.65569,2025-12-03,529,N21,n,2.0NRT,10.1,D,0.42,0.38,,,,,,firms,VIIRS,VIIRS_NOAA21_NRT
-1.2472,116.81303,2025-12-03,529,N21,n,2.0NRT,11.13,D,0.45,0.39,,,,,,firms,VIIRS,VIIRS_NOAA21_NRT
-1.14672,121.54129,2025-12-03,529,N21,n,2.0NRT,2.09,D,0.42,0.37,,,,,,firms,VIIRS,VIIRS_NOAA21_NRT
-1.02227,121.52957,2025-12-03,529,N21,n,2.0NRT,10.72,D,0.42,0.37,,,,,,firms,VIIRS,VIIRS_NOAA21_NRT
-0.28816,122.37217,2025-12-03,529,N21,n,2.0NRT,4.61,D,0.46,0.39,,,,,,firms,VIIRS,VIIRS_NOAA21_NRT
0.5117,122.42203,2025-12-03,529,N21,n,2.0NRT,4.62,D,0.47,0.4,,,,,,firms,VIIRS,VIIRS_NOAA21_NRT
5.44518,105.37605,2025-12-03,529,N21,n,2.0NRT,13.86,D,0.66,0.73,,,,,,firms,VIIRS,VIIRS_NOAA21_NRT
5.44622,105.38187,2025-12-03,529,N21,n,2.0NRT,15.05,D,0.66,0.73,,,,,,firms,VIIRS,VIIRS_NOAA21_NRT
3.27644,113.06405,2025-12-03,531,N21,n,2.0NRT,3.65,D,0.42,0.45,,,,,,firms,VIIRS,VIIRS_NOAA21_NRT
3.27766,113.07174,2025-12-03,531,N21,n,2.0NRT,5.48,D,0.42,0.45,,,,,,firms,VIIRS,VIIRS_NOAA21_NRT
3.28356,113.08226,2025-12-03,531,N21,n,2.0NRT,7.94,D,0.42,0.45,,,,,,firms,VIIRS,VIIRS_NOAA21_NRT
3.28768,113.08152,2025-12-03,531,N21,n,2.0NRT,7.94,D,0.42,0.45,,,,,,firms,VIIRS,VIIRS_NOAA21_NRT
3.28828,113.08531,2025-12-03,531,N21,n,2.0NRT,14.28,D,0.42,0.45,,,,,,firms,VIIRS,VIIRS_NOAA21_NRT
3.28947,113.09285,2025-12-03,531,N21,n,2.0NRT,2.49,D,0.42,0.45,,,,,,firms,VIIRS,VIIRS_NOAA21_NRT
3.30752,113.10954,2025-12-03,531,N21,n,2.0NRT,4.46,D,0.42,0.45,,,,,,firms,VIIRS,VIIRS_NOAA21_NRT
3.30892,113.10894,2025-12-03,531,N21,n,2.0NRT,3.07,D,0.42,0.45,,,,,,firms,VIIRS,VIIRS_NOAA21_NRT
3.52489,113.31509,2025-12-03,531,N21,n,2.0NRT,8.36,D,0.4,0.45,,,,,,firms,VIIRS,VIIRS_NOAA21_NRT
3.60658,112.41032,2025-12-03,531,N21,n,2.0NRT,4.82,D,0.46,0.47,,,,,,firms,VIIRS,VIIRS_NOAA21_NRT
4.97948,112.98084,2025-12-03,531,N21,n,2.0NRT,20.71,D,0.4,0.45,,,,,,firms,VIIRS,VIIRS_NOAA21_NRT
5.37325,116.43121,2025-12-03,531,N21,n,2.0NRT,2.97,D,0.41,0.37,,,,,,firms,VIIRS,VIIRS_NOAA21_NRT
5.41291,116.17384,2025-12-03,531,N21,n,2.0NRT,8.61,D,0.41,0.37,,,,,,firms,VIIRS,VIIRS_NOAA21_NRT
-6.59412,108.19852,2025-12-03,707,N21,n,2.0NRT,7.26,D,0.66,0.73,,,,,,firms,VIIRS,VIIRS_NOAA21_NRT
-1.96375,101.01071,2025-12-03,707,N21,n,2.0NRT,6.57,D,0.51,0.49,,,,,,firms,VIIRS,VIIRS_NOAA21_NRT
-1.71888,100.84328,2025-12-03,707,N21,n,2.0NRT,9.65,D,0.5,0.49,,,,,,firms,VIIRS,VIIRS_NOAA21_NRT
-0.71576,100.90485,2025-12-03,709,N21,n,2.0NRT,5.88,D,0.52,0.5,,,,,,firms,VIIRS,VIIRS_NOAA21_NRT
-0.71442,100.90622,2025-12-03,709,N21,n,2.0NRT,5.03,D,0.52,0.5,,,,,,firms,VIIRS,VIIRS_NOAA21_NRT
-0.22437,100.70729,2025-12-03,709,N21,n,2.0NRT,4.21,D,0.51,0.5,,,,,,firms,VIIRS,VIIRS_NOAA21_NRT
0.66502,99.18342,2025-12-03,709,N21,n,2.0NRT,2.67,D,0.42,0.45,,,,,,firms,VIIRS,VIIRS_NOAA21_NRT
1.97381,99.47112,2025-12-03,709,N21,n,2.0NRT,7.46,D,0.46,0.47,,,,,,firms,VIIRS,VIIRS_NOAA21_NRT
2.22893,103.53673,2025-12-03,709,N21,n,2.0NRT,3.54,D,0.44,0.62,,,,,,firms,VIIRS,VIIRS_NOAA21_NRT
2.23429,98.16518,2025-12-03,709,N21,n,2.0NRT,13.97,D,0.57,0.43,,,,,,firms,VIIRS,VIIRS_NOAA21_NRT
3.32068,97.93645,2025-12-03,709,N21,n,2.0NRT,5.42,D,0.57,0.43,,,,,,firms,VIIRS,VIIRS_NOAA21_NRT
4.44353,95.9031,2025-12-03,709,N21,n,2.0NRT,3.48,D,0.46,0.39,,,,,,firms,VIIRS,VIIRS_NOAA21_NRT
4.58892,95.71315,2025-12-03,709,N21,n,2.0NRT,6.5,D,0.45,0.39,,,,,,firms,VIIRS,VIIRS_NOAA21_NRT
4.65584,103.38016,2025-12-03,709,N21,n,2.0NRT,8.04,D,0.47,0.64,,,,,,firms,VIIRS,VIIRS_NOAA21_NRT
4.74692,95.58457,2025-12-03,709,N21,n,2.0NRT,7.95,D,0.44,0.39,,,,,,firms,VIIRS,VIIRS_NOAA21_NRT
4.78698,95.51017,2025-12-03,709,N21,n,2.0NRT,3.03,D,0.44,0.38,,,,,,firms,VIIRS,VIIRS_NOAA21_NRT
4.80573,95.53959,2025-12-03,709,N21,n,2.0NRT,10.03,D,0.44,0.39,,,,,,firms,VIIRS,VIIRS_NOAA21_NRT
5.18537,101.4148,2025-12-03,709,N21,n,2.0NRT,5.22,D,0.35,0.57,,,,,,firms,VIIRS,VIIRS_NOAA21_NRT
5.18755,101.41422,2025-12-03,709,N21,n,2.0NRT,7.12,D,0.35,0.57,,,,,,firms,VIIRS,VIIRS_NOAA21_NRT
5.18793,101.41698,2025-12-03,709,N21,n,2.0NRT,7.36,D,0.35,0.57,,,,,,firms,VIIRS,VIIRS_NOAA21_NRT
5.44481,105.37603,2025-12-03,709,N21,n,2.0NRT,24.65,D,0.66,0.73,,,,,,firms,VIIRS,VIIRS_NOAA21_NRT
5.4456,105.38194,2025-12-03,709,N21,l,2.0NRT,24.65,D,0.66,0.73,,,,,,firms,VIIRS,VIIRS_NOAA21_NRT
5.64945,104.97985,2025-12-03,709,N21,n,2.0NRT,5.73,D,0.63,0.72,,,,,,firms,VIIRS,VIIRS_NOAA21_NRT
5.6499,104.97993,2025-12-03,709,N21,n,2.0NRT,7.23,D,0.63,0.72,,,,,,firms,VIIRS,VIIRS_NOAA21_NRT
2.78131,125.38892,2025-12-03,1628,N21,n,2.0NRT,1.55,N,0.4,0.6,,,,,,firms,VIIRS,VIIRS_NOAA21_NRT
2.78169,125.38824,2025-12-03,1628,N21,n,2.0NRT,1.3,N,0.41,0.6,,,,,,firms,VIIRS,VIIRS_NOAA21_NRT
-8.27265,123.50054,2025-12-03,1630,N21,n,2.0NRT,0.62,N,0.36,0.57,,,,,,firms,VIIRS,VIIRS_NOAA21_NRT
-7.85618,126.13331,2025-12-03,1630,N21,n,2.0NRT,1.01,N,0.48,0.48,,,,,,firms,VIIRS,VIIRS_NOAA21_NRT
4.14402,105.10895,2025-12-03,1808,N21,n,2.0NRT,1.71,N,0.57,0.43,,,,,,firms,VIIRS,VIIRS_NOAA21_NRT
4.32283,106.08688,2025-12-03,1808,N21,n,2.0NRT,1.12,N,0.51,0.41,,,,,,firms,VIIRS,VIIRS_NOAA21_NRT
4.97795,112.98376,2025-12-03,1808,N21,n,2.0NRT,2.42,N,0.45,0.39,,,,,,firms,VIIRS,VIIRS_NOAA21_NRT
4.97859,112.97974,2025-12-03,1808,N21,n,2.0NRT,2.97,N,0.45,0.39,,,,,,firms,VIIRS,VIIRS_NOAA21_NRT
4.9815,112.98434,2025-12-03,1808,N21,n,2.0NRT,2.42,N,0.45,0.39,,,,,,firms,VIIRS,VIIRS_NOAA21_NRT
-7.24238,111.73138,2025-12-03,1810,N21,n,2.0NRT,1.42,N,0.54,0.42,,,,,,firms,VIIRS,VIIRS_NOAA21_NRT
-6.54771,108.09472,2025-12-03,1810,N21,n,2.0NRT,3.12,N,0.39,0.36,,,,,,firms,VIIRS,VIIRS_NOAA21_NRT
-6.01007,105.98416,2025-12-03,1810,N21,n,2.0NRT,0.67,N,0.41,0.37,,,,,,firms,VIIRS,VIIRS_NOAA21_NRT
-6.00668,105.98469,2025-12-03,1810,N21,n,2.0NRT,0.67,N,0.41,0.37,,,,,,firms,VIIRS,VIIRS_NOAA21_NRT
-3.76034,115.43091,2025-12-03,1810,N21,n,2.0NRT,2.21,N,0.56,0.51,,,,,,firms,VIIRS,VIIRS_NOAA21_NRT
-2.99587,115.20503,2025-12-03,1810,N21,n,2.0NRT,2.11,N,0.52,0.5,,,,,,firms,VIIRS,VIIRS_NOAA21_NRT
-2.17285,115.56983,2025-12-03,1810,N21,n,2.0NRT,0.87,N,0.54,0.51,,,,,,firms,VIIRS,VIIRS_NOAA21_NRT
-2.06005,115.5694,2025-12-03,1810,N21,n,2.0NRT,2.22,N,0.54,0.51,,,,,,firms,VIIRS,VIIRS_NOAA21_NRT
-1.02602,103.36227,2025-12-03,1810,N21,n,2.0NRT,0.91,N,0.42,0.45,,,,,,firms,VIIRS,VIIRS_NOAA21_NRT
-8.12033,112.93224,2025-12-03,1813,N21,n,2.0NRT,0.69,N,0.44,0.46,,,,,,firms,VIIRS,VIIRS_NOAA21_NRT
-8.11996,112.93134,2025-12-03,1813,N21,n,2.0NRT,9.83,N,0.44,0.46,,,,,,firms,VIIRS,VIIRS_NOAA21_NRT
-8.11542,112.92973,2025-12-03,1813,N21,n,2.0NRT,9.83,N,0.44,0.46,,,,,,firms,VIIRS,VIIRS_NOAA21_NRT
-8.11468,112.92459,2025-12-03,1813,N21,n,2.0NRT,9.83,N,0.44,0.46,,,,,,firms,VIIRS,VIIRS_NOAA21_NRT
-8.11104,112.9292,2025-12-03,1813,N21,n,2.0NRT,1.31,N,0.44,0.46,,,,,,firms,VIIRS,VIIRS_NOAA21_NRT
-8.11034,112.92435,2025-12-03,1813,N21,n,2.0NRT,1.31,N,0.44,0.46,,,,,,firms,VIIRS,VIIRS_NOAA21_NRT
-10.60775,123.3243,2025-12-04,505,N21,n,2.0NRT,10.64,D,0.46,0.39,,,,,,firms,VIIRS,VIIRS_NOAA21_NRT
-10.60415,123.32376,2025-12-04,505,N21,l,2.0NRT,10.64,D,0.46,0.39,,,,,,firms,VIIRS,VIIRS_NOAA21_NRT
-10.60355,123.32796,2025-12-04,505,N21,n,2.0NRT,10.64,D,0.46,0.39,,,,,,firms,VIIRS,VIIRS_NOAA21_NRT
-9.78353,124.81264,2025-12-04,505,N21,n,2.0NRT,1.49,D,0.4,0.37,,,,,,firms,VIIRS,VIIRS_NOAA21_NRT
-9.71849,124.81034,2025-12-04,505,N21,n,2.0NRT,3.57,D,0.4,0.37,,,,,,firms,VIIRS,VIIRS_NOAA21_NRT
-9.52932,120.11975,2025-12-04,505,N21,n,2.0NRT,4.75,D,0.46,0.47,,,,,,firms,VIIRS,VIIRS_NOAA21_NRT
-8.27407,123.50619,2025-12-04,505,N21,n,2.0NRT,6.44,D,0.43,0.38,,,,,,firms,VIIRS,VIIRS_NOAA21_NRT
-3.85048,120.12833,2025-12-04,508,N21,n,2.0NRT,5.83,D,0.57,0.43,,,,,,firms,VIIRS,VIIRS_NOAA21_NRT
-3.84971,120.13344,2025-12-04,508,N21,n,2.0NRT,4.23,D,0.57,0.43,,,,,,firms,VIIRS,VIIRS_NOAA21_NRT
-3.77988,122.36598,2025-12-04,508,N21,n,2.0NRT,18.11,D,0.44,0.38,,,,,,firms,VIIRS,VIIRS_NOAA21_NRT
-3.76909,120.07597,2025-12-04,508,N21,n,2.0NRT,4.97,D,0.38,0.43,,,,,,firms,VIIRS,VIIRS_NOAA21_NRT
-3.61695,127.13217,2025-12-04,508,N21,n,2.0NRT,12.51,D,0.43,0.38,,,,,,firms,VIIRS,VIIRS_NOAA21_NRT
-3.61636,127.13596,2025-12-04,508,N21,n,2.0NRT,7.68,D,0.43,0.38,,,,,,firms,VIIRS,VIIRS_NOAA21_NRT
-2.57812,121.3789,2025-12-04,508,N21,n,2.0NRT,6.91,D,0.47,0.4,,,,,,firms,VIIRS,VIIRS_NOAA21_NRT
-2.57749,121.38301,2025-12-04,508,N21,n,2.0NRT,142.72,D,0.47,0.4,,,,,,firms,VIIRS,VIIRS_NOAA21_NRT
-2.5745,121.37842,2025-12-04,508,N21,l,2.0NRT,5.88,D,0.47,0.4,,,,,,firms,VIIRS,VIIRS_NOAA21_NRT
-2.57387,121.38255,2025-12-04,508,N21,n,2.0NRT,6.52,D,0.47,0.4,,,,,,firms,VIIRS,VIIRS_NOAA21_NRT
-2.21157,119.38948,2025-12-04,508,N21,n,2.0NRT,2.48,D,0.4,0.44,,,,,,firms,VIIRS,VIIRS_NOAA21_NRT
-1.89633,115.86796,2025-12-04,508,N21,n,2.0NRT,4.63,D,0.35,0.56,,,,,,firms,VIIRS,VIIRS_NOAA21_NRT
-1.73924,124.15384,2025-12-04,508,N21,n,2.0NRT,2.73,D,0.38,0.36,,,,,,firms,VIIRS,VIIRS_NOAA21_NRT
-1.45907,127.43614,2025-12-04,508,N21,n,2.0NRT,6.23,D,0.46,0.39,,,,,,firms,VIIRS,VIIRS_NOAA21_NRT
-1.45546,127.43575,2025-12-04,508,N21,n,2.0NRT,6.23,D,0.46,0.39,,,,,,firms,VIIRS,VIIRS_NOAA21_NRT
0.48391,127.9907,2025-12-04,510,N21,n,2.0NRT,6.8,D,0.52,0.41,,,,,,firms,VIIRS,VIIRS_NOAA21_NRT
0.48423,127.99231,2025-12-04,510,N21,n,2.0NRT,5.26,D,0.52,0.41,,,,,,firms,VIIRS,VIIRS_NOAA21_NRT
0.48696,127.98541,2025-12-04,510,N21,n,2.0NRT,5.18,D,0.52,0.41,,,,,,firms,VIIRS,VIIRS_NOAA21_NRT
0.88317,122.79465,2025-12-04,510,N21,n,2.0NRT,3.46,D,0.39,0.36,,,,,,firms,VIIRS,VIIRS_NOAA21_NRT
-3.07724,102.80864,2025-12-04,650,N21,n,2.0NRT,4.03,D,0.48,0.4,,,,,,firms,VIIRS,VIIRS_NOAA21_NRT
-2.21791,100.98612,2025-12-04,650,N21,n,2.0NRT,10.3,D,0.41,0.37,,,,,,firms,VIIRS,VIIRS_NOAA21_NRT
-1.86786,100.95802,2025-12-04,650,N21,n,2.0NRT,2.06,D,0.41,0.37,,,,,,firms,VIIRS,VIIRS_NOAA21_NRT
-1.74303,100.8818,2025-12-04,650,N21,n,2.0NRT,3.74,D,0.41,0.37,,,,,,firms,VIIRS,VIIRS_NOAA21_NRT
0.29397,99.22202,2025-12-04,650,N21,n,2.0NRT,3.42,D,0.39,0.36,,,,,,firms,VIIRS,VIIRS_NOAA21_NRT
3.38337,97.84343,2025-12-04,652,N21,n,2.0NRT,2.54,D,0.38,0.36,,,,,,firms,VIIRS,VIIRS_NOAA21_NRT
3.49654,102.96532,2025-12-04,652,N21,n,2.0NRT,7.68,D,0.4,0.44,,,,,,firms,VIIRS,VIIRS_NOAA21_NRT
3.50058,102.96471,2025-12-04,652,N21,n,2.0NRT,7.68,D,0.4,0.44,,,,,,firms,VIIRS,VIIRS_NOAA21_NRT
3.97898,96.6954,2025-12-04,652,N21,n,2.0NRT,2.6,D,0.39,0.36,,,,,,firms,VIIRS,VIIRS_NOAA21_NRT
4.2897,103.42663,2025-12-04,652,N21,l,2.0NRT,4.41,D,0.44,0.46,,,,,,firms,VIIRS,VIIRS_NOAA21_NRT
4.53079,95.88756,2025-12-04,652,N21,n,2.0NRT,6.87,D,0.41,0.37,,,,,,firms,VIIRS,VIIRS_NOAA21_NRT
4.54943,95.87347,2025-12-04,652,N21,n,2.0NRT,3.3,D,0.41,0.37,,,,,,firms,VIIRS,VIIRS_NOAA21_NRT
4.55406,103.45746,2025-12-04,652,N21,n,2.0NRT,4.55,D,0.44,0.46,,,,,,firms,VIIRS,VIIRS_NOAA21_NRT
4.5716,103.45894,2025-12-04,652,N21,n,2.0NRT,4.01,D,0.44,0.46,,,,,,firms,VIIRS,VIIRS_NOAA21_NRT
4.65941,103.37888,2025-12-04,652,N21,n,2.0NRT,6.61,D,0.44,0.46,,,,,,firms,VIIRS,VIIRS_NOAA21_NRT
4.77774,95.53485,2025-12-04,652,N21,n,2.0NRT,6.96,D,0.42,0.38,,,,,,firms,VIIRS,VIIRS_NOAA21_NRT
4.95098,102.1239,2025-12-04,652,N21,n,2.0NRT,2.53,D,0.55,0.43,,,,,,firms,VIIRS,VIIRS_NOAA21_NRT
5.51469,102.27157,2025-12-04,652,N21,n,2.0NRT,9.07,D,0.38,0.43,,,,,,firms,VIIRS,VIIRS_NOAA21_NRT
-3.40741,140.78973,2025-12-04,1609,N21,n,2.0NRT,0.45,N,0.43,0.38,,,,,,firms,VIIRS,VIIRS_NOAA21_NRT
-1.57021,127.43073,2025-12-04,1609,N21,n,2.0NRT,1.28,N,0.53,0.67,,,,,,firms,VIIRS,VIIRS_NOAA21_NRT
-1.56932,127.42522,2025-12-04,1609,N21,n,2.0NRT,1.76,N,0.53,0.67,,,,,,firms,VIIRS,VIIRS_NOAA21_NRT
-1.56924,127.42792,2025-12-04,1609,N21,n,2.0NRT,1.26,N,0.53,0.67,,,,,,firms,VIIRS,VIIRS_NOAA21_NRT
0.47894,127.99097,2025-12-04,1609,N21,n,2.0NRT,4.31,N,0.52,0.67,,,,,,firms,VIIRS,VIIRS_NOAA21_NRT
0.47897,127.99131,2025-12-04,1609,N21,n,2.0NRT,3.1,N,0.53,0.67,,,,,,firms,VIIRS,VIIRS_NOAA21_NRT
0.48345,128.00192,2025-12-04,1609,N21,n,2.0NRT,2.83,N,0.52,0.67,,,,,,firms,VIIRS,VIIRS_NOAA21_NRT
0.48355,128.00233,2025-12-04,1609,N21,n,2.0NRT,3.37,N,0.52,0.67,,,,,,firms,VIIRS,VIIRS_NOAA21_NRT
0.48423,127.99712,2025-12-04,1609,N21,n,2.0NRT,2.83,N,0.52,0.67,,,,,,firms,VIIRS,VIIRS_NOAA21_NRT
0.48429,127.99753,2025-12-04,1609,N21,n,2.0NRT,3.37,N,0.52,0.67,,,,,,firms,VIIRS,VIIRS_NOAA21_NRT
0.48501,127.99224,2025-12-04,1609,N21,n,2.0NRT,3.71,N,0.52,0.67,,,,,,firms,VIIRS,VIIRS_NOAA21_NRT
0.48504,127.99262,2025-12-04,1609,N21,n,2.0NRT,3.1,N,0.53,0.67,,,,,,firms,VIIRS,VIIRS_NOAA21_NRT
0.48577,127.98757,2025-12-04,1609,N21,n,2.0NRT,3.71,N,0.52,0.67,,,,,,firms,VIIRS,VIIRS_NOAA21_NRT
0.48578,127.98782,2025-12-04,1609,N21,n,2.0NRT,3.1,N,0.53,0.67,,,,,,firms,VIIRS,VIIRS_NOAA21_NRT
0.48645,127.98351,2025-12-04,1609,N21,n,2.0NRT,3.3,N,0.53,0.67,,,,,,firms,VIIRS,VIIRS_NOAA21_NRT
0.48646,127.98331,2025-12-04,1609,N21,n,2.0NRT,2.16,N,0.53,0.67,,,,,,firms,VIIRS,VIIRS_NOAA21_NRT
0.48782,127.97462,2025-12-04,1609,N21,n,2.0NRT,0.99,N,0.53,0.67,,,,,,firms,VIIRS,VIIRS_NOAA21_NRT
0.4879,127.97432,2025-12-04,1609,N21,n,2.0NRT,1.51,N,0.53,0.67,,,,,,firms,VIIRS,VIIRS_NOAA21_NRT
0.49249,127.98505,2025-12-04,1609,N21,n,2.0NRT,1.85,N,0.53,0.67,,,,,,firms,VIIRS,VIIRS_NOAA21_NRT
0.4925,127.98474,2025-12-04,1609,N21,n,2.0NRT,2.16,N,0.53,0.67,,,,,,firms,VIIRS,VIIRS_NOAA21_NRT
0.51262,127.89555,2025-12-04,1609,N21,n,2.0NRT,1.48,N,0.53,0.67,,,,,,firms,VIIRS,VIIRS_NOAA21_NRT
-9.8233,130.27037,2025-12-04,1611,N21,n,2.0NRT,6.85,N,0.49,0.49,,,,,,firms,VIIRS,VIIRS_NOAA21_NRT
-9.82252,130.2659,2025-12-04,1611,N21,n,2.0NRT,6.85,N,0.49,0.49,,,,,,firms,VIIRS,VIIRS_NOAA21_NRT
-3.90158,122.42163,2025-12-04,1749,N21,n,2.0NRT,1.51,N,0.4,0.6,,,,,,firms,VIIRS,VIIRS_NOAA21_NRT
-3.90105,122.41807,2025-12-04,1749,N21,n,2.0NRT,2.57,N,0.4,0.6,,,,,,firms,VIIRS,VIIRS_NOAA21_NRT
-3.87155,122.408,2025-12-04,1749,N21,n,2.0NRT,0.76,N,0.4,0.6,,,,,,firms,VIIRS,VIIRS_NOAA21_NRT
-3.87103,122.40445,2025-12-04,1749,N21,n,2.0NRT,0.76,N,0.4,0.6,,,,,,firms,VIIRS,VIIRS_NOAA21_NRT
-3.87051,122.40089,2025-12-04,1749,N21,n,2.0NRT,0.91,N,0.4,0.6,,,,,,firms,VIIRS,VIIRS_NOAA21_NRT
-3.87,122.39732,2025-12-04,1749,N21,n,2.0NRT,0.91,N,0.4,0.6,,,,,,firms,VIIRS,VIIRS_NOAA21_NRT
-3.86947,122.39374,2025-12-04,1749,N21,n,2.0NRT,0.73,N,0.4,0.6,,,,,,firms,VIIRS,VIIRS_NOAA21_NRT
-3.03272,115.15832,2025-12-04,1749,N21,n,2.0NRT,0.93,N,0.42,0.38,,,,,,firms,VIIRS,VIIRS_NOAA21_NRT
-2.99783,115.20595,2025-12-04,1749,N21,n,2.0NRT,3.1,N,0.42,0.38,,,,,,firms,VIIRS,VIIRS_NOAA21_NRT
-2.93989,115.23727,2025-12-04,1749,N21,n,2.0NRT,0.36,N,0.42,0.38,,,,,,firms,VIIRS,VIIRS_NOAA21_NRT
-2.93644,115.23779,2025-12-04,1749,N21,n,2.0NRT,0.66,N,0.42,0.38,,,,,,firms,VIIRS,VIIRS_NOAA21_NRT
-2.88304,115.25761,2025-12-04,1749,N21,n,2.0NRT,0.77,N,0.42,0.38,,,,,,firms,VIIRS,VIIRS_NOAA21_NRT
-2.87328,115.26297,2025-12-04,1749,N21,n,2.0NRT,2.01,N,0.42,0.38,,,,,,firms,VIIRS,VIIRS_NOAA21_NRT
-2.2117,115.49597,2025-12-04,1749,N21,n,2.0NRT,3.89,N,0.42,0.38,,,,,,firms,VIIRS,VIIRS_NOAA21_NRT
-2.17037,115.5723,2025-12-04,1749,N21,n,2.0NRT,1.52,N,0.43,0.38,,,,,,firms,VIIRS,VIIRS_NOAA21_NRT
-2.16689,115.5728,2025-12-04,1749,N21,n,2.0NRT,1.52,N,0.43,0.38,,,,,,firms,VIIRS,VIIRS_NOAA21_NRT
-1.52017,114.55454,2025-12-04,1749,N21,n,2.0NRT,0.52,N,0.39,0.37,,,,,,firms,VIIRS,VIIRS_NOAA21_NRT
-1.48,114.58238,2025-12-04,1749,N21,n,2.0NRT,0.92,N,0.39,0.37,,,,,,firms,VIIRS,VIIRS_NOAA21_NRT
-1.19829,114.73793,2025-12-04,1749,N21,n,2.0NRT,0.5,N,0.4,0.37,,,,,,firms,VIIRS,VIIRS_NOAA21_NRT
-1.19774,114.73438,2025-12-04,1749,N21,n,2.0NRT,0.5,N,0.4,0.37,,,,,,firms,VIIRS,VIIRS_NOAA21_NRT
-0.92965,115.8031,2025-12-04,1749,N21,n,2.0NRT,0.72,N,0.43,0.38,,,,,,firms,VIIRS,VIIRS_NOAA21_NRT
-0.92905,115.7993,2025-12-04,1749,N21,n,2.0NRT,0.72,N,0.43,0.38,,,,,,firms,VIIRS,VIIRS_NOAA21_NRT
-0.85729,117.18494,2025-12-04,1749,N21,n,2.0NRT,1.22,N,0.49,0.4,,,,,,firms,VIIRS,VIIRS_NOAA21_NRT
0.09509,117.4692,2025-12-04,1749,N21,n,2.0NRT,4.5,N,0.5,0.41,,,,,,firms,VIIRS,VIIRS_NOAA21_NRT
0.56996,117.4548,2025-12-04,1749,N21,n,2.0NRT,1.02,N,0.49,0.4,,,,,,firms,VIIRS,VIIRS_NOAA21_NRT
0.61319,117.44375,2025-12-04,1749,N21,n,2.0NRT,0.71,N,0.49,0.4,,,,,,firms,VIIRS,VIIRS_NOAA21_NRT
0.67657,117.56432,2025-12-04,1749,N21,n,2.0NRT,4.43,N,0.49,0.41,,,,,,firms,VIIRS,VIIRS_NOAA21_NRT
0.67999,117.54237,2025-12-04,1749,N21,n,2.0NRT,1.58,N,0.49,0.4,,,,,,firms,VIIRS,VIIRS_NOAA21_NRT
0.68095,117.56053,2025-12-04,1749,N21,n,2.0NRT,2.32,N,0.49,0.4,,,,,,firms,VIIRS,VIIRS_NOAA21_NRT
0.68465,117.56112,2025-12-04,1749,N21,n,2.0NRT,2.32,N,0.49,0.4,,,,,,firms,VIIRS,VIIRS_NOAA21_NRT
0.68786,117.46764,2025-12-04,1749,N21,n,2.0NRT,0.76,N,0.49,0.4,,,,,,firms,VIIRS,VIIRS_NOAA21_NRT
0.68903,117.55735,2025-12-04,1749,N21,n,2.0NRT,1.57,N,0.49,0.4,,,,,,firms,VIIRS,VIIRS_NOAA21_NRT
0.6904,117.54855,2025-12-04,1749,N21,n,2.0NRT,2.03,N,0.49,0.4,,,,,,firms,VIIRS,VIIRS_NOAA21_NRT
0.69341,117.5536,2025-12-04,1749,N21,n,2.0NRT,1.57,N,0.49,0.4,,,,,,firms,VIIRS,VIIRS_NOAA21_NRT
1.37319,104.15821,2025-12-04,1749,N21,n,2.0NRT,13.3,N,0.42,0.61,,,,,,firms,VIIRS,VIIRS_NOAA21_NRT
1.37375,104.15443,2025-12-04,1749,N21,n,2.0NRT,13.3,N,0.42,0.61,,,,,,firms,VIIRS,VIIRS_NOAA21_NRT
1.37434,104.16457,2025-12-04,1749,N21,n,2.0NRT,5.26,N,0.42,0.61,,,,,,firms,VIIRS,VIIRS_NOAA21_NRT
1.37493,104.16079,2025-12-04,1749,N21,n,2.0NRT,5.26,N,0.42,0.61,,,,,,firms,VIIRS,VIIRS_NOAA21_NRT
1.37552,104.15699,2025-12-04,1749,N21,h,2.0NRT,19.54,N,0.42,0.61,,,,,,firms,VIIRS,VIIRS_NOAA21_NRT
1.37826,104.16274,2025-12-04,1749,N21,n,2.0NRT,10.03,N,0.42,0.61,,,,,,firms,VIIRS,VIIRS_NOAA21_NRT
1.37883,104.15894,2025-12-04,1749,N21,n,2.0NRT,13.3,N,0.42,0.61,,,,,,firms,VIIRS,VIIRS_NOAA21_NRT
1.37939,104.15514,2025-12-04,1749,N21,n,2.0NRT,13.3,N,0.42,0.61,,,,,,firms,VIIRS,VIIRS_NOAA21_NRT
1.38057,104.16152,2025-12-04,1749,N21,n,2.0NRT,9.81,N,0.42,0.61,,,,,,firms,VIIRS,VIIRS_NOAA21_NRT
1.38116,104.15773,2025-12-04,1749,N21,h,2.0NRT,19.0,N,0.42,0.61,,,,,,firms,VIIRS,VIIRS_NOAA21_NRT
2.73708,102.39242,2025-12-04,1749,N21,n,2.0NRT,3.14,N,0.59,0.7,,,,,,firms,VIIRS,VIIRS_NOAA21_NRT
2.73834,102.39452,2025-12-04,1749,N21,n,2.0NRT,2.77,N,0.59,0.7,,,,,,firms,VIIRS,VIIRS_NOAA21_NRT
3.06754,113.41385,2025-12-04,1749,N21,n,2.0NRT,1.37,N,0.39,0.36,,,,,,firms,VIIRS,VIIRS_NOAA21_NRT
4.02347,103.3419,2025-12-04,1749,N21,n,2.0NRT,1.3,N,0.53,0.67,,,,,,firms,VIIRS,VIIRS_NOAA21_NRT
4.14418,105.10631,2025-12-04,1749,N21,n,2.0NRT,3.35,N,0.4,0.6,,,,,,firms,VIIRS,VIIRS_NOAA21_NRT
4.14451,105.10815,2025-12-04,1749,N21,n,2.0NRT,2.56,N,0.4,0.6,,,,,,firms,VIIRS,VIIRS_NOAA21_NRT
4.14502,105.10455,2025-12-04,1749,N21,n,2.0NRT,2.64,N,0.4,0.6,,,,,,firms,VIIRS,VIIRS_NOAA21_NRT
4.28688,103.42835,2025-12-04,1749,N21,n,2.0NRT,1.48,N,0.53,0.67,,,,,,firms,VIIRS,VIIRS_NOAA21_NRT
4.28711,103.4263,2025-12-04,1749,N21,n,2.0NRT,1.94,N,0.53,0.67,,,,,,firms,VIIRS,VIIRS_NOAA21_NRT
4.32017,106.08405,2025-12-04,1749,N21,n,2.0NRT,2.32,N,0.34,0.56,,,,,,firms,VIIRS,VIIRS_NOAA21_NRT
4.32174,106.08702,2025-12-04,1749,N21,n,2.0NRT,2.18,N,0.35,0.56,,,,,,firms,VIIRS,VIIRS_NOAA21_NRT
4.32218,106.08394,2025-12-04,1749,N21,n,2.0NRT,2.16,N,0.35,0.56,,,,,,firms,VIIRS,VIIRS_NOAA21_NRT
4.5432,114.11843,2025-12-04,1749,N21,n,2.0NRT,0.52,N,0.39,0.36,,,,,,firms,VIIRS,VIIRS_NOAA21_NRT
4.55872,103.45653,2025-12-04,1749,N21,n,2.0NRT,10.25,N,0.53,0.67,,,,,,firms,VIIRS,VIIRS_NOAA21_NRT
4.57128,103.45539,2025-12-04,1749,N21,n,2.0NRT,2.85,N,0.53,0.67,,,,,,firms,VIIRS,VIIRS_NOAA21_NRT
4.57173,103.45344,2025-12-04,1749,N21,n,2.0NRT,1.75,N,0.53,0.67,,,,,,firms,VIIRS,VIIRS_NOAA21_NRT
4.6575,103.37951,2025-12-04,1749,N21,n,2.0NRT,4.43,N,0.54,0.68,,,,,,firms,VIIRS,VIIRS_NOAA21_NRT
4.65817,103.37475,2025-12-04,1749,N21,n,2.0NRT,4.43,N,0.54,0.68,,,,,,firms,VIIRS,VIIRS_NOAA21_NRT
4.97767,112.98325,2025-12-04,1749,N21,n,2.0NRT,11.11,N,0.41,0.37,,,,,,firms,VIIRS,VIIRS_NOAA21_NRT
4.97824,112.97955,2025-12-04,1749,N21,n,2.0NRT,7.98,N,0.41,0.37,,,,,,firms,VIIRS,VIIRS_NOAA21_NRT
5.37428,104.89643,2025-12-04,1749,N21,n,2.0NRT,3.88,N,0.43,0.62,,,,,,firms,VIIRS,VIIRS_NOAA21_NRT
5.50024,105.20899,2025-12-04,1749,N21,n,2.0NRT,6.84,N,0.41,0.61,,,,,,firms,VIIRS,VIIRS_NOAA21_NRT
5.50077,105.20528,2025-12-04,1749,N21,n,2.0NRT,6.84,N,0.41,0.61,,,,,,firms,VIIRS,VIIRS_NOAA21_NRT
5.50537,105.20585,2025-12-04,1749,N21,n,2.0NRT,1.99,N,0.41,0.61,,,,,,firms,VIIRS,VIIRS_NOAA21_NRT
-8.92355,116.76177,2025-12-04,1751,N21,n,2.0NRT,0.96,N,0.39,0.44,,,,,,firms,VIIRS,VIIRS_NOAA21_NRT
-7.70168,108.99377,2025-12-04,1751,N21,n,2.0NRT,2.41,N,0.46,0.39,,,,,,firms,VIIRS,VIIRS_NOAA21_NRT
-6.54846,108.09425,2025-12-04,1751,N21,n,2.0NRT,0.81,N,0.52,0.42,,,,,,firms,VIIRS,VIIRS_NOAA21_NRT
-3.84319,115.25587,2025-12-04,1751,N21,n,2.0NRT,1.09,N,0.43,0.38,,,,,,firms,VIIRS,VIIRS_NOAA21_NRT
-3.76458,115.42925,2025-12-04,1751,N21,n,2.0NRT,1.99,N,0.44,0.38,,,,,,firms,VIIRS,VIIRS_NOAA21_NRT
-3.76166,115.43368,2025-12-04,1751,N21,n,2.0NRT,1.99,N,0.44,0.38,,,,,,firms,VIIRS,VIIRS_NOAA21_NRT
-3.76107,115.42979,2025-12-04,1751,N21,n,2.0NRT,1.99,N,0.44,0.38,,,,,,firms,VIIRS,VIIRS_NOAA21_NRT
-3.07999,115.12447,2025-12-04,1751,N21,n,2.0NRT,0.52,N,0.42,0.38,,,,,,firms,VIIRS,VIIRS_NOAA21_NRT
-3.03341,113.85751,2025-12-04,1751,N21,n,2.0NRT,0.73,N,0.39,0.36,,,,,,firms,VIIRS,VIIRS_NOAA21_NRT
2.26411,102.12857,2025-12-04,1929,N21,n,2.0NRT,2.23,N,0.73,0.76,,,,,,firms,VIIRS,VIIRS_NOAA21_NRT
4.76887,101.11159,2025-12-04,1929,N21,n,2.0NRT,0.84,N,0.56,0.69,,,,,,firms,VIIRS,VIIRS_NOAA21_NRT
-9.88189,119.85643,2025-12-05,448,N21,n,2.0NRT,4.3,D,0.51,0.66,,,,,,firms,VIIRS,VIIRS_NOAA21_NRT
-9.88044,119.85688,2025-12-05,448,N21,n,2.0NRT,5.45,D,0.51,0.66,,,,,,firms,VIIRS,VIIRS_NOAA21_NRT
-2.61223,121.42096,2025-12-05,450,N21,n,2.0NRT,4.28,D,0.62,0.54,,,,,,firms,VIIRS,VIIRS_NOAA21_NRT
-2.57818,121.3783,2025-12-05,450,N21,n,2.0NRT,7.42,D,0.63,0.54,,,,,,firms,VIIRS,VIIRS_NOAA21_NRT
-2.57608,121.38101,2025-12-05,450,N21,n,2.0NRT,5.7,D,0.63,0.54,,,,,,firms,VIIRS,VIIRS_NOAA21_NRT
-2.10413,119.47369,2025-12-05,450,N21,n,2.0NRT,4.46,D,0.42,0.61,,,,,,firms,VIIRS,VIIRS_NOAA21_NRT
-1.64524,124.59333,2025-12-05,450,N21,n,2.0NRT,3.8,D,0.56,0.43,,,,,,firms,VIIRS,VIIRS_NOAA21_NRT
-1.01555,121.41526,2025-12-05,450,N21,n,2.0NRT,10.97,D,0.59,0.53,,,,,,firms,VIIRS,VIIRS_NOAA21_NRT
-3.72909,103.71942,2025-12-05,629,N21,n,2.0NRT,3.55,D,0.39,0.36,,,,,,firms,VIIRS,VIIRS_NOAA21_NRT
-3.68521,102.82393,2025-12-05,629,N21,n,2.0NRT,3.58,D,0.4,0.37,,,,,,firms,VIIRS,VIIRS_NOAA21_NRT
-3.19352,102.92575,2025-12-05,629,N21,n,2.0NRT,2.49,D,0.4,0.37,,,,,,firms,VIIRS,VIIRS_NOAA21_NRT
-7.70367,108.99678,2025-12-05,631,N21,n,2.0NRT,6.97,D,0.5,0.41,,,,,,firms,VIIRS,VIIRS_NOAA21_NRT
-7.69621,108.99555,2025-12-05,631,N21,n,2.0NRT,7.27,D,0.5,0.41,,,,,,firms,VIIRS,VIIRS_NOAA21_NRT
-2.49459,102.60455,2025-12-05,631,N21,n,2.0NRT,3.66,D,0.4,0.37,,,,,,firms,VIIRS,VIIRS_NOAA21_NRT
-2.34235,102.37936,2025-12-05,631,N21,n,2.0NRT,6.21,D,0.4,0.37,,,,,,firms,VIIRS,VIIRS_NOAA21_NRT
-2.01777,100.92614,2025-12-05,631,N21,n,2.0NRT,5.19,D,0.45,0.39,,,,,,firms,VIIRS,VIIRS_NOAA21_NRT
-1.72961,100.86468,2025-12-05,631,N21,n,2.0NRT,3.3,D,0.45,0.39,,,,,,firms,VIIRS,VIIRS_NOAA21_NRT
0.77992,110.45099,2025-12-05,631,N21,n,2.0NRT,7.21,D,0.55,0.51,,,,,,firms,VIIRS,VIIRS_NOAA21_NRT
1.14182,111.24259,2025-12-05,631,N21,n,2.0NRT,6.86,D,0.63,0.54,,,,,,firms,VIIRS,VIIRS_NOAA21_NRT
2.15958,102.41562,2025-12-05,631,N21,n,2.0NRT,3.72,D,0.39,0.36,,,,,,firms,VIIRS,VIIRS_NOAA21_NRT
2.83934,103.36924,2025-12-05,631,N21,n,2.0NRT,5.02,D,0.39,0.36,,,,,,firms,VIIRS,VIIRS_NOAA21_NRT
3.04871,101.3859,2025-12-05,631,N21,n,2.0NRT,7.38,D,0.4,0.37,,,,,,firms,VIIRS,VIIRS_NOAA21_NRT
3.28286,97.9682,2025-12-05,631,N21,n,2.0NRT,3.56,D,0.57,0.43,,,,,,firms,VIIRS,VIIRS_NOAA21_NRT
3.30821,103.07352,2025-12-05,631,N21,n,2.0NRT,2.2,D,0.39,0.36,,,,,,firms,VIIRS,VIIRS_NOAA21_NRT
3.48797,101.47345,2025-12-05,631,N21,l,2.0NRT,8.45,D,0.39,0.37,,,,,,firms,VIIRS,VIIRS_NOAA21_NRT
3.55344,103.29992,2025-12-05,631,N21,n,2.0NRT,11.82,D,0.39,0.36,,,,,,firms,VIIRS,VIIRS_NOAA21_NRT
3.75838,103.03793,2025-12-05,631,N21,n,2.0NRT,2.26,D,0.39,0.36,,,,,,firms,VIIRS,VIIRS_NOAA21_NRT
4.55631,103.45759,2025-12-05,631,N21,n,2.0NRT,6.61,D,0.39,0.36,,,,,,firms,VIIRS,VIIRS_NOAA21_NRT
4.57349,103.45857,2025-12-05,631,N21,n,2.0NRT,3.32,D,0.39,0.36,,,,,,firms,VIIRS,VIIRS_NOAA21_NRT
4.57576,103.45105,2025-12-05,631,N21,n,2.0NRT,3.34,D,0.39,0.36,,,,,,firms,VIIRS,VIIRS_NOAA21_NRT
4.65702,103.38066,2025-12-05,631,N21,n,2.0NRT,15.0,D,0.39,0.36,,,,,,firms,VIIRS,VIIRS_NOAA21_NRT
4.65982,103.37666,2025-12-05,631,N21,n,2.0NRT,4.11,D,0.39,0.36,,,,,,firms,VIIRS,VIIRS_NOAA21_NRT
0.48593,127.99203,2025-12-05,1730,N21,n,2.0NRT,1.42,N,0.39,0.59,,,,,,firms,VIIRS,VIIRS_NOAA21_NRT
0.48645,127.98868,2025-12-05,1730,N21,n,2.0NRT,1.42,N,0.39,0.59,,,,,,firms,VIIRS,VIIRS_NOAA21_NRT
0.48701,127.98504,2025-12-05,1730,N21,n,2.0NRT,1.74,N,0.39,0.59,,,,,,firms,VIIRS,VIIRS_NOAA21_NRT
0.49308,127.9817,2025-12-05,1730,N21,n,2.0NRT,1.74,N,0.39,0.59,,,,,,firms,VIIRS,VIIRS_NOAA21_NRT
0.8948,124.08382,2025-12-05,1730,N21,n,2.0NRT,0.52,N,0.42,0.45,,,,,,firms,VIIRS,VIIRS_NOAA21_NRT
-3.90183,122.41862,2025-12-05,1732,N21,n,2.0NRT,2.15,N,0.57,0.43,,,,,,firms,VIIRS,VIIRS_NOAA21_NRT
-3.90106,122.41354,2025-12-05,1732,N21,n,2.0NRT,2.15,N,0.57,0.43,,,,,,firms,VIIRS,VIIRS_NOAA21_NRT
-3.87175,122.40756,2025-12-05,1732,N21,n,2.0NRT,5.42,N,0.57,0.43,,,,,,firms,VIIRS,VIIRS_NOAA21_NRT
-3.87099,122.40247,2025-12-05,1732,N21,n,2.0NRT,2.18,N,0.57,0.43,,,,,,firms,VIIRS,VIIRS_NOAA21_NRT
-3.87022,122.39736,2025-12-05,1732,N21,n,2.0NRT,2.18,N,0.57,0.43,,,,,,firms,VIIRS,VIIRS_NOAA21_NRT
-3.86946,122.39227,2025-12-05,1732,N21,n,2.0NRT,1.71,N,0.57,0.43,,,,,,firms,VIIRS,VIIRS_NOAA21_NRT
-3.76292,115.43368,2025-12-05,1732,N21,n,2.0NRT,2.19,N,0.42,0.38,,,,,,firms,VIIRS,VIIRS_NOAA21_NRT
-3.76231,115.42989,2025-12-05,1732,N21,n,2.0NRT,4.05,N,0.42,0.38,,,,,,firms,VIIRS,VIIRS_NOAA21_NRT
-2.82934,122.17474,2025-12-05,1732,N21,n,2.0NRT,2.11,N,0.54,0.42,,,,,,firms,VIIRS,VIIRS_NOAA21_NRT
-2.57926,121.38393,2025-12-05,1732,N21,n,2.0NRT,5.89,N,0.48,0.4,,,,,,firms,VIIRS,VIIRS_NOAA21_NRT
-2.579,121.38189,2025-12-05,1732,N21,n,2.0NRT,16.06,N,0.48,0.4,,,,,,firms,VIIRS,VIIRS_NOAA21_NRT
-2.57861,121.37955,2025-12-05,1732,N21,n,2.0NRT,9.73,N,0.48,0.4,,,,,,firms,VIIRS,VIIRS_NOAA21_NRT
-2.57832,121.3775,2025-12-05,1732,N21,n,2.0NRT,6.25,N,0.48,0.4,,,,,,firms,VIIRS,VIIRS_NOAA21_NRT
-2.57533,121.38239,2025-12-05,1732,N21,n,2.0NRT,16.06,N,0.48,0.4,,,,,,firms,VIIRS,VIIRS_NOAA21_NRT
-2.57465,121.37804,2025-12-05,1732,N21,n,2.0NRT,6.25,N,0.48,0.4,,,,,,firms,VIIRS,VIIRS_NOAA21_NRT
-8.92326,116.76181,2025-12-05,1734,N21,n,2.0NRT,1.14,N,0.38,0.36,,,,,,firms,VIIRS,VIIRS_NOAA21_NRT
-8.12254,112.93512,2025-12-05,1734,N21,n,2.0NRT,1.66,N,0.49,0.41,,,,,,firms,VIIRS,VIIRS_NOAA21_NRT
-8.11712,112.92532,2025-12-05,1734,N21,n,2.0NRT,1.62,N,0.5,0.41,,,,,,firms,VIIRS,VIIRS_NOAA21_NRT
-8.11356,112.92672,2025-12-05,1734,N21,n,2.0NRT,1.62,N,0.5,0.41,,,,,,firms,VIIRS,VIIRS_NOAA21_NRT
-8.11288,112.92267,2025-12-05,1734,N21,n,2.0NRT,2.39,N,0.5,0.41,,,,,,firms,VIIRS,VIIRS_NOAA21_NRT
-6.09954,106.67026,2025-12-05,1734,N21,n,2.0NRT,3.13,N,0.46,0.63,,,,,,firms,VIIRS,VIIRS_NOAA21_NRT
2.73818,102.39423,2025-12-05,1912,N21,n,2.0NRT,0.92,N,0.35,0.57,,,,,,firms,VIIRS,VIIRS_NOAA21_NRT
-4.02353,122.22107,2025-12-06,429,N21,n,2.0NRT,4.81,D,0.62,0.71,,,,,,firms,VIIRS,VIIRS_NOAA21_NRT
-3.87216,122.39458,2025-12-06,429,N21,n,2.0NRT,7.68,D,0.6,0.71,,,,,,firms,VIIRS,VIIRS_NOAA21_NRT
-3.87139,122.3999,2025-12-06,429,N21,n,2.0NRT,7.68,D,0.6,0.71,,,,,,firms,VIIRS,VIIRS_NOAA21_NRT
-3.87062,122.40521,2025-12-06,429,N21,n,2.0NRT,10.35,D,0.6,0.7,,,,,,firms,VIIRS,VIIRS_NOAA21_NRT
-3.49233,126.55987,2025-12-06,429,N21,n,2.0NRT,13.49,D,0.6,0.53,,,,,,firms,VIIRS,VIIRS_NOAA21_NRT
-3.48747,126.5592,2025-12-06,429,N21,n,2.0NRT,13.49,D,0.6,0.53,,,,,,firms,VIIRS,VIIRS_NOAA21_NRT
-1.81959,136.74797,2025-12-06,429,N21,n,2.0NRT,4.06,D,0.45,0.39,,,,,,firms,VIIRS,VIIRS_NOAA21_NRT
-1.81897,136.75195,2025-12-06,429,N21,n,2.0NRT,4.06,D,0.45,0.39,,,,,,firms,VIIRS,VIIRS_NOAA21_NRT
-1.81545,136.75131,2025-12-06,429,N21,n,2.0NRT,14.1,D,0.45,0.39,,,,,,firms,VIIRS,VIIRS_NOAA21_NRT
-2.00745,121.43209,2025-12-06,431,N21,n,2.0NRT,12.15,D,0.66,0.73,,,,,,firms,VIIRS,VIIRS_NOAA21_NRT
-1.02723,123.29008,2025-12-06,431,N21,n,2.0NRT,4.57,D,0.47,0.64,,,,,,firms,VIIRS,VIIRS_NOAA21_NRT
-1.02688,123.2908,2025-12-06,431,N21,n,2.0NRT,3.71,D,0.47,0.64,,,,,,firms,VIIRS,VIIRS_NOAA21_NRT
-6.76387,111.96092,2025-12-06,609,N21,n,2.0NRT,2.53,D,0.42,0.38,,,,,,firms,VIIRS,VIIRS_NOAA21_NRT
-6.76298,111.9609,2025-12-06,609,N21,n,2.0NRT,3.47,D,0.42,0.38,,,,,,firms,VIIRS,VIIRS_NOAA21_NRT
-3.50413,121.43378,2025-12-06,609,N21,n,2.0NRT,11.6,D,0.64,0.72,,,,,,firms,VIIRS,VIIRS_NOAA21_NRT
-4.59442,103.31931,2025-12-06,612,N21,n,2.0NRT,2.45,D,0.45,0.47,,,,,,firms,VIIRS,VIIRS_NOAA21_NRT
-4.59388,103.31829,2025-12-06,612,N21,n,2.0NRT,3.33,D,0.45,0.47,,,,,,firms,VIIRS,VIIRS_NOAA21_NRT
-4.06478,102.49885,2025-12-06,612,N21,n,2.0NRT,3.33,D,0.5,0.49,,,,,,firms,VIIRS,VIIRS_NOAA21_NRT
-3.72571,103.71749,2025-12-06,612,N21,n,2.0NRT,2.55,D,0.41,0.45,,,,,,firms,VIIRS,VIIRS_NOAA21_NRT
-2.57876,121.38478,2025-12-06,612,N21,n,2.0NRT,16.47,D,0.66,0.73,,,,,,firms,VIIRS,VIIRS_NOAA21_NRT
-2.20545,119.21501,2025-12-06,612,N21,n,2.0NRT,9.94,D,0.47,0.64,,,,,,firms,VIIRS,VIIRS_NOAA21_NRT
-1.49176,120.65726,2025-12-06,612,N21,n,2.0NRT,5.28,D,0.61,0.71,,,,,,firms,VIIRS,VIIRS_NOAA21_NRT
-0.21916,109.95988,2025-12-06,612,N21,l,2.0NRT,4.84,D,0.41,0.37,,,,,,firms,VIIRS,VIIRS_NOAA21_NRT
-0.21796,109.95993,2025-12-06,612,N21,n,2.0NRT,4.42,D,0.41,0.37,,,,,,firms,VIIRS,VIIRS_NOAA21_NRT
-0.21456,109.95941,2025-12-06,612,N21,l,2.0NRT,4.42,D,0.41,0.37,,,,,,firms,VIIRS,VIIRS_NOAA21_NRT
0.79092,111.7044,2025-12-06,612,N21,n,2.0NRT,9.64,D,0.5,0.41,,,,,,firms,VIIRS,VIIRS_NOAA21_NRT
0.88827,113.05923,2025-12-06,612,N21,n,2.0NRT,3.16,D,0.4,0.44,,,,,,firms,VIIRS,VIIRS_NOAA21_NRT
1.05208,104.12627,2025-12-06,614,N21,n,2.0NRT,12.48,D,0.5,0.41,,,,,,firms,VIIRS,VIIRS_NOAA21_NRT
3.52349,113.31222,2025-12-06,614,N21,n,2.0NRT,7.06,D,0.45,0.47,,,,,,firms,VIIRS,VIIRS_NOAA21_NRT
4.66154,103.3633,2025-12-06,614,N21,n,2.0NRT,4.04,D,0.5,0.41,,,,,,firms,VIIRS,VIIRS_NOAA21_NRT
5.69277,100.98286,2025-12-06,614,N21,n,2.0NRT,3.48,D,0.45,0.47,,,,,,firms,VIIRS,VIIRS_NOAA21_NRT
-1.24464,116.81406,2025-12-06,1711,N21,n,2.0NRT,1.83,N,0.47,0.47,,,,,,firms,VIIRS,VIIRS_NOAA21_NRT
-0.85707,117.18449,2025-12-06,1711,N21,n,2.0NRT,0.43,N,0.45,0.47,,,,,,firms,VIIRS,VIIRS_NOAA21_NRT
-0.70728,117.06248,2025-12-06,1711,N21,n,2.0NRT,0.42,N,0.46,0.47,,,,,,firms,VIIRS,VIIRS_NOAA21_NRT
0.48,127.99796,2025-12-06,1711,N21,n,2.0NRT,2.57,N,0.56,0.43,,,,,,firms,VIIRS,VIIRS_NOAA21_NRT
0.48078,127.99299,2025-12-06,1711,N21,n,2.0NRT,1.48,N,0.56,0.43,,,,,,firms,VIIRS,VIIRS_NOAA21_NRT
0.48155,127.98803,2025-12-06,1711,N21,n,2.0NRT,1.48,N,0.56,0.43,,,,,,firms,VIIRS,VIIRS_NOAA21_NRT
0.48318,128.00337,2025-12-06,1711,N21,n,2.0NRT,2.94,N,0.56,0.43,,,,,,firms,VIIRS,VIIRS_NOAA21_NRT
0.48471,127.99355,2025-12-06,1711,N21,n,2.0NRT,3.31,N,0.56,0.43,,,,,,firms,VIIRS,VIIRS_NOAA21_NRT
0.48549,127.98859,2025-12-06,1711,N21,n,2.0NRT,3.31,N,0.56,0.43,,,,,,firms,VIIRS,VIIRS_NOAA21_NRT
0.48629,127.98347,2025-12-06,1711,N21,n,2.0NRT,2.7,N,0.56,0.43,,,,,,firms,VIIRS,VIIRS_NOAA21_NRT
0.48787,127.9733,2025-12-06,1711,N21,n,2.0NRT,1.74,N,0.56,0.43,,,,,,firms,VIIRS,VIIRS_NOAA21_NRT
0.49023,127.98391,2025-12-06,1711,N21,n,2.0NRT,2.7,N,0.56,0.43,,,,,,firms,VIIRS,VIIRS_NOAA21_NRT
0.5119,127.89623,2025-12-06,1711,N21,n,2.0NRT,3.66,N,0.55,0.43,,,,,,firms,VIIRS,VIIRS_NOAA21_NRT
-8.27373,123.5069,2025-12-06,1713,N21,n,2.0NRT,2.25,N,0.42,0.38,,,,,,firms,VIIRS,VIIRS_NOAA21_NRT
-7.70141,108.99212,2025-12-06,1713,N21,n,2.0NRT,5.16,N,0.63,0.72,,,,,,firms,VIIRS,VIIRS_NOAA21_NRT
-7.70137,108.9968,2025-12-06,1713,N21,n,2.0NRT,4.03,N,0.62,0.72,,,,,,firms,VIIRS,VIIRS_NOAA21_NRT
-7.70028,108.99117,2025-12-06,1713,N21,n,2.0NRT,4.01,N,0.62,0.72,,,,,,firms,VIIRS,VIIRS_NOAA21_NRT
-7.23907,111.73179,2025-12-06,1713,N21,n,2.0NRT,1.41,N,0.41,0.61,,,,,,firms,VIIRS,VIIRS_NOAA21_NRT
-7.09225,110.62054,2025-12-06,1713,N21,n,2.0NRT,1.07,N,0.5,0.66,,,,,,firms,VIIRS,VIIRS_NOAA21_NRT
-3.90459,122.41682,2025-12-06,1713,N21,n,2.0NRT,1.63,N,0.38,0.36,,,,,,firms,VIIRS,VIIRS_NOAA21_NRT
-3.90183,122.42078,2025-12-06,1713,N21,n,2.0NRT,2.26,N,0.38,0.36,,,,,,firms,VIIRS,VIIRS_NOAA21_NRT
-3.90129,122.41734,2025-12-06,1713,N21,n,2.0NRT,1.94,N,0.38,0.36,,,,,,firms,VIIRS,VIIRS_NOAA21_NRT
-1.89287,115.86459,2025-12-06,1713,N21,n,2.0NRT,3.59,N,0.53,0.5,,,,,,firms,VIIRS,VIIRS_NOAA21_NRT
4.97705,112.98745,2025-12-06,1713,N21,n,2.0NRT,4.57,N,0.54,0.68,,,,,,firms,VIIRS,VIIRS_NOAA21_NRT
4.97771,112.98264,2025-12-06,1713,N21,n,2.0NRT,4.57,N,0.54,0.68,,,,,,firms,VIIRS,VIIRS_NOAA21_NRT
4.97815,112.98512,2025-12-06,1713,N21,n,2.0NRT,3.87,N,0.54,0.68,,,,,,firms,VIIRS,VIIRS_NOAA21_NRT
4.97837,112.97783,2025-12-06,1713,N21,h,2.0NRT,9.33,N,0.54,0.68,,,,,,firms,VIIRS,VIIRS_NOAA21_NRT
4.97885,112.98033,2025-12-06,1713,N21,n,2.0NRT,9.41,N,0.54,0.68,,,,,,firms,VIIRS,VIIRS_NOAA21_NRT
4.97904,112.97302,2025-12-06,1713,N21,n,2.0NRT,9.33,N,0.54,0.68,,,,,,firms,VIIRS,VIIRS_NOAA21_NRT
4.97954,112.97553,2025-12-06,1713,N21,n,2.0NRT,9.41,N,0.54,0.68,,,,,,firms,VIIRS,VIIRS_NOAA21_NRT
2.73863,102.39494,2025-12-06,1851,N21,n,2.0NRT,1.36,N,0.51,0.41,,,,,,firms,VIIRS,VIIRS_NOAA21_NRT
4.00172,103.34604,2025-12-06,1851,N21,n,2.0NRT,1.87,N,0.55,0.43,,,,,,firms,VIIRS,VIIRS_NOAA21_NRT
4.14579,105.1088,2025-12-06,1851,N21,n,2.0NRT,3.88,N,0.48,0.48,,,,,,firms,VIIRS,VIIRS_NOAA21_NRT
4.55546,103.45624,2025-12-06,1851,N21,n,2.0NRT,2.74,N,0.55,0.43,,,,,,firms,VIIRS,VIIRS_NOAA21_NRT
-0.01087,101.20146,2025-12-06,1853,N21,n,2.0NRT,0.26,N,0.47,0.4,,,,,,firms,VIIRS,VIIRS_NOAA21_NRT
0.30731,99.44688,2025-12-06,1853,N21,n,2.0NRT,0.42,N,0.4,0.37,,,,,,firms,VIIRS,VIIRS_NOAA21_NRT
0.84735,101.39277,2025-12-06,1853,N21,n,2.0NRT,1.61,N,0.47,0.4,,,,,,firms,VIIRS,VIIRS_NOAA21_NRT
1.37052,101.2217,2025-12-06,1853,N21,n,2.0NRT,1.25,N,0.46,0.39,,,,,,firms,VIIRS,VIIRS_NOAA21_NRT
1.37161,101.22282,2025-12-06,1853,N21,n,2.0NRT,0.94,N,0.46,0.39,,,,,,firms,VIIRS,VIIRS_NOAA21_NRT
-7.70544,108.99839,2025-12-06,1855,N21,n,2.0NRT,3.29,N,0.67,0.74,,,,,,firms,VIIRS,VIIRS_NOAA21_NRT
-7.70173,109.00092,2025-12-06,1855,N21,n,2.0NRT,3.38,N,0.67,0.74,,,,,,firms,VIIRS,VIIRS_NOAA21_NRT
-7.70099,108.99492,2025-12-06,1855,N21,n,2.0NRT,4.67,N,0.67,0.74,,,,,,firms,VIIRS,VIIRS_NOAA21_NRT
-7.6987,108.99934,2025-12-06,1855,N21,n,2.0NRT,3.29,N,0.67,0.74,,,,,,firms,VIIRS,VIIRS_NOAA21_NRT
-6.98294,110.00954,2025-12-06,1855,N21,n,2.0NRT,2.21,N,0.77,0.77,,,,,,firms,VIIRS,VIIRS_NOAA21_NRT
-6.09879,106.67054,2025-12-06,1855,N21,n,2.0NRT,1.1,N,0.44,0.62,,,,,,firms,VIIRS,VIIRS_NOAA21_NRT
-8.05048,138.6832,2025-12-07,410,N21,n,2.0NRT,6.33,D,0.4,0.37,,,,,,firms,VIIRS,VIIRS_NOAA21_NRT
-8.04712,138.68269,2025-12-07,410,N21,n,2.0NRT,2.93,D,0.4,0.37,,,,,,firms,VIIRS,VIIRS_NOAA21_NRT
-7.04898,107.74514,2025-12-07,552,N21,n,2.0NRT,7.71,D,0.51,0.5,,,,,,firms,VIIRS,VIIRS_NOAA21_NRT
-7.04704,107.74677,2025-12-07,552,N21,n,2.0NRT,7.13,D,0.51,0.49,,,,,,firms,VIIRS,VIIRS_NOAA21_NRT
-7.04318,107.74155,2025-12-07,552,N21,n,2.0NRT,3.56,D,0.51,0.49,,,,,,firms,VIIRS,VIIRS_NOAA21_NRT
-7.01471,107.74702,2025-12-07,552,N21,n,2.0NRT,5.38,D,0.51,0.49,,,,,,firms,VIIRS,VIIRS_NOAA21_NRT
-6.97198,107.68964,2025-12-07,552,N21,n,2.0NRT,3.44,D,0.52,0.5,,,,,,firms,VIIRS,VIIRS_NOAA21_NRT
-4.18821,105.33134,2025-12-07,552,N21,n,2.0NRT,3.5,D,0.34,0.56,,,,,,firms,VIIRS,VIIRS_NOAA21_NRT
-3.7618,115.43153,2025-12-07,552,N21,n,2.0NRT,8.2,D,0.41,0.37,,,,,,firms,VIIRS,VIIRS_NOAA21_NRT
-3.1373,120.11362,2025-12-07,552,N21,n,2.0NRT,12.36,D,0.49,0.49,,,,,,firms,VIIRS,VIIRS_NOAA21_NRT
-3.09262,120.0859,2025-12-07,552,N21,n,2.0NRT,7.9,D,0.49,0.49,,,,,,firms,VIIRS,VIIRS_NOAA21_NRT
-2.6568,121.70403,2025-12-07,552,N21,n,2.0NRT,2.34,D,0.32,0.55,,,,,,firms,VIIRS,VIIRS_NOAA21_NRT
-2.57855,121.38216,2025-12-07,552,N21,n,2.0NRT,7.76,D,0.61,0.54,,,,,,firms,VIIRS,VIIRS_NOAA21_NRT
-2.57631,121.38255,2025-12-07,552,N21,n,2.0NRT,13.33,D,0.61,0.54,,,,,,firms,VIIRS,VIIRS_NOAA21_NRT
-2.5737,121.38115,2025-12-07,552,N21,n,2.0NRT,8.98,D,0.61,0.54,,,,,,firms,VIIRS,VIIRS_NOAA21_NRT
-1.61424,115.15383,2025-12-07,552,N21,n,2.0NRT,2.94,D,0.41,0.37,,,,,,firms,VIIRS,VIIRS_NOAA21_NRT
-1.52313,115.71655,2025-12-07,552,N21,n,2.0NRT,14.34,D,0.43,0.38,,,,,,firms,VIIRS,VIIRS_NOAA21_NRT
-1.51269,120.64014,2025-12-07,552,N21,n,2.0NRT,5.57,D,0.57,0.52,,,,,,firms,VIIRS,VIIRS_NOAA21_NRT
-1.4459,119.45169,2025-12-07,552,N21,n,2.0NRT,3.5,D,0.47,0.48,,,,,,firms,VIIRS,VIIRS_NOAA21_NRT
-1.43229,113.37093,2025-12-07,552,N21,n,2.0NRT,9.14,D,0.38,0.36,,,,,,firms,VIIRS,VIIRS_NOAA21_NRT
-1.43177,113.37435,2025-12-07,552,N21,n,2.0NRT,37.99,D,0.38,0.36,,,,,,firms,VIIRS,VIIRS_NOAA21_NRT
-1.26263,117.65022,2025-12-07,552,N21,n,2.0NRT,4.69,D,0.55,0.42,,,,,,firms,VIIRS,VIIRS_NOAA21_NRT
-0.86955,121.63596,2025-12-07,552,N21,n,2.0NRT,3.94,D,0.34,0.56,,,,,,firms,VIIRS,VIIRS_NOAA21_NRT
-0.37811,116.01228,2025-12-07,554,N21,n,2.0NRT,4.42,D,0.46,0.39,,,,,,firms,VIIRS,VIIRS_NOAA21_NRT
-0.37534,116.01221,2025-12-07,554,N21,n,2.0NRT,4.62,D,0.46,0.39,,,,,,firms,VIIRS,VIIRS_NOAA21_NRT
-0.28155,116.87269,2025-12-07,554,N21,n,2.0NRT,5.09,D,0.51,0.41,,,,,,firms,VIIRS,VIIRS_NOAA21_NRT
0.38372,112.32436,2025-12-07,554,N21,n,2.0NRT,3.04,D,0.39,0.36,,,,,,firms,VIIRS,VIIRS_NOAA21_NRT
0.9284,113.22167,2025-12-07,554,N21,n,2.0NRT,3.74,D,0.39,0.36,,,,,,firms,VIIRS,VIIRS_NOAA21_NRT
1.55741,111.70583,2025-12-07,554,N21,n,2.0NRT,3.74,D,0.39,0.36,,,,,,firms,VIIRS,VIIRS_NOAA21_NRT
4.55342,103.4577,2025-12-07,557,N21,n,2.0NRT,2.35,D,0.34,0.56,,,,,,firms,VIIRS,VIIRS_NOAA21_NRT
4.55849,103.45689,2025-12-07,557,N21,n,2.0NRT,2.35,D,0.34,0.56,,,,,,firms,VIIRS,VIIRS_NOAA21_NRT
4.57369,103.45446,2025-12-07,557,N21,n,2.0NRT,2.72,D,0.34,0.56,,,,,,firms,VIIRS,VIIRS_NOAA21_NRT
-3.90448,122.41953,2025-12-07,1654,N21,n,2.0NRT,2.01,N,0.56,0.43,,,,,,firms,VIIRS,VIIRS_NOAA21_NRT
-3.90368,122.41447,2025-12-07,1654,N21,n,2.0NRT,1.62,N,0.56,0.43,,,,,,firms,VIIRS,VIIRS_NOAA21_NRT
-3.90338,122.41734,2025-12-07,1654,N21,n,2.0NRT,2.83,N,0.56,0.43,,,,,,firms,VIIRS,VIIRS_NOAA21_NRT
-3.8728,122.39864,2025-12-07,1654,N21,n,2.0NRT,1.41,N,0.57,0.43,,,,,,firms,VIIRS,VIIRS_NOAA21_NRT
-3.87199,122.39358,2025-12-07,1654,N21,n,2.0NRT,1.41,N,0.57,0.43,,,,,,firms,VIIRS,VIIRS_NOAA21_NRT
-3.87048,122.40941,2025-12-07,1654,N21,n,2.0NRT,1.9,N,0.57,0.43,,,,,,firms,VIIRS,VIIRS_NOAA21_NRT
-3.86967,122.40434,2025-12-07,1654,N21,n,2.0NRT,1.9,N,0.57,0.43,,,,,,firms,VIIRS,VIIRS_NOAA21_NRT
-3.86885,122.39927,2025-12-07,1654,N21,n,2.0NRT,1.31,N,0.57,0.43,,,,,,firms,VIIRS,VIIRS_NOAA21_NRT
-3.76395,115.43226,2025-12-07,1654,N21,n,2.0NRT,2.5,N,0.56,0.69,,,,,,firms,VIIRS,VIIRS_NOAA21_NRT
-1.56153,127.42811,2025-12-07,1654,N21,n,2.0NRT,0.75,N,0.38,0.36,,,,,,firms,VIIRS,VIIRS_NOAA21_NRT
-1.46072,127.43675,2025-12-07,1654,N21,n,2.0NRT,1.48,N,0.38,0.36,,,,,,firms,VIIRS,VIIRS_NOAA21_NRT
-1.45741,127.43727,2025-12-07,1654,N21,n,2.0NRT,3.6,N,0.38,0.36,,,,,,firms,VIIRS,VIIRS_NOAA21_NRT
-0.70942,117.06544,2025-12-07,1654,N21,n,2.0NRT,2.05,N,0.49,0.65,,,,,,firms,VIIRS,VIIRS_NOAA21_NRT
-0.58255,117.3862,2025-12-07,1654,N21,n,2.0NRT,0.48,N,0.47,0.64,,,,,,firms,VIIRS,VIIRS_NOAA21_NRT
-1.43215,113.37301,2025-12-07,1834,N21,n,2.0NRT,1.02,N,0.51,0.66,,,,,,firms,VIIRS,VIIRS_NOAA21_NRT
3.27906,113.07453,2025-12-07,1834,N21,n,2.0NRT,5.08,N,0.41,0.61,,,,,,firms,VIIRS,VIIRS_NOAA21_NRT
3.27921,113.07437,2025-12-07,1834,N21,n,2.0NRT,4.75,N,0.41,0.61,,,,,,firms,VIIRS,VIIRS_NOAA21_NRT
4.14524,105.10632,2025-12-07,1834,N21,n,2.0NRT,4.04,N,0.4,0.37,,,,,,firms,VIIRS,VIIRS_NOAA21_NRT
4.28941,103.42937,2025-12-07,1834,N21,n,2.0NRT,2.13,N,0.38,0.36,,,,,,firms,VIIRS,VIIRS_NOAA21_NRT
4.55416,103.45732,2025-12-07,1834,N21,n,2.0NRT,4.25,N,0.38,0.36,,,,,,firms,VIIRS,VIIRS_NOAA21_NRT
4.55746,103.45783,2025-12-07,1834,N21,n,2.0NRT,3.22,N,0.38,0.36,,,,,,firms,VIIRS,VIIRS_NOAA21_NRT
4.57611,103.44664,2025-12-07,1834,N21,n,2.0NRT,1.89,N,0.38,0.36,,,,,,firms,VIIRS,VIIRS_NOAA21_NRT
4.65855,103.37834,2025-12-07,1834,N21,n,2.0NRT,0.84,N,0.38,0.36,,,,,,firms,VIIRS,VIIRS_NOAA21_NRT
5.37282,104.89505,2025-12-07,1834,N21,n,2.0NRT,2.43,N,0.39,0.36,,,,,,firms,VIIRS,VIIRS_NOAA21_NRT
5.4999,105.20878,2025-12-07,1834,N21,n,2.0NRT,2.42,N,0.4,0.37,,,,,,firms,VIIRS,VIIRS_NOAA21_NRT
5.51766,105.67149,2025-12-07,1834,N21,n,2.0NRT,2.65,N,0.41,0.37,,,,,,firms,VIIRS,VIIRS_NOAA21_NRT
5.55208,104.77208,2025-12-07,1834,N21,n,2.0NRT,1.5,N,0.39,0.36,,,,,,firms,VIIRS,VIIRS_NOAA21_NRT
5.58561,104.47429,2025-12-07,1834,N21,n,2.0NRT,0.84,N,0.39,0.36,,,,,,firms,VIIRS,VIIRS_NOAA21_NRT
5.64536,104.97796,2025-12-07,1834,N21,n,2.0NRT,2.69,N,0.39,0.36,,,,,,firms,VIIRS,VIIRS_NOAA21_NRT
-9.67088,120.45673,2025-12-08,531,N21,n,2.0NRT,4.71,D,0.39,0.36,,,,,,firms,VIIRS,VIIRS_NOAA21_NRT
-8.84451,118.58315,2025-12-08,531,N21,n,2.0NRT,4.82,D,0.39,0.36,,,,,,firms,VIIRS,VIIRS_NOAA21_NRT
-4.07199,119.82018,2025-12-08,533,N21,n,2.0NRT,3.29,D,0.4,0.37,,,,,,firms,VIIRS,VIIRS_NOAA21_NRT
-3.71856,119.71049,2025-12-08,533,N21,n,2.0NRT,3.8,D,0.4,0.37,,,,,,firms,VIIRS,VIIRS_NOAA21_NRT
-3.50424,121.43548,2025-12-08,533,N21,n,2.0NRT,13.63,D,0.45,0.39,,,,,,firms,VIIRS,VIIRS_NOAA21_NRT
-3.50068,121.43491,2025-12-08,533,N21,n,2.0NRT,11.85,D,0.45,0.39,,,,,,firms,VIIRS,VIIRS_NOAA21_NRT
-3.49687,121.45918,2025-12-08,533,N21,n,2.0NRT,3.99,D,0.46,0.39,,,,,,firms,VIIRS,VIIRS_NOAA21_NRT
-2.96053,121.38801,2025-12-08,533,N21,n,2.0NRT,10.26,D,0.46,0.39,,,,,,firms,VIIRS,VIIRS_NOAA21_NRT
-2.9592,121.34982,2025-12-08,533,N21,n,2.0NRT,7.42,D,0.46,0.39,,,,,,firms,VIIRS,VIIRS_NOAA21_NRT
-2.93885,121.4559,2025-12-08,533,N21,n,2.0NRT,31.42,D,0.46,0.39,,,,,,firms,VIIRS,VIIRS_NOAA21_NRT
-2.93524,121.45549,2025-12-08,533,N21,n,2.0NRT,31.42,D,0.46,0.39,,,,,,firms,VIIRS,VIIRS_NOAA21_NRT
-2.93067,119.50144,2025-12-08,533,N21,n,2.0NRT,4.94,D,0.39,0.37,,,,,,firms,VIIRS,VIIRS_NOAA21_NRT
-2.78085,120.31203,2025-12-08,533,N21,n,2.0NRT,5.01,D,0.42,0.37,,,,,,firms,VIIRS,VIIRS_NOAA21_NRT
-2.55237,120.44925,2025-12-08,533,N21,n,2.0NRT,1.53,D,0.42,0.38,,,,,,firms,VIIRS,VIIRS_NOAA21_NRT
-2.53462,120.29282,2025-12-08,533,N21,n,2.0NRT,4.72,D,0.42,0.37,,,,,,firms,VIIRS,VIIRS_NOAA21_NRT
-1.69594,119.45596,2025-12-08,533,N21,n,2.0NRT,5.17,D,0.4,0.37,,,,,,firms,VIIRS,VIIRS_NOAA21_NRT
-1.69544,119.48136,2025-12-08,533,N21,n,2.0NRT,8.88,D,0.4,0.37,,,,,,firms,VIIRS,VIIRS_NOAA21_NRT
-1.69208,119.48087,2025-12-08,533,N21,n,2.0NRT,8.88,D,0.4,0.37,,,,,,firms,VIIRS,VIIRS_NOAA21_NRT
-1.55372,120.32863,2025-12-08,533,N21,n,2.0NRT,4.39,D,0.43,0.38,,,,,,firms,VIIRS,VIIRS_NOAA21_NRT
-1.49229,120.66215,2025-12-08,533,N21,n,2.0NRT,3.43,D,0.44,0.38,,,,,,firms,VIIRS,VIIRS_NOAA21_NRT
0.56045,120.41285,2025-12-08,533,N21,n,2.0NRT,2.71,D,0.45,0.39,,,,,,firms,VIIRS,VIIRS_NOAA21_NRT
1.49657,127.63699,2025-12-08,533,N21,n,2.0NRT,3.61,D,0.45,0.63,,,,,,firms,VIIRS,VIIRS_NOAA21_NRT
3.57058,117.19946,2025-12-08,535,N21,n,2.0NRT,2.18,D,0.38,0.36,,,,,,firms,VIIRS,VIIRS_NOAA21_NRT
5.44196,117.85403,2025-12-08,535,N21,n,2.0NRT,1.45,D,0.4,0.37,,,,,,firms,VIIRS,VIIRS_NOAA21_NRT
5.97429,124.99172,2025-12-08,535,N21,n,2.0NRT,2.88,D,0.35,0.56,,,,,,firms,VIIRS,VIIRS_NOAA21_NRT
-1.81658,136.75189,2025-12-08,1634,N21,n,2.0NRT,4.64,N,0.54,0.42,,,,,,firms,VIIRS,VIIRS_NOAA21_NRT
-1.81584,136.74702,2025-12-08,1634,N21,n,2.0NRT,4.64,N,0.54,0.42,,,,,,firms,VIIRS,VIIRS_NOAA21_NRT
-1.46,127.43853,2025-12-08,1634,N21,n,2.0NRT,1.87,N,0.39,0.44,,,,,,firms,VIIRS,VIIRS_NOAA21_NRT
-1.45939,127.43476,2025-12-08,1634,N21,n,2.0NRT,1.87,N,0.39,0.44,,,,,,firms,VIIRS,VIIRS_NOAA21_NRT
-1.45596,127.43905,2025-12-08,1634,N21,n,2.0NRT,2.09,N,0.39,0.44,,,,,,firms,VIIRS,VIIRS_NOAA21_NRT
-1.45535,127.43528,2025-12-08,1634,N21,n,2.0NRT,2.09,N,0.39,0.44,,,,,,firms,VIIRS,VIIRS_NOAA21_NRT
-1.38164,122.47945,2025-12-08,1634,N21,n,2.0NRT,0.97,N,0.43,0.62,,,,,,firms,VIIRS,VIIRS_NOAA21_NRT
-1.37908,122.47998,2025-12-08,1634,N21,n,2.0NRT,0.74,N,0.43,0.62,,,,,,firms,VIIRS,VIIRS_NOAA21_NRT
-1.25183,122.59251,2025-12-08,1634,N21,n,2.0NRT,2.96,N,0.42,0.61,,,,,,firms,VIIRS,VIIRS_NOAA21_NRT
-1.25125,122.58893,2025-12-08,1634,N21,n,2.0NRT,2.96,N,0.42,0.61,,,,,,firms,VIIRS,VIIRS_NOAA21_NRT
0.48003,128.00191,2025-12-08,1634,N21,n,2.0NRT,1.39,N,0.39,0.44,,,,,,firms,VIIRS,VIIRS_NOAA21_NRT
0.48056,127.99852,2025-12-08,1634,N21,n,2.0NRT,1.39,N,0.39,0.44,,,,,,firms,VIIRS,VIIRS_NOAA21_NRT
0.48344,128.00626,2025-12-08,1634,N21,n,2.0NRT,0.98,N,0.39,0.44,,,,,,firms,VIIRS,VIIRS_NOAA21_NRT
0.48561,127.99226,2025-12-08,1634,N21,n,2.0NRT,3.33,N,0.39,0.44,,,,,,firms,VIIRS,VIIRS_NOAA21_NRT
0.48615,127.98877,2025-12-08,1634,N21,n,2.0NRT,1.94,N,0.39,0.44,,,,,,firms,VIIRS,VIIRS_NOAA21_NRT
0.48668,127.98541,2025-12-08,1634,N21,n,2.0NRT,1.94,N,0.39,0.44,,,,,,firms,VIIRS,VIIRS_NOAA21_NRT
0.48823,127.97537,2025-12-08,1634,N21,n,2.0NRT,1.62,N,0.39,0.44,,,,,,firms,VIIRS,VIIRS_NOAA21_NRT
0.49064,127.98624,2025-12-08,1634,N21,n,2.0NRT,1.94,N,0.39,0.44,,,,,,firms,VIIRS,VIIRS_NOAA21_NRT
0.49116,127.98286,2025-12-08,1634,N21,n,2.0NRT,1.89,N,0.39,0.44,,,,,,firms,VIIRS,VIIRS_NOAA21_NRT
0.50868,127.89652,2025-12-08,1634,N21,n,2.0NRT,1.2,N,0.39,0.44,,,,,,firms,VIIRS,VIIRS_NOAA21_NRT
0.50924,127.89296,2025-12-08,1634,N21,n,2.0NRT,1.23,N,0.39,0.44,,,,,,firms,VIIRS,VIIRS_NOAA21_NRT
0.5127,127.89709,2025-12-08,1634,N21,n,2.0NRT,1.2,N,0.39,0.44,,,,,,firms,VIIRS,VIIRS_NOAA21_NRT
4.14521,105.10829,2025-12-08,1813,N21,n,2.0NRT,1.06,N,0.47,0.39,,,,,,firms,VIIRS,VIIRS_NOAA21_NRT
5.37284,104.89511,2025-12-08,1813,N21,n,2.0NRT,3.66,N,0.49,0.41,,,,,,firms,VIIRS,VIIRS_NOAA21_NRT
5.6483,104.97664,2025-12-08,1813,N21,n,2.0NRT,3.57,N,0.49,0.4,,,,,,firms,VIIRS,VIIRS_NOAA21_NRT
5.82939,100.50875,2025-12-08,1813,N21,n,2.0NRT,0.65,N,0.32,0.55,,,,,,firms,VIIRS,VIIRS_NOAA21_NRT
0.68187,101.11915,2025-12-08,1815,N21,n,2.0NRT,1.05,N,0.49,0.48,,,,,,firms,VIIRS,VIIRS_NOAA21_NRT
0.84749,101.3914,2025-12-08,1815,N21,n,2.0NRT,1.25,N,0.47,0.48,,,,,,firms,VIIRS,VIIRS_NOAA21_NRT
1.37687,104.16042,2025-12-08,1815,N21,n,2.0NRT,1.01,N,0.48,0.4,,,,,,firms,VIIRS,VIIRS_NOAA21_NRT
1.37783,104.15774,2025-12-08,1815,N21,n,2.0NRT,1.07,N,0.48,0.4,,,,,,firms,VIIRS,VIIRS_NOAA21_NRT
1.67323,101.47348,2025-12-08,1815,N21,n,2.0NRT,1.54,N,0.48,0.48,,,,,,firms,VIIRS,VIIRS_NOAA21_NRT
2.26373,102.12609,2025-12-08,1815,N21,n,2.0NRT,1.46,N,0.44,0.46,,,,,,firms,VIIRS,VIIRS_NOAA21_NRT
2.49098,102.93446,2025-12-08,1815,N21,n,2.0NRT,1.32,N,0.39,0.44,,,,,,firms,VIIRS,VIIRS_NOAA21_NRT
-1.81556,136.74986,2025-12-09,334,N21,n,2.0NRT,15.63,D,0.55,0.68,,,,,,firms,VIIRS,VIIRS_NOAA21_NRT
-2.51816,133.05055,2025-12-09,514,N21,n,2.0NRT,7.47,D,0.43,0.62,,,,,,firms,VIIRS,VIIRS_NOAA21_NRT
-1.26874,132.24248,2025-12-09,514,N21,n,2.0NRT,3.82,D,0.4,0.6,,,,,,firms,VIIRS,VIIRS_NOAA21_NRT
0.48143,128.00418,2025-12-09,516,N21,n,2.0NRT,10.91,D,0.43,0.46,,,,,,firms,VIIRS,VIIRS_NOAA21_NRT
0.48324,127.98828,2025-12-09,516,N21,n,2.0NRT,5.54,D,0.43,0.46,,,,,,firms,VIIRS,VIIRS_NOAA21_NRT
0.48384,127.99207,2025-12-09,516,N21,n,2.0NRT,15.33,D,0.43,0.46,,,,,,firms,VIIRS,VIIRS_NOAA21_NRT
0.48405,127.98824,2025-12-09,516,N21,n,2.0NRT,4.18,D,0.43,0.46,,,,,,firms,VIIRS,VIIRS_NOAA21_NRT
0.48462,127.99205,2025-12-09,516,N21,n,2.0NRT,10.44,D,0.43,0.46,,,,,,firms,VIIRS,VIIRS_NOAA21_NRT
0.48743,127.98758,2025-12-09,516,N21,n,2.0NRT,10.37,D,0.43,0.46,,,,,,firms,VIIRS,VIIRS_NOAA21_NRT
0.48764,127.98348,2025-12-09,516,N21,n,2.0NRT,4.18,D,0.43,0.46,,,,,,firms,VIIRS,VIIRS_NOAA21_NRT
0.48823,127.98743,2025-12-09,516,N21,n,2.0NRT,4.18,D,0.43,0.46,,,,,,firms,VIIRS,VIIRS_NOAA21_NRT
0.48973,127.97489,2025-12-09,516,N21,n,2.0NRT,5.74,D,0.43,0.46,,,,,,firms,VIIRS,VIIRS_NOAA21_NRT
0.49063,127.97479,2025-12-09,516,N21,n,2.0NRT,5.38,D,0.43,0.46,,,,,,firms,VIIRS,VIIRS_NOAA21_NRT
0.28654,99.31524,2025-12-09,658,N21,n,2.0NRT,4.23,D,0.43,0.38,,,,,,firms,VIIRS,VIIRS_NOAA21_NRT
1.37734,104.1618,2025-12-09,658,N21,n,2.0NRT,14.79,D,0.57,0.52,,,,,,firms,VIIRS,VIIRS_NOAA21_NRT
5.76009,100.55087,2025-12-09,658,N21,n,2.0NRT,4.01,D,0.57,0.43,,,,,,firms,VIIRS,VIIRS_NOAA21_NRT
-1.81629,136.75061,2025-12-09,1615,N21,n,2.0NRT,6.32,N,0.38,0.36,,,,,,firms,VIIRS,VIIRS_NOAA21_NRT
-1.32724,113.96935,2025-12-09,1756,N21,n,2.0NRT,0.5,N,0.42,0.38,,,,,,firms,VIIRS,VIIRS_NOAA21_NRT
-1.23452,113.37911,2025-12-09,1756,N21,n,2.0NRT,0.51,N,0.4,0.37,,,,,,firms,VIIRS,VIIRS_NOAA21_NRT
-0.29852,111.64103,2025-12-09,1756,N21,n,2.0NRT,0.87,N,0.39,0.36,,,,,,firms,VIIRS,VIIRS_NOAA21_NRT
2.48895,102.9323,2025-12-09,1756,N21,n,2.0NRT,0.98,N,0.41,0.61,,,,,,firms,VIIRS,VIIRS_NOAA21_NRT
2.53257,101.81016,2025-12-09,1756,N21,n,2.0NRT,1.35,N,0.5,0.66,,,,,,firms,VIIRS,VIIRS_NOAA21_NRT
3.27726,113.075,2025-12-09,1756,N21,n,2.0NRT,1.41,N,0.38,0.36,,,,,,firms,VIIRS,VIIRS_NOAA21_NRT
3.2778,113.07157,2025-12-09,1756,N21,n,2.0NRT,1.41,N,0.38,0.36,,,,,,firms,VIIRS,VIIRS_NOAA21_NRT
3.27888,113.0647,2025-12-09,1756,N21,n,2.0NRT,3.97,N,0.38,0.36,,,,,,firms,VIIRS,VIIRS_NOAA21_NRT
3.28278,113.08289,2025-12-09,1756,N21,n,2.0NRT,1.77,N,0.38,0.36,,,,,,firms,VIIRS,VIIRS_NOAA21_NRT
3.28332,113.07946,2025-12-09,1756,N21,n,2.0NRT,1.77,N,0.38,0.36,,,,,,firms,VIIRS,VIIRS_NOAA21_NRT
3.28608,113.0834,2025-12-09,1756,N21,n,2.0NRT,2.55,N,0.38,0.36,,,,,,firms,VIIRS,VIIRS_NOAA21_NRT
3.28938,113.08392,2025-12-09,1756,N21,n,2.0NRT,2.55,N,0.38,0.36,,,,,,firms,VIIRS,VIIRS_NOAA21_NRT
3.30872,113.11152,2025-12-09,1756,N21,n,2.0NRT,1.02,N,0.38,0.36,,,,,,firms,VIIRS,VIIRS_NOAA21_NRT
3.5217,113.31438,2025-12-09,1756,N21,n,2.0NRT,0.97,N,0.39,0.36,,,,,,firms,VIIRS,VIIRS_NOAA21_NRT
3.525,113.31489,2025-12-09,1756,N21,n,2.0NRT,0.97,N,0.39,0.36,,,,,,firms,VIIRS,VIIRS_NOAA21_NRT
3.60544,112.41209,2025-12-09,1756,N21,n,2.0NRT,3.25,N,0.39,0.36,,,,,,firms,VIIRS,VIIRS_NOAA21_NRT
3.62842,112.67664,2025-12-09,1756,N21,n,2.0NRT,1.59,N,0.38,0.36,,,,,,firms,VIIRS,VIIRS_NOAA21_NRT
4.01916,103.34148,2025-12-09,1756,N21,n,2.0NRT,2.6,N,0.41,0.61,,,,,,firms,VIIRS,VIIRS_NOAA21_NRT
-8.12113,112.93433,2025-12-09,1758,N21,n,2.0NRT,5.69,N,0.44,0.38,,,,,,firms,VIIRS,VIIRS_NOAA21_NRT
-8.11682,112.92951,2025-12-09,1758,N21,n,2.0NRT,8.29,N,0.44,0.38,,,,,,firms,VIIRS,VIIRS_NOAA21_NRT
-8.11615,112.92513,2025-12-09,1758,N21,n,2.0NRT,8.29,N,0.44,0.38,,,,,,firms,VIIRS,VIIRS_NOAA21_NRT
-8.11323,112.92945,2025-12-09,1758,N21,n,2.0NRT,23.56,N,0.44,0.38,,,,,,firms,VIIRS,VIIRS_NOAA21_NRT
-8.11257,112.92507,2025-12-09,1758,N21,n,2.0NRT,23.56,N,0.44,0.38,,,,,,firms,VIIRS,VIIRS_NOAA21_NRT
-6.5487,108.09389,2025-12-09,1758,N21,n,2.0NRT,1.84,N,0.44,0.38,,,,,,firms,VIIRS,VIIRS_NOAA21_NRT
-6.09714,106.67052,2025-12-09,1758,N21,n,2.0NRT,1.47,N,0.52,0.41,,,,,,firms,VIIRS,VIIRS_NOAA21_NRT
-6.01143,105.98434,2025-12-09,1758,N21,n,2.0NRT,1.13,N,0.57,0.43,,,,,,firms,VIIRS,VIIRS_NOAA21_NRT
-6.01058,105.97923,2025-12-09,1758,N21,n,2.0NRT,1.13,N,0.57,0.43,,,,,,firms,VIIRS,VIIRS_NOAA21_NRT
-5.89517,107.49406,2025-12-09,1758,N21,n,2.0NRT,1.84,N,0.47,0.4,,,,,,firms,VIIRS,VIIRS_NOAA21_NRT
-3.76322,115.43176,2025-12-09,1758,N21,n,2.0NRT,2.59,N,0.52,0.42,,,,,,firms,VIIRS,VIIRS_NOAA21_NRT
-1.89197,115.86428,2025-12-09,1758,N21,n,2.0NRT,3.2,N,0.52,0.42,,,,,,firms,VIIRS,VIIRS_NOAA21_NRT
-1.4341,113.37423,2025-12-09,1758,N21,n,2.0NRT,0.65,N,0.4,0.37,,,,,,firms,VIIRS,VIIRS_NOAA21_NRT
-1.3004,113.39153,2025-12-09,1758,N21,n,2.0NRT,0.55,N,0.4,0.37,,,,,,firms,VIIRS,VIIRS_NOAA21_NRT
-4.0109,122.38041,2025-12-10,455,N21,n,2.0NRT,3.99,D,0.44,0.46,,,,,,firms,VIIRS,VIIRS_NOAA21_NRT
-3.58815,135.57216,2025-12-10,455,N21,n,2.0NRT,6.35,D,0.58,0.52,,,,,,firms,VIIRS,VIIRS_NOAA21_NRT
-2.01327,121.41988,2025-12-10,455,N21,n,2.0NRT,4.36,D,0.47,0.48,,,,,,firms,VIIRS,VIIRS_NOAA21_NRT
-1.81651,136.74724,2025-12-10,455,N21,n,2.0NRT,6.65,D,0.38,0.58,,,,,,firms,VIIRS,VIIRS_NOAA21_NRT
-1.81598,136.75063,2025-12-10,455,N21,n,2.0NRT,6.35,D,0.38,0.59,,,,,,firms,VIIRS,VIIRS_NOAA21_NRT
-1.23746,121.21805,2025-12-10,455,N21,n,2.0NRT,8.98,D,0.48,0.48,,,,,,firms,VIIRS,VIIRS_NOAA21_NRT
-1.23314,121.21702,2025-12-10,455,N21,n,2.0NRT,8.98,D,0.48,0.48,,,,,,firms,VIIRS,VIIRS_NOAA21_NRT
-0.8908,123.31844,2025-12-10,455,N21,n,2.0NRT,3.47,D,0.52,0.42,,,,,,firms,VIIRS,VIIRS_NOAA21_NRT
0.52089,120.71416,2025-12-10,455,N21,n,2.0NRT,3.17,D,0.48,0.48,,,,,,firms,VIIRS,VIIRS_NOAA21_NRT
0.40185,117.45482,2025-12-10,457,N21,n,2.0NRT,3.79,D,0.41,0.61,,,,,,firms,VIIRS,VIIRS_NOAA21_NRT
1.23562,121.39912,2025-12-10,457,N21,n,2.0NRT,4.22,D,0.42,0.46,,,,,,firms,VIIRS,VIIRS_NOAA21_NRT
4.97939,112.97773,2025-12-10,457,N21,n,2.0NRT,9.09,D,0.71,0.75,,,,,,firms,VIIRS,VIIRS_NOAA21_NRT
5.23278,120.04189,2025-12-10,457,N21,n,2.0NRT,7.04,D,0.45,0.47,,,,,,firms,VIIRS,VIIRS_NOAA21_NRT
5.23603,120.04145,2025-12-10,457,N21,n,2.0NRT,7.55,D,0.45,0.47,,,,,,firms,VIIRS,VIIRS_NOAA21_NRT
-7.18374,111.69074,2025-12-10,635,N21,n,2.0NRT,2.72,D,0.32,0.55,,,,,,firms,VIIRS,VIIRS_NOAA21_NRT
-0.38842,109.66432,2025-12-10,637,N21,n,2.0NRT,10.42,D,0.6,0.53,,,,,,firms,VIIRS,VIIRS_NOAA21_NRT
-0.38759,109.66961,2025-12-10,637,N21,n,2.0NRT,10.42,D,0.6,0.53,,,,,,firms,VIIRS,VIIRS_NOAA21_NRT
-0.00273,110.78278,2025-12-10,637,N21,n,2.0NRT,4.07,D,0.37,0.58,,,,,,firms,VIIRS,VIIRS_NOAA21_NRT
0.21454,109.97138,2025-12-10,637,N21,n,2.0NRT,3.58,D,0.32,0.55,,,,,,firms,VIIRS,VIIRS_NOAA21_NRT
1.80226,103.62625,2025-12-10,637,N21,n,2.0NRT,6.74,D,0.42,0.38,,,,,,firms,VIIRS,VIIRS_NOAA21_NRT
2.78853,102.88696,2025-12-10,637,N21,n,2.0NRT,3.16,D,0.41,0.37,,,,,,firms,VIIRS,VIIRS_NOAA21_NRT
3.20212,103.04526,2025-12-10,637,N21,n,2.0NRT,3.17,D,0.41,0.37,,,,,,firms,VIIRS,VIIRS_NOAA21_NRT
3.27484,113.0748,2025-12-10,637,N21,n,2.0NRT,13.34,D,0.6,0.7,,,,,,firms,VIIRS,VIIRS_NOAA21_NRT
3.2764,113.07386,2025-12-10,637,N21,n,2.0NRT,13.12,D,0.6,0.7,,,,,,firms,VIIRS,VIIRS_NOAA21_NRT
3.28435,113.08374,2025-12-10,637,N21,n,2.0NRT,8.45,D,0.6,0.7,,,,,,firms,VIIRS,VIIRS_NOAA21_NRT
3.6031,112.41108,2025-12-10,637,N21,n,2.0NRT,5.72,D,0.54,0.68,,,,,,firms,VIIRS,VIIRS_NOAA21_NRT
3.60882,112.41128,2025-12-10,637,N21,n,2.0NRT,6.98,D,0.54,0.68,,,,,,firms,VIIRS,VIIRS_NOAA21_NRT
4.97628,112.98138,2025-12-10,637,N21,n,2.0NRT,19.34,D,0.62,0.72,,,,,,firms,VIIRS,VIIRS_NOAA21_NRT
4.97696,112.98382,2025-12-10,637,N21,n,2.0NRT,40.53,D,0.62,0.72,,,,,,firms,VIIRS,VIIRS_NOAA21_NRT
4.97704,112.98694,2025-12-10,637,N21,l,2.0NRT,25.98,D,0.62,0.72,,,,,,firms,VIIRS,VIIRS_NOAA21_NRT
3.39797,97.88979,2025-12-10,639,N21,n,2.0NRT,5.32,D,0.46,0.39,,,,,,firms,VIIRS,VIIRS_NOAA21_NRT
3.40024,97.88091,2025-12-10,639,N21,n,2.0NRT,3.6,D,0.47,0.39,,,,,,firms,VIIRS,VIIRS_NOAA21_NRT
4.86072,100.70028,2025-12-10,639,N21,n,2.0NRT,4.29,D,0.38,0.36,,,,,,firms,VIIRS,VIIRS_NOAA21_NRT
4.8905,100.98371,2025-12-10,639,N21,n,2.0NRT,2.4,D,0.38,0.36,,,,,,firms,VIIRS,VIIRS_NOAA21_NRT
5.41361,101.98797,2025-12-10,639,N21,n,2.0NRT,2.99,D,0.4,0.37,,,,,,firms,VIIRS,VIIRS_NOAA21_NRT
5.76044,100.55047,2025-12-10,639,N21,n,2.0NRT,3.05,D,0.38,0.36,,,,,,firms,VIIRS,VIIRS_NOAA21_NRT
1.49455,127.63629,2025-12-10,1736,N21,n,2.0NRT,3.33,N,0.46,0.64,,,,,,firms,VIIRS,VIIRS_NOAA21_NRT
1.4947,127.63593,2025-12-10,1736,N21,n,2.0NRT,3.48,N,0.46,0.64,,,,,,firms,VIIRS,VIIRS_NOAA21_NRT
5.42814,114.71006,2025-12-10,1736,N21,n,2.0NRT,4.75,N,0.48,0.4,,,,,,firms,VIIRS,VIIRS_NOAA21_NRT
-3.76422,115.43328,2025-12-10,1738,N21,n,2.0NRT,1.08,N,0.39,0.36,,,,,,firms,VIIRS,VIIRS_NOAA21_NRT
-3.76367,115.42982,2025-12-10,1738,N21,n,2.0NRT,1.08,N,0.39,0.36,,,,,,firms,VIIRS,VIIRS_NOAA21_NRT
-2.57799,121.38426,2025-12-10,1738,N21,n,2.0NRT,10.12,N,0.4,0.44,,,,,,firms,VIIRS,VIIRS_NOAA21_NRT
-1.57131,127.43021,2025-12-10,1738,N21,n,2.0NRT,2.05,N,0.5,0.66,,,,,,firms,VIIRS,VIIRS_NOAA21_NRT
-1.45921,127.43613,2025-12-10,1738,N21,n,2.0NRT,0.71,N,0.5,0.66,,,,,,firms,VIIRS,VIIRS_NOAA21_NRT
-1.45677,127.4376,2025-12-10,1738,N21,n,2.0NRT,1.37,N,0.5,0.66,,,,,,firms,VIIRS,VIIRS_NOAA21_NRT
-0.76594,115.77274,2025-12-10,1738,N21,n,2.0NRT,1.2,N,0.39,0.36,,,,,,firms,VIIRS,VIIRS_NOAA21_NRT
2.49127,117.88931,2025-12-10,1738,N21,n,2.0NRT,0.27,N,0.39,0.36,,,,,,firms,VIIRS,VIIRS_NOAA21_NRT
2.90517,112.30984,2025-12-10,1738,N21,n,2.0NRT,0.61,N,0.41,0.45,,,,,,firms,VIIRS,VIIRS_NOAA21_NRT
3.60623,112.41171,2025-12-10,1738,N21,n,2.0NRT,3.55,N,0.41,0.45,,,,,,firms,VIIRS,VIIRS_NOAA21_NRT
-8.11203,112.92496,2025-12-10,1741,N21,n,2.0NRT,0.48,N,0.42,0.38,,,,,,firms,VIIRS,VIIRS_NOAA21_NRT
3.98483,103.37263,2025-12-10,1919,N21,n,2.0NRT,0.61,N,0.5,0.66,,,,,,firms,VIIRS,VIIRS_NOAA21_NRT
3.9871,103.374,2025-12-10,1919,N21,n,2.0NRT,1.34,N,0.5,0.66,,,,,,firms,VIIRS,VIIRS_NOAA21_NRT
4.02311,103.34361,2025-12-10,1919,N21,n,2.0NRT,1.3,N,0.5,0.66,,,,,,firms,VIIRS,VIIRS_NOAA21_NRT
4.14596,105.10768,2025-12-10,1919,N21,n,2.0NRT,4.49,N,0.66,0.73,,,,,,firms,VIIRS,VIIRS_NOAA21_NRT
4.55279,103.45838,2025-12-10,1919,N21,n,2.0NRT,2.52,N,0.5,0.66,,,,,,firms,VIIRS,VIIRS_NOAA21_NRT
4.57064,103.46171,2025-12-10,1919,N21,n,2.0NRT,2.37,N,0.5,0.66,,,,,,firms,VIIRS,VIIRS_NOAA21_NRT
4.57139,103.45731,2025-12-10,1919,N21,n,2.0NRT,2.3,N,0.5,0.66,,,,,,firms,VIIRS,VIIRS_NOAA21_NRT
-3.93762,136.47993,2025-12-11,436,N21,n,2.0NRT,3.05,D,0.49,0.4,,,,,,firms,VIIRS,VIIRS_NOAA21_NRT
-3.87294,136.41154,2025-12-11,436,N21,n,2.0NRT,5.48,D,0.49,0.4,,,,,,firms,VIIRS,VIIRS_NOAA21_NRT
-3.83463,136.37105,2025-12-11,436,N21,n,2.0NRT,6.31,D,0.49,0.4,,,,,,firms,VIIRS,VIIRS_NOAA21_NRT
-3.64861,136.69289,2025-12-11,436,N21,n,2.0NRT,3.77,D,0.51,0.41,,,,,,firms,VIIRS,VIIRS_NOAA21_NRT
-3.63955,136.70155,2025-12-11,436,N21,n,2.0NRT,11.01,D,0.51,0.41,,,,,,firms,VIIRS,VIIRS_NOAA21_NRT
-3.51558,128.58211,2025-12-11,436,N21,n,2.0NRT,5.12,D,0.52,0.42,,,,,,firms,VIIRS,VIIRS_NOAA21_NRT
-3.50141,128.59869,2025-12-11,436,N21,n,2.0NRT,3.91,D,0.52,0.42,,,,,,firms,VIIRS,VIIRS_NOAA21_NRT
-1.21216,121.56305,2025-12-11,438,N21,n,2.0NRT,5.76,D,0.48,0.65,,,,,,firms,VIIRS,VIIRS_NOAA21_NRT
0.53608,122.4732,2025-12-11,438,N21,n,2.0NRT,7.89,D,0.39,0.59,,,,,,firms,VIIRS,VIIRS_NOAA21_NRT
1.01466,121.51086,2025-12-11,438,N21,n,2.0NRT,4.33,D,0.45,0.63,,,,,,firms,VIIRS,VIIRS_NOAA21_NRT
1.09533,128.67085,2025-12-11,438,N21,n,2.0NRT,8.24,D,0.46,0.39,,,,,,firms,VIIRS,VIIRS_NOAA21_NRT
-6.15088,107.34879,2025-12-11,618,N21,n,2.0NRT,1.99,D,0.39,0.36,,,,,,firms,VIIRS,VIIRS_NOAA21_NRT
-2.80343,116.36808,2025-12-11,618,N21,n,2.0NRT,6.69,D,0.38,0.59,,,,,,firms,VIIRS,VIIRS_NOAA21_NRT
-2.17668,115.94707,2025-12-11,618,N21,n,2.0NRT,3.9,D,0.36,0.57,,,,,,firms,VIIRS,VIIRS_NOAA21_NRT
-0.298,111.82912,2025-12-11,618,N21,n,2.0NRT,5.95,D,0.4,0.45,,,,,,firms,VIIRS,VIIRS_NOAA21_NRT
0.26808,109.75694,2025-12-11,620,N21,n,2.0NRT,12.1,D,0.47,0.4,,,,,,firms,VIIRS,VIIRS_NOAA21_NRT
0.35171,109.52127,2025-12-11,620,N21,n,2.0NRT,12.78,D,0.46,0.39,,,,,,firms,VIIRS,VIIRS_NOAA21_NRT
0.51703,109.46801,2025-12-11,620,N21,n,2.0NRT,4.17,D,0.46,0.39,,,,,,firms,VIIRS,VIIRS_NOAA21_NRT
0.63186,109.48478,2025-12-11,620,N21,n,2.0NRT,37.65,D,0.46,0.39,,,,,,firms,VIIRS,VIIRS_NOAA21_NRT
0.64529,109.52499,2025-12-11,620,N21,n,2.0NRT,6.96,D,0.46,0.39,,,,,,firms,VIIRS,VIIRS_NOAA21_NRT
2.20925,112.16801,2025-12-11,620,N21,n,2.0NRT,16.83,D,0.46,0.47,,,,,,firms,VIIRS,VIIRS_NOAA21_NRT
2.48975,102.93394,2025-12-11,620,N21,n,2.0NRT,4.2,D,0.46,0.39,,,,,,firms,VIIRS,VIIRS_NOAA21_NRT
3.52193,102.24273,2025-12-11,620,N21,n,2.0NRT,4.94,D,0.49,0.4,,,,,,firms,VIIRS,VIIRS_NOAA21_NRT
3.5863,102.75515,2025-12-11,620,N21,n,2.0NRT,5.82,D,0.46,0.39,,,,,,firms,VIIRS,VIIRS_NOAA21_NRT
3.58694,102.75925,2025-12-11,620,N21,n,2.0NRT,5.82,D,0.46,0.39,,,,,,firms,VIIRS,VIIRS_NOAA21_NRT
-1.45975,127.43777,2025-12-11,1717,N21,n,2.0NRT,2.4,N,0.47,0.47,,,,,,firms,VIIRS,VIIRS_NOAA21_NRT
-1.45919,127.43401,2025-12-11,1717,N21,n,2.0NRT,2.2,N,0.47,0.47,,,,,,firms,VIIRS,VIIRS_NOAA21_NRT
-1.45778,127.43626,2025-12-11,1717,N21,n,2.0NRT,6.42,N,0.46,0.47,,,,,,firms,VIIRS,VIIRS_NOAA21_NRT
0.48536,127.98602,2025-12-11,1717,N21,n,2.0NRT,2.29,N,0.47,0.48,,,,,,firms,VIIRS,VIIRS_NOAA21_NRT
0.48672,127.97721,2025-12-11,1717,N21,n,2.0NRT,2.69,N,0.47,0.48,,,,,,firms,VIIRS,VIIRS_NOAA21_NRT
0.48736,127.97306,2025-12-11,1717,N21,n,2.0NRT,1.6,N,0.47,0.48,,,,,,firms,VIIRS,VIIRS_NOAA21_NRT
0.49043,127.98213,2025-12-11,1717,N21,n,2.0NRT,2.05,N,0.47,0.48,,,,,,firms,VIIRS,VIIRS_NOAA21_NRT
0.5083,127.89521,2025-12-11,1717,N21,n,2.0NRT,1.53,N,0.47,0.47,,,,,,firms,VIIRS,VIIRS_NOAA21_NRT
0.51263,127.89595,2025-12-11,1717,N21,n,2.0NRT,0.86,N,0.47,0.47,,,,,,firms,VIIRS,VIIRS_NOAA21_NRT
0.68155,117.55898,2025-12-11,1717,N21,n,2.0NRT,1.41,N,0.53,0.42,,,,,,firms,VIIRS,VIIRS_NOAA21_NRT
0.68612,117.55482,2025-12-11,1717,N21,n,2.0NRT,1.41,N,0.53,0.42,,,,,,firms,VIIRS,VIIRS_NOAA21_NRT
0.69071,117.55061,2025-12-11,1717,N21,n,2.0NRT,2.33,N,0.53,0.42,,,,,,firms,VIIRS,VIIRS_NOAA21_NRT
1.49239,127.63866,2025-12-11,1717,N21,n,2.0NRT,1.05,N,0.43,0.46,,,,,,firms,VIIRS,VIIRS_NOAA21_NRT
1.49303,127.6346,2025-12-11,1717,N21,n,2.0NRT,2.8,N,0.43,0.46,,,,,,firms,VIIRS,VIIRS_NOAA21_NRT
1.49654,127.63966,2025-12-11,1717,N21,n,2.0NRT,1.05,N,0.43,0.46,,,,,,firms,VIIRS,VIIRS_NOAA21_NRT
1.6975,127.87769,2025-12-11,1717,N21,n,2.0NRT,0.89,N,0.45,0.47,,,,,,firms,VIIRS,VIIRS_NOAA21_NRT
1.70174,127.87842,2025-12-11,1717,N21,n,2.0NRT,0.89,N,0.45,0.47,,,,,,firms,VIIRS,VIIRS_NOAA21_NRT
3.28919,113.0918,2025-12-11,1717,N21,n,2.0NRT,1.48,N,0.38,0.59,,,,,,firms,VIIRS,VIIRS_NOAA21_NRT
3.2897,113.08829,2025-12-11,1717,N21,n,2.0NRT,1.48,N,0.38,0.59,,,,,,firms,VIIRS,VIIRS_NOAA21_NRT
3.52382,113.31478,2025-12-11,1717,N21,n,2.0NRT,1.72,N,0.37,0.58,,,,,,firms,VIIRS,VIIRS_NOAA21_NRT
3.5243,113.31143,2025-12-11,1717,N21,n,2.0NRT,1.72,N,0.37,0.58,,,,,,firms,VIIRS,VIIRS_NOAA21_NRT
3.52567,113.31297,2025-12-11,1717,N21,n,2.0NRT,2.25,N,0.37,0.58,,,,,,firms,VIIRS,VIIRS_NOAA21_NRT
3.536,113.34367,2025-12-11,1717,N21,n,2.0NRT,1.46,N,0.37,0.58,,,,,,firms,VIIRS,VIIRS_NOAA21_NRT
3.54569,113.35191,2025-12-11,1717,N21,n,2.0NRT,1.39,N,0.37,0.58,,,,,,firms,VIIRS,VIIRS_NOAA21_NRT
3.60339,112.41109,2025-12-11,1717,N21,n,2.0NRT,3.01,N,0.43,0.62,,,,,,firms,VIIRS,VIIRS_NOAA21_NRT
-3.90237,122.41962,2025-12-11,1719,N21,n,2.0NRT,0.81,N,0.41,0.37,,,,,,firms,VIIRS,VIIRS_NOAA21_NRT
-2.57746,121.37994,2025-12-11,1719,N21,n,2.0NRT,9.35,N,0.38,0.36,,,,,,firms,VIIRS,VIIRS_NOAA21_NRT
-1.8978,115.86718,2025-12-11,1719,N21,n,2.0NRT,1.61,N,0.41,0.45,,,,,,firms,VIIRS,VIIRS_NOAA21_NRT
-1.89368,115.86782,2025-12-11,1719,N21,n,2.0NRT,1.61,N,0.41,0.45,,,,,,firms,VIIRS,VIIRS_NOAA21_NRT
-1.8931,115.86414,2025-12-11,1719,N21,n,2.0NRT,1.61,N,0.41,0.45,,,,,,firms,VIIRS,VIIRS_NOAA21_NRT
-1.88898,115.8648,2025-12-11,1719,N21,n,2.0NRT,1.35,N,0.41,0.45,,,,,,firms,VIIRS,VIIRS_NOAA21_NRT
-1.57383,127.42844,2025-12-11,1719,N21,n,2.0NRT,1.01,N,0.47,0.47,,,,,,firms,VIIRS,VIIRS_NOAA21_NRT
-1.57096,127.4297,2025-12-11,1719,N21,n,2.0NRT,1.33,N,0.47,0.47,,,,,,firms,VIIRS,VIIRS_NOAA21_NRT
-1.56947,127.42902,2025-12-11,1719,N21,n,2.0NRT,2.5,N,0.47,0.47,,,,,,firms,VIIRS,VIIRS_NOAA21_NRT
-1.56662,127.43039,2025-12-11,1719,N21,n,2.0NRT,1.33,N,0.47,0.47,,,,,,firms,VIIRS,VIIRS_NOAA21_NRT
-1.56452,127.42581,2025-12-11,1719,N21,n,2.0NRT,1.31,N,0.47,0.47,,,,,,firms,VIIRS,VIIRS_NOAA21_NRT
-1.38218,122.48062,2025-12-11,1719,N21,n,2.0NRT,0.87,N,0.39,0.37,,,,,,firms,VIIRS,VIIRS_NOAA21_NRT
-1.2475,116.81104,2025-12-11,1719,N21,n,2.0NRT,2.94,N,0.55,0.43,,,,,,firms,VIIRS,VIIRS_NOAA21_NRT
-0.70907,117.06319,2025-12-11,1719,N21,n,2.0NRT,4.09,N,0.54,0.42,,,,,,firms,VIIRS,VIIRS_NOAA21_NRT
-0.70804,117.06566,2025-12-11,1719,N21,n,2.0NRT,1.79,N,0.54,0.42,,,,,,firms,VIIRS,VIIRS_NOAA21_NRT
-9.8233,130.27238,2025-12-11,1721,N21,h,2.0NRT,24.48,N,0.48,0.65,,,,,,firms,VIIRS,VIIRS_NOAA21_NRT
-9.82218,130.26366,2025-12-11,1721,N21,n,2.0NRT,2.77,N,0.48,0.65,,,,,,firms,VIIRS,VIIRS_NOAA21_NRT
-9.82118,130.27437,2025-12-11,1721,N21,n,2.0NRT,14.49,N,0.48,0.65,,,,,,firms,VIIRS,VIIRS_NOAA21_NRT
-9.82064,130.26999,2025-12-11,1721,N21,n,2.0NRT,14.49,N,0.48,0.65,,,,,,firms,VIIRS,VIIRS_NOAA21_NRT
-9.82011,130.26559,2025-12-11,1721,N21,n,2.0NRT,1.58,N,0.48,0.65,,,,,,firms,VIIRS,VIIRS_NOAA21_NRT
-9.81958,130.26123,2025-12-11,1721,N21,n,2.0NRT,1.58,N,0.48,0.65,,,,,,firms,VIIRS,VIIRS_NOAA21_NRT
-8.92421,116.76214,2025-12-11,1721,N21,n,2.0NRT,0.62,N,0.45,0.39,,,,,,firms,VIIRS,VIIRS_NOAA21_NRT
1.37504,104.16234,2025-12-11,1900,N21,n,2.0NRT,2.89,N,0.59,0.53,,,,,,firms,VIIRS,VIIRS_NOAA21_NRT
1.67251,101.47552,2025-12-11,1900,N21,n,2.0NRT,0.71,N,0.38,0.43,,,,,,firms,VIIRS,VIIRS_NOAA21_NRT
1.97257,101.40971,2025-12-11,1900,N21,n,2.0NRT,1.07,N,0.56,0.43,,,,,,firms,VIIRS,VIIRS_NOAA21_NRT
-9.82258,130.26456,2025-12-12,416,N21,n,2.0NRT,5.4,D,0.34,0.56,,,,,,firms,VIIRS,VIIRS_NOAA21_NRT
-9.82216,130.26765,2025-12-12,416,N21,n,2.0NRT,6.47,D,0.34,0.56,,,,,,firms,VIIRS,VIIRS_NOAA21_NRT
-7.01333,107.74819,2025-12-12,559,N21,n,2.0NRT,3.07,D,0.4,0.44,,,,,,firms,VIIRS,VIIRS_NOAA21_NRT
-7.01126,107.64832,2025-12-12,559,N21,n,2.0NRT,2.76,D,0.41,0.45,,,,,,firms,VIIRS,VIIRS_NOAA21_NRT
-7.00627,107.73988,2025-12-12,559,N21,n,2.0NRT,6.5,D,0.4,0.44,,,,,,firms,VIIRS,VIIRS_NOAA21_NRT
-6.98705,107.55522,2025-12-12,559,N21,n,2.0NRT,8.3,D,0.41,0.45,,,,,,firms,VIIRS,VIIRS_NOAA21_NRT
-6.97188,107.69094,2025-12-12,559,N21,n,2.0NRT,2.09,D,0.4,0.44,,,,,,firms,VIIRS,VIIRS_NOAA21_NRT
-6.97103,107.60921,2025-12-12,559,N21,n,2.0NRT,4.95,D,0.41,0.45,,,,,,firms,VIIRS,VIIRS_NOAA21_NRT
-6.97051,107.61287,2025-12-12,559,N21,n,2.0NRT,4.95,D,0.41,0.45,,,,,,firms,VIIRS,VIIRS_NOAA21_NRT
-6.9659,107.61599,2025-12-12,559,N21,n,2.0NRT,5.19,D,0.41,0.45,,,,,,firms,VIIRS,VIIRS_NOAA21_NRT
-6.93324,107.70036,2025-12-12,559,N21,n,2.0NRT,4.07,D,0.4,0.44,,,,,,firms,VIIRS,VIIRS_NOAA21_NRT
-6.90927,107.5479,2025-12-12,559,N21,n,2.0NRT,5.53,D,0.41,0.45,,,,,,firms,VIIRS,VIIRS_NOAA21_NRT
-6.86633,107.49643,2025-12-12,559,N21,n,2.0NRT,7.72,D,0.41,0.45,,,,,,firms,VIIRS,VIIRS_NOAA21_NRT
-2.01051,124.34948,2025-12-12,559,N21,n,2.0NRT,15.56,D,0.65,0.73,,,,,,firms,VIIRS,VIIRS_NOAA21_NRT
0.83449,109.15975,2025-12-12,559,N21,n,2.0NRT,17.45,D,0.42,0.37,,,,,,firms,VIIRS,VIIRS_NOAA21_NRT
-1.88082,115.94537,2025-12-12,601,N21,n,2.0NRT,4.24,D,0.53,0.42,,,,,,firms,VIIRS,VIIRS_NOAA21_NRT
-1.3866,121.57896,2025-12-12,601,N21,n,2.0NRT,3.3,D,0.43,0.62,,,,,,firms,VIIRS,VIIRS_NOAA21_NRT
3.60586,112.41193,2025-12-12,601,N21,n,2.0NRT,2.84,D,0.41,0.37,,,,,,firms,VIIRS,VIIRS_NOAA21_NRT
4.97745,112.98301,2025-12-12,601,N21,n,2.0NRT,15.84,D,0.45,0.39,,,,,,firms,VIIRS,VIIRS_NOAA21_NRT
-0.71107,117.06416,2025-12-12,1700,N21,n,2.0NRT,1.72,N,0.38,0.58,,,,,,firms,VIIRS,VIIRS_NOAA21_NRT
-0.70789,117.06495,2025-12-12,1700,N21,n,2.0NRT,1.84,N,0.38,0.58,,,,,,firms,VIIRS,VIIRS_NOAA21_NRT
-0.70736,117.06158,2025-12-12,1700,N21,n,2.0NRT,1.62,N,0.38,0.59,,,,,,firms,VIIRS,VIIRS_NOAA21_NRT
0.50899,127.89388,2025-12-12,1700,N21,n,2.0NRT,1.34,N,0.4,0.37,,,,,,firms,VIIRS,VIIRS_NOAA21_NRT
0.5118,127.89798,2025-12-12,1700,N21,n,2.0NRT,1.34,N,0.4,0.37,,,,,,firms,VIIRS,VIIRS_NOAA21_NRT
0.51236,127.89442,2025-12-12,1700,N21,n,2.0NRT,1.34,N,0.4,0.37,,,,,,firms,VIIRS,VIIRS_NOAA21_NRT
1.49501,127.63468,2025-12-12,1700,N21,n,2.0NRT,4.44,N,0.39,0.36,,,,,,firms,VIIRS,VIIRS_NOAA21_NRT
1.49556,127.63121,2025-12-12,1700,N21,n,2.0NRT,1.91,N,0.39,0.36,,,,,,firms,VIIRS,VIIRS_NOAA21_NRT
-8.11995,112.93355,2025-12-12,1702,N21,n,2.0NRT,3.66,N,0.55,0.68,,,,,,firms,VIIRS,VIIRS_NOAA21_NRT
-8.11948,112.93102,2025-12-12,1702,N21,n,2.0NRT,3.36,N,0.55,0.68,,,,,,firms,VIIRS,VIIRS_NOAA21_NRT
-8.11219,112.92625,2025-12-12,1702,N21,n,2.0NRT,17.41,N,0.55,0.68,,,,,,firms,VIIRS,VIIRS_NOAA21_NRT
-8.11144,112.92226,2025-12-12,1702,N21,n,2.0NRT,22.11,N,0.55,0.68,,,,,,firms,VIIRS,VIIRS_NOAA21_NRT
3.60265,112.41372,2025-12-12,1840,N21,n,2.0NRT,3.49,N,0.47,0.64,,,,,,firms,VIIRS,VIIRS_NOAA21_NRT
3.60336,112.40953,2025-12-12,1840,N21,n,2.0NRT,3.39,N,0.47,0.64,,,,,,firms,VIIRS,VIIRS_NOAA21_NRT
4.02176,103.34262,2025-12-12,1840,N21,n,2.0NRT,0.56,N,0.4,0.37,,,,,,firms,VIIRS,VIIRS_NOAA21_NRT
4.14302,105.10801,2025-12-12,1840,N21,n,2.0NRT,3.98,N,0.46,0.39,,,,,,firms,VIIRS,VIIRS_NOAA21_NRT
4.5551,103.45598,2025-12-12,1840,N21,n,2.0NRT,3.37,N,0.4,0.37,,,,,,firms,VIIRS,VIIRS_NOAA21_NRT
4.57695,103.44844,2025-12-12,1840,N21,n,2.0NRT,0.73,N,0.4,0.37,,,,,,firms,VIIRS,VIIRS_NOAA21_NRT
4.66773,114.46536,2025-12-12,1840,N21,n,2.0NRT,1.54,N,0.63,0.72,,,,,,firms,VIIRS,VIIRS_NOAA21_NRT
4.97755,112.98947,2025-12-12,1840,N21,n,2.0NRT,6.36,N,0.49,0.65,,,,,,firms,VIIRS,VIIRS_NOAA21_NRT
4.97832,112.98512,2025-12-12,1840,N21,h,2.0NRT,8.31,N,0.49,0.65,,,,,,firms,VIIRS,VIIRS_NOAA21_NRT
4.97909,112.98077,2025-12-12,1840,N21,n,2.0NRT,8.31,N,0.49,0.65,,,,,,firms,VIIRS,VIIRS_NOAA21_NRT
4.98039,112.98678,2025-12-12,1840,N21,h,2.0NRT,8.86,N,0.49,0.65,,,,,,firms,VIIRS,VIIRS_NOAA21_NRT
4.98113,112.98242,2025-12-12,1840,N21,n,2.0NRT,8.86,N,0.49,0.65,,,,,,firms,VIIRS,VIIRS_NOAA21_NRT
5.37142,104.89616,2025-12-12,1840,N21,n,2.0NRT,1.43,N,0.44,0.38,,,,,,firms,VIIRS,VIIRS_NOAA21_NRT
5.42635,114.71051,2025-12-12,1840,N21,n,2.0NRT,4.84,N,0.63,0.72,,,,,,firms,VIIRS,VIIRS_NOAA21_NRT
5.4273,114.71135,2025-12-12,1840,N21,n,2.0NRT,7.05,N,0.63,0.72,,,,,,firms,VIIRS,VIIRS_NOAA21_NRT
5.50288,105.20737,2025-12-12,1840,N21,n,2.0NRT,0.82,N,0.45,0.39,,,,,,firms,VIIRS,VIIRS_NOAA21_NRT
-6.54996,108.09355,2025-12-12,1842,N21,n,2.0NRT,1.15,N,0.34,0.56,,,,,,firms,VIIRS,VIIRS_NOAA21_NRT
-3.9269,136.40294,2025-12-13,357,N21,n,2.0NRT,5.89,D,0.45,0.47,,,,,,firms,VIIRS,VIIRS_NOAA21_NRT
-3.9257,136.41086,2025-12-13,357,N21,n,2.0NRT,4.81,D,0.45,0.47,,,,,,firms,VIIRS,VIIRS_NOAA21_NRT
-3.92323,136.39828,2025-12-13,357,N21,n,2.0NRT,5.89,D,0.45,0.47,,,,,,firms,VIIRS,VIIRS_NOAA21_NRT
-3.92264,136.40225,2025-12-13,357,N21,n,2.0NRT,5.89,D,0.45,0.47,,,,,,firms,VIIRS,VIIRS_NOAA21_NRT
-2.5621,140.49184,2025-12-13,357,N21,l,2.0NRT,1.78,D,0.4,0.37,,,,,,firms,VIIRS,VIIRS_NOAA21_NRT
-1.81925,136.75075,2025-12-13,359,N21,n,2.0NRT,5.68,D,0.4,0.44,,,,,,firms,VIIRS,VIIRS_NOAA21_NRT
-1.81515,136.75044,2025-12-13,359,N21,n,2.0NRT,4.61,D,0.4,0.44,,,,,,firms,VIIRS,VIIRS_NOAA21_NRT
-8.24212,116.28531,2025-12-13,537,N21,n,2.0NRT,3.11,D,0.41,0.37,,,,,,firms,VIIRS,VIIRS_NOAA21_NRT
-4.93083,122.37263,2025-12-13,540,N21,n,2.0NRT,4.09,D,0.4,0.44,,,,,,firms,VIIRS,VIIRS_NOAA21_NRT
-4.50494,122.05399,2025-12-13,540,N21,n,2.0NRT,4.13,D,0.39,0.44,,,,,,firms,VIIRS,VIIRS_NOAA21_NRT
-4.41469,121.9379,2025-12-13,540,N21,n,2.0NRT,10.85,D,0.39,0.44,,,,,,firms,VIIRS,VIIRS_NOAA21_NRT
-4.41316,121.93749,2025-12-13,540,N21,n,2.0NRT,5.38,D,0.39,0.44,,,,,,firms,VIIRS,VIIRS_NOAA21_NRT
-4.41261,121.94082,2025-12-13,540,N21,n,2.0NRT,5.38,D,0.39,0.44,,,,,,firms,VIIRS,VIIRS_NOAA21_NRT
-4.40479,122.63595,2025-12-13,540,N21,n,2.0NRT,3.55,D,0.43,0.46,,,,,,firms,VIIRS,VIIRS_NOAA21_NRT
-4.19385,122.25395,2025-12-13,540,N21,n,2.0NRT,8.94,D,0.41,0.45,,,,,,firms,VIIRS,VIIRS_NOAA21_NRT
-4.0687,121.911,2025-12-13,540,N21,n,2.0NRT,6.19,D,0.39,0.44,,,,,,firms,VIIRS,VIIRS_NOAA21_NRT
-3.90374,122.4171,2025-12-13,540,N21,n,2.0NRT,8.08,D,0.42,0.45,,,,,,firms,VIIRS,VIIRS_NOAA21_NRT
-3.90146,122.41639,2025-12-13,540,N21,n,2.0NRT,8.54,D,0.42,0.45,,,,,,firms,VIIRS,VIIRS_NOAA21_NRT
-3.86955,122.40353,2025-12-13,540,N21,n,2.0NRT,9.37,D,0.42,0.45,,,,,,firms,VIIRS,VIIRS_NOAA21_NRT
-2.96423,113.12062,2025-12-13,540,N21,n,2.0NRT,4.63,D,0.49,0.4,,,,,,firms,VIIRS,VIIRS_NOAA21_NRT
3.6073,112.41193,2025-12-13,542,N21,n,2.0NRT,3.59,D,0.45,0.39,,,,,,firms,VIIRS,VIIRS_NOAA21_NRT
4.14663,105.10623,2025-12-13,542,N21,n,2.0NRT,3.02,D,0.43,0.62,,,,,,firms,VIIRS,VIIRS_NOAA21_NRT
4.61609,114.34199,2025-12-13,542,N21,n,2.0NRT,3.14,D,0.39,0.36,,,,,,firms,VIIRS,VIIRS_NOAA21_NRT
4.78836,115.71286,2025-12-13,542,N21,n,2.0NRT,3.09,D,0.39,0.36,,,,,,firms,VIIRS,VIIRS_NOAA21_NRT
4.97918,112.98122,2025-12-13,542,N21,n,2.0NRT,16.38,D,0.42,0.37,,,,,,firms,VIIRS,VIIRS_NOAA21_NRT
5.42789,114.71058,2025-12-13,542,N21,n,2.0NRT,2.38,D,0.38,0.36,,,,,,firms,VIIRS,VIIRS_NOAA21_NRT
-1.81564,136.74905,2025-12-13,1639,N21,n,2.0NRT,3.09,N,0.46,0.47,,,,,,firms,VIIRS,VIIRS_NOAA21_NRT
0.48009,127.99012,2025-12-13,1639,N21,n,2.0NRT,3.12,N,0.47,0.4,,,,,,firms,VIIRS,VIIRS_NOAA21_NRT
0.48172,128.00333,2025-12-13,1639,N21,n,2.0NRT,2.95,N,0.47,0.4,,,,,,firms,VIIRS,VIIRS_NOAA21_NRT
0.48238,127.99917,2025-12-13,1639,N21,n,2.0NRT,2.95,N,0.47,0.4,,,,,,firms,VIIRS,VIIRS_NOAA21_NRT
0.48305,127.99493,2025-12-13,1639,N21,n,2.0NRT,1.49,N,0.47,0.4,,,,,,firms,VIIRS,VIIRS_NOAA21_NRT
0.48372,127.9907,2025-12-13,1639,N21,n,2.0NRT,1.49,N,0.47,0.4,,,,,,firms,VIIRS,VIIRS_NOAA21_NRT
0.48864,127.98305,2025-12-13,1639,N21,n,2.0NRT,1.17,N,0.47,0.4,,,,,,firms,VIIRS,VIIRS_NOAA21_NRT
0.50992,127.8955,2025-12-13,1639,N21,n,2.0NRT,2.87,N,0.48,0.4,,,,,,firms,VIIRS,VIIRS_NOAA21_NRT
1.49508,127.63152,2025-12-13,1639,N21,n,2.0NRT,6.18,N,0.5,0.41,,,,,,firms,VIIRS,VIIRS_NOAA21_NRT
1.5146,127.93924,2025-12-13,1639,N21,n,2.0NRT,2.27,N,0.49,0.4,,,,,,firms,VIIRS,VIIRS_NOAA21_NRT
-3.84101,115.25426,2025-12-13,1821,N21,n,2.0NRT,0.96,N,0.46,0.63,,,,,,firms,VIIRS,VIIRS_NOAA21_NRT
-1.48265,114.58053,2025-12-13,1821,N21,n,2.0NRT,0.35,N,0.38,0.58,,,,,,firms,VIIRS,VIIRS_NOAA21_NRT
-1.47911,114.58016,2025-12-13,1821,N21,n,2.0NRT,0.52,N,0.38,0.58,,,,,,firms,VIIRS,VIIRS_NOAA21_NRT
0.67586,117.56463,2025-12-13,1821,N21,n,2.0NRT,2.25,N,0.56,0.69,,,,,,firms,VIIRS,VIIRS_NOAA21_NRT
0.6829,117.56084,2025-12-13,1821,N21,n,2.0NRT,2.6,N,0.56,0.69,,,,,,firms,VIIRS,VIIRS_NOAA21_NRT
4.14481,105.10797,2025-12-13,1821,N21,n,2.0NRT,3.25,N,0.4,0.37,,,,,,firms,VIIRS,VIIRS_NOAA21_NRT
-7.54528,110.44674,2025-12-13,1823,N21,n,2.0NRT,1.49,N,0.48,0.48,,,,,,firms,VIIRS,VIIRS_NOAA21_NRT
-7.54508,110.44512,2025-12-13,1823,N21,n,2.0NRT,2.11,N,0.48,0.48,,,,,,firms,VIIRS,VIIRS_NOAA21_NRT
-7.54477,110.44318,2025-12-13,1823,N21,n,2.0NRT,1.49,N,0.48,0.48,,,,,,firms,VIIRS,VIIRS_NOAA21_NRT
-6.22751,106.57458,2025-12-13,1823,N21,n,2.0NRT,0.47,N,0.42,0.38,,,,,,firms,VIIRS,VIIRS_NOAA21_NRT
-6.18128,106.91968,2025-12-13,1823,N21,n,2.0NRT,0.7,N,0.44,0.38,,,,,,firms,VIIRS,VIIRS_NOAA21_NRT
-6.09926,106.67117,2025-12-13,1823,N21,n,2.0NRT,6.35,N,0.42,0.38,,,,,,firms,VIIRS,VIIRS_NOAA21_NRT
-5.89549,107.49623,2025-12-13,1823,N21,n,2.0NRT,2.63,N,0.46,0.39,,,,,,firms,VIIRS,VIIRS_NOAA21_NRT
-3.9859,138.87447,2025-12-14,340,N21,n,2.0NRT,1.95,D,0.33,0.55,,,,,,firms,VIIRS,VIIRS_NOAA21_NRT
-4.49658,121.81934,2025-12-14,520,N21,n,2.0NRT,4.34,D,0.38,0.36,,,,,,firms,VIIRS,VIIRS_NOAA21_NRT
-4.49606,121.82279,2025-12-14,520,N21,n,2.0NRT,3.78,D,0.38,0.36,,,,,,firms,VIIRS,VIIRS_NOAA21_NRT
-4.4098,121.69649,2025-12-14,520,N21,n,2.0NRT,10.28,D,0.38,0.36,,,,,,firms,VIIRS,VIIRS_NOAA21_NRT
-4.40933,121.94222,2025-12-14,520,N21,n,2.0NRT,5.39,D,0.38,0.36,,,,,,firms,VIIRS,VIIRS_NOAA21_NRT
-4.12002,121.83743,2025-12-14,520,N21,n,2.0NRT,11.03,D,0.38,0.36,,,,,,firms,VIIRS,VIIRS_NOAA21_NRT
-3.8723,122.40797,2025-12-14,520,N21,n,2.0NRT,10.88,D,0.39,0.36,,,,,,firms,VIIRS,VIIRS_NOAA21_NRT
-2.93579,119.52966,2025-12-14,522,N21,n,2.0NRT,3.29,D,0.41,0.37,,,,,,firms,VIIRS,VIIRS_NOAA21_NRT
-1.38221,122.4801,2025-12-14,522,N21,n,2.0NRT,1.92,D,0.4,0.37,,,,,,firms,VIIRS,VIIRS_NOAA21_NRT
-1.35752,121.72765,2025-12-14,522,N21,n,2.0NRT,1.83,D,0.39,0.36,,,,,,firms,VIIRS,VIIRS_NOAA21_NRT
-1.3311,121.72369,2025-12-14,522,N21,n,2.0NRT,7.99,D,0.39,0.36,,,,,,firms,VIIRS,VIIRS_NOAA21_NRT
-1.21625,121.56505,2025-12-14,522,N21,n,2.0NRT,1.78,D,0.39,0.36,,,,,,firms,VIIRS,VIIRS_NOAA21_NRT
-1.14641,121.59652,2025-12-14,522,N21,n,2.0NRT,4.08,D,0.39,0.36,,,,,,firms,VIIRS,VIIRS_NOAA21_NRT
-1.14055,121.54655,2025-12-14,522,N21,n,2.0NRT,4.11,D,0.39,0.36,,,,,,firms,VIIRS,VIIRS_NOAA21_NRT
-0.90508,121.61835,2025-12-14,522,N21,n,2.0NRT,5.12,D,0.39,0.36,,,,,,firms,VIIRS,VIIRS_NOAA21_NRT
-0.60333,123.07912,2025-12-14,522,N21,n,2.0NRT,2.81,D,0.42,0.38,,,,,,firms,VIIRS,VIIRS_NOAA21_NRT
0.40042,121.07942,2025-12-14,522,N21,n,2.0NRT,1.58,D,0.38,0.36,,,,,,firms,VIIRS,VIIRS_NOAA21_NRT
0.47957,127.99278,2025-12-14,522,N21,n,2.0NRT,7.95,D,0.56,0.51,,,,,,firms,VIIRS,VIIRS_NOAA21_NRT
0.48032,127.99767,2025-12-14,522,N21,n,2.0NRT,6.56,D,0.56,0.51,,,,,,firms,VIIRS,VIIRS_NOAA21_NRT
0.48107,128.00255,2025-12-14,522,N21,n,2.0NRT,6.56,D,0.56,0.51,,,,,,firms,VIIRS,VIIRS_NOAA21_NRT
0.48424,127.99191,2025-12-14,522,N21,n,2.0NRT,7.95,D,0.56,0.51,,,,,,firms,VIIRS,VIIRS_NOAA21_NRT
0.48814,127.98604,2025-12-14,522,N21,n,2.0NRT,7.48,D,0.56,0.51,,,,,,firms,VIIRS,VIIRS_NOAA21_NRT
3.52383,113.3133,2025-12-14,525,N21,n,2.0NRT,7.0,D,0.51,0.49,,,,,,firms,VIIRS,VIIRS_NOAA21_NRT
3.59361,116.53464,2025-12-14,525,N21,n,2.0NRT,5.07,D,0.48,0.4,,,,,,firms,VIIRS,VIIRS_NOAA21_NRT
3.6067,112.4118,2025-12-14,525,N21,n,2.0NRT,4.74,D,0.59,0.53,,,,,,firms,VIIRS,VIIRS_NOAA21_NRT
4.70722,114.44392,2025-12-14,525,N21,n,2.0NRT,2.06,D,0.41,0.45,,,,,,firms,VIIRS,VIIRS_NOAA21_NRT
4.74108,113.7416,2025-12-14,525,N21,n,2.0NRT,3.21,D,0.46,0.47,,,,,,firms,VIIRS,VIIRS_NOAA21_NRT
4.97812,112.98026,2025-12-14,525,N21,n,2.0NRT,32.37,D,0.51,0.49,,,,,,firms,VIIRS,VIIRS_NOAA21_NRT
5.27891,116.74759,2025-12-14,525,N21,n,2.0NRT,3.87,D,0.45,0.39,,,,,,firms,VIIRS,VIIRS_NOAA21_NRT
-3.51301,102.1656,2025-12-14,703,N21,n,2.0NRT,5.81,D,0.45,0.47,,,,,,firms,VIIRS,VIIRS_NOAA21_NRT
-1.56663,127.42925,2025-12-14,1622,N21,n,2.0NRT,3.19,N,0.64,0.54,,,,,,firms,VIIRS,VIIRS_NOAA21_NRT
-1.56588,127.42469,2025-12-14,1622,N21,n,2.0NRT,1.18,N,0.32,0.54,,,,,,firms,VIIRS,VIIRS_NOAA21_NRT
-1.56089,127.42546,2025-12-14,1622,N21,n,2.0NRT,2.35,N,0.32,0.54,,,,,,firms,VIIRS,VIIRS_NOAA21_NRT
-1.45987,127.43706,2025-12-14,1622,N21,n,2.0NRT,3.29,N,0.32,0.54,,,,,,firms,VIIRS,VIIRS_NOAA21_NRT
-1.45482,127.43749,2025-12-14,1622,N21,n,2.0NRT,3.29,N,0.32,0.54,,,,,,firms,VIIRS,VIIRS_NOAA21_NRT
0.51158,127.89611,2025-12-14,1622,N21,n,2.0NRT,1.17,N,0.32,0.54,,,,,,firms,VIIRS,VIIRS_NOAA21_NRT
0.51204,127.8932,2025-12-14,1622,N21,n,2.0NRT,1.17,N,0.32,0.54,,,,,,firms,VIIRS,VIIRS_NOAA21_NRT
1.4971,127.63029,2025-12-14,1622,N21,n,2.0NRT,3.83,N,0.34,0.56,,,,,,firms,VIIRS,VIIRS_NOAA21_NRT
1.49779,127.62589,2025-12-14,1622,N21,n,2.0NRT,3.83,N,0.35,0.56,,,,,,firms,VIIRS,VIIRS_NOAA21_NRT
1.70036,127.87774,2025-12-14,1622,N21,n,2.0NRT,1.66,N,0.33,0.56,,,,,,firms,VIIRS,VIIRS_NOAA21_NRT
5.42835,114.71035,2025-12-14,1802,N21,n,2.0NRT,4.24,N,0.45,0.39,,,,,,firms,VIIRS,VIIRS_NOAA21_NRT
-1.38136,122.48069,2025-12-14,1804,N21,n,2.0NRT,2.23,N,0.62,0.71,,,,,,firms,VIIRS,VIIRS_NOAA21_NRT
1.37852,104.15824,2025-12-14,1804,N21,n,2.0NRT,1.17,N,0.51,0.49,,,,,,firms,VIIRS,VIIRS_NOAA21_NRT
-8.89563,116.73901,2025-12-14,1806,N21,n,2.0NRT,1.17,N,0.32,0.54,,,,,,firms,VIIRS,VIIRS_NOAA21_NRT
-9.08201,126.00489,2025-12-15,459,N21,l,2.0NRT,2.98,D,0.4,0.37,,,,,,firms,VIIRS,VIIRS_NOAA21_NRT
-2.44117,133.13155,2025-12-15,501,N21,n,2.0NRT,4.77,D,0.53,0.5,,,,,,firms,VIIRS,VIIRS_NOAA21_NRT
-1.76913,135.78343,2025-12-15,501,N21,n,2.0NRT,7.36,D,0.42,0.61,,,,,,firms,VIIRS,VIIRS_NOAA21_NRT
-1.76853,135.7872,2025-12-15,501,N21,n,2.0NRT,7.13,D,0.42,0.61,,,,,,firms,VIIRS,VIIRS_NOAA21_NRT
-1.56893,127.42794,2025-12-15,501,N21,n,2.0NRT,8.39,D,0.4,0.37,,,,,,firms,VIIRS,VIIRS_NOAA21_NRT
-1.56557,127.42744,2025-12-15,501,N21,n,2.0NRT,6.32,D,0.4,0.37,,,,,,firms,VIIRS,VIIRS_NOAA21_NRT
-1.55883,127.42645,2025-12-15,501,N21,n,2.0NRT,4.79,D,0.4,0.37,,,,,,firms,VIIRS,VIIRS_NOAA21_NRT
-1.45868,127.43701,2025-12-15,501,N21,n,2.0NRT,14.64,D,0.4,0.37,,,,,,firms,VIIRS,VIIRS_NOAA21_NRT
-1.45531,127.43656,2025-12-15,501,N21,n,2.0NRT,8.25,D,0.4,0.37,,,,,,firms,VIIRS,VIIRS_NOAA21_NRT
0.80746,116.77532,2025-12-15,503,N21,n,2.0NRT,6.88,D,0.35,0.57,,,,,,firms,VIIRS,VIIRS_NOAA21_NRT
3.2867,113.07804,2025-12-15,503,N21,n,2.0NRT,17.66,D,0.57,0.69,,,,,,firms,VIIRS,VIIRS_NOAA21_NRT
3.28759,113.08315,2025-12-15,503,N21,l,2.0NRT,17.66,D,0.57,0.69,,,,,,firms,VIIRS,VIIRS_NOAA21_NRT
5.9928,125.00198,2025-12-15,503,N21,n,2.0NRT,2.35,D,0.39,0.36,,,,,,firms,VIIRS,VIIRS_NOAA21_NRT
3.60786,112.41124,2025-12-15,644,N21,n,2.0NRT,4.48,D,0.7,0.75,,,,,,firms,VIIRS,VIIRS_NOAA21_NRT
-1.81797,136.74982,2025-12-15,1605,N21,n,2.0NRT,1.91,N,0.48,0.4,,,,,,firms,VIIRS,VIIRS_NOAA21_NRT
-1.46102,127.43543,2025-12-15,1605,N21,n,2.0NRT,2.1,N,0.68,0.74,,,,,,firms,VIIRS,VIIRS_NOAA21_NRT
-1.45413,127.43577,2025-12-15,1605,N21,n,2.0NRT,2.1,N,0.68,0.74,,,,,,firms,VIIRS,VIIRS_NOAA21_NRT
-2.01241,121.41924,2025-12-15,1743,N21,n,2.0NRT,3.12,N,0.5,0.49,,,,,,firms,VIIRS,VIIRS_NOAA21_NRT
-2.00928,121.41669,2025-12-15,1743,N21,n,2.0NRT,2.75,N,0.5,0.49,,,,,,firms,VIIRS,VIIRS_NOAA21_NRT
-2.00791,121.41974,2025-12-15,1743,N21,n,2.0NRT,1.81,N,0.5,0.49,,,,,,firms,VIIRS,VIIRS_NOAA21_NRT
-2.00022,121.42974,2025-12-15,1743,N21,n,2.0NRT,1.84,N,0.5,0.49,,,,,,firms,VIIRS,VIIRS_NOAA21_NRT
-1.99783,121.43152,2025-12-15,1743,N21,n,2.0NRT,1.06,N,0.5,0.49,,,,,,firms,VIIRS,VIIRS_NOAA21_NRT
-1.45673,127.43752,2025-12-15,1743,N21,n,2.0NRT,3.08,N,0.64,0.72,,,,,,firms,VIIRS,VIIRS_NOAA21_NRT
-1.38112,122.48228,2025-12-15,1743,N21,n,2.0NRT,1.53,N,0.58,0.52,,,,,,firms,VIIRS,VIIRS_NOAA21_NRT
0.47891,127.98896,2025-12-15,1743,N21,n,2.0NRT,3.02,N,0.66,0.73,,,,,,firms,VIIRS,VIIRS_NOAA21_NRT
0.48472,127.99533,2025-12-15,1743,N21,n,2.0NRT,2.84,N,0.66,0.73,,,,,,firms,VIIRS,VIIRS_NOAA21_NRT
0.4856,127.98977,2025-12-15,1743,N21,n,2.0NRT,2.84,N,0.66,0.73,,,,,,firms,VIIRS,VIIRS_NOAA21_NRT
0.4866,127.9835,2025-12-15,1743,N21,n,2.0NRT,3.52,N,0.66,0.73,,,,,,firms,VIIRS,VIIRS_NOAA21_NRT
0.67444,117.56625,2025-12-15,1743,N21,n,2.0NRT,1.3,N,0.42,0.38,,,,,,firms,VIIRS,VIIRS_NOAA21_NRT
0.67787,117.56682,2025-12-15,1743,N21,n,2.0NRT,0.56,N,0.42,0.38,,,,,,firms,VIIRS,VIIRS_NOAA21_NRT
0.67847,117.56307,2025-12-15,1743,N21,n,2.0NRT,0.56,N,0.42,0.38,,,,,,firms,VIIRS,VIIRS_NOAA21_NRT
0.6825,117.55985,2025-12-15,1743,N21,n,2.0NRT,1.23,N,0.42,0.38,,,,,,firms,VIIRS,VIIRS_NOAA21_NRT
0.68594,117.56041,2025-12-15,1743,N21,n,2.0NRT,0.54,N,0.42,0.38,,,,,,firms,VIIRS,VIIRS_NOAA21_NRT
0.68653,117.55664,2025-12-15,1743,N21,n,2.0NRT,0.54,N,0.42,0.38,,,,,,firms,VIIRS,VIIRS_NOAA21_NRT
0.69115,117.54971,2025-12-15,1743,N21,n,2.0NRT,2.08,N,0.42,0.38,,,,,,firms,VIIRS,VIIRS_NOAA21_NRT
0.89503,124.08207,2025-12-15,1743,N21,n,2.0NRT,0.58,N,0.34,0.56,,,,,,firms,VIIRS,VIIRS_NOAA21_NRT
-8.2774,123.51624,2025-12-15,1745,N21,n,2.0NRT,3.99,N,0.43,0.62,,,,,,firms,VIIRS,VIIRS_NOAA21_NRT
-8.27136,123.51415,2025-12-15,1745,N21,n,2.0NRT,2.32,N,0.43,0.62,,,,,,firms,VIIRS,VIIRS_NOAA21_NRT
-8.27046,123.50726,2025-12-15,1745,N21,n,2.0NRT,2.32,N,0.43,0.62,,,,,,firms,VIIRS,VIIRS_NOAA21_NRT
-8.11411,112.92389,2025-12-15,1745,N21,n,2.0NRT,17.9,N,0.39,0.36,,,,,,firms,VIIRS,VIIRS_NOAA21_NRT
-7.54223,110.44244,2025-12-15,1745,N21,n,2.0NRT,0.51,N,0.46,0.39,,,,,,firms,VIIRS,VIIRS_NOAA21_NRT
-3.91559,136.45007,2025-12-16,442,N21,n,2.0NRT,3.6,D,0.41,0.45,,,,,,firms,VIIRS,VIIRS_NOAA21_NRT
-3.91332,136.41275,2025-12-16,442,N21,n,2.0NRT,5.4,D,0.4,0.45,,,,,,firms,VIIRS,VIIRS_NOAA21_NRT
-3.88034,136.40788,2025-12-16,442,N21,n,2.0NRT,7.34,D,0.41,0.45,,,,,,firms,VIIRS,VIIRS_NOAA21_NRT
-3.84501,136.44672,2025-12-16,442,N21,n,2.0NRT,5.35,D,0.41,0.45,,,,,,firms,VIIRS,VIIRS_NOAA21_NRT
-3.84498,136.42075,2025-12-16,442,N21,n,2.0NRT,4.44,D,0.41,0.45,,,,,,firms,VIIRS,VIIRS_NOAA21_NRT
-3.8444,136.42438,2025-12-16,442,N21,n,2.0NRT,3.97,D,0.41,0.45,,,,,,firms,VIIRS,VIIRS_NOAA21_NRT
-3.8386,136.43456,2025-12-16,442,N21,n,2.0NRT,7.16,D,0.41,0.45,,,,,,firms,VIIRS,VIIRS_NOAA21_NRT
-3.83745,136.44177,2025-12-16,442,N21,n,2.0NRT,2.66,D,0.41,0.45,,,,,,firms,VIIRS,VIIRS_NOAA21_NRT
-3.81666,136.36411,2025-12-16,442,N21,n,2.0NRT,3.92,D,0.4,0.44,,,,,,firms,VIIRS,VIIRS_NOAA21_NRT
-4.56835,121.98271,2025-12-16,444,N21,n,2.0NRT,11.89,D,0.39,0.59,,,,,,firms,VIIRS,VIIRS_NOAA21_NRT
-4.56786,121.98617,2025-12-16,444,N21,l,2.0NRT,11.89,D,0.39,0.59,,,,,,firms,VIIRS,VIIRS_NOAA21_NRT
-4.56737,121.98961,2025-12-16,444,N21,n,2.0NRT,12.99,D,0.39,0.59,,,,,,firms,VIIRS,VIIRS_NOAA21_NRT
-3.86949,122.40765,2025-12-16,444,N21,n,2.0NRT,3.07,D,0.36,0.57,,,,,,firms,VIIRS,VIIRS_NOAA21_NRT
-1.566,127.42509,2025-12-16,444,N21,n,2.0NRT,5.6,D,0.47,0.4,,,,,,firms,VIIRS,VIIRS_NOAA21_NRT
-1.45945,127.43566,2025-12-16,444,N21,n,2.0NRT,11.36,D,0.47,0.4,,,,,,firms,VIIRS,VIIRS_NOAA21_NRT
-1.45585,127.43501,2025-12-16,444,N21,n,2.0NRT,3.87,D,0.47,0.4,,,,,,firms,VIIRS,VIIRS_NOAA21_NRT
-1.1425,122.6557,2025-12-16,444,N21,n,2.0NRT,17.97,D,0.62,0.54,,,,,,firms,VIIRS,VIIRS_NOAA21_NRT
-0.9966,121.52032,2025-12-16,444,N21,n,2.0NRT,6.52,D,0.37,0.58,,,,,,firms,VIIRS,VIIRS_NOAA21_NRT
-8.11557,112.92857,2025-12-16,622,N21,n,2.0NRT,6.89,D,0.46,0.47,,,,,,firms,VIIRS,VIIRS_NOAA21_NRT
-8.11411,112.92517,2025-12-16,622,N21,n,2.0NRT,11.35,D,0.46,0.47,,,,,,firms,VIIRS,VIIRS_NOAA21_NRT
-8.11153,112.92615,2025-12-16,622,N21,n,2.0NRT,13.9,D,0.46,0.47,,,,,,firms,VIIRS,VIIRS_NOAA21_NRT
-7.70311,108.9959,2025-12-16,624,N21,n,2.0NRT,4.56,D,0.43,0.38,,,,,,firms,VIIRS,VIIRS_NOAA21_NRT
-7.54494,110.44563,2025-12-16,624,N21,n,2.0NRT,11.15,D,0.5,0.41,,,,,,firms,VIIRS,VIIRS_NOAA21_NRT
-7.54365,110.44428,2025-12-16,624,N21,n,2.0NRT,20.74,D,0.5,0.41,,,,,,firms,VIIRS,VIIRS_NOAA21_NRT
-7.54127,110.44475,2025-12-16,624,N21,n,2.0NRT,11.15,D,0.5,0.41,,,,,,firms,VIIRS,VIIRS_NOAA21_NRT
-3.7227,103.71704,2025-12-16,624,N21,n,2.0NRT,2.62,D,0.42,0.38,,,,,,firms,VIIRS,VIIRS_NOAA21_NRT
-3.69205,104.59872,2025-12-16,624,N21,n,2.0NRT,1.52,D,0.4,0.37,,,,,,firms,VIIRS,VIIRS_NOAA21_NRT
-2.88176,108.04434,2025-12-16,624,N21,n,2.0NRT,2.52,D,0.43,0.38,,,,,,firms,VIIRS,VIIRS_NOAA21_NRT
-2.14244,112.19604,2025-12-16,624,N21,n,2.0NRT,5.91,D,0.51,0.5,,,,,,firms,VIIRS,VIIRS_NOAA21_NRT
-1.54464,112.46934,2025-12-16,624,N21,n,2.0NRT,4.91,D,0.55,0.51,,,,,,firms,VIIRS,VIIRS_NOAA21_NRT
4.55347,113.62292,2025-12-16,626,N21,n,2.0NRT,5.54,D,0.41,0.61,,,,,,firms,VIIRS,VIIRS_NOAA21_NRT
0.47975,127.98943,2025-12-16,1724,N21,n,2.0NRT,5.55,N,0.61,0.53,,,,,,firms,VIIRS,VIIRS_NOAA21_NRT
0.48465,127.99007,2025-12-16,1724,N21,n,2.0NRT,3.9,N,0.61,0.53,,,,,,firms,VIIRS,VIIRS_NOAA21_NRT
0.48552,127.98454,2025-12-16,1724,N21,n,2.0NRT,2.21,N,0.61,0.53,,,,,,firms,VIIRS,VIIRS_NOAA21_NRT
1.49445,127.63441,2025-12-16,1724,N21,n,2.0NRT,3.14,N,0.56,0.51,,,,,,firms,VIIRS,VIIRS_NOAA21_NRT
2.77914,125.40617,2025-12-16,1724,N21,n,2.0NRT,1.18,N,0.57,0.43,,,,,,firms,VIIRS,VIIRS_NOAA21_NRT
5.61926,114.89083,2025-12-16,1724,N21,n,2.0NRT,4.62,N,0.48,0.48,,,,,,firms,VIIRS,VIIRS_NOAA21_NRT
5.62092,116.44334,2025-12-16,1724,N21,n,2.0NRT,0.42,N,0.38,0.44,,,,,,firms,VIIRS,VIIRS_NOAA21_NRT
-3.76338,115.43234,2025-12-16,1726,N21,n,2.0NRT,2.84,N,0.5,0.41,,,,,,firms,VIIRS,VIIRS_NOAA21_NRT
-2.86825,122.15601,2025-12-16,1726,N21,n,2.0NRT,0.7,N,0.45,0.39,,,,,,firms,VIIRS,VIIRS_NOAA21_NRT
-2.86409,122.15253,2025-12-16,1726,N21,n,2.0NRT,2.55,N,0.45,0.39,,,,,,firms,VIIRS,VIIRS_NOAA21_NRT
-2.86369,122.17327,2025-12-16,1726,N21,n,2.0NRT,1.04,N,0.45,0.39,,,,,,firms,VIIRS,VIIRS_NOAA21_NRT
-2.86181,122.16114,2025-12-16,1726,N21,n,2.0NRT,1.85,N,0.45,0.39,,,,,,firms,VIIRS,VIIRS_NOAA21_NRT
-2.82828,122.17871,2025-12-16,1726,N21,n,2.0NRT,1.5,N,0.45,0.39,,,,,,firms,VIIRS,VIIRS_NOAA21_NRT
-2.82462,122.1549,2025-12-16,1726,N21,n,2.0NRT,2.36,N,0.44,0.39,,,,,,firms,VIIRS,VIIRS_NOAA21_NRT
-1.45932,127.43744,2025-12-16,1726,N21,n,2.0NRT,9.28,N,0.6,0.53,,,,,,firms,VIIRS,VIIRS_NOAA21_NRT
-1.3824,122.48163,2025-12-16,1726,N21,n,2.0NRT,2.2,N,0.45,0.39,,,,,,firms,VIIRS,VIIRS_NOAA21_NRT
-8.92324,116.76394,2025-12-16,1728,N21,n,2.0NRT,0.75,N,0.4,0.37,,,,,,firms,VIIRS,VIIRS_NOAA21_NRT
-8.89513,116.73903,2025-12-16,1728,N21,n,2.0NRT,0.87,N,0.4,0.37,,,,,,firms,VIIRS,VIIRS_NOAA21_NRT
-8.27544,123.51128,2025-12-16,1728,N21,n,2.0NRT,2.75,N,0.41,0.45,,,,,,firms,VIIRS,VIIRS_NOAA21_NRT
-8.2748,123.50685,2025-12-16,1728,N21,n,2.0NRT,2.75,N,0.41,0.45,,,,,,firms,VIIRS,VIIRS_NOAA21_NRT
-8.27062,123.50692,2025-12-16,1728,N21,n,2.0NRT,2.75,N,0.41,0.45,,,,,,firms,VIIRS,VIIRS_NOAA21_NRT
-8.12183,112.93863,2025-12-16,1728,N21,n,2.0NRT,2.39,N,0.41,0.45,,,,,,firms,VIIRS,VIIRS_NOAA21_NRT
-8.1205,112.93071,2025-12-16,1728,N21,n,2.0NRT,2.52,N,0.41,0.45,,,,,,firms,VIIRS,VIIRS_NOAA21_NRT
-8.11656,112.93216,2025-12-16,1728,N21,n,2.0NRT,1.89,N,0.41,0.45,,,,,,firms,VIIRS,VIIRS_NOAA21_NRT
-8.11611,112.92951,2025-12-16,1728,N21,n,2.0NRT,2.16,N,0.41,0.45,,,,,,firms,VIIRS,VIIRS_NOAA21_NRT
-8.11562,112.92662,2025-12-16,1728,N21,n,2.0NRT,2.16,N,0.41,0.45,,,,,,firms,VIIRS,VIIRS_NOAA21_NRT
-8.11509,112.92346,2025-12-16,1728,N21,n,2.0NRT,2.27,N,0.41,0.45,,,,,,firms,VIIRS,VIIRS_NOAA21_NRT
-8.11116,112.92494,2025-12-16,1728,N21,n,2.0NRT,2.27,N,0.41,0.45,,,,,,firms,VIIRS,VIIRS_NOAA21_NRT
-7.94461,112.95328,2025-12-16,1728,N21,n,2.0NRT,1.34,N,0.41,0.45,,,,,,firms,VIIRS,VIIRS_NOAA21_NRT
-7.94432,112.95261,2025-12-16,1728,N21,n,2.0NRT,0.56,N,0.41,0.45,,,,,,firms,VIIRS,VIIRS_NOAA21_NRT
-7.70263,108.99536,2025-12-16,1728,N21,n,2.0NRT,0.81,N,0.38,0.59,,,,,,firms,VIIRS,VIIRS_NOAA21_NRT
-7.70201,108.99197,2025-12-16,1728,N21,n,2.0NRT,0.81,N,0.38,0.59,,,,,,firms,VIIRS,VIIRS_NOAA21_NRT
-7.60518,112.73193,2025-12-16,1728,N21,n,2.0NRT,1.7,N,0.42,0.45,,,,,,firms,VIIRS,VIIRS_NOAA21_NRT
-7.54371,110.4325,2025-12-16,1728,N21,n,2.0NRT,1.25,N,0.61,0.53,,,,,,firms,VIIRS,VIIRS_NOAA21_NRT
-6.54865,108.09604,2025-12-16,1728,N21,n,2.0NRT,1.19,N,0.46,0.63,,,,,,firms,VIIRS,VIIRS_NOAA21_NRT
-6.54831,108.09282,2025-12-16,1728,N21,n,2.0NRT,1.64,N,0.46,0.63,,,,,,firms,VIIRS,VIIRS_NOAA21_NRT
-6.54793,108.09196,2025-12-16,1728,N21,n,2.0NRT,1.42,N,0.46,0.63,,,,,,firms,VIIRS,VIIRS_NOAA21_NRT
-3.80649,103.81976,2025-12-16,1908,N21,n,2.0NRT,1.18,N,0.43,0.62,,,,,,firms,VIIRS,VIIRS_NOAA21_NRT
-3.80596,103.81608,2025-12-16,1908,N21,n,2.0NRT,1.18,N,0.43,0.62,,,,,,firms,VIIRS,VIIRS_NOAA21_NRT
-3.72872,103.71902,2025-12-16,1908,N21,n,2.0NRT,0.97,N,0.42,0.61,,,,,,firms,VIIRS,VIIRS_NOAA21_NRT
-3.7243,103.71416,2025-12-16,1908,N21,n,2.0NRT,1.86,N,0.42,0.61,,,,,,firms,VIIRS,VIIRS_NOAA21_NRT
-3.72205,103.71243,2025-12-16,1908,N21,n,2.0NRT,2.3,N,0.42,0.61,,,,,,firms,VIIRS,VIIRS_NOAA21_NRT
-3.6869,103.65461,2025-12-16,1908,N21,n,2.0NRT,0.63,N,0.42,0.61,,,,,,firms,VIIRS,VIIRS_NOAA21_NRT
-3.55353,126.46457,2025-12-17,423,N21,n,2.0NRT,4.39,D,0.4,0.6,,,,,,firms,VIIRS,VIIRS_NOAA21_NRT
1.43469,124.85574,2025-12-17,425,N21,n,2.0NRT,4.01,D,0.43,0.62,,,,,,firms,VIIRS,VIIRS_NOAA21_NRT
-7.54574,110.89179,2025-12-17,603,N21,l,2.0NRT,3.71,D,0.39,0.36,,,,,,firms,VIIRS,VIIRS_NOAA21_NRT
-7.51524,112.04645,2025-12-17,603,N21,n,2.0NRT,5.34,D,0.39,0.36,,,,,,firms,VIIRS,VIIRS_NOAA21_NRT
-7.38608,111.09367,2025-12-17,603,N21,n,2.0NRT,2.38,D,0.38,0.36,,,,,,firms,VIIRS,VIIRS_NOAA21_NRT
-7.24038,111.73193,2025-12-17,603,N21,n,2.0NRT,4.29,D,0.39,0.36,,,,,,firms,VIIRS,VIIRS_NOAA21_NRT
-6.9313,110.30223,2025-12-17,603,N21,n,2.0NRT,4.47,D,0.39,0.36,,,,,,firms,VIIRS,VIIRS_NOAA21_NRT
-6.29761,107.0854,2025-12-17,603,N21,n,2.0NRT,5.64,D,0.52,0.41,,,,,,firms,VIIRS,VIIRS_NOAA21_NRT
-5.47713,105.67895,2025-12-17,603,N21,n,2.0NRT,5.79,D,0.41,0.45,,,,,,firms,VIIRS,VIIRS_NOAA21_NRT
-5.4766,105.68262,2025-12-17,603,N21,n,2.0NRT,6.55,D,0.41,0.45,,,,,,firms,VIIRS,VIIRS_NOAA21_NRT
-2.09383,102.87146,2025-12-17,605,N21,n,2.0NRT,8.04,D,0.56,0.52,,,,,,firms,VIIRS,VIIRS_NOAA21_NRT
-2.09308,102.87646,2025-12-17,605,N21,n,2.0NRT,9.8,D,0.56,0.52,,,,,,firms,VIIRS,VIIRS_NOAA21_NRT
-1.89653,115.8617,2025-12-17,605,N21,n,2.0NRT,7.6,D,0.44,0.46,,,,,,firms,VIIRS,VIIRS_NOAA21_NRT
-1.89232,115.86103,2025-12-17,605,N21,n,2.0NRT,7.6,D,0.44,0.46,,,,,,firms,VIIRS,VIIRS_NOAA21_NRT
-1.89171,115.86495,2025-12-17,605,N21,n,2.0NRT,7.6,D,0.44,0.46,,,,,,firms,VIIRS,VIIRS_NOAA21_NRT
-1.88271,112.54527,2025-12-17,605,N21,n,2.0NRT,4.87,D,0.43,0.38,,,,,,firms,VIIRS,VIIRS_NOAA21_NRT
-1.67819,113.32816,2025-12-17,605,N21,n,2.0NRT,8.65,D,0.47,0.4,,,,,,firms,VIIRS,VIIRS_NOAA21_NRT
-1.5111,113.26591,2025-12-17,605,N21,n,2.0NRT,2.93,D,0.47,0.4,,,,,,firms,VIIRS,VIIRS_NOAA21_NRT
-1.16181,110.00557,2025-12-17,605,N21,n,2.0NRT,3.65,D,0.38,0.36,,,,,,firms,VIIRS,VIIRS_NOAA21_NRT
-1.08626,109.92046,2025-12-17,605,N21,n,2.0NRT,2.87,D,0.38,0.36,,,,,,firms,VIIRS,VIIRS_NOAA21_NRT
-1.05102,109.97466,2025-12-17,605,N21,n,2.0NRT,1.48,D,0.38,0.36,,,,,,firms,VIIRS,VIIRS_NOAA21_NRT
-1.00236,110.44782,2025-12-17,605,N21,n,2.0NRT,4.49,D,0.39,0.36,,,,,,firms,VIIRS,VIIRS_NOAA21_NRT
-0.21644,109.95834,2025-12-17,605,N21,l,2.0NRT,12.02,D,0.38,0.36,,,,,,firms,VIIRS,VIIRS_NOAA21_NRT
-0.11549,109.57526,2025-12-17,605,N21,n,2.0NRT,3.57,D,0.38,0.36,,,,,,firms,VIIRS,VIIRS_NOAA21_NRT
0.36661,109.47781,2025-12-17,605,N21,n,2.0NRT,3.6,D,0.38,0.36,,,,,,firms,VIIRS,VIIRS_NOAA21_NRT
0.41471,109.90887,2025-12-17,605,N21,n,2.0NRT,4.84,D,0.38,0.36,,,,,,firms,VIIRS,VIIRS_NOAA21_NRT
0.43165,109.08116,2025-12-17,605,N21,n,2.0NRT,4.65,D,0.39,0.36,,,,,,firms,VIIRS,VIIRS_NOAA21_NRT
0.44821,109.2333,2025-12-17,605,N21,n,2.0NRT,163.68,D,0.39,0.36,,,,,,firms,VIIRS,VIIRS_NOAA21_NRT
0.56133,109.26155,2025-12-17,605,N21,n,2.0NRT,3.43,D,0.38,0.36,,,,,,firms,VIIRS,VIIRS_NOAA21_NRT
0.59359,110.27425,2025-12-17,605,N21,n,2.0NRT,5.59,D,0.39,0.36,,,,,,firms,VIIRS,VIIRS_NOAA21_NRT
1.54871,110.83373,2025-12-17,605,N21,n,2.0NRT,7.44,D,0.4,0.37,,,,,,firms,VIIRS,VIIRS_NOAA21_NRT
2.76989,111.97327,2025-12-17,607,N21,n,2.0NRT,2.87,D,0.45,0.39,,,,,,firms,VIIRS,VIIRS_NOAA21_NRT
3.06883,113.41283,2025-12-17,607,N21,n,2.0NRT,38.87,D,0.54,0.42,,,,,,firms,VIIRS,VIIRS_NOAA21_NRT
3.27751,113.0715,2025-12-17,607,N21,n,2.0NRT,9.53,D,0.52,0.42,,,,,,firms,VIIRS,VIIRS_NOAA21_NRT
3.28272,113.0803,2025-12-17,607,N21,n,2.0NRT,3.8,D,0.52,0.42,,,,,,firms,VIIRS,VIIRS_NOAA21_NRT
3.28343,113.08492,2025-12-17,607,N21,n,2.0NRT,3.8,D,0.52,0.42,,,,,,firms,VIIRS,VIIRS_NOAA21_NRT
3.28723,113.08443,2025-12-17,607,N21,n,2.0NRT,3.8,D,0.52,0.42,,,,,,firms,VIIRS,VIIRS_NOAA21_NRT
3.29174,113.09035,2025-12-17,607,N21,n,2.0NRT,5.43,D,0.52,0.42,,,,,,firms,VIIRS,VIIRS_NOAA21_NRT
3.5237,113.31541,2025-12-17,607,N21,n,2.0NRT,8.59,D,0.54,0.42,,,,,,firms,VIIRS,VIIRS_NOAA21_NRT
3.60439,112.41179,2025-12-17,607,N21,n,2.0NRT,6.23,D,0.48,0.4,,,,,,firms,VIIRS,VIIRS_NOAA21_NRT
4.74133,113.72954,2025-12-17,607,N21,n,2.0NRT,3.55,D,0.4,0.44,,,,,,firms,VIIRS,VIIRS_NOAA21_NRT
4.97709,112.98401,2025-12-17,607,N21,n,2.0NRT,19.16,D,0.54,0.42,,,,,,firms,VIIRS,VIIRS_NOAA21_NRT
5.5528,115.58672,2025-12-17,1704,N21,n,2.0NRT,3.69,N,0.46,0.64,,,,,,firms,VIIRS,VIIRS_NOAA21_NRT
5.55336,115.58281,2025-12-17,1704,N21,n,2.0NRT,4.01,N,0.46,0.64,,,,,,firms,VIIRS,VIIRS_NOAA21_NRT
-1.81478,136.74991,2025-12-17,1706,N21,n,2.0NRT,2.05,N,0.63,0.72,,,,,,firms,VIIRS,VIIRS_NOAA21_NRT
-1.45814,127.43908,2025-12-17,1706,N21,n,2.0NRT,5.79,N,0.46,0.39,,,,,,firms,VIIRS,VIIRS_NOAA21_NRT
-1.45753,127.43517,2025-12-17,1706,N21,n,2.0NRT,5.79,N,0.46,0.39,,,,,,firms,VIIRS,VIIRS_NOAA21_NRT
-1.24611,116.81297,2025-12-17,1706,N21,n,2.0NRT,4.2,N,0.59,0.53,,,,,,firms,VIIRS,VIIRS_NOAA21_NRT
0.48114,127.98965,2025-12-17,1706,N21,n,2.0NRT,0.72,N,0.46,0.39,,,,,,firms,VIIRS,VIIRS_NOAA21_NRT
0.48474,127.99015,2025-12-17,1706,N21,n,2.0NRT,0.72,N,0.46,0.39,,,,,,firms,VIIRS,VIIRS_NOAA21_NRT
0.48538,127.98604,2025-12-17,1706,N21,n,2.0NRT,1.09,N,0.46,0.39,,,,,,firms,VIIRS,VIIRS_NOAA21_NRT
0.48899,127.98649,2025-12-17,1706,N21,n,2.0NRT,1.09,N,0.46,0.39,,,,,,firms,VIIRS,VIIRS_NOAA21_NRT
0.51029,127.8977,2025-12-17,1706,N21,n,2.0NRT,0.91,N,0.46,0.39,,,,,,firms,VIIRS,VIIRS_NOAA21_NRT
0.51092,127.89365,2025-12-17,1706,N21,n,2.0NRT,0.91,N,0.46,0.39,,,,,,firms,VIIRS,VIIRS_NOAA21_NRT
-8.89824,116.73941,2025-12-17,1709,N21,n,2.0NRT,1.13,N,0.45,0.47,,,,,,firms,VIIRS,VIIRS_NOAA21_NRT
-8.34818,113.49187,2025-12-17,1709,N21,n,2.0NRT,0.81,N,0.38,0.59,,,,,,firms,VIIRS,VIIRS_NOAA21_NRT
-8.27403,123.50526,2025-12-17,1709,N21,n,2.0NRT,1.98,N,0.39,0.36,,,,,,firms,VIIRS,VIIRS_NOAA21_NRT
-8.27072,123.50574,2025-12-17,1709,N21,n,2.0NRT,1.98,N,0.39,0.36,,,,,,firms,VIIRS,VIIRS_NOAA21_NRT
-8.1228,112.93933,2025-12-17,1709,N21,n,2.0NRT,1.25,N,0.42,0.61,,,,,,firms,VIIRS,VIIRS_NOAA21_NRT
-8.12164,112.93299,2025-12-17,1709,N21,n,2.0NRT,4.03,N,0.42,0.61,,,,,,firms,VIIRS,VIIRS_NOAA21_NRT
-8.12124,112.93079,2025-12-17,1709,N21,n,2.0NRT,4.03,N,0.42,0.61,,,,,,firms,VIIRS,VIIRS_NOAA21_NRT
-8.12084,112.92856,2025-12-17,1709,N21,n,2.0NRT,1.79,N,0.42,0.61,,,,,,firms,VIIRS,VIIRS_NOAA21_NRT
-8.11558,112.9314,2025-12-17,1709,N21,n,2.0NRT,1.79,N,0.42,0.61,,,,,,firms,VIIRS,VIIRS_NOAA21_NRT
-8.11522,112.92947,2025-12-17,1709,N21,n,2.0NRT,1.79,N,0.43,0.62,,,,,,firms,VIIRS,VIIRS_NOAA21_NRT
-8.11474,112.92684,2025-12-17,1709,N21,n,2.0NRT,15.92,N,0.43,0.62,,,,,,firms,VIIRS,VIIRS_NOAA21_NRT
-8.11425,112.92413,2025-12-17,1709,N21,n,2.0NRT,15.92,N,0.43,0.62,,,,,,firms,VIIRS,VIIRS_NOAA21_NRT
-8.11363,112.92073,2025-12-17,1709,N21,h,2.0NRT,28.4,N,0.43,0.62,,,,,,firms,VIIRS,VIIRS_NOAA21_NRT
-7.20585,111.46483,2025-12-17,1709,N21,n,2.0NRT,9.88,N,0.55,0.68,,,,,,firms,VIIRS,VIIRS_NOAA21_NRT
-7.09014,110.62136,2025-12-17,1709,N21,n,2.0NRT,2.18,N,0.63,0.72,,,,,,firms,VIIRS,VIIRS_NOAA21_NRT
-7.08857,110.62025,2025-12-17,1709,N21,n,2.0NRT,1.82,N,0.63,0.72,,,,,,firms,VIIRS,VIIRS_NOAA21_NRT
-2.83179,122.16862,2025-12-17,1709,N21,n,2.0NRT,1.13,N,0.42,0.37,,,,,,firms,VIIRS,VIIRS_NOAA21_NRT
-2.8312,122.16489,2025-12-17,1709,N21,n,2.0NRT,2.18,N,0.42,0.37,,,,,,firms,VIIRS,VIIRS_NOAA21_NRT
-3.80828,103.81921,2025-12-17,1847,N21,n,2.0NRT,2.91,N,0.41,0.45,,,,,,firms,VIIRS,VIIRS_NOAA21_NRT
4.97726,112.9883,2025-12-17,1847,N21,n,2.0NRT,21.65,N,0.63,0.72,,,,,,firms,VIIRS,VIIRS_NOAA21_NRT
4.97827,112.9827,2025-12-17,1847,N21,h,2.0NRT,14.03,N,0.63,0.72,,,,,,firms,VIIRS,VIIRS_NOAA21_NRT
4.97836,112.98872,2025-12-17,1847,N21,n,2.0NRT,23.08,N,0.63,0.72,,,,,,firms,VIIRS,VIIRS_NOAA21_NRT
4.97928,112.9771,2025-12-17,1847,N21,n,2.0NRT,14.03,N,0.63,0.72,,,,,,firms,VIIRS,VIIRS_NOAA21_NRT
4.97934,112.9831,2025-12-17,1847,N21,h,2.0NRT,23.08,N,0.63,0.72,,,,,,firms,VIIRS,VIIRS_NOAA21_NRT
4.98031,112.97749,2025-12-17,1847,N21,n,2.0NRT,4.87,N,0.63,0.72,,,,,,firms,VIIRS,VIIRS_NOAA21_NRT
4.98128,112.97189,2025-12-17,1847,N21,n,2.0NRT,4.87,N,0.63,0.72,,,,,,firms,VIIRS,VIIRS_NOAA21_NRT
5.55165,104.77456,2025-12-17,1847,N21,n,2.0NRT,3.65,N,0.52,0.42,,,,,,firms,VIIRS,VIIRS_NOAA21_NRT
-7.20281,111.46949,2025-12-17,1849,N21,n,2.0NRT,2.83,N,0.77,0.77,,,,,,firms,VIIRS,VIIRS_NOAA21_NRT
-6.54974,108.09549,2025-12-17,1849,N21,n,2.0NRT,0.8,N,0.44,0.62,,,,,,firms,VIIRS,VIIRS_NOAA21_NRT
-6.54721,108.09323,2025-12-17,1849,N21,n,2.0NRT,1.07,N,0.44,0.62,,,,,,firms,VIIRS,VIIRS_NOAA21_NRT
0.54183,101.58141,2025-12-17,1849,N21,n,2.0NRT,0.95,N,0.42,0.37,,,,,,firms,VIIRS,VIIRS_NOAA21_NRT
-3.8512,136.4216,2025-12-18,404,N21,n,2.0NRT,8.78,D,0.53,0.42,,,,,,firms,VIIRS,VIIRS_NOAA21_NRT
-2.72707,140.72449,2025-12-18,406,N21,n,2.0NRT,2.95,D,0.38,0.36,,,,,,firms,VIIRS,VIIRS_NOAA21_NRT
-2.72655,140.72791,2025-12-18,406,N21,n,2.0NRT,2.95,D,0.38,0.36,,,,,,firms,VIIRS,VIIRS_NOAA21_NRT
-2.72048,140.72351,2025-12-18,406,N21,n,2.0NRT,24.38,D,0.38,0.36,,,,,,firms,VIIRS,VIIRS_NOAA21_NRT
-2.71404,140.74352,2025-12-18,406,N21,n,2.0NRT,4.74,D,0.38,0.36,,,,,,firms,VIIRS,VIIRS_NOAA21_NRT
-2.57169,140.55951,2025-12-18,406,N21,n,2.0NRT,5.11,D,0.38,0.36,,,,,,firms,VIIRS,VIIRS_NOAA21_NRT
-4.11295,114.73206,2025-12-18,546,N21,n,2.0NRT,3.15,D,0.39,0.36,,,,,,firms,VIIRS,VIIRS_NOAA21_NRT
-3.94784,119.75606,2025-12-18,546,N21,n,2.0NRT,2.69,D,0.54,0.42,,,,,,firms,VIIRS,VIIRS_NOAA21_NRT
-3.90857,120.12618,2025-12-18,546,N21,n,2.0NRT,4.91,D,0.57,0.43,,,,,,firms,VIIRS,VIIRS_NOAA21_NRT
-3.72391,103.71865,2025-12-18,546,N21,n,2.0NRT,6.43,D,0.56,0.69,,,,,,firms,VIIRS,VIIRS_NOAA21_NRT
-3.67734,119.65498,2025-12-18,546,N21,n,2.0NRT,5.66,D,0.54,0.42,,,,,,firms,VIIRS,VIIRS_NOAA21_NRT
-3.14324,119.20316,2025-12-18,546,N21,n,2.0NRT,5.63,D,0.52,0.41,,,,,,firms,VIIRS,VIIRS_NOAA21_NRT
-2.93527,115.82893,2025-12-18,546,N21,n,2.0NRT,3.35,D,0.39,0.36,,,,,,firms,VIIRS,VIIRS_NOAA21_NRT
-2.89289,119.18908,2025-12-18,546,N21,n,2.0NRT,5.05,D,0.52,0.41,,,,,,firms,VIIRS,VIIRS_NOAA21_NRT
-2.68724,119.18975,2025-12-18,546,N21,n,2.0NRT,15.72,D,0.52,0.42,,,,,,firms,VIIRS,VIIRS_NOAA21_NRT
-2.0125,121.41753,2025-12-18,546,N21,n,2.0NRT,3.98,D,0.49,0.49,,,,,,firms,VIIRS,VIIRS_NOAA21_NRT
-2.00806,121.41673,2025-12-18,546,N21,n,2.0NRT,3.98,D,0.49,0.49,,,,,,firms,VIIRS,VIIRS_NOAA21_NRT
-1.93904,119.37906,2025-12-18,546,N21,n,2.0NRT,10.55,D,0.55,0.43,,,,,,firms,VIIRS,VIIRS_NOAA21_NRT
-1.65756,113.48338,2025-12-18,546,N21,n,2.0NRT,7.32,D,0.4,0.37,,,,,,firms,VIIRS,VIIRS_NOAA21_NRT
-1.21753,121.72167,2025-12-18,546,N21,n,2.0NRT,4.68,D,0.53,0.5,,,,,,firms,VIIRS,VIIRS_NOAA21_NRT
-1.15742,121.59641,2025-12-18,546,N21,n,2.0NRT,8.16,D,0.52,0.5,,,,,,firms,VIIRS,VIIRS_NOAA21_NRT
-0.27336,117.28304,2025-12-18,548,N21,n,2.0NRT,4.73,D,0.45,0.39,,,,,,firms,VIIRS,VIIRS_NOAA21_NRT
0.31997,109.07183,2025-12-18,548,N21,n,2.0NRT,4.62,D,0.41,0.45,,,,,,firms,VIIRS,VIIRS_NOAA21_NRT
0.49067,109.74599,2025-12-18,548,N21,n,2.0NRT,5.73,D,0.56,0.43,,,,,,firms,VIIRS,VIIRS_NOAA21_NRT
0.5407,109.60246,2025-12-18,548,N21,n,2.0NRT,6.59,D,0.57,0.43,,,,,,firms,VIIRS,VIIRS_NOAA21_NRT
3.52404,113.31454,2025-12-18,548,N21,n,2.0NRT,5.26,D,0.39,0.36,,,,,,firms,VIIRS,VIIRS_NOAA21_NRT
3.71922,116.73371,2025-12-18,548,N21,n,2.0NRT,3.56,D,0.46,0.39,,,,,,firms,VIIRS,VIIRS_NOAA21_NRT
-3.30623,103.06489,2025-12-18,728,N21,n,2.0NRT,10.65,D,0.72,0.76,,,,,,firms,VIIRS,VIIRS_NOAA21_NRT
-3.3062,103.06678,2025-12-18,728,N21,n,2.0NRT,14.5,D,0.72,0.75,,,,,,firms,VIIRS,VIIRS_NOAA21_NRT
-3.08347,103.45239,2025-12-18,728,N21,n,2.0NRT,10.06,D,0.77,0.77,,,,,,firms,VIIRS,VIIRS_NOAA21_NRT
2.7825,125.40174,2025-12-18,1645,N21,n,2.0NRT,3.25,N,0.57,0.43,,,,,,firms,VIIRS,VIIRS_NOAA21_NRT
-1.56638,127.42804,2025-12-18,1647,N21,n,2.0NRT,2.86,N,0.41,0.37,,,,,,firms,VIIRS,VIIRS_NOAA21_NRT
-1.56298,127.42856,2025-12-18,1647,N21,n,2.0NRT,2.3,N,0.41,0.37,,,,,,firms,VIIRS,VIIRS_NOAA21_NRT
-1.56239,127.42487,2025-12-18,1647,N21,n,2.0NRT,1.27,N,0.41,0.37,,,,,,firms,VIIRS,VIIRS_NOAA21_NRT
-1.55899,127.42538,2025-12-18,1647,N21,n,2.0NRT,1.27,N,0.41,0.37,,,,,,firms,VIIRS,VIIRS_NOAA21_NRT
-1.45887,127.43681,2025-12-18,1647,N21,n,2.0NRT,2.96,N,0.41,0.37,,,,,,firms,VIIRS,VIIRS_NOAA21_NRT
-1.45546,127.43727,2025-12-18,1647,N21,n,2.0NRT,0.69,N,0.41,0.37,,,,,,firms,VIIRS,VIIRS_NOAA21_NRT
-0.7104,117.06362,2025-12-18,1647,N21,n,2.0NRT,2.58,N,0.62,0.72,,,,,,firms,VIIRS,VIIRS_NOAA21_NRT
-0.25617,109.31487,2025-12-18,1828,N21,n,2.0NRT,2.45,N,0.4,0.45,,,,,,firms,VIIRS,VIIRS_NOAA21_NRT
-0.25209,109.31551,2025-12-18,1828,N21,n,2.0NRT,1.66,N,0.4,0.45,,,,,,firms,VIIRS,VIIRS_NOAA21_NRT
2.73895,102.39215,2025-12-18,1828,N21,n,2.0NRT,0.88,N,0.43,0.38,,,,,,firms,VIIRS,VIIRS_NOAA21_NRT
3.28477,113.08568,2025-12-18,1828,N21,n,2.0NRT,2.4,N,0.32,0.55,,,,,,firms,VIIRS,VIIRS_NOAA21_NRT
3.37908,101.57607,2025-12-18,1828,N21,n,2.0NRT,1.1,N,0.47,0.4,,,,,,firms,VIIRS,VIIRS_NOAA21_NRT
5.64518,104.97878,2025-12-18,1828,N21,n,2.0NRT,2.5,N,0.39,0.36,,,,,,firms,VIIRS,VIIRS_NOAA21_NRT
-7.70114,108.99574,2025-12-18,1830,N21,n,2.0NRT,1.51,N,0.49,0.49,,,,,,firms,VIIRS,VIIRS_NOAA21_NRT
-7.69668,108.9964,2025-12-18,1830,N21,n,2.0NRT,1.51,N,0.49,0.49,,,,,,firms,VIIRS,VIIRS_NOAA21_NRT
-6.18333,106.91985,2025-12-18,1830,N21,n,2.0NRT,1.72,N,0.52,0.42,,,,,,firms,VIIRS,VIIRS_NOAA21_NRT
-8.27335,123.50605,2025-12-19,527,N21,n,2.0NRT,5.92,D,0.43,0.38,,,,,,firms,VIIRS,VIIRS_NOAA21_NRT
-4.20181,122.24728,2025-12-19,529,N21,n,2.0NRT,11.3,D,0.42,0.38,,,,,,firms,VIIRS,VIIRS_NOAA21_NRT
-4.15576,122.13739,2025-12-19,529,N21,n,2.0NRT,2.05,D,0.42,0.37,,,,,,firms,VIIRS,VIIRS_NOAA21_NRT
-4.15234,122.13687,2025-12-19,529,N21,n,2.0NRT,4.88,D,0.42,0.37,,,,,,firms,VIIRS,VIIRS_NOAA21_NRT
-4.1376,122.09665,2025-12-19,529,N21,n,2.0NRT,11.83,D,0.41,0.37,,,,,,firms,VIIRS,VIIRS_NOAA21_NRT
-4.11931,122.12417,2025-12-19,529,N21,n,2.0NRT,4.73,D,0.42,0.37,,,,,,firms,VIIRS,VIIRS_NOAA21_NRT
-4.11589,122.12364,2025-12-19,529,N21,n,2.0NRT,4.73,D,0.42,0.37,,,,,,firms,VIIRS,VIIRS_NOAA21_NRT
-4.06436,121.93464,2025-12-19,529,N21,n,2.0NRT,3.39,D,0.41,0.37,,,,,,firms,VIIRS,VIIRS_NOAA21_NRT
-4.01259,122.22252,2025-12-19,529,N21,n,2.0NRT,3.47,D,0.42,0.38,,,,,,firms,VIIRS,VIIRS_NOAA21_NRT
-4.00916,122.22198,2025-12-19,529,N21,n,2.0NRT,1.8,D,0.42,0.38,,,,,,firms,VIIRS,VIIRS_NOAA21_NRT
-3.98035,121.8198,2025-12-19,529,N21,n,2.0NRT,4.61,D,0.41,0.37,,,,,,firms,VIIRS,VIIRS_NOAA21_NRT
-3.9585,122.23316,2025-12-19,529,N21,n,2.0NRT,1.87,D,0.42,0.38,,,,,,firms,VIIRS,VIIRS_NOAA21_NRT
-3.86732,122.25342,2025-12-19,529,N21,n,2.0NRT,35.87,D,0.42,0.38,,,,,,firms,VIIRS,VIIRS_NOAA21_NRT
-3.78615,120.31896,2025-12-19,529,N21,n,2.0NRT,4.16,D,0.38,0.36,,,,,,firms,VIIRS,VIIRS_NOAA21_NRT
-2.72174,120.49677,2025-12-19,529,N21,n,2.0NRT,3.58,D,0.39,0.36,,,,,,firms,VIIRS,VIIRS_NOAA21_NRT
-2.7086,120.40271,2025-12-19,529,N21,n,2.0NRT,2.52,D,0.39,0.36,,,,,,firms,VIIRS,VIIRS_NOAA21_NRT
-2.67475,120.62421,2025-12-19,529,N21,n,2.0NRT,3.51,D,0.39,0.36,,,,,,firms,VIIRS,VIIRS_NOAA21_NRT
-2.57742,121.38514,2025-12-19,529,N21,n,2.0NRT,127.82,D,0.4,0.37,,,,,,firms,VIIRS,VIIRS_NOAA21_NRT
-2.57462,121.38096,2025-12-19,529,N21,n,2.0NRT,7.77,D,0.4,0.37,,,,,,firms,VIIRS,VIIRS_NOAA21_NRT
-2.57405,121.38457,2025-12-19,529,N21,n,2.0NRT,7.77,D,0.4,0.37,,,,,,firms,VIIRS,VIIRS_NOAA21_NRT
-2.15178,120.75211,2025-12-19,529,N21,n,2.0NRT,1.79,D,0.39,0.36,,,,,,firms,VIIRS,VIIRS_NOAA21_NRT
-2.00741,121.43124,2025-12-19,529,N21,n,2.0NRT,5.96,D,0.41,0.37,,,,,,firms,VIIRS,VIIRS_NOAA21_NRT
-1.89523,115.86447,2025-12-19,529,N21,n,2.0NRT,9.76,D,0.5,0.41,,,,,,firms,VIIRS,VIIRS_NOAA21_NRT
-1.33494,121.72051,2025-12-19,529,N21,n,2.0NRT,6.58,D,0.42,0.38,,,,,,firms,VIIRS,VIIRS_NOAA21_NRT
-1.25072,121.21792,2025-12-19,529,N21,n,2.0NRT,2.13,D,0.41,0.37,,,,,,firms,VIIRS,VIIRS_NOAA21_NRT
-0.99197,121.82587,2025-12-19,529,N21,n,2.0NRT,5.68,D,0.43,0.38,,,,,,firms,VIIRS,VIIRS_NOAA21_NRT
-0.98342,119.96517,2025-12-19,529,N21,n,2.0NRT,1.84,D,0.39,0.36,,,,,,firms,VIIRS,VIIRS_NOAA21_NRT
-0.7716,119.72845,2025-12-19,529,N21,n,2.0NRT,2.71,D,0.38,0.36,,,,,,firms,VIIRS,VIIRS_NOAA21_NRT
-0.76216,115.17731,2025-12-19,529,N21,n,2.0NRT,8.98,D,0.53,0.42,,,,,,firms,VIIRS,VIIRS_NOAA21_NRT
0.67631,117.56454,2025-12-19,529,N21,n,2.0NRT,3.48,D,0.4,0.37,,,,,,firms,VIIRS,VIIRS_NOAA21_NRT
1.69778,111.72327,2025-12-19,531,N21,n,2.0NRT,9.24,D,0.54,0.51,,,,,,firms,VIIRS,VIIRS_NOAA21_NRT
1.69848,111.72193,2025-12-19,531,N21,n,2.0NRT,8.5,D,0.55,0.51,,,,,,firms,VIIRS,VIIRS_NOAA21_NRT
2.43333,113.23692,2025-12-19,531,N21,n,2.0NRT,3.68,D,0.42,0.45,,,,,,firms,VIIRS,VIIRS_NOAA21_NRT
3.27574,113.07353,2025-12-19,531,N21,n,2.0NRT,9.4,D,0.42,0.45,,,,,,firms,VIIRS,VIIRS_NOAA21_NRT
3.27865,113.06534,2025-12-19,531,N21,n,2.0NRT,3.13,D,0.42,0.45,,,,,,firms,VIIRS,VIIRS_NOAA21_NRT
3.60762,112.40907,2025-12-19,531,N21,n,2.0NRT,3.36,D,0.46,0.47,,,,,,firms,VIIRS,VIIRS_NOAA21_NRT
4.5728,118.50437,2025-12-19,531,N21,n,2.0NRT,4.14,D,0.38,0.36,,,,,,firms,VIIRS,VIIRS_NOAA21_NRT
-4.5523,104.45145,2025-12-19,707,N21,n,2.0NRT,7.02,D,0.4,0.6,,,,,,firms,VIIRS,VIIRS_NOAA21_NRT
-4.55103,104.45423,2025-12-19,707,N21,n,2.0NRT,7.0,D,0.4,0.6,,,,,,firms,VIIRS,VIIRS_NOAA21_NRT
-3.80853,103.81796,2025-12-19,707,N21,n,2.0NRT,4.69,D,0.37,0.58,,,,,,firms,VIIRS,VIIRS_NOAA21_NRT
-3.57265,103.2964,2025-12-19,707,N21,n,2.0NRT,5.73,D,0.35,0.56,,,,,,firms,VIIRS,VIIRS_NOAA21_NRT
-1.44325,102.61716,2025-12-19,709,N21,n,2.0NRT,1.94,D,0.34,0.56,,,,,,firms,VIIRS,VIIRS_NOAA21_NRT
2.91697,98.19371,2025-12-19,709,N21,n,2.0NRT,3.59,D,0.39,0.44,,,,,,firms,VIIRS,VIIRS_NOAA21_NRT
4.37656,95.87214,2025-12-19,709,N21,n,2.0NRT,4.31,D,0.46,0.39,,,,,,firms,VIIRS,VIIRS_NOAA21_NRT
-1.57026,127.42831,2025-12-19,1628,N21,n,2.0NRT,2.04,N,0.49,0.49,,,,,,firms,VIIRS,VIIRS_NOAA21_NRT
-1.56581,127.42902,2025-12-19,1628,N21,n,2.0NRT,2.04,N,0.49,0.49,,,,,,firms,VIIRS,VIIRS_NOAA21_NRT
-1.56506,127.42439,2025-12-19,1628,N21,n,2.0NRT,2.04,N,0.49,0.49,,,,,,firms,VIIRS,VIIRS_NOAA21_NRT
-1.5606,127.42507,2025-12-19,1628,N21,n,2.0NRT,6.62,N,0.49,0.49,,,,,,firms,VIIRS,VIIRS_NOAA21_NRT
-1.45933,127.43979,2025-12-19,1628,N21,n,2.0NRT,4.96,N,0.49,0.49,,,,,,firms,VIIRS,VIIRS_NOAA21_NRT
-1.45854,127.43491,2025-12-19,1628,N21,n,2.0NRT,11.13,N,0.49,0.49,,,,,,firms,VIIRS,VIIRS_NOAA21_NRT
1.49219,127.63084,2025-12-19,1628,N21,n,2.0NRT,2.26,N,0.53,0.5,,,,,,firms,VIIRS,VIIRS_NOAA21_NRT
1.49609,127.63621,2025-12-19,1628,N21,n,2.0NRT,2.87,N,0.53,0.5,,,,,,firms,VIIRS,VIIRS_NOAA21_NRT
1.49683,127.63128,2025-12-19,1628,N21,n,2.0NRT,2.87,N,0.53,0.5,,,,,,firms,VIIRS,VIIRS_NOAA21_NRT
-3.43077,126.0486,2025-12-19,1630,N21,n,2.0NRT,2.05,N,0.57,0.52,,,,,,firms,VIIRS,VIIRS_NOAA21_NRT
-8.27237,123.50149,2025-12-19,1632,N21,n,2.0NRT,0.47,N,0.36,0.57,,,,,,firms,VIIRS,VIIRS_NOAA21_NRT
4.58639,103.44662,2025-12-19,1808,N21,n,2.0NRT,2.97,N,0.49,0.49,,,,,,firms,VIIRS,VIIRS_NOAA21_NRT
4.65872,103.37849,2025-12-19,1808,N21,n,2.0NRT,1.83,N,0.5,0.49,,,,,,firms,VIIRS,VIIRS_NOAA21_NRT
5.50056,105.20593,2025-12-19,1808,N21,n,2.0NRT,1.5,N,0.39,0.44,,,,,,firms,VIIRS,VIIRS_NOAA21_NRT
5.51946,105.67152,2025-12-19,1808,N21,n,2.0NRT,2.02,N,0.55,0.42,,,,,,firms,VIIRS,VIIRS_NOAA21_NRT
-1.8766,103.56041,2025-12-19,1810,N21,n,2.0NRT,0.48,N,0.39,0.44,,,,,,firms,VIIRS,VIIRS_NOAA21_NRT
-1.57555,103.69003,2025-12-19,1810,N21,n,2.0NRT,0.17,N,0.39,0.44,,,,,,firms,VIIRS,VIIRS_NOAA21_NRT
-1.57155,103.69064,2025-12-19,1810,N21,n,2.0NRT,0.17,N,0.39,0.44,,,,,,firms,VIIRS,VIIRS_NOAA21_NRT
1.0175,103.96355,2025-12-19,1810,N21,n,2.0NRT,0.63,N,0.4,0.44,,,,,,firms,VIIRS,VIIRS_NOAA21_NRT
1.37596,104.15507,2025-12-19,1810,N21,n,2.0NRT,0.71,N,0.4,0.44,,,,,,firms,VIIRS,VIIRS_NOAA21_NRT
1.37947,104.1592,2025-12-19,1810,N21,n,2.0NRT,0.5,N,0.4,0.44,,,,,,firms,VIIRS,VIIRS_NOAA21_NRT
2.7397,102.3922,2025-12-19,1810,N21,n,2.0NRT,2.97,N,0.54,0.51,,,,,,firms,VIIRS,VIIRS_NOAA21_NRT
-8.11683,112.93726,2025-12-19,1813,N21,n,2.0NRT,1.84,N,0.44,0.46,,,,,,firms,VIIRS,VIIRS_NOAA21_NRT
-8.11572,112.92954,2025-12-19,1813,N21,n,2.0NRT,1.49,N,0.44,0.46,,,,,,firms,VIIRS,VIIRS_NOAA21_NRT
-8.11498,112.92442,2025-12-19,1813,N21,n,2.0NRT,1.49,N,0.44,0.46,,,,,,firms,VIIRS,VIIRS_NOAA21_NRT
-8.1113,112.92885,2025-12-19,1813,N21,n,2.0NRT,1.49,N,0.44,0.46,,,,,,firms,VIIRS,VIIRS_NOAA21_NRT
-8.1106,112.92401,2025-12-19,1813,N21,n,2.0NRT,1.49,N,0.44,0.46,,,,,,firms,VIIRS,VIIRS_NOAA21_NRT
-7.23942,111.7336,2025-12-19,1813,N21,n,2.0NRT,1.82,N,0.54,0.42,,,,,,firms,VIIRS,VIIRS_NOAA21_NRT
-6.54959,108.09627,2025-12-19,1813,N21,n,2.0NRT,1.41,N,0.39,0.36,,,,,,firms,VIIRS,VIIRS_NOAA21_NRT
-6.54905,108.09278,2025-12-19,1813,N21,n,2.0NRT,1.41,N,0.39,0.36,,,,,,firms,VIIRS,VIIRS_NOAA21_NRT
-8.27276,123.50624,2025-12-20,508,N21,n,2.0NRT,9.52,D,0.43,0.38,,,,,,firms,VIIRS,VIIRS_NOAA21_NRT
-4.28261,121.92826,2025-12-20,508,N21,n,2.0NRT,8.32,D,0.46,0.39,,,,,,firms,VIIRS,VIIRS_NOAA21_NRT
-4.02376,131.2347,2025-12-20,508,N21,n,2.0NRT,11.3,D,0.48,0.48,,,,,,firms,VIIRS,VIIRS_NOAA21_NRT
-3.61601,126.53524,2025-12-20,508,N21,n,2.0NRT,6.82,D,0.41,0.37,,,,,,firms,VIIRS,VIIRS_NOAA21_NRT
-3.52517,126.25211,2025-12-20,508,N21,n,2.0NRT,4.28,D,0.4,0.37,,,,,,firms,VIIRS,VIIRS_NOAA21_NRT
-3.51846,126.25097,2025-12-20,508,N21,n,2.0NRT,10.52,D,0.4,0.37,,,,,,firms,VIIRS,VIIRS_NOAA21_NRT
-2.57942,121.37923,2025-12-20,508,N21,n,2.0NRT,31.09,D,0.47,0.39,,,,,,firms,VIIRS,VIIRS_NOAA21_NRT
-2.5788,121.38332,2025-12-20,508,N21,n,2.0NRT,31.09,D,0.47,0.39,,,,,,firms,VIIRS,VIIRS_NOAA21_NRT
-2.5758,121.37876,2025-12-20,508,N21,n,2.0NRT,31.09,D,0.47,0.39,,,,,,firms,VIIRS,VIIRS_NOAA21_NRT
-2.57519,121.38286,2025-12-20,508,N21,n,2.0NRT,31.09,D,0.47,0.39,,,,,,firms,VIIRS,VIIRS_NOAA21_NRT
-2.26792,121.76245,2025-12-20,508,N21,l,2.0NRT,4.62,D,0.44,0.39,,,,,,firms,VIIRS,VIIRS_NOAA21_NRT
-2.01576,121.41801,2025-12-20,508,N21,n,2.0NRT,4.37,D,0.46,0.39,,,,,,firms,VIIRS,VIIRS_NOAA21_NRT
-2.01219,121.41749,2025-12-20,508,N21,n,2.0NRT,4.37,D,0.46,0.39,,,,,,firms,VIIRS,VIIRS_NOAA21_NRT
-2.01157,121.42162,2025-12-20,508,N21,n,2.0NRT,6.95,D,0.46,0.39,,,,,,firms,VIIRS,VIIRS_NOAA21_NRT
-2.0086,121.41702,2025-12-20,508,N21,n,2.0NRT,9.43,D,0.46,0.39,,,,,,firms,VIIRS,VIIRS_NOAA21_NRT
-2.00799,121.42115,2025-12-20,508,N21,n,2.0NRT,5.16,D,0.46,0.39,,,,,,firms,VIIRS,VIIRS_NOAA21_NRT
-2.00617,121.4333,2025-12-20,508,N21,n,2.0NRT,3.22,D,0.46,0.39,,,,,,firms,VIIRS,VIIRS_NOAA21_NRT
-2.00258,121.43291,2025-12-20,508,N21,n,2.0NRT,3.22,D,0.46,0.39,,,,,,firms,VIIRS,VIIRS_NOAA21_NRT
-2.00037,121.42947,2025-12-20,508,N21,n,2.0NRT,5.84,D,0.46,0.39,,,,,,firms,VIIRS,VIIRS_NOAA21_NRT
-1.57126,127.42949,2025-12-20,508,N21,n,2.0NRT,5.4,D,0.46,0.39,,,,,,firms,VIIRS,VIIRS_NOAA21_NRT
-1.56767,127.42892,2025-12-20,508,N21,n,2.0NRT,7.85,D,0.46,0.39,,,,,,firms,VIIRS,VIIRS_NOAA21_NRT
-1.56048,127.4279,2025-12-20,508,N21,n,2.0NRT,6.71,D,0.46,0.39,,,,,,firms,VIIRS,VIIRS_NOAA21_NRT
-2.88593,115.25854,2025-12-20,510,N21,n,2.0NRT,4.92,D,0.39,0.59,,,,,,firms,VIIRS,VIIRS_NOAA21_NRT
-1.26617,121.65495,2025-12-20,510,N21,n,2.0NRT,2.83,D,0.44,0.38,,,,,,firms,VIIRS,VIIRS_NOAA21_NRT
-1.09546,121.49091,2025-12-20,510,N21,n,2.0NRT,2.82,D,0.44,0.39,,,,,,firms,VIIRS,VIIRS_NOAA21_NRT
1.49485,127.63419,2025-12-20,510,N21,n,2.0NRT,11.52,D,0.51,0.41,,,,,,firms,VIIRS,VIIRS_NOAA21_NRT
-7.70396,108.99636,2025-12-20,648,N21,n,2.0NRT,4.63,D,0.34,0.56,,,,,,firms,VIIRS,VIIRS_NOAA21_NRT
-7.69319,108.9976,2025-12-20,648,N21,n,2.0NRT,2.48,D,0.34,0.56,,,,,,firms,VIIRS,VIIRS_NOAA21_NRT
-4.43468,104.55547,2025-12-20,650,N21,n,2.0NRT,7.58,D,0.39,0.44,,,,,,firms,VIIRS,VIIRS_NOAA21_NRT
-4.15586,102.82895,2025-12-20,650,N21,n,2.0NRT,3.33,D,0.47,0.4,,,,,,firms,VIIRS,VIIRS_NOAA21_NRT
-4.13001,102.6879,2025-12-20,650,N21,n,2.0NRT,3.92,D,0.46,0.39,,,,,,firms,VIIRS,VIIRS_NOAA21_NRT
-3.18381,104.35795,2025-12-20,650,N21,n,2.0NRT,7.29,D,0.4,0.44,,,,,,firms,VIIRS,VIIRS_NOAA21_NRT
-1.96889,102.18636,2025-12-20,650,N21,n,2.0NRT,8.75,D,0.46,0.39,,,,,,firms,VIIRS,VIIRS_NOAA21_NRT
-1.94949,101.33121,2025-12-20,650,N21,n,2.0NRT,4.13,D,0.43,0.38,,,,,,firms,VIIRS,VIIRS_NOAA21_NRT
-1.68065,102.71876,2025-12-20,650,N21,n,2.0NRT,4.5,D,0.5,0.41,,,,,,firms,VIIRS,VIIRS_NOAA21_NRT
-1.63818,100.73386,2025-12-20,650,N21,n,2.0NRT,3.08,D,0.41,0.37,,,,,,firms,VIIRS,VIIRS_NOAA21_NRT
-0.60533,103.22776,2025-12-20,650,N21,n,2.0NRT,5.33,D,0.55,0.43,,,,,,firms,VIIRS,VIIRS_NOAA21_NRT
-0.40831,101.70671,2025-12-20,650,N21,n,2.0NRT,2.71,D,0.46,0.39,,,,,,firms,VIIRS,VIIRS_NOAA21_NRT
0.05498,109.80861,2025-12-20,650,N21,n,2.0NRT,11.24,D,0.53,0.67,,,,,,firms,VIIRS,VIIRS_NOAA21_NRT
0.05518,109.81194,2025-12-20,650,N21,n,2.0NRT,16.23,D,0.53,0.67,,,,,,firms,VIIRS,VIIRS_NOAA21_NRT
0.27223,109.46965,2025-12-20,650,N21,n,2.0NRT,6.97,D,0.5,0.66,,,,,,firms,VIIRS,VIIRS_NOAA21_NRT
0.27687,99.24768,2025-12-20,650,N21,n,2.0NRT,5.4,D,0.39,0.36,,,,,,firms,VIIRS,VIIRS_NOAA21_NRT
0.28018,99.24717,2025-12-20,652,N21,n,2.0NRT,21.55,D,0.39,0.36,,,,,,firms,VIIRS,VIIRS_NOAA21_NRT
0.74443,97.70165,2025-12-20,652,N21,n,2.0NRT,4.98,D,0.39,0.36,,,,,,firms,VIIRS,VIIRS_NOAA21_NRT
1.06464,98.93019,2025-12-20,652,N21,n,2.0NRT,6.78,D,0.39,0.36,,,,,,firms,VIIRS,VIIRS_NOAA21_NRT
1.16955,97.3462,2025-12-20,652,N21,n,2.0NRT,8.65,D,0.39,0.36,,,,,,firms,VIIRS,VIIRS_NOAA21_NRT
1.37226,99.00526,2025-12-20,652,N21,n,2.0NRT,2.17,D,0.39,0.36,,,,,,firms,VIIRS,VIIRS_NOAA21_NRT
2.93424,98.18208,2025-12-20,652,N21,n,2.0NRT,1.76,D,0.38,0.36,,,,,,firms,VIIRS,VIIRS_NOAA21_NRT
4.55689,103.45585,2025-12-20,652,N21,n,2.0NRT,6.78,D,0.45,0.47,,,,,,firms,VIIRS,VIIRS_NOAA21_NRT
4.65847,103.38116,2025-12-20,652,N21,n,2.0NRT,4.18,D,0.44,0.46,,,,,,firms,VIIRS,VIIRS_NOAA21_NRT
4.81542,95.43029,2025-12-20,652,N21,n,2.0NRT,4.24,D,0.42,0.38,,,,,,firms,VIIRS,VIIRS_NOAA21_NRT
0.51321,127.89763,2025-12-20,1609,N21,n,2.0NRT,2.69,N,0.53,0.67,,,,,,firms,VIIRS,VIIRS_NOAA21_NRT
0.51397,127.89274,2025-12-20,1609,N21,n,2.0NRT,2.96,N,0.53,0.67,,,,,,firms,VIIRS,VIIRS_NOAA21_NRT
0.89243,124.0817,2025-12-20,1749,N21,n,2.0NRT,1.09,N,0.45,0.63,,,,,,firms,VIIRS,VIIRS_NOAA21_NRT
1.37113,104.1638,2025-12-20,1749,N21,n,2.0NRT,1.67,N,0.42,0.61,,,,,,firms,VIIRS,VIIRS_NOAA21_NRT
1.37646,104.1567,2025-12-20,1749,N21,n,2.0NRT,2.45,N,0.42,0.61,,,,,,firms,VIIRS,VIIRS_NOAA21_NRT
1.37703,104.15293,2025-12-20,1749,N21,n,2.0NRT,1.93,N,0.42,0.61,,,,,,firms,VIIRS,VIIRS_NOAA21_NRT
2.77643,125.41273,2025-12-20,1749,N21,n,2.0NRT,1.79,N,0.52,0.67,,,,,,firms,VIIRS,VIIRS_NOAA21_NRT
2.78051,125.41774,2025-12-20,1749,N21,n,2.0NRT,1.97,N,0.52,0.67,,,,,,firms,VIIRS,VIIRS_NOAA21_NRT
4.97847,112.98584,2025-12-20,1749,N21,n,2.0NRT,2.58,N,0.41,0.37,,,,,,firms,VIIRS,VIIRS_NOAA21_NRT
4.98244,112.98269,2025-12-20,1749,N21,n,2.0NRT,2.34,N,0.41,0.37,,,,,,firms,VIIRS,VIIRS_NOAA21_NRT
5.23216,105.59462,2025-12-20,1749,N21,n,2.0NRT,1.44,N,0.38,0.59,,,,,,firms,VIIRS,VIIRS_NOAA21_NRT
5.23266,105.59122,2025-12-20,1749,N21,n,2.0NRT,1.44,N,0.38,0.59,,,,,,firms,VIIRS,VIIRS_NOAA21_NRT
5.23507,105.5939,2025-12-20,1749,N21,n,2.0NRT,2.71,N,0.38,0.59,,,,,,firms,VIIRS,VIIRS_NOAA21_NRT
5.50283,105.20862,2025-12-20,1749,N21,n,2.0NRT,0.73,N,0.41,0.61,,,,,,firms,VIIRS,VIIRS_NOAA21_NRT
5.50334,105.20496,2025-12-20,1749,N21,n,2.0NRT,0.73,N,0.41,0.61,,,,,,firms,VIIRS,VIIRS_NOAA21_NRT
-8.92454,116.7615,2025-12-20,1751,N21,n,2.0NRT,1.36,N,0.39,0.44,,,,,,firms,VIIRS,VIIRS_NOAA21_NRT
-8.89673,116.74009,2025-12-20,1751,N21,n,2.0NRT,1.06,N,0.39,0.44,,,,,,firms,VIIRS,VIIRS_NOAA21_NRT
-8.27657,123.5177,2025-12-20,1751,N21,n,2.0NRT,7.07,N,0.56,0.69,,,,,,firms,VIIRS,VIIRS_NOAA21_NRT
-8.2727,123.51476,2025-12-20,1751,N21,n,2.0NRT,8.75,N,0.56,0.69,,,,,,firms,VIIRS,VIIRS_NOAA21_NRT
-8.11398,112.92684,2025-12-20,1751,N21,n,2.0NRT,2.44,N,0.39,0.36,,,,,,firms,VIIRS,VIIRS_NOAA21_NRT
-8.11342,112.92319,2025-12-20,1751,N21,n,2.0NRT,2.44,N,0.39,0.36,,,,,,firms,VIIRS,VIIRS_NOAA21_NRT
-7.70322,108.99623,2025-12-20,1751,N21,n,2.0NRT,2.62,N,0.45,0.39,,,,,,firms,VIIRS,VIIRS_NOAA21_NRT
-7.70255,108.99216,2025-12-20,1751,N21,n,2.0NRT,2.62,N,0.45,0.39,,,,,,firms,VIIRS,VIIRS_NOAA21_NRT
-7.69609,108.9974,2025-12-20,1751,N21,n,2.0NRT,2.34,N,0.45,0.39,,,,,,firms,VIIRS,VIIRS_NOAA21_NRT
-7.5435,110.4417,2025-12-20,1751,N21,n,2.0NRT,2.82,N,0.4,0.37,,,,,,firms,VIIRS,VIIRS_NOAA21_NRT
-7.35359,108.42414,2025-12-20,1751,N21,n,2.0NRT,0.99,N,0.49,0.4,,,,,,firms,VIIRS,VIIRS_NOAA21_NRT
-6.54806,108.09415,2025-12-20,1751,N21,n,2.0NRT,3.49,N,0.52,0.41,,,,,,firms,VIIRS,VIIRS_NOAA21_NRT
-6.40509,107.42851,2025-12-20,1751,N21,n,2.0NRT,1.37,N,0.57,0.43,,,,,,firms,VIIRS,VIIRS_NOAA21_NRT
-6.4036,107.42667,2025-12-20,1751,N21,n,2.0NRT,1.47,N,0.57,0.43,,,,,,firms,VIIRS,VIIRS_NOAA21_NRT
-6.18914,106.48149,2025-12-20,1751,N21,n,2.0NRT,0.86,N,0.44,0.46,,,,,,firms,VIIRS,VIIRS_NOAA21_NRT
-3.15281,113.64574,2025-12-20,1751,N21,n,2.0NRT,1.04,N,0.39,0.36,,,,,,firms,VIIRS,VIIRS_NOAA21_NRT
-2.99916,115.20296,2025-12-20,1751,N21,n,2.0NRT,1.02,N,0.42,0.38,,,,,,firms,VIIRS,VIIRS_NOAA21_NRT
-2.99628,115.20723,2025-12-20,1751,N21,n,2.0NRT,1.06,N,0.42,0.38,,,,,,firms,VIIRS,VIIRS_NOAA21_NRT
-2.88486,115.25851,2025-12-20,1751,N21,n,2.0NRT,2.98,N,0.42,0.38,,,,,,firms,VIIRS,VIIRS_NOAA21_NRT
-2.88428,115.25473,2025-12-20,1751,N21,n,2.0NRT,2.63,N,0.42,0.38,,,,,,firms,VIIRS,VIIRS_NOAA21_NRT
-2.87506,115.26389,2025-12-20,1751,N21,n,2.0NRT,1.01,N,0.42,0.38,,,,,,firms,VIIRS,VIIRS_NOAA21_NRT
-2.33532,111.05309,2025-12-20,1751,N21,n,2.0NRT,1.76,N,0.42,0.38,,,,,,firms,VIIRS,VIIRS_NOAA21_NRT
-2.10041,103.79912,2025-12-20,1751,N21,n,2.0NRT,0.66,N,0.39,0.59,,,,,,firms,VIIRS,VIIRS_NOAA21_NRT
-6.62924,138.86584,2025-12-21,448,N21,n,2.0NRT,2.87,D,0.34,0.56,,,,,,firms,VIIRS,VIIRS_NOAA21_NRT
-4.65675,122.99214,2025-12-21,450,N21,n,2.0NRT,6.84,D,0.51,0.5,,,,,,firms,VIIRS,VIIRS_NOAA21_NRT
-3.42855,126.04398,2025-12-21,450,N21,n,2.0NRT,6.52,D,0.48,0.4,,,,,,firms,VIIRS,VIIRS_NOAA21_NRT
-3.32877,129.13188,2025-12-21,450,N21,n,2.0NRT,2.82,D,0.38,0.36,,,,,,firms,VIIRS,VIIRS_NOAA21_NRT
-1.81745,136.74916,2025-12-21,450,N21,n,2.0NRT,6.96,D,0.59,0.53,,,,,,firms,VIIRS,VIIRS_NOAA21_NRT
-1.45853,127.43599,2025-12-21,450,N21,n,2.0NRT,27.03,D,0.41,0.37,,,,,,firms,VIIRS,VIIRS_NOAA21_NRT
-1.38096,122.48088,2025-12-21,450,N21,n,2.0NRT,6.49,D,0.5,0.49,,,,,,firms,VIIRS,VIIRS_NOAA21_NRT
-1.03525,123.31346,2025-12-21,450,N21,n,2.0NRT,6.14,D,0.43,0.46,,,,,,firms,VIIRS,VIIRS_NOAA21_NRT
-1.03371,121.85293,2025-12-21,450,N21,n,2.0NRT,3.93,D,0.54,0.51,,,,,,firms,VIIRS,VIIRS_NOAA21_NRT
0.48174,128.00247,2025-12-21,450,N21,n,2.0NRT,4.61,D,0.39,0.36,,,,,,firms,VIIRS,VIIRS_NOAA21_NRT
0.48346,127.99162,2025-12-21,450,N21,n,2.0NRT,6.91,D,0.39,0.36,,,,,,firms,VIIRS,VIIRS_NOAA21_NRT
1.49335,127.63237,2025-12-21,450,N21,n,2.0NRT,13.7,D,0.39,0.36,,,,,,firms,VIIRS,VIIRS_NOAA21_NRT
1.49389,127.63583,2025-12-21,450,N21,n,2.0NRT,7.17,D,0.39,0.36,,,,,,firms,VIIRS,VIIRS_NOAA21_NRT
-6.00454,105.98217,2025-12-21,629,N21,n,2.0NRT,6.72,D,0.4,0.37,,,,,,firms,VIIRS,VIIRS_NOAA21_NRT
-3.82047,105.725,2025-12-21,629,N21,n,2.0NRT,6.6,D,0.4,0.37,,,,,,firms,VIIRS,VIIRS_NOAA21_NRT
-7.70279,108.99597,2025-12-21,631,N21,n,2.0NRT,12.43,D,0.51,0.41,,,,,,firms,VIIRS,VIIRS_NOAA21_NRT
-2.14039,101.0361,2025-12-21,631,N21,n,2.0NRT,5.67,D,0.45,0.39,,,,,,firms,VIIRS,VIIRS_NOAA21_NRT
-0.06573,109.79088,2025-12-21,631,N21,n,2.0NRT,3.89,D,0.49,0.48,,,,,,firms,VIIRS,VIIRS_NOAA21_NRT
-0.06543,109.7898,2025-12-21,631,N21,n,2.0NRT,11.2,D,0.49,0.48,,,,,,firms,VIIRS,VIIRS_NOAA21_NRT
-0.03406,109.61502,2025-12-21,631,N21,n,2.0NRT,6.36,D,0.48,0.48,,,,,,firms,VIIRS,VIIRS_NOAA21_NRT
2.49031,102.9337,2025-12-21,631,N21,n,2.0NRT,2.72,D,0.38,0.36,,,,,,firms,VIIRS,VIIRS_NOAA21_NRT
3.20503,101.65078,2025-12-21,631,N21,n,2.0NRT,2.36,D,0.39,0.36,,,,,,firms,VIIRS,VIIRS_NOAA21_NRT
2.77986,125.41154,2025-12-21,1730,N21,n,2.0NRT,2.04,N,0.48,0.48,,,,,,firms,VIIRS,VIIRS_NOAA21_NRT
5.42954,114.71006,2025-12-21,1730,N21,n,2.0NRT,2.72,N,0.39,0.44,,,,,,firms,VIIRS,VIIRS_NOAA21_NRT
-3.90303,122.41738,2025-12-21,1732,N21,n,2.0NRT,2.7,N,0.39,0.44,,,,,,firms,VIIRS,VIIRS_NOAA21_NRT
-3.87108,122.39415,2025-12-21,1732,N21,n,2.0NRT,2.82,N,0.38,0.43,,,,,,firms,VIIRS,VIIRS_NOAA21_NRT
-3.84154,115.2553,2025-12-21,1732,N21,n,2.0NRT,2.12,N,0.43,0.38,,,,,,firms,VIIRS,VIIRS_NOAA21_NRT
-2.88096,122.1584,2025-12-21,1732,N21,n,2.0NRT,2.33,N,0.54,0.42,,,,,,firms,VIIRS,VIIRS_NOAA21_NRT
-2.87711,122.15908,2025-12-21,1732,N21,n,2.0NRT,2.17,N,0.54,0.42,,,,,,firms,VIIRS,VIIRS_NOAA21_NRT
-2.87398,122.16461,2025-12-21,1732,N21,n,2.0NRT,2.14,N,0.54,0.42,,,,,,firms,VIIRS,VIIRS_NOAA21_NRT
-2.86406,122.15115,2025-12-21,1732,N21,n,2.0NRT,1.51,N,0.54,0.42,,,,,,firms,VIIRS,VIIRS_NOAA21_NRT
-2.86285,122.15408,2025-12-21,1732,N21,n,2.0NRT,2.31,N,0.54,0.42,,,,,,firms,VIIRS,VIIRS_NOAA21_NRT
-2.85977,122.15963,2025-12-21,1732,N21,n,2.0NRT,2.31,N,0.54,0.42,,,,,,firms,VIIRS,VIIRS_NOAA21_NRT
-2.83038,122.17427,2025-12-21,1732,N21,n,2.0NRT,1.09,N,0.54,0.42,,,,,,firms,VIIRS,VIIRS_NOAA21_NRT
-2.82965,122.1695,2025-12-21,1732,N21,n,2.0NRT,1.09,N,0.54,0.42,,,,,,firms,VIIRS,VIIRS_NOAA21_NRT
-2.57732,121.386,2025-12-21,1732,N21,n,2.0NRT,5.48,N,0.49,0.4,,,,,,firms,VIIRS,VIIRS_NOAA21_NRT
-2.57665,121.3816,2025-12-21,1732,N21,n,2.0NRT,5.48,N,0.48,0.4,,,,,,firms,VIIRS,VIIRS_NOAA21_NRT
-1.89425,115.86428,2025-12-21,1732,N21,n,2.0NRT,5.46,N,0.42,0.38,,,,,,firms,VIIRS,VIIRS_NOAA21_NRT
-1.8908,115.86481,2025-12-21,1732,N21,n,2.0NRT,5.46,N,0.42,0.38,,,,,,firms,VIIRS,VIIRS_NOAA21_NRT
-1.57028,127.42873,2025-12-21,1732,N21,n,2.0NRT,2.01,N,0.39,0.59,,,,,,firms,VIIRS,VIIRS_NOAA21_NRT
-1.56487,127.42961,2025-12-21,1732,N21,n,2.0NRT,2.01,N,0.39,0.59,,,,,,firms,VIIRS,VIIRS_NOAA21_NRT
-1.4589,127.43843,2025-12-21,1732,N21,n,2.0NRT,6.89,N,0.39,0.59,,,,,,firms,VIIRS,VIIRS_NOAA21_NRT
-1.45844,127.43542,2025-12-21,1732,N21,n,2.0NRT,10.48,N,0.39,0.59,,,,,,firms,VIIRS,VIIRS_NOAA21_NRT
-1.38227,122.48099,2025-12-21,1732,N21,n,2.0NRT,1.43,N,0.54,0.42,,,,,,firms,VIIRS,VIIRS_NOAA21_NRT
-1.3798,122.4795,2025-12-21,1732,N21,n,2.0NRT,0.85,N,0.54,0.42,,,,,,firms,VIIRS,VIIRS_NOAA21_NRT
-1.24621,116.81251,2025-12-21,1732,N21,n,2.0NRT,1.67,N,0.4,0.37,,,,,,firms,VIIRS,VIIRS_NOAA21_NRT
-0.71036,117.06265,2025-12-21,1732,N21,n,2.0NRT,0.94,N,0.4,0.37,,,,,,firms,VIIRS,VIIRS_NOAA21_NRT
-0.70701,117.06316,2025-12-21,1732,N21,n,2.0NRT,0.94,N,0.4,0.37,,,,,,firms,VIIRS,VIIRS_NOAA21_NRT
0.51182,127.89723,2025-12-21,1732,N21,n,2.0NRT,1.19,N,0.39,0.59,,,,,,firms,VIIRS,VIIRS_NOAA21_NRT
0.51235,127.89386,2025-12-21,1732,N21,n,2.0NRT,1.19,N,0.39,0.59,,,,,,firms,VIIRS,VIIRS_NOAA21_NRT
-7.69322,108.99479,2025-12-21,1734,N21,n,2.0NRT,2.31,N,0.59,0.53,,,,,,firms,VIIRS,VIIRS_NOAA21_NRT
5.64531,104.98811,2025-12-21,1910,N21,n,2.0NRT,8.97,N,0.48,0.64,,,,,,firms,VIIRS,VIIRS_NOAA21_NRT
5.64606,104.98389,2025-12-21,1910,N21,n,2.0NRT,8.97,N,0.48,0.64,,,,,,firms,VIIRS,VIIRS_NOAA21_NRT
5.64681,104.97968,2025-12-21,1910,N21,h,2.0NRT,15.26,N,0.47,0.64,,,,,,firms,VIIRS,VIIRS_NOAA21_NRT
5.64756,104.97546,2025-12-21,1910,N21,n,2.0NRT,15.26,N,0.47,0.64,,,,,,firms,VIIRS,VIIRS_NOAA21_NRT
5.64831,104.97126,2025-12-21,1910,N21,n,2.0NRT,2.78,N,0.47,0.64,,,,,,firms,VIIRS,VIIRS_NOAA21_NRT
5.64906,104.96705,2025-12-21,1910,N21,n,2.0NRT,2.78,N,0.47,0.64,,,,,,firms,VIIRS,VIIRS_NOAA21_NRT
5.6519,104.98497,2025-12-21,1910,N21,n,2.0NRT,8.97,N,0.48,0.64,,,,,,firms,VIIRS,VIIRS_NOAA21_NRT
5.65265,104.98076,2025-12-21,1910,N21,n,2.0NRT,15.26,N,0.47,0.64,,,,,,firms,VIIRS,VIIRS_NOAA21_NRT
5.6534,104.97655,2025-12-21,1910,N21,n,2.0NRT,15.26,N,0.47,0.64,,,,,,firms,VIIRS,VIIRS_NOAA21_NRT
1.37573,104.16146,2025-12-21,1912,N21,n,2.0NRT,1.49,N,0.49,0.65,,,,,,firms,VIIRS,VIIRS_NOAA21_NRT
1.37645,104.1571,2025-12-21,1912,N21,n,2.0NRT,1.49,N,0.49,0.65,,,,,,firms,VIIRS,VIIRS_NOAA21_NRT
1.37833,104.16145,2025-12-21,1912,N21,n,2.0NRT,2.23,N,0.49,0.65,,,,,,firms,VIIRS,VIIRS_NOAA21_NRT
1.37901,104.15711,2025-12-21,1912,N21,n,2.0NRT,1.74,N,0.49,0.65,,,,,,firms,VIIRS,VIIRS_NOAA21_NRT
3.99635,103.13847,2025-12-21,1912,N21,n,2.0NRT,0.51,N,0.38,0.59,,,,,,firms,VIIRS,VIIRS_NOAA21_NRT
4.55536,103.46561,2025-12-21,1912,N21,n,2.0NRT,1.76,N,0.39,0.59,,,,,,firms,VIIRS,VIIRS_NOAA21_NRT
4.55653,103.45866,2025-12-21,1912,N21,n,2.0NRT,3.69,N,0.39,0.59,,,,,,firms,VIIRS,VIIRS_NOAA21_NRT
-1.01111,121.52173,2025-12-22,431,N21,n,2.0NRT,7.97,D,0.62,0.71,,,,,,firms,VIIRS,VIIRS_NOAA21_NRT
0.48266,127.99988,2025-12-22,431,N21,n,2.0NRT,3.93,D,0.42,0.45,,,,,,firms,VIIRS,VIIRS_NOAA21_NRT
0.48327,128.00371,2025-12-22,431,N21,n,2.0NRT,6.31,D,0.42,0.45,,,,,,firms,VIIRS,VIIRS_NOAA21_NRT
0.48747,127.97674,2025-12-22,431,N21,n,2.0NRT,5.0,D,0.42,0.45,,,,,,firms,VIIRS,VIIRS_NOAA21_NRT
0.50832,127.89317,2025-12-22,431,N21,l,2.0NRT,5.32,D,0.42,0.45,,,,,,firms,VIIRS,VIIRS_NOAA21_NRT
0.5089,127.89699,2025-12-22,431,N21,n,2.0NRT,5.32,D,0.42,0.45,,,,,,firms,VIIRS,VIIRS_NOAA21_NRT
1.49267,127.63162,2025-12-22,431,N21,n,2.0NRT,10.33,D,0.43,0.46,,,,,,firms,VIIRS,VIIRS_NOAA21_NRT
1.49678,127.63076,2025-12-22,431,N21,n,2.0NRT,10.33,D,0.43,0.46,,,,,,firms,VIIRS,VIIRS_NOAA21_NRT
-8.27351,112.56145,2025-12-22,609,N21,n,2.0NRT,2.38,D,0.44,0.38,,,,,,firms,VIIRS,VIIRS_NOAA21_NRT
-7.70099,108.99325,2025-12-22,609,N21,n,2.0NRT,3.6,D,0.39,0.36,,,,,,firms,VIIRS,VIIRS_NOAA21_NRT
-7.69381,108.99576,2025-12-22,609,N21,n,2.0NRT,5.59,D,0.39,0.36,,,,,,firms,VIIRS,VIIRS_NOAA21_NRT
-6.87155,107.571,2025-12-22,609,N21,l,2.0NRT,4.81,D,0.42,0.38,,,,,,firms,VIIRS,VIIRS_NOAA21_NRT
-5.20559,104.76653,2025-12-22,612,N21,n,2.0NRT,20.05,D,0.55,0.43,,,,,,firms,VIIRS,VIIRS_NOAA21_NRT
-4.49863,104.27731,2025-12-22,612,N21,n,2.0NRT,2.7,D,0.38,0.44,,,,,,firms,VIIRS,VIIRS_NOAA21_NRT
-2.12588,100.99898,2025-12-22,612,N21,n,2.0NRT,5.17,D,0.59,0.53,,,,,,firms,VIIRS,VIIRS_NOAA21_NRT
-0.08855,109.45277,2025-12-22,612,N21,n,2.0NRT,4.4,D,0.4,0.37,,,,,,firms,VIIRS,VIIRS_NOAA21_NRT
-0.0797,109.59353,2025-12-22,612,N21,n,2.0NRT,4.04,D,0.4,0.37,,,,,,firms,VIIRS,VIIRS_NOAA21_NRT
-0.07755,109.59325,2025-12-22,612,N21,n,2.0NRT,3.57,D,0.4,0.37,,,,,,firms,VIIRS,VIIRS_NOAA21_NRT
-0.44969,104.39243,2025-12-22,614,N21,n,2.0NRT,8.66,D,0.5,0.41,,,,,,firms,VIIRS,VIIRS_NOAA21_NRT
-0.38548,104.52448,2025-12-22,614,N21,n,2.0NRT,6.22,D,0.49,0.41,,,,,,firms,VIIRS,VIIRS_NOAA21_NRT
1.37546,104.15294,2025-12-22,614,N21,n,2.0NRT,3.44,D,0.49,0.4,,,,,,firms,VIIRS,VIIRS_NOAA21_NRT
3.04976,101.38567,2025-12-22,614,N21,n,2.0NRT,2.98,D,0.46,0.47,,,,,,firms,VIIRS,VIIRS_NOAA21_NRT
3.27603,113.07309,2025-12-22,614,N21,n,2.0NRT,3.8,D,0.44,0.46,,,,,,firms,VIIRS,VIIRS_NOAA21_NRT
3.27913,113.06485,2025-12-22,614,N21,n,2.0NRT,11.09,D,0.44,0.46,,,,,,firms,VIIRS,VIIRS_NOAA21_NRT
3.39904,102.28603,2025-12-22,614,N21,n,2.0NRT,2.75,D,0.4,0.44,,,,,,firms,VIIRS,VIIRS_NOAA21_NRT
3.52287,113.31487,2025-12-22,614,N21,n,2.0NRT,5.8,D,0.46,0.47,,,,,,firms,VIIRS,VIIRS_NOAA21_NRT
3.52428,113.31429,2025-12-22,614,N21,n,2.0NRT,8.41,D,0.46,0.47,,,,,,firms,VIIRS,VIIRS_NOAA21_NRT
3.94345,101.03997,2025-12-22,614,N21,n,2.0NRT,3.9,D,0.47,0.48,,,,,,firms,VIIRS,VIIRS_NOAA21_NRT
3.94414,101.04413,2025-12-22,614,N21,l,2.0NRT,3.9,D,0.47,0.48,,,,,,firms,VIIRS,VIIRS_NOAA21_NRT
3.94779,101.0393,2025-12-22,614,N21,l,2.0NRT,7.04,D,0.47,0.48,,,,,,firms,VIIRS,VIIRS_NOAA21_NRT
4.00363,97.44083,2025-12-22,614,N21,n,2.0NRT,3.39,D,0.42,0.61,,,,,,firms,VIIRS,VIIRS_NOAA21_NRT
4.02438,97.13535,2025-12-22,614,N21,n,2.0NRT,7.57,D,0.44,0.62,,,,,,firms,VIIRS,VIIRS_NOAA21_NRT
4.02685,97.1356,2025-12-22,614,N21,n,2.0NRT,6.89,D,0.44,0.62,,,,,,firms,VIIRS,VIIRS_NOAA21_NRT
5.22595,97.09098,2025-12-22,614,N21,n,2.0NRT,3.76,D,0.42,0.61,,,,,,firms,VIIRS,VIIRS_NOAA21_NRT
5.6462,104.9782,2025-12-22,614,N21,n,2.0NRT,5.42,D,0.41,0.37,,,,,,firms,VIIRS,VIIRS_NOAA21_NRT
5.64678,104.98188,2025-12-22,614,N21,n,2.0NRT,5.42,D,0.41,0.37,,,,,,firms,VIIRS,VIIRS_NOAA21_NRT
-8.27291,123.50764,2025-12-22,1713,N21,n,2.0NRT,0.7,N,0.42,0.38,,,,,,firms,VIIRS,VIIRS_NOAA21_NRT
-3.76133,115.43222,2025-12-22,1713,N21,n,2.0NRT,1.89,N,0.52,0.5,,,,,,firms,VIIRS,VIIRS_NOAA21_NRT
-2.57638,121.38245,2025-12-22,1713,N21,n,2.0NRT,6.27,N,0.4,0.37,,,,,,firms,VIIRS,VIIRS_NOAA21_NRT
-1.89264,115.86521,2025-12-22,1713,N21,n,2.0NRT,0.87,N,0.52,0.5,,,,,,firms,VIIRS,VIIRS_NOAA21_NRT
2.77594,125.40565,2025-12-22,1713,N21,n,2.0NRT,2.27,N,0.4,0.37,,,,,,firms,VIIRS,VIIRS_NOAA21_NRT
2.77933,125.40601,2025-12-22,1713,N21,n,2.0NRT,2.27,N,0.4,0.37,,,,,,firms,VIIRS,VIIRS_NOAA21_NRT
-8.12599,112.93907,2025-12-22,1715,N21,n,2.0NRT,1.45,N,0.33,0.55,,,,,,firms,VIIRS,VIIRS_NOAA21_NRT
-8.12566,112.93718,2025-12-22,1715,N21,n,2.0NRT,1.45,N,0.33,0.55,,,,,,firms,VIIRS,VIIRS_NOAA21_NRT
-8.12054,112.93757,2025-12-22,1715,N21,n,2.0NRT,6.6,N,0.33,0.55,,,,,,firms,VIIRS,VIIRS_NOAA21_NRT
-8.12022,112.93578,2025-12-22,1715,N21,n,2.0NRT,6.6,N,0.33,0.55,,,,,,firms,VIIRS,VIIRS_NOAA21_NRT
-8.11991,112.93401,2025-12-22,1715,N21,h,2.0NRT,7.62,N,0.33,0.55,,,,,,firms,VIIRS,VIIRS_NOAA21_NRT
-8.11959,112.93224,2025-12-22,1715,N21,n,2.0NRT,7.62,N,0.33,0.55,,,,,,firms,VIIRS,VIIRS_NOAA21_NRT
-8.11926,112.93039,2025-12-22,1715,N21,n,2.0NRT,1.69,N,0.33,0.55,,,,,,firms,VIIRS,VIIRS_NOAA21_NRT
-8.11383,112.929,2025-12-22,1715,N21,n,2.0NRT,1.66,N,0.33,0.55,,,,,,firms,VIIRS,VIIRS_NOAA21_NRT
-8.11347,112.92702,2025-12-22,1715,N21,n,2.0NRT,1.66,N,0.33,0.55,,,,,,firms,VIIRS,VIIRS_NOAA21_NRT
-8.11307,112.92477,2025-12-22,1715,N21,n,2.0NRT,2.39,N,0.33,0.55,,,,,,firms,VIIRS,VIIRS_NOAA21_NRT
-8.1126,112.92219,2025-12-22,1715,N21,n,2.0NRT,2.39,N,0.33,0.55,,,,,,firms,VIIRS,VIIRS_NOAA21_NRT
-8.11197,112.91869,2025-12-22,1715,N21,n,2.0NRT,1.95,N,0.33,0.55,,,,,,firms,VIIRS,VIIRS_NOAA21_NRT
4.00606,103.34743,2025-12-22,1851,N21,n,2.0NRT,1.51,N,0.56,0.43,,,,,,firms,VIIRS,VIIRS_NOAA21_NRT
4.00675,103.34392,2025-12-22,1851,N21,n,2.0NRT,2.25,N,0.56,0.43,,,,,,firms,VIIRS,VIIRS_NOAA21_NRT
5.22535,97.09292,2025-12-22,1851,N21,n,2.0NRT,2.42,N,0.41,0.37,,,,,,firms,VIIRS,VIIRS_NOAA21_NRT
5.22591,97.08923,2025-12-22,1851,N21,n,2.0NRT,2.42,N,0.41,0.37,,,,,,firms,VIIRS,VIIRS_NOAA21_NRT
5.33862,100.76447,2025-12-22,1851,N21,n,2.0NRT,1.56,N,0.41,0.37,,,,,,firms,VIIRS,VIIRS_NOAA21_NRT
-3.30761,104.31891,2025-12-22,1853,N21,n,2.0NRT,1.02,N,0.55,0.51,,,,,,firms,VIIRS,VIIRS_NOAA21_NRT
-2.29692,102.89626,2025-12-22,1853,N21,n,2.0NRT,0.79,N,0.43,0.46,,,,,,firms,VIIRS,VIIRS_NOAA21_NRT
-1.57678,103.68913,2025-12-22,1853,N21,n,2.0NRT,1.59,N,0.47,0.48,,,,,,firms,VIIRS,VIIRS_NOAA21_NRT
-1.57664,103.69235,2025-12-22,1853,N21,n,2.0NRT,1.2,N,0.47,0.48,,,,,,firms,VIIRS,VIIRS_NOAA21_NRT
-1.57241,103.68982,2025-12-22,1853,N21,n,2.0NRT,0.67,N,0.47,0.48,,,,,,firms,VIIRS,VIIRS_NOAA21_NRT
-1.57161,103.68882,2025-12-22,1853,N21,n,2.0NRT,0.57,N,0.47,0.48,,,,,,firms,VIIRS,VIIRS_NOAA21_NRT
-1.17626,103.49255,2025-12-22,1853,N21,n,2.0NRT,1.13,N,0.45,0.47,,,,,,firms,VIIRS,VIIRS_NOAA21_NRT
-1.16977,103.33854,2025-12-22,1853,N21,n,2.0NRT,0.85,N,0.44,0.46,,,,,,firms,VIIRS,VIIRS_NOAA21_NRT
-0.98715,103.33371,2025-12-22,1853,N21,n,2.0NRT,0.54,N,0.44,0.46,,,,,,firms,VIIRS,VIIRS_NOAA21_NRT
-0.45663,102.1723,2025-12-22,1853,N21,n,2.0NRT,1.0,N,0.55,0.42,,,,,,firms,VIIRS,VIIRS_NOAA21_NRT
1.59273,104.21477,2025-12-22,1853,N21,n,2.0NRT,0.81,N,0.46,0.47,,,,,,firms,VIIRS,VIIRS_NOAA21_NRT
1.84162,103.23021,2025-12-22,1853,N21,n,2.0NRT,1.14,N,0.39,0.44,,,,,,firms,VIIRS,VIIRS_NOAA21_NRT
-2.59667,140.63683,2025-12-23,412,N21,l,2.0NRT,4.82,D,0.41,0.37,,,,,,firms,VIIRS,VIIRS_NOAA21_NRT
-7.7037,108.99578,2025-12-23,552,N21,n,2.0NRT,5.71,D,0.43,0.46,,,,,,firms,VIIRS,VIIRS_NOAA21_NRT
-4.66305,121.7445,2025-12-23,552,N21,n,2.0NRT,7.71,D,0.61,0.53,,,,,,firms,VIIRS,VIIRS_NOAA21_NRT
-4.6609,121.74622,2025-12-23,552,N21,n,2.0NRT,10.25,D,0.61,0.53,,,,,,firms,VIIRS,VIIRS_NOAA21_NRT
-4.51529,121.65171,2025-12-23,552,N21,n,2.0NRT,5.91,D,0.6,0.53,,,,,,firms,VIIRS,VIIRS_NOAA21_NRT
-4.51353,121.66225,2025-12-23,552,N21,n,2.0NRT,5.71,D,0.6,0.53,,,,,,firms,VIIRS,VIIRS_NOAA21_NRT
-4.51046,121.65086,2025-12-23,552,N21,n,2.0NRT,5.91,D,0.6,0.53,,,,,,firms,VIIRS,VIIRS_NOAA21_NRT
-4.49729,121.66994,2025-12-23,552,N21,n,2.0NRT,9.7,D,0.6,0.53,,,,,,firms,VIIRS,VIIRS_NOAA21_NRT
-4.42549,121.60119,2025-12-23,552,N21,n,2.0NRT,7.15,D,0.6,0.53,,,,,,firms,VIIRS,VIIRS_NOAA21_NRT
-4.35002,121.64463,2025-12-23,552,N21,n,2.0NRT,20.89,D,0.6,0.53,,,,,,firms,VIIRS,VIIRS_NOAA21_NRT
-4.34299,102.89417,2025-12-23,552,N21,n,2.0NRT,5.95,D,0.5,0.66,,,,,,firms,VIIRS,VIIRS_NOAA21_NRT
-3.87113,122.3992,2025-12-23,552,N21,n,2.0NRT,9.43,D,0.35,0.56,,,,,,firms,VIIRS,VIIRS_NOAA21_NRT
-3.87062,122.40229,2025-12-23,552,N21,n,2.0NRT,10.03,D,0.35,0.56,,,,,,firms,VIIRS,VIIRS_NOAA21_NRT
-3.8696,122.40846,2025-12-23,552,N21,n,2.0NRT,6.64,D,0.35,0.57,,,,,,firms,VIIRS,VIIRS_NOAA21_NRT
-3.74831,122.08609,2025-12-23,552,N21,n,2.0NRT,3.57,D,0.33,0.55,,,,,,firms,VIIRS,VIIRS_NOAA21_NRT
-3.52313,121.44093,2025-12-23,552,N21,n,2.0NRT,9.06,D,0.6,0.53,,,,,,firms,VIIRS,VIIRS_NOAA21_NRT
-3.52223,121.43816,2025-12-23,552,N21,n,2.0NRT,5.65,D,0.6,0.53,,,,,,firms,VIIRS,VIIRS_NOAA21_NRT
-1.9987,110.22107,2025-12-23,554,N21,n,2.0NRT,3.57,D,0.46,0.39,,,,,,firms,VIIRS,VIIRS_NOAA21_NRT
-1.9278,105.25243,2025-12-23,554,N21,n,2.0NRT,5.81,D,0.63,0.54,,,,,,firms,VIIRS,VIIRS_NOAA21_NRT
-1.69649,119.48344,2025-12-23,554,N21,n,2.0NRT,13.06,D,0.47,0.48,,,,,,firms,VIIRS,VIIRS_NOAA21_NRT
-1.15024,121.55584,2025-12-23,554,N21,n,2.0NRT,3.26,D,0.34,0.56,,,,,,firms,VIIRS,VIIRS_NOAA21_NRT
-1.02191,121.53032,2025-12-23,554,N21,n,2.0NRT,3.01,D,0.34,0.56,,,,,,firms,VIIRS,VIIRS_NOAA21_NRT
-0.30505,116.78423,2025-12-23,554,N21,n,2.0NRT,7.76,D,0.5,0.41,,,,,,firms,VIIRS,VIIRS_NOAA21_NRT
-0.21948,109.96154,2025-12-23,554,N21,l,2.0NRT,4.4,D,0.45,0.39,,,,,,firms,VIIRS,VIIRS_NOAA21_NRT
-0.21884,109.96111,2025-12-23,554,N21,n,2.0NRT,5.05,D,0.45,0.39,,,,,,firms,VIIRS,VIIRS_NOAA21_NRT
-0.21592,109.96101,2025-12-23,554,N21,l,2.0NRT,4.4,D,0.45,0.39,,,,,,firms,VIIRS,VIIRS_NOAA21_NRT
-0.21528,109.96058,2025-12-23,554,N21,n,2.0NRT,5.05,D,0.45,0.39,,,,,,firms,VIIRS,VIIRS_NOAA21_NRT
0.32193,104.38622,2025-12-23,554,N21,n,2.0NRT,3.09,D,0.34,0.56,,,,,,firms,VIIRS,VIIRS_NOAA21_NRT
0.32566,104.38416,2025-12-23,554,N21,n,2.0NRT,4.58,D,0.34,0.56,,,,,,firms,VIIRS,VIIRS_NOAA21_NRT
0.78828,109.98156,2025-12-23,554,N21,n,2.0NRT,4.74,D,0.44,0.39,,,,,,firms,VIIRS,VIIRS_NOAA21_NRT
1.67403,101.4735,2025-12-23,554,N21,n,2.0NRT,7.04,D,0.51,0.66,,,,,,firms,VIIRS,VIIRS_NOAA21_NRT
1.84298,103.23093,2025-12-23,554,N21,n,2.0NRT,6.44,D,0.38,0.59,,,,,,firms,VIIRS,VIIRS_NOAA21_NRT
1.9757,117.28742,2025-12-23,554,N21,n,2.0NRT,1.82,D,0.39,0.44,,,,,,firms,VIIRS,VIIRS_NOAA21_NRT
1.98371,117.33948,2025-12-23,554,N21,n,2.0NRT,2.13,D,0.39,0.44,,,,,,firms,VIIRS,VIIRS_NOAA21_NRT
2.11251,117.52563,2025-12-23,554,N21,n,2.0NRT,2.09,D,0.4,0.44,,,,,,firms,VIIRS,VIIRS_NOAA21_NRT
1.67003,101.47443,2025-12-23,557,N21,n,2.0NRT,8.38,D,0.51,0.66,,,,,,firms,VIIRS,VIIRS_NOAA21_NRT
4.9776,112.98254,2025-12-23,557,N21,n,2.0NRT,12.71,D,0.4,0.37,,,,,,firms,VIIRS,VIIRS_NOAA21_NRT
-0.66137,101.21124,2025-12-23,735,N21,n,2.0NRT,8.16,D,0.77,0.77,,,,,,firms,VIIRS,VIIRS_NOAA21_NRT
-0.65914,101.21231,2025-12-23,735,N21,n,2.0NRT,7.25,D,0.77,0.77,,,,,,firms,VIIRS,VIIRS_NOAA21_NRT
0.64744,99.31499,2025-12-23,735,N21,n,2.0NRT,6.22,D,0.59,0.7,,,,,,firms,VIIRS,VIIRS_NOAA21_NRT
4.38856,95.92716,2025-12-23,735,N21,n,2.0NRT,2.52,D,0.39,0.6,,,,,,firms,VIIRS,VIIRS_NOAA21_NRT
2.62194,95.92089,2025-12-23,737,N21,n,2.0NRT,4.27,D,0.37,0.58,,,,,,firms,VIIRS,VIIRS_NOAA21_NRT
2.78219,125.40347,2025-12-23,1652,N21,n,2.0NRT,2.07,N,0.46,0.39,,,,,,firms,VIIRS,VIIRS_NOAA21_NRT
-2.57579,121.39012,2025-12-23,1654,N21,n,2.0NRT,1.29,N,0.45,0.47,,,,,,firms,VIIRS,VIIRS_NOAA21_NRT
-2.57516,121.38627,2025-12-23,1654,N21,n,2.0NRT,1.74,N,0.45,0.47,,,,,,firms,VIIRS,VIIRS_NOAA21_NRT
-2.57089,121.38708,2025-12-23,1654,N21,n,2.0NRT,0.94,N,0.45,0.47,,,,,,firms,VIIRS,VIIRS_NOAA21_NRT
-2.57025,121.3831,2025-12-23,1654,N21,n,2.0NRT,0.94,N,0.45,0.47,,,,,,firms,VIIRS,VIIRS_NOAA21_NRT
-1.57128,127.42946,2025-12-23,1654,N21,n,2.0NRT,1.78,N,0.38,0.36,,,,,,firms,VIIRS,VIIRS_NOAA21_NRT
-1.56797,127.42996,2025-12-23,1654,N21,n,2.0NRT,3.09,N,0.38,0.36,,,,,,firms,VIIRS,VIIRS_NOAA21_NRT
-1.56413,127.42704,2025-12-23,1654,N21,n,2.0NRT,3.4,N,0.38,0.36,,,,,,firms,VIIRS,VIIRS_NOAA21_NRT
-1.56083,127.42756,2025-12-23,1654,N21,n,2.0NRT,2.29,N,0.38,0.36,,,,,,firms,VIIRS,VIIRS_NOAA21_NRT
-1.53279,127.42135,2025-12-23,1654,N21,n,2.0NRT,1.33,N,0.38,0.36,,,,,,firms,VIIRS,VIIRS_NOAA21_NRT
-1.46014,127.43623,2025-12-23,1654,N21,n,2.0NRT,8.01,N,0.38,0.36,,,,,,firms,VIIRS,VIIRS_NOAA21_NRT
-1.45684,127.43674,2025-12-23,1654,N21,n,2.0NRT,8.01,N,0.38,0.36,,,,,,firms,VIIRS,VIIRS_NOAA21_NRT
-1.38201,122.47893,2025-12-23,1654,N21,n,2.0NRT,1.68,N,0.4,0.44,,,,,,firms,VIIRS,VIIRS_NOAA21_NRT
-1.31695,131.02173,2025-12-23,1654,N21,n,2.0NRT,1.16,N,0.48,0.4,,,,,,firms,VIIRS,VIIRS_NOAA21_NRT
0.48211,128.005,2025-12-23,1654,N21,n,2.0NRT,3.1,N,0.38,0.36,,,,,,firms,VIIRS,VIIRS_NOAA21_NRT
0.48264,128.00159,2025-12-23,1654,N21,n,2.0NRT,3.7,N,0.38,0.36,,,,,,firms,VIIRS,VIIRS_NOAA21_NRT
0.48372,127.99474,2025-12-23,1654,N21,n,2.0NRT,2.0,N,0.38,0.36,,,,,,firms,VIIRS,VIIRS_NOAA21_NRT
0.48425,127.99131,2025-12-23,1654,N21,n,2.0NRT,2.0,N,0.38,0.36,,,,,,firms,VIIRS,VIIRS_NOAA21_NRT
0.48533,127.98445,2025-12-23,1654,N21,n,2.0NRT,2.25,N,0.38,0.36,,,,,,firms,VIIRS,VIIRS_NOAA21_NRT
0.48694,127.97418,2025-12-23,1654,N21,n,2.0NRT,1.41,N,0.38,0.36,,,,,,firms,VIIRS,VIIRS_NOAA21_NRT
0.48863,127.98497,2025-12-23,1654,N21,n,2.0NRT,2.51,N,0.38,0.36,,,,,,firms,VIIRS,VIIRS_NOAA21_NRT
0.49024,127.97469,2025-12-23,1654,N21,n,2.0NRT,0.65,N,0.38,0.36,,,,,,firms,VIIRS,VIIRS_NOAA21_NRT
0.49247,127.98205,2025-12-23,1654,N21,n,2.0NRT,1.37,N,0.38,0.36,,,,,,firms,VIIRS,VIIRS_NOAA21_NRT
0.50919,127.89689,2025-12-23,1654,N21,n,2.0NRT,1.04,N,0.38,0.36,,,,,,firms,VIIRS,VIIRS_NOAA21_NRT
0.50973,127.89346,2025-12-23,1654,N21,n,2.0NRT,1.91,N,0.38,0.36,,,,,,firms,VIIRS,VIIRS_NOAA21_NRT
0.51249,127.89739,2025-12-23,1654,N21,n,2.0NRT,1.04,N,0.38,0.36,,,,,,firms,VIIRS,VIIRS_NOAA21_NRT
1.49257,127.63287,2025-12-23,1654,N21,n,2.0NRT,1.29,N,0.39,0.36,,,,,,firms,VIIRS,VIIRS_NOAA21_NRT
1.49621,127.63358,2025-12-23,1654,N21,n,2.0NRT,1.81,N,0.39,0.36,,,,,,firms,VIIRS,VIIRS_NOAA21_NRT
1.51616,127.93913,2025-12-23,1654,N21,n,2.0NRT,1.27,N,0.38,0.36,,,,,,firms,VIIRS,VIIRS_NOAA21_NRT
-8.10942,112.92281,2025-12-23,1656,N21,n,2.0NRT,7.7,N,0.7,0.75,,,,,,firms,VIIRS,VIIRS_NOAA21_NRT
-3.90438,122.41973,2025-12-23,1656,N21,n,2.0NRT,1.38,N,0.56,0.43,,,,,,firms,VIIRS,VIIRS_NOAA21_NRT
-3.90356,122.41473,2025-12-23,1656,N21,n,2.0NRT,1.6,N,0.56,0.43,,,,,,firms,VIIRS,VIIRS_NOAA21_NRT
-3.87273,122.39908,2025-12-23,1656,N21,n,2.0NRT,1.67,N,0.56,0.43,,,,,,firms,VIIRS,VIIRS_NOAA21_NRT
-3.87268,122.39697,2025-12-23,1656,N21,n,2.0NRT,0.91,N,0.56,0.43,,,,,,firms,VIIRS,VIIRS_NOAA21_NRT
-3.87189,122.39407,2025-12-23,1656,N21,n,2.0NRT,1.67,N,0.56,0.43,,,,,,firms,VIIRS,VIIRS_NOAA21_NRT
-3.87188,122.39194,2025-12-23,1656,N21,n,2.0NRT,0.91,N,0.56,0.43,,,,,,firms,VIIRS,VIIRS_NOAA21_NRT
-3.87046,122.40972,2025-12-23,1656,N21,n,2.0NRT,1.76,N,0.56,0.43,,,,,,firms,VIIRS,VIIRS_NOAA21_NRT
-3.87034,122.40763,2025-12-23,1656,N21,n,2.0NRT,1.8,N,0.56,0.43,,,,,,firms,VIIRS,VIIRS_NOAA21_NRT
-3.86963,122.40471,2025-12-23,1656,N21,n,2.0NRT,1.76,N,0.56,0.43,,,,,,firms,VIIRS,VIIRS_NOAA21_NRT
-3.86954,122.4026,2025-12-23,1656,N21,n,2.0NRT,1.8,N,0.56,0.43,,,,,,firms,VIIRS,VIIRS_NOAA21_NRT
0.84763,101.39139,2025-12-23,1834,N21,n,2.0NRT,1.36,N,0.4,0.37,,,,,,firms,VIIRS,VIIRS_NOAA21_NRT
0.92413,104.66045,2025-12-23,1834,N21,n,2.0NRT,0.83,N,0.41,0.37,,,,,,firms,VIIRS,VIIRS_NOAA21_NRT
1.05708,101.27732,2025-12-23,1834,N21,n,2.0NRT,1.48,N,0.4,0.37,,,,,,firms,VIIRS,VIIRS_NOAA21_NRT
1.37496,104.15356,2025-12-23,1834,N21,n,2.0NRT,1.73,N,0.4,0.37,,,,,,firms,VIIRS,VIIRS_NOAA21_NRT
1.3772,104.16119,2025-12-23,1834,N21,n,2.0NRT,2.33,N,0.4,0.37,,,,,,firms,VIIRS,VIIRS_NOAA21_NRT
1.37831,104.1541,2025-12-23,1834,N21,n,2.0NRT,1.73,N,0.4,0.37,,,,,,firms,VIIRS,VIIRS_NOAA21_NRT
1.67222,101.47485,2025-12-23,1834,N21,n,2.0NRT,1.29,N,0.4,0.37,,,,,,firms,VIIRS,VIIRS_NOAA21_NRT
1.84216,103.23299,2025-12-23,1834,N21,n,2.0NRT,1.32,N,0.38,0.36,,,,,,firms,VIIRS,VIIRS_NOAA21_NRT
1.8427,103.22956,2025-12-23,1834,N21,n,2.0NRT,1.32,N,0.38,0.36,,,,,,firms,VIIRS,VIIRS_NOAA21_NRT
2.49146,102.93468,2025-12-23,1834,N21,n,2.0NRT,0.85,N,0.38,0.36,,,,,,firms,VIIRS,VIIRS_NOAA21_NRT
2.73917,102.39387,2025-12-23,1834,N21,n,2.0NRT,0.81,N,0.39,0.36,,,,,,firms,VIIRS,VIIRS_NOAA21_NRT
2.78778,102.89002,2025-12-23,1834,N21,n,2.0NRT,1.14,N,0.38,0.36,,,,,,firms,VIIRS,VIIRS_NOAA21_NRT
3.06858,101.4584,2025-12-23,1834,N21,n,2.0NRT,0.57,N,0.41,0.37,,,,,,firms,VIIRS,VIIRS_NOAA21_NRT
5.33899,100.76437,2025-12-23,1834,N21,n,2.0NRT,1.9,N,0.46,0.39,,,,,,firms,VIIRS,VIIRS_NOAA21_NRT
5.58442,104.47454,2025-12-23,1834,N21,n,2.0NRT,0.96,N,0.39,0.36,,,,,,firms,VIIRS,VIIRS_NOAA21_NRT
5.58773,104.47506,2025-12-23,1834,N21,n,2.0NRT,0.96,N,0.39,0.36,,,,,,firms,VIIRS,VIIRS_NOAA21_NRT
-2.99587,115.20044,2025-12-23,1836,N21,n,2.0NRT,2.89,N,0.73,0.76,,,,,,firms,VIIRS,VIIRS_NOAA21_NRT
-2.99533,115.20204,2025-12-23,1836,N21,n,2.0NRT,2.77,N,0.73,0.76,,,,,,firms,VIIRS,VIIRS_NOAA21_NRT
-1.17482,103.36043,2025-12-23,1836,N21,n,2.0NRT,0.68,N,0.39,0.36,,,,,,firms,VIIRS,VIIRS_NOAA21_NRT
-1.17459,103.49022,2025-12-23,1836,N21,n,2.0NRT,0.75,N,0.4,0.37,,,,,,firms,VIIRS,VIIRS_NOAA21_NRT
-1.02512,103.36185,2025-12-23,1836,N21,n,2.0NRT,0.73,N,0.39,0.36,,,,,,firms,VIIRS,VIIRS_NOAA21_NRT
-0.98687,103.33244,2025-12-23,1836,N21,n,2.0NRT,0.62,N,0.39,0.36,,,,,,firms,VIIRS,VIIRS_NOAA21_NRT
-6.24488,139.17381,2025-12-24,353,N21,n,2.0NRT,9.07,D,0.4,0.45,,,,,,firms,VIIRS,VIIRS_NOAA21_NRT
-8.89504,116.73927,2025-12-24,531,N21,l,2.0NRT,7.19,D,0.45,0.39,,,,,,firms,VIIRS,VIIRS_NOAA21_NRT
-8.12715,117.78295,2025-12-24,531,N21,l,2.0NRT,3.1,D,0.41,0.37,,,,,,firms,VIIRS,VIIRS_NOAA21_NRT
-4.00771,119.90713,2025-12-24,533,N21,n,2.0NRT,5.23,D,0.4,0.37,,,,,,firms,VIIRS,VIIRS_NOAA21_NRT
-3.82739,120.04361,2025-12-24,533,N21,n,2.0NRT,2.74,D,0.4,0.37,,,,,,firms,VIIRS,VIIRS_NOAA21_NRT
-3.34314,121.13113,2025-12-24,533,N21,n,2.0NRT,5.24,D,0.45,0.39,,,,,,firms,VIIRS,VIIRS_NOAA21_NRT
-2.948,121.45634,2025-12-24,533,N21,n,2.0NRT,3.92,D,0.47,0.39,,,,,,firms,VIIRS,VIIRS_NOAA21_NRT
-2.69053,120.2681,2025-12-24,533,N21,n,2.0NRT,2.82,D,0.42,0.37,,,,,,firms,VIIRS,VIIRS_NOAA21_NRT
-1.89049,115.86298,2025-12-24,533,N21,n,2.0NRT,11.12,D,0.42,0.38,,,,,,firms,VIIRS,VIIRS_NOAA21_NRT
0.47996,128.00229,2025-12-24,533,N21,n,2.0NRT,7.46,D,0.47,0.64,,,,,,firms,VIIRS,VIIRS_NOAA21_NRT
0.48384,127.98895,2025-12-24,533,N21,n,2.0NRT,5.86,D,0.47,0.64,,,,,,firms,VIIRS,VIIRS_NOAA21_NRT
0.48447,127.99294,2025-12-24,533,N21,n,2.0NRT,5.86,D,0.47,0.64,,,,,,firms,VIIRS,VIIRS_NOAA21_NRT
0.60504,110.31432,2025-12-24,535,N21,n,2.0NRT,6.25,D,0.55,0.51,,,,,,firms,VIIRS,VIIRS_NOAA21_NRT
0.60759,110.31049,2025-12-24,535,N21,n,2.0NRT,6.78,D,0.55,0.51,,,,,,firms,VIIRS,VIIRS_NOAA21_NRT
2.06376,117.47022,2025-12-24,535,N21,n,2.0NRT,2.97,D,0.38,0.36,,,,,,firms,VIIRS,VIIRS_NOAA21_NRT
3.27651,113.06294,2025-12-24,535,N21,n,2.0NRT,20.71,D,0.5,0.41,,,,,,firms,VIIRS,VIIRS_NOAA21_NRT
3.27794,113.07202,2025-12-24,535,N21,n,2.0NRT,11.91,D,0.5,0.41,,,,,,firms,VIIRS,VIIRS_NOAA21_NRT
3.60436,112.40997,2025-12-24,535,N21,n,2.0NRT,4.7,D,0.54,0.42,,,,,,firms,VIIRS,VIIRS_NOAA21_NRT
4.47327,118.6491,2025-12-24,535,N21,n,2.0NRT,4.12,D,0.42,0.37,,,,,,firms,VIIRS,VIIRS_NOAA21_NRT
4.97758,112.97996,2025-12-24,535,N21,n,2.0NRT,19.4,D,0.48,0.4,,,,,,firms,VIIRS,VIIRS_NOAA21_NRT
5.60475,125.38781,2025-12-24,535,N21,n,2.0NRT,2.45,D,0.37,0.58,,,,,,firms,VIIRS,VIIRS_NOAA21_NRT
-4.88687,103.58421,2025-12-24,713,N21,n,2.0NRT,7.25,D,0.44,0.63,,,,,,firms,VIIRS,VIIRS_NOAA21_NRT
-4.88506,103.58356,2025-12-24,713,N21,n,2.0NRT,6.66,D,0.45,0.63,,,,,,firms,VIIRS,VIIRS_NOAA21_NRT
-4.38496,103.05012,2025-12-24,713,N21,n,2.0NRT,5.02,D,0.42,0.61,,,,,,firms,VIIRS,VIIRS_NOAA21_NRT
-2.13593,100.99979,2025-12-24,716,N21,n,2.0NRT,3.19,D,0.33,0.55,,,,,,firms,VIIRS,VIIRS_NOAA21_NRT
-2.13091,100.999,2025-12-24,716,N21,n,2.0NRT,3.19,D,0.33,0.55,,,,,,firms,VIIRS,VIIRS_NOAA21_NRT
-2.12747,101.05228,2025-12-24,716,N21,n,2.0NRT,2.64,D,0.33,0.55,,,,,,firms,VIIRS,VIIRS_NOAA21_NRT
-1.17187,102.82984,2025-12-24,716,N21,n,2.0NRT,4.5,D,0.46,0.63,,,,,,firms,VIIRS,VIIRS_NOAA21_NRT
1.39132,97.20603,2025-12-24,716,N21,n,2.0NRT,8.5,D,0.41,0.45,,,,,,firms,VIIRS,VIIRS_NOAA21_NRT
1.41899,97.49948,2025-12-24,716,N21,n,2.0NRT,3.91,D,0.43,0.46,,,,,,firms,VIIRS,VIIRS_NOAA21_NRT
2.58738,97.98285,2025-12-24,716,N21,n,2.0NRT,16.97,D,0.48,0.48,,,,,,firms,VIIRS,VIIRS_NOAA21_NRT
2.59177,97.98218,2025-12-24,716,N21,n,2.0NRT,4.89,D,0.48,0.48,,,,,,firms,VIIRS,VIIRS_NOAA21_NRT
2.70688,97.65941,2025-12-24,716,N21,n,2.0NRT,3.84,D,0.46,0.47,,,,,,firms,VIIRS,VIIRS_NOAA21_NRT
2.75611,97.63546,2025-12-24,716,N21,n,2.0NRT,6.91,D,0.46,0.47,,,,,,firms,VIIRS,VIIRS_NOAA21_NRT
2.87679,97.80755,2025-12-24,716,N21,n,2.0NRT,12.34,D,0.47,0.48,,,,,,firms,VIIRS,VIIRS_NOAA21_NRT
3.01387,97.54027,2025-12-24,716,N21,n,2.0NRT,4.36,D,0.46,0.47,,,,,,firms,VIIRS,VIIRS_NOAA21_NRT
3.08856,98.22747,2025-12-24,716,N21,n,2.0NRT,8.6,D,0.51,0.49,,,,,,firms,VIIRS,VIIRS_NOAA21_NRT
3.86339,96.62899,2025-12-24,718,N21,n,2.0NRT,3.05,D,0.41,0.45,,,,,,firms,VIIRS,VIIRS_NOAA21_NRT
4.38709,95.92657,2025-12-24,718,N21,n,2.0NRT,6.33,D,0.56,0.43,,,,,,firms,VIIRS,VIIRS_NOAA21_NRT
4.38732,95.92899,2025-12-24,718,N21,n,2.0NRT,3.67,D,0.56,0.43,,,,,,firms,VIIRS,VIIRS_NOAA21_NRT
4.5713,95.73631,2025-12-24,718,N21,n,2.0NRT,11.73,D,0.55,0.43,,,,,,firms,VIIRS,VIIRS_NOAA21_NRT
4.57198,95.73437,2025-12-24,718,N21,n,2.0NRT,11.28,D,0.55,0.43,,,,,,firms,VIIRS,VIIRS_NOAA21_NRT
-1.38177,122.47921,2025-12-24,1637,N21,n,2.0NRT,1.21,N,0.42,0.61,,,,,,firms,VIIRS,VIIRS_NOAA21_NRT
-1.37972,122.47832,2025-12-24,1637,N21,n,2.0NRT,0.62,N,0.42,0.61,,,,,,firms,VIIRS,VIIRS_NOAA21_NRT
4.55545,103.45622,2025-12-24,1813,N21,n,2.0NRT,2.36,N,0.39,0.44,,,,,,firms,VIIRS,VIIRS_NOAA21_NRT
4.55842,103.46372,2025-12-24,1813,N21,n,2.0NRT,0.63,N,0.39,0.44,,,,,,firms,VIIRS,VIIRS_NOAA21_NRT
5.44689,105.37925,2025-12-24,1813,N21,n,2.0NRT,8.43,N,0.46,0.39,,,,,,firms,VIIRS,VIIRS_NOAA21_NRT
-2.75282,105.28073,2025-12-24,1815,N21,n,2.0NRT,1.01,N,0.4,0.37,,,,,,firms,VIIRS,VIIRS_NOAA21_NRT
-2.00974,103.70435,2025-12-24,1815,N21,n,2.0NRT,0.92,N,0.46,0.39,,,,,,firms,VIIRS,VIIRS_NOAA21_NRT
-1.57653,103.6909,2025-12-24,1815,N21,n,2.0NRT,0.97,N,0.47,0.4,,,,,,firms,VIIRS,VIIRS_NOAA21_NRT
-1.57587,103.68668,2025-12-24,1815,N21,n,2.0NRT,0.76,N,0.47,0.4,,,,,,firms,VIIRS,VIIRS_NOAA21_NRT
-1.5729,103.69146,2025-12-24,1815,N21,n,2.0NRT,0.53,N,0.47,0.4,,,,,,firms,VIIRS,VIIRS_NOAA21_NRT
-1.1741,103.49149,2025-12-24,1815,N21,n,2.0NRT,1.23,N,0.49,0.4,,,,,,firms,VIIRS,VIIRS_NOAA21_NRT
0.44234,101.89084,2025-12-24,1815,N21,n,2.0NRT,0.65,N,0.42,0.46,,,,,,firms,VIIRS,VIIRS_NOAA21_NRT
0.67452,117.56563,2025-12-24,1815,N21,n,2.0NRT,4.44,N,0.44,0.62,,,,,,firms,VIIRS,VIIRS_NOAA21_NRT
0.67738,117.56362,2025-12-24,1815,N21,n,2.0NRT,2.57,N,0.44,0.62,,,,,,firms,VIIRS,VIIRS_NOAA21_NRT
0.68139,117.55888,2025-12-24,1815,N21,n,2.0NRT,2.2,N,0.44,0.62,,,,,,firms,VIIRS,VIIRS_NOAA21_NRT
0.68367,117.56074,2025-12-24,1815,N21,n,2.0NRT,2.57,N,0.44,0.62,,,,,,firms,VIIRS,VIIRS_NOAA21_NRT
0.68495,117.55287,2025-12-24,1815,N21,n,2.0NRT,2.28,N,0.44,0.62,,,,,,firms,VIIRS,VIIRS_NOAA21_NRT
0.68706,117.55993,2025-12-24,1815,N21,n,2.0NRT,1.5,N,0.44,0.62,,,,,,firms,VIIRS,VIIRS_NOAA21_NRT
0.68745,117.46628,2025-12-24,1815,N21,n,2.0NRT,1.07,N,0.43,0.62,,,,,,firms,VIIRS,VIIRS_NOAA21_NRT
0.69122,117.55018,2025-12-24,1815,N21,n,2.0NRT,1.19,N,0.44,0.62,,,,,,firms,VIIRS,VIIRS_NOAA21_NRT
1.3779,104.15895,2025-12-24,1815,N21,n,2.0NRT,1.57,N,0.48,0.4,,,,,,firms,VIIRS,VIIRS_NOAA21_NRT
1.37795,104.16045,2025-12-24,1815,N21,n,2.0NRT,1.01,N,0.48,0.4,,,,,,firms,VIIRS,VIIRS_NOAA21_NRT
1.37855,104.15465,2025-12-24,1815,N21,n,2.0NRT,1.57,N,0.48,0.4,,,,,,firms,VIIRS,VIIRS_NOAA21_NRT
1.37863,104.15617,2025-12-24,1815,N21,n,2.0NRT,1.01,N,0.48,0.4,,,,,,firms,VIIRS,VIIRS_NOAA21_NRT
2.73799,102.39289,2025-12-24,1815,N21,n,2.0NRT,2.35,N,0.42,0.46,,,,,,firms,VIIRS,VIIRS_NOAA21_NRT
2.73956,102.39272,2025-12-24,1815,N21,n,2.0NRT,2.22,N,0.43,0.46,,,,,,firms,VIIRS,VIIRS_NOAA21_NRT
2.78674,102.88673,2025-12-24,1815,N21,n,2.0NRT,0.62,N,0.4,0.44,,,,,,firms,VIIRS,VIIRS_NOAA21_NRT
2.82144,112.63308,2025-12-24,1815,N21,n,2.0NRT,0.67,N,0.56,0.43,,,,,,firms,VIIRS,VIIRS_NOAA21_NRT
3.55685,102.10405,2025-12-24,1815,N21,n,2.0NRT,1.04,N,0.46,0.47,,,,,,firms,VIIRS,VIIRS_NOAA21_NRT
4.14599,105.10788,2025-12-24,1815,N21,n,2.0NRT,2.56,N,0.46,0.39,,,,,,firms,VIIRS,VIIRS_NOAA21_NRT
4.28351,103.42859,2025-12-24,1815,N21,n,2.0NRT,2.05,N,0.38,0.43,,,,,,firms,VIIRS,VIIRS_NOAA21_NRT
-8.11639,112.93816,2025-12-24,1817,N21,n,2.0NRT,5.82,N,0.57,0.52,,,,,,firms,VIIRS,VIIRS_NOAA21_NRT
-8.11485,112.9265,2025-12-24,1817,N21,n,2.0NRT,10.39,N,0.57,0.52,,,,,,firms,VIIRS,VIIRS_NOAA21_NRT
-7.54517,110.44505,2025-12-24,1817,N21,n,2.0NRT,5.66,N,0.57,0.43,,,,,,firms,VIIRS,VIIRS_NOAA21_NRT
-7.4885,112.3515,2025-12-24,1817,N21,n,2.0NRT,0.8,N,0.51,0.49,,,,,,firms,VIIRS,VIIRS_NOAA21_NRT
-7.23985,111.73415,2025-12-24,1817,N21,n,2.0NRT,1.89,N,0.46,0.47,,,,,,firms,VIIRS,VIIRS_NOAA21_NRT
-6.5495,108.09481,2025-12-24,1817,N21,n,2.0NRT,1.99,N,0.42,0.38,,,,,,firms,VIIRS,VIIRS_NOAA21_NRT
-6.1841,106.35384,2025-12-24,1817,N21,n,2.0NRT,0.61,N,0.39,0.36,,,,,,firms,VIIRS,VIIRS_NOAA21_NRT
-6.17763,106.31229,2025-12-24,1817,N21,n,2.0NRT,0.44,N,0.39,0.36,,,,,,firms,VIIRS,VIIRS_NOAA21_NRT
-6.14913,106.87332,2025-12-24,1817,N21,n,2.0NRT,0.57,N,0.39,0.36,,,,,,firms,VIIRS,VIIRS_NOAA21_NRT
-6.08078,106.34515,2025-12-24,1817,N21,n,2.0NRT,0.52,N,0.39,0.36,,,,,,firms,VIIRS,VIIRS_NOAA21_NRT
-6.0098,105.9777,2025-12-24,1817,N21,n,2.0NRT,1.69,N,0.38,0.36,,,,,,firms,VIIRS,VIIRS_NOAA21_NRT
-6.00373,105.98218,2025-12-24,1817,N21,n,2.0NRT,1.07,N,0.38,0.36,,,,,,firms,VIIRS,VIIRS_NOAA21_NRT
-5.9108,107.92769,2025-12-24,1817,N21,n,2.0NRT,2.01,N,0.41,0.37,,,,,,firms,VIIRS,VIIRS_NOAA21_NRT
-8.2887,117.78983,2025-12-25,514,N21,n,2.0NRT,7.36,D,0.49,0.48,,,,,,firms,VIIRS,VIIRS_NOAA21_NRT
-8.28838,117.78918,2025-12-25,514,N21,n,2.0NRT,6.31,D,0.49,0.48,,,,,,firms,VIIRS,VIIRS_NOAA21_NRT
-8.25202,118.4676,2025-12-25,514,N21,n,2.0NRT,8.08,D,0.44,0.46,,,,,,firms,VIIRS,VIIRS_NOAA21_NRT
-8.11461,112.92024,2025-12-25,514,N21,n,2.0NRT,16.97,D,0.53,0.67,,,,,,firms,VIIRS,VIIRS_NOAA21_NRT
-0.0085,117.38258,2025-12-25,516,N21,n,2.0NRT,3.7,D,0.39,0.44,,,,,,firms,VIIRS,VIIRS_NOAA21_NRT
0.5092,127.89664,2025-12-25,516,N21,n,2.0NRT,5.76,D,0.43,0.46,,,,,,firms,VIIRS,VIIRS_NOAA21_NRT
0.51169,127.89256,2025-12-25,516,N21,n,2.0NRT,4.94,D,0.43,0.46,,,,,,firms,VIIRS,VIIRS_NOAA21_NRT
0.51229,127.89633,2025-12-25,516,N21,n,2.0NRT,4.94,D,0.43,0.46,,,,,,firms,VIIRS,VIIRS_NOAA21_NRT
1.45147,118.24794,2025-12-25,516,N21,n,2.0NRT,11.18,D,0.5,0.41,,,,,,firms,VIIRS,VIIRS_NOAA21_NRT
1.4958,127.63491,2025-12-25,516,N21,n,2.0NRT,9.05,D,0.43,0.46,,,,,,firms,VIIRS,VIIRS_NOAA21_NRT
-7.69494,108.99751,2025-12-25,654,N21,n,2.0NRT,4.25,D,0.44,0.62,,,,,,firms,VIIRS,VIIRS_NOAA21_NRT
-4.83626,103.44039,2025-12-25,656,N21,n,2.0NRT,1.89,D,0.41,0.45,,,,,,firms,VIIRS,VIIRS_NOAA21_NRT
-4.7866,103.38326,2025-12-25,656,N21,n,2.0NRT,3.78,D,0.41,0.45,,,,,,firms,VIIRS,VIIRS_NOAA21_NRT
-3.48565,105.5729,2025-12-25,656,N21,n,2.0NRT,10.21,D,0.6,0.53,,,,,,firms,VIIRS,VIIRS_NOAA21_NRT
-1.57012,105.9733,2025-12-25,656,N21,n,2.0NRT,4.1,D,0.35,0.56,,,,,,firms,VIIRS,VIIRS_NOAA21_NRT
-1.56404,105.91279,2025-12-25,656,N21,h,2.0NRT,11.82,D,0.34,0.56,,,,,,firms,VIIRS,VIIRS_NOAA21_NRT
-1.55308,105.73075,2025-12-25,656,N21,n,2.0NRT,7.14,D,0.33,0.56,,,,,,firms,VIIRS,VIIRS_NOAA21_NRT
-0.9279,102.29011,2025-12-25,656,N21,n,2.0NRT,6.17,D,0.4,0.44,,,,,,firms,VIIRS,VIIRS_NOAA21_NRT
0.71355,100.50002,2025-12-25,658,N21,n,2.0NRT,2.9,D,0.49,0.41,,,,,,firms,VIIRS,VIIRS_NOAA21_NRT
1.65523,99.83926,2025-12-25,658,N21,n,2.0NRT,16.03,D,0.47,0.4,,,,,,firms,VIIRS,VIIRS_NOAA21_NRT
1.68612,103.33448,2025-12-25,658,N21,n,2.0NRT,2.58,D,0.51,0.49,,,,,,firms,VIIRS,VIIRS_NOAA21_NRT
2.33799,99.65269,2025-12-25,658,N21,n,2.0NRT,9.21,D,0.47,0.39,,,,,,firms,VIIRS,VIIRS_NOAA21_NRT
3.35067,97.88532,2025-12-25,658,N21,n,2.0NRT,1.78,D,0.41,0.37,,,,,,firms,VIIRS,VIIRS_NOAA21_NRT
0.48204,128.00357,2025-12-25,1615,N21,n,2.0NRT,1.06,N,0.4,0.6,,,,,,firms,VIIRS,VIIRS_NOAA21_NRT
0.48259,128.0,2025-12-25,1615,N21,n,2.0NRT,1.06,N,0.4,0.6,,,,,,firms,VIIRS,VIIRS_NOAA21_NRT
0.89425,124.08209,2025-12-25,1756,N21,n,2.0NRT,1.22,N,0.58,0.7,,,,,,firms,VIIRS,VIIRS_NOAA21_NRT
1.93859,103.49826,2025-12-25,1756,N21,n,2.0NRT,0.97,N,0.37,0.58,,,,,,firms,VIIRS,VIIRS_NOAA21_NRT
4.97853,112.98434,2025-12-25,1756,N21,n,2.0NRT,2.57,N,0.38,0.36,,,,,,firms,VIIRS,VIIRS_NOAA21_NRT
4.97907,112.98089,2025-12-25,1756,N21,n,2.0NRT,2.57,N,0.38,0.36,,,,,,firms,VIIRS,VIIRS_NOAA21_NRT
-2.06241,115.57028,2025-12-25,1758,N21,n,2.0NRT,1.8,N,0.51,0.41,,,,,,firms,VIIRS,VIIRS_NOAA21_NRT
-0.5829,117.38698,2025-12-25,1758,N21,n,2.0NRT,0.34,N,0.42,0.45,,,,,,firms,VIIRS,VIIRS_NOAA21_NRT
1.37717,104.15805,2025-12-25,1758,N21,n,2.0NRT,1.34,N,0.32,0.55,,,,,,firms,VIIRS,VIIRS_NOAA21_NRT
1.37805,104.1522,2025-12-25,1758,N21,n,2.0NRT,1.11,N,0.32,0.55,,,,,,firms,VIIRS,VIIRS_NOAA21_NRT
-8.12086,112.93481,2025-12-25,1800,N21,n,2.0NRT,1.05,N,0.44,0.38,,,,,,firms,VIIRS,VIIRS_NOAA21_NRT
-8.11653,112.92989,2025-12-25,1800,N21,n,2.0NRT,1.72,N,0.44,0.38,,,,,,firms,VIIRS,VIIRS_NOAA21_NRT
-8.11586,112.92543,2025-12-25,1800,N21,n,2.0NRT,1.72,N,0.44,0.38,,,,,,firms,VIIRS,VIIRS_NOAA21_NRT
-8.11293,112.92982,2025-12-25,1800,N21,n,2.0NRT,6.26,N,0.44,0.38,,,,,,firms,VIIRS,VIIRS_NOAA21_NRT
-8.11227,112.9254,2025-12-25,1800,N21,n,2.0NRT,6.26,N,0.44,0.38,,,,,,firms,VIIRS,VIIRS_NOAA21_NRT
-8.27289,123.50587,2025-12-26,453,N21,n,2.0NRT,9.5,D,0.42,0.45,,,,,,firms,VIIRS,VIIRS_NOAA21_NRT
-8.27174,123.50227,2025-12-26,453,N21,n,2.0NRT,8.6,D,0.42,0.45,,,,,,firms,VIIRS,VIIRS_NOAA21_NRT
-3.90287,122.41554,2025-12-26,455,N21,n,2.0NRT,3.13,D,0.43,0.46,,,,,,firms,VIIRS,VIIRS_NOAA21_NRT
-3.87327,122.40289,2025-12-26,455,N21,n,2.0NRT,4.52,D,0.43,0.46,,,,,,firms,VIIRS,VIIRS_NOAA21_NRT
-3.87269,122.40672,2025-12-26,455,N21,n,2.0NRT,10.04,D,0.43,0.46,,,,,,firms,VIIRS,VIIRS_NOAA21_NRT
-3.86967,122.39847,2025-12-26,455,N21,n,2.0NRT,4.52,D,0.43,0.46,,,,,,firms,VIIRS,VIIRS_NOAA21_NRT
-3.86909,122.40229,2025-12-26,455,N21,n,2.0NRT,4.52,D,0.43,0.46,,,,,,firms,VIIRS,VIIRS_NOAA21_NRT
-3.3106,118.94676,2025-12-26,455,N21,n,2.0NRT,4.64,D,0.36,0.58,,,,,,firms,VIIRS,VIIRS_NOAA21_NRT
-3.02872,119.55569,2025-12-26,455,N21,n,2.0NRT,2.18,D,0.33,0.55,,,,,,firms,VIIRS,VIIRS_NOAA21_NRT
-2.83018,122.16689,2025-12-26,455,N21,n,2.0NRT,6.95,D,0.43,0.46,,,,,,firms,VIIRS,VIIRS_NOAA21_NRT
-2.82358,122.15411,2025-12-26,455,N21,n,2.0NRT,5.61,D,0.43,0.46,,,,,,firms,VIIRS,VIIRS_NOAA21_NRT
-2.61073,121.57751,2025-12-26,455,N21,n,2.0NRT,3.75,D,0.47,0.48,,,,,,firms,VIIRS,VIIRS_NOAA21_NRT
-2.57642,121.38127,2025-12-26,455,N21,n,2.0NRT,27.74,D,0.48,0.48,,,,,,firms,VIIRS,VIIRS_NOAA21_NRT
-2.5758,121.38545,2025-12-26,455,N21,n,2.0NRT,27.74,D,0.48,0.48,,,,,,firms,VIIRS,VIIRS_NOAA21_NRT
-2.52511,120.0521,2025-12-26,455,N21,n,2.0NRT,5.57,D,0.59,0.53,,,,,,firms,VIIRS,VIIRS_NOAA21_NRT
-2.38054,119.6058,2025-12-26,455,N21,n,2.0NRT,12.54,D,0.63,0.54,,,,,,firms,VIIRS,VIIRS_NOAA21_NRT
-2.0101,121.43195,2025-12-26,455,N21,n,2.0NRT,3.69,D,0.47,0.48,,,,,,firms,VIIRS,VIIRS_NOAA21_NRT
-2.00574,121.43146,2025-12-26,455,N21,n,2.0NRT,3.69,D,0.47,0.48,,,,,,firms,VIIRS,VIIRS_NOAA21_NRT
-2.00137,121.43101,2025-12-26,455,N21,n,2.0NRT,7.77,D,0.47,0.48,,,,,,firms,VIIRS,VIIRS_NOAA21_NRT
-1.82089,123.13809,2025-12-26,455,N21,n,2.0NRT,6.2,D,0.54,0.42,,,,,,firms,VIIRS,VIIRS_NOAA21_NRT
-1.81916,123.13547,2025-12-26,455,N21,n,2.0NRT,9.9,D,0.54,0.42,,,,,,firms,VIIRS,VIIRS_NOAA21_NRT
-1.58311,123.54986,2025-12-26,455,N21,n,2.0NRT,4.3,D,0.51,0.41,,,,,,firms,VIIRS,VIIRS_NOAA21_NRT
-1.43142,121.34486,2025-12-26,455,N21,n,2.0NRT,19.77,D,0.47,0.47,,,,,,firms,VIIRS,VIIRS_NOAA21_NRT
-1.38224,122.48016,2025-12-26,455,N21,n,2.0NRT,4.08,D,0.39,0.44,,,,,,firms,VIIRS,VIIRS_NOAA21_NRT
-1.3806,122.47883,2025-12-26,455,N21,n,2.0NRT,4.44,D,0.39,0.44,,,,,,firms,VIIRS,VIIRS_NOAA21_NRT
-1.344,121.71391,2025-12-26,455,N21,n,2.0NRT,5.75,D,0.44,0.46,,,,,,firms,VIIRS,VIIRS_NOAA21_NRT
-1.21407,119.92987,2025-12-26,455,N21,n,2.0NRT,5.81,D,0.58,0.52,,,,,,firms,VIIRS,VIIRS_NOAA21_NRT
-1.12965,121.55731,2025-12-26,455,N21,n,2.0NRT,3.04,D,0.45,0.47,,,,,,firms,VIIRS,VIIRS_NOAA21_NRT
-1.10111,119.89957,2025-12-26,455,N21,n,2.0NRT,4.43,D,0.58,0.52,,,,,,firms,VIIRS,VIIRS_NOAA21_NRT
-0.37038,122.08299,2025-12-26,455,N21,n,2.0NRT,4.26,D,0.4,0.44,,,,,,firms,VIIRS,VIIRS_NOAA21_NRT
-0.36982,122.08671,2025-12-26,455,N21,n,2.0NRT,4.26,D,0.4,0.44,,,,,,firms,VIIRS,VIIRS_NOAA21_NRT
-0.70828,117.06388,2025-12-26,457,N21,n,2.0NRT,2.86,D,0.45,0.63,,,,,,firms,VIIRS,VIIRS_NOAA21_NRT
-0.70692,117.06284,2025-12-26,457,N21,n,2.0NRT,2.6,D,0.45,0.63,,,,,,firms,VIIRS,VIIRS_NOAA21_NRT
1.04966,117.11342,2025-12-26,457,N21,n,2.0NRT,4.26,D,0.42,0.61,,,,,,firms,VIIRS,VIIRS_NOAA21_NRT
3.28375,113.07982,2025-12-26,457,N21,n,2.0NRT,15.28,D,0.74,0.76,,,,,,firms,VIIRS,VIIRS_NOAA21_NRT
4.44319,118.69412,2025-12-26,457,N21,n,2.0NRT,14.11,D,0.57,0.52,,,,,,firms,VIIRS,VIIRS_NOAA21_NRT
5.87018,125.29023,2025-12-26,457,N21,n,2.0NRT,2.7,D,0.39,0.36,,,,,,firms,VIIRS,VIIRS_NOAA21_NRT
-2.07294,115.92058,2025-12-26,637,N21,n,2.0NRT,6.88,D,0.78,0.78,,,,,,firms,VIIRS,VIIRS_NOAA21_NRT
-1.9938,112.49546,2025-12-26,637,N21,n,2.0NRT,8.09,D,0.45,0.63,,,,,,firms,VIIRS,VIIRS_NOAA21_NRT
-1.99313,112.4995,2025-12-26,637,N21,n,2.0NRT,7.99,D,0.45,0.63,,,,,,firms,VIIRS,VIIRS_NOAA21_NRT
-1.8969,115.86066,2025-12-26,637,N21,n,2.0NRT,12.43,D,0.78,0.78,,,,,,firms,VIIRS,VIIRS_NOAA21_NRT
-1.89274,115.85808,2025-12-26,637,N21,n,2.0NRT,19.7,D,0.78,0.78,,,,,,firms,VIIRS,VIIRS_NOAA21_NRT
-1.88982,115.85951,2025-12-26,637,N21,n,2.0NRT,9.89,D,0.78,0.78,,,,,,firms,VIIRS,VIIRS_NOAA21_NRT
-1.42172,113.11745,2025-12-26,637,N21,n,2.0NRT,11.53,D,0.51,0.66,,,,,,firms,VIIRS,VIIRS_NOAA21_NRT
-1.42099,113.12194,2025-12-26,637,N21,n,2.0NRT,12.04,D,0.51,0.66,,,,,,firms,VIIRS,VIIRS_NOAA21_NRT
-0.01009,110.56458,2025-12-26,637,N21,n,2.0NRT,3.94,D,0.36,0.57,,,,,,firms,VIIRS,VIIRS_NOAA21_NRT
0.45619,110.79816,2025-12-26,637,N21,h,2.0NRT,23.37,D,0.38,0.59,,,,,,firms,VIIRS,VIIRS_NOAA21_NRT
3.27978,113.06312,2025-12-26,637,N21,n,2.0NRT,7.23,D,0.6,0.71,,,,,,firms,VIIRS,VIIRS_NOAA21_NRT
3.28933,113.08356,2025-12-26,637,N21,n,2.0NRT,9.62,D,0.6,0.71,,,,,,firms,VIIRS,VIIRS_NOAA21_NRT
3.60522,112.41203,2025-12-26,637,N21,n,2.0NRT,7.28,D,0.55,0.68,,,,,,firms,VIIRS,VIIRS_NOAA21_NRT
-6.89878,139.4326,2025-12-26,1558,N21,n,2.0NRT,1.27,N,0.4,0.37,,,,,,firms,VIIRS,VIIRS_NOAA21_NRT
-1.56911,127.43027,2025-12-26,1738,N21,n,2.0NRT,1.1,N,0.5,0.66,,,,,,firms,VIIRS,VIIRS_NOAA21_NRT
-1.45679,127.43626,2025-12-26,1738,N21,n,2.0NRT,3.32,N,0.5,0.66,,,,,,firms,VIIRS,VIIRS_NOAA21_NRT
-1.38338,122.48245,2025-12-26,1738,N21,n,2.0NRT,0.82,N,0.45,0.47,,,,,,firms,VIIRS,VIIRS_NOAA21_NRT
-1.38023,122.481,2025-12-26,1738,N21,n,2.0NRT,0.45,N,0.45,0.47,,,,,,firms,VIIRS,VIIRS_NOAA21_NRT
0.48208,127.99302,2025-12-26,1738,N21,n,2.0NRT,1.92,N,0.51,0.66,,,,,,firms,VIIRS,VIIRS_NOAA21_NRT
0.4828,127.98849,2025-12-26,1738,N21,n,2.0NRT,2.7,N,0.51,0.66,,,,,,firms,VIIRS,VIIRS_NOAA21_NRT
0.48357,127.98372,2025-12-26,1738,N21,n,2.0NRT,2.7,N,0.51,0.66,,,,,,firms,VIIRS,VIIRS_NOAA21_NRT
0.48969,127.98419,2025-12-26,1738,N21,n,2.0NRT,2.7,N,0.51,0.66,,,,,,firms,VIIRS,VIIRS_NOAA21_NRT
0.51003,127.89555,2025-12-26,1738,N21,n,2.0NRT,3.65,N,0.5,0.66,,,,,,firms,VIIRS,VIIRS_NOAA21_NRT
0.67674,117.56542,2025-12-26,1738,N21,n,2.0NRT,1.5,N,0.39,0.36,,,,,,firms,VIIRS,VIIRS_NOAA21_NRT
0.68391,117.563,2025-12-26,1738,N21,n,2.0NRT,1.22,N,0.39,0.36,,,,,,firms,VIIRS,VIIRS_NOAA21_NRT
0.68444,117.55955,2025-12-26,1738,N21,n,2.0NRT,1.22,N,0.39,0.36,,,,,,firms,VIIRS,VIIRS_NOAA21_NRT
0.68873,117.55663,2025-12-26,1738,N21,n,2.0NRT,1.09,N,0.39,0.36,,,,,,firms,VIIRS,VIIRS_NOAA21_NRT
0.68982,117.54973,2025-12-26,1738,N21,n,2.0NRT,1.74,N,0.39,0.36,,,,,,firms,VIIRS,VIIRS_NOAA21_NRT
1.49256,127.63695,2025-12-26,1738,N21,n,2.0NRT,0.45,N,0.47,0.64,,,,,,firms,VIIRS,VIIRS_NOAA21_NRT
2.78152,125.41346,2025-12-26,1738,N21,n,2.0NRT,1.1,N,0.62,0.54,,,,,,firms,VIIRS,VIIRS_NOAA21_NRT
-8.12104,112.93494,2025-12-26,1741,N21,n,2.0NRT,2.86,N,0.42,0.37,,,,,,firms,VIIRS,VIIRS_NOAA21_NRT
-8.11604,112.92575,2025-12-26,1741,N21,n,2.0NRT,0.63,N,0.42,0.38,,,,,,firms,VIIRS,VIIRS_NOAA21_NRT
-8.11547,112.92219,2025-12-26,1741,N21,n,2.0NRT,0.97,N,0.42,0.38,,,,,,firms,VIIRS,VIIRS_NOAA21_NRT
-8.11269,112.92671,2025-12-26,1741,N21,n,2.0NRT,3.0,N,0.42,0.38,,,,,,firms,VIIRS,VIIRS_NOAA21_NRT
-8.11211,112.9231,2025-12-26,1741,N21,n,2.0NRT,6.68,N,0.42,0.38,,,,,,firms,VIIRS,VIIRS_NOAA21_NRT
-8.02576,140.24139,2025-12-27,436,N21,n,2.0NRT,6.86,D,0.49,0.49,,,,,,firms,VIIRS,VIIRS_NOAA21_NRT
-6.61424,139.04231,2025-12-27,436,N21,n,2.0NRT,2.14,D,0.43,0.46,,,,,,firms,VIIRS,VIIRS_NOAA21_NRT
-6.60632,139.37889,2025-12-27,436,N21,n,2.0NRT,6.77,D,0.45,0.47,,,,,,firms,VIIRS,VIIRS_NOAA21_NRT
-1.45986,127.43402,2025-12-27,438,N21,n,2.0NRT,9.77,D,0.57,0.43,,,,,,firms,VIIRS,VIIRS_NOAA21_NRT
-1.45902,127.43946,2025-12-27,438,N21,n,2.0NRT,9.77,D,0.57,0.43,,,,,,firms,VIIRS,VIIRS_NOAA21_NRT
0.85712,123.44073,2025-12-27,438,N21,n,2.0NRT,2.34,D,0.33,0.55,,,,,,firms,VIIRS,VIIRS_NOAA21_NRT
2.77909,125.40722,2025-12-27,1717,N21,n,2.0NRT,1.45,N,0.47,0.4,,,,,,firms,VIIRS,VIIRS_NOAA21_NRT
3.52124,113.31235,2025-12-27,1717,N21,n,2.0NRT,0.92,N,0.37,0.58,,,,,,firms,VIIRS,VIIRS_NOAA21_NRT
3.52656,113.31309,2025-12-27,1717,N21,n,2.0NRT,0.92,N,0.37,0.58,,,,,,firms,VIIRS,VIIRS_NOAA21_NRT
4.97871,112.98822,2025-12-27,1717,N21,n,2.0NRT,2.5,N,0.41,0.61,,,,,,firms,VIIRS,VIIRS_NOAA21_NRT
4.97923,112.98455,2025-12-27,1717,N21,n,2.0NRT,2.5,N,0.41,0.61,,,,,,firms,VIIRS,VIIRS_NOAA21_NRT
4.97975,112.98088,2025-12-27,1717,N21,n,2.0NRT,12.92,N,0.41,0.61,,,,,,firms,VIIRS,VIIRS_NOAA21_NRT
4.98028,112.9772,2025-12-27,1717,N21,n,2.0NRT,12.92,N,0.41,0.61,,,,,,firms,VIIRS,VIIRS_NOAA21_NRT
-2.57539,121.38373,2025-12-27,1719,N21,n,2.0NRT,1.0,N,0.39,0.36,,,,,,firms,VIIRS,VIIRS_NOAA21_NRT
-1.4568,127.43623,2025-12-27,1719,N21,n,2.0NRT,5.14,N,0.47,0.48,,,,,,firms,VIIRS,VIIRS_NOAA21_NRT
-1.38328,122.48194,2025-12-27,1719,N21,n,2.0NRT,0.63,N,0.4,0.37,,,,,,firms,VIIRS,VIIRS_NOAA21_NRT
1.37504,104.16293,2025-12-27,1900,N21,n,2.0NRT,1.9,N,0.59,0.53,,,,,,firms,VIIRS,VIIRS_NOAA21_NRT
1.3754,104.15818,2025-12-27,1900,N21,n,2.0NRT,1.47,N,0.59,0.53,,,,,,firms,VIIRS,VIIRS_NOAA21_NRT
1.37586,104.15768,2025-12-27,1900,N21,n,2.0NRT,1.51,N,0.59,0.53,,,,,,firms,VIIRS,VIIRS_NOAA21_NRT
-3.00744,130.26012,2025-12-28,418,N21,n,2.0NRT,9.89,D,0.54,0.51,,,,,,firms,VIIRS,VIIRS_NOAA21_NRT
-1.45947,127.43532,2025-12-28,418,N21,n,2.0NRT,7.92,D,0.4,0.6,,,,,,firms,VIIRS,VIIRS_NOAA21_NRT
-1.45883,127.43962,2025-12-28,418,N21,n,2.0NRT,7.92,D,0.4,0.6,,,,,,firms,VIIRS,VIIRS_NOAA21_NRT
-6.3561,107.29513,2025-12-28,559,N21,n,2.0NRT,7.62,D,0.42,0.45,,,,,,firms,VIIRS,VIIRS_NOAA21_NRT
-6.17226,107.02589,2025-12-28,559,N21,n,2.0NRT,3.85,D,0.43,0.46,,,,,,firms,VIIRS,VIIRS_NOAA21_NRT
-6.15976,106.53992,2025-12-28,559,N21,n,2.0NRT,2.57,D,0.46,0.47,,,,,,firms,VIIRS,VIIRS_NOAA21_NRT
-6.14156,106.76151,2025-12-28,559,N21,n,2.0NRT,8.7,D,0.45,0.47,,,,,,firms,VIIRS,VIIRS_NOAA21_NRT
-6.09359,106.67648,2025-12-28,559,N21,n,2.0NRT,4.29,D,0.45,0.47,,,,,,firms,VIIRS,VIIRS_NOAA21_NRT
-0.75792,119.68397,2025-12-28,559,N21,n,2.0NRT,3.2,D,0.33,0.55,,,,,,firms,VIIRS,VIIRS_NOAA21_NRT
0.54491,108.97561,2025-12-28,559,N21,n,2.0NRT,4.72,D,0.42,0.38,,,,,,firms,VIIRS,VIIRS_NOAA21_NRT
-3.3069,112.20262,2025-12-28,601,N21,n,2.0NRT,6.04,D,0.38,0.36,,,,,,firms,VIIRS,VIIRS_NOAA21_NRT
-2.57748,121.38092,2025-12-28,601,N21,n,2.0NRT,38.52,D,0.4,0.6,,,,,,firms,VIIRS,VIIRS_NOAA21_NRT
-2.57686,121.38464,2025-12-28,601,N21,l,2.0NRT,27.42,D,0.4,0.6,,,,,,firms,VIIRS,VIIRS_NOAA21_NRT
-1.57107,127.42986,2025-12-28,1700,N21,n,2.0NRT,1.98,N,0.4,0.37,,,,,,firms,VIIRS,VIIRS_NOAA21_NRT
-1.56771,127.43037,2025-12-28,1700,N21,n,2.0NRT,1.98,N,0.4,0.37,,,,,,firms,VIIRS,VIIRS_NOAA21_NRT
-1.56379,127.42735,2025-12-28,1700,N21,n,2.0NRT,2.87,N,0.4,0.37,,,,,,firms,VIIRS,VIIRS_NOAA21_NRT
-1.56042,127.42789,2025-12-28,1700,N21,n,2.0NRT,2.87,N,0.4,0.37,,,,,,firms,VIIRS,VIIRS_NOAA21_NRT
-1.45966,127.4358,2025-12-28,1700,N21,n,2.0NRT,6.95,N,0.4,0.37,,,,,,firms,VIIRS,VIIRS_NOAA21_NRT
-1.4563,127.43635,2025-12-28,1700,N21,n,2.0NRT,9.69,N,0.4,0.37,,,,,,firms,VIIRS,VIIRS_NOAA21_NRT
-1.38076,122.47903,2025-12-28,1700,N21,n,2.0NRT,2.37,N,0.49,0.4,,,,,,firms,VIIRS,VIIRS_NOAA21_NRT
-0.71065,117.06294,2025-12-28,1700,N21,n,2.0NRT,1.07,N,0.37,0.58,,,,,,firms,VIIRS,VIIRS_NOAA21_NRT
-0.58428,117.38596,2025-12-28,1700,N21,n,2.0NRT,0.48,N,0.36,0.57,,,,,,firms,VIIRS,VIIRS_NOAA21_NRT
0.09098,117.47164,2025-12-28,1700,N21,n,2.0NRT,6.75,N,0.36,0.57,,,,,,firms,VIIRS,VIIRS_NOAA21_NRT
0.09148,117.46844,2025-12-28,1700,N21,n,2.0NRT,9.15,N,0.36,0.57,,,,,,firms,VIIRS,VIIRS_NOAA21_NRT
0.47978,127.99148,2025-12-28,1700,N21,n,2.0NRT,1.59,N,0.4,0.37,,,,,,firms,VIIRS,VIIRS_NOAA21_NRT
0.4809,128.00632,2025-12-28,1700,N21,n,2.0NRT,1.79,N,0.4,0.37,,,,,,firms,VIIRS,VIIRS_NOAA21_NRT
0.48146,128.00275,2025-12-28,1700,N21,n,2.0NRT,1.79,N,0.4,0.37,,,,,,firms,VIIRS,VIIRS_NOAA21_NRT
0.48203,127.99914,2025-12-28,1700,N21,n,2.0NRT,1.56,N,0.4,0.37,,,,,,firms,VIIRS,VIIRS_NOAA21_NRT
0.48259,127.99557,2025-12-28,1700,N21,n,2.0NRT,1.56,N,0.4,0.37,,,,,,firms,VIIRS,VIIRS_NOAA21_NRT
0.48316,127.99198,2025-12-28,1700,N21,n,2.0NRT,1.81,N,0.4,0.37,,,,,,firms,VIIRS,VIIRS_NOAA21_NRT
0.48372,127.98839,2025-12-28,1700,N21,n,2.0NRT,1.81,N,0.4,0.37,,,,,,firms,VIIRS,VIIRS_NOAA21_NRT
0.48429,127.98478,2025-12-28,1700,N21,n,2.0NRT,0.91,N,0.4,0.37,,,,,,firms,VIIRS,VIIRS_NOAA21_NRT
0.486,127.97394,2025-12-28,1700,N21,n,2.0NRT,0.83,N,0.4,0.37,,,,,,firms,VIIRS,VIIRS_NOAA21_NRT
0.48654,127.99249,2025-12-28,1700,N21,n,2.0NRT,1.81,N,0.4,0.37,,,,,,firms,VIIRS,VIIRS_NOAA21_NRT
0.48767,127.98528,2025-12-28,1700,N21,n,2.0NRT,0.91,N,0.4,0.37,,,,,,firms,VIIRS,VIIRS_NOAA21_NRT
0.48938,127.97441,2025-12-28,1700,N21,n,2.0NRT,0.83,N,0.4,0.37,,,,,,firms,VIIRS,VIIRS_NOAA21_NRT
0.49105,127.98576,2025-12-28,1700,N21,n,2.0NRT,0.47,N,0.4,0.37,,,,,,firms,VIIRS,VIIRS_NOAA21_NRT
0.49162,127.9821,2025-12-28,1700,N21,n,2.0NRT,0.47,N,0.4,0.37,,,,,,firms,VIIRS,VIIRS_NOAA21_NRT
0.51186,127.89723,2025-12-28,1700,N21,n,2.0NRT,0.82,N,0.4,0.37,,,,,,firms,VIIRS,VIIRS_NOAA21_NRT
-3.90317,122.41743,2025-12-28,1702,N21,n,2.0NRT,2.1,N,0.46,0.39,,,,,,firms,VIIRS,VIIRS_NOAA21_NRT
-3.90163,122.42149,2025-12-28,1702,N21,n,2.0NRT,0.92,N,0.46,0.39,,,,,,firms,VIIRS,VIIRS_NOAA21_NRT
-3.90098,122.41738,2025-12-28,1702,N21,n,2.0NRT,1.09,N,0.46,0.39,,,,,,firms,VIIRS,VIIRS_NOAA21_NRT
-3.87263,122.40083,2025-12-28,1702,N21,n,2.0NRT,1.42,N,0.46,0.39,,,,,,firms,VIIRS,VIIRS_NOAA21_NRT
-3.87133,122.39261,2025-12-28,1702,N21,n,2.0NRT,2.51,N,0.46,0.39,,,,,,firms,VIIRS,VIIRS_NOAA21_NRT
-3.87035,122.4096,2025-12-28,1702,N21,n,2.0NRT,2.04,N,0.46,0.39,,,,,,firms,VIIRS,VIIRS_NOAA21_NRT
-3.86969,122.40549,2025-12-28,1702,N21,n,2.0NRT,1.69,N,0.46,0.39,,,,,,firms,VIIRS,VIIRS_NOAA21_NRT
-2.86593,122.15206,2025-12-28,1702,N21,n,2.0NRT,1.35,N,0.49,0.4,,,,,,firms,VIIRS,VIIRS_NOAA21_NRT
-2.86224,122.15258,2025-12-28,1702,N21,n,2.0NRT,1.35,N,0.49,0.4,,,,,,firms,VIIRS,VIIRS_NOAA21_NRT
-2.57714,121.38438,2025-12-28,1702,N21,n,2.0NRT,13.14,N,0.54,0.42,,,,,,firms,VIIRS,VIIRS_NOAA21_NRT
-2.57638,121.37968,2025-12-28,1702,N21,n,2.0NRT,7.32,N,0.54,0.42,,,,,,firms,VIIRS,VIIRS_NOAA21_NRT
-2.57329,121.38506,2025-12-28,1702,N21,n,2.0NRT,0.77,N,0.54,0.42,,,,,,firms,VIIRS,VIIRS_NOAA21_NRT
-2.57252,121.38033,2025-12-28,1702,N21,n,2.0NRT,4.64,N,0.54,0.42,,,,,,firms,VIIRS,VIIRS_NOAA21_NRT
5.37082,104.8978,2025-12-28,1840,N21,n,2.0NRT,1.0,N,0.44,0.39,,,,,,firms,VIIRS,VIIRS_NOAA21_NRT
-4.22952,140.17104,2025-12-29,357,N21,n,2.0NRT,3.43,D,0.42,0.38,,,,,,firms,VIIRS,VIIRS_NOAA21_NRT
-2.6896,140.54762,2025-12-29,359,N21,n,2.0NRT,47.67,D,0.4,0.37,,,,,,firms,VIIRS,VIIRS_NOAA21_NRT
-2.68793,140.83005,2025-12-29,359,N21,n,2.0NRT,3.07,D,0.39,0.37,,,,,,firms,VIIRS,VIIRS_NOAA21_NRT
-2.57463,140.58821,2025-12-29,359,N21,n,2.0NRT,6.1,D,0.4,0.37,,,,,,firms,VIIRS,VIIRS_NOAA21_NRT
-7.59471,112.05296,2025-12-29,540,N21,n,2.0NRT,2.24,D,0.43,0.46,,,,,,firms,VIIRS,VIIRS_NOAA21_NRT
-4.19127,119.92232,2025-12-29,540,N21,n,2.0NRT,3.51,D,0.45,0.39,,,,,,firms,VIIRS,VIIRS_NOAA21_NRT
-3.9918,121.77444,2025-12-29,540,N21,n,2.0NRT,5.27,D,0.39,0.44,,,,,,firms,VIIRS,VIIRS_NOAA21_NRT
-3.05138,119.16388,2025-12-29,540,N21,n,2.0NRT,2.82,D,0.43,0.38,,,,,,firms,VIIRS,VIIRS_NOAA21_NRT
-2.72217,120.35135,2025-12-29,540,N21,n,2.0NRT,6.6,D,0.5,0.41,,,,,,firms,VIIRS,VIIRS_NOAA21_NRT
-2.72146,120.35577,2025-12-29,540,N21,n,2.0NRT,6.6,D,0.5,0.41,,,,,,firms,VIIRS,VIIRS_NOAA21_NRT
-2.61751,119.24763,2025-12-29,540,N21,n,2.0NRT,2.77,D,0.44,0.38,,,,,,firms,VIIRS,VIIRS_NOAA21_NRT
-2.57779,121.37821,2025-12-29,540,N21,n,2.0NRT,7.17,D,0.57,0.43,,,,,,firms,VIIRS,VIIRS_NOAA21_NRT
-2.57696,121.38342,2025-12-29,540,N21,n,2.0NRT,37.0,D,0.57,0.43,,,,,,firms,VIIRS,VIIRS_NOAA21_NRT
-2.5143,121.09562,2025-12-29,540,N21,n,2.0NRT,5.81,D,0.55,0.43,,,,,,firms,VIIRS,VIIRS_NOAA21_NRT
-2.33547,121.61287,2025-12-29,540,N21,n,2.0NRT,6.67,D,0.4,0.44,,,,,,firms,VIIRS,VIIRS_NOAA21_NRT
-2.05818,119.51263,2025-12-29,540,N21,n,2.0NRT,3.76,D,0.46,0.39,,,,,,firms,VIIRS,VIIRS_NOAA21_NRT
-2.01196,121.41844,2025-12-29,540,N21,n,2.0NRT,7.36,D,0.39,0.44,,,,,,firms,VIIRS,VIIRS_NOAA21_NRT
-2.00798,121.41768,2025-12-29,540,N21,n,2.0NRT,3.23,D,0.39,0.44,,,,,,firms,VIIRS,VIIRS_NOAA21_NRT
-1.92005,119.39597,2025-12-29,540,N21,n,2.0NRT,3.22,D,0.45,0.39,,,,,,firms,VIIRS,VIIRS_NOAA21_NRT
-1.91942,119.40002,2025-12-29,540,N21,n,2.0NRT,3.22,D,0.45,0.39,,,,,,firms,VIIRS,VIIRS_NOAA21_NRT
-1.67678,120.62961,2025-12-29,540,N21,n,2.0NRT,4.43,D,0.53,0.42,,,,,,firms,VIIRS,VIIRS_NOAA21_NRT
-1.63526,119.45898,2025-12-29,540,N21,n,2.0NRT,2.08,D,0.46,0.39,,,,,,firms,VIIRS,VIIRS_NOAA21_NRT
-1.53957,121.25699,2025-12-29,540,N21,n,2.0NRT,10.1,D,0.39,0.44,,,,,,firms,VIIRS,VIIRS_NOAA21_NRT
-1.53903,121.26048,2025-12-29,540,N21,n,2.0NRT,16.5,D,0.39,0.44,,,,,,firms,VIIRS,VIIRS_NOAA21_NRT
-1.41876,123.49342,2025-12-29,540,N21,n,2.0NRT,14.68,D,0.55,0.51,,,,,,firms,VIIRS,VIIRS_NOAA21_NRT
-1.3925,121.77448,2025-12-29,540,N21,n,2.0NRT,4.34,D,0.42,0.45,,,,,,firms,VIIRS,VIIRS_NOAA21_NRT
-1.3388,121.20506,2025-12-29,540,N21,n,2.0NRT,11.74,D,0.39,0.44,,,,,,firms,VIIRS,VIIRS_NOAA21_NRT
-1.33829,121.20829,2025-12-29,540,N21,n,2.0NRT,11.74,D,0.39,0.44,,,,,,firms,VIIRS,VIIRS_NOAA21_NRT
-1.27094,121.86,2025-12-29,540,N21,n,2.0NRT,10.0,D,0.43,0.46,,,,,,firms,VIIRS,VIIRS_NOAA21_NRT
-1.26683,121.85892,2025-12-29,540,N21,n,2.0NRT,10.0,D,0.43,0.46,,,,,,firms,VIIRS,VIIRS_NOAA21_NRT
-1.07368,120.06388,2025-12-29,540,N21,n,2.0NRT,8.77,D,0.5,0.41,,,,,,firms,VIIRS,VIIRS_NOAA21_NRT
-0.78916,119.72321,2025-12-29,540,N21,n,2.0NRT,4.69,D,0.49,0.4,,,,,,firms,VIIRS,VIIRS_NOAA21_NRT
-0.78589,122.90569,2025-12-29,540,N21,n,2.0NRT,5.16,D,0.51,0.49,,,,,,firms,VIIRS,VIIRS_NOAA21_NRT
0.09128,117.47069,2025-12-29,542,N21,n,2.0NRT,7.01,D,0.4,0.37,,,,,,firms,VIIRS,VIIRS_NOAA21_NRT
0.09358,116.37634,2025-12-29,542,N21,n,2.0NRT,2.2,D,0.39,0.36,,,,,,firms,VIIRS,VIIRS_NOAA21_NRT
0.25052,116.42623,2025-12-29,542,N21,n,2.0NRT,5.58,D,0.39,0.36,,,,,,firms,VIIRS,VIIRS_NOAA21_NRT
0.50682,117.25965,2025-12-29,542,N21,n,2.0NRT,2.76,D,0.4,0.37,,,,,,firms,VIIRS,VIIRS_NOAA21_NRT
0.58362,117.3355,2025-12-29,542,N21,n,2.0NRT,5.23,D,0.4,0.37,,,,,,firms,VIIRS,VIIRS_NOAA21_NRT
0.59572,117.23525,2025-12-29,542,N21,n,2.0NRT,6.93,D,0.4,0.37,,,,,,firms,VIIRS,VIIRS_NOAA21_NRT
0.8551,117.04259,2025-12-29,542,N21,n,2.0NRT,5.3,D,0.4,0.37,,,,,,firms,VIIRS,VIIRS_NOAA21_NRT
1.2277,117.18811,2025-12-29,542,N21,n,2.0NRT,10.3,D,0.4,0.37,,,,,,firms,VIIRS,VIIRS_NOAA21_NRT
4.15668,116.94878,2025-12-29,542,N21,n,2.0NRT,3.2,D,0.41,0.37,,,,,,firms,VIIRS,VIIRS_NOAA21_NRT
2.77833,125.40361,2025-12-29,1639,N21,n,2.0NRT,1.53,N,0.48,0.48,,,,,,firms,VIIRS,VIIRS_NOAA21_NRT
2.78222,125.40502,2025-12-29,1639,N21,n,2.0NRT,3.57,N,0.48,0.48,,,,,,firms,VIIRS,VIIRS_NOAA21_NRT
2.78287,125.4033,2025-12-29,1639,N21,n,2.0NRT,1.53,N,0.48,0.48,,,,,,firms,VIIRS,VIIRS_NOAA21_NRT
-2.58151,121.38525,2025-12-29,1641,N21,n,2.0NRT,3.46,N,0.37,0.58,,,,,,firms,VIIRS,VIIRS_NOAA21_NRT
-2.581,121.38216,2025-12-29,1641,N21,n,2.0NRT,10.18,N,0.37,0.58,,,,,,firms,VIIRS,VIIRS_NOAA21_NRT
-2.57674,121.38946,2025-12-29,1641,N21,n,2.0NRT,3.46,N,0.37,0.58,,,,,,firms,VIIRS,VIIRS_NOAA21_NRT
-2.57623,121.3864,2025-12-29,1641,N21,n,2.0NRT,3.46,N,0.37,0.58,,,,,,firms,VIIRS,VIIRS_NOAA21_NRT
-2.57571,121.38324,2025-12-29,1641,N21,h,2.0NRT,10.18,N,0.37,0.58,,,,,,firms,VIIRS,VIIRS_NOAA21_NRT
-2.57519,121.38007,2025-12-29,1641,N21,n,2.0NRT,10.18,N,0.37,0.58,,,,,,firms,VIIRS,VIIRS_NOAA21_NRT
-1.56606,127.42786,2025-12-29,1641,N21,n,2.0NRT,1.07,N,0.47,0.4,,,,,,firms,VIIRS,VIIRS_NOAA21_NRT
-1.56243,127.42841,2025-12-29,1641,N21,n,2.0NRT,1.07,N,0.47,0.4,,,,,,firms,VIIRS,VIIRS_NOAA21_NRT
-1.55878,127.42892,2025-12-29,1641,N21,n,2.0NRT,1.09,N,0.47,0.4,,,,,,firms,VIIRS,VIIRS_NOAA21_NRT
-1.45913,127.43891,2025-12-29,1641,N21,n,2.0NRT,2.4,N,0.47,0.4,,,,,,firms,VIIRS,VIIRS_NOAA21_NRT
-1.45843,127.43452,2025-12-29,1641,N21,n,2.0NRT,2.4,N,0.47,0.4,,,,,,firms,VIIRS,VIIRS_NOAA21_NRT
1.69611,100.68347,2025-12-29,1821,N21,n,2.0NRT,0.68,N,0.42,0.45,,,,,,firms,VIIRS,VIIRS_NOAA21_NRT
1.81588,103.25043,2025-12-29,1821,N21,n,2.0NRT,0.49,N,0.45,0.39,,,,,,firms,VIIRS,VIIRS_NOAA21_NRT
4.14329,105.10813,2025-12-29,1821,N21,n,2.0NRT,2.54,N,0.4,0.37,,,,,,firms,VIIRS,VIIRS_NOAA21_NRT
4.32342,106.08788,2025-12-29,1821,N21,n,2.0NRT,0.92,N,0.39,0.36,,,,,,firms,VIIRS,VIIRS_NOAA21_NRT
5.50088,105.20685,2025-12-29,1821,N21,n,2.0NRT,0.93,N,0.41,0.37,,,,,,firms,VIIRS,VIIRS_NOAA21_NRT
-8.11125,112.92986,2025-12-29,1823,N21,n,2.0NRT,1.29,N,0.37,0.58,,,,,,firms,VIIRS,VIIRS_NOAA21_NRT
-7.54517,110.44786,2025-12-29,1823,N21,n,2.0NRT,1.18,N,0.49,0.48,,,,,,firms,VIIRS,VIIRS_NOAA21_NRT
-7.5446,110.44381,2025-12-29,1823,N21,n,2.0NRT,1.88,N,0.49,0.48,,,,,,firms,VIIRS,VIIRS_NOAA21_NRT
-6.54858,108.09403,2025-12-29,1823,N21,n,2.0NRT,2.15,N,0.5,0.41,,,,,,firms,VIIRS,VIIRS_NOAA21_NRT
-6.32563,106.7658,2025-12-29,1823,N21,n,2.0NRT,3.8,N,0.43,0.38,,,,,,firms,VIIRS,VIIRS_NOAA21_NRT
-6.18501,106.35455,2025-12-29,1823,N21,n,2.0NRT,1.67,N,0.42,0.37,,,,,,firms,VIIRS,VIIRS_NOAA21_NRT
-6.17479,106.31026,2025-12-29,1823,N21,n,2.0NRT,0.55,N,0.42,0.37,,,,,,firms,VIIRS,VIIRS_NOAA21_NRT
-6.09754,106.67323,2025-12-29,1823,N21,n,2.0NRT,0.34,N,0.43,0.38,,,,,,firms,VIIRS,VIIRS_NOAA21_NRT
-6.08154,106.34294,2025-12-29,1823,N21,n,2.0NRT,0.66,N,0.42,0.37,,,,,,firms,VIIRS,VIIRS_NOAA21_NRT
-6.07373,106.6338,2025-12-29,1823,N21,n,2.0NRT,0.5,N,0.43,0.38,,,,,,firms,VIIRS,VIIRS_NOAA21_NRT
-6.01191,105.97683,2025-12-29,1823,N21,n,2.0NRT,0.81,N,0.4,0.37,,,,,,firms,VIIRS,VIIRS_NOAA21_NRT
-5.89402,107.49409,2025-12-29,1823,N21,n,2.0NRT,0.72,N,0.46,0.39,,,,,,firms,VIIRS,VIIRS_NOAA21_NRT
-6.28105,138.88095,2025-12-30,340,N21,n,2.0NRT,5.82,D,0.35,0.57,,,,,,firms,VIIRS,VIIRS_NOAA21_NRT
-6.28061,138.88406,2025-12-30,340,N21,n,2.0NRT,5.82,D,0.35,0.57,,,,,,firms,VIIRS,VIIRS_NOAA21_NRT
-3.71977,138.05415,2025-12-30,340,N21,n,2.0NRT,2.79,D,0.37,0.58,,,,,,firms,VIIRS,VIIRS_NOAA21_NRT
-1.99938,121.4297,2025-12-30,522,N21,n,2.0NRT,3.82,D,0.38,0.36,,,,,,firms,VIIRS,VIIRS_NOAA21_NRT
-0.24497,111.93436,2025-12-30,522,N21,n,2.0NRT,3.27,D,0.36,0.58,,,,,,firms,VIIRS,VIIRS_NOAA21_NRT
0.49254,122.93159,2025-12-30,522,N21,n,2.0NRT,18.04,D,0.43,0.38,,,,,,firms,VIIRS,VIIRS_NOAA21_NRT
0.49598,122.93095,2025-12-30,522,N21,n,2.0NRT,14.44,D,0.43,0.38,,,,,,firms,VIIRS,VIIRS_NOAA21_NRT
0.51639,122.69714,2025-12-30,522,N21,n,2.0NRT,4.82,D,0.42,0.37,,,,,,firms,VIIRS,VIIRS_NOAA21_NRT
1.36132,125.05637,2025-12-30,522,N21,n,2.0NRT,3.41,D,0.56,0.43,,,,,,firms,VIIRS,VIIRS_NOAA21_NRT
-4.57832,103.14417,2025-12-30,703,N21,n,2.0NRT,12.77,D,0.51,0.49,,,,,,firms,VIIRS,VIIRS_NOAA21_NRT
5.46439,100.68667,2025-12-30,707,N21,n,2.0NRT,3.89,D,0.49,0.49,,,,,,firms,VIIRS,VIIRS_NOAA21_NRT
3.52196,113.31224,2025-12-30,1802,N21,n,2.0NRT,1.07,N,0.42,0.37,,,,,,firms,VIIRS,VIIRS_NOAA21_NRT
3.52479,113.31652,2025-12-30,1802,N21,n,2.0NRT,0.85,N,0.42,0.38,,,,,,firms,VIIRS,VIIRS_NOAA21_NRT
3.52539,113.31279,2025-12-30,1802,N21,n,2.0NRT,1.08,N,0.42,0.37,,,,,,firms,VIIRS,VIIRS_NOAA21_NRT
3.53433,113.34483,2025-12-30,1802,N21,n,2.0NRT,1.13,N,0.42,0.38,,,,,,firms,VIIRS,VIIRS_NOAA21_NRT
3.53627,113.31068,2025-12-30,1802,N21,n,2.0NRT,0.81,N,0.42,0.37,,,,,,firms,VIIRS,VIIRS_NOAA21_NRT
3.62649,112.67921,2025-12-30,1802,N21,n,2.0NRT,4.25,N,0.4,0.37,,,,,,firms,VIIRS,VIIRS_NOAA21_NRT
3.63203,112.70936,2025-12-30,1802,N21,n,2.0NRT,5.57,N,0.4,0.37,,,,,,firms,VIIRS,VIIRS_NOAA21_NRT
3.97282,103.37597,2025-12-30,1802,N21,n,2.0NRT,1.79,N,0.62,0.54,,,,,,firms,VIIRS,VIIRS_NOAA21_NRT
4.7415,113.72797,2025-12-30,1802,N21,n,2.0NRT,2.4,N,0.42,0.38,,,,,,firms,VIIRS,VIIRS_NOAA21_NRT
4.97679,112.98323,2025-12-30,1802,N21,n,2.0NRT,1.14,N,0.4,0.37,,,,,,firms,VIIRS,VIIRS_NOAA21_NRT
-1.44427,116.99162,2025-12-30,1804,N21,n,2.0NRT,5.01,N,0.52,0.5,,,,,,firms,VIIRS,VIIRS_NOAA21_NRT
-1.24762,116.81708,2025-12-30,1804,N21,n,2.0NRT,0.57,N,0.5,0.49,,,,,,firms,VIIRS,VIIRS_NOAA21_NRT
0.67583,117.5657,2025-12-30,1804,N21,n,2.0NRT,0.93,N,0.53,0.5,,,,,,firms,VIIRS,VIIRS_NOAA21_NRT
0.68115,117.56181,2025-12-30,1804,N21,n,2.0NRT,0.93,N,0.53,0.5,,,,,,firms,VIIRS,VIIRS_NOAA21_NRT
0.68191,117.55705,2025-12-30,1804,N21,n,2.0NRT,0.84,N,0.53,0.5,,,,,,firms,VIIRS,VIIRS_NOAA21_NRT
-8.12173,112.93784,2025-12-30,1806,N21,n,2.0NRT,1.83,N,0.53,0.42,,,,,,firms,VIIRS,VIIRS_NOAA21_NRT
-8.11675,112.93035,2025-12-30,1806,N21,n,2.0NRT,1.83,N,0.53,0.42,,,,,,firms,VIIRS,VIIRS_NOAA21_NRT
-8.11591,112.92453,2025-12-30,1806,N21,n,2.0NRT,1.77,N,0.53,0.42,,,,,,firms,VIIRS,VIIRS_NOAA21_NRT
-8.11276,112.92978,2025-12-30,1806,N21,n,2.0NRT,3.59,N,0.53,0.42,,,,,,firms,VIIRS,VIIRS_NOAA21_NRT
-8.11195,112.92415,2025-12-30,1806,N21,n,2.0NRT,19.04,N,0.53,0.42,,,,,,firms,VIIRS,VIIRS_NOAA21_NRT
-7.94215,112.95053,2025-12-30,1806,N21,n,2.0NRT,1.52,N,0.53,0.42,,,,,,firms,VIIRS,VIIRS_NOAA21_NRT
-7.70231,108.99482,2025-12-30,1806,N21,n,2.0NRT,1.42,N,0.38,0.36,,,,,,firms,VIIRS,VIIRS_NOAA21_NRT
-7.6957,108.99586,2025-12-30,1806,N21,n,2.0NRT,0.98,N,0.38,0.36,,,,,,firms,VIIRS,VIIRS_NOAA21_NRT
-6.27951,138.89594,2025-12-31,501,N21,n,2.0NRT,23.18,D,0.58,0.7,,,,,,firms,VIIRS,VIIRS_NOAA21_NRT
-6.27859,138.90112,2025-12-31,501,N21,l,2.0NRT,35.97,D,0.58,0.7,,,,,,firms,VIIRS,VIIRS_NOAA21_NRT
-3.90171,122.41662,2025-12-31,501,N21,n,2.0NRT,6.98,D,0.51,0.41,,,,,,firms,VIIRS,VIIRS_NOAA21_NRT
-3.87044,122.39336,2025-12-31,501,N21,n,2.0NRT,3.93,D,0.51,0.41,,,,,,firms,VIIRS,VIIRS_NOAA21_NRT
-3.86977,122.39793,2025-12-31,501,N21,n,2.0NRT,3.93,D,0.51,0.41,,,,,,firms,VIIRS,VIIRS_NOAA21_NRT
-1.41625,122.44107,2025-12-31,503,N21,n,2.0NRT,7.25,D,0.48,0.4,,,,,,firms,VIIRS,VIIRS_NOAA21_NRT
1.2499,121.38369,2025-12-31,503,N21,n,2.0NRT,6.01,D,0.51,0.41,,,,,,firms,VIIRS,VIIRS_NOAA21_NRT
2.1755,116.93353,2025-12-31,503,N21,n,2.0NRT,4.43,D,0.32,0.54,,,,,,firms,VIIRS,VIIRS_NOAA21_NRT
3.60499,112.41015,2025-12-31,503,N21,n,2.0NRT,4.44,D,0.63,0.72,,,,,,firms,VIIRS,VIIRS_NOAA21_NRT
-1.40866,100.57402,2025-12-31,644,N21,n,2.0NRT,3.66,D,0.38,0.36,,,,,,firms,VIIRS,VIIRS_NOAA21_NRT
1.67355,101.4749,2025-12-31,646,N21,n,2.0NRT,5.17,D,0.41,0.37,,,,,,firms,VIIRS,VIIRS_NOAA21_NRT
5.22286,97.09825,2025-12-31,646,N21,n,2.0NRT,1.63,D,0.41,0.37,,,,,,firms,VIIRS,VIIRS_NOAA21_NRT
5.46324,100.68945,2025-12-31,646,N21,n,2.0NRT,3.59,D,0.41,0.37,,,,,,firms,VIIRS,VIIRS_NOAA21_NRT
5.69239,100.98009,2025-12-31,646,N21,n,2.0NRT,4.39,D,0.42,0.38,,,,,,firms,VIIRS,VIIRS_NOAA21_NRT
-2.57871,121.38547,2025-12-31,1743,N21,n,2.0NRT,2.4,N,0.51,0.5,,,,,,firms,VIIRS,VIIRS_NOAA21_NRT
-2.578,121.38071,2025-12-31,1743,N21,n,2.0NRT,2.4,N,0.51,0.49,,,,,,firms,VIIRS,VIIRS_NOAA21_NRT
-2.00895,121.41768,2025-12-31,1743,N21,n,2.0NRT,3.68,N,0.5,0.49,,,,,,firms,VIIRS,VIIRS_NOAA21_NRT
-1.37981,122.48154,2025-12-31,1743,N21,n,2.0NRT,1.21,N,0.58,0.52,,,,,,firms,VIIRS,VIIRS_NOAA21_NRT
0.28065,116.84559,2025-12-31,1743,N21,n,2.0NRT,0.63,N,0.4,0.37,,,,,,firms,VIIRS,VIIRS_NOAA21_NRT
0.67685,117.5643,2025-12-31,1743,N21,n,2.0NRT,1.12,N,0.42,0.38,,,,,,firms,VIIRS,VIIRS_NOAA21_NRT
0.68089,117.5611,2025-12-31,1743,N21,n,2.0NRT,1.12,N,0.42,0.38,,,,,,firms,VIIRS,VIIRS_NOAA21_NRT
0.68434,117.56164,2025-12-31,1743,N21,n,2.0NRT,3.19,N,0.42,0.38,,,,,,firms,VIIRS,VIIRS_NOAA21_NRT
0.68897,117.55464,2025-12-31,1743,N21,n,2.0NRT,2.29,N,0.42,0.38,,,,,,firms,VIIRS,VIIRS_NOAA21_NRT
0.68956,117.55089,2025-12-31,1743,N21,n,2.0NRT,1.27,N,0.42,0.38,,,,,,firms,VIIRS,VIIRS_NOAA21_NRT
0.89687,124.08304,2025-12-31,1743,N21,n,2.0NRT,0.89,N,0.35,0.57,,,,,,firms,VIIRS,VIIRS_NOAA21_NRT
3.97352,103.37337,2025-12-31,1743,N21,n,2.0NRT,0.92,N,0.67,0.73,,,,,,firms,VIIRS,VIIRS_NOAA21_NRT
4.14652,105.10666,2025-12-31,1743,N21,n,2.0NRT,5.34,N,0.51,0.66,,,,,,firms,VIIRS,VIIRS_NOAA21_NRT
4.97898,112.98445,2025-12-31,1743,N21,n,2.0NRT,2.06,N,0.47,0.4,,,,,,firms,VIIRS,VIIRS_NOAA21_NRT
4.97962,112.98019,2025-12-31,1743,N21,n,2.0NRT,3.1,N,0.47,0.4,,,,,,firms,VIIRS,VIIRS_NOAA21_NRT
-8.12194,112.93486,2025-12-31,1745,N21,n,2.0NRT,1.01,N,0.39,0.36,,,,,,firms,VIIRS,VIIRS_NOAA21_NRT
-8.11381,112.92594,2025-12-31,1745,N21,n,2.0NRT,7.42,N,0.39,0.36,,,,,,firms,VIIRS,VIIRS_NOAA21_NRT
-8.11328,112.92252,2025-12-31,1745,N21,n,2.0NRT,3.75,N,0.39,0.36,,,,,,firms,VIIRS,VIIRS_NOAA21_NRT
-7.24019,111.73206,2025-12-31,1745,N21,n,2.0NRT,1.83,N,0.41,0.37,,,,,,firms,VIIRS,VIIRS_NOAA21_NRT
3.97116,103.37192,2025-12-31,1923,N21,n,2.0NRT,1.11,N,0.65,0.73,,,,,,firms,VIIRS,VIIRS_NOAA21_NRT
3.97264,103.37643,2025-12-31,1923,N21,n,2.0NRT,1.82,N,0.66,0.73,,,,,,firms,VIIRS,VIIRS_NOAA21_NRT
