latitude,longitude,acq_date,acq_time,satellite,confidence,version,frp,daynight,scan,track,brightness,brightness_t13,brightness_t31,bright_t14,bright_t15,source_api,sensor_type,satellite_source
-8.85225,120.63667,2026-05-04,436,N21,n,2.0NRT,7.02,D,0.74,0.76,,,,,,firms,VIIRS,VIIRS_NOAA21_NRT
0.48155,128.00179,2026-05-04,438,N21,n,2.0NRT,14.51,D,0.51,0.41,,,,,,firms,VIIRS,VIIRS_NOAA21_NRT
1.49531,127.63095,2026-05-04,438,N21,n,2.0NRT,10.47,D,0.52,0.42,,,,,,firms,VIIRS,VIIRS_NOAA21_NRT
1.81387,125.12361,2026-05-04,438,N21,n,2.0NRT,9.21,D,0.5,0.49,,,,,,firms,VIIRS,VIIRS_NOAA21_NRT
1.8146,125.12815,2026-05-04,438,N21,n,2.0NRT,7.95,D,0.5,0.49,,,,,,firms,VIIRS,VIIRS_NOAA21_NRT
2.19553,128.2084,2026-05-04,438,N21,n,2.0NRT,12.38,D,0.48,0.4,,,,,,firms,VIIRS,VIIRS_NOAA21_NRT
5.57602,125.38012,2026-05-04,440,N21,n,2.0NRT,4.82,D,0.42,0.45,,,,,,firms,VIIRS,VIIRS_NOAA21_NRT
5.75788,125.44556,2026-05-04,440,N21,n,2.0NRT,4.48,D,0.41,0.45,,,,,,firms,VIIRS,VIIRS_NOAA21_NRT
-9.75873,120.39371,2026-05-04,616,N21,n,2.0NRT,8.11,D,0.53,0.67,,,,,,firms,VIIRS,VIIRS_NOAA21_NRT
-9.46803,119.81228,2026-05-04,616,N21,n,2.0NRT,5.36,D,0.49,0.65,,,,,,firms,VIIRS,VIIRS_NOAA21_NRT
-9.46574,119.81137,2026-05-04,616,N21,n,2.0NRT,6.9,D,0.49,0.65,,,,,,firms,VIIRS,VIIRS_NOAA21_NRT
-9.41974,119.87369,2026-05-04,616,N21,n,2.0NRT,2.32,D,0.49,0.65,,,,,,firms,VIIRS,VIIRS_NOAA21_NRT
-9.40335,119.64368,2026-05-04,616,N21,n,2.0NRT,1.95,D,0.48,0.64,,,,,,firms,VIIRS,VIIRS_NOAA21_NRT
-8.42056,117.54041,2026-05-04,616,N21,n,2.0NRT,1.92,D,0.36,0.57,,,,,,firms,VIIRS,VIIRS_NOAA21_NRT
-8.39353,117.11629,2026-05-04,616,N21,n,2.0NRT,2.98,D,0.33,0.56,,,,,,firms,VIIRS,VIIRS_NOAA21_NRT
-8.1135,112.92507,2026-05-04,616,N21,n,2.0NRT,28.07,D,0.54,0.42,,,,,,firms,VIIRS,VIIRS_NOAA21_NRT
-2.69271,114.76309,2026-05-04,618,N21,n,2.0NRT,3.53,D,0.57,0.52,,,,,,firms,VIIRS,VIIRS_NOAA21_NRT
-2.69095,114.76653,2026-05-04,618,N21,n,2.0NRT,5.25,D,0.57,0.52,,,,,,firms,VIIRS,VIIRS_NOAA21_NRT
-2.26178,113.47327,2026-05-04,618,N21,n,2.0NRT,8.84,D,0.47,0.48,,,,,,firms,VIIRS,VIIRS_NOAA21_NRT
-1.47005,119.49987,2026-05-04,618,N21,n,2.0NRT,4.07,D,0.64,0.72,,,,,,firms,VIIRS,VIIRS_NOAA21_NRT
-0.79082,116.2054,2026-05-04,618,N21,h,2.0NRT,8.77,D,0.39,0.59,,,,,,firms,VIIRS,VIIRS_NOAA21_NRT
-2.23517,102.08674,2026-05-04,620,N21,n,2.0NRT,3.48,D,0.4,0.44,,,,,,firms,VIIRS,VIIRS_NOAA21_NRT
-2.16196,100.82637,2026-05-04,620,N21,n,2.0NRT,3.72,D,0.48,0.48,,,,,,firms,VIIRS,VIIRS_NOAA21_NRT
-1.42906,110.36066,2026-05-04,620,N21,n,2.0NRT,10.78,D,0.47,0.4,,,,,,firms,VIIRS,VIIRS_NOAA21_NRT
-1.42801,110.36131,2026-05-04,620,N21,n,2.0NRT,8.95,D,0.47,0.4,,,,,,firms,VIIRS,VIIRS_NOAA21_NRT
-0.46579,116.07941,2026-05-04,620,N21,n,2.0NRT,5.13,D,0.38,0.59,,,,,,firms,VIIRS,VIIRS_NOAA21_NRT
-0.23874,115.94604,2026-05-04,620,N21,n,2.0NRT,3.45,D,0.38,0.59,,,,,,firms,VIIRS,VIIRS_NOAA21_NRT
-0.23556,115.94441,2026-05-04,620,N21,n,2.0NRT,3.41,D,0.38,0.59,,,,,,firms,VIIRS,VIIRS_NOAA21_NRT
0.28977,116.06114,2026-05-04,620,N21,n,2.0NRT,2.65,D,0.39,0.6,,,,,,firms,VIIRS,VIIRS_NOAA21_NRT
0.54235,103.1476,2026-05-04,620,N21,n,2.0NRT,4.03,D,0.48,0.4,,,,,,firms,VIIRS,VIIRS_NOAA21_NRT
0.67647,117.56258,2026-05-04,620,N21,n,2.0NRT,9.62,D,0.51,0.66,,,,,,firms,VIIRS,VIIRS_NOAA21_NRT
0.81672,116.87904,2026-05-04,620,N21,n,2.0NRT,5.48,D,0.46,0.63,,,,,,firms,VIIRS,VIIRS_NOAA21_NRT
1.63079,117.03886,2026-05-04,620,N21,n,2.0NRT,3.9,D,0.48,0.65,,,,,,firms,VIIRS,VIIRS_NOAA21_NRT
1.98506,117.2042,2026-05-04,620,N21,n,2.0NRT,5.06,D,0.5,0.66,,,,,,firms,VIIRS,VIIRS_NOAA21_NRT
1.98809,117.20734,2026-05-04,620,N21,n,2.0NRT,9.8,D,0.5,0.66,,,,,,firms,VIIRS,VIIRS_NOAA21_NRT
2.04685,117.18944,2026-05-04,620,N21,n,2.0NRT,11.26,D,0.5,0.66,,,,,,firms,VIIRS,VIIRS_NOAA21_NRT
2.0626,117.46268,2026-05-04,620,N21,n,2.0NRT,6.07,D,0.53,0.67,,,,,,firms,VIIRS,VIIRS_NOAA21_NRT
2.10112,117.22307,2026-05-04,620,N21,n,2.0NRT,4.43,D,0.51,0.66,,,,,,firms,VIIRS,VIIRS_NOAA21_NRT
2.10706,117.38454,2026-05-04,620,N21,h,2.0NRT,15.84,D,0.52,0.67,,,,,,firms,VIIRS,VIIRS_NOAA21_NRT
2.10751,117.38105,2026-05-04,620,N21,n,2.0NRT,8.84,D,0.52,0.67,,,,,,firms,VIIRS,VIIRS_NOAA21_NRT
2.10817,117.38568,2026-05-04,620,N21,n,2.0NRT,8.84,D,0.52,0.67,,,,,,firms,VIIRS,VIIRS_NOAA21_NRT
2.20106,117.24577,2026-05-04,620,N21,n,2.0NRT,4.98,D,0.51,0.66,,,,,,firms,VIIRS,VIIRS_NOAA21_NRT
2.26421,117.17204,2026-05-04,620,N21,n,2.0NRT,9.58,D,0.5,0.66,,,,,,firms,VIIRS,VIIRS_NOAA21_NRT
2.30082,117.12939,2026-05-04,620,N21,n,2.0NRT,4.21,D,0.5,0.66,,,,,,firms,VIIRS,VIIRS_NOAA21_NRT
2.30309,117.12852,2026-05-04,620,N21,n,2.0NRT,5.34,D,0.5,0.66,,,,,,firms,VIIRS,VIIRS_NOAA21_NRT
2.31165,117.14523,2026-05-04,620,N21,h,2.0NRT,23.67,D,0.5,0.66,,,,,,firms,VIIRS,VIIRS_NOAA21_NRT
2.31549,117.1451,2026-05-04,620,N21,h,2.0NRT,16.53,D,0.5,0.66,,,,,,firms,VIIRS,VIIRS_NOAA21_NRT
2.37259,117.05956,2026-05-04,620,N21,n,2.0NRT,4.17,D,0.5,0.66,,,,,,firms,VIIRS,VIIRS_NOAA21_NRT
3.22131,117.23098,2026-05-04,620,N21,n,2.0NRT,6.45,D,0.53,0.67,,,,,,firms,VIIRS,VIIRS_NOAA21_NRT
3.2267,117.22502,2026-05-04,620,N21,n,2.0NRT,35.17,D,0.53,0.67,,,,,,firms,VIIRS,VIIRS_NOAA21_NRT
3.22741,117.22986,2026-05-04,620,N21,l,2.0NRT,35.17,D,0.53,0.67,,,,,,firms,VIIRS,VIIRS_NOAA21_NRT
3.2683,103.42767,2026-05-04,620,N21,n,2.0NRT,3.29,D,0.44,0.38,,,,,,firms,VIIRS,VIIRS_NOAA21_NRT
3.2718,103.42714,2026-05-04,620,N21,n,2.0NRT,3.29,D,0.44,0.38,,,,,,firms,VIIRS,VIIRS_NOAA21_NRT
3.52154,116.71268,2026-05-04,620,N21,n,2.0NRT,2.84,D,0.49,0.65,,,,,,firms,VIIRS,VIIRS_NOAA21_NRT
4.00273,103.34525,2026-05-04,620,N21,n,2.0NRT,5.48,D,0.43,0.38,,,,,,firms,VIIRS,VIIRS_NOAA21_NRT
4.01969,117.2019,2026-05-04,620,N21,n,2.0NRT,5.36,D,0.54,0.68,,,,,,firms,VIIRS,VIIRS_NOAA21_NRT
4.06212,116.88342,2026-05-04,620,N21,n,2.0NRT,6.96,D,0.51,0.66,,,,,,firms,VIIRS,VIIRS_NOAA21_NRT
4.17225,117.16986,2026-05-04,620,N21,n,2.0NRT,8.16,D,0.54,0.68,,,,,,firms,VIIRS,VIIRS_NOAA21_NRT
4.28814,103.42356,2026-05-04,620,N21,n,2.0NRT,6.27,D,0.43,0.38,,,,,,firms,VIIRS,VIIRS_NOAA21_NRT
4.96755,116.49689,2026-05-04,620,N21,n,2.0NRT,7.82,D,0.5,0.66,,,,,,firms,VIIRS,VIIRS_NOAA21_NRT
5.21047,114.74513,2026-05-04,620,N21,n,2.0NRT,2.95,D,0.38,0.59,,,,,,firms,VIIRS,VIIRS_NOAA21_NRT
5.39538,103.05329,2026-05-04,622,N21,l,2.0NRT,6.61,D,0.43,0.38,,,,,,firms,VIIRS,VIIRS_NOAA21_NRT
5.39599,103.05715,2026-05-04,622,N21,l,2.0NRT,5.65,D,0.43,0.38,,,,,,firms,VIIRS,VIIRS_NOAA21_NRT
5.39701,103.05322,2026-05-04,622,N21,l,2.0NRT,6.63,D,0.43,0.38,,,,,,firms,VIIRS,VIIRS_NOAA21_NRT
5.44801,105.38006,2026-05-04,622,N21,n,2.0NRT,3.13,D,0.38,0.36,,,,,,firms,VIIRS,VIIRS_NOAA21_NRT
5.5648,102.72736,2026-05-04,622,N21,n,2.0NRT,5.47,D,0.44,0.39,,,,,,firms,VIIRS,VIIRS_NOAA21_NRT
1.49388,127.63479,2026-05-04,1717,N21,n,2.0NRT,9.91,N,0.42,0.46,,,,,,firms,VIIRS,VIIRS_NOAA21_NRT
2.04913,117.19186,2026-05-04,1717,N21,n,2.0NRT,1.37,N,0.4,0.44,,,,,,firms,VIIRS,VIIRS_NOAA21_NRT
2.22528,116.96822,2026-05-04,1717,N21,n,2.0NRT,2.0,N,0.41,0.45,,,,,,firms,VIIRS,VIIRS_NOAA21_NRT
2.31512,117.1453,2026-05-04,1717,N21,n,2.0NRT,1.74,N,0.4,0.44,,,,,,firms,VIIRS,VIIRS_NOAA21_NRT
2.77476,125.40516,2026-05-04,1717,N21,n,2.0NRT,0.4,N,0.46,0.39,,,,,,firms,VIIRS,VIIRS_NOAA21_NRT
3.09582,117.24681,2026-05-04,1717,N21,n,2.0NRT,3.18,N,0.41,0.45,,,,,,firms,VIIRS,VIIRS_NOAA21_NRT
3.94972,117.04734,2026-05-04,1717,N21,n,2.0NRT,0.42,N,0.43,0.46,,,,,,firms,VIIRS,VIIRS_NOAA21_NRT
4.37665,117.51133,2026-05-04,1717,N21,n,2.0NRT,0.68,N,0.41,0.45,,,,,,firms,VIIRS,VIIRS_NOAA21_NRT
-2.99993,115.20442,2026-05-04,1720,N21,n,2.0NRT,0.72,N,0.45,0.47,,,,,,firms,VIIRS,VIIRS_NOAA21_NRT
-2.88702,115.25829,2026-05-04,1720,N21,n,2.0NRT,1.21,N,0.45,0.47,,,,,,firms,VIIRS,VIIRS_NOAA21_NRT
-2.88276,115.25898,2026-05-04,1720,N21,n,2.0NRT,1.21,N,0.45,0.47,,,,,,firms,VIIRS,VIIRS_NOAA21_NRT
-1.89198,115.86566,2026-05-04,1720,N21,n,2.0NRT,3.6,N,0.42,0.45,,,,,,firms,VIIRS,VIIRS_NOAA21_NRT
-1.57176,127.42823,2026-05-04,1720,N21,n,2.0NRT,2.43,N,0.46,0.47,,,,,,firms,VIIRS,VIIRS_NOAA21_NRT
-1.56746,127.42887,2026-05-04,1720,N21,n,2.0NRT,2.43,N,0.46,0.47,,,,,,firms,VIIRS,VIIRS_NOAA21_NRT
-1.46045,127.43655,2026-05-04,1720,N21,n,2.0NRT,8.71,N,0.45,0.47,,,,,,firms,VIIRS,VIIRS_NOAA21_NRT
-1.45619,127.43741,2026-05-04,1720,N21,n,2.0NRT,6.22,N,0.45,0.47,,,,,,firms,VIIRS,VIIRS_NOAA21_NRT
-1.38127,122.47968,2026-05-04,1720,N21,n,2.0NRT,1.54,N,0.39,0.36,,,,,,firms,VIIRS,VIIRS_NOAA21_NRT
-1.24843,116.81326,2026-05-04,1720,N21,n,2.0NRT,2.62,N,0.57,0.43,,,,,,firms,VIIRS,VIIRS_NOAA21_NRT
-1.24755,116.81116,2026-05-04,1720,N21,n,2.0NRT,3.85,N,0.56,0.43,,,,,,firms,VIIRS,VIIRS_NOAA21_NRT
-1.24448,116.81387,2026-05-04,1720,N21,n,2.0NRT,2.62,N,0.57,0.43,,,,,,firms,VIIRS,VIIRS_NOAA21_NRT
-0.84526,117.26867,2026-05-04,1720,N21,n,2.0NRT,1.94,N,0.54,0.42,,,,,,firms,VIIRS,VIIRS_NOAA21_NRT
-0.79106,116.20377,2026-05-04,1720,N21,n,2.0NRT,1.2,N,0.42,0.45,,,,,,firms,VIIRS,VIIRS_NOAA21_NRT
-0.70851,117.06275,2026-05-04,1720,N21,n,2.0NRT,0.87,N,0.56,0.43,,,,,,firms,VIIRS,VIIRS_NOAA21_NRT
0.67553,117.56699,2026-05-04,1720,N21,n,2.0NRT,1.33,N,0.54,0.42,,,,,,firms,VIIRS,VIIRS_NOAA21_NRT
0.6902,117.5494,2026-05-04,1720,N21,n,2.0NRT,2.26,N,0.54,0.42,,,,,,firms,VIIRS,VIIRS_NOAA21_NRT
0.69116,117.55262,2026-05-04,1720,N21,n,2.0NRT,2.37,N,0.54,0.42,,,,,,firms,VIIRS,VIIRS_NOAA21_NRT
0.70404,117.4621,2026-05-04,1720,N21,n,2.0NRT,1.82,N,0.55,0.43,,,,,,firms,VIIRS,VIIRS_NOAA21_NRT
0.70441,117.46517,2026-05-04,1720,N21,n,2.0NRT,1.63,N,0.55,0.43,,,,,,firms,VIIRS,VIIRS_NOAA21_NRT
0.81596,117.93138,2026-05-04,1720,N21,n,2.0NRT,0.89,N,0.52,0.41,,,,,,firms,VIIRS,VIIRS_NOAA21_NRT
0.84115,117.07487,2026-05-04,1720,N21,n,2.0NRT,0.99,N,0.39,0.44,,,,,,firms,VIIRS,VIIRS_NOAA21_NRT
-9.82202,130.27361,2026-05-04,1722,N21,n,2.0NRT,1.67,N,0.47,0.64,,,,,,firms,VIIRS,VIIRS_NOAA21_NRT
-9.82151,130.26932,2026-05-04,1722,N21,n,2.0NRT,1.67,N,0.47,0.64,,,,,,firms,VIIRS,VIIRS_NOAA21_NRT
-8.55662,118.34151,2026-05-04,1722,N21,n,2.0NRT,0.56,N,0.4,0.37,,,,,,firms,VIIRS,VIIRS_NOAA21_NRT
-8.48029,118.29759,2026-05-04,1722,N21,n,2.0NRT,0.5,N,0.4,0.37,,,,,,firms,VIIRS,VIIRS_NOAA21_NRT
-8.47795,118.36901,2026-05-04,1722,N21,n,2.0NRT,0.86,N,0.4,0.37,,,,,,firms,VIIRS,VIIRS_NOAA21_NRT
-8.46156,118.49407,2026-05-04,1722,N21,n,2.0NRT,0.7,N,0.4,0.37,,,,,,firms,VIIRS,VIIRS_NOAA21_NRT
-8.11142,112.92527,2026-05-04,1722,N21,n,2.0NRT,5.72,N,0.53,0.5,,,,,,firms,VIIRS,VIIRS_NOAA21_NRT
-8.11133,112.92445,2026-05-04,1722,N21,n,2.0NRT,6.95,N,0.53,0.5,,,,,,firms,VIIRS,VIIRS_NOAA21_NRT
-8.1107,112.9212,2026-05-04,1722,N21,n,2.0NRT,3.45,N,0.53,0.5,,,,,,firms,VIIRS,VIIRS_NOAA21_NRT
-8.11056,112.91989,2026-05-04,1722,N21,n,2.0NRT,2.83,N,0.53,0.5,,,,,,firms,VIIRS,VIIRS_NOAA21_NRT
-7.55287,110.4351,2026-05-04,1722,N21,n,2.0NRT,1.9,N,0.4,0.6,,,,,,firms,VIIRS,VIIRS_NOAA21_NRT
-7.54914,110.44115,2026-05-04,1722,N21,n,2.0NRT,1.4,N,0.4,0.6,,,,,,firms,VIIRS,VIIRS_NOAA21_NRT
-7.54358,110.4416,2026-05-04,1722,N21,n,2.0NRT,6.76,N,0.4,0.6,,,,,,firms,VIIRS,VIIRS_NOAA21_NRT
-7.54276,110.44178,2026-05-04,1722,N21,n,2.0NRT,6.51,N,0.4,0.6,,,,,,firms,VIIRS,VIIRS_NOAA21_NRT
-7.54136,110.42965,2026-05-04,1722,N21,h,2.0NRT,6.76,N,0.4,0.6,,,,,,firms,VIIRS,VIIRS_NOAA21_NRT
-7.54059,110.4295,2026-05-04,1722,N21,h,2.0NRT,6.51,N,0.4,0.6,,,,,,firms,VIIRS,VIIRS_NOAA21_NRT
4.55352,103.45821,2026-05-04,1858,N21,n,2.0NRT,1.98,N,0.46,0.47,,,,,,firms,VIIRS,VIIRS_NOAA21_NRT
4.57696,103.44962,2026-05-04,1858,N21,n,2.0NRT,1.72,N,0.46,0.47,,,,,,firms,VIIRS,VIIRS_NOAA21_NRT
5.50059,105.20756,2026-05-04,1858,N21,n,2.0NRT,2.59,N,0.58,0.52,,,,,,firms,VIIRS,VIIRS_NOAA21_NRT
5.70687,102.57529,2026-05-04,1858,N21,n,2.0NRT,1.07,N,0.39,0.44,,,,,,firms,VIIRS,VIIRS_NOAA21_NRT
5.70743,102.57184,2026-05-04,1858,N21,n,2.0NRT,1.07,N,0.38,0.44,,,,,,firms,VIIRS,VIIRS_NOAA21_NRT
1.84426,100.96452,2026-05-04,1900,N21,n,2.0NRT,0.27,N,0.52,0.42,,,,,,firms,VIIRS,VIIRS_NOAA21_NRT
4.0047,103.34604,2026-05-04,1900,N21,n,2.0NRT,1.16,N,0.46,0.47,,,,,,firms,VIIRS,VIIRS_NOAA21_NRT
4.02097,103.34292,2026-05-04,1900,N21,n,2.0NRT,0.91,N,0.46,0.47,,,,,,firms,VIIRS,VIIRS_NOAA21_NRT
4.84755,97.4619,2026-05-04,1900,N21,n,2.0NRT,7.92,N,0.38,0.36,,,,,,firms,VIIRS,VIIRS_NOAA21_NRT
-3.80812,103.81921,2026-05-04,1902,N21,n,2.0NRT,0.65,N,0.33,0.55,,,,,,firms,VIIRS,VIIRS_NOAA21_NRT
-3.80309,103.81998,2026-05-04,1902,N21,n,2.0NRT,0.65,N,0.33,0.55,,,,,,firms,VIIRS,VIIRS_NOAA21_NRT
-3.68641,103.65565,2026-05-04,1902,N21,n,2.0NRT,1.24,N,0.63,0.54,,,,,,firms,VIIRS,VIIRS_NOAA21_NRT
-9.82034,130.26785,2026-05-05,417,N21,n,2.0NRT,3.66,D,0.35,0.57,,,,,,firms,VIIRS,VIIRS_NOAA21_NRT
-3.89092,138.61574,2026-05-05,417,N21,n,2.0NRT,3.46,D,0.39,0.36,,,,,,firms,VIIRS,VIIRS_NOAA21_NRT
-3.8876,138.61528,2026-05-05,417,N21,n,2.0NRT,3.46,D,0.39,0.36,,,,,,firms,VIIRS,VIIRS_NOAA21_NRT
-3.64842,137.95673,2026-05-05,417,N21,n,2.0NRT,3.08,D,0.38,0.36,,,,,,firms,VIIRS,VIIRS_NOAA21_NRT
-3.23951,127.06779,2026-05-05,417,N21,n,2.0NRT,31.0,D,0.47,0.64,,,,,,firms,VIIRS,VIIRS_NOAA21_NRT
-3.23893,127.07178,2026-05-05,417,N21,n,2.0NRT,37.92,D,0.47,0.64,,,,,,firms,VIIRS,VIIRS_NOAA21_NRT
-3.23363,127.06723,2026-05-05,417,N21,n,2.0NRT,31.0,D,0.47,0.64,,,,,,firms,VIIRS,VIIRS_NOAA21_NRT
-2.65156,140.51703,2026-05-05,417,N21,n,2.0NRT,6.69,D,0.46,0.39,,,,,,firms,VIIRS,VIIRS_NOAA21_NRT
-2.63621,140.90952,2026-05-05,417,N21,n,2.0NRT,4.02,D,0.48,0.4,,,,,,firms,VIIRS,VIIRS_NOAA21_NRT
-1.45856,127.43528,2026-05-05,419,N21,n,2.0NRT,7.06,D,0.42,0.61,,,,,,firms,VIIRS,VIIRS_NOAA21_NRT
0.51065,127.89439,2026-05-05,419,N21,n,2.0NRT,6.85,D,0.36,0.57,,,,,,firms,VIIRS,VIIRS_NOAA21_NRT
1.36711,128.20366,2026-05-05,419,N21,n,2.0NRT,2.57,D,0.33,0.55,,,,,,firms,VIIRS,VIIRS_NOAA21_NRT
5.90709,125.03255,2026-05-05,421,N21,n,2.0NRT,5.63,D,0.47,0.64,,,,,,firms,VIIRS,VIIRS_NOAA21_NRT
-10.15287,123.65047,2026-05-05,557,N21,n,2.0NRT,3.96,D,0.41,0.61,,,,,,firms,VIIRS,VIIRS_NOAA21_NRT
-9.37812,119.85482,2026-05-05,557,N21,n,2.0NRT,5.69,D,0.47,0.48,,,,,,firms,VIIRS,VIIRS_NOAA21_NRT
-9.37734,119.85124,2026-05-05,557,N21,n,2.0NRT,5.04,D,0.47,0.48,,,,,,firms,VIIRS,VIIRS_NOAA21_NRT
-9.37664,119.85544,2026-05-05,557,N21,n,2.0NRT,5.04,D,0.47,0.48,,,,,,firms,VIIRS,VIIRS_NOAA21_NRT
-9.3745,119.84995,2026-05-05,557,N21,n,2.0NRT,5.69,D,0.47,0.48,,,,,,firms,VIIRS,VIIRS_NOAA21_NRT
-8.48254,118.6449,2026-05-05,557,N21,n,2.0NRT,4.65,D,0.4,0.45,,,,,,firms,VIIRS,VIIRS_NOAA21_NRT
-8.39211,117.11713,2026-05-05,557,N21,n,2.0NRT,4.28,D,0.5,0.41,,,,,,firms,VIIRS,VIIRS_NOAA21_NRT
-8.34575,118.6627,2026-05-05,557,N21,n,2.0NRT,3.97,D,0.41,0.45,,,,,,firms,VIIRS,VIIRS_NOAA21_NRT
-8.32398,118.94881,2026-05-05,557,N21,n,2.0NRT,1.92,D,0.43,0.46,,,,,,firms,VIIRS,VIIRS_NOAA21_NRT
-8.1134,112.92568,2026-05-05,557,N21,n,2.0NRT,17.47,D,0.39,0.36,,,,,,firms,VIIRS,VIIRS_NOAA21_NRT
-7.82029,113.44512,2026-05-05,557,N21,n,2.0NRT,3.13,D,0.38,0.36,,,,,,firms,VIIRS,VIIRS_NOAA21_NRT
-7.79213,112.01225,2026-05-05,557,N21,l,2.0NRT,4.27,D,0.4,0.37,,,,,,firms,VIIRS,VIIRS_NOAA21_NRT
-7.69303,112.85059,2026-05-05,557,N21,n,2.0NRT,2.12,D,0.38,0.36,,,,,,firms,VIIRS,VIIRS_NOAA21_NRT
-7.65788,112.8557,2026-05-05,557,N21,n,2.0NRT,3.12,D,0.38,0.36,,,,,,firms,VIIRS,VIIRS_NOAA21_NRT
-7.6251,112.73724,2026-05-05,557,N21,l,2.0NRT,2.59,D,0.39,0.36,,,,,,firms,VIIRS,VIIRS_NOAA21_NRT
-7.26838,111.81127,2026-05-05,557,N21,n,2.0NRT,4.29,D,0.4,0.37,,,,,,firms,VIIRS,VIIRS_NOAA21_NRT
-7.24435,111.4647,2026-05-05,557,N21,n,2.0NRT,7.61,D,0.41,0.37,,,,,,firms,VIIRS,VIIRS_NOAA21_NRT
-6.92864,110.55843,2026-05-05,557,N21,n,2.0NRT,3.62,D,0.43,0.38,,,,,,firms,VIIRS,VIIRS_NOAA21_NRT
-5.76648,123.91701,2026-05-05,557,N21,n,2.0NRT,9.52,D,0.51,0.66,,,,,,firms,VIIRS,VIIRS_NOAA21_NRT
-4.57383,104.93326,2026-05-05,559,N21,n,2.0NRT,7.24,D,0.58,0.52,,,,,,firms,VIIRS,VIIRS_NOAA21_NRT
-2.9461,106.90485,2026-05-05,559,N21,n,2.0NRT,10.47,D,0.41,0.45,,,,,,firms,VIIRS,VIIRS_NOAA21_NRT
-2.61894,121.49525,2026-05-05,559,N21,n,2.0NRT,4.08,D,0.39,0.6,,,,,,firms,VIIRS,VIIRS_NOAA21_NRT
-2.5808,121.37601,2026-05-05,559,N21,n,2.0NRT,20.52,D,0.39,0.59,,,,,,firms,VIIRS,VIIRS_NOAA21_NRT
-2.58022,121.37963,2026-05-05,559,N21,n,2.0NRT,20.52,D,0.39,0.59,,,,,,firms,VIIRS,VIIRS_NOAA21_NRT
-2.515,112.11031,2026-05-05,559,N21,n,2.0NRT,2.64,D,0.38,0.36,,,,,,firms,VIIRS,VIIRS_NOAA21_NRT
-2.01301,121.42093,2026-05-05,559,N21,n,2.0NRT,4.99,D,0.4,0.6,,,,,,firms,VIIRS,VIIRS_NOAA21_NRT
-1.68738,110.30523,2026-05-05,559,N21,n,2.0NRT,1.96,D,0.4,0.37,,,,,,firms,VIIRS,VIIRS_NOAA21_NRT
-1.43516,110.30693,2026-05-05,559,N21,n,2.0NRT,6.46,D,0.4,0.37,,,,,,firms,VIIRS,VIIRS_NOAA21_NRT
-1.38136,122.48297,2026-05-05,559,N21,n,2.0NRT,3.52,D,0.48,0.65,,,,,,firms,VIIRS,VIIRS_NOAA21_NRT
0.49895,117.22587,2026-05-05,559,N21,n,2.0NRT,4.55,D,0.45,0.47,,,,,,firms,VIIRS,VIIRS_NOAA21_NRT
0.67354,117.56433,2026-05-05,559,N21,n,2.0NRT,5.59,D,0.47,0.48,,,,,,firms,VIIRS,VIIRS_NOAA21_NRT
0.67467,117.56622,2026-05-05,559,N21,n,2.0NRT,6.31,D,0.47,0.48,,,,,,firms,VIIRS,VIIRS_NOAA21_NRT
0.77314,116.68948,2026-05-05,559,N21,n,2.0NRT,31.58,D,0.42,0.45,,,,,,firms,VIIRS,VIIRS_NOAA21_NRT
0.77722,122.58725,2026-05-05,559,N21,n,2.0NRT,5.37,D,0.53,0.67,,,,,,firms,VIIRS,VIIRS_NOAA21_NRT
0.77769,122.59069,2026-05-05,559,N21,n,2.0NRT,9.28,D,0.53,0.67,,,,,,firms,VIIRS,VIIRS_NOAA21_NRT
0.77786,122.59136,2026-05-05,559,N21,n,2.0NRT,5.37,D,0.53,0.67,,,,,,firms,VIIRS,VIIRS_NOAA21_NRT
0.82002,117.84661,2026-05-05,559,N21,n,2.0NRT,5.07,D,0.5,0.49,,,,,,firms,VIIRS,VIIRS_NOAA21_NRT
0.82122,117.84528,2026-05-05,559,N21,n,2.0NRT,4.62,D,0.5,0.49,,,,,,firms,VIIRS,VIIRS_NOAA21_NRT
2.03411,117.22417,2026-05-05,559,N21,n,2.0NRT,5.59,D,0.47,0.48,,,,,,firms,VIIRS,VIIRS_NOAA21_NRT
2.05717,117.25955,2026-05-05,559,N21,n,2.0NRT,8.43,D,0.47,0.48,,,,,,firms,VIIRS,VIIRS_NOAA21_NRT
2.06091,117.25462,2026-05-05,559,N21,n,2.0NRT,8.43,D,0.47,0.48,,,,,,firms,VIIRS,VIIRS_NOAA21_NRT
2.22527,117.85715,2026-05-05,559,N21,n,2.0NRT,5.48,D,0.52,0.5,,,,,,firms,VIIRS,VIIRS_NOAA21_NRT
2.22527,117.86028,2026-05-05,559,N21,n,2.0NRT,11.05,D,0.52,0.5,,,,,,firms,VIIRS,VIIRS_NOAA21_NRT
2.25,117.93044,2026-05-05,559,N21,n,2.0NRT,3.89,D,0.53,0.5,,,,,,firms,VIIRS,VIIRS_NOAA21_NRT
2.26517,117.17406,2026-05-05,559,N21,n,2.0NRT,14.95,D,0.47,0.48,,,,,,firms,VIIRS,VIIRS_NOAA21_NRT
2.26579,117.17828,2026-05-05,559,N21,n,2.0NRT,14.95,D,0.47,0.48,,,,,,firms,VIIRS,VIIRS_NOAA21_NRT
2.28381,117.14971,2026-05-05,559,N21,n,2.0NRT,10.94,D,0.47,0.48,,,,,,firms,VIIRS,VIIRS_NOAA21_NRT
2.32839,117.12098,2026-05-05,559,N21,n,2.0NRT,2.22,D,0.47,0.48,,,,,,firms,VIIRS,VIIRS_NOAA21_NRT
2.32945,117.11824,2026-05-05,559,N21,n,2.0NRT,4.79,D,0.47,0.48,,,,,,firms,VIIRS,VIIRS_NOAA21_NRT
2.37936,117.49395,2026-05-05,559,N21,n,2.0NRT,8.0,D,0.5,0.49,,,,,,firms,VIIRS,VIIRS_NOAA21_NRT
2.38118,117.49603,2026-05-05,559,N21,n,2.0NRT,8.48,D,0.5,0.49,,,,,,firms,VIIRS,VIIRS_NOAA21_NRT
2.43974,117.81532,2026-05-05,559,N21,n,2.0NRT,7.25,D,0.52,0.5,,,,,,firms,VIIRS,VIIRS_NOAA21_NRT
1.83563,104.09604,2026-05-05,601,N21,n,2.0NRT,12.17,D,0.53,0.5,,,,,,firms,VIIRS,VIIRS_NOAA21_NRT
1.93206,109.5118,2026-05-05,601,N21,n,2.0NRT,3.55,D,0.4,0.37,,,,,,firms,VIIRS,VIIRS_NOAA21_NRT
2.07914,111.39462,2026-05-05,601,N21,n,2.0NRT,7.25,D,0.39,0.36,,,,,,firms,VIIRS,VIIRS_NOAA21_NRT
2.08244,111.39413,2026-05-05,601,N21,n,2.0NRT,3.32,D,0.39,0.36,,,,,,firms,VIIRS,VIIRS_NOAA21_NRT
2.87226,103.06779,2026-05-05,601,N21,n,2.0NRT,11.63,D,0.6,0.53,,,,,,firms,VIIRS,VIIRS_NOAA21_NRT
2.87543,103.06383,2026-05-05,601,N21,n,2.0NRT,11.57,D,0.6,0.53,,,,,,firms,VIIRS,VIIRS_NOAA21_NRT
2.91228,103.3195,2026-05-05,601,N21,n,2.0NRT,8.06,D,0.58,0.52,,,,,,firms,VIIRS,VIIRS_NOAA21_NRT
3.27668,113.0736,2026-05-05,601,N21,n,2.0NRT,2.98,D,0.43,0.38,,,,,,firms,VIIRS,VIIRS_NOAA21_NRT
3.52269,113.31478,2026-05-05,601,N21,n,2.0NRT,3.19,D,0.44,0.38,,,,,,firms,VIIRS,VIIRS_NOAA21_NRT
3.60578,112.4116,2026-05-05,601,N21,n,2.0NRT,5.33,D,0.41,0.37,,,,,,firms,VIIRS,VIIRS_NOAA21_NRT
3.94909,117.05076,2026-05-05,601,N21,n,2.0NRT,5.43,D,0.49,0.49,,,,,,firms,VIIRS,VIIRS_NOAA21_NRT
3.94929,117.04855,2026-05-05,601,N21,n,2.0NRT,4.24,D,0.49,0.49,,,,,,firms,VIIRS,VIIRS_NOAA21_NRT
3.94994,117.05291,2026-05-05,601,N21,n,2.0NRT,4.24,D,0.49,0.49,,,,,,firms,VIIRS,VIIRS_NOAA21_NRT
3.96875,117.03001,2026-05-05,601,N21,n,2.0NRT,10.98,D,0.49,0.48,,,,,,firms,VIIRS,VIIRS_NOAA21_NRT
3.98916,117.26776,2026-05-05,601,N21,n,2.0NRT,16.72,D,0.51,0.49,,,,,,firms,VIIRS,VIIRS_NOAA21_NRT
3.9898,117.27229,2026-05-05,601,N21,n,2.0NRT,16.86,D,0.51,0.49,,,,,,firms,VIIRS,VIIRS_NOAA21_NRT
4.55767,103.45733,2026-05-05,601,N21,n,2.0NRT,6.67,D,0.53,0.5,,,,,,firms,VIIRS,VIIRS_NOAA21_NRT
4.65463,97.20123,2026-05-05,601,N21,n,2.0NRT,5.36,D,0.72,0.76,,,,,,firms,VIIRS,VIIRS_NOAA21_NRT
4.65603,97.20335,2026-05-05,601,N21,n,2.0NRT,6.84,D,0.72,0.76,,,,,,firms,VIIRS,VIIRS_NOAA21_NRT
4.78248,103.079,2026-05-05,601,N21,n,2.0NRT,25.12,D,0.56,0.52,,,,,,firms,VIIRS,VIIRS_NOAA21_NRT
5.18059,97.14893,2026-05-05,601,N21,n,2.0NRT,15.26,D,0.71,0.75,,,,,,firms,VIIRS,VIIRS_NOAA21_NRT
5.21286,114.74215,2026-05-05,601,N21,n,2.0NRT,3.69,D,0.54,0.42,,,,,,firms,VIIRS,VIIRS_NOAA21_NRT
5.35076,119.14437,2026-05-05,1658,N21,n,2.0NRT,1.66,N,0.34,0.56,,,,,,firms,VIIRS,VIIRS_NOAA21_NRT
5.35121,119.14124,2026-05-05,1658,N21,n,2.0NRT,1.66,N,0.34,0.56,,,,,,firms,VIIRS,VIIRS_NOAA21_NRT
5.42657,114.70795,2026-05-05,1658,N21,n,2.0NRT,4.27,N,0.7,0.75,,,,,,firms,VIIRS,VIIRS_NOAA21_NRT
-2.442,133.14224,2026-05-05,1700,N21,n,2.0NRT,1.63,N,0.55,0.51,,,,,,firms,VIIRS,VIIRS_NOAA21_NRT
-0.70967,117.06383,2026-05-05,1700,N21,n,2.0NRT,1.49,N,0.39,0.59,,,,,,firms,VIIRS,VIIRS_NOAA21_NRT
-0.58218,117.38627,2026-05-05,1700,N21,n,2.0NRT,0.33,N,0.37,0.58,,,,,,firms,VIIRS,VIIRS_NOAA21_NRT
0.48121,127.99004,2026-05-05,1700,N21,n,2.0NRT,2.28,N,0.4,0.37,,,,,,firms,VIIRS,VIIRS_NOAA21_NRT
0.48234,128.0047,2026-05-05,1700,N21,n,2.0NRT,1.29,N,0.4,0.37,,,,,,firms,VIIRS,VIIRS_NOAA21_NRT
0.48401,127.99407,2026-05-05,1700,N21,n,2.0NRT,2.28,N,0.4,0.37,,,,,,firms,VIIRS,VIIRS_NOAA21_NRT
0.48457,127.99053,2026-05-05,1700,N21,n,2.0NRT,2.28,N,0.4,0.37,,,,,,firms,VIIRS,VIIRS_NOAA21_NRT
0.48512,127.98699,2026-05-05,1700,N21,n,2.0NRT,2.13,N,0.4,0.37,,,,,,firms,VIIRS,VIIRS_NOAA21_NRT
0.48569,127.9834,2026-05-05,1700,N21,n,2.0NRT,2.13,N,0.4,0.37,,,,,,firms,VIIRS,VIIRS_NOAA21_NRT
0.48681,127.97624,2026-05-05,1700,N21,n,2.0NRT,1.69,N,0.4,0.37,,,,,,firms,VIIRS,VIIRS_NOAA21_NRT
0.48905,127.98389,2026-05-05,1700,N21,n,2.0NRT,5.05,N,0.4,0.37,,,,,,firms,VIIRS,VIIRS_NOAA21_NRT
0.49017,127.97674,2026-05-05,1700,N21,n,2.0NRT,1.78,N,0.4,0.37,,,,,,firms,VIIRS,VIIRS_NOAA21_NRT
0.49241,127.98438,2026-05-05,1700,N21,n,2.0NRT,5.05,N,0.4,0.37,,,,,,firms,VIIRS,VIIRS_NOAA21_NRT
0.50964,127.89644,2026-05-05,1700,N21,n,2.0NRT,2.11,N,0.4,0.37,,,,,,firms,VIIRS,VIIRS_NOAA21_NRT
0.51019,127.89293,2026-05-05,1700,N21,n,2.0NRT,2.11,N,0.4,0.37,,,,,,firms,VIIRS,VIIRS_NOAA21_NRT
0.68859,117.55202,2026-05-05,1700,N21,n,2.0NRT,1.85,N,0.38,0.58,,,,,,firms,VIIRS,VIIRS_NOAA21_NRT
0.69176,117.5532,2026-05-05,1700,N21,n,2.0NRT,1.99,N,0.38,0.58,,,,,,firms,VIIRS,VIIRS_NOAA21_NRT
0.70251,117.46457,2026-05-05,1700,N21,n,2.0NRT,0.84,N,0.38,0.59,,,,,,firms,VIIRS,VIIRS_NOAA21_NRT
0.70502,117.46569,2026-05-05,1700,N21,n,2.0NRT,1.0,N,0.38,0.59,,,,,,firms,VIIRS,VIIRS_NOAA21_NRT
0.80925,127.33078,2026-05-05,1700,N21,n,2.0NRT,0.43,N,0.39,0.36,,,,,,firms,VIIRS,VIIRS_NOAA21_NRT
1.02884,121.36084,2026-05-05,1700,N21,n,2.0NRT,1.03,N,0.42,0.45,,,,,,firms,VIIRS,VIIRS_NOAA21_NRT
1.20472,127.54276,2026-05-05,1700,N21,n,2.0NRT,0.54,N,0.39,0.36,,,,,,firms,VIIRS,VIIRS_NOAA21_NRT
1.49273,127.63579,2026-05-05,1700,N21,n,2.0NRT,0.72,N,0.39,0.36,,,,,,firms,VIIRS,VIIRS_NOAA21_NRT
1.49327,127.63233,2026-05-05,1700,N21,n,2.0NRT,14.04,N,0.39,0.36,,,,,,firms,VIIRS,VIIRS_NOAA21_NRT
1.49604,127.63632,2026-05-05,1700,N21,n,2.0NRT,1.31,N,0.39,0.36,,,,,,firms,VIIRS,VIIRS_NOAA21_NRT
1.49658,127.63287,2026-05-05,1700,N21,n,2.0NRT,0.96,N,0.39,0.36,,,,,,firms,VIIRS,VIIRS_NOAA21_NRT
1.49934,127.63692,2026-05-05,1700,N21,n,2.0NRT,1.31,N,0.39,0.36,,,,,,firms,VIIRS,VIIRS_NOAA21_NRT
1.51381,127.93682,2026-05-05,1700,N21,n,2.0NRT,0.47,N,0.39,0.36,,,,,,firms,VIIRS,VIIRS_NOAA21_NRT
1.51714,127.93734,2026-05-05,1700,N21,n,2.0NRT,1.0,N,0.39,0.36,,,,,,firms,VIIRS,VIIRS_NOAA21_NRT
2.77539,125.40364,2026-05-05,1700,N21,n,2.0NRT,0.87,N,0.41,0.37,,,,,,firms,VIIRS,VIIRS_NOAA21_NRT
-9.82327,130.2688,2026-05-05,1702,N21,n,2.0NRT,2.57,N,0.45,0.47,,,,,,firms,VIIRS,VIIRS_NOAA21_NRT
-8.97943,117.19009,2026-05-05,1702,N21,n,2.0NRT,1.62,N,0.55,0.51,,,,,,firms,VIIRS,VIIRS_NOAA21_NRT
-8.97669,117.18851,2026-05-05,1702,N21,n,2.0NRT,1.74,N,0.55,0.51,,,,,,firms,VIIRS,VIIRS_NOAA21_NRT
-8.48177,118.29782,2026-05-05,1702,N21,n,2.0NRT,0.6,N,0.47,0.48,,,,,,firms,VIIRS,VIIRS_NOAA21_NRT
-8.31813,118.96594,2026-05-05,1702,N21,n,2.0NRT,1.26,N,0.43,0.46,,,,,,firms,VIIRS,VIIRS_NOAA21_NRT
-8.2739,123.50795,2026-05-05,1702,N21,n,2.0NRT,1.27,N,0.4,0.37,,,,,,firms,VIIRS,VIIRS_NOAA21_NRT
-8.11727,112.92588,2026-05-05,1702,N21,n,2.0NRT,2.51,N,0.56,0.69,,,,,,firms,VIIRS,VIIRS_NOAA21_NRT
-8.11657,112.92216,2026-05-05,1702,N21,n,2.0NRT,8.66,N,0.56,0.69,,,,,,firms,VIIRS,VIIRS_NOAA21_NRT
-8.11334,112.92686,2026-05-05,1702,N21,n,2.0NRT,7.89,N,0.56,0.69,,,,,,firms,VIIRS,VIIRS_NOAA21_NRT
-8.11265,112.92313,2026-05-05,1702,N21,h,2.0NRT,12.95,N,0.56,0.69,,,,,,firms,VIIRS,VIIRS_NOAA21_NRT
-8.11093,112.9137,2026-05-05,1702,N21,n,2.0NRT,12.95,N,0.56,0.69,,,,,,firms,VIIRS,VIIRS_NOAA21_NRT
-8.11088,112.92624,2026-05-05,1702,N21,n,2.0NRT,8.66,N,0.56,0.69,,,,,,firms,VIIRS,VIIRS_NOAA21_NRT
-8.11014,112.92234,2026-05-05,1702,N21,h,2.0NRT,8.66,N,0.56,0.69,,,,,,firms,VIIRS,VIIRS_NOAA21_NRT
-3.72815,119.66837,2026-05-05,1702,N21,n,2.0NRT,9.51,N,0.46,0.47,,,,,,firms,VIIRS,VIIRS_NOAA21_NRT
-2.57867,121.37772,2026-05-05,1702,N21,n,2.0NRT,1.23,N,0.56,0.43,,,,,,firms,VIIRS,VIIRS_NOAA21_NRT
-1.89762,115.868,2026-05-05,1702,N21,n,2.0NRT,3.41,N,0.45,0.63,,,,,,firms,VIIRS,VIIRS_NOAA21_NRT
-1.89188,115.86889,2026-05-05,1702,N21,n,2.0NRT,2.79,N,0.45,0.63,,,,,,firms,VIIRS,VIIRS_NOAA21_NRT
-1.89123,115.86494,2026-05-05,1702,N21,n,2.0NRT,2.79,N,0.45,0.63,,,,,,firms,VIIRS,VIIRS_NOAA21_NRT
-1.24769,116.81106,2026-05-05,1702,N21,n,2.0NRT,4.5,N,0.39,0.6,,,,,,firms,VIIRS,VIIRS_NOAA21_NRT
-1.24629,116.81097,2026-05-05,1702,N21,n,2.0NRT,3.7,N,0.39,0.6,,,,,,firms,VIIRS,VIIRS_NOAA21_NRT
-1.2434,116.81898,2026-05-05,1702,N21,n,2.0NRT,2.43,N,0.39,0.6,,,,,,firms,VIIRS,VIIRS_NOAA21_NRT
-1.24195,116.81892,2026-05-05,1702,N21,n,2.0NRT,1.63,N,0.39,0.6,,,,,,firms,VIIRS,VIIRS_NOAA21_NRT
-1.57602,103.68385,2026-05-05,1841,N21,n,2.0NRT,0.45,N,0.45,0.39,,,,,,firms,VIIRS,VIIRS_NOAA21_NRT
-1.56378,103.69659,2026-05-05,1841,N21,n,2.0NRT,2.34,N,0.45,0.39,,,,,,firms,VIIRS,VIIRS_NOAA21_NRT
-1.17419,103.35947,2026-05-05,1841,N21,n,2.0NRT,0.81,N,0.43,0.38,,,,,,firms,VIIRS,VIIRS_NOAA21_NRT
-1.14933,101.74017,2026-05-05,1841,N21,n,2.0NRT,1.43,N,0.39,0.36,,,,,,firms,VIIRS,VIIRS_NOAA21_NRT
-1.02309,103.36273,2026-05-05,1841,N21,n,2.0NRT,0.64,N,0.43,0.38,,,,,,firms,VIIRS,VIIRS_NOAA21_NRT
-0.98647,103.333,2026-05-05,1841,N21,n,2.0NRT,0.77,N,0.43,0.38,,,,,,firms,VIIRS,VIIRS_NOAA21_NRT
0.80058,110.70964,2026-05-05,1841,N21,n,2.0NRT,1.26,N,0.39,0.59,,,,,,firms,VIIRS,VIIRS_NOAA21_NRT
2.87111,112.24448,2026-05-05,1841,N21,n,2.0NRT,0.89,N,0.46,0.64,,,,,,firms,VIIRS,VIIRS_NOAA21_NRT
2.90226,112.30931,2026-05-05,1841,N21,n,2.0NRT,1.6,N,0.47,0.64,,,,,,firms,VIIRS,VIIRS_NOAA21_NRT
2.90268,112.3065,2026-05-05,1841,N21,n,2.0NRT,1.11,N,0.47,0.64,,,,,,firms,VIIRS,VIIRS_NOAA21_NRT
3.60696,112.41374,2026-05-05,1841,N21,n,2.0NRT,5.36,N,0.46,0.64,,,,,,firms,VIIRS,VIIRS_NOAA21_NRT
3.60764,112.40965,2026-05-05,1841,N21,n,2.0NRT,4.23,N,0.46,0.64,,,,,,firms,VIIRS,VIIRS_NOAA21_NRT
4.00593,103.34258,2026-05-05,1841,N21,n,2.0NRT,0.87,N,0.4,0.37,,,,,,firms,VIIRS,VIIRS_NOAA21_NRT
4.01988,103.34113,2026-05-05,1841,N21,n,2.0NRT,0.58,N,0.4,0.37,,,,,,firms,VIIRS,VIIRS_NOAA21_NRT
4.14571,105.10841,2026-05-05,1841,N21,n,2.0NRT,1.71,N,0.46,0.39,,,,,,firms,VIIRS,VIIRS_NOAA21_NRT
4.28839,103.4268,2026-05-05,1841,N21,n,2.0NRT,1.98,N,0.4,0.37,,,,,,firms,VIIRS,VIIRS_NOAA21_NRT
4.54047,114.1187,2026-05-05,1841,N21,n,2.0NRT,1.4,N,0.58,0.7,,,,,,firms,VIIRS,VIIRS_NOAA21_NRT
4.54411,114.12028,2026-05-05,1841,N21,n,2.0NRT,1.37,N,0.58,0.7,,,,,,firms,VIIRS,VIIRS_NOAA21_NRT
4.55538,103.45764,2026-05-05,1841,N21,n,2.0NRT,3.22,N,0.4,0.37,,,,,,firms,VIIRS,VIIRS_NOAA21_NRT
4.57379,103.44964,2026-05-05,1841,N21,n,2.0NRT,1.06,N,0.4,0.37,,,,,,firms,VIIRS,VIIRS_NOAA21_NRT
4.57714,103.45016,2026-05-05,1841,N21,n,2.0NRT,1.06,N,0.4,0.37,,,,,,firms,VIIRS,VIIRS_NOAA21_NRT
4.74157,113.72929,2026-05-05,1841,N21,n,2.0NRT,3.33,N,0.55,0.68,,,,,,firms,VIIRS,VIIRS_NOAA21_NRT
4.97845,112.98604,2026-05-05,1841,N21,n,2.0NRT,4.19,N,0.48,0.65,,,,,,firms,VIIRS,VIIRS_NOAA21_NRT
4.97918,112.9818,2026-05-05,1841,N21,n,2.0NRT,4.19,N,0.48,0.65,,,,,,firms,VIIRS,VIIRS_NOAA21_NRT
5.37246,104.8986,2026-05-05,1841,N21,n,2.0NRT,1.21,N,0.43,0.38,,,,,,firms,VIIRS,VIIRS_NOAA21_NRT
5.48752,102.96275,2026-05-05,1841,N21,n,2.0NRT,0.93,N,0.39,0.36,,,,,,firms,VIIRS,VIIRS_NOAA21_NRT
5.50102,105.20783,2026-05-05,1841,N21,n,2.0NRT,1.21,N,0.45,0.39,,,,,,firms,VIIRS,VIIRS_NOAA21_NRT
5.5495,104.77465,2026-05-05,1841,N21,n,2.0NRT,0.87,N,0.43,0.38,,,,,,firms,VIIRS,VIIRS_NOAA21_NRT
5.64677,104.98009,2026-05-05,1841,N21,n,2.0NRT,5.26,N,0.44,0.38,,,,,,firms,VIIRS,VIIRS_NOAA21_NRT
-7.54484,110.44727,2026-05-05,1843,N21,n,2.0NRT,4.11,N,0.5,0.66,,,,,,firms,VIIRS,VIIRS_NOAA21_NRT
-7.54438,110.44372,2026-05-05,1843,N21,n,2.0NRT,4.11,N,0.5,0.66,,,,,,firms,VIIRS,VIIRS_NOAA21_NRT
-0.48227,102.67897,2026-05-05,1843,N21,n,2.0NRT,1.29,N,0.4,0.37,,,,,,firms,VIIRS,VIIRS_NOAA21_NRT
1.05885,101.27773,2026-05-05,1843,N21,n,2.0NRT,1.03,N,0.38,0.36,,,,,,firms,VIIRS,VIIRS_NOAA21_NRT
-8.42557,140.93004,2026-05-06,357,N21,n,2.0NRT,2.82,D,0.44,0.38,,,,,,firms,VIIRS,VIIRS_NOAA21_NRT
-7.43724,138.67073,2026-05-06,357,N21,n,2.0NRT,16.28,D,0.56,0.43,,,,,,firms,VIIRS,VIIRS_NOAA21_NRT
-7.43332,138.67018,2026-05-06,357,N21,n,2.0NRT,16.28,D,0.56,0.43,,,,,,firms,VIIRS,VIIRS_NOAA21_NRT
-3.70769,138.71024,2026-05-06,357,N21,n,2.0NRT,4.59,D,0.5,0.41,,,,,,firms,VIIRS,VIIRS_NOAA21_NRT
-3.70399,138.70958,2026-05-06,357,N21,n,2.0NRT,4.59,D,0.5,0.41,,,,,,firms,VIIRS,VIIRS_NOAA21_NRT
-3.41333,135.3696,2026-05-06,400,N21,n,2.0NRT,13.15,D,0.53,0.5,,,,,,firms,VIIRS,VIIRS_NOAA21_NRT
-3.41318,135.36806,2026-05-06,400,N21,n,2.0NRT,8.96,D,0.54,0.5,,,,,,firms,VIIRS,VIIRS_NOAA21_NRT
-1.81675,136.74815,2026-05-06,400,N21,n,2.0NRT,7.72,D,0.41,0.45,,,,,,firms,VIIRS,VIIRS_NOAA21_NRT
-1.81622,136.75174,2026-05-06,400,N21,n,2.0NRT,6.52,D,0.41,0.45,,,,,,firms,VIIRS,VIIRS_NOAA21_NRT
-0.83542,133.68031,2026-05-06,400,N21,n,2.0NRT,2.16,D,0.32,0.55,,,,,,firms,VIIRS,VIIRS_NOAA21_NRT
-0.80536,133.64377,2026-05-06,400,N21,n,2.0NRT,1.98,D,0.32,0.55,,,,,,firms,VIIRS,VIIRS_NOAA21_NRT
-9.81877,130.27235,2026-05-06,538,N21,n,2.0NRT,3.96,D,0.56,0.69,,,,,,firms,VIIRS,VIIRS_NOAA21_NRT
-9.58153,119.94371,2026-05-06,538,N21,n,2.0NRT,3.31,D,0.4,0.37,,,,,,firms,VIIRS,VIIRS_NOAA21_NRT
-9.45531,119.78966,2026-05-06,538,N21,n,2.0NRT,4.43,D,0.4,0.37,,,,,,firms,VIIRS,VIIRS_NOAA21_NRT
-9.39175,119.45602,2026-05-06,538,N21,l,2.0NRT,2.42,D,0.39,0.36,,,,,,firms,VIIRS,VIIRS_NOAA21_NRT
-9.38174,119.45445,2026-05-06,538,N21,n,2.0NRT,5.11,D,0.39,0.36,,,,,,firms,VIIRS,VIIRS_NOAA21_NRT
-9.36975,119.88381,2026-05-06,538,N21,l,2.0NRT,3.65,D,0.4,0.37,,,,,,firms,VIIRS,VIIRS_NOAA21_NRT
-9.36918,119.88744,2026-05-06,538,N21,n,2.0NRT,11.71,D,0.4,0.37,,,,,,firms,VIIRS,VIIRS_NOAA21_NRT
-9.36861,119.89108,2026-05-06,538,N21,n,2.0NRT,11.71,D,0.4,0.37,,,,,,firms,VIIRS,VIIRS_NOAA21_NRT
-9.36839,119.47426,2026-05-06,538,N21,n,2.0NRT,5.82,D,0.39,0.36,,,,,,firms,VIIRS,VIIRS_NOAA21_NRT
-9.36694,119.87964,2026-05-06,538,N21,n,2.0NRT,3.65,D,0.4,0.37,,,,,,firms,VIIRS,VIIRS_NOAA21_NRT
-9.35685,119.8558,2026-05-06,538,N21,n,2.0NRT,4.77,D,0.4,0.37,,,,,,firms,VIIRS,VIIRS_NOAA21_NRT
-9.33992,119.89774,2026-05-06,538,N21,n,2.0NRT,7.31,D,0.4,0.37,,,,,,firms,VIIRS,VIIRS_NOAA21_NRT
-9.33935,119.90137,2026-05-06,538,N21,l,2.0NRT,7.31,D,0.4,0.37,,,,,,firms,VIIRS,VIIRS_NOAA21_NRT
-8.65536,117.69283,2026-05-06,538,N21,n,2.0NRT,3.67,D,0.39,0.36,,,,,,firms,VIIRS,VIIRS_NOAA21_NRT
-8.63902,121.26846,2026-05-06,538,N21,n,2.0NRT,3.97,D,0.46,0.39,,,,,,firms,VIIRS,VIIRS_NOAA21_NRT
-8.583,118.37057,2026-05-06,538,N21,n,2.0NRT,2.88,D,0.38,0.36,,,,,,firms,VIIRS,VIIRS_NOAA21_NRT
-8.60738,117.51429,2026-05-06,540,N21,n,2.0NRT,3.05,D,0.39,0.36,,,,,,firms,VIIRS,VIIRS_NOAA21_NRT
-8.46288,118.64362,2026-05-06,540,N21,l,2.0NRT,2.55,D,0.39,0.36,,,,,,firms,VIIRS,VIIRS_NOAA21_NRT
-8.38799,117.11949,2026-05-06,540,N21,n,2.0NRT,2.58,D,0.39,0.36,,,,,,firms,VIIRS,VIIRS_NOAA21_NRT
-8.38746,117.12303,2026-05-06,540,N21,l,2.0NRT,2.58,D,0.39,0.36,,,,,,firms,VIIRS,VIIRS_NOAA21_NRT
-8.38254,117.13313,2026-05-06,540,N21,n,2.0NRT,3.33,D,0.39,0.36,,,,,,firms,VIIRS,VIIRS_NOAA21_NRT
-8.25766,112.08242,2026-05-06,540,N21,n,2.0NRT,2.02,D,0.45,0.47,,,,,,firms,VIIRS,VIIRS_NOAA21_NRT
-8.11222,112.92393,2026-05-06,540,N21,h,2.0NRT,14.76,D,0.4,0.44,,,,,,firms,VIIRS,VIIRS_NOAA21_NRT
-7.1231,113.50845,2026-05-06,540,N21,n,2.0NRT,2.3,D,0.53,0.42,,,,,,firms,VIIRS,VIIRS_NOAA21_NRT
-4.12763,114.68524,2026-05-06,540,N21,n,2.0NRT,18.1,D,0.43,0.38,,,,,,firms,VIIRS,VIIRS_NOAA21_NRT
-2.72033,112.38187,2026-05-06,540,N21,n,2.0NRT,3.59,D,0.55,0.42,,,,,,firms,VIIRS,VIIRS_NOAA21_NRT
-2.34239,111.63583,2026-05-06,540,N21,n,2.0NRT,2.92,D,0.4,0.44,,,,,,firms,VIIRS,VIIRS_NOAA21_NRT
-2.22941,113.09971,2026-05-06,540,N21,n,2.0NRT,3.88,D,0.49,0.4,,,,,,firms,VIIRS,VIIRS_NOAA21_NRT
-2.19739,110.84443,2026-05-06,540,N21,n,2.0NRT,5.99,D,0.45,0.47,,,,,,firms,VIIRS,VIIRS_NOAA21_NRT
-1.46062,127.4368,2026-05-06,540,N21,n,2.0NRT,8.93,D,0.5,0.66,,,,,,firms,VIIRS,VIIRS_NOAA21_NRT
-1.45724,127.43758,2026-05-06,540,N21,n,2.0NRT,8.41,D,0.5,0.66,,,,,,firms,VIIRS,VIIRS_NOAA21_NRT
-0.65647,115.84707,2026-05-06,542,N21,n,2.0NRT,9.45,D,0.39,0.36,,,,,,firms,VIIRS,VIIRS_NOAA21_NRT
-0.64986,115.84608,2026-05-06,542,N21,n,2.0NRT,5.58,D,0.39,0.36,,,,,,firms,VIIRS,VIIRS_NOAA21_NRT
-0.22917,116.84801,2026-05-06,542,N21,n,2.0NRT,5.15,D,0.39,0.36,,,,,,firms,VIIRS,VIIRS_NOAA21_NRT
-0.04032,117.46336,2026-05-06,542,N21,n,2.0NRT,1.78,D,0.4,0.37,,,,,,firms,VIIRS,VIIRS_NOAA21_NRT
0.00202,116.75945,2026-05-06,542,N21,n,2.0NRT,3.9,D,0.39,0.36,,,,,,firms,VIIRS,VIIRS_NOAA21_NRT
0.09815,117.47884,2026-05-06,542,N21,n,2.0NRT,4.04,D,0.4,0.37,,,,,,firms,VIIRS,VIIRS_NOAA21_NRT
0.49126,117.26959,2026-05-06,542,N21,n,2.0NRT,5.29,D,0.39,0.37,,,,,,firms,VIIRS,VIIRS_NOAA21_NRT
0.52775,117.30731,2026-05-06,542,N21,n,2.0NRT,7.29,D,0.4,0.37,,,,,,firms,VIIRS,VIIRS_NOAA21_NRT
0.60556,117.12609,2026-05-06,542,N21,n,2.0NRT,17.63,D,0.39,0.36,,,,,,firms,VIIRS,VIIRS_NOAA21_NRT
0.68736,117.30801,2026-05-06,542,N21,n,2.0NRT,3.72,D,0.4,0.37,,,,,,firms,VIIRS,VIIRS_NOAA21_NRT
0.72389,117.03244,2026-05-06,542,N21,n,2.0NRT,3.21,D,0.39,0.36,,,,,,firms,VIIRS,VIIRS_NOAA21_NRT
0.7631,116.88783,2026-05-06,542,N21,n,2.0NRT,8.31,D,0.39,0.36,,,,,,firms,VIIRS,VIIRS_NOAA21_NRT
0.76636,117.13335,2026-05-06,542,N21,n,2.0NRT,14.8,D,0.39,0.36,,,,,,firms,VIIRS,VIIRS_NOAA21_NRT
0.77742,117.13886,2026-05-06,542,N21,n,2.0NRT,11.93,D,0.39,0.36,,,,,,firms,VIIRS,VIIRS_NOAA21_NRT
0.93577,117.12881,2026-05-06,542,N21,n,2.0NRT,5.34,D,0.39,0.36,,,,,,firms,VIIRS,VIIRS_NOAA21_NRT
0.98149,118.09295,2026-05-06,542,N21,n,2.0NRT,3.24,D,0.42,0.38,,,,,,firms,VIIRS,VIIRS_NOAA21_NRT
0.99335,117.19569,2026-05-06,542,N21,n,2.0NRT,5.88,D,0.4,0.37,,,,,,firms,VIIRS,VIIRS_NOAA21_NRT
1.00003,117.19469,2026-05-06,542,N21,n,2.0NRT,6.19,D,0.4,0.37,,,,,,firms,VIIRS,VIIRS_NOAA21_NRT
1.00056,117.19822,2026-05-06,542,N21,n,2.0NRT,19.23,D,0.4,0.37,,,,,,firms,VIIRS,VIIRS_NOAA21_NRT
1.0011,117.20174,2026-05-06,542,N21,n,2.0NRT,19.23,D,0.4,0.37,,,,,,firms,VIIRS,VIIRS_NOAA21_NRT
1.0039,117.19772,2026-05-06,542,N21,n,2.0NRT,36.75,D,0.4,0.37,,,,,,firms,VIIRS,VIIRS_NOAA21_NRT
1.00444,117.20124,2026-05-06,542,N21,n,2.0NRT,36.75,D,0.4,0.37,,,,,,firms,VIIRS,VIIRS_NOAA21_NRT
1.23948,117.92106,2026-05-06,542,N21,n,2.0NRT,4.98,D,0.42,0.37,,,,,,firms,VIIRS,VIIRS_NOAA21_NRT
1.26819,121.4371,2026-05-06,542,N21,n,2.0NRT,8.04,D,0.42,0.45,,,,,,firms,VIIRS,VIIRS_NOAA21_NRT
1.4602,110.56953,2026-05-06,542,N21,n,2.0NRT,6.18,D,0.41,0.45,,,,,,firms,VIIRS,VIIRS_NOAA21_NRT
1.56676,110.63857,2026-05-06,542,N21,n,2.0NRT,19.22,D,0.41,0.45,,,,,,firms,VIIRS,VIIRS_NOAA21_NRT
1.61089,117.96385,2026-05-06,542,N21,n,2.0NRT,4.43,D,0.42,0.38,,,,,,firms,VIIRS,VIIRS_NOAA21_NRT
1.89792,117.24117,2026-05-06,542,N21,l,2.0NRT,9.38,D,0.4,0.37,,,,,,firms,VIIRS,VIIRS_NOAA21_NRT
1.94386,117.22692,2026-05-06,542,N21,n,2.0NRT,32.09,D,0.4,0.37,,,,,,firms,VIIRS,VIIRS_NOAA21_NRT
1.94604,117.22668,2026-05-06,542,N21,n,2.0NRT,6.07,D,0.4,0.37,,,,,,firms,VIIRS,VIIRS_NOAA21_NRT
2.01638,117.14695,2026-05-06,542,N21,n,2.0NRT,2.37,D,0.4,0.37,,,,,,firms,VIIRS,VIIRS_NOAA21_NRT
2.05549,117.16228,2026-05-06,542,N21,n,2.0NRT,3.41,D,0.4,0.37,,,,,,firms,VIIRS,VIIRS_NOAA21_NRT
2.05656,117.16941,2026-05-06,542,N21,n,2.0NRT,3.87,D,0.4,0.37,,,,,,firms,VIIRS,VIIRS_NOAA21_NRT
2.0573,117.25765,2026-05-06,542,N21,n,2.0NRT,3.16,D,0.4,0.37,,,,,,firms,VIIRS,VIIRS_NOAA21_NRT
2.05777,117.15462,2026-05-06,542,N21,n,2.0NRT,8.98,D,0.4,0.37,,,,,,firms,VIIRS,VIIRS_NOAA21_NRT
2.05938,117.16532,2026-05-06,542,N21,n,2.0NRT,4.11,D,0.4,0.37,,,,,,firms,VIIRS,VIIRS_NOAA21_NRT
2.05988,117.26038,2026-05-06,542,N21,n,2.0NRT,3.74,D,0.4,0.37,,,,,,firms,VIIRS,VIIRS_NOAA21_NRT
2.06371,117.10291,2026-05-06,542,N21,n,2.0NRT,3.9,D,0.4,0.37,,,,,,firms,VIIRS,VIIRS_NOAA21_NRT
2.07458,117.46139,2026-05-06,542,N21,n,2.0NRT,9.25,D,0.41,0.37,,,,,,firms,VIIRS,VIIRS_NOAA21_NRT
2.10295,117.06791,2026-05-06,542,N21,n,2.0NRT,9.4,D,0.4,0.37,,,,,,firms,VIIRS,VIIRS_NOAA21_NRT
2.16653,117.3731,2026-05-06,542,N21,n,2.0NRT,3.55,D,0.41,0.37,,,,,,firms,VIIRS,VIIRS_NOAA21_NRT
2.17874,117.28246,2026-05-06,542,N21,n,2.0NRT,17.14,D,0.4,0.37,,,,,,firms,VIIRS,VIIRS_NOAA21_NRT
2.18211,117.28196,2026-05-06,542,N21,n,2.0NRT,17.14,D,0.4,0.37,,,,,,firms,VIIRS,VIIRS_NOAA21_NRT
2.20504,117.29696,2026-05-06,542,N21,n,2.0NRT,3.85,D,0.4,0.37,,,,,,firms,VIIRS,VIIRS_NOAA21_NRT
3.25887,113.09234,2026-05-06,542,N21,n,2.0NRT,3.14,D,0.43,0.38,,,,,,firms,VIIRS,VIIRS_NOAA21_NRT
3.27935,113.07359,2026-05-06,542,N21,n,2.0NRT,3.0,D,0.43,0.38,,,,,,firms,VIIRS,VIIRS_NOAA21_NRT
3.28462,113.08454,2026-05-06,542,N21,n,2.0NRT,4.76,D,0.43,0.38,,,,,,firms,VIIRS,VIIRS_NOAA21_NRT
3.28809,113.08397,2026-05-06,542,N21,n,2.0NRT,4.76,D,0.43,0.38,,,,,,firms,VIIRS,VIIRS_NOAA21_NRT
3.60643,112.41011,2026-05-06,542,N21,n,2.0NRT,3.37,D,0.46,0.39,,,,,,firms,VIIRS,VIIRS_NOAA21_NRT
3.74502,108.31054,2026-05-06,542,N21,n,2.0NRT,12.18,D,0.54,0.51,,,,,,firms,VIIRS,VIIRS_NOAA21_NRT
3.74581,108.31533,2026-05-06,542,N21,n,2.0NRT,16.0,D,0.54,0.51,,,,,,firms,VIIRS,VIIRS_NOAA21_NRT
3.74964,108.30982,2026-05-06,542,N21,n,2.0NRT,12.18,D,0.54,0.51,,,,,,firms,VIIRS,VIIRS_NOAA21_NRT
4.73965,113.72682,2026-05-06,542,N21,n,2.0NRT,3.58,D,0.4,0.37,,,,,,firms,VIIRS,VIIRS_NOAA21_NRT
5.94,125.32053,2026-05-06,542,N21,h,2.0NRT,15.02,D,0.46,0.64,,,,,,firms,VIIRS,VIIRS_NOAA21_NRT
5.94033,125.32066,2026-05-06,542,N21,h,2.0NRT,13.02,D,0.46,0.64,,,,,,firms,VIIRS,VIIRS_NOAA21_NRT
4.55706,103.45731,2026-05-06,544,N21,n,2.0NRT,7.03,D,0.57,0.69,,,,,,firms,VIIRS,VIIRS_NOAA21_NRT
4.97895,112.98093,2026-05-06,544,N21,n,2.0NRT,6.43,D,0.42,0.38,,,,,,firms,VIIRS,VIIRS_NOAA21_NRT
5.21215,114.74384,2026-05-06,544,N21,n,2.0NRT,1.94,D,0.38,0.36,,,,,,firms,VIIRS,VIIRS_NOAA21_NRT
5.30572,115.98981,2026-05-06,544,N21,n,2.0NRT,2.47,D,0.39,0.36,,,,,,firms,VIIRS,VIIRS_NOAA21_NRT
5.49837,115.7574,2026-05-06,544,N21,n,2.0NRT,7.52,D,0.39,0.36,,,,,,firms,VIIRS,VIIRS_NOAA21_NRT
5.53718,116.9233,2026-05-06,544,N21,n,2.0NRT,31.31,D,0.41,0.37,,,,,,firms,VIIRS,VIIRS_NOAA21_NRT
5.54059,116.9228,2026-05-06,544,N21,n,2.0NRT,31.31,D,0.41,0.37,,,,,,firms,VIIRS,VIIRS_NOAA21_NRT
5.70071,116.98682,2026-05-06,544,N21,n,2.0NRT,42.21,D,0.42,0.37,,,,,,firms,VIIRS,VIIRS_NOAA21_NRT
5.70413,116.98634,2026-05-06,544,N21,n,2.0NRT,3.35,D,0.42,0.37,,,,,,firms,VIIRS,VIIRS_NOAA21_NRT
5.70469,116.99006,2026-05-06,544,N21,n,2.0NRT,3.35,D,0.42,0.37,,,,,,firms,VIIRS,VIIRS_NOAA21_NRT
5.86274,118.06923,2026-05-06,544,N21,n,2.0NRT,7.64,D,0.46,0.39,,,,,,firms,VIIRS,VIIRS_NOAA21_NRT
-3.41992,103.20721,2026-05-06,722,N21,n,2.0NRT,6.77,D,0.55,0.68,,,,,,firms,VIIRS,VIIRS_NOAA21_NRT
-3.15875,103.11537,2026-05-06,722,N21,n,2.0NRT,2.97,D,0.55,0.68,,,,,,firms,VIIRS,VIIRS_NOAA21_NRT
3.60881,102.31982,2026-05-06,724,N21,n,2.0NRT,5.38,D,0.62,0.72,,,,,,firms,VIIRS,VIIRS_NOAA21_NRT
3.60909,102.31873,2026-05-06,724,N21,n,2.0NRT,5.59,D,0.62,0.72,,,,,,firms,VIIRS,VIIRS_NOAA21_NRT
0.5097,127.89844,2026-05-06,1639,N21,n,2.0NRT,0.44,N,0.48,0.4,,,,,,firms,VIIRS,VIIRS_NOAA21_NRT
0.51037,127.89407,2026-05-06,1639,N21,n,2.0NRT,1.64,N,0.48,0.4,,,,,,firms,VIIRS,VIIRS_NOAA21_NRT
1.49283,127.63233,2026-05-06,1639,N21,n,2.0NRT,3.16,N,0.52,0.41,,,,,,firms,VIIRS,VIIRS_NOAA21_NRT
1.493,127.62955,2026-05-06,1639,N21,n,2.0NRT,2.09,N,0.52,0.41,,,,,,firms,VIIRS,VIIRS_NOAA21_NRT
1.4968,127.63,2026-05-06,1639,N21,n,2.0NRT,2.09,N,0.52,0.41,,,,,,firms,VIIRS,VIIRS_NOAA21_NRT
1.87215,127.8364,2026-05-06,1639,N21,n,2.0NRT,1.81,N,0.51,0.41,,,,,,firms,VIIRS,VIIRS_NOAA21_NRT
2.78042,125.39975,2026-05-06,1639,N21,n,2.0NRT,0.89,N,0.5,0.49,,,,,,firms,VIIRS,VIIRS_NOAA21_NRT
-2.57874,121.37636,2026-05-06,1641,N21,n,2.0NRT,1.69,N,0.39,0.59,,,,,,firms,VIIRS,VIIRS_NOAA21_NRT
-1.81838,136.75027,2026-05-06,1641,N21,n,2.0NRT,4.79,N,0.45,0.47,,,,,,firms,VIIRS,VIIRS_NOAA21_NRT
-1.38169,122.48058,2026-05-06,1641,N21,n,2.0NRT,1.12,N,0.34,0.56,,,,,,firms,VIIRS,VIIRS_NOAA21_NRT
-1.37917,122.47992,2026-05-06,1641,N21,n,2.0NRT,1.07,N,0.34,0.56,,,,,,firms,VIIRS,VIIRS_NOAA21_NRT
0.09884,117.47364,2026-05-06,1641,N21,n,2.0NRT,8.48,N,0.8,0.78,,,,,,firms,VIIRS,VIIRS_NOAA21_NRT
-9.8214,130.27132,2026-05-06,1643,N21,n,2.0NRT,1.37,N,0.39,0.37,,,,,,firms,VIIRS,VIIRS_NOAA21_NRT
-9.82086,130.26773,2026-05-06,1643,N21,n,2.0NRT,1.37,N,0.39,0.37,,,,,,firms,VIIRS,VIIRS_NOAA21_NRT
-8.9162,117.22316,2026-05-06,1643,N21,n,2.0NRT,2.27,N,0.58,0.7,,,,,,firms,VIIRS,VIIRS_NOAA21_NRT
-8.27188,123.50562,2026-05-06,1643,N21,n,2.0NRT,0.77,N,0.45,0.47,,,,,,firms,VIIRS,VIIRS_NOAA21_NRT
4.37453,117.51163,2026-05-06,1819,N21,n,2.0NRT,0.96,N,0.47,0.64,,,,,,firms,VIIRS,VIIRS_NOAA21_NRT
4.97574,112.9853,2026-05-06,1819,N21,n,2.0NRT,2.98,N,0.45,0.47,,,,,,firms,VIIRS,VIIRS_NOAA21_NRT
4.97639,112.98128,2026-05-06,1819,N21,n,2.0NRT,2.98,N,0.45,0.47,,,,,,firms,VIIRS,VIIRS_NOAA21_NRT
4.98066,112.98199,2026-05-06,1819,N21,n,2.0NRT,2.98,N,0.45,0.47,,,,,,firms,VIIRS,VIIRS_NOAA21_NRT
-3.08346,115.12312,2026-05-06,1821,N21,n,2.0NRT,1.29,N,0.42,0.61,,,,,,firms,VIIRS,VIIRS_NOAA21_NRT
-2.99998,115.20399,2026-05-06,1821,N21,n,2.0NRT,1.08,N,0.43,0.62,,,,,,firms,VIIRS,VIIRS_NOAA21_NRT
-2.94184,115.23969,2026-05-06,1821,N21,n,2.0NRT,1.51,N,0.43,0.62,,,,,,firms,VIIRS,VIIRS_NOAA21_NRT
-2.9413,115.23595,2026-05-06,1821,N21,n,2.0NRT,1.51,N,0.43,0.62,,,,,,firms,VIIRS,VIIRS_NOAA21_NRT
-2.93567,115.23686,2026-05-06,1821,N21,n,2.0NRT,1.51,N,0.43,0.62,,,,,,firms,VIIRS,VIIRS_NOAA21_NRT
-2.91581,115.24315,2026-05-06,1821,N21,n,2.0NRT,0.99,N,0.43,0.62,,,,,,firms,VIIRS,VIIRS_NOAA21_NRT
-2.91366,115.24417,2026-05-06,1821,N21,n,2.0NRT,1.04,N,0.43,0.62,,,,,,firms,VIIRS,VIIRS_NOAA21_NRT
-2.88315,115.25625,2026-05-06,1821,N21,n,2.0NRT,2.57,N,0.43,0.62,,,,,,firms,VIIRS,VIIRS_NOAA21_NRT
-2.212,115.49346,2026-05-06,1821,N21,n,2.0NRT,1.09,N,0.44,0.62,,,,,,firms,VIIRS,VIIRS_NOAA21_NRT
-2.06182,115.57217,2026-05-06,1821,N21,n,2.0NRT,1.74,N,0.44,0.62,,,,,,firms,VIIRS,VIIRS_NOAA21_NRT
-2.06124,115.56831,2026-05-06,1821,N21,n,2.0NRT,1.93,N,0.44,0.62,,,,,,firms,VIIRS,VIIRS_NOAA21_NRT
-1.89691,115.86024,2026-05-06,1821,N21,n,2.0NRT,5.78,N,0.46,0.63,,,,,,firms,VIIRS,VIIRS_NOAA21_NRT
-1.89114,115.8612,2026-05-06,1821,N21,n,2.0NRT,5.68,N,0.46,0.63,,,,,,firms,VIIRS,VIIRS_NOAA21_NRT
-1.86522,115.88586,2026-05-06,1821,N21,n,2.0NRT,0.91,N,0.46,0.63,,,,,,firms,VIIRS,VIIRS_NOAA21_NRT
-1.4824,114.57905,2026-05-06,1821,N21,n,2.0NRT,0.62,N,0.37,0.58,,,,,,firms,VIIRS,VIIRS_NOAA21_NRT
-1.2499,116.81529,2026-05-06,1821,N21,n,2.0NRT,4.09,N,0.52,0.67,,,,,,firms,VIIRS,VIIRS_NOAA21_NRT
-1.17355,103.35869,2026-05-06,1821,N21,n,2.0NRT,0.69,N,0.43,0.38,,,,,,firms,VIIRS,VIIRS_NOAA21_NRT
-0.98745,103.33195,2026-05-06,1821,N21,n,2.0NRT,0.83,N,0.43,0.38,,,,,,firms,VIIRS,VIIRS_NOAA21_NRT
-0.98584,103.33266,2026-05-06,1821,N21,n,2.0NRT,0.86,N,0.43,0.38,,,,,,firms,VIIRS,VIIRS_NOAA21_NRT
-0.4533,104.38887,2026-05-06,1821,N21,n,2.0NRT,0.75,N,0.4,0.37,,,,,,firms,VIIRS,VIIRS_NOAA21_NRT
0.92066,104.65104,2026-05-06,1821,N21,n,2.0NRT,2.9,N,0.4,0.37,,,,,,firms,VIIRS,VIIRS_NOAA21_NRT
1.83436,104.09627,2026-05-06,1821,N21,n,2.0NRT,0.71,N,0.42,0.38,,,,,,firms,VIIRS,VIIRS_NOAA21_NRT
2.60283,102.62198,2026-05-06,1821,N21,n,2.0NRT,0.98,N,0.51,0.41,,,,,,firms,VIIRS,VIIRS_NOAA21_NRT
2.60399,102.62013,2026-05-06,1821,N21,n,2.0NRT,0.57,N,0.51,0.41,,,,,,firms,VIIRS,VIIRS_NOAA21_NRT
2.91348,117.32936,2026-05-06,1821,N21,n,2.0NRT,2.22,N,0.49,0.65,,,,,,firms,VIIRS,VIIRS_NOAA21_NRT
3.44123,102.6437,2026-05-06,1821,N21,n,2.0NRT,1.43,N,0.52,0.41,,,,,,firms,VIIRS,VIIRS_NOAA21_NRT
3.62833,112.67948,2026-05-06,1821,N21,n,2.0NRT,3.35,N,0.45,0.47,,,,,,firms,VIIRS,VIIRS_NOAA21_NRT
3.63069,112.71128,2026-05-06,1821,N21,n,2.0NRT,3.13,N,0.45,0.47,,,,,,firms,VIIRS,VIIRS_NOAA21_NRT
3.63241,112.70912,2026-05-06,1821,N21,n,2.0NRT,3.06,N,0.45,0.47,,,,,,firms,VIIRS,VIIRS_NOAA21_NRT
3.94596,117.04573,2026-05-06,1821,N21,n,2.0NRT,2.82,N,0.45,0.63,,,,,,firms,VIIRS,VIIRS_NOAA21_NRT
4.02838,103.38007,2026-05-06,1821,N21,n,2.0NRT,1.12,N,0.48,0.4,,,,,,firms,VIIRS,VIIRS_NOAA21_NRT
4.14519,105.10808,2026-05-06,1821,N21,n,2.0NRT,1.67,N,0.41,0.37,,,,,,firms,VIIRS,VIIRS_NOAA21_NRT
4.4986,102.56675,2026-05-06,1821,N21,n,2.0NRT,1.39,N,0.54,0.42,,,,,,firms,VIIRS,VIIRS_NOAA21_NRT
4.55595,103.45658,2026-05-06,1821,N21,n,2.0NRT,5.84,N,0.48,0.4,,,,,,firms,VIIRS,VIIRS_NOAA21_NRT
4.57561,103.45066,2026-05-06,1821,N21,n,2.0NRT,3.78,N,0.48,0.4,,,,,,firms,VIIRS,VIIRS_NOAA21_NRT
4.65742,103.37669,2026-05-06,1821,N21,n,2.0NRT,2.48,N,0.49,0.4,,,,,,firms,VIIRS,VIIRS_NOAA21_NRT
4.65812,103.37848,2026-05-06,1821,N21,n,2.0NRT,1.81,N,0.49,0.4,,,,,,firms,VIIRS,VIIRS_NOAA21_NRT
5.54996,104.77228,2026-05-06,1821,N21,n,2.0NRT,0.72,N,0.43,0.38,,,,,,firms,VIIRS,VIIRS_NOAA21_NRT
5.64538,104.9783,2026-05-06,1821,N21,n,2.0NRT,4.63,N,0.42,0.38,,,,,,firms,VIIRS,VIIRS_NOAA21_NRT
-8.11547,112.93596,2026-05-06,1824,N21,n,2.0NRT,2.79,N,0.35,0.57,,,,,,firms,VIIRS,VIIRS_NOAA21_NRT
-8.1142,112.92634,2026-05-06,1824,N21,n,2.0NRT,3.85,N,0.35,0.57,,,,,,firms,VIIRS,VIIRS_NOAA21_NRT
-7.54361,110.44556,2026-05-06,1824,N21,n,2.0NRT,2.65,N,0.47,0.48,,,,,,firms,VIIRS,VIIRS_NOAA21_NRT
-7.54317,110.44245,2026-05-06,1824,N21,n,2.0NRT,2.65,N,0.47,0.48,,,,,,firms,VIIRS,VIIRS_NOAA21_NRT
-7.26955,112.68325,2026-05-06,1824,N21,n,2.0NRT,1.19,N,0.33,0.55,,,,,,firms,VIIRS,VIIRS_NOAA21_NRT
-7.24365,111.73296,2026-05-06,1824,N21,n,2.0NRT,1.04,N,0.57,0.52,,,,,,firms,VIIRS,VIIRS_NOAA21_NRT
-7.24272,111.73442,2026-05-06,1824,N21,n,2.0NRT,1.77,N,0.57,0.52,,,,,,firms,VIIRS,VIIRS_NOAA21_NRT
-6.86657,111.90856,2026-05-06,1824,N21,n,2.0NRT,2.73,N,0.57,0.52,,,,,,firms,VIIRS,VIIRS_NOAA21_NRT
-6.01227,105.97747,2026-05-06,1824,N21,n,2.0NRT,1.49,N,0.4,0.37,,,,,,firms,VIIRS,VIIRS_NOAA21_NRT
-6.00891,105.97799,2026-05-06,1824,N21,n,2.0NRT,1.82,N,0.4,0.37,,,,,,firms,VIIRS,VIIRS_NOAA21_NRT
-5.89422,107.49527,2026-05-06,1824,N21,n,2.0NRT,1.21,N,0.45,0.39,,,,,,firms,VIIRS,VIIRS_NOAA21_NRT
-4.34818,113.98296,2026-05-06,1824,N21,n,2.0NRT,4.37,N,0.37,0.58,,,,,,firms,VIIRS,VIIRS_NOAA21_NRT
-3.6888,103.66032,2026-05-06,1824,N21,n,2.0NRT,1.41,N,0.4,0.37,,,,,,firms,VIIRS,VIIRS_NOAA21_NRT
-3.68824,103.65675,2026-05-06,1824,N21,n,2.0NRT,3.46,N,0.4,0.37,,,,,,firms,VIIRS,VIIRS_NOAA21_NRT
-3.00896,104.83214,2026-05-06,1824,N21,n,2.0NRT,0.89,N,0.39,0.36,,,,,,firms,VIIRS,VIIRS_NOAA21_NRT
-2.1023,103.79919,2026-05-06,1824,N21,n,2.0NRT,2.5,N,0.41,0.37,,,,,,firms,VIIRS,VIIRS_NOAA21_NRT
-3.94498,138.43333,2026-05-07,340,N21,h,2.0NRT,11.64,D,0.36,0.57,,,,,,firms,VIIRS,VIIRS_NOAA21_NRT
-3.94452,138.43652,2026-05-07,340,N21,n,2.0NRT,10.65,D,0.36,0.57,,,,,,firms,VIIRS,VIIRS_NOAA21_NRT
-3.80582,138.72379,2026-05-07,340,N21,h,2.0NRT,9.51,D,0.34,0.56,,,,,,firms,VIIRS,VIIRS_NOAA21_NRT
-3.70173,138.98045,2026-05-07,340,N21,n,2.0NRT,1.63,D,0.32,0.55,,,,,,firms,VIIRS,VIIRS_NOAA21_NRT
-3.69489,138.99216,2026-05-07,340,N21,n,2.0NRT,3.35,D,0.32,0.55,,,,,,firms,VIIRS,VIIRS_NOAA21_NRT
-3.68219,138.2085,2026-05-07,340,N21,n,2.0NRT,7.59,D,0.37,0.58,,,,,,firms,VIIRS,VIIRS_NOAA21_NRT
-3.38804,135.42216,2026-05-07,340,N21,n,2.0NRT,4.8,D,0.57,0.69,,,,,,firms,VIIRS,VIIRS_NOAA21_NRT
-1.81505,136.74789,2026-05-07,340,N21,n,2.0NRT,8.58,D,0.44,0.62,,,,,,firms,VIIRS,VIIRS_NOAA21_NRT
-1.81448,136.75171,2026-05-07,340,N21,n,2.0NRT,8.6,D,0.44,0.62,,,,,,firms,VIIRS,VIIRS_NOAA21_NRT
-0.83621,134.07956,2026-05-07,342,N21,n,2.0NRT,5.6,D,0.65,0.73,,,,,,firms,VIIRS,VIIRS_NOAA21_NRT
-10.12931,123.6838,2026-05-07,521,N21,n,2.0NRT,2.34,D,0.39,0.36,,,,,,firms,VIIRS,VIIRS_NOAA21_NRT
-9.82151,130.27032,2026-05-07,521,N21,n,2.0NRT,4.61,D,0.53,0.5,,,,,,firms,VIIRS,VIIRS_NOAA21_NRT
-9.54456,119.76884,2026-05-07,521,N21,n,2.0NRT,5.43,D,0.47,0.4,,,,,,firms,VIIRS,VIIRS_NOAA21_NRT
-9.4236,119.93265,2026-05-07,521,N21,n,2.0NRT,3.65,D,0.46,0.39,,,,,,firms,VIIRS,VIIRS_NOAA21_NRT
-9.42288,119.28991,2026-05-07,521,N21,n,2.0NRT,5.37,D,0.5,0.41,,,,,,firms,VIIRS,VIIRS_NOAA21_NRT
-9.39874,119.40497,2026-05-07,521,N21,n,2.0NRT,4.88,D,0.49,0.4,,,,,,firms,VIIRS,VIIRS_NOAA21_NRT
-9.3984,119.58936,2026-05-07,521,N21,n,2.0NRT,7.05,D,0.48,0.4,,,,,,firms,VIIRS,VIIRS_NOAA21_NRT
-8.74296,117.87295,2026-05-07,521,N21,n,2.0NRT,2.51,D,0.39,0.44,,,,,,firms,VIIRS,VIIRS_NOAA21_NRT
-8.68925,119.06287,2026-05-07,521,N21,n,2.0NRT,12.36,D,0.5,0.41,,,,,,firms,VIIRS,VIIRS_NOAA21_NRT
-8.63116,117.57164,2026-05-07,521,N21,n,2.0NRT,5.34,D,0.41,0.45,,,,,,firms,VIIRS,VIIRS_NOAA21_NRT
-8.45736,118.66042,2026-05-07,521,N21,n,2.0NRT,3.89,D,0.53,0.42,,,,,,firms,VIIRS,VIIRS_NOAA21_NRT
-8.45602,118.66283,2026-05-07,521,N21,n,2.0NRT,5.17,D,0.53,0.42,,,,,,firms,VIIRS,VIIRS_NOAA21_NRT
-8.38689,117.11739,2026-05-07,521,N21,n,2.0NRT,8.45,D,0.44,0.46,,,,,,firms,VIIRS,VIIRS_NOAA21_NRT
-8.11325,112.92355,2026-05-07,521,N21,h,2.0NRT,46.23,D,0.42,0.61,,,,,,firms,VIIRS,VIIRS_NOAA21_NRT
-7.88871,126.05415,2026-05-07,521,N21,n,2.0NRT,7.3,D,0.47,0.4,,,,,,firms,VIIRS,VIIRS_NOAA21_NRT
-7.88446,126.05741,2026-05-07,521,N21,n,2.0NRT,7.3,D,0.47,0.4,,,,,,firms,VIIRS,VIIRS_NOAA21_NRT
-4.56228,121.68427,2026-05-07,523,N21,n,2.0NRT,9.84,D,0.38,0.36,,,,,,firms,VIIRS,VIIRS_NOAA21_NRT
-2.25631,119.27047,2026-05-07,523,N21,n,2.0NRT,2.11,D,0.42,0.38,,,,,,firms,VIIRS,VIIRS_NOAA21_NRT
-2.21243,115.49789,2026-05-07,523,N21,n,2.0NRT,3.49,D,0.46,0.47,,,,,,firms,VIIRS,VIIRS_NOAA21_NRT
-2.20971,115.49751,2026-05-07,523,N21,n,2.0NRT,4.36,D,0.46,0.47,,,,,,firms,VIIRS,VIIRS_NOAA21_NRT
-1.48023,114.93459,2026-05-07,523,N21,n,2.0NRT,6.57,D,0.49,0.48,,,,,,firms,VIIRS,VIIRS_NOAA21_NRT
-1.03392,121.76335,2026-05-07,523,N21,n,2.0NRT,3.04,D,0.39,0.36,,,,,,firms,VIIRS,VIIRS_NOAA21_NRT
-0.97874,117.13948,2026-05-07,523,N21,n,2.0NRT,3.46,D,0.52,0.42,,,,,,firms,VIIRS,VIIRS_NOAA21_NRT
-0.97843,117.1406,2026-05-07,523,N21,n,2.0NRT,4.41,D,0.52,0.41,,,,,,firms,VIIRS,VIIRS_NOAA21_NRT
0.37414,120.15572,2026-05-07,523,N21,n,2.0NRT,7.97,D,0.39,0.36,,,,,,firms,VIIRS,VIIRS_NOAA21_NRT
0.38006,120.17239,2026-05-07,523,N21,n,2.0NRT,8.1,D,0.39,0.36,,,,,,firms,VIIRS,VIIRS_NOAA21_NRT
0.52766,122.14859,2026-05-07,523,N21,n,2.0NRT,3.99,D,0.4,0.37,,,,,,firms,VIIRS,VIIRS_NOAA21_NRT
0.53392,116.73524,2026-05-07,523,N21,n,2.0NRT,6.46,D,0.52,0.42,,,,,,firms,VIIRS,VIIRS_NOAA21_NRT
0.67658,117.56699,2026-05-07,523,N21,n,2.0NRT,4.92,D,0.47,0.4,,,,,,firms,VIIRS,VIIRS_NOAA21_NRT
0.77852,120.42336,2026-05-07,523,N21,n,2.0NRT,3.61,D,0.39,0.36,,,,,,firms,VIIRS,VIIRS_NOAA21_NRT
0.81243,122.41871,2026-05-07,523,N21,n,2.0NRT,2.05,D,0.4,0.37,,,,,,firms,VIIRS,VIIRS_NOAA21_NRT
0.84889,117.70448,2026-05-07,523,N21,n,2.0NRT,2.86,D,0.46,0.39,,,,,,firms,VIIRS,VIIRS_NOAA21_NRT
0.87408,120.73457,2026-05-07,523,N21,n,2.0NRT,4.14,D,0.38,0.36,,,,,,firms,VIIRS,VIIRS_NOAA21_NRT
0.87461,120.73801,2026-05-07,523,N21,n,2.0NRT,3.05,D,0.38,0.36,,,,,,firms,VIIRS,VIIRS_NOAA21_NRT
0.89125,120.8475,2026-05-07,523,N21,n,2.0NRT,4.71,D,0.38,0.36,,,,,,firms,VIIRS,VIIRS_NOAA21_NRT
0.8983,117.7393,2026-05-07,523,N21,n,2.0NRT,14.03,D,0.46,0.39,,,,,,firms,VIIRS,VIIRS_NOAA21_NRT
0.89836,120.84992,2026-05-07,523,N21,n,2.0NRT,3.23,D,0.38,0.36,,,,,,firms,VIIRS,VIIRS_NOAA21_NRT
1.03493,121.41585,2026-05-07,523,N21,n,2.0NRT,24.94,D,0.39,0.36,,,,,,firms,VIIRS,VIIRS_NOAA21_NRT
1.05951,121.44395,2026-05-07,523,N21,n,2.0NRT,3.18,D,0.39,0.36,,,,,,firms,VIIRS,VIIRS_NOAA21_NRT
1.17956,121.13521,2026-05-07,523,N21,n,2.0NRT,4.28,D,0.39,0.36,,,,,,firms,VIIRS,VIIRS_NOAA21_NRT
1.19399,121.25274,2026-05-07,523,N21,n,2.0NRT,3.92,D,0.39,0.36,,,,,,firms,VIIRS,VIIRS_NOAA21_NRT
1.23036,121.38104,2026-05-07,523,N21,n,2.0NRT,2.32,D,0.39,0.36,,,,,,firms,VIIRS,VIIRS_NOAA21_NRT
1.58402,118.09412,2026-05-07,523,N21,n,2.0NRT,1.48,D,0.44,0.38,,,,,,firms,VIIRS,VIIRS_NOAA21_NRT
4.49145,116.49183,2026-05-07,523,N21,n,2.0NRT,7.44,D,0.48,0.4,,,,,,firms,VIIRS,VIIRS_NOAA21_NRT
5.03373,118.3802,2026-05-07,523,N21,n,2.0NRT,2.56,D,0.4,0.37,,,,,,firms,VIIRS,VIIRS_NOAA21_NRT
5.63229,117.9152,2026-05-07,523,N21,l,2.0NRT,5.54,D,0.41,0.37,,,,,,firms,VIIRS,VIIRS_NOAA21_NRT
5.66508,116.70486,2026-05-07,523,N21,n,2.0NRT,11.43,D,0.46,0.39,,,,,,firms,VIIRS,VIIRS_NOAA21_NRT
2.54909,117.81867,2026-05-07,525,N21,n,2.0NRT,3.3,D,0.44,0.38,,,,,,firms,VIIRS,VIIRS_NOAA21_NRT
3.96107,117.05721,2026-05-07,525,N21,n,2.0NRT,6.57,D,0.46,0.39,,,,,,firms,VIIRS,VIIRS_NOAA21_NRT
4.02418,117.11455,2026-05-07,525,N21,n,2.0NRT,4.94,D,0.46,0.39,,,,,,firms,VIIRS,VIIRS_NOAA21_NRT
4.19909,117.48672,2026-05-07,525,N21,n,2.0NRT,16.41,D,0.44,0.38,,,,,,firms,VIIRS,VIIRS_NOAA21_NRT
-7.54276,110.44704,2026-05-07,701,N21,n,2.0NRT,12.09,D,0.7,0.75,,,,,,firms,VIIRS,VIIRS_NOAA21_NRT
3.04569,103.38807,2026-05-07,703,N21,n,2.0NRT,2.16,D,0.34,0.56,,,,,,firms,VIIRS,VIIRS_NOAA21_NRT
3.10616,98.8819,2026-05-07,703,N21,n,2.0NRT,7.47,D,0.51,0.41,,,,,,firms,VIIRS,VIIRS_NOAA21_NRT
3.19656,98.89012,2026-05-07,703,N21,n,2.0NRT,6.34,D,0.51,0.41,,,,,,firms,VIIRS,VIIRS_NOAA21_NRT
3.43355,101.20609,2026-05-07,703,N21,n,2.0NRT,7.98,D,0.48,0.48,,,,,,firms,VIIRS,VIIRS_NOAA21_NRT
3.86323,98.65832,2026-05-07,703,N21,n,2.0NRT,4.86,D,0.51,0.41,,,,,,firms,VIIRS,VIIRS_NOAA21_NRT
4.15333,103.37952,2026-05-07,703,N21,h,2.0NRT,19.66,D,0.35,0.57,,,,,,firms,VIIRS,VIIRS_NOAA21_NRT
4.15633,103.37636,2026-05-07,703,N21,n,2.0NRT,30.12,D,0.35,0.57,,,,,,firms,VIIRS,VIIRS_NOAA21_NRT
4.15679,103.3795,2026-05-07,703,N21,h,2.0NRT,32.55,D,0.35,0.57,,,,,,firms,VIIRS,VIIRS_NOAA21_NRT
4.15806,103.37559,2026-05-07,703,N21,n,2.0NRT,28.75,D,0.35,0.57,,,,,,firms,VIIRS,VIIRS_NOAA21_NRT
4.1585,103.37872,2026-05-07,703,N21,h,2.0NRT,19.66,D,0.35,0.57,,,,,,firms,VIIRS,VIIRS_NOAA21_NRT
4.1615,103.37558,2026-05-07,703,N21,n,2.0NRT,1.4,D,0.35,0.57,,,,,,firms,VIIRS,VIIRS_NOAA21_NRT
4.55544,103.45726,2026-05-07,703,N21,n,2.0NRT,4.8,D,0.36,0.57,,,,,,firms,VIIRS,VIIRS_NOAA21_NRT
-2.44232,133.13062,2026-05-07,1622,N21,n,2.0NRT,1.27,N,0.43,0.38,,,,,,firms,VIIRS,VIIRS_NOAA21_NRT
-1.81905,136.74983,2026-05-07,1622,N21,n,2.0NRT,5.35,N,0.39,0.36,,,,,,firms,VIIRS,VIIRS_NOAA21_NRT
-1.81571,136.75027,2026-05-07,1622,N21,n,2.0NRT,8.58,N,0.39,0.36,,,,,,firms,VIIRS,VIIRS_NOAA21_NRT
-1.57167,127.43018,2026-05-07,1622,N21,n,2.0NRT,1.3,N,0.33,0.55,,,,,,firms,VIIRS,VIIRS_NOAA21_NRT
-1.56663,127.43094,2026-05-07,1622,N21,n,2.0NRT,1.3,N,0.33,0.55,,,,,,firms,VIIRS,VIIRS_NOAA21_NRT
-1.56612,127.42778,2026-05-07,1622,N21,n,2.0NRT,2.41,N,0.33,0.55,,,,,,firms,VIIRS,VIIRS_NOAA21_NRT
-1.56562,127.42464,2026-05-07,1622,N21,n,2.0NRT,2.41,N,0.33,0.55,,,,,,firms,VIIRS,VIIRS_NOAA21_NRT
-1.56108,127.42854,2026-05-07,1622,N21,n,2.0NRT,0.92,N,0.33,0.55,,,,,,firms,VIIRS,VIIRS_NOAA21_NRT
-1.56058,127.4254,2026-05-07,1622,N21,n,2.0NRT,0.92,N,0.33,0.55,,,,,,firms,VIIRS,VIIRS_NOAA21_NRT
-1.45982,127.43699,2026-05-07,1622,N21,n,2.0NRT,5.3,N,0.33,0.55,,,,,,firms,VIIRS,VIIRS_NOAA21_NRT
-1.45929,127.43362,2026-05-07,1622,N21,n,2.0NRT,4.05,N,0.33,0.55,,,,,,firms,VIIRS,VIIRS_NOAA21_NRT
1.49295,127.62876,2026-05-07,1622,N21,n,2.0NRT,1.8,N,0.35,0.57,,,,,,firms,VIIRS,VIIRS_NOAA21_NRT
1.4937,127.63016,2026-05-07,1622,N21,n,2.0NRT,2.52,N,0.35,0.57,,,,,,firms,VIIRS,VIIRS_NOAA21_NRT
1.49374,127.62382,2026-05-07,1622,N21,n,2.0NRT,1.8,N,0.35,0.57,,,,,,firms,VIIRS,VIIRS_NOAA21_NRT
1.49438,127.62563,2026-05-07,1622,N21,n,2.0NRT,2.52,N,0.35,0.57,,,,,,firms,VIIRS,VIIRS_NOAA21_NRT
-9.82223,130.2692,2026-05-07,1626,N21,n,2.0NRT,3.27,N,0.48,0.4,,,,,,firms,VIIRS,VIIRS_NOAA21_NRT
1.25563,121.1199,2026-05-07,1802,N21,n,2.0NRT,0.7,N,0.44,0.63,,,,,,firms,VIIRS,VIIRS_NOAA21_NRT
2.86342,112.75311,2026-05-07,1802,N21,n,2.0NRT,1.5,N,0.4,0.37,,,,,,firms,VIIRS,VIIRS_NOAA21_NRT
2.9056,112.30756,2026-05-07,1802,N21,n,2.0NRT,1.56,N,0.39,0.36,,,,,,firms,VIIRS,VIIRS_NOAA21_NRT
3.37631,101.57709,2026-05-07,1802,N21,n,2.0NRT,2.23,N,0.42,0.61,,,,,,firms,VIIRS,VIIRS_NOAA21_NRT
3.383,102.82853,2026-05-07,1802,N21,n,2.0NRT,2.24,N,0.35,0.56,,,,,,firms,VIIRS,VIIRS_NOAA21_NRT
3.47296,116.64108,2026-05-07,1802,N21,n,2.0NRT,0.51,N,0.4,0.44,,,,,,firms,VIIRS,VIIRS_NOAA21_NRT
3.51155,117.81194,2026-05-07,1802,N21,n,2.0NRT,1.93,N,0.48,0.48,,,,,,firms,VIIRS,VIIRS_NOAA21_NRT
3.52381,113.31468,2026-05-07,1802,N21,n,2.0NRT,2.12,N,0.41,0.37,,,,,,firms,VIIRS,VIIRS_NOAA21_NRT
3.60748,112.41011,2026-05-07,1802,N21,n,2.0NRT,4.14,N,0.39,0.36,,,,,,firms,VIIRS,VIIRS_NOAA21_NRT
3.76375,112.06494,2026-05-07,1802,N21,n,2.0NRT,1.95,N,0.39,0.36,,,,,,firms,VIIRS,VIIRS_NOAA21_NRT
3.79929,103.22839,2026-05-07,1802,N21,n,2.0NRT,1.07,N,0.33,0.55,,,,,,firms,VIIRS,VIIRS_NOAA21_NRT
3.91017,102.41888,2026-05-07,1802,N21,n,2.0NRT,1.8,N,0.38,0.58,,,,,,firms,VIIRS,VIIRS_NOAA21_NRT
3.93692,116.95131,2026-05-07,1802,N21,n,2.0NRT,2.13,N,0.42,0.45,,,,,,firms,VIIRS,VIIRS_NOAA21_NRT
3.94022,116.9506,2026-05-07,1802,N21,n,2.0NRT,2.48,N,0.41,0.45,,,,,,firms,VIIRS,VIIRS_NOAA21_NRT
3.95021,117.0439,2026-05-07,1802,N21,n,2.0NRT,2.39,N,0.42,0.45,,,,,,firms,VIIRS,VIIRS_NOAA21_NRT
3.98201,113.75004,2026-05-07,1802,N21,n,2.0NRT,1.49,N,0.42,0.38,,,,,,firms,VIIRS,VIIRS_NOAA21_NRT
4.01862,103.34122,2026-05-07,1802,N21,n,2.0NRT,1.7,N,0.32,0.55,,,,,,firms,VIIRS,VIIRS_NOAA21_NRT
4.14317,105.10693,2026-05-07,1802,N21,n,2.0NRT,2.74,N,0.49,0.49,,,,,,firms,VIIRS,VIIRS_NOAA21_NRT
4.14651,105.10602,2026-05-07,1802,N21,n,2.0NRT,4.36,N,0.49,0.49,,,,,,firms,VIIRS,VIIRS_NOAA21_NRT
4.49111,102.56512,2026-05-07,1802,N21,n,2.0NRT,0.96,N,0.37,0.58,,,,,,firms,VIIRS,VIIRS_NOAA21_NRT
4.49645,102.56586,2026-05-07,1802,N21,n,2.0NRT,0.96,N,0.37,0.58,,,,,,firms,VIIRS,VIIRS_NOAA21_NRT
4.50132,102.56982,2026-05-07,1802,N21,n,2.0NRT,3.14,N,0.37,0.58,,,,,,firms,VIIRS,VIIRS_NOAA21_NRT
4.50181,102.56651,2026-05-07,1802,N21,n,2.0NRT,2.08,N,0.37,0.58,,,,,,firms,VIIRS,VIIRS_NOAA21_NRT
4.55522,103.45636,2026-05-07,1802,N21,n,2.0NRT,2.54,N,0.32,0.55,,,,,,firms,VIIRS,VIIRS_NOAA21_NRT
4.60661,118.46024,2026-05-07,1802,N21,n,2.0NRT,8.04,N,0.51,0.49,,,,,,firms,VIIRS,VIIRS_NOAA21_NRT
4.65871,103.37681,2026-05-07,1802,N21,n,2.0NRT,1.05,N,0.33,0.55,,,,,,firms,VIIRS,VIIRS_NOAA21_NRT
4.74038,113.72935,2026-05-07,1802,N21,n,2.0NRT,3.83,N,0.42,0.37,,,,,,firms,VIIRS,VIIRS_NOAA21_NRT
5.0119,105.59177,2026-05-07,1802,N21,n,2.0NRT,1.42,N,0.47,0.48,,,,,,firms,VIIRS,VIIRS_NOAA21_NRT
5.01252,105.58754,2026-05-07,1802,N21,n,2.0NRT,1.55,N,0.47,0.48,,,,,,firms,VIIRS,VIIRS_NOAA21_NRT
5.4296,114.71233,2026-05-07,1802,N21,n,2.0NRT,3.52,N,0.45,0.39,,,,,,firms,VIIRS,VIIRS_NOAA21_NRT
5.73583,103.64938,2026-05-07,1802,N21,n,2.0NRT,1.4,N,0.33,0.55,,,,,,firms,VIIRS,VIIRS_NOAA21_NRT
-4.94768,119.62695,2026-05-07,1804,N21,n,2.0NRT,1.31,N,0.43,0.62,,,,,,firms,VIIRS,VIIRS_NOAA21_NRT
-3.80268,103.82197,2026-05-07,1804,N21,n,2.0NRT,1.3,N,0.46,0.47,,,,,,firms,VIIRS,VIIRS_NOAA21_NRT
-3.72629,103.71995,2026-05-07,1804,N21,n,2.0NRT,1.14,N,0.46,0.47,,,,,,firms,VIIRS,VIIRS_NOAA21_NRT
-3.72563,103.7158,2026-05-07,1804,N21,n,2.0NRT,1.48,N,0.46,0.47,,,,,,firms,VIIRS,VIIRS_NOAA21_NRT
-3.68939,103.65733,2026-05-07,1804,N21,n,2.0NRT,5.14,N,0.47,0.48,,,,,,firms,VIIRS,VIIRS_NOAA21_NRT
-3.37407,104.036,2026-05-07,1804,N21,n,2.0NRT,1.62,N,0.45,0.47,,,,,,firms,VIIRS,VIIRS_NOAA21_NRT
-3.37266,104.033,2026-05-07,1804,N21,n,2.0NRT,1.03,N,0.45,0.47,,,,,,firms,VIIRS,VIIRS_NOAA21_NRT
-3.33514,104.3589,2026-05-07,1804,N21,n,2.0NRT,1.03,N,0.43,0.46,,,,,,firms,VIIRS,VIIRS_NOAA21_NRT
-3.33097,104.35957,2026-05-07,1804,N21,n,2.0NRT,1.61,N,0.43,0.46,,,,,,firms,VIIRS,VIIRS_NOAA21_NRT
-3.08476,115.11993,2026-05-07,1804,N21,n,2.0NRT,0.86,N,0.4,0.44,,,,,,firms,VIIRS,VIIRS_NOAA21_NRT
-3.08124,115.12414,2026-05-07,1804,N21,n,2.0NRT,1.02,N,0.4,0.44,,,,,,firms,VIIRS,VIIRS_NOAA21_NRT
-3.03354,113.85805,2026-05-07,1804,N21,n,2.0NRT,1.1,N,0.5,0.41,,,,,,firms,VIIRS,VIIRS_NOAA21_NRT
-2.94044,115.24041,2026-05-07,1804,N21,n,2.0NRT,1.85,N,0.4,0.45,,,,,,firms,VIIRS,VIIRS_NOAA21_NRT
-2.93989,115.23685,2026-05-07,1804,N21,n,2.0NRT,1.4,N,0.4,0.45,,,,,,firms,VIIRS,VIIRS_NOAA21_NRT
-2.93582,115.23748,2026-05-07,1804,N21,n,2.0NRT,1.4,N,0.4,0.45,,,,,,firms,VIIRS,VIIRS_NOAA21_NRT
-2.91599,115.24417,2026-05-07,1804,N21,n,2.0NRT,0.91,N,0.4,0.45,,,,,,firms,VIIRS,VIIRS_NOAA21_NRT
-2.88449,115.25649,2026-05-07,1804,N21,n,2.0NRT,3.04,N,0.41,0.45,,,,,,firms,VIIRS,VIIRS_NOAA21_NRT
-2.21244,115.49312,2026-05-07,1804,N21,n,2.0NRT,1.03,N,0.41,0.45,,,,,,firms,VIIRS,VIIRS_NOAA21_NRT
-2.10087,103.8009,2026-05-07,1804,N21,n,2.0NRT,0.61,N,0.49,0.48,,,,,,firms,VIIRS,VIIRS_NOAA21_NRT
-2.10018,103.79654,2026-05-07,1804,N21,n,2.0NRT,0.61,N,0.49,0.48,,,,,,firms,VIIRS,VIIRS_NOAA21_NRT
-2.06143,115.57188,2026-05-07,1804,N21,n,2.0NRT,1.12,N,0.41,0.45,,,,,,firms,VIIRS,VIIRS_NOAA21_NRT
-1.3022,113.38995,2026-05-07,1804,N21,n,2.0NRT,1.41,N,0.46,0.39,,,,,,firms,VIIRS,VIIRS_NOAA21_NRT
-0.73261,117.05887,2026-05-07,1804,N21,n,2.0NRT,1.1,N,0.5,0.49,,,,,,firms,VIIRS,VIIRS_NOAA21_NRT
-0.73149,117.06161,2026-05-07,1804,N21,n,2.0NRT,0.53,N,0.5,0.49,,,,,,firms,VIIRS,VIIRS_NOAA21_NRT
-0.71036,117.06256,2026-05-07,1804,N21,n,2.0NRT,0.35,N,0.5,0.49,,,,,,firms,VIIRS,VIIRS_NOAA21_NRT
-0.30039,111.64075,2026-05-07,1804,N21,n,2.0NRT,0.72,N,0.39,0.36,,,,,,firms,VIIRS,VIIRS_NOAA21_NRT
0.67331,117.56239,2026-05-07,1804,N21,n,2.0NRT,1.54,N,0.51,0.49,,,,,,firms,VIIRS,VIIRS_NOAA21_NRT
0.84789,101.39229,2026-05-07,1804,N21,n,2.0NRT,0.43,N,0.4,0.6,,,,,,firms,VIIRS,VIIRS_NOAA21_NRT
1.95015,109.47015,2026-05-07,1804,N21,n,2.0NRT,0.58,N,0.41,0.37,,,,,,firms,VIIRS,VIIRS_NOAA21_NRT
2.53883,102.47316,2026-05-07,1804,N21,n,2.0NRT,1.06,N,0.35,0.57,,,,,,firms,VIIRS,VIIRS_NOAA21_NRT
2.73851,102.39478,2026-05-07,1804,N21,n,2.0NRT,1.33,N,0.36,0.58,,,,,,firms,VIIRS,VIIRS_NOAA21_NRT
3.37807,101.57738,2026-05-07,1804,N21,n,2.0NRT,1.74,N,0.42,0.61,,,,,,firms,VIIRS,VIIRS_NOAA21_NRT
-8.11932,114.05817,2026-05-07,1806,N21,n,2.0NRT,1.25,N,0.4,0.44,,,,,,firms,VIIRS,VIIRS_NOAA21_NRT
-8.1152,112.92429,2026-05-07,1806,N21,n,2.0NRT,2.54,N,0.52,0.41,,,,,,firms,VIIRS,VIIRS_NOAA21_NRT
-8.11132,112.92413,2026-05-07,1806,N21,n,2.0NRT,14.55,N,0.52,0.41,,,,,,firms,VIIRS,VIIRS_NOAA21_NRT
-7.94147,112.95289,2026-05-07,1806,N21,n,2.0NRT,2.16,N,0.52,0.41,,,,,,firms,VIIRS,VIIRS_NOAA21_NRT
-7.85285,109.91001,2026-05-07,1806,N21,n,2.0NRT,1.25,N,0.39,0.36,,,,,,firms,VIIRS,VIIRS_NOAA21_NRT
-7.68305,109.71291,2026-05-07,1806,N21,n,2.0NRT,1.06,N,0.39,0.36,,,,,,firms,VIIRS,VIIRS_NOAA21_NRT
-7.54624,110.44193,2026-05-07,1806,N21,n,2.0NRT,2.77,N,0.4,0.37,,,,,,firms,VIIRS,VIIRS_NOAA21_NRT
-7.54338,110.44564,2026-05-07,1806,N21,n,2.0NRT,4.07,N,0.4,0.37,,,,,,firms,VIIRS,VIIRS_NOAA21_NRT
-7.54286,110.44228,2026-05-07,1806,N21,n,2.0NRT,2.77,N,0.4,0.37,,,,,,firms,VIIRS,VIIRS_NOAA21_NRT
-7.54128,110.44554,2026-05-07,1806,N21,n,2.0NRT,0.35,N,0.4,0.37,,,,,,firms,VIIRS,VIIRS_NOAA21_NRT
-7.41956,109.11044,2026-05-07,1806,N21,n,2.0NRT,1.16,N,0.38,0.36,,,,,,firms,VIIRS,VIIRS_NOAA21_NRT
-7.24267,111.73459,2026-05-07,1806,N21,n,2.0NRT,0.75,N,0.44,0.38,,,,,,firms,VIIRS,VIIRS_NOAA21_NRT
-7.24208,111.73063,2026-05-07,1806,N21,n,2.0NRT,1.01,N,0.44,0.38,,,,,,firms,VIIRS,VIIRS_NOAA21_NRT
-6.80483,111.54541,2026-05-07,1806,N21,n,2.0NRT,1.23,N,0.43,0.38,,,,,,firms,VIIRS,VIIRS_NOAA21_NRT
-6.76258,111.96088,2026-05-07,1806,N21,n,2.0NRT,2.44,N,0.45,0.39,,,,,,firms,VIIRS,VIIRS_NOAA21_NRT
-6.54912,108.09557,2026-05-07,1806,N21,n,2.0NRT,3.54,N,0.39,0.36,,,,,,firms,VIIRS,VIIRS_NOAA21_NRT
-6.32007,113.00671,2026-05-07,1806,N21,n,2.0NRT,0.79,N,0.5,0.41,,,,,,firms,VIIRS,VIIRS_NOAA21_NRT
-6.08223,106.34418,2026-05-07,1806,N21,n,2.0NRT,0.43,N,0.45,0.39,,,,,,firms,VIIRS,VIIRS_NOAA21_NRT
-5.89495,107.49565,2026-05-07,1806,N21,n,2.0NRT,1.59,N,0.41,0.37,,,,,,firms,VIIRS,VIIRS_NOAA21_NRT
-5.18456,106.3824,2026-05-07,1806,N21,n,2.0NRT,2.19,N,0.46,0.39,,,,,,firms,VIIRS,VIIRS_NOAA21_NRT
-9.91278,120.23685,2026-05-08,459,N21,n,2.0NRT,8.72,D,0.59,0.53,,,,,,firms,VIIRS,VIIRS_NOAA21_NRT
-8.30812,140.20245,2026-05-08,459,N21,n,2.0NRT,7.01,D,0.63,0.72,,,,,,firms,VIIRS,VIIRS_NOAA21_NRT
-8.30691,140.20294,2026-05-08,459,N21,n,2.0NRT,5.22,D,0.63,0.72,,,,,,firms,VIIRS,VIIRS_NOAA21_NRT
-7.94355,138.81531,2026-05-08,459,N21,n,2.0NRT,5.23,D,0.52,0.67,,,,,,firms,VIIRS,VIIRS_NOAA21_NRT
-7.93934,138.81081,2026-05-08,459,N21,n,2.0NRT,10.2,D,0.52,0.67,,,,,,firms,VIIRS,VIIRS_NOAA21_NRT
-7.93848,138.81543,2026-05-08,459,N21,n,2.0NRT,8.64,D,0.52,0.67,,,,,,firms,VIIRS,VIIRS_NOAA21_NRT
-7.93833,138.80952,2026-05-08,459,N21,n,2.0NRT,5.23,D,0.52,0.67,,,,,,firms,VIIRS,VIIRS_NOAA21_NRT
-7.93749,138.81416,2026-05-08,459,N21,n,2.0NRT,5.23,D,0.52,0.67,,,,,,firms,VIIRS,VIIRS_NOAA21_NRT
-7.58654,138.76418,2026-05-08,459,N21,n,2.0NRT,3.54,D,0.52,0.67,,,,,,firms,VIIRS,VIIRS_NOAA21_NRT
-7.4339,138.53262,2026-05-08,459,N21,n,2.0NRT,9.57,D,0.5,0.66,,,,,,firms,VIIRS,VIIRS_NOAA21_NRT
-7.43247,138.52882,2026-05-08,459,N21,n,2.0NRT,12.95,D,0.51,0.66,,,,,,firms,VIIRS,VIIRS_NOAA21_NRT
-7.43166,138.53333,2026-05-08,459,N21,n,2.0NRT,13.39,D,0.51,0.66,,,,,,firms,VIIRS,VIIRS_NOAA21_NRT
-7.4279,138.53156,2026-05-08,459,N21,n,2.0NRT,4.44,D,0.5,0.66,,,,,,firms,VIIRS,VIIRS_NOAA21_NRT
-9.75503,119.79969,2026-05-08,501,N21,n,2.0NRT,3.84,D,0.63,0.54,,,,,,firms,VIIRS,VIIRS_NOAA21_NRT
-9.74674,120.01624,2026-05-08,501,N21,n,2.0NRT,3.84,D,0.61,0.53,,,,,,firms,VIIRS,VIIRS_NOAA21_NRT
-9.40336,119.404,2026-05-08,501,N21,n,2.0NRT,6.33,D,0.33,0.55,,,,,,firms,VIIRS,VIIRS_NOAA21_NRT
-9.38996,119.86273,2026-05-08,501,N21,l,2.0NRT,5.43,D,0.62,0.54,,,,,,firms,VIIRS,VIIRS_NOAA21_NRT
-9.38806,119.8597,2026-05-08,501,N21,l,2.0NRT,7.04,D,0.62,0.54,,,,,,firms,VIIRS,VIIRS_NOAA21_NRT
-9.37877,119.47349,2026-05-08,501,N21,h,2.0NRT,14.51,D,0.33,0.55,,,,,,firms,VIIRS,VIIRS_NOAA21_NRT
-9.37838,119.47644,2026-05-08,501,N21,n,2.0NRT,9.02,D,0.33,0.55,,,,,,firms,VIIRS,VIIRS_NOAA21_NRT
-9.37372,119.47278,2026-05-08,501,N21,n,2.0NRT,4.3,D,0.33,0.55,,,,,,firms,VIIRS,VIIRS_NOAA21_NRT
-9.37334,119.47571,2026-05-08,501,N21,n,2.0NRT,6.24,D,0.33,0.55,,,,,,firms,VIIRS,VIIRS_NOAA21_NRT
-8.4873,125.89238,2026-05-08,501,N21,n,2.0NRT,3.72,D,0.41,0.37,,,,,,firms,VIIRS,VIIRS_NOAA21_NRT
-8.39644,118.27518,2026-05-08,501,N21,n,2.0NRT,3.46,D,0.39,0.59,,,,,,firms,VIIRS,VIIRS_NOAA21_NRT
-4.01443,136.10199,2026-05-08,501,N21,n,2.0NRT,3.51,D,0.39,0.6,,,,,,firms,VIIRS,VIIRS_NOAA21_NRT
-3.11385,126.86533,2026-05-08,501,N21,n,2.0NRT,2.2,D,0.39,0.36,,,,,,firms,VIIRS,VIIRS_NOAA21_NRT
-2.88593,115.26002,2026-05-08,501,N21,n,2.0NRT,7.37,D,0.52,0.67,,,,,,firms,VIIRS,VIIRS_NOAA21_NRT
0.82955,123.66828,2026-05-08,504,N21,l,2.0NRT,4.52,D,0.41,0.37,,,,,,firms,VIIRS,VIIRS_NOAA21_NRT
0.86994,123.2465,2026-05-08,504,N21,n,2.0NRT,4.57,D,0.43,0.38,,,,,,firms,VIIRS,VIIRS_NOAA21_NRT
0.88561,120.73037,2026-05-08,504,N21,n,2.0NRT,3.08,D,0.38,0.43,,,,,,firms,VIIRS,VIIRS_NOAA21_NRT
1.04835,121.42053,2026-05-08,504,N21,n,2.0NRT,12.87,D,0.52,0.42,,,,,,firms,VIIRS,VIIRS_NOAA21_NRT
1.08643,117.21726,2026-05-08,504,N21,n,2.0NRT,1.67,D,0.33,0.55,,,,,,firms,VIIRS,VIIRS_NOAA21_NRT
1.18073,118.76393,2026-05-08,504,N21,n,2.0NRT,9.63,D,0.51,0.49,,,,,,firms,VIIRS,VIIRS_NOAA21_NRT
1.18143,118.76839,2026-05-08,504,N21,n,2.0NRT,8.26,D,0.51,0.49,,,,,,firms,VIIRS,VIIRS_NOAA21_NRT
2.27624,117.22459,2026-05-08,504,N21,n,2.0NRT,4.63,D,0.63,0.54,,,,,,firms,VIIRS,VIIRS_NOAA21_NRT
4.10553,117.09616,2026-05-08,504,N21,n,2.0NRT,6.15,D,0.6,0.53,,,,,,firms,VIIRS,VIIRS_NOAA21_NRT
4.10979,117.09751,2026-05-08,504,N21,n,2.0NRT,4.98,D,0.6,0.53,,,,,,firms,VIIRS,VIIRS_NOAA21_NRT
5.0803,119.76389,2026-05-08,504,N21,n,2.0NRT,3.91,D,0.38,0.43,,,,,,firms,VIIRS,VIIRS_NOAA21_NRT
5.0815,119.76508,2026-05-08,504,N21,n,2.0NRT,5.3,D,0.38,0.44,,,,,,firms,VIIRS,VIIRS_NOAA21_NRT
4.73921,113.72687,2026-05-08,506,N21,n,2.0NRT,4.37,D,0.5,0.66,,,,,,firms,VIIRS,VIIRS_NOAA21_NRT
5.42772,114.71013,2026-05-08,506,N21,n,2.0NRT,4.5,D,0.42,0.61,,,,,,firms,VIIRS,VIIRS_NOAA21_NRT
5.82147,116.45321,2026-05-08,506,N21,n,2.0NRT,5.08,D,0.62,0.54,,,,,,firms,VIIRS,VIIRS_NOAA21_NRT
-4.56965,105.48505,2026-05-08,644,N21,n,2.0NRT,20.9,D,0.52,0.41,,,,,,firms,VIIRS,VIIRS_NOAA21_NRT
3.8918,102.40649,2026-05-08,646,N21,n,2.0NRT,1.39,D,0.45,0.39,,,,,,firms,VIIRS,VIIRS_NOAA21_NRT
4.35201,103.45139,2026-05-08,646,N21,n,2.0NRT,3.26,D,0.52,0.41,,,,,,firms,VIIRS,VIIRS_NOAA21_NRT
4.41588,97.52244,2026-05-08,646,N21,n,2.0NRT,2.53,D,0.41,0.37,,,,,,firms,VIIRS,VIIRS_NOAA21_NRT
4.5544,103.45897,2026-05-08,646,N21,n,2.0NRT,9.05,D,0.52,0.42,,,,,,firms,VIIRS,VIIRS_NOAA21_NRT
4.58489,103.4023,2026-05-08,646,N21,n,2.0NRT,5.67,D,0.52,0.41,,,,,,firms,VIIRS,VIIRS_NOAA21_NRT
4.67377,101.60476,2026-05-08,646,N21,n,2.0NRT,6.5,D,0.43,0.38,,,,,,firms,VIIRS,VIIRS_NOAA21_NRT
4.68251,101.92641,2026-05-08,646,N21,n,2.0NRT,1.67,D,0.44,0.38,,,,,,firms,VIIRS,VIIRS_NOAA21_NRT
4.97589,112.9855,2026-05-08,646,N21,n,2.0NRT,11.2,D,0.78,0.78,,,,,,firms,VIIRS,VIIRS_NOAA21_NRT
5.43584,102.92365,2026-05-08,646,N21,n,2.0NRT,6.91,D,0.5,0.41,,,,,,firms,VIIRS,VIIRS_NOAA21_NRT
5.70802,102.53904,2026-05-08,646,N21,n,2.0NRT,3.64,D,0.48,0.4,,,,,,firms,VIIRS,VIIRS_NOAA21_NRT
5.72932,102.60639,2026-05-08,646,N21,n,2.0NRT,3.92,D,0.48,0.4,,,,,,firms,VIIRS,VIIRS_NOAA21_NRT
5.80564,102.40955,2026-05-08,646,N21,n,2.0NRT,2.75,D,0.47,0.4,,,,,,firms,VIIRS,VIIRS_NOAA21_NRT
5.86815,102.43072,2026-05-08,646,N21,n,2.0NRT,4.71,D,0.48,0.4,,,,,,firms,VIIRS,VIIRS_NOAA21_NRT
5.90518,102.42961,2026-05-08,646,N21,n,2.0NRT,5.12,D,0.48,0.4,,,,,,firms,VIIRS,VIIRS_NOAA21_NRT
-9.82252,130.27135,2026-05-08,1605,N21,n,2.0NRT,4.04,N,0.32,0.55,,,,,,firms,VIIRS,VIIRS_NOAA21_NRT
-9.82199,130.26845,2026-05-08,1605,N21,n,2.0NRT,4.04,N,0.32,0.55,,,,,,firms,VIIRS,VIIRS_NOAA21_NRT
-9.82145,130.26555,2026-05-08,1605,N21,h,2.0NRT,6.02,N,0.32,0.55,,,,,,firms,VIIRS,VIIRS_NOAA21_NRT
-9.82092,130.26265,2026-05-08,1605,N21,n,2.0NRT,6.02,N,0.32,0.55,,,,,,firms,VIIRS,VIIRS_NOAA21_NRT
-9.81699,130.26936,2026-05-08,1605,N21,n,2.0NRT,0.58,N,0.32,0.55,,,,,,firms,VIIRS,VIIRS_NOAA21_NRT
-1.56719,127.4267,2026-05-08,1605,N21,n,2.0NRT,3.22,N,0.7,0.75,,,,,,firms,VIIRS,VIIRS_NOAA21_NRT
-1.5653,127.42377,2026-05-08,1605,N21,n,2.0NRT,4.11,N,0.7,0.75,,,,,,firms,VIIRS,VIIRS_NOAA21_NRT
-1.56035,127.42768,2026-05-08,1605,N21,n,2.0NRT,1.67,N,0.7,0.75,,,,,,firms,VIIRS,VIIRS_NOAA21_NRT
1.49489,127.61784,2026-05-08,1605,N21,n,2.0NRT,2.48,N,0.76,0.77,,,,,,firms,VIIRS,VIIRS_NOAA21_NRT
1.49786,127.61282,2026-05-08,1605,N21,n,2.0NRT,1.08,N,0.76,0.77,,,,,,firms,VIIRS,VIIRS_NOAA21_NRT
1.51765,127.93656,2026-05-08,1605,N21,n,2.0NRT,0.99,N,0.72,0.76,,,,,,firms,VIIRS,VIIRS_NOAA21_NRT
-2.58282,121.38319,2026-05-08,1743,N21,n,2.0NRT,1.94,N,0.49,0.49,,,,,,firms,VIIRS,VIIRS_NOAA21_NRT
-2.58211,121.37854,2026-05-08,1743,N21,n,2.0NRT,3.51,N,0.49,0.49,,,,,,firms,VIIRS,VIIRS_NOAA21_NRT
-2.58141,121.37398,2026-05-08,1743,N21,n,2.0NRT,3.51,N,0.49,0.49,,,,,,firms,VIIRS,VIIRS_NOAA21_NRT
-2.57835,121.38371,2026-05-08,1743,N21,n,2.0NRT,2.15,N,0.49,0.49,,,,,,firms,VIIRS,VIIRS_NOAA21_NRT
-2.57765,121.37913,2026-05-08,1743,N21,n,2.0NRT,4.65,N,0.49,0.49,,,,,,firms,VIIRS,VIIRS_NOAA21_NRT
-2.57695,121.37455,2026-05-08,1743,N21,n,2.0NRT,4.65,N,0.49,0.49,,,,,,firms,VIIRS,VIIRS_NOAA21_NRT
-2.57388,121.38425,2026-05-08,1743,N21,n,2.0NRT,2.15,N,0.49,0.49,,,,,,firms,VIIRS,VIIRS_NOAA21_NRT
-2.57319,121.37971,2026-05-08,1743,N21,n,2.0NRT,4.65,N,0.49,0.49,,,,,,firms,VIIRS,VIIRS_NOAA21_NRT
-1.45906,127.43556,2026-05-08,1743,N21,n,2.0NRT,4.87,N,0.63,0.72,,,,,,firms,VIIRS,VIIRS_NOAA21_NRT
-1.45861,127.43871,2026-05-08,1743,N21,n,2.0NRT,2.74,N,0.63,0.72,,,,,,firms,VIIRS,VIIRS_NOAA21_NRT
-1.45794,127.4342,2026-05-08,1743,N21,n,2.0NRT,2.74,N,0.63,0.72,,,,,,firms,VIIRS,VIIRS_NOAA21_NRT
-1.24754,116.8129,2026-05-08,1743,N21,n,2.0NRT,2.9,N,0.41,0.37,,,,,,firms,VIIRS,VIIRS_NOAA21_NRT
-0.96882,117.13915,2026-05-08,1743,N21,n,2.0NRT,1.02,N,0.41,0.37,,,,,,firms,VIIRS,VIIRS_NOAA21_NRT
-0.71114,117.06179,2026-05-08,1743,N21,n,2.0NRT,0.89,N,0.41,0.37,,,,,,firms,VIIRS,VIIRS_NOAA21_NRT
-0.70774,117.06232,2026-05-08,1743,N21,n,2.0NRT,0.6,N,0.41,0.37,,,,,,firms,VIIRS,VIIRS_NOAA21_NRT
0.47867,127.98929,2026-05-08,1743,N21,n,2.0NRT,3.9,N,0.64,0.72,,,,,,firms,VIIRS,VIIRS_NOAA21_NRT
0.48266,127.99774,2026-05-08,1743,N21,n,2.0NRT,4.93,N,0.64,0.72,,,,,,firms,VIIRS,VIIRS_NOAA21_NRT
0.48354,127.99228,2026-05-08,1743,N21,n,2.0NRT,4.93,N,0.64,0.72,,,,,,firms,VIIRS,VIIRS_NOAA21_NRT
0.48445,127.98664,2026-05-08,1743,N21,n,2.0NRT,10.13,N,0.64,0.72,,,,,,firms,VIIRS,VIIRS_NOAA21_NRT
0.48445,127.99552,2026-05-08,1743,N21,n,2.0NRT,5.29,N,0.64,0.72,,,,,,firms,VIIRS,VIIRS_NOAA21_NRT
0.48529,127.99008,2026-05-08,1743,N21,n,2.0NRT,6.19,N,0.64,0.72,,,,,,firms,VIIRS,VIIRS_NOAA21_NRT
0.48622,127.98405,2026-05-08,1743,N21,n,2.0NRT,6.19,N,0.64,0.72,,,,,,firms,VIIRS,VIIRS_NOAA21_NRT
0.48639,127.9746,2026-05-08,1743,N21,n,2.0NRT,5.14,N,0.64,0.72,,,,,,firms,VIIRS,VIIRS_NOAA21_NRT
0.49213,127.98083,2026-05-08,1743,N21,n,2.0NRT,10.13,N,0.64,0.72,,,,,,firms,VIIRS,VIIRS_NOAA21_NRT
0.49292,127.98431,2026-05-08,1743,N21,n,2.0NRT,6.19,N,0.64,0.72,,,,,,firms,VIIRS,VIIRS_NOAA21_NRT
0.49383,127.97842,2026-05-08,1743,N21,n,2.0NRT,10.54,N,0.64,0.72,,,,,,firms,VIIRS,VIIRS_NOAA21_NRT
0.57159,117.45522,2026-05-08,1743,N21,n,2.0NRT,0.49,N,0.41,0.37,,,,,,firms,VIIRS,VIIRS_NOAA21_NRT
0.67388,117.565,2026-05-08,1743,N21,n,2.0NRT,1.36,N,0.42,0.37,,,,,,firms,VIIRS,VIIRS_NOAA21_NRT
0.67456,117.47067,2026-05-08,1743,N21,n,2.0NRT,0.96,N,0.41,0.37,,,,,,firms,VIIRS,VIIRS_NOAA21_NRT
0.6773,117.56554,2026-05-08,1743,N21,n,2.0NRT,2.91,N,0.42,0.37,,,,,,firms,VIIRS,VIIRS_NOAA21_NRT
0.68592,117.46491,2026-05-08,1743,N21,n,2.0NRT,1.38,N,0.41,0.37,,,,,,firms,VIIRS,VIIRS_NOAA21_NRT
1.49332,127.63515,2026-05-08,1743,N21,n,2.0NRT,1.33,N,0.58,0.7,,,,,,firms,VIIRS,VIIRS_NOAA21_NRT
1.51204,127.93877,2026-05-08,1743,N21,n,2.0NRT,1.01,N,0.61,0.71,,,,,,firms,VIIRS,VIIRS_NOAA21_NRT
4.10721,117.09972,2026-05-08,1743,N21,n,2.0NRT,0.56,N,0.39,0.36,,,,,,firms,VIIRS,VIIRS_NOAA21_NRT
4.68623,114.15868,2026-05-08,1743,N21,n,2.0NRT,3.12,N,0.43,0.38,,,,,,firms,VIIRS,VIIRS_NOAA21_NRT
4.97847,112.98256,2026-05-08,1743,N21,n,2.0NRT,5.9,N,0.49,0.4,,,,,,firms,VIIRS,VIIRS_NOAA21_NRT
5.21394,114.74383,2026-05-08,1743,N21,n,2.0NRT,0.95,N,0.41,0.37,,,,,,firms,VIIRS,VIIRS_NOAA21_NRT
-8.11342,112.9249,2026-05-08,1745,N21,n,2.0NRT,16.49,N,0.39,0.36,,,,,,firms,VIIRS,VIIRS_NOAA21_NRT
-8.10422,117.98187,2026-05-08,1745,N21,n,2.0NRT,1.17,N,0.54,0.42,,,,,,firms,VIIRS,VIIRS_NOAA21_NRT
-7.54402,110.44448,2026-05-08,1745,N21,n,2.0NRT,1.06,N,0.47,0.4,,,,,,firms,VIIRS,VIIRS_NOAA21_NRT
-7.54313,110.43925,2026-05-08,1745,N21,n,2.0NRT,1.06,N,0.47,0.4,,,,,,firms,VIIRS,VIIRS_NOAA21_NRT
-7.24261,111.7326,2026-05-08,1745,N21,n,2.0NRT,1.81,N,0.42,0.38,,,,,,firms,VIIRS,VIIRS_NOAA21_NRT
-6.81732,111.88397,2026-05-08,1745,N21,n,2.0NRT,2.63,N,0.42,0.37,,,,,,firms,VIIRS,VIIRS_NOAA21_NRT
-6.55012,108.09375,2026-05-08,1745,N21,n,2.0NRT,2.79,N,0.44,0.46,,,,,,firms,VIIRS,VIIRS_NOAA21_NRT
-6.31936,113.00598,2026-05-08,1745,N21,n,2.0NRT,0.83,N,0.39,0.36,,,,,,firms,VIIRS,VIIRS_NOAA21_NRT
-6.09774,106.67229,2026-05-08,1745,N21,n,2.0NRT,1.43,N,0.56,0.52,,,,,,firms,VIIRS,VIIRS_NOAA21_NRT
-6.00619,105.98569,2026-05-08,1745,N21,n,2.0NRT,2.22,N,0.63,0.54,,,,,,firms,VIIRS,VIIRS_NOAA21_NRT
-6.00523,105.98003,2026-05-08,1745,N21,n,2.0NRT,2.22,N,0.63,0.54,,,,,,firms,VIIRS,VIIRS_NOAA21_NRT
-5.51791,119.81039,2026-05-08,1745,N21,n,2.0NRT,0.22,N,0.43,0.46,,,,,,firms,VIIRS,VIIRS_NOAA21_NRT
-4.9467,119.62612,2026-05-08,1745,N21,n,2.0NRT,1.18,N,0.41,0.45,,,,,,firms,VIIRS,VIIRS_NOAA21_NRT
-3.68929,103.65744,2026-05-08,1745,N21,n,2.0NRT,0.98,N,0.5,0.66,,,,,,firms,VIIRS,VIIRS_NOAA21_NRT
-3.68679,103.65797,2026-05-08,1745,N21,n,2.0NRT,1.62,N,0.5,0.66,,,,,,firms,VIIRS,VIIRS_NOAA21_NRT
-2.21203,115.49731,2026-05-08,1745,N21,n,2.0NRT,0.49,N,0.39,0.36,,,,,,firms,VIIRS,VIIRS_NOAA21_NRT
-9.82112,130.26982,2026-05-09,442,N21,n,2.0NRT,12.8,D,0.43,0.38,,,,,,firms,VIIRS,VIIRS_NOAA21_NRT
-3.26767,127.10553,2026-05-09,444,N21,n,2.0NRT,4.6,D,0.52,0.42,,,,,,firms,VIIRS,VIIRS_NOAA21_NRT
-2.65884,140.56412,2026-05-09,444,N21,n,2.0NRT,8.61,D,0.4,0.6,,,,,,firms,VIIRS,VIIRS_NOAA21_NRT
-2.65483,140.56363,2026-05-09,444,N21,n,2.0NRT,4.93,D,0.4,0.6,,,,,,firms,VIIRS,VIIRS_NOAA21_NRT
0.48064,128.00278,2026-05-09,444,N21,n,2.0NRT,8.07,D,0.43,0.38,,,,,,firms,VIIRS,VIIRS_NOAA21_NRT
0.48123,128.00667,2026-05-09,444,N21,l,2.0NRT,5.27,D,0.43,0.38,,,,,,firms,VIIRS,VIIRS_NOAA21_NRT
0.50916,127.8968,2026-05-09,444,N21,l,2.0NRT,6.78,D,0.43,0.38,,,,,,firms,VIIRS,VIIRS_NOAA21_NRT
0.53419,122.43835,2026-05-09,444,N21,n,2.0NRT,8.26,D,0.62,0.54,,,,,,firms,VIIRS,VIIRS_NOAA21_NRT
0.89445,123.01241,2026-05-09,444,N21,n,2.0NRT,3.77,D,0.56,0.52,,,,,,firms,VIIRS,VIIRS_NOAA21_NRT
1.14413,121.42974,2026-05-09,446,N21,n,2.0NRT,2.39,D,0.36,0.57,,,,,,firms,VIIRS,VIIRS_NOAA21_NRT
1.14492,121.36755,2026-05-09,446,N21,n,2.0NRT,2.62,D,0.36,0.58,,,,,,firms,VIIRS,VIIRS_NOAA21_NRT
-9.39777,119.30574,2026-05-09,622,N21,n,2.0NRT,5.4,D,0.58,0.7,,,,,,firms,VIIRS,VIIRS_NOAA21_NRT
-9.39742,119.38836,2026-05-09,622,N21,n,2.0NRT,5.57,D,0.59,0.7,,,,,,firms,VIIRS,VIIRS_NOAA21_NRT
-9.39379,119.30634,2026-05-09,622,N21,n,2.0NRT,6.77,D,0.58,0.7,,,,,,firms,VIIRS,VIIRS_NOAA21_NRT
-9.38116,119.42819,2026-05-09,622,N21,n,2.0NRT,7.96,D,0.59,0.7,,,,,,firms,VIIRS,VIIRS_NOAA21_NRT
-9.36639,119.85698,2026-05-09,622,N21,n,2.0NRT,15.49,D,0.63,0.72,,,,,,firms,VIIRS,VIIRS_NOAA21_NRT
-6.34426,107.84663,2026-05-09,622,N21,n,2.0NRT,4.33,D,0.4,0.37,,,,,,firms,VIIRS,VIIRS_NOAA21_NRT
-6.01074,105.97827,2026-05-09,622,N21,n,2.0NRT,3.32,D,0.39,0.36,,,,,,firms,VIIRS,VIIRS_NOAA21_NRT
-5.25562,105.66886,2026-05-09,622,N21,n,2.0NRT,2.7,D,0.39,0.36,,,,,,firms,VIIRS,VIIRS_NOAA21_NRT
-4.72325,103.34531,2026-05-09,622,N21,n,2.0NRT,3.45,D,0.45,0.39,,,,,,firms,VIIRS,VIIRS_NOAA21_NRT
-2.93824,115.23857,2026-05-09,622,N21,n,2.0NRT,6.71,D,0.39,0.6,,,,,,firms,VIIRS,VIIRS_NOAA21_NRT
-7.04669,107.74646,2026-05-09,625,N21,l,2.0NRT,3.12,D,0.39,0.36,,,,,,firms,VIIRS,VIIRS_NOAA21_NRT
-1.24292,116.81785,2026-05-09,625,N21,n,2.0NRT,7.65,D,0.54,0.68,,,,,,firms,VIIRS,VIIRS_NOAA21_NRT
0.57652,117.19423,2026-05-09,625,N21,n,2.0NRT,6.28,D,0.61,0.71,,,,,,firms,VIIRS,VIIRS_NOAA21_NRT
0.67529,117.5643,2026-05-09,625,N21,n,2.0NRT,11.32,D,0.65,0.73,,,,,,firms,VIIRS,VIIRS_NOAA21_NRT
2.01397,117.24937,2026-05-09,625,N21,n,2.0NRT,6.82,D,0.65,0.73,,,,,,firms,VIIRS,VIIRS_NOAA21_NRT
2.01653,117.25015,2026-05-09,625,N21,n,2.0NRT,9.26,D,0.65,0.73,,,,,,firms,VIIRS,VIIRS_NOAA21_NRT
2.01799,117.52898,2026-05-09,625,N21,n,2.0NRT,5.56,D,0.68,0.74,,,,,,firms,VIIRS,VIIRS_NOAA21_NRT
5.21451,114.74551,2026-05-09,625,N21,n,2.0NRT,6.29,D,0.49,0.65,,,,,,firms,VIIRS,VIIRS_NOAA21_NRT
4.28844,103.42895,2026-05-09,627,N21,n,2.0NRT,5.73,D,0.39,0.36,,,,,,firms,VIIRS,VIIRS_NOAA21_NRT
4.4918,102.5628,2026-05-09,627,N21,n,2.0NRT,4.94,D,0.4,0.37,,,,,,firms,VIIRS,VIIRS_NOAA21_NRT
4.49628,102.56949,2026-05-09,627,N21,n,2.0NRT,7.76,D,0.4,0.37,,,,,,firms,VIIRS,VIIRS_NOAA21_NRT
4.50302,102.56843,2026-05-09,627,N21,n,2.0NRT,4.24,D,0.4,0.37,,,,,,firms,VIIRS,VIIRS_NOAA21_NRT
4.57681,103.44818,2026-05-09,627,N21,n,2.0NRT,2.43,D,0.39,0.36,,,,,,firms,VIIRS,VIIRS_NOAA21_NRT
4.658,103.37815,2026-05-09,627,N21,n,2.0NRT,8.1,D,0.39,0.36,,,,,,firms,VIIRS,VIIRS_NOAA21_NRT
4.65853,103.38161,2026-05-09,627,N21,n,2.0NRT,4.18,D,0.39,0.36,,,,,,firms,VIIRS,VIIRS_NOAA21_NRT
4.68372,103.38776,2026-05-09,627,N21,n,2.0NRT,4.69,D,0.39,0.36,,,,,,firms,VIIRS,VIIRS_NOAA21_NRT
4.72665,97.81258,2026-05-09,627,N21,n,2.0NRT,4.71,D,0.47,0.48,,,,,,firms,VIIRS,VIIRS_NOAA21_NRT
5.22229,97.0965,2026-05-09,627,N21,n,2.0NRT,3.98,D,0.52,0.5,,,,,,firms,VIIRS,VIIRS_NOAA21_NRT
5.57641,102.44812,2026-05-09,627,N21,n,2.0NRT,6.52,D,0.4,0.37,,,,,,firms,VIIRS,VIIRS_NOAA21_NRT
5.89815,102.34948,2026-05-09,627,N21,n,2.0NRT,3.89,D,0.4,0.37,,,,,,firms,VIIRS,VIIRS_NOAA21_NRT
-1.817,136.74916,2026-05-09,1544,N21,n,2.0NRT,4.39,N,0.33,0.56,,,,,,firms,VIIRS,VIIRS_NOAA21_NRT
1.49135,127.63579,2026-05-09,1724,N21,n,2.0NRT,1.34,N,0.54,0.51,,,,,,firms,VIIRS,VIIRS_NOAA21_NRT
1.49594,127.63678,2026-05-09,1724,N21,n,2.0NRT,4.27,N,0.54,0.51,,,,,,firms,VIIRS,VIIRS_NOAA21_NRT
1.6982,127.87983,2026-05-09,1724,N21,n,2.0NRT,2.57,N,0.56,0.52,,,,,,firms,VIIRS,VIIRS_NOAA21_NRT
1.69893,127.87513,2026-05-09,1724,N21,n,2.0NRT,2.57,N,0.56,0.52,,,,,,firms,VIIRS,VIIRS_NOAA21_NRT
1.70006,127.88154,2026-05-09,1724,N21,n,2.0NRT,3.09,N,0.56,0.52,,,,,,firms,VIIRS,VIIRS_NOAA21_NRT
1.70087,127.87659,2026-05-09,1724,N21,n,2.0NRT,3.62,N,0.56,0.51,,,,,,firms,VIIRS,VIIRS_NOAA21_NRT
-2.9426,115.2403,2026-05-09,1726,N21,n,2.0NRT,2.18,N,0.53,0.42,,,,,,firms,VIIRS,VIIRS_NOAA21_NRT
-1.45661,127.43613,2026-05-09,1726,N21,n,2.0NRT,1.32,N,0.58,0.52,,,,,,firms,VIIRS,VIIRS_NOAA21_NRT
-1.26125,117.65072,2026-05-09,1726,N21,n,2.0NRT,6.38,N,0.43,0.38,,,,,,firms,VIIRS,VIIRS_NOAA21_NRT
0.47888,127.99278,2026-05-09,1726,N21,n,2.0NRT,3.32,N,0.6,0.53,,,,,,firms,VIIRS,VIIRS_NOAA21_NRT
0.4818,128.00044,2026-05-09,1726,N21,n,2.0NRT,5.4,N,0.6,0.53,,,,,,firms,VIIRS,VIIRS_NOAA21_NRT
0.48215,128.00375,2026-05-09,1726,N21,n,2.0NRT,2.39,N,0.6,0.53,,,,,,firms,VIIRS,VIIRS_NOAA21_NRT
0.48264,127.99522,2026-05-09,1726,N21,n,2.0NRT,5.97,N,0.6,0.53,,,,,,firms,VIIRS,VIIRS_NOAA21_NRT
0.48294,127.99857,2026-05-09,1726,N21,n,2.0NRT,3.32,N,0.6,0.53,,,,,,firms,VIIRS,VIIRS_NOAA21_NRT
0.48347,127.99001,2026-05-09,1726,N21,n,2.0NRT,5.97,N,0.59,0.53,,,,,,firms,VIIRS,VIIRS_NOAA21_NRT
0.48373,127.99339,2026-05-09,1726,N21,n,2.0NRT,3.32,N,0.6,0.53,,,,,,firms,VIIRS,VIIRS_NOAA21_NRT
0.48434,127.98462,2026-05-09,1726,N21,n,2.0NRT,4.41,N,0.59,0.53,,,,,,firms,VIIRS,VIIRS_NOAA21_NRT
0.48453,127.98817,2026-05-09,1726,N21,n,2.0NRT,4.62,N,0.6,0.53,,,,,,firms,VIIRS,VIIRS_NOAA21_NRT
0.48538,127.98258,2026-05-09,1726,N21,n,2.0NRT,4.62,N,0.59,0.53,,,,,,firms,VIIRS,VIIRS_NOAA21_NRT
0.48921,127.98509,2026-05-09,1726,N21,n,2.0NRT,3.22,N,0.59,0.53,,,,,,firms,VIIRS,VIIRS_NOAA21_NRT
0.49024,127.98306,2026-05-09,1726,N21,n,2.0NRT,2.97,N,0.59,0.53,,,,,,firms,VIIRS,VIIRS_NOAA21_NRT
0.50824,127.89697,2026-05-09,1726,N21,n,2.0NRT,1.39,N,0.59,0.53,,,,,,firms,VIIRS,VIIRS_NOAA21_NRT
0.50855,127.89499,2026-05-09,1726,N21,n,2.0NRT,2.95,N,0.59,0.53,,,,,,firms,VIIRS,VIIRS_NOAA21_NRT
0.50905,127.89191,2026-05-09,1726,N21,n,2.0NRT,1.77,N,0.59,0.52,,,,,,firms,VIIRS,VIIRS_NOAA21_NRT
-8.46958,118.64086,2026-05-09,1728,N21,n,2.0NRT,1.02,N,0.38,0.36,,,,,,firms,VIIRS,VIIRS_NOAA21_NRT
-8.46121,118.34367,2026-05-09,1728,N21,n,2.0NRT,0.46,N,0.38,0.36,,,,,,firms,VIIRS,VIIRS_NOAA21_NRT
-8.27522,123.50847,2026-05-09,1728,N21,n,2.0NRT,3.77,N,0.4,0.44,,,,,,firms,VIIRS,VIIRS_NOAA21_NRT
-8.11604,112.92767,2026-05-09,1728,N21,n,2.0NRT,2.41,N,0.42,0.45,,,,,,firms,VIIRS,VIIRS_NOAA21_NRT
-8.11552,112.92455,2026-05-09,1728,N21,n,2.0NRT,7.13,N,0.42,0.45,,,,,,firms,VIIRS,VIIRS_NOAA21_NRT
-8.11156,112.92617,2026-05-09,1728,N21,n,2.0NRT,7.13,N,0.42,0.45,,,,,,firms,VIIRS,VIIRS_NOAA21_NRT
-8.111,112.92281,2026-05-09,1728,N21,n,2.0NRT,7.13,N,0.42,0.45,,,,,,firms,VIIRS,VIIRS_NOAA21_NRT
-6.54641,108.09476,2026-05-09,1728,N21,n,2.0NRT,3.28,N,0.47,0.64,,,,,,firms,VIIRS,VIIRS_NOAA21_NRT
-6.09848,106.67139,2026-05-09,1728,N21,n,2.0NRT,2.92,N,0.6,0.7,,,,,,firms,VIIRS,VIIRS_NOAA21_NRT
-6.00996,105.98006,2026-05-09,1728,N21,n,2.0NRT,2.58,N,0.67,0.73,,,,,,firms,VIIRS,VIIRS_NOAA21_NRT
-6.00732,105.98204,2026-05-09,1728,N21,n,2.0NRT,4.5,N,0.67,0.74,,,,,,firms,VIIRS,VIIRS_NOAA21_NRT
-6.00325,105.98121,2026-05-09,1728,N21,n,2.0NRT,2.58,N,0.67,0.73,,,,,,firms,VIIRS,VIIRS_NOAA21_NRT
0.44022,101.89185,2026-05-09,1906,N21,n,2.0NRT,2.86,N,0.53,0.5,,,,,,firms,VIIRS,VIIRS_NOAA21_NRT
4.04823,96.4762,2026-05-09,1906,N21,n,2.0NRT,0.5,N,0.39,0.36,,,,,,firms,VIIRS,VIIRS_NOAA21_NRT
5.2235,97.09759,2026-05-09,1906,N21,n,2.0NRT,0.45,N,0.39,0.36,,,,,,firms,VIIRS,VIIRS_NOAA21_NRT
-3.6875,103.65983,2026-05-09,1908,N21,n,2.0NRT,2.22,N,0.41,0.6,,,,,,firms,VIIRS,VIIRS_NOAA21_NRT
-3.68723,103.65775,2026-05-09,1908,N21,n,2.0NRT,4.57,N,0.41,0.6,,,,,,firms,VIIRS,VIIRS_NOAA21_NRT
-3.68696,103.65603,2026-05-09,1908,N21,n,2.0NRT,2.22,N,0.41,0.6,,,,,,firms,VIIRS,VIIRS_NOAA21_NRT
-2.42444,104.08424,2026-05-09,1908,N21,n,2.0NRT,0.91,N,0.42,0.61,,,,,,firms,VIIRS,VIIRS_NOAA21_NRT
-2.1004,103.7991,2026-05-09,1908,N21,n,2.0NRT,2.49,N,0.4,0.6,,,,,,firms,VIIRS,VIIRS_NOAA21_NRT
-2.09926,103.79995,2026-05-09,1908,N21,n,2.0NRT,1.29,N,0.39,0.6,,,,,,firms,VIIRS,VIIRS_NOAA21_NRT
-1.56571,103.69719,2026-05-09,1908,N21,n,2.0NRT,1.45,N,0.38,0.59,,,,,,firms,VIIRS,VIIRS_NOAA21_NRT
-1.56241,103.69653,2026-05-09,1908,N21,n,2.0NRT,2.77,N,0.38,0.59,,,,,,firms,VIIRS,VIIRS_NOAA21_NRT
-1.42032,102.71968,2026-05-09,1908,N21,n,2.0NRT,0.6,N,0.32,0.55,,,,,,firms,VIIRS,VIIRS_NOAA21_NRT
-1.17692,103.35881,2026-05-09,1908,N21,n,2.0NRT,0.89,N,0.36,0.57,,,,,,firms,VIIRS,VIIRS_NOAA21_NRT
-1.17621,103.35867,2026-05-09,1908,N21,n,2.0NRT,1.03,N,0.36,0.57,,,,,,firms,VIIRS,VIIRS_NOAA21_NRT
-1.17515,103.48982,2026-05-09,1908,N21,n,2.0NRT,0.84,N,0.36,0.58,,,,,,firms,VIIRS,VIIRS_NOAA21_NRT
-1.11904,101.55202,2026-05-09,1908,N21,n,2.0NRT,1.6,N,0.53,0.5,,,,,,firms,VIIRS,VIIRS_NOAA21_NRT
-1.11903,101.55404,2026-05-09,1908,N21,n,2.0NRT,1.89,N,0.53,0.5,,,,,,firms,VIIRS,VIIRS_NOAA21_NRT
-1.02615,103.36103,2026-05-09,1908,N21,n,2.0NRT,0.64,N,0.35,0.57,,,,,,firms,VIIRS,VIIRS_NOAA21_NRT
-0.98972,103.33137,2026-05-09,1908,N21,n,2.0NRT,0.62,N,0.35,0.57,,,,,,firms,VIIRS,VIIRS_NOAA21_NRT
-9.82139,130.26712,2026-05-10,421,N21,n,2.0NRT,25.43,D,0.54,0.51,,,,,,firms,VIIRS,VIIRS_NOAA21_NRT
-8.07221,139.68861,2026-05-10,421,N21,n,2.0NRT,3.66,D,0.44,0.38,,,,,,firms,VIIRS,VIIRS_NOAA21_NRT
-7.58805,138.7507,2026-05-10,421,N21,n,2.0NRT,3.19,D,0.41,0.37,,,,,,firms,VIIRS,VIIRS_NOAA21_NRT
-3.64303,138.0484,2026-05-10,423,N21,n,2.0NRT,4.7,D,0.42,0.37,,,,,,firms,VIIRS,VIIRS_NOAA21_NRT
-2.85836,138.42741,2026-05-10,423,N21,n,2.0NRT,5.66,D,0.44,0.38,,,,,,firms,VIIRS,VIIRS_NOAA21_NRT
-2.6486,140.43939,2026-05-10,423,N21,n,2.0NRT,11.18,D,0.56,0.43,,,,,,firms,VIIRS,VIIRS_NOAA21_NRT
-2.63782,132.992,2026-05-10,423,N21,n,2.0NRT,3.35,D,0.45,0.39,,,,,,firms,VIIRS,VIIRS_NOAA21_NRT
0.48059,128.00369,2026-05-10,425,N21,n,2.0NRT,8.74,D,0.55,0.51,,,,,,firms,VIIRS,VIIRS_NOAA21_NRT
0.48374,127.99321,2026-05-10,425,N21,n,2.0NRT,14.89,D,0.55,0.51,,,,,,firms,VIIRS,VIIRS_NOAA21_NRT
0.5099,127.89655,2026-05-10,425,N21,n,2.0NRT,9.24,D,0.56,0.51,,,,,,firms,VIIRS,VIIRS_NOAA21_NRT
0.74898,122.52996,2026-05-10,425,N21,n,2.0NRT,11.03,D,0.66,0.73,,,,,,firms,VIIRS,VIIRS_NOAA21_NRT
5.94435,125.0114,2026-05-10,427,N21,n,2.0NRT,5.14,D,0.36,0.57,,,,,,firms,VIIRS,VIIRS_NOAA21_NRT
-9.42281,119.56207,2026-05-10,603,N21,n,2.0NRT,5.16,D,0.57,0.52,,,,,,firms,VIIRS,VIIRS_NOAA21_NRT
-9.4193,119.80485,2026-05-10,603,N21,n,2.0NRT,8.74,D,0.59,0.53,,,,,,firms,VIIRS,VIIRS_NOAA21_NRT
-9.34904,119.91946,2026-05-10,603,N21,n,2.0NRT,9.77,D,0.61,0.53,,,,,,firms,VIIRS,VIIRS_NOAA21_NRT
-8.93183,117.21168,2026-05-10,603,N21,n,2.0NRT,4.9,D,0.41,0.45,,,,,,firms,VIIRS,VIIRS_NOAA21_NRT
-8.67608,115.17277,2026-05-10,603,N21,n,2.0NRT,11.16,D,0.47,0.4,,,,,,firms,VIIRS,VIIRS_NOAA21_NRT
-8.31232,118.90328,2026-05-10,603,N21,n,2.0NRT,3.68,D,0.54,0.51,,,,,,firms,VIIRS,VIIRS_NOAA21_NRT
-8.30357,118.4082,2026-05-10,603,N21,n,2.0NRT,2.58,D,0.5,0.49,,,,,,firms,VIIRS,VIIRS_NOAA21_NRT
-8.20828,111.8585,2026-05-10,603,N21,n,2.0NRT,4.59,D,0.38,0.36,,,,,,firms,VIIRS,VIIRS_NOAA21_NRT
-7.78952,113.43209,2026-05-10,603,N21,n,2.0NRT,4.67,D,0.41,0.37,,,,,,firms,VIIRS,VIIRS_NOAA21_NRT
-7.684,110.67242,2026-05-10,603,N21,n,2.0NRT,1.96,D,0.39,0.36,,,,,,firms,VIIRS,VIIRS_NOAA21_NRT
-7.27365,112.67274,2026-05-10,603,N21,n,2.0NRT,0.93,D,0.39,0.37,,,,,,firms,VIIRS,VIIRS_NOAA21_NRT
-7.24145,111.73314,2026-05-10,603,N21,l,2.0NRT,3.59,D,0.38,0.36,,,,,,firms,VIIRS,VIIRS_NOAA21_NRT
-7.04549,110.33189,2026-05-10,603,N21,n,2.0NRT,5.37,D,0.39,0.36,,,,,,firms,VIIRS,VIIRS_NOAA21_NRT
-7.0361,107.71505,2026-05-10,603,N21,n,2.0NRT,5.09,D,0.5,0.41,,,,,,firms,VIIRS,VIIRS_NOAA21_NRT
-6.95187,109.76971,2026-05-10,603,N21,n,2.0NRT,2.62,D,0.41,0.37,,,,,,firms,VIIRS,VIIRS_NOAA21_NRT
-6.94908,110.49759,2026-05-10,603,N21,n,2.0NRT,1.45,D,0.39,0.36,,,,,,firms,VIIRS,VIIRS_NOAA21_NRT
-6.86382,108.98524,2026-05-10,603,N21,n,2.0NRT,6.94,D,0.43,0.38,,,,,,firms,VIIRS,VIIRS_NOAA21_NRT
-6.86034,108.98473,2026-05-10,603,N21,n,2.0NRT,6.94,D,0.43,0.38,,,,,,firms,VIIRS,VIIRS_NOAA21_NRT
-6.6876,108.48325,2026-05-10,603,N21,n,2.0NRT,3.91,D,0.45,0.39,,,,,,firms,VIIRS,VIIRS_NOAA21_NRT
-6.44808,108.08725,2026-05-10,603,N21,n,2.0NRT,2.57,D,0.47,0.4,,,,,,firms,VIIRS,VIIRS_NOAA21_NRT
-5.33252,104.80886,2026-05-10,605,N21,n,2.0NRT,3.22,D,0.48,0.48,,,,,,firms,VIIRS,VIIRS_NOAA21_NRT
-4.89889,103.59191,2026-05-10,605,N21,n,2.0NRT,8.28,D,0.57,0.52,,,,,,firms,VIIRS,VIIRS_NOAA21_NRT
-4.56317,105.49603,2026-05-10,605,N21,n,2.0NRT,3.31,D,0.42,0.45,,,,,,firms,VIIRS,VIIRS_NOAA21_NRT
-3.68801,103.65806,2026-05-10,605,N21,n,2.0NRT,14.7,D,0.54,0.51,,,,,,firms,VIIRS,VIIRS_NOAA21_NRT
-3.37666,102.98183,2026-05-10,605,N21,n,2.0NRT,3.74,D,0.59,0.53,,,,,,firms,VIIRS,VIIRS_NOAA21_NRT
-3.12732,102.74082,2026-05-10,605,N21,n,2.0NRT,5.78,D,0.61,0.54,,,,,,firms,VIIRS,VIIRS_NOAA21_NRT
-2.48066,105.19202,2026-05-10,605,N21,n,2.0NRT,4.17,D,0.41,0.45,,,,,,firms,VIIRS,VIIRS_NOAA21_NRT
-1.25614,104.1284,2026-05-10,605,N21,n,2.0NRT,6.77,D,0.46,0.47,,,,,,firms,VIIRS,VIIRS_NOAA21_NRT
-0.25827,111.93147,2026-05-10,605,N21,n,2.0NRT,3.82,D,0.42,0.37,,,,,,firms,VIIRS,VIIRS_NOAA21_NRT
0.32132,109.84074,2026-05-10,605,N21,n,2.0NRT,12.76,D,0.38,0.36,,,,,,firms,VIIRS,VIIRS_NOAA21_NRT
0.32184,109.84416,2026-05-10,605,N21,n,2.0NRT,12.76,D,0.38,0.36,,,,,,firms,VIIRS,VIIRS_NOAA21_NRT
1.24543,121.42767,2026-05-10,605,N21,n,2.0NRT,7.04,D,0.58,0.7,,,,,,firms,VIIRS,VIIRS_NOAA21_NRT
1.24928,121.4267,2026-05-10,605,N21,n,2.0NRT,5.72,D,0.58,0.7,,,,,,firms,VIIRS,VIIRS_NOAA21_NRT
-0.78485,101.33205,2026-05-10,608,N21,n,2.0NRT,3.47,D,0.35,0.57,,,,,,firms,VIIRS,VIIRS_NOAA21_NRT
0.23405,100.41596,2026-05-10,608,N21,n,2.0NRT,4.65,D,0.4,0.6,,,,,,firms,VIIRS,VIIRS_NOAA21_NRT
0.72439,103.46084,2026-05-10,608,N21,n,2.0NRT,3.8,D,0.48,0.48,,,,,,firms,VIIRS,VIIRS_NOAA21_NRT
3.27723,113.07191,2026-05-10,608,N21,n,2.0NRT,4.53,D,0.51,0.41,,,,,,firms,VIIRS,VIIRS_NOAA21_NRT
3.28678,113.08452,2026-05-10,608,N21,n,2.0NRT,7.06,D,0.51,0.41,,,,,,firms,VIIRS,VIIRS_NOAA21_NRT
3.60605,112.41077,2026-05-10,608,N21,n,2.0NRT,5.23,D,0.47,0.4,,,,,,firms,VIIRS,VIIRS_NOAA21_NRT
5.22611,97.09611,2026-05-10,608,N21,n,2.0NRT,8.05,D,0.56,0.69,,,,,,firms,VIIRS,VIIRS_NOAA21_NRT
0.68981,117.5525,2026-05-10,1705,N21,n,2.0NRT,2.68,N,0.58,0.52,,,,,,firms,VIIRS,VIIRS_NOAA21_NRT
0.69024,117.55044,2026-05-10,1705,N21,n,2.0NRT,2.51,N,0.58,0.52,,,,,,firms,VIIRS,VIIRS_NOAA21_NRT
0.70322,117.46367,2026-05-10,1705,N21,n,2.0NRT,1.6,N,0.59,0.53,,,,,,firms,VIIRS,VIIRS_NOAA21_NRT
1.49413,127.63498,2026-05-10,1705,N21,n,2.0NRT,4.64,N,0.43,0.38,,,,,,firms,VIIRS,VIIRS_NOAA21_NRT
1.49472,127.6312,2026-05-10,1705,N21,n,2.0NRT,4.33,N,0.43,0.38,,,,,,firms,VIIRS,VIIRS_NOAA21_NRT
-9.82425,130.27261,2026-05-10,1707,N21,n,2.0NRT,6.44,N,0.57,0.52,,,,,,firms,VIIRS,VIIRS_NOAA21_NRT
-9.82349,130.27354,2026-05-10,1707,N21,n,2.0NRT,4.09,N,0.57,0.52,,,,,,firms,VIIRS,VIIRS_NOAA21_NRT
-9.82278,130.26839,2026-05-10,1707,N21,n,2.0NRT,3.4,N,0.57,0.52,,,,,,firms,VIIRS,VIIRS_NOAA21_NRT
-8.36005,118.68777,2026-05-10,1707,N21,n,2.0NRT,1.32,N,0.54,0.42,,,,,,firms,VIIRS,VIIRS_NOAA21_NRT
-8.26449,118.52229,2026-05-10,1707,N21,n,2.0NRT,1.32,N,0.55,0.43,,,,,,firms,VIIRS,VIIRS_NOAA21_NRT
-8.26057,118.52283,2026-05-10,1707,N21,n,2.0NRT,1.32,N,0.55,0.43,,,,,,firms,VIIRS,VIIRS_NOAA21_NRT
-2.57959,121.37865,2026-05-10,1707,N21,n,2.0NRT,10.19,N,0.46,0.39,,,,,,firms,VIIRS,VIIRS_NOAA21_NRT
-2.57895,121.37466,2026-05-10,1707,N21,n,2.0NRT,15.14,N,0.46,0.39,,,,,,firms,VIIRS,VIIRS_NOAA21_NRT
-2.06372,115.56937,2026-05-10,1707,N21,n,2.0NRT,0.71,N,0.36,0.58,,,,,,firms,VIIRS,VIIRS_NOAA21_NRT
-1.89697,115.86939,2026-05-10,1707,N21,n,2.0NRT,1.33,N,0.35,0.57,,,,,,firms,VIIRS,VIIRS_NOAA21_NRT
-1.89647,115.86633,2026-05-10,1707,N21,n,2.0NRT,1.96,N,0.35,0.57,,,,,,firms,VIIRS,VIIRS_NOAA21_NRT
-1.8913,115.86713,2026-05-10,1707,N21,n,2.0NRT,1.32,N,0.35,0.57,,,,,,firms,VIIRS,VIIRS_NOAA21_NRT
-1.8908,115.86407,2026-05-10,1707,N21,n,2.0NRT,1.32,N,0.35,0.57,,,,,,firms,VIIRS,VIIRS_NOAA21_NRT
-1.3809,122.47977,2026-05-10,1707,N21,n,2.0NRT,1.27,N,0.42,0.38,,,,,,firms,VIIRS,VIIRS_NOAA21_NRT
2.777,125.40614,2026-05-10,1707,N21,n,2.0NRT,0.38,N,0.38,0.36,,,,,,firms,VIIRS,VIIRS_NOAA21_NRT
2.78029,125.40665,2026-05-10,1707,N21,n,2.0NRT,0.48,N,0.38,0.36,,,,,,firms,VIIRS,VIIRS_NOAA21_NRT
4.67627,114.48029,2026-05-10,1707,N21,n,2.0NRT,2.83,N,0.55,0.68,,,,,,firms,VIIRS,VIIRS_NOAA21_NRT
4.67824,114.4784,2026-05-10,1707,N21,n,2.0NRT,1.61,N,0.55,0.68,,,,,,firms,VIIRS,VIIRS_NOAA21_NRT
-8.97778,117.18517,2026-05-10,1709,N21,n,2.0NRT,0.86,N,0.43,0.46,,,,,,firms,VIIRS,VIIRS_NOAA21_NRT
-8.91535,117.22427,2026-05-10,1709,N21,n,2.0NRT,0.75,N,0.43,0.46,,,,,,firms,VIIRS,VIIRS_NOAA21_NRT
-8.6683,118.48296,2026-05-10,1709,N21,n,2.0NRT,2.03,N,0.55,0.42,,,,,,firms,VIIRS,VIIRS_NOAA21_NRT
-8.53329,118.32384,2026-05-10,1709,N21,n,2.0NRT,1.23,N,0.56,0.43,,,,,,firms,VIIRS,VIIRS_NOAA21_NRT
-8.11744,112.92628,2026-05-10,1709,N21,n,2.0NRT,3.85,N,0.44,0.62,,,,,,firms,VIIRS,VIIRS_NOAA21_NRT
-8.11171,112.92696,2026-05-10,1709,N21,n,2.0NRT,3.85,N,0.44,0.62,,,,,,firms,VIIRS,VIIRS_NOAA21_NRT
-8.11112,112.92368,2026-05-10,1709,N21,h,2.0NRT,9.11,N,0.44,0.62,,,,,,firms,VIIRS,VIIRS_NOAA21_NRT
-8.11047,112.92007,2026-05-10,1709,N21,n,2.0NRT,9.11,N,0.44,0.62,,,,,,firms,VIIRS,VIIRS_NOAA21_NRT
-7.82118,113.42609,2026-05-10,1709,N21,n,2.0NRT,1.25,N,0.41,0.6,,,,,,firms,VIIRS,VIIRS_NOAA21_NRT
-7.54172,110.41469,2026-05-10,1709,N21,n,2.0NRT,4.32,N,0.66,0.73,,,,,,firms,VIIRS,VIIRS_NOAA21_NRT
-7.53811,110.41319,2026-05-10,1709,N21,n,2.0NRT,10.35,N,0.66,0.73,,,,,,firms,VIIRS,VIIRS_NOAA21_NRT
-7.53532,110.41737,2026-05-10,1709,N21,n,2.0NRT,6.38,N,0.66,0.73,,,,,,firms,VIIRS,VIIRS_NOAA21_NRT
-7.2418,111.72961,2026-05-10,1709,N21,n,2.0NRT,2.36,N,0.54,0.68,,,,,,firms,VIIRS,VIIRS_NOAA21_NRT
-7.09275,110.62114,2026-05-10,1709,N21,n,2.0NRT,2.02,N,0.65,0.73,,,,,,firms,VIIRS,VIIRS_NOAA21_NRT
4.00367,103.34679,2026-05-10,1845,N21,n,2.0NRT,1.06,N,0.45,0.39,,,,,,firms,VIIRS,VIIRS_NOAA21_NRT
4.14421,105.10682,2026-05-10,1845,N21,n,2.0NRT,2.52,N,0.56,0.43,,,,,,firms,VIIRS,VIIRS_NOAA21_NRT
4.49886,102.56574,2026-05-10,1845,N21,n,2.0NRT,0.44,N,0.42,0.37,,,,,,firms,VIIRS,VIIRS_NOAA21_NRT
4.55544,103.45737,2026-05-10,1845,N21,n,2.0NRT,8.29,N,0.45,0.39,,,,,,firms,VIIRS,VIIRS_NOAA21_NRT
4.57509,103.44819,2026-05-10,1845,N21,n,2.0NRT,0.62,N,0.45,0.39,,,,,,firms,VIIRS,VIIRS_NOAA21_NRT
4.65848,103.37976,2026-05-10,1845,N21,n,2.0NRT,0.59,N,0.44,0.39,,,,,,firms,VIIRS,VIIRS_NOAA21_NRT
4.77172,103.3968,2026-05-10,1845,N21,n,2.0NRT,0.73,N,0.44,0.39,,,,,,firms,VIIRS,VIIRS_NOAA21_NRT
4.95436,97.4836,2026-05-10,1845,N21,n,2.0NRT,0.71,N,0.47,0.39,,,,,,firms,VIIRS,VIIRS_NOAA21_NRT
4.97476,112.98656,2026-05-10,1845,N21,n,2.0NRT,2.78,N,0.62,0.71,,,,,,firms,VIIRS,VIIRS_NOAA21_NRT
4.97572,112.98109,2026-05-10,1845,N21,n,2.0NRT,2.78,N,0.62,0.71,,,,,,firms,VIIRS,VIIRS_NOAA21_NRT
5.50086,105.20998,2026-05-10,1845,N21,n,2.0NRT,3.09,N,0.54,0.42,,,,,,firms,VIIRS,VIIRS_NOAA21_NRT
5.98406,102.06583,2026-05-10,1845,N21,n,2.0NRT,1.2,N,0.39,0.36,,,,,,firms,VIIRS,VIIRS_NOAA21_NRT
-3.72997,103.71823,2026-05-10,1847,N21,n,2.0NRT,0.67,N,0.39,0.44,,,,,,firms,VIIRS,VIIRS_NOAA21_NRT
-3.72544,103.71538,2026-05-10,1847,N21,n,2.0NRT,0.67,N,0.39,0.44,,,,,,firms,VIIRS,VIIRS_NOAA21_NRT
-3.68798,103.65718,2026-05-10,1847,N21,n,2.0NRT,4.97,N,0.39,0.44,,,,,,firms,VIIRS,VIIRS_NOAA21_NRT
-3.46603,104.39919,2026-05-10,1847,N21,n,2.0NRT,0.61,N,0.43,0.46,,,,,,firms,VIIRS,VIIRS_NOAA21_NRT
-3.37435,104.037,2026-05-10,1847,N21,n,2.0NRT,0.46,N,0.4,0.45,,,,,,firms,VIIRS,VIIRS_NOAA21_NRT
-3.31725,104.32761,2026-05-10,1847,N21,n,2.0NRT,0.94,N,0.42,0.45,,,,,,firms,VIIRS,VIIRS_NOAA21_NRT
-2.90157,104.61741,2026-05-10,1847,N21,n,2.0NRT,0.58,N,0.43,0.46,,,,,,firms,VIIRS,VIIRS_NOAA21_NRT
-2.90103,104.6172,2026-05-10,1847,N21,n,2.0NRT,0.54,N,0.43,0.46,,,,,,firms,VIIRS,VIIRS_NOAA21_NRT
-1.56542,103.69759,2026-05-10,1847,N21,n,2.0NRT,1.26,N,0.55,0.42,,,,,,firms,VIIRS,VIIRS_NOAA21_NRT
-0.98892,103.33276,2026-05-10,1847,N21,n,2.0NRT,1.61,N,0.51,0.41,,,,,,firms,VIIRS,VIIRS_NOAA21_NRT
-0.49014,102.47829,2026-05-10,1847,N21,n,2.0NRT,0.84,N,0.46,0.39,,,,,,firms,VIIRS,VIIRS_NOAA21_NRT
-6.54726,108.09377,2026-05-10,1849,N21,n,2.0NRT,1.33,N,0.43,0.62,,,,,,firms,VIIRS,VIIRS_NOAA21_NRT
-6.01177,105.98294,2026-05-10,1849,N21,n,2.0NRT,5.42,N,0.6,0.53,,,,,,firms,VIIRS,VIIRS_NOAA21_NRT
-6.0105,105.98261,2026-05-10,1849,N21,n,2.0NRT,5.69,N,0.6,0.53,,,,,,firms,VIIRS,VIIRS_NOAA21_NRT
-6.00693,105.98367,2026-05-10,1849,N21,n,2.0NRT,5.42,N,0.6,0.53,,,,,,firms,VIIRS,VIIRS_NOAA21_NRT
-6.00565,105.98335,2026-05-10,1849,N21,n,2.0NRT,5.69,N,0.6,0.53,,,,,,firms,VIIRS,VIIRS_NOAA21_NRT
-4.35889,104.79797,2026-05-10,1849,N21,n,2.0NRT,0.9,N,0.47,0.48,,,,,,firms,VIIRS,VIIRS_NOAA21_NRT
-10.18184,123.54082,2026-05-11,544,N21,n,2.0NRT,10.1,D,0.49,0.49,,,,,,firms,VIIRS,VIIRS_NOAA21_NRT
-10.1811,123.53957,2026-05-11,544,N21,n,2.0NRT,10.91,D,0.49,0.49,,,,,,firms,VIIRS,VIIRS_NOAA21_NRT
-9.85851,120.4966,2026-05-11,544,N21,n,2.0NRT,8.31,D,0.49,0.4,,,,,,firms,VIIRS,VIIRS_NOAA21_NRT
-9.66147,119.86255,2026-05-11,544,N21,n,2.0NRT,4.74,D,0.46,0.39,,,,,,firms,VIIRS,VIIRS_NOAA21_NRT
-9.40007,119.73097,2026-05-11,544,N21,n,2.0NRT,7.34,D,0.45,0.39,,,,,,firms,VIIRS,VIIRS_NOAA21_NRT
-9.39236,119.90688,2026-05-11,544,N21,n,2.0NRT,6.73,D,0.46,0.39,,,,,,firms,VIIRS,VIIRS_NOAA21_NRT
-9.39184,119.37474,2026-05-11,544,N21,n,2.0NRT,7.78,D,0.44,0.38,,,,,,firms,VIIRS,VIIRS_NOAA21_NRT
-8.67123,118.23348,2026-05-11,546,N21,n,2.0NRT,4.69,D,0.4,0.37,,,,,,firms,VIIRS,VIIRS_NOAA21_NRT
-8.66985,118.23291,2026-05-11,546,N21,n,2.0NRT,3.26,D,0.41,0.37,,,,,,firms,VIIRS,VIIRS_NOAA21_NRT
-8.47726,118.8336,2026-05-11,546,N21,n,2.0NRT,3.24,D,0.42,0.38,,,,,,firms,VIIRS,VIIRS_NOAA21_NRT
-8.46678,117.03518,2026-05-11,546,N21,l,2.0NRT,2.29,D,0.39,0.36,,,,,,firms,VIIRS,VIIRS_NOAA21_NRT
-8.43891,118.65701,2026-05-11,546,N21,n,2.0NRT,11.62,D,0.42,0.38,,,,,,firms,VIIRS,VIIRS_NOAA21_NRT
-8.39568,117.12027,2026-05-11,546,N21,n,2.0NRT,1.9,D,0.39,0.36,,,,,,firms,VIIRS,VIIRS_NOAA21_NRT
-8.38628,117.11524,2026-05-11,546,N21,n,2.0NRT,4.07,D,0.39,0.36,,,,,,firms,VIIRS,VIIRS_NOAA21_NRT
-8.32919,118.97794,2026-05-11,546,N21,n,2.0NRT,3.2,D,0.43,0.38,,,,,,firms,VIIRS,VIIRS_NOAA21_NRT
-8.31813,118.98013,2026-05-11,546,N21,n,2.0NRT,7.91,D,0.43,0.38,,,,,,firms,VIIRS,VIIRS_NOAA21_NRT
-8.31465,118.97956,2026-05-11,546,N21,n,2.0NRT,4.25,D,0.43,0.38,,,,,,firms,VIIRS,VIIRS_NOAA21_NRT
-8.31403,118.98348,2026-05-11,546,N21,n,2.0NRT,4.25,D,0.43,0.38,,,,,,firms,VIIRS,VIIRS_NOAA21_NRT
-8.27438,118.56499,2026-05-11,546,N21,n,2.0NRT,18.3,D,0.42,0.37,,,,,,firms,VIIRS,VIIRS_NOAA21_NRT
-8.11363,112.9241,2026-05-11,546,N21,n,2.0NRT,40.48,D,0.48,0.4,,,,,,firms,VIIRS,VIIRS_NOAA21_NRT
-7.3949,112.75163,2026-05-11,546,N21,n,2.0NRT,6.34,D,0.48,0.4,,,,,,firms,VIIRS,VIIRS_NOAA21_NRT
-6.30349,107.14133,2026-05-11,546,N21,n,2.0NRT,4.04,D,0.36,0.57,,,,,,firms,VIIRS,VIIRS_NOAA21_NRT
-5.18734,119.683,2026-05-11,546,N21,n,2.0NRT,3.73,D,0.5,0.41,,,,,,firms,VIIRS,VIIRS_NOAA21_NRT
-3.90228,122.41598,2026-05-11,546,N21,n,2.0NRT,6.36,D,0.52,0.5,,,,,,firms,VIIRS,VIIRS_NOAA21_NRT
-3.87,122.40891,2026-05-11,546,N21,n,2.0NRT,6.25,D,0.52,0.5,,,,,,firms,VIIRS,VIIRS_NOAA21_NRT
-3.68912,103.65953,2026-05-11,548,N21,n,2.0NRT,10.44,D,0.58,0.7,,,,,,firms,VIIRS,VIIRS_NOAA21_NRT
-3.68612,103.65998,2026-05-11,548,N21,n,2.0NRT,12.92,D,0.58,0.7,,,,,,firms,VIIRS,VIIRS_NOAA21_NRT
-2.51236,111.55874,2026-05-11,548,N21,n,2.0NRT,5.22,D,0.49,0.4,,,,,,firms,VIIRS,VIIRS_NOAA21_NRT
-2.50956,111.55915,2026-05-11,548,N21,n,2.0NRT,13.74,D,0.49,0.4,,,,,,firms,VIIRS,VIIRS_NOAA21_NRT
-2.50866,111.55819,2026-05-11,548,N21,n,2.0NRT,5.22,D,0.49,0.4,,,,,,firms,VIIRS,VIIRS_NOAA21_NRT
-1.24521,116.81348,2026-05-11,548,N21,n,2.0NRT,2.22,D,0.41,0.37,,,,,,firms,VIIRS,VIIRS_NOAA21_NRT
-0.60238,116.25092,2026-05-11,548,N21,n,2.0NRT,3.02,D,0.4,0.37,,,,,,firms,VIIRS,VIIRS_NOAA21_NRT
0.48165,127.99587,2026-05-11,548,N21,n,2.0NRT,20.81,D,0.75,0.77,,,,,,firms,VIIRS,VIIRS_NOAA21_NRT
0.48598,127.98589,2026-05-11,548,N21,n,2.0NRT,13.56,D,0.75,0.77,,,,,,firms,VIIRS,VIIRS_NOAA21_NRT
0.57623,109.36185,2026-05-11,548,N21,n,2.0NRT,5.94,D,0.4,0.44,,,,,,firms,VIIRS,VIIRS_NOAA21_NRT
0.59504,109.40308,2026-05-11,548,N21,n,2.0NRT,3.73,D,0.4,0.44,,,,,,firms,VIIRS,VIIRS_NOAA21_NRT
1.04378,121.57204,2026-05-11,548,N21,n,2.0NRT,11.86,D,0.55,0.51,,,,,,firms,VIIRS,VIIRS_NOAA21_NRT
1.19128,117.1352,2026-05-11,548,N21,n,2.0NRT,13.4,D,0.45,0.39,,,,,,firms,VIIRS,VIIRS_NOAA21_NRT
1.39826,117.23655,2026-05-11,548,N21,n,2.0NRT,9.54,D,0.45,0.39,,,,,,firms,VIIRS,VIIRS_NOAA21_NRT
1.39858,117.23614,2026-05-11,548,N21,n,2.0NRT,9.56,D,0.45,0.39,,,,,,firms,VIIRS,VIIRS_NOAA21_NRT
1.5062,117.22853,2026-05-11,548,N21,n,2.0NRT,4.55,D,0.45,0.39,,,,,,firms,VIIRS,VIIRS_NOAA21_NRT
1.50923,117.22852,2026-05-11,548,N21,n,2.0NRT,5.92,D,0.45,0.39,,,,,,firms,VIIRS,VIIRS_NOAA21_NRT
1.66017,117.19464,2026-05-11,548,N21,n,2.0NRT,4.98,D,0.45,0.39,,,,,,firms,VIIRS,VIIRS_NOAA21_NRT
1.66076,117.19857,2026-05-11,548,N21,n,2.0NRT,4.98,D,0.45,0.39,,,,,,firms,VIIRS,VIIRS_NOAA21_NRT
1.69363,117.12776,2026-05-11,548,N21,n,2.0NRT,2.0,D,0.45,0.39,,,,,,firms,VIIRS,VIIRS_NOAA21_NRT
1.70769,117.88106,2026-05-11,548,N21,n,2.0NRT,4.94,D,0.49,0.4,,,,,,firms,VIIRS,VIIRS_NOAA21_NRT
1.79544,117.89239,2026-05-11,548,N21,n,2.0NRT,8.55,D,0.49,0.4,,,,,,firms,VIIRS,VIIRS_NOAA21_NRT
2.07106,117.46412,2026-05-11,548,N21,n,2.0NRT,5.21,D,0.47,0.4,,,,,,firms,VIIRS,VIIRS_NOAA21_NRT
2.08383,117.46723,2026-05-11,548,N21,n,2.0NRT,4.84,D,0.47,0.4,,,,,,firms,VIIRS,VIIRS_NOAA21_NRT
2.08621,117.46618,2026-05-11,548,N21,n,2.0NRT,3.38,D,0.47,0.4,,,,,,firms,VIIRS,VIIRS_NOAA21_NRT
2.09019,117.56506,2026-05-11,548,N21,n,2.0NRT,3.25,D,0.48,0.4,,,,,,firms,VIIRS,VIIRS_NOAA21_NRT
2.11137,117.52797,2026-05-11,548,N21,n,2.0NRT,3.13,D,0.48,0.4,,,,,,firms,VIIRS,VIIRS_NOAA21_NRT
2.13479,117.07684,2026-05-11,548,N21,n,2.0NRT,5.54,D,0.45,0.39,,,,,,firms,VIIRS,VIIRS_NOAA21_NRT
2.14049,117.52358,2026-05-11,548,N21,n,2.0NRT,10.14,D,0.48,0.4,,,,,,firms,VIIRS,VIIRS_NOAA21_NRT
2.169,117.29671,2026-05-11,548,N21,n,2.0NRT,11.76,D,0.46,0.39,,,,,,firms,VIIRS,VIIRS_NOAA21_NRT
2.17094,117.29703,2026-05-11,548,N21,n,2.0NRT,8.97,D,0.46,0.39,,,,,,firms,VIIRS,VIIRS_NOAA21_NRT
2.9093,117.33389,2026-05-11,548,N21,n,2.0NRT,3.56,D,0.47,0.4,,,,,,firms,VIIRS,VIIRS_NOAA21_NRT
3.71858,116.7226,2026-05-11,548,N21,n,2.0NRT,3.25,D,0.45,0.39,,,,,,firms,VIIRS,VIIRS_NOAA21_NRT
4.13298,116.90175,2026-05-11,548,N21,n,2.0NRT,10.06,D,0.47,0.39,,,,,,firms,VIIRS,VIIRS_NOAA21_NRT
5.82543,114.34138,2026-05-11,550,N21,n,2.0NRT,7.82,D,0.39,0.36,,,,,,firms,VIIRS,VIIRS_NOAA21_NRT
4.03308,97.12008,2026-05-11,729,N21,n,2.0NRT,4.0,D,0.35,0.57,,,,,,firms,VIIRS,VIIRS_NOAA21_NRT
1.49358,127.63311,2026-05-11,1645,N21,n,2.0NRT,3.69,N,0.43,0.38,,,,,,firms,VIIRS,VIIRS_NOAA21_NRT
1.49419,127.62923,2026-05-11,1645,N21,n,2.0NRT,3.69,N,0.43,0.38,,,,,,firms,VIIRS,VIIRS_NOAA21_NRT
1.49845,127.63708,2026-05-11,1645,N21,n,2.0NRT,0.61,N,0.43,0.38,,,,,,firms,VIIRS,VIIRS_NOAA21_NRT
1.5,127.6376,2026-05-11,1645,N21,n,2.0NRT,0.96,N,0.43,0.38,,,,,,firms,VIIRS,VIIRS_NOAA21_NRT
1.51561,127.93951,2026-05-11,1645,N21,n,2.0NRT,1.56,N,0.42,0.38,,,,,,firms,VIIRS,VIIRS_NOAA21_NRT
1.6969,127.87727,2026-05-11,1645,N21,n,2.0NRT,0.57,N,0.42,0.38,,,,,,firms,VIIRS,VIIRS_NOAA21_NRT
1.70036,127.87778,2026-05-11,1645,N21,n,2.0NRT,5.95,N,0.42,0.38,,,,,,firms,VIIRS,VIIRS_NOAA21_NRT
2.77565,125.40081,2026-05-11,1645,N21,n,2.0NRT,0.6,N,0.39,0.44,,,,,,firms,VIIRS,VIIRS_NOAA21_NRT
2.7795,125.40235,2026-05-11,1645,N21,n,2.0NRT,0.6,N,0.39,0.44,,,,,,firms,VIIRS,VIIRS_NOAA21_NRT
-3.87129,122.39192,2026-05-11,1648,N21,n,2.0NRT,1.9,N,0.49,0.48,,,,,,firms,VIIRS,VIIRS_NOAA21_NRT
-3.87028,122.40942,2026-05-11,1648,N21,n,2.0NRT,1.73,N,0.49,0.48,,,,,,firms,VIIRS,VIIRS_NOAA21_NRT
-3.86977,122.41001,2026-05-11,1648,N21,n,2.0NRT,1.38,N,0.49,0.48,,,,,,firms,VIIRS,VIIRS_NOAA21_NRT
-3.86958,122.40509,2026-05-11,1648,N21,n,2.0NRT,1.14,N,0.49,0.48,,,,,,firms,VIIRS,VIIRS_NOAA21_NRT
-2.58485,121.37384,2026-05-11,1648,N21,n,2.0NRT,3.69,N,0.6,0.53,,,,,,firms,VIIRS,VIIRS_NOAA21_NRT
-2.58085,121.37991,2026-05-11,1648,N21,n,2.0NRT,3.69,N,0.6,0.53,,,,,,firms,VIIRS,VIIRS_NOAA21_NRT
-2.58003,121.37479,2026-05-11,1648,N21,n,2.0NRT,3.69,N,0.6,0.53,,,,,,firms,VIIRS,VIIRS_NOAA21_NRT
-2.5792,121.36964,2026-05-11,1648,N21,n,2.0NRT,3.03,N,0.6,0.53,,,,,,firms,VIIRS,VIIRS_NOAA21_NRT
-2.57519,121.37567,2026-05-11,1648,N21,n,2.0NRT,2.91,N,0.6,0.53,,,,,,firms,VIIRS,VIIRS_NOAA21_NRT
-2.57437,121.37057,2026-05-11,1648,N21,n,2.0NRT,2.0,N,0.6,0.53,,,,,,firms,VIIRS,VIIRS_NOAA21_NRT
-2.05957,115.5704,2026-05-11,1648,N21,n,2.0NRT,2.2,N,0.77,0.78,,,,,,firms,VIIRS,VIIRS_NOAA21_NRT
-1.89621,115.86663,2026-05-11,1648,N21,n,2.0NRT,2.87,N,0.74,0.76,,,,,,firms,VIIRS,VIIRS_NOAA21_NRT
-1.89523,115.86711,2026-05-11,1648,N21,n,2.0NRT,3.69,N,0.74,0.76,,,,,,firms,VIIRS,VIIRS_NOAA21_NRT
-1.57433,127.4305,2026-05-11,1648,N21,n,2.0NRT,1.73,N,0.41,0.37,,,,,,firms,VIIRS,VIIRS_NOAA21_NRT
-1.57092,127.43106,2026-05-11,1648,N21,n,2.0NRT,1.73,N,0.41,0.37,,,,,,firms,VIIRS,VIIRS_NOAA21_NRT
-1.56691,127.4278,2026-05-11,1648,N21,n,2.0NRT,1.58,N,0.41,0.37,,,,,,firms,VIIRS,VIIRS_NOAA21_NRT
-1.56349,127.42834,2026-05-11,1648,N21,n,2.0NRT,1.58,N,0.41,0.37,,,,,,firms,VIIRS,VIIRS_NOAA21_NRT
-1.56007,127.42886,2026-05-11,1648,N21,n,2.0NRT,1.97,N,0.41,0.37,,,,,,firms,VIIRS,VIIRS_NOAA21_NRT
-1.55948,127.4251,2026-05-11,1648,N21,n,2.0NRT,2.09,N,0.41,0.37,,,,,,firms,VIIRS,VIIRS_NOAA21_NRT
-1.45948,127.43644,2026-05-11,1648,N21,n,2.0NRT,9.19,N,0.41,0.37,,,,,,firms,VIIRS,VIIRS_NOAA21_NRT
-1.45605,127.43694,2026-05-11,1648,N21,n,2.0NRT,9.19,N,0.41,0.37,,,,,,firms,VIIRS,VIIRS_NOAA21_NRT
-1.25119,122.59278,2026-05-11,1648,N21,n,2.0NRT,5.84,N,0.52,0.5,,,,,,firms,VIIRS,VIIRS_NOAA21_NRT
-1.24597,122.58932,2026-05-11,1648,N21,n,2.0NRT,0.98,N,0.52,0.5,,,,,,firms,VIIRS,VIIRS_NOAA21_NRT
-0.71247,117.06383,2026-05-11,1648,N21,n,2.0NRT,1.75,N,0.64,0.72,,,,,,firms,VIIRS,VIIRS_NOAA21_NRT
-0.70763,117.0635,2026-05-11,1648,N21,n,2.0NRT,2.15,N,0.64,0.72,,,,,,firms,VIIRS,VIIRS_NOAA21_NRT
-0.58564,117.38548,2026-05-11,1648,N21,n,2.0NRT,1.38,N,0.61,0.71,,,,,,firms,VIIRS,VIIRS_NOAA21_NRT
0.48069,128.00662,2026-05-11,1648,N21,n,2.0NRT,2.56,N,0.41,0.37,,,,,,firms,VIIRS,VIIRS_NOAA21_NRT
0.48126,128.00293,2026-05-11,1648,N21,n,2.0NRT,2.56,N,0.41,0.37,,,,,,firms,VIIRS,VIIRS_NOAA21_NRT
0.48183,127.99924,2026-05-11,1648,N21,n,2.0NRT,2.22,N,0.41,0.37,,,,,,firms,VIIRS,VIIRS_NOAA21_NRT
0.48239,127.99557,2026-05-11,1648,N21,n,2.0NRT,2.22,N,0.41,0.37,,,,,,firms,VIIRS,VIIRS_NOAA21_NRT
0.48296,127.99188,2026-05-11,1648,N21,n,2.0NRT,2.89,N,0.41,0.37,,,,,,firms,VIIRS,VIIRS_NOAA21_NRT
0.48636,127.99245,2026-05-11,1648,N21,n,2.0NRT,1.71,N,0.41,0.37,,,,,,firms,VIIRS,VIIRS_NOAA21_NRT
0.49089,127.98571,2026-05-11,1648,N21,n,2.0NRT,1.25,N,0.41,0.37,,,,,,firms,VIIRS,VIIRS_NOAA21_NRT
0.49145,127.98206,2026-05-11,1648,N21,n,2.0NRT,1.25,N,0.41,0.37,,,,,,firms,VIIRS,VIIRS_NOAA21_NRT
0.50855,127.89412,2026-05-11,1648,N21,n,2.0NRT,1.31,N,0.41,0.37,,,,,,firms,VIIRS,VIIRS_NOAA21_NRT
0.51139,127.89835,2026-05-11,1648,N21,n,2.0NRT,1.31,N,0.41,0.37,,,,,,firms,VIIRS,VIIRS_NOAA21_NRT
0.51197,127.89466,2026-05-11,1648,N21,n,2.0NRT,1.31,N,0.41,0.37,,,,,,firms,VIIRS,VIIRS_NOAA21_NRT
0.69321,117.55011,2026-05-11,1648,N21,n,2.0NRT,1.77,N,0.63,0.72,,,,,,firms,VIIRS,VIIRS_NOAA21_NRT
-9.82256,130.26987,2026-05-11,1650,N21,n,2.0NRT,11.49,N,0.44,0.39,,,,,,firms,VIIRS,VIIRS_NOAA21_NRT
-8.40527,118.79251,2026-05-11,1650,N21,n,2.0NRT,1.79,N,0.36,0.57,,,,,,firms,VIIRS,VIIRS_NOAA21_NRT
-0.48983,102.47863,2026-05-11,1828,N21,n,2.0NRT,0.64,N,0.41,0.37,,,,,,firms,VIIRS,VIIRS_NOAA21_NRT
0.12439,103.75311,2026-05-11,1828,N21,n,2.0NRT,1.35,N,0.39,0.36,,,,,,firms,VIIRS,VIIRS_NOAA21_NRT
0.44297,101.89089,2026-05-11,1828,N21,n,2.0NRT,2.53,N,0.44,0.38,,,,,,firms,VIIRS,VIIRS_NOAA21_NRT
0.67666,117.56639,2026-05-11,1828,N21,n,2.0NRT,4.51,N,0.71,0.75,,,,,,firms,VIIRS,VIIRS_NOAA21_NRT
0.67764,117.56008,2026-05-11,1828,N21,n,2.0NRT,4.04,N,0.71,0.75,,,,,,firms,VIIRS,VIIRS_NOAA21_NRT
0.67813,117.56312,2026-05-11,1828,N21,n,2.0NRT,6.24,N,0.71,0.75,,,,,,firms,VIIRS,VIIRS_NOAA21_NRT
0.74437,101.46204,2026-05-11,1828,N21,n,2.0NRT,0.85,N,0.46,0.39,,,,,,firms,VIIRS,VIIRS_NOAA21_NRT
0.79151,100.47189,2026-05-11,1828,N21,n,2.0NRT,0.9,N,0.52,0.41,,,,,,firms,VIIRS,VIIRS_NOAA21_NRT
0.84529,101.39204,2026-05-11,1828,N21,n,2.0NRT,0.62,N,0.46,0.39,,,,,,firms,VIIRS,VIIRS_NOAA21_NRT
1.37734,104.16056,2026-05-11,1828,N21,n,2.0NRT,1.79,N,0.39,0.36,,,,,,firms,VIIRS,VIIRS_NOAA21_NRT
2.26546,102.12587,2026-05-11,1828,N21,n,2.0NRT,1.61,N,0.44,0.39,,,,,,firms,VIIRS,VIIRS_NOAA21_NRT
2.73802,102.39578,2026-05-11,1828,N21,n,2.0NRT,0.48,N,0.44,0.38,,,,,,firms,VIIRS,VIIRS_NOAA21_NRT
2.97802,103.42663,2026-05-11,1828,N21,n,2.0NRT,1.12,N,0.4,0.37,,,,,,firms,VIIRS,VIIRS_NOAA21_NRT
4.00447,103.34664,2026-05-11,1828,N21,n,2.0NRT,1.15,N,0.41,0.37,,,,,,firms,VIIRS,VIIRS_NOAA21_NRT
4.00789,103.34716,2026-05-11,1828,N21,n,2.0NRT,1.15,N,0.41,0.37,,,,,,firms,VIIRS,VIIRS_NOAA21_NRT
4.01978,103.34111,2026-05-11,1828,N21,n,2.0NRT,1.82,N,0.41,0.37,,,,,,firms,VIIRS,VIIRS_NOAA21_NRT
4.04866,96.47549,2026-05-11,1828,N21,n,2.0NRT,0.59,N,0.35,0.57,,,,,,firms,VIIRS,VIIRS_NOAA21_NRT
4.14577,105.1075,2026-05-11,1828,N21,n,2.0NRT,4.1,N,0.38,0.36,,,,,,firms,VIIRS,VIIRS_NOAA21_NRT
4.28305,103.42992,2026-05-11,1828,N21,n,2.0NRT,1.72,N,0.41,0.37,,,,,,firms,VIIRS,VIIRS_NOAA21_NRT
4.50177,102.57045,2026-05-11,1828,N21,n,2.0NRT,1.3,N,0.45,0.39,,,,,,firms,VIIRS,VIIRS_NOAA21_NRT
4.50237,102.56647,2026-05-11,1828,N21,n,2.0NRT,1.3,N,0.45,0.39,,,,,,firms,VIIRS,VIIRS_NOAA21_NRT
4.55599,103.4594,2026-05-11,1828,N21,n,2.0NRT,1.13,N,0.41,0.37,,,,,,firms,VIIRS,VIIRS_NOAA21_NRT
4.55655,103.4557,2026-05-11,1828,N21,n,2.0NRT,1.09,N,0.41,0.37,,,,,,firms,VIIRS,VIIRS_NOAA21_NRT
5.14263,103.10282,2026-05-11,1828,N21,n,2.0NRT,0.76,N,0.43,0.38,,,,,,firms,VIIRS,VIIRS_NOAA21_NRT
5.2251,97.0727,2026-05-11,1828,N21,n,2.0NRT,0.93,N,0.33,0.56,,,,,,firms,VIIRS,VIIRS_NOAA21_NRT
5.37268,104.89657,2026-05-11,1828,N21,n,2.0NRT,2.57,N,0.39,0.36,,,,,,firms,VIIRS,VIIRS_NOAA21_NRT
5.5016,105.20742,2026-05-11,1828,N21,n,2.0NRT,1.12,N,0.39,0.36,,,,,,firms,VIIRS,VIIRS_NOAA21_NRT
5.59555,96.36447,2026-05-11,1828,N21,n,2.0NRT,4.27,N,0.38,0.59,,,,,,firms,VIIRS,VIIRS_NOAA21_NRT
-8.11224,112.92619,2026-05-11,1830,N21,n,2.0NRT,1.39,N,0.46,0.63,,,,,,firms,VIIRS,VIIRS_NOAA21_NRT
-7.55397,110.43881,2026-05-11,1830,N21,n,2.0NRT,1.81,N,0.6,0.53,,,,,,firms,VIIRS,VIIRS_NOAA21_NRT
-7.54943,110.44168,2026-05-11,1830,N21,n,2.0NRT,1.81,N,0.6,0.53,,,,,,firms,VIIRS,VIIRS_NOAA21_NRT
-7.54885,110.43757,2026-05-11,1830,N21,n,2.0NRT,1.81,N,0.6,0.53,,,,,,firms,VIIRS,VIIRS_NOAA21_NRT
-7.54487,110.44441,2026-05-11,1830,N21,n,2.0NRT,17.75,N,0.6,0.53,,,,,,firms,VIIRS,VIIRS_NOAA21_NRT
-7.2393,111.73471,2026-05-11,1830,N21,n,2.0NRT,1.44,N,0.37,0.58,,,,,,firms,VIIRS,VIIRS_NOAA21_NRT
-6.86701,111.91003,2026-05-11,1830,N21,n,2.0NRT,2.09,N,0.37,0.58,,,,,,firms,VIIRS,VIIRS_NOAA21_NRT
-6.86107,111.98656,2026-05-11,1830,N21,n,2.0NRT,0.64,N,0.38,0.58,,,,,,firms,VIIRS,VIIRS_NOAA21_NRT
-6.10973,106.854,2026-05-11,1830,N21,n,2.0NRT,3.96,N,0.5,0.41,,,,,,firms,VIIRS,VIIRS_NOAA21_NRT
-3.80852,103.82035,2026-05-11,1830,N21,n,2.0NRT,0.94,N,0.38,0.36,,,,,,firms,VIIRS,VIIRS_NOAA21_NRT
-3.80414,103.814,2026-05-11,1830,N21,n,2.0NRT,1.39,N,0.38,0.36,,,,,,firms,VIIRS,VIIRS_NOAA21_NRT
-3.80191,103.82137,2026-05-11,1830,N21,n,2.0NRT,1.29,N,0.38,0.36,,,,,,firms,VIIRS,VIIRS_NOAA21_NRT
-3.79476,103.81895,2026-05-11,1830,N21,n,2.0NRT,1.29,N,0.38,0.36,,,,,,firms,VIIRS,VIIRS_NOAA21_NRT
-3.79375,104.47279,2026-05-11,1830,N21,n,2.0NRT,0.5,N,0.39,0.36,,,,,,firms,VIIRS,VIIRS_NOAA21_NRT
-3.72806,103.72057,2026-05-11,1830,N21,n,2.0NRT,0.73,N,0.38,0.36,,,,,,firms,VIIRS,VIIRS_NOAA21_NRT
-3.72699,103.7137,2026-05-11,1830,N21,n,2.0NRT,0.88,N,0.38,0.36,,,,,,firms,VIIRS,VIIRS_NOAA21_NRT
-3.72423,103.71764,2026-05-11,1830,N21,n,2.0NRT,0.88,N,0.38,0.36,,,,,,firms,VIIRS,VIIRS_NOAA21_NRT
-3.72369,103.71421,2026-05-11,1830,N21,n,2.0NRT,0.88,N,0.38,0.36,,,,,,firms,VIIRS,VIIRS_NOAA21_NRT
-3.68818,103.65987,2026-05-11,1830,N21,n,2.0NRT,5.11,N,0.38,0.36,,,,,,firms,VIIRS,VIIRS_NOAA21_NRT
-3.68764,103.65643,2026-05-11,1830,N21,n,2.0NRT,5.11,N,0.38,0.36,,,,,,firms,VIIRS,VIIRS_NOAA21_NRT
-3.31536,104.32551,2026-05-11,1830,N21,n,2.0NRT,1.4,N,0.39,0.36,,,,,,firms,VIIRS,VIIRS_NOAA21_NRT
-3.08215,115.12082,2026-05-11,1830,N21,n,2.0NRT,2.11,N,0.55,0.68,,,,,,firms,VIIRS,VIIRS_NOAA21_NRT
-3.08119,115.12319,2026-05-11,1830,N21,n,2.0NRT,1.54,N,0.55,0.68,,,,,,firms,VIIRS,VIIRS_NOAA21_NRT
-2.9418,115.23727,2026-05-11,1830,N21,n,2.0NRT,3.33,N,0.55,0.68,,,,,,firms,VIIRS,VIIRS_NOAA21_NRT
-2.92932,115.23928,2026-05-11,1830,N21,n,2.0NRT,1.26,N,0.55,0.68,,,,,,firms,VIIRS,VIIRS_NOAA21_NRT
-2.53766,102.72179,2026-05-11,1830,N21,n,2.0NRT,0.37,N,0.39,0.36,,,,,,firms,VIIRS,VIIRS_NOAA21_NRT
-1.56412,103.6972,2026-05-11,1830,N21,n,2.0NRT,1.17,N,0.38,0.36,,,,,,firms,VIIRS,VIIRS_NOAA21_NRT
-1.17479,103.35921,2026-05-11,1830,N21,n,2.0NRT,1.05,N,0.39,0.36,,,,,,firms,VIIRS,VIIRS_NOAA21_NRT
-1.02535,103.36093,2026-05-11,1830,N21,n,2.0NRT,0.78,N,0.39,0.36,,,,,,firms,VIIRS,VIIRS_NOAA21_NRT
-0.98684,103.33203,2026-05-11,1830,N21,n,2.0NRT,0.83,N,0.39,0.36,,,,,,firms,VIIRS,VIIRS_NOAA21_NRT
-0.75171,102.24347,2026-05-11,1830,N21,n,2.0NRT,0.76,N,0.41,0.37,,,,,,firms,VIIRS,VIIRS_NOAA21_NRT
-3.97656,139.94164,2026-05-12,347,N21,n,2.0NRT,2.95,D,0.44,0.46,,,,,,firms,VIIRS,VIIRS_NOAA21_NRT
-3.95608,138.46222,2026-05-12,347,N21,n,2.0NRT,3.95,D,0.55,0.51,,,,,,firms,VIIRS,VIIRS_NOAA21_NRT
-3.8934,138.63348,2026-05-12,347,N21,n,2.0NRT,7.74,D,0.54,0.51,,,,,,firms,VIIRS,VIIRS_NOAA21_NRT
-3.69727,138.49771,2026-05-12,347,N21,n,2.0NRT,5.88,D,0.54,0.51,,,,,,firms,VIIRS,VIIRS_NOAA21_NRT
-3.67373,138.94684,2026-05-12,347,N21,n,2.0NRT,3.43,D,0.51,0.49,,,,,,firms,VIIRS,VIIRS_NOAA21_NRT
-3.65427,138.53764,2026-05-12,347,N21,n,2.0NRT,10.31,D,0.54,0.51,,,,,,firms,VIIRS,VIIRS_NOAA21_NRT
-3.65112,138.30176,2026-05-12,347,N21,n,2.0NRT,44.85,D,0.56,0.52,,,,,,firms,VIIRS,VIIRS_NOAA21_NRT
-3.65054,138.30577,2026-05-12,347,N21,n,2.0NRT,17.15,D,0.56,0.52,,,,,,firms,VIIRS,VIIRS_NOAA21_NRT
-2.6767,140.30704,2026-05-12,347,N21,n,2.0NRT,5.95,D,0.4,0.44,,,,,,firms,VIIRS,VIIRS_NOAA21_NRT
-1.81858,136.75113,2026-05-12,347,N21,n,2.0NRT,10.21,D,0.34,0.56,,,,,,firms,VIIRS,VIIRS_NOAA21_NRT
-9.4243,119.41924,2026-05-12,525,N21,n,2.0NRT,5.63,D,0.42,0.38,,,,,,firms,VIIRS,VIIRS_NOAA21_NRT
-9.40271,119.78183,2026-05-12,525,N21,n,2.0NRT,2.64,D,0.41,0.37,,,,,,firms,VIIRS,VIIRS_NOAA21_NRT
-9.39182,119.44903,2026-05-12,525,N21,n,2.0NRT,10.0,D,0.42,0.37,,,,,,firms,VIIRS,VIIRS_NOAA21_NRT
-9.39127,119.45281,2026-05-12,525,N21,n,2.0NRT,9.91,D,0.42,0.37,,,,,,firms,VIIRS,VIIRS_NOAA21_NRT
-9.38784,119.45229,2026-05-12,525,N21,n,2.0NRT,9.91,D,0.42,0.37,,,,,,firms,VIIRS,VIIRS_NOAA21_NRT
-9.38728,119.45606,2026-05-12,525,N21,n,2.0NRT,9.91,D,0.42,0.37,,,,,,firms,VIIRS,VIIRS_NOAA21_NRT
-9.3833,119.45933,2026-05-12,525,N21,n,2.0NRT,14.5,D,0.42,0.37,,,,,,firms,VIIRS,VIIRS_NOAA21_NRT
-9.38115,119.61623,2026-05-12,525,N21,n,2.0NRT,10.17,D,0.41,0.37,,,,,,firms,VIIRS,VIIRS_NOAA21_NRT
-9.37719,119.61944,2026-05-12,525,N21,n,2.0NRT,7.53,D,0.41,0.37,,,,,,firms,VIIRS,VIIRS_NOAA21_NRT
-9.37378,119.6189,2026-05-12,525,N21,n,2.0NRT,7.48,D,0.41,0.37,,,,,,firms,VIIRS,VIIRS_NOAA21_NRT
-9.35864,119.88466,2026-05-12,525,N21,n,2.0NRT,3.9,D,0.4,0.37,,,,,,firms,VIIRS,VIIRS_NOAA21_NRT
-9.34851,119.88306,2026-05-12,525,N21,n,2.0NRT,9.24,D,0.4,0.37,,,,,,firms,VIIRS,VIIRS_NOAA21_NRT
-8.45616,118.64652,2026-05-12,525,N21,n,2.0NRT,3.5,D,0.44,0.38,,,,,,firms,VIIRS,VIIRS_NOAA21_NRT
-8.45443,118.65821,2026-05-12,525,N21,n,2.0NRT,3.34,D,0.44,0.38,,,,,,firms,VIIRS,VIIRS_NOAA21_NRT
-8.40148,117.11645,2026-05-12,525,N21,n,2.0NRT,3.96,D,0.52,0.42,,,,,,firms,VIIRS,VIIRS_NOAA21_NRT
-8.39767,117.11589,2026-05-12,525,N21,n,2.0NRT,7.78,D,0.52,0.42,,,,,,firms,VIIRS,VIIRS_NOAA21_NRT
-8.32809,112.56522,2026-05-12,525,N21,n,2.0NRT,5.03,D,0.35,0.56,,,,,,firms,VIIRS,VIIRS_NOAA21_NRT
-8.32279,118.97315,2026-05-12,525,N21,n,2.0NRT,1.38,D,0.43,0.38,,,,,,firms,VIIRS,VIIRS_NOAA21_NRT
-8.1856,112.70904,2026-05-12,525,N21,n,2.0NRT,2.47,D,0.34,0.56,,,,,,firms,VIIRS,VIIRS_NOAA21_NRT
-8.1154,112.92313,2026-05-12,525,N21,n,2.0NRT,7.98,D,0.33,0.55,,,,,,firms,VIIRS,VIIRS_NOAA21_NRT
-8.11047,112.92173,2026-05-12,525,N21,n,2.0NRT,23.44,D,0.33,0.55,,,,,,firms,VIIRS,VIIRS_NOAA21_NRT
-8.11015,112.92415,2026-05-12,525,N21,h,2.0NRT,22.52,D,0.33,0.55,,,,,,firms,VIIRS,VIIRS_NOAA21_NRT
-2.57904,121.37603,2026-05-12,527,N21,n,2.0NRT,8.01,D,0.4,0.37,,,,,,firms,VIIRS,VIIRS_NOAA21_NRT
-2.21193,115.49908,2026-05-12,527,N21,n,2.0NRT,4.01,D,0.54,0.42,,,,,,firms,VIIRS,VIIRS_NOAA21_NRT
-2.01142,121.41763,2026-05-12,527,N21,n,2.0NRT,3.73,D,0.4,0.37,,,,,,firms,VIIRS,VIIRS_NOAA21_NRT
-2.01087,121.4212,2026-05-12,527,N21,n,2.0NRT,3.73,D,0.4,0.37,,,,,,firms,VIIRS,VIIRS_NOAA21_NRT
-2.00922,121.43201,2026-05-12,527,N21,l,2.0NRT,5.17,D,0.4,0.37,,,,,,firms,VIIRS,VIIRS_NOAA21_NRT
-2.00805,121.41709,2026-05-12,527,N21,n,2.0NRT,3.73,D,0.4,0.37,,,,,,firms,VIIRS,VIIRS_NOAA21_NRT
-1.37747,123.05134,2026-05-12,527,N21,n,2.0NRT,1.94,D,0.47,0.4,,,,,,firms,VIIRS,VIIRS_NOAA21_NRT
-1.24677,116.81153,2026-05-12,527,N21,n,2.0NRT,2.77,D,0.45,0.39,,,,,,firms,VIIRS,VIIRS_NOAA21_NRT
-1.2466,116.81148,2026-05-12,527,N21,n,2.0NRT,1.44,D,0.45,0.39,,,,,,firms,VIIRS,VIIRS_NOAA21_NRT
-1.246,116.8155,2026-05-12,527,N21,n,2.0NRT,1.44,D,0.45,0.39,,,,,,firms,VIIRS,VIIRS_NOAA21_NRT
-0.2834,116.88165,2026-05-12,527,N21,n,2.0NRT,4.08,D,0.44,0.38,,,,,,firms,VIIRS,VIIRS_NOAA21_NRT
-0.04628,119.90207,2026-05-12,527,N21,n,2.0NRT,2.53,D,0.39,0.36,,,,,,firms,VIIRS,VIIRS_NOAA21_NRT
0.34775,116.36342,2026-05-12,527,N21,n,2.0NRT,4.83,D,0.45,0.39,,,,,,firms,VIIRS,VIIRS_NOAA21_NRT
0.54615,121.87965,2026-05-12,527,N21,n,2.0NRT,3.04,D,0.44,0.38,,,,,,firms,VIIRS,VIIRS_NOAA21_NRT
2.02995,117.1696,2026-05-12,529,N21,n,2.0NRT,10.66,D,0.41,0.37,,,,,,firms,VIIRS,VIIRS_NOAA21_NRT
2.05712,117.1656,2026-05-12,529,N21,n,2.0NRT,2.21,D,0.41,0.37,,,,,,firms,VIIRS,VIIRS_NOAA21_NRT
2.0962,117.05076,2026-05-12,529,N21,n,2.0NRT,4.74,D,0.41,0.37,,,,,,firms,VIIRS,VIIRS_NOAA21_NRT
2.16655,117.23783,2026-05-12,529,N21,n,2.0NRT,6.41,D,0.41,0.37,,,,,,firms,VIIRS,VIIRS_NOAA21_NRT
2.17048,117.24096,2026-05-12,529,N21,n,2.0NRT,3.93,D,0.41,0.37,,,,,,firms,VIIRS,VIIRS_NOAA21_NRT
2.2456,117.6216,2026-05-12,529,N21,n,2.0NRT,3.1,D,0.4,0.37,,,,,,firms,VIIRS,VIIRS_NOAA21_NRT
2.27825,117.83657,2026-05-12,529,N21,n,2.0NRT,10.73,D,0.39,0.36,,,,,,firms,VIIRS,VIIRS_NOAA21_NRT
2.29436,117.49787,2026-05-12,529,N21,n,2.0NRT,3.27,D,0.4,0.37,,,,,,firms,VIIRS,VIIRS_NOAA21_NRT
3.13202,117.30553,2026-05-12,529,N21,n,2.0NRT,3.76,D,0.4,0.37,,,,,,firms,VIIRS,VIIRS_NOAA21_NRT
3.28494,113.08395,2026-05-12,529,N21,n,2.0NRT,2.49,D,0.43,0.46,,,,,,firms,VIIRS,VIIRS_NOAA21_NRT
3.2866,113.08434,2026-05-12,529,N21,n,2.0NRT,2.99,D,0.43,0.46,,,,,,firms,VIIRS,VIIRS_NOAA21_NRT
3.60433,112.41074,2026-05-12,529,N21,n,2.0NRT,6.21,D,0.47,0.48,,,,,,firms,VIIRS,VIIRS_NOAA21_NRT
3.60586,112.41051,2026-05-12,529,N21,n,2.0NRT,6.52,D,0.47,0.48,,,,,,firms,VIIRS,VIIRS_NOAA21_NRT
-3.68761,103.65826,2026-05-12,707,N21,n,2.0NRT,7.7,D,0.35,0.57,,,,,,firms,VIIRS,VIIRS_NOAA21_NRT
-2.38708,102.78155,2026-05-12,709,N21,n,2.0NRT,4.02,D,0.32,0.55,,,,,,firms,VIIRS,VIIRS_NOAA21_NRT
-2.38683,102.78196,2026-05-12,709,N21,n,2.0NRT,3.72,D,0.32,0.55,,,,,,firms,VIIRS,VIIRS_NOAA21_NRT
-2.11132,100.93597,2026-05-12,709,N21,n,2.0NRT,3.92,D,0.49,0.48,,,,,,firms,VIIRS,VIIRS_NOAA21_NRT
-1.78681,102.67836,2026-05-12,709,N21,n,2.0NRT,3.74,D,0.33,0.55,,,,,,firms,VIIRS,VIIRS_NOAA21_NRT
-1.65741,102.94217,2026-05-12,709,N21,n,2.0NRT,1.73,D,0.34,0.56,,,,,,firms,VIIRS,VIIRS_NOAA21_NRT
0.88751,97.58611,2026-05-12,709,N21,n,2.0NRT,5.25,D,0.5,0.41,,,,,,firms,VIIRS,VIIRS_NOAA21_NRT
2.53536,101.81628,2026-05-12,709,N21,n,2.0NRT,2.87,D,0.33,0.55,,,,,,firms,VIIRS,VIIRS_NOAA21_NRT
3.69757,102.38959,2026-05-12,709,N21,n,2.0NRT,3.4,D,0.38,0.59,,,,,,firms,VIIRS,VIIRS_NOAA21_NRT
5.01494,97.56226,2026-05-12,712,N21,n,2.0NRT,5.04,D,0.56,0.43,,,,,,firms,VIIRS,VIIRS_NOAA21_NRT
5.01887,97.5617,2026-05-12,712,N21,n,2.0NRT,8.54,D,0.56,0.43,,,,,,firms,VIIRS,VIIRS_NOAA21_NRT
-0.99763,134.02271,2026-05-12,1628,N21,n,2.0NRT,0.38,N,0.38,0.36,,,,,,firms,VIIRS,VIIRS_NOAA21_NRT
1.49372,127.62718,2026-05-12,1628,N21,n,2.0NRT,1.5,N,0.55,0.51,,,,,,firms,VIIRS,VIIRS_NOAA21_NRT
1.49615,127.63042,2026-05-12,1628,N21,n,2.0NRT,2.33,N,0.55,0.51,,,,,,firms,VIIRS,VIIRS_NOAA21_NRT
1.69847,127.87819,2026-05-12,1628,N21,n,2.0NRT,18.59,N,0.53,0.5,,,,,,firms,VIIRS,VIIRS_NOAA21_NRT
1.69925,127.87302,2026-05-12,1628,N21,n,2.0NRT,18.59,N,0.53,0.5,,,,,,firms,VIIRS,VIIRS_NOAA21_NRT
-3.87383,122.40281,2026-05-12,1630,N21,n,2.0NRT,1.97,N,0.52,0.67,,,,,,firms,VIIRS,VIIRS_NOAA21_NRT
-3.87304,122.39818,2026-05-12,1630,N21,n,2.0NRT,1.97,N,0.52,0.67,,,,,,firms,VIIRS,VIIRS_NOAA21_NRT
-3.87225,122.39356,2026-05-12,1630,N21,n,2.0NRT,2.49,N,0.52,0.67,,,,,,firms,VIIRS,VIIRS_NOAA21_NRT
-3.86853,122.40844,2026-05-12,1630,N21,n,2.0NRT,1.41,N,0.52,0.67,,,,,,firms,VIIRS,VIIRS_NOAA21_NRT
-2.86057,122.15065,2026-05-12,1630,N21,n,2.0NRT,3.15,N,0.56,0.69,,,,,,firms,VIIRS,VIIRS_NOAA21_NRT
-2.85046,122.16717,2026-05-12,1630,N21,n,2.0NRT,1.83,N,0.56,0.69,,,,,,firms,VIIRS,VIIRS_NOAA21_NRT
-1.3823,122.48135,2026-05-12,1630,N21,n,2.0NRT,2.15,N,0.56,0.69,,,,,,firms,VIIRS,VIIRS_NOAA21_NRT
-1.37898,122.47948,2026-05-12,1630,N21,n,2.0NRT,1.98,N,0.56,0.69,,,,,,firms,VIIRS,VIIRS_NOAA21_NRT
3.6054,112.41048,2026-05-12,1809,N21,n,2.0NRT,7.67,N,0.43,0.38,,,,,,firms,VIIRS,VIIRS_NOAA21_NRT
3.76239,112.06361,2026-05-12,1809,N21,n,2.0NRT,2.24,N,0.42,0.38,,,,,,firms,VIIRS,VIIRS_NOAA21_NRT
4.28439,103.43136,2026-05-12,1809,N21,n,2.0NRT,0.95,N,0.5,0.49,,,,,,firms,VIIRS,VIIRS_NOAA21_NRT
4.7411,113.73047,2026-05-12,1809,N21,n,2.0NRT,2.7,N,0.49,0.4,,,,,,firms,VIIRS,VIIRS_NOAA21_NRT
4.97603,112.9835,2026-05-12,1809,N21,n,2.0NRT,2.06,N,0.45,0.39,,,,,,firms,VIIRS,VIIRS_NOAA21_NRT
4.97956,112.98407,2026-05-12,1809,N21,n,2.0NRT,6.97,N,0.45,0.39,,,,,,firms,VIIRS,VIIRS_NOAA21_NRT
5.50353,105.20737,2026-05-12,1809,N21,n,2.0NRT,6.35,N,0.4,0.44,,,,,,firms,VIIRS,VIIRS_NOAA21_NRT
5.58545,104.47392,2026-05-12,1809,N21,n,2.0NRT,3.32,N,0.45,0.47,,,,,,firms,VIIRS,VIIRS_NOAA21_NRT
5.64575,104.97806,2026-05-12,1809,N21,n,2.0NRT,3.59,N,0.41,0.45,,,,,,firms,VIIRS,VIIRS_NOAA21_NRT
-7.94314,112.95223,2026-05-12,1811,N21,n,2.0NRT,1.59,N,0.43,0.46,,,,,,firms,VIIRS,VIIRS_NOAA21_NRT
-7.7039,108.99472,2026-05-12,1811,N21,n,2.0NRT,3.69,N,0.4,0.37,,,,,,firms,VIIRS,VIIRS_NOAA21_NRT
-7.54497,110.44537,2026-05-12,1811,N21,n,2.0NRT,2.28,N,0.46,0.39,,,,,,firms,VIIRS,VIIRS_NOAA21_NRT
-7.54227,110.44426,2026-05-12,1811,N21,n,2.0NRT,2.41,N,0.46,0.39,,,,,,firms,VIIRS,VIIRS_NOAA21_NRT
-7.54136,110.44561,2026-05-12,1811,N21,n,2.0NRT,0.65,N,0.46,0.39,,,,,,firms,VIIRS,VIIRS_NOAA21_NRT
-7.24224,109.21401,2026-05-12,1811,N21,n,2.0NRT,0.5,N,0.41,0.37,,,,,,firms,VIIRS,VIIRS_NOAA21_NRT
-3.80413,103.81582,2026-05-12,1811,N21,n,2.0NRT,1.55,N,0.54,0.42,,,,,,firms,VIIRS,VIIRS_NOAA21_NRT
-3.80106,103.82134,2026-05-12,1811,N21,n,2.0NRT,2.25,N,0.54,0.42,,,,,,firms,VIIRS,VIIRS_NOAA21_NRT
-3.79639,103.81707,2026-05-12,1811,N21,n,2.0NRT,1.24,N,0.54,0.42,,,,,,firms,VIIRS,VIIRS_NOAA21_NRT
-3.7277,103.71951,2026-05-12,1811,N21,n,2.0NRT,2.39,N,0.55,0.43,,,,,,firms,VIIRS,VIIRS_NOAA21_NRT
-3.723,103.71517,2026-05-12,1811,N21,n,2.0NRT,2.62,N,0.55,0.43,,,,,,firms,VIIRS,VIIRS_NOAA21_NRT
-3.68991,103.65933,2026-05-12,1811,N21,n,2.0NRT,10.22,N,0.56,0.43,,,,,,firms,VIIRS,VIIRS_NOAA21_NRT
-3.31658,104.32771,2026-05-12,1811,N21,n,2.0NRT,1.9,N,0.52,0.41,,,,,,firms,VIIRS,VIIRS_NOAA21_NRT
-3.31629,104.32581,2026-05-12,1811,N21,n,2.0NRT,2.01,N,0.52,0.41,,,,,,firms,VIIRS,VIIRS_NOAA21_NRT
-2.9998,115.20431,2026-05-12,1811,N21,n,2.0NRT,1.72,N,0.51,0.5,,,,,,firms,VIIRS,VIIRS_NOAA21_NRT
-2.94318,115.23766,2026-05-12,1811,N21,n,2.0NRT,3.55,N,0.52,0.5,,,,,,firms,VIIRS,VIIRS_NOAA21_NRT
-2.93961,115.23672,2026-05-12,1811,N21,n,2.0NRT,3.87,N,0.52,0.5,,,,,,firms,VIIRS,VIIRS_NOAA21_NRT
-2.55711,103.37094,2026-05-12,1811,N21,n,2.0NRT,2.49,N,0.4,0.44,,,,,,firms,VIIRS,VIIRS_NOAA21_NRT
-2.06407,115.57021,2026-05-12,1811,N21,n,2.0NRT,2.33,N,0.53,0.5,,,,,,firms,VIIRS,VIIRS_NOAA21_NRT
-1.89656,115.86042,2026-05-12,1811,N21,n,2.0NRT,5.15,N,0.55,0.51,,,,,,firms,VIIRS,VIIRS_NOAA21_NRT
-1.89264,115.86607,2026-05-12,1811,N21,n,2.0NRT,4.67,N,0.55,0.51,,,,,,firms,VIIRS,VIIRS_NOAA21_NRT
-1.8919,115.86115,2026-05-12,1811,N21,n,2.0NRT,4.67,N,0.55,0.51,,,,,,firms,VIIRS,VIIRS_NOAA21_NRT
-1.38348,122.48206,2026-05-12,1811,N21,n,2.0NRT,2.37,N,0.78,0.78,,,,,,firms,VIIRS,VIIRS_NOAA21_NRT
-1.38008,122.48083,2026-05-12,1811,N21,n,2.0NRT,1.36,N,0.78,0.78,,,,,,firms,VIIRS,VIIRS_NOAA21_NRT
-1.17406,103.35751,2026-05-12,1811,N21,n,2.0NRT,0.85,N,0.42,0.45,,,,,,firms,VIIRS,VIIRS_NOAA21_NRT
-1.08636,103.40889,2026-05-12,1811,N21,n,2.0NRT,0.21,N,0.42,0.45,,,,,,firms,VIIRS,VIIRS_NOAA21_NRT
-1.02347,103.36077,2026-05-12,1811,N21,n,2.0NRT,0.64,N,0.42,0.45,,,,,,firms,VIIRS,VIIRS_NOAA21_NRT
-0.98884,103.33124,2026-05-12,1811,N21,n,2.0NRT,0.67,N,0.43,0.46,,,,,,firms,VIIRS,VIIRS_NOAA21_NRT
-0.98745,103.33214,2026-05-12,1811,N21,n,2.0NRT,0.74,N,0.43,0.46,,,,,,firms,VIIRS,VIIRS_NOAA21_NRT
-0.85509,117.18501,2026-05-12,1811,N21,n,2.0NRT,0.29,N,0.33,0.55,,,,,,firms,VIIRS,VIIRS_NOAA21_NRT
0.10951,109.41248,2026-05-12,1811,N21,n,2.0NRT,0.95,N,0.38,0.36,,,,,,firms,VIIRS,VIIRS_NOAA21_NRT
0.67235,117.56326,2026-05-12,1811,N21,n,2.0NRT,2.45,N,0.33,0.55,,,,,,firms,VIIRS,VIIRS_NOAA21_NRT
0.67692,117.56715,2026-05-12,1811,N21,n,2.0NRT,3.28,N,0.33,0.55,,,,,,firms,VIIRS,VIIRS_NOAA21_NRT
0.67737,117.56423,2026-05-12,1811,N21,n,2.0NRT,2.45,N,0.33,0.55,,,,,,firms,VIIRS,VIIRS_NOAA21_NRT
1.37795,104.15933,2026-05-12,1811,N21,n,2.0NRT,0.98,N,0.41,0.45,,,,,,firms,VIIRS,VIIRS_NOAA21_NRT
1.51014,109.18223,2026-05-12,1811,N21,n,2.0NRT,0.5,N,0.38,0.36,,,,,,firms,VIIRS,VIIRS_NOAA21_NRT
-7.73794,114.24307,2026-05-12,1813,N21,n,2.0NRT,1.29,N,0.52,0.5,,,,,,firms,VIIRS,VIIRS_NOAA21_NRT
-7.23972,111.73261,2026-05-12,1813,N21,n,2.0NRT,2.55,N,0.53,0.42,,,,,,firms,VIIRS,VIIRS_NOAA21_NRT
-6.80547,111.54317,2026-05-12,1813,N21,n,2.0NRT,1.21,N,0.51,0.41,,,,,,firms,VIIRS,VIIRS_NOAA21_NRT
-6.54969,108.09624,2026-05-12,1813,N21,n,2.0NRT,2.6,N,0.39,0.36,,,,,,firms,VIIRS,VIIRS_NOAA21_NRT
-6.54915,108.09277,2026-05-12,1813,N21,n,2.0NRT,2.6,N,0.39,0.36,,,,,,firms,VIIRS,VIIRS_NOAA21_NRT
-6.3636,106.79837,2026-05-12,1813,N21,n,2.0NRT,0.93,N,0.39,0.36,,,,,,firms,VIIRS,VIIRS_NOAA21_NRT
-6.19497,106.55051,2026-05-12,1813,N21,n,2.0NRT,0.52,N,0.39,0.37,,,,,,firms,VIIRS,VIIRS_NOAA21_NRT
-6.19428,106.95451,2026-05-12,1813,N21,n,2.0NRT,0.46,N,0.39,0.36,,,,,,firms,VIIRS,VIIRS_NOAA21_NRT
-6.14329,106.47901,2026-05-12,1813,N21,n,2.0NRT,0.46,N,0.4,0.37,,,,,,firms,VIIRS,VIIRS_NOAA21_NRT
-6.1301,106.87144,2026-05-12,1813,N21,n,2.0NRT,1.84,N,0.39,0.36,,,,,,firms,VIIRS,VIIRS_NOAA21_NRT
-6.01185,105.97781,2026-05-12,1813,N21,n,2.0NRT,4.34,N,0.41,0.37,,,,,,firms,VIIRS,VIIRS_NOAA21_NRT
-6.00962,105.98569,2026-05-12,1813,N21,n,2.0NRT,3.1,N,0.41,0.37,,,,,,firms,VIIRS,VIIRS_NOAA21_NRT
-6.00563,105.98255,2026-05-12,1813,N21,n,2.0NRT,2.5,N,0.41,0.37,,,,,,firms,VIIRS,VIIRS_NOAA21_NRT
-5.91114,107.92764,2026-05-12,1813,N21,n,2.0NRT,1.08,N,0.38,0.36,,,,,,firms,VIIRS,VIIRS_NOAA21_NRT
-4.66736,106.63073,2026-05-12,1813,N21,n,2.0NRT,0.8,N,0.4,0.37,,,,,,firms,VIIRS,VIIRS_NOAA21_NRT
-4.36638,140.37804,2026-05-13,328,N21,n,2.0NRT,7.16,D,0.44,0.63,,,,,,firms,VIIRS,VIIRS_NOAA21_NRT
-4.34588,140.39966,2026-05-13,328,N21,n,2.0NRT,9.92,D,0.44,0.62,,,,,,firms,VIIRS,VIIRS_NOAA21_NRT
-3.58558,138.90495,2026-05-13,328,N21,n,2.0NRT,10.89,D,0.55,0.68,,,,,,firms,VIIRS,VIIRS_NOAA21_NRT
-3.58486,138.90431,2026-05-13,328,N21,n,2.0NRT,10.29,D,0.55,0.68,,,,,,firms,VIIRS,VIIRS_NOAA21_NRT
-2.64124,140.30188,2026-05-13,328,N21,n,2.0NRT,2.69,D,0.42,0.61,,,,,,firms,VIIRS,VIIRS_NOAA21_NRT
-2.57472,140.25961,2026-05-13,328,N21,n,2.0NRT,12.23,D,0.42,0.61,,,,,,firms,VIIRS,VIIRS_NOAA21_NRT
-9.43626,119.80209,2026-05-13,508,N21,n,2.0NRT,7.38,D,0.49,0.48,,,,,,firms,VIIRS,VIIRS_NOAA21_NRT
-9.43506,119.81107,2026-05-13,508,N21,n,2.0NRT,7.4,D,0.49,0.48,,,,,,firms,VIIRS,VIIRS_NOAA21_NRT
-8.32551,118.97474,2026-05-13,508,N21,n,2.0NRT,2.93,D,0.53,0.5,,,,,,firms,VIIRS,VIIRS_NOAA21_NRT
-8.11339,112.9235,2026-05-13,508,N21,n,2.0NRT,12.22,D,0.71,0.75,,,,,,firms,VIIRS,VIIRS_NOAA21_NRT
-3.6663,138.51266,2026-05-13,508,N21,n,2.0NRT,26.11,D,0.76,0.77,,,,,,firms,VIIRS,VIIRS_NOAA21_NRT
-2.84289,122.19703,2026-05-13,508,N21,n,2.0NRT,3.63,D,0.44,0.38,,,,,,firms,VIIRS,VIIRS_NOAA21_NRT
-2.82825,122.17503,2026-05-13,508,N21,n,2.0NRT,18.25,D,0.44,0.38,,,,,,firms,VIIRS,VIIRS_NOAA21_NRT
-2.82238,122.14216,2026-05-13,508,N21,n,2.0NRT,4.36,D,0.44,0.38,,,,,,firms,VIIRS,VIIRS_NOAA21_NRT
-2.77269,118.80508,2026-05-13,510,N21,n,2.0NRT,3.95,D,0.46,0.47,,,,,,firms,VIIRS,VIIRS_NOAA21_NRT
-2.67538,119.16846,2026-05-13,510,N21,n,2.0NRT,7.98,D,0.43,0.46,,,,,,firms,VIIRS,VIIRS_NOAA21_NRT
-2.5798,121.37775,2026-05-13,510,N21,n,2.0NRT,14.79,D,0.48,0.4,,,,,,firms,VIIRS,VIIRS_NOAA21_NRT
-2.57551,121.38144,2026-05-13,510,N21,n,2.0NRT,8.46,D,0.48,0.4,,,,,,firms,VIIRS,VIIRS_NOAA21_NRT
-2.37784,119.59243,2026-05-13,510,N21,n,2.0NRT,7.24,D,0.4,0.44,,,,,,firms,VIIRS,VIIRS_NOAA21_NRT
-1.8937,115.86874,2026-05-13,510,N21,n,2.0NRT,5.77,D,0.35,0.57,,,,,,firms,VIIRS,VIIRS_NOAA21_NRT
-1.89266,115.86654,2026-05-13,510,N21,n,2.0NRT,4.66,D,0.35,0.57,,,,,,firms,VIIRS,VIIRS_NOAA21_NRT
-1.42901,123.01135,2026-05-13,510,N21,n,2.0NRT,2.36,D,0.4,0.37,,,,,,firms,VIIRS,VIIRS_NOAA21_NRT
-1.35201,122.36448,2026-05-13,510,N21,n,2.0NRT,5.77,D,0.42,0.38,,,,,,firms,VIIRS,VIIRS_NOAA21_NRT
-1.33657,122.37355,2026-05-13,510,N21,n,2.0NRT,5.59,D,0.42,0.38,,,,,,firms,VIIRS,VIIRS_NOAA21_NRT
0.48604,122.72819,2026-05-13,510,N21,n,2.0NRT,4.95,D,0.4,0.37,,,,,,firms,VIIRS,VIIRS_NOAA21_NRT
0.51685,122.26337,2026-05-13,510,N21,n,2.0NRT,6.01,D,0.41,0.37,,,,,,firms,VIIRS,VIIRS_NOAA21_NRT
1.05052,117.17882,2026-05-13,510,N21,n,2.0NRT,12.3,D,0.51,0.5,,,,,,firms,VIIRS,VIIRS_NOAA21_NRT
1.24658,121.18671,2026-05-13,510,N21,n,2.0NRT,4.06,D,0.44,0.39,,,,,,firms,VIIRS,VIIRS_NOAA21_NRT
1.81319,125.12929,2026-05-13,510,N21,l,2.0NRT,5.85,D,0.4,0.37,,,,,,firms,VIIRS,VIIRS_NOAA21_NRT
3.28793,113.08025,2026-05-13,510,N21,n,2.0NRT,7.05,D,0.46,0.63,,,,,,firms,VIIRS,VIIRS_NOAA21_NRT
3.28862,113.08435,2026-05-13,510,N21,n,2.0NRT,7.05,D,0.46,0.63,,,,,,firms,VIIRS,VIIRS_NOAA21_NRT
3.52519,113.31418,2026-05-13,510,N21,n,2.0NRT,6.19,D,0.44,0.62,,,,,,firms,VIIRS,VIIRS_NOAA21_NRT
3.54299,113.35075,2026-05-13,510,N21,n,2.0NRT,4.95,D,0.43,0.62,,,,,,firms,VIIRS,VIIRS_NOAA21_NRT
-3.80773,103.8207,2026-05-13,650,N21,l,2.0NRT,5.11,D,0.53,0.42,,,,,,firms,VIIRS,VIIRS_NOAA21_NRT
-1.70712,106.02284,2026-05-13,650,N21,n,2.0NRT,3.11,D,0.52,0.5,,,,,,firms,VIIRS,VIIRS_NOAA21_NRT
2.70357,101.56271,2026-05-13,652,N21,n,2.0NRT,13.34,D,0.48,0.4,,,,,,firms,VIIRS,VIIRS_NOAA21_NRT
2.7042,101.56697,2026-05-13,652,N21,n,2.0NRT,11.34,D,0.48,0.4,,,,,,firms,VIIRS,VIIRS_NOAA21_NRT
3.99496,102.3515,2026-05-13,652,N21,n,2.0NRT,5.14,D,0.55,0.42,,,,,,firms,VIIRS,VIIRS_NOAA21_NRT
4.55468,103.45669,2026-05-13,652,N21,n,2.0NRT,13.47,D,0.44,0.46,,,,,,firms,VIIRS,VIIRS_NOAA21_NRT
4.87666,96.71732,2026-05-13,652,N21,n,2.0NRT,1.88,D,0.39,0.36,,,,,,firms,VIIRS,VIIRS_NOAA21_NRT
