latitude,longitude,acq_date,acq_time,satellite,confidence,version,frp,daynight,scan,track,brightness,brightness_t13,brightness_t31,bright_t14,bright_t15,source_api,sensor_type,satellite_source
-8.27498,123.5031,2025-05-01,434,N21,n,2.0NRT,7.76,D,0.46,0.63,,,,,,firms,VIIRS,VIIRS_NOAA21_NRT
-8.27448,123.50249,2025-05-01,434,N21,n,2.0NRT,8.17,D,0.46,0.63,,,,,,firms,VIIRS,VIIRS_NOAA21_NRT
-5.76217,123.92471,2025-05-01,436,N21,n,2.0NRT,5.49,D,0.39,0.6,,,,,,firms,VIIRS,VIIRS_NOAA21_NRT
-4.55903,136.89235,2025-05-01,436,N21,n,2.0NRT,4.79,D,0.5,0.41,,,,,,firms,VIIRS,VIIRS_NOAA21_NRT
-3.17849,128.9203,2025-05-01,436,N21,n,2.0NRT,3.26,D,0.51,0.41,,,,,,firms,VIIRS,VIIRS_NOAA21_NRT
-3.17757,128.91719,2025-05-01,436,N21,n,2.0NRT,2.87,D,0.51,0.41,,,,,,firms,VIIRS,VIIRS_NOAA21_NRT
-2.8538,129.371,2025-05-01,436,N21,n,2.0NRT,5.87,D,0.47,0.4,,,,,,firms,VIIRS,VIIRS_NOAA21_NRT
-2.80266,129.53888,2025-05-01,436,N21,n,2.0NRT,4.54,D,0.46,0.39,,,,,,firms,VIIRS,VIIRS_NOAA21_NRT
-2.47475,133.10094,2025-05-01,436,N21,n,2.0NRT,6.48,D,0.39,0.36,,,,,,firms,VIIRS,VIIRS_NOAA21_NRT
-1.55748,134.13667,2025-05-01,436,N21,n,2.0NRT,3.96,D,0.41,0.37,,,,,,firms,VIIRS,VIIRS_NOAA21_NRT
-1.45788,127.43677,2025-05-01,436,N21,n,2.0NRT,12.19,D,0.39,0.44,,,,,,firms,VIIRS,VIIRS_NOAA21_NRT
-1.45626,127.43507,2025-05-01,436,N21,n,2.0NRT,6.83,D,0.39,0.44,,,,,,firms,VIIRS,VIIRS_NOAA21_NRT
-1.44142,132.29514,2025-05-01,436,N21,n,2.0NRT,4.1,D,0.38,0.36,,,,,,firms,VIIRS,VIIRS_NOAA21_NRT
-1.39845,122.4343,2025-05-01,436,N21,n,2.0NRT,4.78,D,0.43,0.62,,,,,,firms,VIIRS,VIIRS_NOAA21_NRT
-1.38053,132.22992,2025-05-01,436,N21,n,2.0NRT,9.27,D,0.38,0.36,,,,,,firms,VIIRS,VIIRS_NOAA21_NRT
0.47879,128.00206,2025-05-01,438,N21,l,2.0NRT,7.19,D,0.51,0.41,,,,,,firms,VIIRS,VIIRS_NOAA21_NRT
0.48039,127.99135,2025-05-01,438,N21,n,2.0NRT,6.8,D,0.51,0.41,,,,,,firms,VIIRS,VIIRS_NOAA21_NRT
0.48108,127.99597,2025-05-01,438,N21,n,2.0NRT,6.8,D,0.51,0.41,,,,,,firms,VIIRS,VIIRS_NOAA21_NRT
0.48112,127.9924,2025-05-01,438,N21,n,2.0NRT,7.76,D,0.51,0.41,,,,,,firms,VIIRS,VIIRS_NOAA21_NRT
0.48178,128.00063,2025-05-01,438,N21,n,2.0NRT,7.24,D,0.51,0.41,,,,,,firms,VIIRS,VIIRS_NOAA21_NRT
0.48185,127.99699,2025-05-01,438,N21,n,2.0NRT,7.76,D,0.51,0.41,,,,,,firms,VIIRS,VIIRS_NOAA21_NRT
0.48248,128.00528,2025-05-01,438,N21,n,2.0NRT,7.24,D,0.51,0.41,,,,,,firms,VIIRS,VIIRS_NOAA21_NRT
0.48258,128.00163,2025-05-01,438,N21,n,2.0NRT,7.19,D,0.51,0.41,,,,,,firms,VIIRS,VIIRS_NOAA21_NRT
0.48418,127.98731,2025-05-01,438,N21,n,2.0NRT,6.66,D,0.51,0.41,,,,,,firms,VIIRS,VIIRS_NOAA21_NRT
0.4849,127.9919,2025-05-01,438,N21,n,2.0NRT,11.57,D,0.51,0.41,,,,,,firms,VIIRS,VIIRS_NOAA21_NRT
0.48796,127.98683,2025-05-01,438,N21,n,2.0NRT,6.66,D,0.51,0.41,,,,,,firms,VIIRS,VIIRS_NOAA21_NRT
0.5331,122.38945,2025-05-01,438,N21,n,2.0NRT,2.82,D,0.4,0.6,,,,,,firms,VIIRS,VIIRS_NOAA21_NRT
1.49545,127.62959,2025-05-01,438,N21,n,2.0NRT,5.44,D,0.52,0.42,,,,,,firms,VIIRS,VIIRS_NOAA21_NRT
1.49616,127.63425,2025-05-01,438,N21,n,2.0NRT,12.28,D,0.52,0.42,,,,,,firms,VIIRS,VIIRS_NOAA21_NRT
-9.34849,119.90177,2025-05-01,614,N21,n,2.0NRT,10.54,D,0.5,0.66,,,,,,firms,VIIRS,VIIRS_NOAA21_NRT
-9.07991,117.0011,2025-05-01,616,N21,n,2.0NRT,3.74,D,0.32,0.54,,,,,,firms,VIIRS,VIIRS_NOAA21_NRT
-8.38649,117.13461,2025-05-01,616,N21,n,2.0NRT,4.8,D,0.34,0.56,,,,,,firms,VIIRS,VIIRS_NOAA21_NRT
-8.38494,117.13329,2025-05-01,616,N21,n,2.0NRT,2.8,D,0.33,0.56,,,,,,firms,VIIRS,VIIRS_NOAA21_NRT
-8.3844,117.13631,2025-05-01,616,N21,n,2.0NRT,2.8,D,0.33,0.56,,,,,,firms,VIIRS,VIIRS_NOAA21_NRT
-7.70418,108.99545,2025-05-01,616,N21,n,2.0NRT,6.93,D,0.39,0.36,,,,,,firms,VIIRS,VIIRS_NOAA21_NRT
-6.97141,107.69064,2025-05-01,616,N21,l,2.0NRT,2.9,D,0.39,0.36,,,,,,firms,VIIRS,VIIRS_NOAA21_NRT
-6.76248,111.96307,2025-05-01,616,N21,n,2.0NRT,2.48,D,0.5,0.41,,,,,,firms,VIIRS,VIIRS_NOAA21_NRT
-6.32796,106.57071,2025-05-01,616,N21,n,2.0NRT,2.62,D,0.4,0.37,,,,,,firms,VIIRS,VIIRS_NOAA21_NRT
-6.15151,106.93126,2025-05-01,616,N21,l,2.0NRT,2.29,D,0.39,0.37,,,,,,firms,VIIRS,VIIRS_NOAA21_NRT
-6.08785,106.69981,2025-05-01,616,N21,l,2.0NRT,2.53,D,0.4,0.37,,,,,,firms,VIIRS,VIIRS_NOAA21_NRT
-4.52685,105.04572,2025-05-01,616,N21,n,2.0NRT,5.31,D,0.44,0.38,,,,,,firms,VIIRS,VIIRS_NOAA21_NRT
-4.51419,103.28507,2025-05-01,616,N21,n,2.0NRT,7.4,D,0.54,0.42,,,,,,firms,VIIRS,VIIRS_NOAA21_NRT
-4.48212,104.37361,2025-05-01,616,N21,n,2.0NRT,3.76,D,0.47,0.4,,,,,,firms,VIIRS,VIIRS_NOAA21_NRT
-4.47037,103.08983,2025-05-01,616,N21,n,2.0NRT,5.32,D,0.56,0.43,,,,,,firms,VIIRS,VIIRS_NOAA21_NRT
-4.38008,102.96678,2025-05-01,616,N21,n,2.0NRT,5.38,D,0.57,0.43,,,,,,firms,VIIRS,VIIRS_NOAA21_NRT
-4.04348,114.88074,2025-05-01,616,N21,n,2.0NRT,8.82,D,0.55,0.51,,,,,,firms,VIIRS,VIIRS_NOAA21_NRT
-2.7819,112.34282,2025-05-01,616,N21,n,2.0NRT,44.83,D,0.39,0.44,,,,,,firms,VIIRS,VIIRS_NOAA21_NRT
-2.78062,112.34216,2025-05-01,616,N21,n,2.0NRT,44.22,D,0.39,0.44,,,,,,firms,VIIRS,VIIRS_NOAA21_NRT
-3.80858,103.81807,2025-05-01,618,N21,n,2.0NRT,5.49,D,0.5,0.41,,,,,,firms,VIIRS,VIIRS_NOAA21_NRT
-3.80486,103.81753,2025-05-01,618,N21,n,2.0NRT,5.49,D,0.5,0.41,,,,,,firms,VIIRS,VIIRS_NOAA21_NRT
-3.7791,104.04168,2025-05-01,618,N21,n,2.0NRT,4.8,D,0.48,0.4,,,,,,firms,VIIRS,VIIRS_NOAA21_NRT
-3.77542,104.04115,2025-05-01,618,N21,n,2.0NRT,4.48,D,0.48,0.4,,,,,,firms,VIIRS,VIIRS_NOAA21_NRT
-3.62149,105.40024,2025-05-01,618,N21,n,2.0NRT,3.97,D,0.42,0.38,,,,,,firms,VIIRS,VIIRS_NOAA21_NRT
-3.56652,104.33218,2025-05-01,618,N21,n,2.0NRT,16.62,D,0.46,0.39,,,,,,firms,VIIRS,VIIRS_NOAA21_NRT
-3.53119,104.54059,2025-05-01,618,N21,n,2.0NRT,3.6,D,0.45,0.39,,,,,,firms,VIIRS,VIIRS_NOAA21_NRT
-3.50847,102.15771,2025-05-01,618,N21,n,2.0NRT,17.9,D,0.41,0.45,,,,,,firms,VIIRS,VIIRS_NOAA21_NRT
-3.43179,104.57592,2025-05-01,618,N21,n,2.0NRT,8.92,D,0.45,0.39,,,,,,firms,VIIRS,VIIRS_NOAA21_NRT
-3.4313,104.57552,2025-05-01,618,N21,n,2.0NRT,8.21,D,0.45,0.39,,,,,,firms,VIIRS,VIIRS_NOAA21_NRT
-3.40587,104.5309,2025-05-01,618,N21,n,2.0NRT,22.89,D,0.45,0.39,,,,,,firms,VIIRS,VIIRS_NOAA21_NRT
-3.29407,103.11323,2025-05-01,618,N21,n,2.0NRT,5.23,D,0.54,0.42,,,,,,firms,VIIRS,VIIRS_NOAA21_NRT
-3.2444,108.07857,2025-05-01,618,N21,n,2.0NRT,2.51,D,0.39,0.36,,,,,,firms,VIIRS,VIIRS_NOAA21_NRT
-3.24109,108.07806,2025-05-01,618,N21,n,2.0NRT,6.86,D,0.39,0.36,,,,,,firms,VIIRS,VIIRS_NOAA21_NRT
-3.22638,108.06077,2025-05-01,618,N21,n,2.0NRT,6.67,D,0.39,0.36,,,,,,firms,VIIRS,VIIRS_NOAA21_NRT
-3.16293,103.34085,2025-05-01,618,N21,n,2.0NRT,15.01,D,0.52,0.41,,,,,,firms,VIIRS,VIIRS_NOAA21_NRT
-3.08741,106.65386,2025-05-01,618,N21,n,2.0NRT,2.18,D,0.39,0.36,,,,,,firms,VIIRS,VIIRS_NOAA21_NRT
-2.82587,106.31716,2025-05-01,618,N21,n,2.0NRT,3.77,D,0.39,0.36,,,,,,firms,VIIRS,VIIRS_NOAA21_NRT
-2.80867,106.31817,2025-05-01,618,N21,n,2.0NRT,2.21,D,0.39,0.36,,,,,,firms,VIIRS,VIIRS_NOAA21_NRT
-2.80496,108.19405,2025-05-01,618,N21,n,2.0NRT,3.41,D,0.39,0.36,,,,,,firms,VIIRS,VIIRS_NOAA21_NRT
-2.7468,106.27665,2025-05-01,618,N21,n,2.0NRT,5.06,D,0.39,0.36,,,,,,firms,VIIRS,VIIRS_NOAA21_NRT
-2.72106,110.32496,2025-05-01,618,N21,n,2.0NRT,8.5,D,0.46,0.39,,,,,,firms,VIIRS,VIIRS_NOAA21_NRT
-2.72043,110.32904,2025-05-01,618,N21,n,2.0NRT,8.5,D,0.46,0.39,,,,,,firms,VIIRS,VIIRS_NOAA21_NRT
-2.71875,110.31625,2025-05-01,618,N21,n,2.0NRT,4.57,D,0.46,0.39,,,,,,firms,VIIRS,VIIRS_NOAA21_NRT
-2.71812,110.32033,2025-05-01,618,N21,n,2.0NRT,4.57,D,0.46,0.39,,,,,,firms,VIIRS,VIIRS_NOAA21_NRT
-2.71748,110.32441,2025-05-01,618,N21,n,2.0NRT,6.54,D,0.46,0.39,,,,,,firms,VIIRS,VIIRS_NOAA21_NRT
-2.71661,106.07352,2025-05-01,618,N21,n,2.0NRT,2.85,D,0.4,0.37,,,,,,firms,VIIRS,VIIRS_NOAA21_NRT
-2.71459,106.19949,2025-05-01,618,N21,n,2.0NRT,6.78,D,0.39,0.36,,,,,,firms,VIIRS,VIIRS_NOAA21_NRT
-2.69492,106.08115,2025-05-01,618,N21,n,2.0NRT,23.06,D,0.4,0.37,,,,,,firms,VIIRS,VIIRS_NOAA21_NRT
-2.49128,103.57384,2025-05-01,618,N21,n,2.0NRT,4.53,D,0.49,0.41,,,,,,firms,VIIRS,VIIRS_NOAA21_NRT
-2.44904,106.29143,2025-05-01,618,N21,n,2.0NRT,2.05,D,0.39,0.36,,,,,,firms,VIIRS,VIIRS_NOAA21_NRT
-2.39824,110.97823,2025-05-01,618,N21,n,2.0NRT,4.81,D,0.5,0.41,,,,,,firms,VIIRS,VIIRS_NOAA21_NRT
-2.37644,110.16146,2025-05-01,618,N21,n,2.0NRT,5.27,D,0.45,0.39,,,,,,firms,VIIRS,VIIRS_NOAA21_NRT
-2.30367,110.25961,2025-05-01,618,N21,n,2.0NRT,9.78,D,0.46,0.39,,,,,,firms,VIIRS,VIIRS_NOAA21_NRT
-2.29994,112.6637,2025-05-01,618,N21,n,2.0NRT,3.31,D,0.42,0.45,,,,,,firms,VIIRS,VIIRS_NOAA21_NRT
-2.19537,103.4526,2025-05-01,618,N21,n,2.0NRT,5.04,D,0.5,0.41,,,,,,firms,VIIRS,VIIRS_NOAA21_NRT
-2.19389,103.45169,2025-05-01,618,N21,n,2.0NRT,4.48,D,0.5,0.41,,,,,,firms,VIIRS,VIIRS_NOAA21_NRT
-2.10665,110.75705,2025-05-01,618,N21,n,2.0NRT,15.28,D,0.49,0.4,,,,,,firms,VIIRS,VIIRS_NOAA21_NRT
-1.9162,111.53724,2025-05-01,618,N21,n,2.0NRT,8.28,D,0.54,0.42,,,,,,firms,VIIRS,VIIRS_NOAA21_NRT
-1.89467,115.86218,2025-05-01,618,N21,n,2.0NRT,4.03,D,0.35,0.57,,,,,,firms,VIIRS,VIIRS_NOAA21_NRT
-1.15714,114.1744,2025-05-01,618,N21,n,2.0NRT,7.79,D,0.55,0.51,,,,,,firms,VIIRS,VIIRS_NOAA21_NRT
-1.11269,109.47493,2025-05-01,618,N21,n,2.0NRT,2.53,D,0.44,0.38,,,,,,firms,VIIRS,VIIRS_NOAA21_NRT
-0.23329,111.96092,2025-05-01,618,N21,n,2.0NRT,3.02,D,0.41,0.45,,,,,,firms,VIIRS,VIIRS_NOAA21_NRT
0.05403,110.21757,2025-05-01,618,N21,n,2.0NRT,21.13,D,0.49,0.4,,,,,,firms,VIIRS,VIIRS_NOAA21_NRT
0.10028,110.07859,2025-05-01,618,N21,n,2.0NRT,9.54,D,0.48,0.4,,,,,,firms,VIIRS,VIIRS_NOAA21_NRT
0.19053,100.77988,2025-05-01,618,N21,n,2.0NRT,56.18,D,0.45,0.47,,,,,,firms,VIIRS,VIIRS_NOAA21_NRT
0.41569,109.03757,2025-05-01,618,N21,n,2.0NRT,3.67,D,0.43,0.38,,,,,,firms,VIIRS,VIIRS_NOAA21_NRT
0.76258,111.37635,2025-05-01,618,N21,n,2.0NRT,3.02,D,0.39,0.44,,,,,,firms,VIIRS,VIIRS_NOAA21_NRT
0.96631,112.89469,2025-05-01,618,N21,n,2.0NRT,5.7,D,0.49,0.48,,,,,,firms,VIIRS,VIIRS_NOAA21_NRT
1.22947,109.94222,2025-05-01,618,N21,n,2.0NRT,4.29,D,0.48,0.4,,,,,,firms,VIIRS,VIIRS_NOAA21_NRT
1.2612,109.9285,2025-05-01,618,N21,n,2.0NRT,10.74,D,0.48,0.4,,,,,,firms,VIIRS,VIIRS_NOAA21_NRT
1.4035,109.17677,2025-05-01,618,N21,n,2.0NRT,18.94,D,0.45,0.39,,,,,,firms,VIIRS,VIIRS_NOAA21_NRT
1.98374,113.75777,2025-05-01,618,N21,n,2.0NRT,9.4,D,0.58,0.52,,,,,,firms,VIIRS,VIIRS_NOAA21_NRT
1.98844,113.76044,2025-05-01,618,N21,n,2.0NRT,13.53,D,0.58,0.52,,,,,,firms,VIIRS,VIIRS_NOAA21_NRT
2.09093,111.72987,2025-05-01,618,N21,n,2.0NRT,4.99,D,0.42,0.45,,,,,,firms,VIIRS,VIIRS_NOAA21_NRT
2.19306,111.66093,2025-05-01,618,N21,n,2.0NRT,4.55,D,0.42,0.45,,,,,,firms,VIIRS,VIIRS_NOAA21_NRT
2.32186,111.90829,2025-05-01,618,N21,n,2.0NRT,8.44,D,0.44,0.46,,,,,,firms,VIIRS,VIIRS_NOAA21_NRT
2.56556,112.14661,2025-05-01,618,N21,n,2.0NRT,3.86,D,0.46,0.47,,,,,,firms,VIIRS,VIIRS_NOAA21_NRT
2.94881,112.91434,2025-05-01,618,N21,n,2.0NRT,6.81,D,0.52,0.5,,,,,,firms,VIIRS,VIIRS_NOAA21_NRT
2.9492,112.33141,2025-05-01,618,N21,n,2.0NRT,8.01,D,0.48,0.48,,,,,,firms,VIIRS,VIIRS_NOAA21_NRT
2.94924,112.32858,2025-05-01,618,N21,n,2.0NRT,4.58,D,0.48,0.48,,,,,,firms,VIIRS,VIIRS_NOAA21_NRT
3.27625,113.07227,2025-05-01,618,N21,n,2.0NRT,12.35,D,0.54,0.51,,,,,,firms,VIIRS,VIIRS_NOAA21_NRT
3.27645,113.06494,2025-05-01,618,N21,n,2.0NRT,15.5,D,0.54,0.51,,,,,,firms,VIIRS,VIIRS_NOAA21_NRT
3.27788,113.07445,2025-05-01,618,N21,n,2.0NRT,15.35,D,0.54,0.51,,,,,,firms,VIIRS,VIIRS_NOAA21_NRT
3.28022,113.06687,2025-05-01,618,N21,n,2.0NRT,15.25,D,0.54,0.51,,,,,,firms,VIIRS,VIIRS_NOAA21_NRT
3.28401,113.08356,2025-05-01,618,N21,n,2.0NRT,8.57,D,0.54,0.51,,,,,,firms,VIIRS,VIIRS_NOAA21_NRT
3.28765,113.08562,2025-05-01,618,N21,n,2.0NRT,14.2,D,0.54,0.51,,,,,,firms,VIIRS,VIIRS_NOAA21_NRT
3.3058,113.11262,2025-05-01,618,N21,n,2.0NRT,8.99,D,0.55,0.51,,,,,,firms,VIIRS,VIIRS_NOAA21_NRT
2.47792,102.63073,2025-05-01,620,N21,n,2.0NRT,4.76,D,0.48,0.4,,,,,,firms,VIIRS,VIIRS_NOAA21_NRT
2.96177,103.03113,2025-05-01,620,N21,n,2.0NRT,4.52,D,0.46,0.39,,,,,,firms,VIIRS,VIIRS_NOAA21_NRT
2.96253,103.03046,2025-05-01,620,N21,n,2.0NRT,3.84,D,0.46,0.39,,,,,,firms,VIIRS,VIIRS_NOAA21_NRT
3.21389,102.56467,2025-05-01,620,N21,n,2.0NRT,3.06,D,0.48,0.4,,,,,,firms,VIIRS,VIIRS_NOAA21_NRT
3.28572,102.90008,2025-05-01,620,N21,n,2.0NRT,18.63,D,0.46,0.39,,,,,,firms,VIIRS,VIIRS_NOAA21_NRT
3.93199,98.11797,2025-05-01,620,N21,n,2.0NRT,8.41,D,0.6,0.53,,,,,,firms,VIIRS,VIIRS_NOAA21_NRT
4.01623,102.4214,2025-05-01,620,N21,n,2.0NRT,3.49,D,0.48,0.4,,,,,,firms,VIIRS,VIIRS_NOAA21_NRT
4.02275,103.3419,2025-05-01,620,N21,l,2.0NRT,5.11,D,0.43,0.38,,,,,,firms,VIIRS,VIIRS_NOAA21_NRT
4.891,101.97729,2025-05-01,620,N21,l,2.0NRT,6.16,D,0.49,0.4,,,,,,firms,VIIRS,VIIRS_NOAA21_NRT
5.37318,104.89622,2025-05-01,620,N21,n,2.0NRT,3.42,D,0.39,0.36,,,,,,firms,VIIRS,VIIRS_NOAA21_NRT
5.64045,100.58692,2025-05-01,620,N21,n,2.0NRT,2.91,D,0.38,0.43,,,,,,firms,VIIRS,VIIRS_NOAA21_NRT
5.87587,114.29843,2025-05-01,620,N21,n,2.0NRT,4.25,D,0.36,0.57,,,,,,firms,VIIRS,VIIRS_NOAA21_NRT
2.78121,125.4076,2025-05-01,1715,N21,n,2.0NRT,0.86,N,0.46,0.39,,,,,,firms,VIIRS,VIIRS_NOAA21_NRT
-3.87032,122.40193,2025-05-01,1717,N21,n,2.0NRT,0.9,N,0.4,0.37,,,,,,firms,VIIRS,VIIRS_NOAA21_NRT
-2.21126,115.50011,2025-05-01,1717,N21,n,2.0NRT,3.3,N,0.44,0.46,,,,,,firms,VIIRS,VIIRS_NOAA21_NRT
-2.21063,115.49615,2025-05-01,1717,N21,n,2.0NRT,3.07,N,0.44,0.46,,,,,,firms,VIIRS,VIIRS_NOAA21_NRT
-2.16711,115.57527,2025-05-01,1717,N21,n,2.0NRT,2.4,N,0.44,0.46,,,,,,firms,VIIRS,VIIRS_NOAA21_NRT
-1.89329,115.86763,2025-05-01,1717,N21,n,2.0NRT,3.2,N,0.42,0.45,,,,,,firms,VIIRS,VIIRS_NOAA21_NRT
-1.89269,115.8639,2025-05-01,1717,N21,n,2.0NRT,3.2,N,0.42,0.45,,,,,,firms,VIIRS,VIIRS_NOAA21_NRT
-1.85568,115.85812,2025-05-01,1717,N21,n,2.0NRT,1.93,N,0.42,0.45,,,,,,firms,VIIRS,VIIRS_NOAA21_NRT
-0.17819,119.95911,2025-05-01,1717,N21,n,2.0NRT,0.59,N,0.41,0.37,,,,,,firms,VIIRS,VIIRS_NOAA21_NRT
0.68639,117.46478,2025-05-01,1717,N21,n,2.0NRT,1.45,N,0.55,0.42,,,,,,firms,VIIRS,VIIRS_NOAA21_NRT
0.687,117.46822,2025-05-01,1717,N21,n,2.0NRT,1.64,N,0.55,0.42,,,,,,firms,VIIRS,VIIRS_NOAA21_NRT
0.6896,117.54446,2025-05-01,1717,N21,n,2.0NRT,1.57,N,0.54,0.42,,,,,,firms,VIIRS,VIIRS_NOAA21_NRT
0.69148,117.54318,2025-05-01,1717,N21,n,2.0NRT,2.1,N,0.54,0.42,,,,,,firms,VIIRS,VIIRS_NOAA21_NRT
-10.09244,120.71489,2025-05-01,1720,N21,n,2.0NRT,2.22,N,0.4,0.37,,,,,,firms,VIIRS,VIIRS_NOAA21_NRT
-8.92366,116.76192,2025-05-01,1720,N21,n,2.0NRT,1.12,N,0.45,0.39,,,,,,firms,VIIRS,VIIRS_NOAA21_NRT
-8.5396,122.76973,2025-05-01,1720,N21,n,2.0NRT,0.7,N,0.45,0.39,,,,,,firms,VIIRS,VIIRS_NOAA21_NRT
-8.53902,122.76579,2025-05-01,1720,N21,n,2.0NRT,0.7,N,0.45,0.39,,,,,,firms,VIIRS,VIIRS_NOAA21_NRT
-8.47539,118.12995,2025-05-01,1720,N21,n,2.0NRT,0.49,N,0.41,0.37,,,,,,firms,VIIRS,VIIRS_NOAA21_NRT
-8.27471,123.51162,2025-05-01,1720,N21,n,2.0NRT,4.55,N,0.49,0.4,,,,,,firms,VIIRS,VIIRS_NOAA21_NRT
-8.27398,123.50666,2025-05-01,1720,N21,n,2.0NRT,4.55,N,0.49,0.4,,,,,,firms,VIIRS,VIIRS_NOAA21_NRT
-8.11207,112.92403,2025-05-01,1720,N21,n,2.0NRT,20.41,N,0.53,0.5,,,,,,firms,VIIRS,VIIRS_NOAA21_NRT
-8.11171,112.92319,2025-05-01,1720,N21,n,2.0NRT,37.84,N,0.53,0.5,,,,,,firms,VIIRS,VIIRS_NOAA21_NRT
-8.11123,112.91929,2025-05-01,1720,N21,n,2.0NRT,20.41,N,0.53,0.5,,,,,,firms,VIIRS,VIIRS_NOAA21_NRT
-7.23565,109.20263,2025-05-01,1720,N21,n,2.0NRT,0.75,N,0.49,0.65,,,,,,firms,VIIRS,VIIRS_NOAA21_NRT
-6.76205,111.96057,2025-05-01,1720,N21,n,2.0NRT,1.95,N,0.32,0.55,,,,,,firms,VIIRS,VIIRS_NOAA21_NRT
-6.54788,108.09402,2025-05-01,1720,N21,n,2.0NRT,2.28,N,0.6,0.71,,,,,,firms,VIIRS,VIIRS_NOAA21_NRT
-3.86308,115.19454,2025-05-01,1720,N21,n,2.0NRT,2.26,N,0.43,0.46,,,,,,firms,VIIRS,VIIRS_NOAA21_NRT
1.3783,104.15979,2025-05-01,1858,N21,n,2.0NRT,2.94,N,0.57,0.52,,,,,,firms,VIIRS,VIIRS_NOAA21_NRT
1.37896,104.16207,2025-05-01,1858,N21,n,2.0NRT,2.0,N,0.57,0.52,,,,,,firms,VIIRS,VIIRS_NOAA21_NRT
5.22185,97.07235,2025-05-01,1858,N21,n,2.0NRT,1.08,N,0.39,0.36,,,,,,firms,VIIRS,VIIRS_NOAA21_NRT
5.37842,100.37674,2025-05-01,1858,N21,n,2.0NRT,1.55,N,0.45,0.39,,,,,,firms,VIIRS,VIIRS_NOAA21_NRT
-6.27012,107.20001,2025-05-01,1900,N21,n,2.0NRT,3.98,N,0.61,0.71,,,,,,firms,VIIRS,VIIRS_NOAA21_NRT
-6.26978,107.19749,2025-05-01,1900,N21,n,2.0NRT,4.28,N,0.61,0.71,,,,,,firms,VIIRS,VIIRS_NOAA21_NRT
-6.00845,105.98367,2025-05-01,1900,N21,n,2.0NRT,2.08,N,0.5,0.66,,,,,,firms,VIIRS,VIIRS_NOAA21_NRT
-3.31572,104.12025,2025-05-01,1900,N21,n,2.0NRT,1.02,N,0.34,0.56,,,,,,firms,VIIRS,VIIRS_NOAA21_NRT
-2.87353,106.40717,2025-05-01,1900,N21,n,2.0NRT,0.9,N,0.48,0.65,,,,,,firms,VIIRS,VIIRS_NOAA21_NRT
-4.39497,140.45288,2025-05-02,417,N21,n,2.0NRT,8.78,D,0.44,0.38,,,,,,firms,VIIRS,VIIRS_NOAA21_NRT
-4.35626,140.40219,2025-05-02,417,N21,n,2.0NRT,6.31,D,0.44,0.38,,,,,,firms,VIIRS,VIIRS_NOAA21_NRT
-3.51116,126.20107,2025-05-02,417,N21,n,2.0NRT,10.56,D,0.54,0.68,,,,,,firms,VIIRS,VIIRS_NOAA21_NRT
-2.57733,140.5847,2025-05-02,417,N21,n,2.0NRT,7.28,D,0.47,0.39,,,,,,firms,VIIRS,VIIRS_NOAA21_NRT
-1.81911,136.75206,2025-05-02,417,N21,n,2.0NRT,3.47,D,0.39,0.36,,,,,,firms,VIIRS,VIIRS_NOAA21_NRT
0.4793,127.99281,2025-05-02,417,N21,n,2.0NRT,5.19,D,0.35,0.57,,,,,,firms,VIIRS,VIIRS_NOAA21_NRT
0.47951,128.0049,2025-05-02,417,N21,n,2.0NRT,10.5,D,0.35,0.57,,,,,,firms,VIIRS,VIIRS_NOAA21_NRT
0.47982,127.99601,2025-05-02,417,N21,n,2.0NRT,5.19,D,0.35,0.57,,,,,,firms,VIIRS,VIIRS_NOAA21_NRT
0.48032,127.99911,2025-05-02,417,N21,n,2.0NRT,5.14,D,0.35,0.57,,,,,,firms,VIIRS,VIIRS_NOAA21_NRT
0.48083,128.0023,2025-05-02,417,N21,n,2.0NRT,5.14,D,0.35,0.57,,,,,,firms,VIIRS,VIIRS_NOAA21_NRT
0.48137,128.00565,2025-05-02,417,N21,n,2.0NRT,6.71,D,0.35,0.57,,,,,,firms,VIIRS,VIIRS_NOAA21_NRT
0.4823,127.98847,2025-05-02,417,N21,n,2.0NRT,6.28,D,0.35,0.57,,,,,,firms,VIIRS,VIIRS_NOAA21_NRT
0.48279,127.99168,2025-05-02,417,N21,n,2.0NRT,6.28,D,0.35,0.57,,,,,,firms,VIIRS,VIIRS_NOAA21_NRT
0.48328,127.99492,2025-05-02,417,N21,n,2.0NRT,12.53,D,0.35,0.57,,,,,,firms,VIIRS,VIIRS_NOAA21_NRT
0.48401,127.98904,2025-05-02,417,N21,n,2.0NRT,10.02,D,0.35,0.57,,,,,,firms,VIIRS,VIIRS_NOAA21_NRT
0.48453,127.99226,2025-05-02,417,N21,n,2.0NRT,5.19,D,0.35,0.57,,,,,,firms,VIIRS,VIIRS_NOAA21_NRT
0.48877,127.98557,2025-05-02,417,N21,n,2.0NRT,4.74,D,0.35,0.57,,,,,,firms,VIIRS,VIIRS_NOAA21_NRT
0.51168,127.89518,2025-05-02,417,N21,n,2.0NRT,6.34,D,0.36,0.57,,,,,,firms,VIIRS,VIIRS_NOAA21_NRT
1.69969,127.87689,2025-05-02,417,N21,n,2.0NRT,10.19,D,0.34,0.56,,,,,,firms,VIIRS,VIIRS_NOAA21_NRT
1.70019,127.88,2025-05-02,417,N21,n,2.0NRT,10.2,D,0.34,0.56,,,,,,firms,VIIRS,VIIRS_NOAA21_NRT
-2.85359,129.64548,2025-05-02,419,N21,n,2.0NRT,5.83,D,0.61,0.53,,,,,,firms,VIIRS,VIIRS_NOAA21_NRT
-1.5644,127.42624,2025-05-02,419,N21,n,2.0NRT,3.87,D,0.42,0.61,,,,,,firms,VIIRS,VIIRS_NOAA21_NRT
-1.55887,127.42519,2025-05-02,419,N21,n,2.0NRT,3.87,D,0.42,0.61,,,,,,firms,VIIRS,VIIRS_NOAA21_NRT
-9.08828,117.07234,2025-05-02,555,N21,n,2.0NRT,4.47,D,0.48,0.4,,,,,,firms,VIIRS,VIIRS_NOAA21_NRT
-9.07808,116.97241,2025-05-02,555,N21,n,2.0NRT,2.7,D,0.48,0.4,,,,,,firms,VIIRS,VIIRS_NOAA21_NRT
-8.78562,117.78306,2025-05-02,555,N21,n,2.0NRT,5.68,D,0.53,0.42,,,,,,firms,VIIRS,VIIRS_NOAA21_NRT
-8.76925,117.79731,2025-05-02,555,N21,n,2.0NRT,4.06,D,0.54,0.42,,,,,,firms,VIIRS,VIIRS_NOAA21_NRT
-8.52583,118.17802,2025-05-02,555,N21,n,2.0NRT,8.69,D,0.57,0.43,,,,,,firms,VIIRS,VIIRS_NOAA21_NRT
-8.51571,118.16567,2025-05-02,555,N21,n,2.0NRT,7.51,D,0.57,0.43,,,,,,firms,VIIRS,VIIRS_NOAA21_NRT
-8.46929,118.58916,2025-05-02,555,N21,n,2.0NRT,2.52,D,0.4,0.44,,,,,,firms,VIIRS,VIIRS_NOAA21_NRT
-8.30314,113.64417,2025-05-02,555,N21,n,2.0NRT,2.21,D,0.38,0.36,,,,,,firms,VIIRS,VIIRS_NOAA21_NRT
-8.1025,112.1889,2025-05-02,555,N21,n,2.0NRT,2.33,D,0.39,0.36,,,,,,firms,VIIRS,VIIRS_NOAA21_NRT
-7.00437,110.35614,2025-05-02,557,N21,n,2.0NRT,4.1,D,0.44,0.38,,,,,,firms,VIIRS,VIIRS_NOAA21_NRT
-6.97241,107.68915,2025-05-02,557,N21,l,2.0NRT,5.59,D,0.41,0.45,,,,,,firms,VIIRS,VIIRS_NOAA21_NRT
-6.86165,108.98263,2025-05-02,557,N21,n,2.0NRT,8.45,D,0.51,0.41,,,,,,firms,VIIRS,VIIRS_NOAA21_NRT
-6.86105,108.98367,2025-05-02,557,N21,n,2.0NRT,5.36,D,0.51,0.41,,,,,,firms,VIIRS,VIIRS_NOAA21_NRT
-6.78315,110.794,2025-05-02,557,N21,n,2.0NRT,3.31,D,0.42,0.38,,,,,,firms,VIIRS,VIIRS_NOAA21_NRT
-5.49483,105.49707,2025-05-02,557,N21,n,2.0NRT,7.52,D,0.55,0.51,,,,,,firms,VIIRS,VIIRS_NOAA21_NRT
-4.81819,105.66724,2025-05-02,557,N21,n,2.0NRT,17.61,D,0.52,0.5,,,,,,firms,VIIRS,VIIRS_NOAA21_NRT
-4.81362,105.6666,2025-05-02,557,N21,n,2.0NRT,17.61,D,0.52,0.5,,,,,,firms,VIIRS,VIIRS_NOAA21_NRT
-4.81295,105.67123,2025-05-02,557,N21,h,2.0NRT,17.61,D,0.52,0.5,,,,,,firms,VIIRS,VIIRS_NOAA21_NRT
-4.70053,105.19305,2025-05-02,557,N21,n,2.0NRT,5.75,D,0.56,0.51,,,,,,firms,VIIRS,VIIRS_NOAA21_NRT
-4.69729,105.19595,2025-05-02,557,N21,n,2.0NRT,5.38,D,0.56,0.51,,,,,,firms,VIIRS,VIIRS_NOAA21_NRT
-4.33829,121.61496,2025-05-02,557,N21,n,2.0NRT,2.72,D,0.38,0.58,,,,,,firms,VIIRS,VIIRS_NOAA21_NRT
-3.82383,119.62877,2025-05-02,557,N21,n,2.0NRT,2.74,D,0.56,0.51,,,,,,firms,VIIRS,VIIRS_NOAA21_NRT
-3.82161,119.61308,2025-05-02,557,N21,n,2.0NRT,2.87,D,0.56,0.51,,,,,,firms,VIIRS,VIIRS_NOAA21_NRT
-3.02454,107.82098,2025-05-02,557,N21,n,2.0NRT,9.45,D,0.54,0.42,,,,,,firms,VIIRS,VIIRS_NOAA21_NRT
-3.02211,107.82249,2025-05-02,557,N21,n,2.0NRT,16.85,D,0.53,0.42,,,,,,firms,VIIRS,VIIRS_NOAA21_NRT
-3.02069,107.82043,2025-05-02,557,N21,n,2.0NRT,3.65,D,0.54,0.42,,,,,,firms,VIIRS,VIIRS_NOAA21_NRT
-2.98673,107.6647,2025-05-02,557,N21,n,2.0NRT,8.61,D,0.55,0.42,,,,,,firms,VIIRS,VIIRS_NOAA21_NRT
-2.85304,110.47051,2025-05-02,557,N21,n,2.0NRT,2.6,D,0.4,0.37,,,,,,firms,VIIRS,VIIRS_NOAA21_NRT
-2.82271,122.13371,2025-05-02,557,N21,n,2.0NRT,4.42,D,0.43,0.62,,,,,,firms,VIIRS,VIIRS_NOAA21_NRT
-2.79343,106.34568,2025-05-02,557,N21,n,2.0NRT,4.27,D,0.44,0.46,,,,,,firms,VIIRS,VIIRS_NOAA21_NRT
-2.75409,112.33375,2025-05-02,557,N21,n,2.0NRT,3.52,D,0.38,0.36,,,,,,firms,VIIRS,VIIRS_NOAA21_NRT
-2.71275,112.62696,2025-05-02,557,N21,n,2.0NRT,4.83,D,0.39,0.36,,,,,,firms,VIIRS,VIIRS_NOAA21_NRT
-2.68821,119.14767,2025-05-02,557,N21,n,2.0NRT,7.51,D,0.54,0.51,,,,,,firms,VIIRS,VIIRS_NOAA21_NRT
-2.65943,119.18565,2025-05-02,557,N21,n,2.0NRT,8.61,D,0.54,0.51,,,,,,firms,VIIRS,VIIRS_NOAA21_NRT
-2.57901,121.37382,2025-05-02,557,N21,n,2.0NRT,27.64,D,0.39,0.59,,,,,,firms,VIIRS,VIIRS_NOAA21_NRT
-2.57841,121.37745,2025-05-02,557,N21,l,2.0NRT,27.64,D,0.39,0.59,,,,,,firms,VIIRS,VIIRS_NOAA21_NRT
-2.57781,121.3811,2025-05-02,557,N21,n,2.0NRT,22.32,D,0.39,0.59,,,,,,firms,VIIRS,VIIRS_NOAA21_NRT
-2.39594,105.85054,2025-05-02,557,N21,n,2.0NRT,3.39,D,0.47,0.47,,,,,,firms,VIIRS,VIIRS_NOAA21_NRT
-2.21765,112.15073,2025-05-02,557,N21,n,2.0NRT,4.71,D,0.38,0.36,,,,,,firms,VIIRS,VIIRS_NOAA21_NRT
-2.11155,112.46889,2025-05-02,557,N21,n,2.0NRT,3.9,D,0.39,0.36,,,,,,firms,VIIRS,VIIRS_NOAA21_NRT
-1.93696,105.24593,2025-05-02,557,N21,n,2.0NRT,3.63,D,0.5,0.49,,,,,,firms,VIIRS,VIIRS_NOAA21_NRT
-1.87326,112.26894,2025-05-02,557,N21,n,2.0NRT,20.69,D,0.39,0.36,,,,,,firms,VIIRS,VIIRS_NOAA21_NRT
-1.72353,112.42574,2025-05-02,557,N21,n,2.0NRT,4.37,D,0.39,0.36,,,,,,firms,VIIRS,VIIRS_NOAA21_NRT
-1.60698,112.96404,2025-05-02,557,N21,n,2.0NRT,6.3,D,0.39,0.37,,,,,,firms,VIIRS,VIIRS_NOAA21_NRT
-1.60636,112.94592,2025-05-02,557,N21,n,2.0NRT,18.23,D,0.39,0.37,,,,,,firms,VIIRS,VIIRS_NOAA21_NRT
-1.60364,112.96353,2025-05-02,557,N21,n,2.0NRT,30.66,D,0.39,0.37,,,,,,firms,VIIRS,VIIRS_NOAA21_NRT
-1.60302,112.94541,2025-05-02,557,N21,n,2.0NRT,18.23,D,0.39,0.37,,,,,,firms,VIIRS,VIIRS_NOAA21_NRT
-1.57042,112.96165,2025-05-02,557,N21,n,2.0NRT,3.99,D,0.39,0.37,,,,,,firms,VIIRS,VIIRS_NOAA21_NRT
-0.85439,110.47754,2025-05-02,557,N21,n,2.0NRT,16.36,D,0.39,0.37,,,,,,firms,VIIRS,VIIRS_NOAA21_NRT
-0.01349,110.57345,2025-05-02,559,N21,l,2.0NRT,3.66,D,0.39,0.36,,,,,,firms,VIIRS,VIIRS_NOAA21_NRT
0.05774,110.03948,2025-05-02,559,N21,n,2.0NRT,9.85,D,0.4,0.37,,,,,,firms,VIIRS,VIIRS_NOAA21_NRT
0.20193,109.74196,2025-05-02,559,N21,n,2.0NRT,11.5,D,0.41,0.37,,,,,,firms,VIIRS,VIIRS_NOAA21_NRT
0.23123,110.95218,2025-05-02,559,N21,n,2.0NRT,9.05,D,0.39,0.36,,,,,,firms,VIIRS,VIIRS_NOAA21_NRT
0.43458,109.0004,2025-05-02,559,N21,n,2.0NRT,9.52,D,0.43,0.38,,,,,,firms,VIIRS,VIIRS_NOAA21_NRT
4.25388,103.3935,2025-05-02,559,N21,n,2.0NRT,6.01,D,0.54,0.51,,,,,,firms,VIIRS,VIIRS_NOAA21_NRT
0.51012,127.89581,2025-05-02,1658,N21,n,2.0NRT,0.97,N,0.4,0.37,,,,,,firms,VIIRS,VIIRS_NOAA21_NRT
0.68904,117.54382,2025-05-02,1658,N21,n,2.0NRT,2.72,N,0.38,0.58,,,,,,firms,VIIRS,VIIRS_NOAA21_NRT
2.78087,125.40405,2025-05-02,1658,N21,n,2.0NRT,0.33,N,0.41,0.37,,,,,,firms,VIIRS,VIIRS_NOAA21_NRT
-5.43343,119.89169,2025-05-02,1700,N21,n,2.0NRT,1.34,N,0.42,0.45,,,,,,firms,VIIRS,VIIRS_NOAA21_NRT
-5.43278,119.88772,2025-05-02,1700,N21,n,2.0NRT,1.22,N,0.42,0.45,,,,,,firms,VIIRS,VIIRS_NOAA21_NRT
-5.43199,119.89111,2025-05-02,1700,N21,n,2.0NRT,1.79,N,0.42,0.45,,,,,,firms,VIIRS,VIIRS_NOAA21_NRT
-2.21105,115.49873,2025-05-02,1700,N21,n,2.0NRT,1.31,N,0.47,0.64,,,,,,firms,VIIRS,VIIRS_NOAA21_NRT
-2.21072,115.50007,2025-05-02,1700,N21,n,2.0NRT,2.47,N,0.47,0.64,,,,,,firms,VIIRS,VIIRS_NOAA21_NRT
-1.56314,127.42771,2025-05-02,1700,N21,n,2.0NRT,3.4,N,0.4,0.37,,,,,,firms,VIIRS,VIIRS_NOAA21_NRT
-1.55979,127.42825,2025-05-02,1700,N21,n,2.0NRT,2.59,N,0.4,0.37,,,,,,firms,VIIRS,VIIRS_NOAA21_NRT
-1.53136,127.42175,2025-05-02,1700,N21,n,2.0NRT,1.34,N,0.4,0.37,,,,,,firms,VIIRS,VIIRS_NOAA21_NRT
-1.459,127.43626,2025-05-02,1700,N21,n,2.0NRT,12.51,N,0.4,0.37,,,,,,firms,VIIRS,VIIRS_NOAA21_NRT
-1.38338,122.48161,2025-05-02,1700,N21,n,2.0NRT,2.68,N,0.5,0.41,,,,,,firms,VIIRS,VIIRS_NOAA21_NRT
-0.58214,117.38404,2025-05-02,1700,N21,n,2.0NRT,1.42,N,0.37,0.58,,,,,,firms,VIIRS,VIIRS_NOAA21_NRT
0.10931,117.47338,2025-05-02,1700,N21,n,2.0NRT,0.55,N,0.37,0.58,,,,,,firms,VIIRS,VIIRS_NOAA21_NRT
-8.53943,122.76915,2025-05-02,1702,N21,n,2.0NRT,2.08,N,0.41,0.37,,,,,,firms,VIIRS,VIIRS_NOAA21_NRT
-8.53882,122.76538,2025-05-02,1702,N21,n,2.0NRT,2.08,N,0.41,0.37,,,,,,firms,VIIRS,VIIRS_NOAA21_NRT
-8.5354,122.76583,2025-05-02,1702,N21,n,2.0NRT,0.88,N,0.41,0.37,,,,,,firms,VIIRS,VIIRS_NOAA21_NRT
-8.27381,123.50617,2025-05-02,1702,N21,n,2.0NRT,9.72,N,0.39,0.37,,,,,,firms,VIIRS,VIIRS_NOAA21_NRT
-8.11413,112.91755,2025-05-02,1702,N21,n,2.0NRT,3.28,N,0.56,0.69,,,,,,firms,VIIRS,VIIRS_NOAA21_NRT
-8.11112,112.92386,2025-05-02,1702,N21,n,2.0NRT,4.04,N,0.56,0.69,,,,,,firms,VIIRS,VIIRS_NOAA21_NRT
-8.1098,112.91663,2025-05-02,1702,N21,n,2.0NRT,4.78,N,0.56,0.69,,,,,,firms,VIIRS,VIIRS_NOAA21_NRT
-8.10857,112.92216,2025-05-02,1702,N21,n,2.0NRT,3.28,N,0.56,0.69,,,,,,firms,VIIRS,VIIRS_NOAA21_NRT
-7.24087,111.73031,2025-05-02,1702,N21,n,2.0NRT,1.58,N,0.7,0.75,,,,,,firms,VIIRS,VIIRS_NOAA21_NRT
-6.76438,111.95747,2025-05-02,1702,N21,n,2.0NRT,2.78,N,0.68,0.74,,,,,,firms,VIIRS,VIIRS_NOAA21_NRT
3.60464,112.41064,2025-05-02,1838,N21,n,2.0NRT,6.77,N,0.46,0.64,,,,,,firms,VIIRS,VIIRS_NOAA21_NRT
4.14326,105.10944,2025-05-02,1838,N21,n,2.0NRT,3.06,N,0.46,0.39,,,,,,firms,VIIRS,VIIRS_NOAA21_NRT
4.14391,105.10535,2025-05-02,1838,N21,n,2.0NRT,2.99,N,0.46,0.39,,,,,,firms,VIIRS,VIIRS_NOAA21_NRT
4.55681,103.45892,2025-05-02,1838,N21,n,2.0NRT,1.41,N,0.4,0.37,,,,,,firms,VIIRS,VIIRS_NOAA21_NRT
4.56798,103.4534,2025-05-02,1838,N21,n,2.0NRT,0.59,N,0.4,0.37,,,,,,firms,VIIRS,VIIRS_NOAA21_NRT
4.65885,103.37698,2025-05-02,1838,N21,n,2.0NRT,0.69,N,0.4,0.37,,,,,,firms,VIIRS,VIIRS_NOAA21_NRT
-1.56297,103.69556,2025-05-02,1841,N21,n,2.0NRT,1.37,N,0.45,0.39,,,,,,firms,VIIRS,VIIRS_NOAA21_NRT
-1.21711,103.50188,2025-05-02,1841,N21,n,2.0NRT,0.75,N,0.44,0.38,,,,,,firms,VIIRS,VIIRS_NOAA21_NRT
-1.21618,103.41908,2025-05-02,1841,N21,n,2.0NRT,0.71,N,0.44,0.38,,,,,,firms,VIIRS,VIIRS_NOAA21_NRT
-1.21473,103.41828,2025-05-02,1841,N21,n,2.0NRT,1.03,N,0.44,0.38,,,,,,firms,VIIRS,VIIRS_NOAA21_NRT
-1.17297,103.35732,2025-05-02,1841,N21,n,2.0NRT,0.8,N,0.43,0.38,,,,,,firms,VIIRS,VIIRS_NOAA21_NRT
-0.98929,103.3336,2025-05-02,1841,N21,n,2.0NRT,0.95,N,0.43,0.38,,,,,,firms,VIIRS,VIIRS_NOAA21_NRT
-0.98731,103.33347,2025-05-02,1841,N21,n,2.0NRT,1.09,N,0.43,0.38,,,,,,firms,VIIRS,VIIRS_NOAA21_NRT
0.92985,104.65392,2025-05-02,1841,N21,n,2.0NRT,1.09,N,0.47,0.4,,,,,,firms,VIIRS,VIIRS_NOAA21_NRT
1.37685,104.16129,2025-05-02,1841,N21,n,2.0NRT,1.77,N,0.44,0.39,,,,,,firms,VIIRS,VIIRS_NOAA21_NRT
4.0204,103.34238,2025-05-02,1841,N21,n,2.0NRT,0.85,N,0.4,0.37,,,,,,firms,VIIRS,VIIRS_NOAA21_NRT
4.28992,103.42793,2025-05-02,1841,N21,n,2.0NRT,2.4,N,0.4,0.37,,,,,,firms,VIIRS,VIIRS_NOAA21_NRT
5.22508,97.07072,2025-05-02,1841,N21,n,2.0NRT,0.41,N,0.41,0.45,,,,,,firms,VIIRS,VIIRS_NOAA21_NRT
-6.0101,105.98342,2025-05-02,1843,N21,n,2.0NRT,2.69,N,0.47,0.48,,,,,,firms,VIIRS,VIIRS_NOAA21_NRT
-6.0095,105.97924,2025-05-02,1843,N21,n,2.0NRT,2.69,N,0.47,0.48,,,,,,firms,VIIRS,VIIRS_NOAA21_NRT
-5.99451,105.9986,2025-05-02,1843,N21,n,2.0NRT,1.31,N,0.47,0.48,,,,,,firms,VIIRS,VIIRS_NOAA21_NRT
-4.2765,140.32947,2025-05-03,357,N21,n,2.0NRT,12.96,D,0.42,0.38,,,,,,firms,VIIRS,VIIRS_NOAA21_NRT
-3.67676,138.57678,2025-05-03,357,N21,n,2.0NRT,11.07,D,0.5,0.41,,,,,,firms,VIIRS,VIIRS_NOAA21_NRT
-3.66418,138.32364,2025-05-03,357,N21,n,2.0NRT,3.44,D,0.52,0.42,,,,,,firms,VIIRS,VIIRS_NOAA21_NRT
-3.66362,138.32564,2025-05-03,357,N21,n,2.0NRT,5.18,D,0.52,0.41,,,,,,firms,VIIRS,VIIRS_NOAA21_NRT
-3.43558,140.79323,2025-05-03,357,N21,n,2.0NRT,9.62,D,0.4,0.37,,,,,,firms,VIIRS,VIIRS_NOAA21_NRT
-3.43274,140.78912,2025-05-03,357,N21,n,2.0NRT,4.34,D,0.4,0.37,,,,,,firms,VIIRS,VIIRS_NOAA21_NRT
-9.39489,119.68341,2025-05-03,538,N21,l,2.0NRT,4.46,D,0.4,0.37,,,,,,firms,VIIRS,VIIRS_NOAA21_NRT
-9.39153,119.68291,2025-05-03,538,N21,n,2.0NRT,8.19,D,0.4,0.37,,,,,,firms,VIIRS,VIIRS_NOAA21_NRT
-9.39096,119.68652,2025-05-03,538,N21,n,2.0NRT,4.67,D,0.4,0.37,,,,,,firms,VIIRS,VIIRS_NOAA21_NRT
-9.37819,119.63641,2025-05-03,538,N21,n,2.0NRT,2.28,D,0.4,0.37,,,,,,firms,VIIRS,VIIRS_NOAA21_NRT
-9.09725,117.0294,2025-05-03,538,N21,n,2.0NRT,3.37,D,0.4,0.37,,,,,,firms,VIIRS,VIIRS_NOAA21_NRT
-8.92324,116.76361,2025-05-03,538,N21,l,2.0NRT,4.0,D,0.4,0.37,,,,,,firms,VIIRS,VIIRS_NOAA21_NRT
-8.78115,117.90853,2025-05-03,538,N21,n,2.0NRT,1.81,D,0.38,0.36,,,,,,firms,VIIRS,VIIRS_NOAA21_NRT
-8.76,116.52657,2025-05-03,538,N21,n,2.0NRT,3.12,D,0.41,0.37,,,,,,firms,VIIRS,VIIRS_NOAA21_NRT
-8.56059,116.86942,2025-05-03,538,N21,n,2.0NRT,2.88,D,0.4,0.37,,,,,,firms,VIIRS,VIIRS_NOAA21_NRT
-8.44615,117.06706,2025-05-03,538,N21,n,2.0NRT,3.42,D,0.39,0.36,,,,,,firms,VIIRS,VIIRS_NOAA21_NRT
-8.40761,117.11914,2025-05-03,538,N21,n,2.0NRT,3.99,D,0.39,0.36,,,,,,firms,VIIRS,VIIRS_NOAA21_NRT
-8.40375,117.12217,2025-05-03,538,N21,n,2.0NRT,1.61,D,0.39,0.36,,,,,,firms,VIIRS,VIIRS_NOAA21_NRT
-8.39095,117.11662,2025-05-03,538,N21,n,2.0NRT,1.32,D,0.39,0.36,,,,,,firms,VIIRS,VIIRS_NOAA21_NRT
-8.38337,117.14436,2025-05-03,538,N21,n,2.0NRT,3.35,D,0.39,0.36,,,,,,firms,VIIRS,VIIRS_NOAA21_NRT
-8.37883,117.12923,2025-05-03,538,N21,n,2.0NRT,3.39,D,0.39,0.36,,,,,,firms,VIIRS,VIIRS_NOAA21_NRT
-6.76289,111.96135,2025-05-03,538,N21,n,2.0NRT,4.14,D,0.44,0.46,,,,,,firms,VIIRS,VIIRS_NOAA21_NRT
-4.69475,103.76489,2025-05-03,540,N21,n,2.0NRT,17.62,D,0.76,0.77,,,,,,firms,VIIRS,VIIRS_NOAA21_NRT
-4.69392,103.77084,2025-05-03,540,N21,n,2.0NRT,17.62,D,0.76,0.77,,,,,,firms,VIIRS,VIIRS_NOAA21_NRT
-3.86556,115.19323,2025-05-03,540,N21,n,2.0NRT,3.94,D,0.41,0.37,,,,,,firms,VIIRS,VIIRS_NOAA21_NRT
-3.60028,116.36763,2025-05-03,540,N21,n,2.0NRT,4.08,D,0.39,0.36,,,,,,firms,VIIRS,VIIRS_NOAA21_NRT
-3.42326,114.34819,2025-05-03,540,N21,n,2.0NRT,6.32,D,0.44,0.38,,,,,,firms,VIIRS,VIIRS_NOAA21_NRT
-3.42242,114.34818,2025-05-03,540,N21,n,2.0NRT,6.31,D,0.44,0.38,,,,,,firms,VIIRS,VIIRS_NOAA21_NRT
-3.22729,114.98434,2025-05-03,540,N21,n,2.0NRT,2.57,D,0.41,0.37,,,,,,firms,VIIRS,VIIRS_NOAA21_NRT
-2.7808,106.46027,2025-05-03,540,N21,n,2.0NRT,7.89,D,0.46,0.63,,,,,,firms,VIIRS,VIIRS_NOAA21_NRT
-2.72881,112.40402,2025-05-03,540,N21,n,2.0NRT,3.74,D,0.54,0.42,,,,,,firms,VIIRS,VIIRS_NOAA21_NRT
-2.72766,112.40079,2025-05-03,540,N21,n,2.0NRT,4.42,D,0.54,0.42,,,,,,firms,VIIRS,VIIRS_NOAA21_NRT
-2.66215,103.29133,2025-05-03,540,N21,n,2.0NRT,9.08,D,0.76,0.77,,,,,,firms,VIIRS,VIIRS_NOAA21_NRT
-2.42064,110.86387,2025-05-03,540,N21,n,2.0NRT,3.87,D,0.45,0.47,,,,,,firms,VIIRS,VIIRS_NOAA21_NRT
-2.28355,110.80032,2025-05-03,540,N21,n,2.0NRT,4.18,D,0.45,0.47,,,,,,firms,VIIRS,VIIRS_NOAA21_NRT
-2.21649,119.31081,2025-05-03,540,N21,n,2.0NRT,2.18,D,0.44,0.38,,,,,,firms,VIIRS,VIIRS_NOAA21_NRT
-2.0847,119.53301,2025-05-03,540,N21,n,2.0NRT,3.77,D,0.45,0.39,,,,,,firms,VIIRS,VIIRS_NOAA21_NRT
-2.08449,119.53282,2025-05-03,540,N21,n,2.0NRT,3.69,D,0.45,0.39,,,,,,firms,VIIRS,VIIRS_NOAA21_NRT
-2.02584,110.90113,2025-05-03,540,N21,n,2.0NRT,32.18,D,0.44,0.46,,,,,,firms,VIIRS,VIIRS_NOAA21_NRT
-1.99374,113.23234,2025-05-03,540,N21,n,2.0NRT,11.71,D,0.48,0.4,,,,,,firms,VIIRS,VIIRS_NOAA21_NRT
-1.88923,113.20478,2025-05-03,540,N21,n,2.0NRT,5.42,D,0.48,0.4,,,,,,firms,VIIRS,VIIRS_NOAA21_NRT
-1.88558,113.20425,2025-05-03,540,N21,n,2.0NRT,9.5,D,0.48,0.4,,,,,,firms,VIIRS,VIIRS_NOAA21_NRT
-1.79859,105.40348,2025-05-03,540,N21,n,2.0NRT,7.61,D,0.53,0.67,,,,,,firms,VIIRS,VIIRS_NOAA21_NRT
-1.79788,105.40813,2025-05-03,540,N21,n,2.0NRT,7.61,D,0.53,0.67,,,,,,firms,VIIRS,VIIRS_NOAA21_NRT
-1.79644,110.73146,2025-05-03,540,N21,n,2.0NRT,3.76,D,0.45,0.47,,,,,,firms,VIIRS,VIIRS_NOAA21_NRT
-1.7958,110.73032,2025-05-03,540,N21,n,2.0NRT,6.77,D,0.45,0.47,,,,,,firms,VIIRS,VIIRS_NOAA21_NRT
-1.71865,112.5592,2025-05-03,540,N21,n,2.0NRT,2.44,D,0.52,0.41,,,,,,firms,VIIRS,VIIRS_NOAA21_NRT
-1.45397,112.96553,2025-05-03,540,N21,n,2.0NRT,33.38,D,0.49,0.4,,,,,,firms,VIIRS,VIIRS_NOAA21_NRT
-1.42375,119.54444,2025-05-03,540,N21,n,2.0NRT,1.84,D,0.46,0.39,,,,,,firms,VIIRS,VIIRS_NOAA21_NRT
-1.27988,113.02447,2025-05-03,540,N21,n,2.0NRT,7.18,D,0.48,0.4,,,,,,firms,VIIRS,VIIRS_NOAA21_NRT
-1.26067,113.44079,2025-05-03,540,N21,n,2.0NRT,17.86,D,0.46,0.39,,,,,,firms,VIIRS,VIIRS_NOAA21_NRT
-1.24757,116.81455,2025-05-03,540,N21,n,2.0NRT,2.18,D,0.38,0.36,,,,,,firms,VIIRS,VIIRS_NOAA21_NRT
-1.21304,113.29483,2025-05-03,540,N21,n,2.0NRT,4.6,D,0.47,0.39,,,,,,firms,VIIRS,VIIRS_NOAA21_NRT
-0.72759,116.23079,2025-05-03,540,N21,n,2.0NRT,5.07,D,0.38,0.36,,,,,,firms,VIIRS,VIIRS_NOAA21_NRT
-0.60425,111.78374,2025-05-03,540,N21,n,2.0NRT,4.63,D,0.55,0.43,,,,,,firms,VIIRS,VIIRS_NOAA21_NRT
-0.38141,116.67551,2025-05-03,540,N21,n,2.0NRT,3.73,D,0.39,0.36,,,,,,firms,VIIRS,VIIRS_NOAA21_NRT
-0.33618,112.39252,2025-05-03,540,N21,n,2.0NRT,15.44,D,0.51,0.41,,,,,,firms,VIIRS,VIIRS_NOAA21_NRT
-0.23557,111.96316,2025-05-03,540,N21,n,2.0NRT,4.01,D,0.53,0.42,,,,,,firms,VIIRS,VIIRS_NOAA21_NRT
-0.23114,110.39899,2025-05-03,540,N21,n,2.0NRT,3.23,D,0.45,0.47,,,,,,firms,VIIRS,VIIRS_NOAA21_NRT
-0.1725,110.73134,2025-05-03,540,N21,n,2.0NRT,3.85,D,0.42,0.46,,,,,,firms,VIIRS,VIIRS_NOAA21_NRT
-0.17031,110.73164,2025-05-03,540,N21,n,2.0NRT,6.1,D,0.42,0.45,,,,,,firms,VIIRS,VIIRS_NOAA21_NRT
-0.16351,111.14859,2025-05-03,540,N21,n,2.0NRT,4.16,D,0.4,0.44,,,,,,firms,VIIRS,VIIRS_NOAA21_NRT
0.15601,110.15481,2025-05-03,540,N21,n,2.0NRT,2.88,D,0.46,0.47,,,,,,firms,VIIRS,VIIRS_NOAA21_NRT
0.15963,110.12061,2025-05-03,540,N21,n,2.0NRT,7.55,D,0.46,0.47,,,,,,firms,VIIRS,VIIRS_NOAA21_NRT
0.22372,109.6566,2025-05-03,540,N21,n,2.0NRT,12.65,D,0.49,0.49,,,,,,firms,VIIRS,VIIRS_NOAA21_NRT
0.33713,110.93274,2025-05-03,540,N21,n,2.0NRT,9.97,D,0.4,0.45,,,,,,firms,VIIRS,VIIRS_NOAA21_NRT
0.35896,109.2037,2025-05-03,540,N21,n,2.0NRT,4.36,D,0.53,0.5,,,,,,firms,VIIRS,VIIRS_NOAA21_NRT
0.42953,108.99533,2025-05-03,540,N21,n,2.0NRT,14.29,D,0.54,0.51,,,,,,firms,VIIRS,VIIRS_NOAA21_NRT
0.43036,108.99378,2025-05-03,540,N21,n,2.0NRT,10.78,D,0.54,0.51,,,,,,firms,VIIRS,VIIRS_NOAA21_NRT
0.43109,108.99863,2025-05-03,540,N21,n,2.0NRT,14.14,D,0.54,0.51,,,,,,firms,VIIRS,VIIRS_NOAA21_NRT
0.46412,109.6637,2025-05-03,540,N21,n,2.0NRT,7.07,D,0.49,0.48,,,,,,firms,VIIRS,VIIRS_NOAA21_NRT
0.50701,109.09667,2025-05-03,540,N21,n,2.0NRT,23.04,D,0.53,0.5,,,,,,firms,VIIRS,VIIRS_NOAA21_NRT
0.70625,122.53209,2025-05-03,540,N21,n,2.0NRT,3.62,D,0.49,0.49,,,,,,firms,VIIRS,VIIRS_NOAA21_NRT
0.71069,122.53138,2025-05-03,540,N21,n,2.0NRT,6.33,D,0.49,0.49,,,,,,firms,VIIRS,VIIRS_NOAA21_NRT
0.7676,122.52361,2025-05-03,540,N21,n,2.0NRT,10.13,D,0.49,0.49,,,,,,firms,VIIRS,VIIRS_NOAA21_NRT
0.76846,122.52224,2025-05-03,540,N21,n,2.0NRT,8.47,D,0.49,0.49,,,,,,firms,VIIRS,VIIRS_NOAA21_NRT
0.80575,120.68501,2025-05-03,540,N21,n,2.0NRT,3.14,D,0.56,0.43,,,,,,firms,VIIRS,VIIRS_NOAA21_NRT
0.82576,110.80264,2025-05-03,540,N21,n,2.0NRT,4.47,D,0.41,0.45,,,,,,firms,VIIRS,VIIRS_NOAA21_NRT
0.86375,112.95185,2025-05-03,540,N21,n,2.0NRT,5.67,D,0.46,0.39,,,,,,firms,VIIRS,VIIRS_NOAA21_NRT
1.06581,117.1133,2025-05-03,540,N21,n,2.0NRT,2.02,D,0.39,0.37,,,,,,firms,VIIRS,VIIRS_NOAA21_NRT
2.19513,111.31642,2025-05-03,540,N21,n,2.0NRT,5.73,D,0.54,0.42,,,,,,firms,VIIRS,VIIRS_NOAA21_NRT
2.19765,111.31849,2025-05-03,540,N21,n,2.0NRT,6.8,D,0.54,0.42,,,,,,firms,VIIRS,VIIRS_NOAA21_NRT
2.21935,111.9083,2025-05-03,540,N21,n,2.0NRT,5.42,D,0.5,0.41,,,,,,firms,VIIRS,VIIRS_NOAA21_NRT
2.24082,111.85003,2025-05-03,540,N21,l,2.0NRT,10.22,D,0.5,0.41,,,,,,firms,VIIRS,VIIRS_NOAA21_NRT
3.27351,113.05971,2025-05-03,540,N21,n,2.0NRT,4.74,D,0.43,0.38,,,,,,firms,VIIRS,VIIRS_NOAA21_NRT
3.27758,113.06301,2025-05-03,540,N21,n,2.0NRT,4.74,D,0.43,0.38,,,,,,firms,VIIRS,VIIRS_NOAA21_NRT
3.27938,113.07458,2025-05-03,540,N21,n,2.0NRT,1.86,D,0.43,0.38,,,,,,firms,VIIRS,VIIRS_NOAA21_NRT
3.28811,113.08497,2025-05-03,540,N21,n,2.0NRT,9.64,D,0.43,0.38,,,,,,firms,VIIRS,VIIRS_NOAA21_NRT
3.2893,113.09266,2025-05-03,540,N21,n,2.0NRT,5.77,D,0.43,0.38,,,,,,firms,VIIRS,VIIRS_NOAA21_NRT
3.52345,113.31203,2025-05-03,542,N21,n,2.0NRT,5.99,D,0.42,0.38,,,,,,firms,VIIRS,VIIRS_NOAA21_NRT
3.53554,113.34458,2025-05-03,542,N21,n,2.0NRT,7.13,D,0.42,0.38,,,,,,firms,VIIRS,VIIRS_NOAA21_NRT
3.5498,113.32333,2025-05-03,542,N21,l,2.0NRT,4.84,D,0.42,0.38,,,,,,firms,VIIRS,VIIRS_NOAA21_NRT
4.69976,113.94295,2025-05-03,542,N21,n,2.0NRT,2.03,D,0.4,0.37,,,,,,firms,VIIRS,VIIRS_NOAA21_NRT
-3.77665,104.25362,2025-05-03,720,N21,h,2.0NRT,17.51,D,0.65,0.73,,,,,,firms,VIIRS,VIIRS_NOAA21_NRT
-3.77253,104.24985,2025-05-03,720,N21,h,2.0NRT,17.07,D,0.65,0.73,,,,,,firms,VIIRS,VIIRS_NOAA21_NRT
-3.43996,103.29681,2025-05-03,720,N21,h,2.0NRT,24.59,D,0.56,0.69,,,,,,firms,VIIRS,VIIRS_NOAA21_NRT
-3.40034,103.26449,2025-05-03,720,N21,n,2.0NRT,10.63,D,0.56,0.69,,,,,,firms,VIIRS,VIIRS_NOAA21_NRT
-2.71005,103.2614,2025-05-03,720,N21,n,2.0NRT,4.88,D,0.58,0.69,,,,,,firms,VIIRS,VIIRS_NOAA21_NRT
-2.49044,103.53879,2025-05-03,720,N21,n,2.0NRT,2.76,D,0.61,0.71,,,,,,firms,VIIRS,VIIRS_NOAA21_NRT
-2.48989,103.53912,2025-05-03,720,N21,n,2.0NRT,3.22,D,0.61,0.71,,,,,,firms,VIIRS,VIIRS_NOAA21_NRT
-0.12526,99.7839,2025-05-03,722,N21,n,2.0NRT,3.58,D,0.36,0.58,,,,,,firms,VIIRS,VIIRS_NOAA21_NRT
0.16607,100.66879,2025-05-03,722,N21,n,2.0NRT,3.82,D,0.42,0.61,,,,,,firms,VIIRS,VIIRS_NOAA21_NRT
5.10024,96.49332,2025-05-03,722,N21,n,2.0NRT,3.74,D,0.52,0.5,,,,,,firms,VIIRS,VIIRS_NOAA21_NRT
-1.56765,127.42827,2025-05-03,1639,N21,n,2.0NRT,1.15,N,0.48,0.4,,,,,,firms,VIIRS,VIIRS_NOAA21_NRT
-1.56398,127.42885,2025-05-03,1639,N21,n,2.0NRT,1.25,N,0.48,0.4,,,,,,firms,VIIRS,VIIRS_NOAA21_NRT
-1.46008,127.43537,2025-05-03,1639,N21,n,2.0NRT,5.27,N,0.48,0.4,,,,,,firms,VIIRS,VIIRS_NOAA21_NRT
-1.45639,127.4358,2025-05-03,1639,N21,n,2.0NRT,9.34,N,0.48,0.4,,,,,,firms,VIIRS,VIIRS_NOAA21_NRT
-0.58542,117.38427,2025-05-03,1639,N21,n,2.0NRT,1.45,N,0.78,0.78,,,,,,firms,VIIRS,VIIRS_NOAA21_NRT
0.10574,117.47256,2025-05-03,1639,N21,n,2.0NRT,2.14,N,0.79,0.78,,,,,,firms,VIIRS,VIIRS_NOAA21_NRT
0.48039,127.99393,2025-05-03,1639,N21,n,2.0NRT,2.59,N,0.48,0.4,,,,,,firms,VIIRS,VIIRS_NOAA21_NRT
0.48105,127.98965,2025-05-03,1639,N21,n,2.0NRT,2.59,N,0.48,0.4,,,,,,firms,VIIRS,VIIRS_NOAA21_NRT
0.4827,128.00316,2025-05-03,1639,N21,n,2.0NRT,2.99,N,0.48,0.4,,,,,,firms,VIIRS,VIIRS_NOAA21_NRT
0.48404,127.99454,2025-05-03,1639,N21,n,2.0NRT,2.53,N,0.48,0.4,,,,,,firms,VIIRS,VIIRS_NOAA21_NRT
0.4847,127.99027,2025-05-03,1639,N21,n,2.0NRT,2.53,N,0.48,0.4,,,,,,firms,VIIRS,VIIRS_NOAA21_NRT
0.4873,127.97344,2025-05-03,1639,N21,n,2.0NRT,2.61,N,0.48,0.4,,,,,,firms,VIIRS,VIIRS_NOAA21_NRT
0.48963,127.98253,2025-05-03,1639,N21,n,2.0NRT,2.94,N,0.48,0.4,,,,,,firms,VIIRS,VIIRS_NOAA21_NRT
0.49327,127.98314,2025-05-03,1639,N21,n,2.0NRT,15.78,N,0.48,0.4,,,,,,firms,VIIRS,VIIRS_NOAA21_NRT
0.51023,127.89796,2025-05-03,1639,N21,n,2.0NRT,1.99,N,0.48,0.4,,,,,,firms,VIIRS,VIIRS_NOAA21_NRT
0.51091,127.89362,2025-05-03,1639,N21,n,2.0NRT,2.19,N,0.48,0.4,,,,,,firms,VIIRS,VIIRS_NOAA21_NRT
1.49367,127.63555,2025-05-03,1639,N21,n,2.0NRT,3.4,N,0.51,0.41,,,,,,firms,VIIRS,VIIRS_NOAA21_NRT
1.49437,127.63095,2025-05-03,1639,N21,n,2.0NRT,3.4,N,0.51,0.41,,,,,,firms,VIIRS,VIIRS_NOAA21_NRT
2.78017,125.40431,2025-05-03,1639,N21,n,2.0NRT,2.03,N,0.49,0.49,,,,,,firms,VIIRS,VIIRS_NOAA21_NRT
-8.53895,122.7655,2025-05-03,1641,N21,n,2.0NRT,2.6,N,0.49,0.49,,,,,,firms,VIIRS,VIIRS_NOAA21_NRT
-3.90384,122.42006,2025-05-03,1641,N21,n,2.0NRT,2.27,N,0.62,0.54,,,,,,firms,VIIRS,VIIRS_NOAA21_NRT
-3.90291,122.41453,2025-05-03,1641,N21,n,2.0NRT,2.27,N,0.62,0.54,,,,,,firms,VIIRS,VIIRS_NOAA21_NRT
-3.87299,122.3983,2025-05-03,1641,N21,n,2.0NRT,2.76,N,0.62,0.54,,,,,,firms,VIIRS,VIIRS_NOAA21_NRT
-3.87151,122.40825,2025-05-03,1641,N21,n,2.0NRT,4.54,N,0.62,0.54,,,,,,firms,VIIRS,VIIRS_NOAA21_NRT
-3.87057,122.40271,2025-05-03,1641,N21,n,2.0NRT,2.77,N,0.62,0.54,,,,,,firms,VIIRS,VIIRS_NOAA21_NRT
-3.86986,122.41021,2025-05-03,1641,N21,n,2.0NRT,2.38,N,0.62,0.54,,,,,,firms,VIIRS,VIIRS_NOAA21_NRT
-3.86962,122.39716,2025-05-03,1641,N21,n,2.0NRT,2.77,N,0.62,0.54,,,,,,firms,VIIRS,VIIRS_NOAA21_NRT
-3.86896,122.40467,2025-05-03,1641,N21,n,2.0NRT,2.38,N,0.62,0.54,,,,,,firms,VIIRS,VIIRS_NOAA21_NRT
-10.09323,120.71622,2025-05-03,1643,N21,n,2.0NRT,0.75,N,0.32,0.54,,,,,,firms,VIIRS,VIIRS_NOAA21_NRT
1.37871,104.16139,2025-05-03,1819,N21,n,2.0NRT,2.47,N,0.42,0.37,,,,,,firms,VIIRS,VIIRS_NOAA21_NRT
1.37919,104.15819,2025-05-03,1819,N21,n,2.0NRT,2.4,N,0.42,0.37,,,,,,firms,VIIRS,VIIRS_NOAA21_NRT
3.60483,112.41266,2025-05-03,1819,N21,n,2.0NRT,2.85,N,0.44,0.46,,,,,,firms,VIIRS,VIIRS_NOAA21_NRT
4.16491,106.22791,2025-05-03,1819,N21,n,2.0NRT,0.54,N,0.39,0.36,,,,,,firms,VIIRS,VIIRS_NOAA21_NRT
4.5571,103.45777,2025-05-03,1819,N21,n,2.0NRT,2.49,N,0.48,0.4,,,,,,firms,VIIRS,VIIRS_NOAA21_NRT
4.97851,112.98269,2025-05-03,1819,N21,n,2.0NRT,2.64,N,0.45,0.47,,,,,,firms,VIIRS,VIIRS_NOAA21_NRT
5.8233,114.3403,2025-05-03,1819,N21,n,2.0NRT,6.68,N,0.54,0.51,,,,,,firms,VIIRS,VIIRS_NOAA21_NRT
5.82792,114.34112,2025-05-03,1819,N21,n,2.0NRT,16.47,N,0.54,0.51,,,,,,firms,VIIRS,VIIRS_NOAA21_NRT
5.87753,114.29649,2025-05-03,1819,N21,n,2.0NRT,8.37,N,0.54,0.51,,,,,,firms,VIIRS,VIIRS_NOAA21_NRT
-6.76356,111.96567,2025-05-03,1821,N21,n,2.0NRT,3.42,N,0.58,0.52,,,,,,firms,VIIRS,VIIRS_NOAA21_NRT
-6.76284,111.96042,2025-05-03,1821,N21,n,2.0NRT,3.42,N,0.58,0.52,,,,,,firms,VIIRS,VIIRS_NOAA21_NRT
-6.76284,111.96127,2025-05-03,1821,N21,n,2.0NRT,4.31,N,0.58,0.52,,,,,,firms,VIIRS,VIIRS_NOAA21_NRT
-6.00536,105.98165,2025-05-03,1821,N21,n,2.0NRT,2.96,N,0.4,0.37,,,,,,firms,VIIRS,VIIRS_NOAA21_NRT
-4.28393,104.61784,2025-05-03,1821,N21,n,2.0NRT,2.62,N,0.38,0.36,,,,,,firms,VIIRS,VIIRS_NOAA21_NRT
-4.27513,104.93271,2025-05-03,1821,N21,n,2.0NRT,0.73,N,0.38,0.36,,,,,,firms,VIIRS,VIIRS_NOAA21_NRT
-3.16988,104.892,2025-05-03,1821,N21,n,2.0NRT,1.73,N,0.38,0.36,,,,,,firms,VIIRS,VIIRS_NOAA21_NRT
-2.93834,115.23707,2025-05-03,1821,N21,n,2.0NRT,0.61,N,0.43,0.62,,,,,,firms,VIIRS,VIIRS_NOAA21_NRT
-2.82416,106.31752,2025-05-03,1821,N21,n,2.0NRT,1.5,N,0.39,0.36,,,,,,firms,VIIRS,VIIRS_NOAA21_NRT
-2.21169,115.49155,2025-05-03,1821,N21,n,2.0NRT,1.89,N,0.44,0.62,,,,,,firms,VIIRS,VIIRS_NOAA21_NRT
-2.20972,115.49357,2025-05-03,1821,N21,n,2.0NRT,1.63,N,0.44,0.62,,,,,,firms,VIIRS,VIIRS_NOAA21_NRT
-2.15879,115.58131,2025-05-03,1821,N21,n,2.0NRT,0.69,N,0.44,0.63,,,,,,firms,VIIRS,VIIRS_NOAA21_NRT
-1.89678,115.85977,2025-05-03,1821,N21,n,2.0NRT,6.31,N,0.46,0.64,,,,,,firms,VIIRS,VIIRS_NOAA21_NRT
-1.89099,115.86075,2025-05-03,1821,N21,n,2.0NRT,5.13,N,0.46,0.64,,,,,,firms,VIIRS,VIIRS_NOAA21_NRT
-1.85497,115.85771,2025-05-03,1821,N21,n,2.0NRT,1.18,N,0.46,0.64,,,,,,firms,VIIRS,VIIRS_NOAA21_NRT
-1.85466,115.85742,2025-05-03,1821,N21,n,2.0NRT,1.52,N,0.46,0.64,,,,,,firms,VIIRS,VIIRS_NOAA21_NRT
-8.11573,112.92976,2025-05-03,1824,N21,h,2.0NRT,6.79,N,0.36,0.57,,,,,,firms,VIIRS,VIIRS_NOAA21_NRT
-8.11025,112.92841,2025-05-03,1824,N21,n,2.0NRT,6.79,N,0.36,0.57,,,,,,firms,VIIRS,VIIRS_NOAA21_NRT
-7.64338,110.30948,2025-05-03,1824,N21,n,2.0NRT,0.98,N,0.46,0.47,,,,,,firms,VIIRS,VIIRS_NOAA21_NRT
-3.69505,139.00037,2025-05-04,338,N21,n,2.0NRT,2.88,D,0.32,0.55,,,,,,firms,VIIRS,VIIRS_NOAA21_NRT
-9.55886,119.73489,2025-05-04,518,N21,n,2.0NRT,4.31,D,0.47,0.4,,,,,,firms,VIIRS,VIIRS_NOAA21_NRT
-8.53851,122.76894,2025-05-04,518,N21,l,2.0NRT,3.1,D,0.38,0.36,,,,,,firms,VIIRS,VIIRS_NOAA21_NRT
-8.27513,123.5089,2025-05-04,518,N21,n,2.0NRT,8.48,D,0.39,0.36,,,,,,firms,VIIRS,VIIRS_NOAA21_NRT
-8.27237,123.50477,2025-05-04,518,N21,n,2.0NRT,9.05,D,0.39,0.36,,,,,,firms,VIIRS,VIIRS_NOAA21_NRT
-8.27183,123.50832,2025-05-04,518,N21,n,2.0NRT,8.48,D,0.39,0.36,,,,,,firms,VIIRS,VIIRS_NOAA21_NRT
-8.37961,113.59348,2025-05-04,521,N21,n,2.0NRT,3.63,D,0.38,0.59,,,,,,firms,VIIRS,VIIRS_NOAA21_NRT
-4.41388,121.56901,2025-05-04,521,N21,n,2.0NRT,2.68,D,0.39,0.36,,,,,,firms,VIIRS,VIIRS_NOAA21_NRT
-4.06679,121.61689,2025-05-04,521,N21,n,2.0NRT,4.34,D,0.38,0.36,,,,,,firms,VIIRS,VIIRS_NOAA21_NRT
-4.04125,122.24968,2025-05-04,521,N21,n,2.0NRT,3.97,D,0.39,0.36,,,,,,firms,VIIRS,VIIRS_NOAA21_NRT
-4.03116,121.91734,2025-05-04,521,N21,n,2.0NRT,5.71,D,0.38,0.36,,,,,,firms,VIIRS,VIIRS_NOAA21_NRT
-4.01475,122.15755,2025-05-04,521,N21,n,2.0NRT,1.6,D,0.38,0.36,,,,,,firms,VIIRS,VIIRS_NOAA21_NRT
-3.8755,122.22366,2025-05-04,521,N21,n,2.0NRT,1.36,D,0.39,0.36,,,,,,firms,VIIRS,VIIRS_NOAA21_NRT
-3.69656,121.88229,2025-05-04,521,N21,n,2.0NRT,1.53,D,0.38,0.36,,,,,,firms,VIIRS,VIIRS_NOAA21_NRT
-3.04268,122.26572,2025-05-04,521,N21,n,2.0NRT,4.59,D,0.39,0.36,,,,,,firms,VIIRS,VIIRS_NOAA21_NRT
-2.83501,111.55392,2025-05-04,521,N21,n,2.0NRT,3.3,D,0.43,0.62,,,,,,firms,VIIRS,VIIRS_NOAA21_NRT
-2.61331,121.65206,2025-05-04,521,N21,n,2.0NRT,3.7,D,0.38,0.36,,,,,,firms,VIIRS,VIIRS_NOAA21_NRT
-2.61131,121.12849,2025-05-04,521,N21,n,2.0NRT,4.42,D,0.39,0.36,,,,,,firms,VIIRS,VIIRS_NOAA21_NRT
-2.57698,121.37641,2025-05-04,521,N21,n,2.0NRT,35.69,D,0.38,0.36,,,,,,firms,VIIRS,VIIRS_NOAA21_NRT
-2.57646,121.37982,2025-05-04,521,N21,n,2.0NRT,35.69,D,0.38,0.36,,,,,,firms,VIIRS,VIIRS_NOAA21_NRT
-2.57316,121.37933,2025-05-04,521,N21,n,2.0NRT,35.69,D,0.38,0.36,,,,,,firms,VIIRS,VIIRS_NOAA21_NRT
-2.46892,110.90949,2025-05-04,521,N21,n,2.0NRT,6.43,D,0.48,0.64,,,,,,firms,VIIRS,VIIRS_NOAA21_NRT
-2.37752,119.1924,2025-05-04,521,N21,n,2.0NRT,2.84,D,0.43,0.38,,,,,,firms,VIIRS,VIIRS_NOAA21_NRT
-2.28692,110.61807,2025-05-04,521,N21,n,2.0NRT,6.93,D,0.5,0.66,,,,,,firms,VIIRS,VIIRS_NOAA21_NRT
-2.28626,110.62244,2025-05-04,521,N21,n,2.0NRT,6.93,D,0.5,0.65,,,,,,firms,VIIRS,VIIRS_NOAA21_NRT
-2.2699,121.76333,2025-05-04,521,N21,n,2.0NRT,5.71,D,0.38,0.36,,,,,,firms,VIIRS,VIIRS_NOAA21_NRT
-2.09935,115.5596,2025-05-04,521,N21,n,2.0NRT,5.14,D,0.45,0.47,,,,,,firms,VIIRS,VIIRS_NOAA21_NRT
-2.01315,121.41727,2025-05-04,521,N21,n,2.0NRT,4.5,D,0.38,0.36,,,,,,firms,VIIRS,VIIRS_NOAA21_NRT
-2.01262,121.4207,2025-05-04,521,N21,n,2.0NRT,3.84,D,0.38,0.36,,,,,,firms,VIIRS,VIIRS_NOAA21_NRT
-2.00933,121.42019,2025-05-04,521,N21,n,2.0NRT,3.84,D,0.38,0.36,,,,,,firms,VIIRS,VIIRS_NOAA21_NRT
-2.009,111.27058,2025-05-04,521,N21,n,2.0NRT,13.73,D,0.44,0.63,,,,,,firms,VIIRS,VIIRS_NOAA21_NRT
-1.92568,110.764,2025-05-04,521,N21,n,2.0NRT,11.71,D,0.48,0.65,,,,,,firms,VIIRS,VIIRS_NOAA21_NRT
-1.92503,110.76825,2025-05-04,521,N21,n,2.0NRT,11.71,D,0.48,0.65,,,,,,firms,VIIRS,VIIRS_NOAA21_NRT
-1.79247,111.35812,2025-05-04,521,N21,h,2.0NRT,25.11,D,0.43,0.62,,,,,,firms,VIIRS,VIIRS_NOAA21_NRT
-1.79019,111.355,2025-05-04,521,N21,n,2.0NRT,10.84,D,0.43,0.62,,,,,,firms,VIIRS,VIIRS_NOAA21_NRT
-1.78962,111.35884,2025-05-04,521,N21,n,2.0NRT,10.84,D,0.43,0.62,,,,,,firms,VIIRS,VIIRS_NOAA21_NRT
-1.29522,122.50795,2025-05-04,521,N21,n,2.0NRT,2.35,D,0.4,0.37,,,,,,firms,VIIRS,VIIRS_NOAA21_NRT
-1.26716,122.51753,2025-05-04,521,N21,n,2.0NRT,3.62,D,0.4,0.37,,,,,,firms,VIIRS,VIIRS_NOAA21_NRT
-1.2491,122.59119,2025-05-04,521,N21,l,2.0NRT,4.08,D,0.4,0.37,,,,,,firms,VIIRS,VIIRS_NOAA21_NRT
-1.24856,122.59473,2025-05-04,521,N21,n,2.0NRT,3.69,D,0.4,0.37,,,,,,firms,VIIRS,VIIRS_NOAA21_NRT
-1.07877,119.939,2025-05-04,521,N21,n,2.0NRT,4.55,D,0.4,0.37,,,,,,firms,VIIRS,VIIRS_NOAA21_NRT
-1.03645,123.27473,2025-05-04,521,N21,n,2.0NRT,1.85,D,0.42,0.38,,,,,,firms,VIIRS,VIIRS_NOAA21_NRT
-0.52988,121.6874,2025-05-04,521,N21,n,2.0NRT,3.95,D,0.39,0.36,,,,,,firms,VIIRS,VIIRS_NOAA21_NRT
-0.52657,121.6869,2025-05-04,521,N21,n,2.0NRT,3.95,D,0.39,0.36,,,,,,firms,VIIRS,VIIRS_NOAA21_NRT
-1.74595,111.35995,2025-05-04,523,N21,h,2.0NRT,12.35,D,0.43,0.62,,,,,,firms,VIIRS,VIIRS_NOAA21_NRT
-0.78302,116.20587,2025-05-04,523,N21,n,2.0NRT,4.42,D,0.39,0.44,,,,,,firms,VIIRS,VIIRS_NOAA21_NRT
-0.77449,116.20815,2025-05-04,523,N21,n,2.0NRT,6.89,D,0.39,0.44,,,,,,firms,VIIRS,VIIRS_NOAA21_NRT
-0.46172,116.09909,2025-05-04,523,N21,n,2.0NRT,11.74,D,0.39,0.44,,,,,,firms,VIIRS,VIIRS_NOAA21_NRT
-0.46119,116.10258,2025-05-04,523,N21,n,2.0NRT,6.28,D,0.39,0.44,,,,,,firms,VIIRS,VIIRS_NOAA21_NRT
-0.45772,116.09846,2025-05-04,523,N21,n,2.0NRT,25.98,D,0.39,0.44,,,,,,firms,VIIRS,VIIRS_NOAA21_NRT
-0.45559,116.11237,2025-05-04,523,N21,n,2.0NRT,2.01,D,0.39,0.44,,,,,,firms,VIIRS,VIIRS_NOAA21_NRT
0.16601,109.47939,2025-05-04,523,N21,n,2.0NRT,7.54,D,0.55,0.68,,,,,,firms,VIIRS,VIIRS_NOAA21_NRT
0.42518,123.19603,2025-05-04,523,N21,n,2.0NRT,9.3,D,0.43,0.38,,,,,,firms,VIIRS,VIIRS_NOAA21_NRT
0.55039,122.63959,2025-05-04,523,N21,n,2.0NRT,5.42,D,0.41,0.37,,,,,,firms,VIIRS,VIIRS_NOAA21_NRT
0.55899,122.5597,2025-05-04,523,N21,n,2.0NRT,4.43,D,0.41,0.37,,,,,,firms,VIIRS,VIIRS_NOAA21_NRT
0.69237,117.5428,2025-05-04,523,N21,n,2.0NRT,10.81,D,0.47,0.4,,,,,,firms,VIIRS,VIIRS_NOAA21_NRT
1.24059,121.21235,2025-05-04,523,N21,n,2.0NRT,2.73,D,0.39,0.36,,,,,,firms,VIIRS,VIIRS_NOAA21_NRT
1.92255,111.54202,2025-05-04,523,N21,n,2.0NRT,7.45,D,0.37,0.58,,,,,,firms,VIIRS,VIIRS_NOAA21_NRT
3.5347,113.34298,2025-05-04,523,N21,n,2.0NRT,3.1,D,0.52,0.5,,,,,,firms,VIIRS,VIIRS_NOAA21_NRT
4.30798,117.87955,2025-05-04,523,N21,l,2.0NRT,3.37,D,0.42,0.38,,,,,,firms,VIIRS,VIIRS_NOAA21_NRT
4.73998,113.72803,2025-05-04,523,N21,n,2.0NRT,5.4,D,0.47,0.48,,,,,,firms,VIIRS,VIIRS_NOAA21_NRT
4.74201,113.72878,2025-05-04,523,N21,n,2.0NRT,5.6,D,0.47,0.47,,,,,,firms,VIIRS,VIIRS_NOAA21_NRT
4.97843,112.97975,2025-05-04,523,N21,n,2.0NRT,8.46,D,0.52,0.5,,,,,,firms,VIIRS,VIIRS_NOAA21_NRT
5.82659,114.33839,2025-05-04,523,N21,n,2.0NRT,19.53,D,0.41,0.45,,,,,,firms,VIIRS,VIIRS_NOAA21_NRT
-4.86909,105.24096,2025-05-04,659,N21,n,2.0NRT,3.39,D,0.34,0.56,,,,,,firms,VIIRS,VIIRS_NOAA21_NRT
-4.55545,103.1341,2025-05-04,701,N21,n,2.0NRT,2.21,D,0.49,0.49,,,,,,firms,VIIRS,VIIRS_NOAA21_NRT
-3.80575,103.81635,2025-05-04,701,N21,n,2.0NRT,8.05,D,0.56,0.52,,,,,,firms,VIIRS,VIIRS_NOAA21_NRT
-3.62858,105.3283,2025-05-04,701,N21,n,2.0NRT,7.28,D,0.36,0.58,,,,,,firms,VIIRS,VIIRS_NOAA21_NRT
-3.3751,104.01215,2025-05-04,701,N21,n,2.0NRT,10.15,D,0.59,0.53,,,,,,firms,VIIRS,VIIRS_NOAA21_NRT
-3.18093,102.0742,2025-05-04,701,N21,n,2.0NRT,7.18,D,0.44,0.46,,,,,,firms,VIIRS,VIIRS_NOAA21_NRT
-3.18033,102.07806,2025-05-04,701,N21,n,2.0NRT,7.18,D,0.44,0.46,,,,,,firms,VIIRS,VIIRS_NOAA21_NRT
-3.03034,101.67928,2025-05-04,701,N21,n,2.0NRT,4.62,D,0.42,0.45,,,,,,firms,VIIRS,VIIRS_NOAA21_NRT
-2.91567,106.36623,2025-05-04,701,N21,n,2.0NRT,3.72,D,0.44,0.62,,,,,,firms,VIIRS,VIIRS_NOAA21_NRT
-2.81936,106.38235,2025-05-04,701,N21,n,2.0NRT,4.78,D,0.44,0.62,,,,,,firms,VIIRS,VIIRS_NOAA21_NRT
-2.05313,105.40556,2025-05-04,701,N21,h,2.0NRT,11.5,D,0.39,0.59,,,,,,firms,VIIRS,VIIRS_NOAA21_NRT
-1.93589,105.70838,2025-05-04,701,N21,n,2.0NRT,4.72,D,0.41,0.61,,,,,,firms,VIIRS,VIIRS_NOAA21_NRT
-1.91418,105.77271,2025-05-04,701,N21,n,2.0NRT,4.33,D,0.41,0.61,,,,,,firms,VIIRS,VIIRS_NOAA21_NRT
-1.83473,105.74045,2025-05-04,701,N21,h,2.0NRT,8.97,D,0.41,0.61,,,,,,firms,VIIRS,VIIRS_NOAA21_NRT
0.92458,99.11647,2025-05-04,701,N21,n,2.0NRT,8.36,D,0.5,0.41,,,,,,firms,VIIRS,VIIRS_NOAA21_NRT
1.21168,98.9108,2025-05-04,701,N21,n,2.0NRT,13.34,D,0.49,0.4,,,,,,firms,VIIRS,VIIRS_NOAA21_NRT
1.38484,99.46748,2025-05-04,701,N21,n,2.0NRT,6.41,D,0.53,0.42,,,,,,firms,VIIRS,VIIRS_NOAA21_NRT
1.47341,99.51517,2025-05-04,701,N21,n,2.0NRT,9.54,D,0.53,0.42,,,,,,firms,VIIRS,VIIRS_NOAA21_NRT
4.55582,103.45698,2025-05-04,703,N21,n,2.0NRT,5.05,D,0.36,0.57,,,,,,firms,VIIRS,VIIRS_NOAA21_NRT
4.55604,103.45701,2025-05-04,703,N21,n,2.0NRT,4.96,D,0.36,0.57,,,,,,firms,VIIRS,VIIRS_NOAA21_NRT
4.5661,103.45227,2025-05-04,703,N21,n,2.0NRT,5.24,D,0.36,0.57,,,,,,firms,VIIRS,VIIRS_NOAA21_NRT
1.49328,127.63541,2025-05-04,1620,N21,n,2.0NRT,1.35,N,0.35,0.57,,,,,,firms,VIIRS,VIIRS_NOAA21_NRT
1.49375,127.63225,2025-05-04,1620,N21,n,2.0NRT,1.49,N,0.35,0.57,,,,,,firms,VIIRS,VIIRS_NOAA21_NRT
1.4943,127.62863,2025-05-04,1620,N21,n,2.0NRT,1.49,N,0.35,0.57,,,,,,firms,VIIRS,VIIRS_NOAA21_NRT
1.69771,127.88029,2025-05-04,1620,N21,n,2.0NRT,7.29,N,0.34,0.56,,,,,,firms,VIIRS,VIIRS_NOAA21_NRT
1.6982,127.87711,2025-05-04,1620,N21,h,2.0NRT,7.29,N,0.34,0.56,,,,,,firms,VIIRS,VIIRS_NOAA21_NRT
1.69871,127.87373,2025-05-04,1620,N21,n,2.0NRT,3.13,N,0.34,0.56,,,,,,firms,VIIRS,VIIRS_NOAA21_NRT
1.70334,127.87774,2025-05-04,1620,N21,n,2.0NRT,1.59,N,0.34,0.56,,,,,,firms,VIIRS,VIIRS_NOAA21_NRT
-3.90538,122.41744,2025-05-04,1622,N21,n,2.0NRT,1.57,N,0.66,0.73,,,,,,firms,VIIRS,VIIRS_NOAA21_NRT
-3.90213,122.41679,2025-05-04,1622,N21,n,2.0NRT,3.25,N,0.66,0.73,,,,,,firms,VIIRS,VIIRS_NOAA21_NRT
-3.87359,122.39247,2025-05-04,1622,N21,n,2.0NRT,2.58,N,0.66,0.73,,,,,,firms,VIIRS,VIIRS_NOAA21_NRT
-3.87331,122.40948,2025-05-04,1622,N21,n,2.0NRT,1.99,N,0.66,0.73,,,,,,firms,VIIRS,VIIRS_NOAA21_NRT
-3.87225,122.40359,2025-05-04,1622,N21,n,2.0NRT,3.62,N,0.66,0.73,,,,,,firms,VIIRS,VIIRS_NOAA21_NRT
-3.87119,122.39769,2025-05-04,1622,N21,n,2.0NRT,3.62,N,0.66,0.73,,,,,,firms,VIIRS,VIIRS_NOAA21_NRT
-3.87014,122.39187,2025-05-04,1622,N21,n,2.0NRT,3.95,N,0.66,0.73,,,,,,firms,VIIRS,VIIRS_NOAA21_NRT
-3.86894,122.40542,2025-05-04,1622,N21,n,2.0NRT,4.15,N,0.66,0.73,,,,,,firms,VIIRS,VIIRS_NOAA21_NRT
-3.86792,122.39951,2025-05-04,1622,N21,n,2.0NRT,3.59,N,0.66,0.73,,,,,,firms,VIIRS,VIIRS_NOAA21_NRT
-2.88109,122.1563,2025-05-04,1622,N21,n,2.0NRT,2.32,N,0.72,0.75,,,,,,firms,VIIRS,VIIRS_NOAA21_NRT
-2.87525,122.16173,2025-05-04,1622,N21,n,2.0NRT,4.34,N,0.72,0.75,,,,,,firms,VIIRS,VIIRS_NOAA21_NRT
-2.87515,122.16296,2025-05-04,1622,N21,n,2.0NRT,2.32,N,0.72,0.75,,,,,,firms,VIIRS,VIIRS_NOAA21_NRT
-2.8742,122.15576,2025-05-04,1622,N21,n,2.0NRT,2.25,N,0.72,0.75,,,,,,firms,VIIRS,VIIRS_NOAA21_NRT
-2.87413,122.15697,2025-05-04,1622,N21,n,2.0NRT,2.32,N,0.72,0.75,,,,,,firms,VIIRS,VIIRS_NOAA21_NRT
-2.83372,122.16891,2025-05-04,1622,N21,n,2.0NRT,6.29,N,0.72,0.75,,,,,,firms,VIIRS,VIIRS_NOAA21_NRT
-2.82785,122.17591,2025-05-04,1622,N21,n,2.0NRT,6.01,N,0.72,0.75,,,,,,firms,VIIRS,VIIRS_NOAA21_NRT
-1.56792,127.4287,2025-05-04,1622,N21,n,2.0NRT,1.91,N,0.32,0.55,,,,,,firms,VIIRS,VIIRS_NOAA21_NRT
-1.5624,127.42638,2025-05-04,1622,N21,n,2.0NRT,2.46,N,0.32,0.55,,,,,,firms,VIIRS,VIIRS_NOAA21_NRT
-1.55735,127.42697,2025-05-04,1622,N21,n,2.0NRT,1.12,N,0.32,0.55,,,,,,firms,VIIRS,VIIRS_NOAA21_NRT
-1.53088,127.42256,2025-05-04,1622,N21,n,2.0NRT,0.94,N,0.33,0.55,,,,,,firms,VIIRS,VIIRS_NOAA21_NRT
-1.4614,127.43771,2025-05-04,1622,N21,n,2.0NRT,6.73,N,0.33,0.55,,,,,,firms,VIIRS,VIIRS_NOAA21_NRT
-1.46087,127.43447,2025-05-04,1622,N21,n,2.0NRT,6.73,N,0.33,0.55,,,,,,firms,VIIRS,VIIRS_NOAA21_NRT
-1.45633,127.43827,2025-05-04,1622,N21,n,2.0NRT,6.73,N,0.33,0.55,,,,,,firms,VIIRS,VIIRS_NOAA21_NRT
-1.45579,127.43494,2025-05-04,1622,N21,h,2.0NRT,6.73,N,0.33,0.55,,,,,,firms,VIIRS,VIIRS_NOAA21_NRT
-3.90293,122.41841,2025-05-04,1802,N21,n,2.0NRT,3.39,N,0.66,0.73,,,,,,firms,VIIRS,VIIRS_NOAA21_NRT
-3.87206,122.39325,2025-05-04,1802,N21,n,2.0NRT,3.23,N,0.66,0.73,,,,,,firms,VIIRS,VIIRS_NOAA21_NRT
-3.04372,122.26421,2025-05-04,1802,N21,n,2.0NRT,2.35,N,0.63,0.72,,,,,,firms,VIIRS,VIIRS_NOAA21_NRT
-3.04354,122.26604,2025-05-04,1802,N21,n,2.0NRT,2.83,N,0.63,0.72,,,,,,firms,VIIRS,VIIRS_NOAA21_NRT
-2.9374,115.23835,2025-05-04,1802,N21,n,2.0NRT,0.87,N,0.41,0.45,,,,,,firms,VIIRS,VIIRS_NOAA21_NRT
-2.87424,115.26305,2025-05-04,1802,N21,n,2.0NRT,1.21,N,0.41,0.45,,,,,,firms,VIIRS,VIIRS_NOAA21_NRT
-2.86779,122.15303,2025-05-04,1802,N21,n,2.0NRT,1.25,N,0.61,0.71,,,,,,firms,VIIRS,VIIRS_NOAA21_NRT
-2.86138,122.15445,2025-05-04,1802,N21,n,2.0NRT,1.25,N,0.61,0.71,,,,,,firms,VIIRS,VIIRS_NOAA21_NRT
-2.58635,121.39188,2025-05-04,1802,N21,n,2.0NRT,3.46,N,0.54,0.68,,,,,,firms,VIIRS,VIIRS_NOAA21_NRT
-2.58586,121.3915,2025-05-04,1802,N21,n,2.0NRT,2.17,N,0.54,0.68,,,,,,firms,VIIRS,VIIRS_NOAA21_NRT
-2.58554,121.38653,2025-05-04,1802,N21,n,2.0NRT,2.85,N,0.54,0.68,,,,,,firms,VIIRS,VIIRS_NOAA21_NRT
-2.58509,121.38614,2025-05-04,1802,N21,n,2.0NRT,2.17,N,0.54,0.68,,,,,,firms,VIIRS,VIIRS_NOAA21_NRT
-2.58471,121.38103,2025-05-04,1802,N21,n,2.0NRT,2.85,N,0.54,0.67,,,,,,firms,VIIRS,VIIRS_NOAA21_NRT
-2.58431,121.38065,2025-05-04,1802,N21,n,2.0NRT,7.52,N,0.54,0.68,,,,,,firms,VIIRS,VIIRS_NOAA21_NRT
-2.58392,121.37585,2025-05-04,1802,N21,n,2.0NRT,2.14,N,0.53,0.67,,,,,,firms,VIIRS,VIIRS_NOAA21_NRT
-2.58357,121.37551,2025-05-04,1802,N21,n,2.0NRT,7.52,N,0.54,0.67,,,,,,firms,VIIRS,VIIRS_NOAA21_NRT
-2.58316,121.37082,2025-05-04,1802,N21,n,2.0NRT,2.14,N,0.53,0.67,,,,,,firms,VIIRS,VIIRS_NOAA21_NRT
-2.58284,121.37047,2025-05-04,1802,N21,n,2.0NRT,4.05,N,0.53,0.67,,,,,,firms,VIIRS,VIIRS_NOAA21_NRT
-2.58012,121.39235,2025-05-04,1802,N21,n,2.0NRT,1.7,N,0.54,0.68,,,,,,firms,VIIRS,VIIRS_NOAA21_NRT
-2.57964,121.39197,2025-05-04,1802,N21,n,2.0NRT,2.17,N,0.54,0.68,,,,,,firms,VIIRS,VIIRS_NOAA21_NRT
-2.5793,121.38685,2025-05-04,1802,N21,n,2.0NRT,6.64,N,0.54,0.68,,,,,,firms,VIIRS,VIIRS_NOAA21_NRT
-2.57886,121.38649,2025-05-04,1802,N21,n,2.0NRT,2.17,N,0.54,0.68,,,,,,firms,VIIRS,VIIRS_NOAA21_NRT
-2.57851,121.38164,2025-05-04,1802,N21,n,2.0NRT,6.64,N,0.54,0.67,,,,,,firms,VIIRS,VIIRS_NOAA21_NRT
-2.57812,121.3813,2025-05-04,1802,N21,n,2.0NRT,7.52,N,0.54,0.68,,,,,,firms,VIIRS,VIIRS_NOAA21_NRT
-2.57773,121.37649,2025-05-04,1802,N21,h,2.0NRT,8.11,N,0.53,0.67,,,,,,firms,VIIRS,VIIRS_NOAA21_NRT
-2.57738,121.37615,2025-05-04,1802,N21,h,2.0NRT,7.52,N,0.54,0.67,,,,,,firms,VIIRS,VIIRS_NOAA21_NRT
-2.57696,121.37133,2025-05-04,1802,N21,n,2.0NRT,8.11,N,0.53,0.67,,,,,,firms,VIIRS,VIIRS_NOAA21_NRT
-2.57664,121.37101,2025-05-04,1802,N21,n,2.0NRT,4.05,N,0.53,0.67,,,,,,firms,VIIRS,VIIRS_NOAA21_NRT
-2.57156,121.37726,2025-05-04,1802,N21,n,2.0NRT,8.11,N,0.53,0.67,,,,,,firms,VIIRS,VIIRS_NOAA21_NRT
-2.57121,121.37695,2025-05-04,1802,N21,n,2.0NRT,1.35,N,0.54,0.67,,,,,,firms,VIIRS,VIIRS_NOAA21_NRT
-2.17042,115.56955,2025-05-04,1802,N21,n,2.0NRT,3.15,N,0.42,0.45,,,,,,firms,VIIRS,VIIRS_NOAA21_NRT
-2.15971,115.58265,2025-05-04,1802,N21,n,2.0NRT,4.35,N,0.42,0.45,,,,,,firms,VIIRS,VIIRS_NOAA21_NRT
-1.38078,122.48159,2025-05-04,1802,N21,n,2.0NRT,1.19,N,0.61,0.71,,,,,,firms,VIIRS,VIIRS_NOAA21_NRT
-1.24868,116.81427,2025-05-04,1802,N21,n,2.0NRT,2.49,N,0.49,0.49,,,,,,firms,VIIRS,VIIRS_NOAA21_NRT
-1.24536,116.81693,2025-05-04,1802,N21,n,2.0NRT,1.88,N,0.49,0.49,,,,,,firms,VIIRS,VIIRS_NOAA21_NRT
0.69016,117.54243,2025-05-04,1802,N21,n,2.0NRT,3.98,N,0.51,0.5,,,,,,firms,VIIRS,VIIRS_NOAA21_NRT
0.69153,117.54515,2025-05-04,1802,N21,n,2.0NRT,5.29,N,0.51,0.5,,,,,,firms,VIIRS,VIIRS_NOAA21_NRT
1.28372,103.71623,2025-05-04,1802,N21,n,2.0NRT,4.04,N,0.55,0.51,,,,,,firms,VIIRS,VIIRS_NOAA21_NRT
1.37566,104.15862,2025-05-04,1802,N21,n,2.0NRT,2.27,N,0.52,0.5,,,,,,firms,VIIRS,VIIRS_NOAA21_NRT
2.74117,102.39511,2025-05-04,1802,N21,n,2.0NRT,2.74,N,0.36,0.57,,,,,,firms,VIIRS,VIIRS_NOAA21_NRT
3.52253,113.31344,2025-05-04,1802,N21,n,2.0NRT,1.47,N,0.41,0.37,,,,,,firms,VIIRS,VIIRS_NOAA21_NRT
3.5357,113.345,2025-05-04,1802,N21,n,2.0NRT,1.69,N,0.41,0.37,,,,,,firms,VIIRS,VIIRS_NOAA21_NRT
3.60597,112.41088,2025-05-04,1802,N21,n,2.0NRT,1.34,N,0.39,0.36,,,,,,firms,VIIRS,VIIRS_NOAA21_NRT
5.3735,104.89584,2025-05-04,1802,N21,n,2.0NRT,6.57,N,0.53,0.5,,,,,,firms,VIIRS,VIIRS_NOAA21_NRT
5.64757,104.97831,2025-05-04,1802,N21,n,2.0NRT,1.86,N,0.53,0.5,,,,,,firms,VIIRS,VIIRS_NOAA21_NRT
-10.0908,120.71112,2025-05-04,1804,N21,n,2.0NRT,1.14,N,0.61,0.71,,,,,,firms,VIIRS,VIIRS_NOAA21_NRT
-8.11686,114.05752,2025-05-04,1804,N21,n,2.0NRT,0.91,N,0.41,0.45,,,,,,firms,VIIRS,VIIRS_NOAA21_NRT
-8.11432,112.92842,2025-05-04,1804,N21,n,2.0NRT,4.11,N,0.52,0.41,,,,,,firms,VIIRS,VIIRS_NOAA21_NRT
-8.11352,112.92298,2025-05-04,1804,N21,n,2.0NRT,4.11,N,0.52,0.41,,,,,,firms,VIIRS,VIIRS_NOAA21_NRT
-7.70387,108.99477,2025-05-04,1804,N21,n,2.0NRT,1.46,N,0.38,0.36,,,,,,firms,VIIRS,VIIRS_NOAA21_NRT
-7.5439,110.44307,2025-05-04,1804,N21,n,2.0NRT,4.23,N,0.4,0.37,,,,,,firms,VIIRS,VIIRS_NOAA21_NRT
-7.2416,109.21657,2025-05-04,1804,N21,n,2.0NRT,0.84,N,0.38,0.36,,,,,,firms,VIIRS,VIIRS_NOAA21_NRT
-7.24141,111.73235,2025-05-04,1804,N21,n,2.0NRT,1.71,N,0.44,0.39,,,,,,firms,VIIRS,VIIRS_NOAA21_NRT
-7.24106,109.21313,2025-05-04,1804,N21,n,2.0NRT,0.84,N,0.38,0.36,,,,,,firms,VIIRS,VIIRS_NOAA21_NRT
-6.8035,111.54222,2025-05-04,1804,N21,n,2.0NRT,1.39,N,0.43,0.38,,,,,,firms,VIIRS,VIIRS_NOAA21_NRT
-6.54805,108.09476,2025-05-04,1804,N21,n,2.0NRT,2.57,N,0.39,0.36,,,,,,firms,VIIRS,VIIRS_NOAA21_NRT
-6.42181,106.43948,2025-05-04,1804,N21,n,2.0NRT,0.64,N,0.44,0.39,,,,,,firms,VIIRS,VIIRS_NOAA21_NRT
-6.18932,106.48293,2025-05-04,1804,N21,n,2.0NRT,0.85,N,0.45,0.39,,,,,,firms,VIIRS,VIIRS_NOAA21_NRT
-6.18319,106.35611,2025-05-04,1804,N21,n,2.0NRT,1.18,N,0.45,0.39,,,,,,firms,VIIRS,VIIRS_NOAA21_NRT
-6.12659,106.69966,2025-05-04,1804,N21,n,2.0NRT,1.12,N,0.44,0.38,,,,,,firms,VIIRS,VIIRS_NOAA21_NRT
-6.09694,106.67221,2025-05-04,1804,N21,n,2.0NRT,2.59,N,0.44,0.38,,,,,,firms,VIIRS,VIIRS_NOAA21_NRT
-6.03137,105.95563,2025-05-04,1804,N21,n,2.0NRT,1.33,N,0.47,0.4,,,,,,firms,VIIRS,VIIRS_NOAA21_NRT
-6.01229,105.97585,2025-05-04,1804,N21,n,2.0NRT,1.45,N,0.47,0.4,,,,,,firms,VIIRS,VIIRS_NOAA21_NRT
-6.01005,105.98489,2025-05-04,1804,N21,n,2.0NRT,3.61,N,0.47,0.4,,,,,,firms,VIIRS,VIIRS_NOAA21_NRT
-5.78718,107.05286,2025-05-04,1804,N21,n,2.0NRT,1.68,N,0.43,0.38,,,,,,firms,VIIRS,VIIRS_NOAA21_NRT
-3.8674,115.19274,2025-05-04,1804,N21,n,2.0NRT,1.25,N,0.42,0.45,,,,,,firms,VIIRS,VIIRS_NOAA21_NRT
-3.86327,115.19335,2025-05-04,1804,N21,n,2.0NRT,1.55,N,0.42,0.45,,,,,,firms,VIIRS,VIIRS_NOAA21_NRT
-2.97926,104.79613,2025-05-04,1804,N21,n,2.0NRT,1.36,N,0.4,0.44,,,,,,firms,VIIRS,VIIRS_NOAA21_NRT
-2.19811,103.45334,2025-05-04,1804,N21,n,2.0NRT,1.08,N,0.51,0.49,,,,,,firms,VIIRS,VIIRS_NOAA21_NRT
-2.19603,103.45206,2025-05-04,1804,N21,n,2.0NRT,2.77,N,0.51,0.49,,,,,,firms,VIIRS,VIIRS_NOAA21_NRT
-2.1936,103.45403,2025-05-04,1804,N21,n,2.0NRT,1.08,N,0.51,0.49,,,,,,firms,VIIRS,VIIRS_NOAA21_NRT
-9.39667,119.72898,2025-05-05,459,N21,n,2.0NRT,12.64,D,0.63,0.54,,,,,,firms,VIIRS,VIIRS_NOAA21_NRT
-9.39591,119.73465,2025-05-05,459,N21,n,2.0NRT,7.37,D,0.63,0.54,,,,,,firms,VIIRS,VIIRS_NOAA21_NRT
-9.37279,119.98142,2025-05-05,459,N21,n,2.0NRT,6.89,D,0.6,0.53,,,,,,firms,VIIRS,VIIRS_NOAA21_NRT
-3.09703,126.71593,2025-05-05,501,N21,n,2.0NRT,3.82,D,0.38,0.36,,,,,,firms,VIIRS,VIIRS_NOAA21_NRT
-2.42437,120.9039,2025-05-05,501,N21,n,2.0NRT,10.43,D,0.41,0.45,,,,,,firms,VIIRS,VIIRS_NOAA21_NRT
-2.20783,115.5013,2025-05-05,501,N21,n,2.0NRT,5.38,D,0.48,0.65,,,,,,firms,VIIRS,VIIRS_NOAA21_NRT
-1.45699,127.43851,2025-05-05,501,N21,n,2.0NRT,12.03,D,0.4,0.37,,,,,,firms,VIIRS,VIIRS_NOAA21_NRT
-1.38141,122.48199,2025-05-05,501,N21,n,2.0NRT,5.36,D,0.49,0.4,,,,,,firms,VIIRS,VIIRS_NOAA21_NRT
-1.35041,122.36721,2025-05-05,501,N21,n,2.0NRT,10.86,D,0.49,0.4,,,,,,firms,VIIRS,VIIRS_NOAA21_NRT
-0.20831,120.00656,2025-05-05,501,N21,n,2.0NRT,4.25,D,0.44,0.46,,,,,,firms,VIIRS,VIIRS_NOAA21_NRT
0.69053,117.54596,2025-05-05,501,N21,n,2.0NRT,11.02,D,0.63,0.54,,,,,,firms,VIIRS,VIIRS_NOAA21_NRT
0.6933,117.54294,2025-05-05,501,N21,n,2.0NRT,4.09,D,0.63,0.54,,,,,,firms,VIIRS,VIIRS_NOAA21_NRT
0.90691,117.9447,2025-05-05,501,N21,n,2.0NRT,7.08,D,0.58,0.52,,,,,,firms,VIIRS,VIIRS_NOAA21_NRT
1.69998,127.87569,2025-05-05,501,N21,n,2.0NRT,4.2,D,0.44,0.38,,,,,,firms,VIIRS,VIIRS_NOAA21_NRT
5.43834,115.60235,2025-05-05,504,N21,n,2.0NRT,6.6,D,0.36,0.57,,,,,,firms,VIIRS,VIIRS_NOAA21_NRT
5.44268,115.60075,2025-05-05,504,N21,n,2.0NRT,5.26,D,0.36,0.57,,,,,,firms,VIIRS,VIIRS_NOAA21_NRT
5.44321,115.60394,2025-05-05,504,N21,n,2.0NRT,5.26,D,0.36,0.57,,,,,,firms,VIIRS,VIIRS_NOAA21_NRT
5.44356,115.6015,2025-05-05,504,N21,n,2.0NRT,3.72,D,0.36,0.57,,,,,,firms,VIIRS,VIIRS_NOAA21_NRT
-4.45364,102.99599,2025-05-05,642,N21,n,2.0NRT,3.15,D,0.41,0.37,,,,,,firms,VIIRS,VIIRS_NOAA21_NRT
-4.43629,103.10886,2025-05-05,642,N21,n,2.0NRT,12.24,D,0.41,0.37,,,,,,firms,VIIRS,VIIRS_NOAA21_NRT
-4.33189,103.10326,2025-05-05,642,N21,n,2.0NRT,1.55,D,0.41,0.37,,,,,,firms,VIIRS,VIIRS_NOAA21_NRT
-3.80583,103.81825,2025-05-05,642,N21,n,2.0NRT,9.48,D,0.44,0.38,,,,,,firms,VIIRS,VIIRS_NOAA21_NRT
-3.72857,102.37917,2025-05-05,642,N21,n,2.0NRT,3.59,D,0.4,0.37,,,,,,firms,VIIRS,VIIRS_NOAA21_NRT
-3.60215,102.35971,2025-05-05,642,N21,n,2.0NRT,2.42,D,0.4,0.37,,,,,,firms,VIIRS,VIIRS_NOAA21_NRT
-3.44497,103.2832,2025-05-05,642,N21,n,2.0NRT,19.15,D,0.42,0.38,,,,,,firms,VIIRS,VIIRS_NOAA21_NRT
-3.44366,103.2868,2025-05-05,642,N21,n,2.0NRT,53.34,D,0.42,0.38,,,,,,firms,VIIRS,VIIRS_NOAA21_NRT
-3.44152,103.28267,2025-05-05,642,N21,l,2.0NRT,19.15,D,0.42,0.38,,,,,,firms,VIIRS,VIIRS_NOAA21_NRT
-3.44094,103.28645,2025-05-05,642,N21,n,2.0NRT,19.15,D,0.42,0.38,,,,,,firms,VIIRS,VIIRS_NOAA21_NRT
-3.27926,103.80005,2025-05-05,642,N21,n,2.0NRT,3.41,D,0.44,0.39,,,,,,firms,VIIRS,VIIRS_NOAA21_NRT
-3.26409,101.83969,2025-05-05,642,N21,n,2.0NRT,3.7,D,0.39,0.36,,,,,,firms,VIIRS,VIIRS_NOAA21_NRT
-3.24588,103.31815,2025-05-05,642,N21,n,2.0NRT,18.39,D,0.42,0.38,,,,,,firms,VIIRS,VIIRS_NOAA21_NRT
-3.20616,102.10548,2025-05-05,642,N21,n,2.0NRT,3.85,D,0.39,0.36,,,,,,firms,VIIRS,VIIRS_NOAA21_NRT
-2.89305,101.64227,2025-05-05,642,N21,n,2.0NRT,12.93,D,0.39,0.36,,,,,,firms,VIIRS,VIIRS_NOAA21_NRT
-2.84351,101.52094,2025-05-05,642,N21,n,2.0NRT,14.42,D,0.39,0.36,,,,,,firms,VIIRS,VIIRS_NOAA21_NRT
-2.84298,101.52439,2025-05-05,642,N21,n,2.0NRT,7.56,D,0.39,0.36,,,,,,firms,VIIRS,VIIRS_NOAA21_NRT
-2.82884,101.55049,2025-05-05,642,N21,n,2.0NRT,4.62,D,0.39,0.36,,,,,,firms,VIIRS,VIIRS_NOAA21_NRT
-2.55792,101.43406,2025-05-05,642,N21,n,2.0NRT,3.51,D,0.39,0.36,,,,,,firms,VIIRS,VIIRS_NOAA21_NRT
-2.47477,101.42078,2025-05-05,642,N21,n,2.0NRT,4.09,D,0.39,0.36,,,,,,firms,VIIRS,VIIRS_NOAA21_NRT
-2.47424,101.42422,2025-05-05,642,N21,n,2.0NRT,4.47,D,0.39,0.36,,,,,,firms,VIIRS,VIIRS_NOAA21_NRT
-2.37171,106.14724,2025-05-05,642,N21,n,2.0NRT,3.61,D,0.41,0.45,,,,,,firms,VIIRS,VIIRS_NOAA21_NRT
-2.30959,110.27736,2025-05-05,642,N21,n,2.0NRT,8.64,D,0.39,0.6,,,,,,firms,VIIRS,VIIRS_NOAA21_NRT
-2.20071,110.74088,2025-05-05,642,N21,h,2.0NRT,16.86,D,0.42,0.61,,,,,,firms,VIIRS,VIIRS_NOAA21_NRT
-2.18519,110.76528,2025-05-05,642,N21,n,2.0NRT,4.31,D,0.43,0.62,,,,,,firms,VIIRS,VIIRS_NOAA21_NRT
-1.91186,112.28285,2025-05-05,642,N21,n,2.0NRT,6.96,D,0.55,0.68,,,,,,firms,VIIRS,VIIRS_NOAA21_NRT
-1.9106,112.28145,2025-05-05,642,N21,n,2.0NRT,7.43,D,0.55,0.68,,,,,,firms,VIIRS,VIIRS_NOAA21_NRT
-2.43266,101.36118,2025-05-05,644,N21,n,2.0NRT,3.93,D,0.39,0.36,,,,,,firms,VIIRS,VIIRS_NOAA21_NRT
-2.2298,101.06519,2025-05-05,644,N21,n,2.0NRT,6.91,D,0.38,0.36,,,,,,firms,VIIRS,VIIRS_NOAA21_NRT
-2.17284,101.01794,2025-05-05,644,N21,n,2.0NRT,3.16,D,0.38,0.36,,,,,,firms,VIIRS,VIIRS_NOAA21_NRT
-2.16953,101.01745,2025-05-05,644,N21,n,2.0NRT,3.16,D,0.38,0.36,,,,,,firms,VIIRS,VIIRS_NOAA21_NRT
-1.6795,105.44517,2025-05-05,644,N21,n,2.0NRT,10.93,D,0.57,0.43,,,,,,firms,VIIRS,VIIRS_NOAA21_NRT
-0.34658,112.15555,2025-05-05,644,N21,n,2.0NRT,7.11,D,0.57,0.69,,,,,,firms,VIIRS,VIIRS_NOAA21_NRT
-0.18801,111.49595,2025-05-05,644,N21,n,2.0NRT,4.06,D,0.52,0.67,,,,,,firms,VIIRS,VIIRS_NOAA21_NRT
0.2919,99.23106,2025-05-05,644,N21,n,2.0NRT,3.93,D,0.39,0.36,,,,,,firms,VIIRS,VIIRS_NOAA21_NRT
0.29803,99.22656,2025-05-05,644,N21,n,2.0NRT,2.21,D,0.39,0.36,,,,,,firms,VIIRS,VIIRS_NOAA21_NRT
0.31845,99.2486,2025-05-05,644,N21,n,2.0NRT,2.6,D,0.39,0.36,,,,,,firms,VIIRS,VIIRS_NOAA21_NRT
0.3677,99.43723,2025-05-05,644,N21,n,2.0NRT,9.41,D,0.39,0.36,,,,,,firms,VIIRS,VIIRS_NOAA21_NRT
1.26204,99.23824,2025-05-05,644,N21,n,2.0NRT,3.45,D,0.39,0.36,,,,,,firms,VIIRS,VIIRS_NOAA21_NRT
2.44797,112.005,2025-05-05,644,N21,n,2.0NRT,5.33,D,0.62,0.71,,,,,,firms,VIIRS,VIIRS_NOAA21_NRT
2.44801,112.00397,2025-05-05,644,N21,n,2.0NRT,6.96,D,0.62,0.71,,,,,,firms,VIIRS,VIIRS_NOAA21_NRT
4.55659,103.45745,2025-05-05,644,N21,n,2.0NRT,7.64,D,0.52,0.42,,,,,,firms,VIIRS,VIIRS_NOAA21_NRT
4.50446,96.03498,2025-05-05,646,N21,n,2.0NRT,2.15,D,0.47,0.4,,,,,,firms,VIIRS,VIIRS_NOAA21_NRT
-1.46009,127.43162,2025-05-05,1603,N21,n,2.0NRT,6.63,N,0.7,0.75,,,,,,firms,VIIRS,VIIRS_NOAA21_NRT
-1.45952,127.43725,2025-05-05,1603,N21,n,2.0NRT,4.46,N,0.7,0.75,,,,,,firms,VIIRS,VIIRS_NOAA21_NRT
-1.14611,136.03339,2025-05-05,1603,N21,n,2.0NRT,0.97,N,0.55,0.43,,,,,,firms,VIIRS,VIIRS_NOAA21_NRT
1.20667,118.00295,2025-05-05,1741,N21,n,2.0NRT,1.01,N,0.43,0.38,,,,,,firms,VIIRS,VIIRS_NOAA21_NRT
1.49458,127.64065,2025-05-05,1741,N21,n,2.0NRT,2.11,N,0.59,0.7,,,,,,firms,VIIRS,VIIRS_NOAA21_NRT
3.27668,113.07335,2025-05-05,1741,N21,n,2.0NRT,0.97,N,0.46,0.39,,,,,,firms,VIIRS,VIIRS_NOAA21_NRT
3.27795,113.06506,2025-05-05,1741,N21,n,2.0NRT,1.7,N,0.46,0.39,,,,,,firms,VIIRS,VIIRS_NOAA21_NRT
3.28978,113.0836,2025-05-05,1741,N21,n,2.0NRT,0.72,N,0.46,0.39,,,,,,firms,VIIRS,VIIRS_NOAA21_NRT
3.60597,112.41068,2025-05-05,1741,N21,n,2.0NRT,2.27,N,0.5,0.41,,,,,,firms,VIIRS,VIIRS_NOAA21_NRT
3.62857,112.67889,2025-05-05,1741,N21,n,2.0NRT,0.61,N,0.49,0.4,,,,,,firms,VIIRS,VIIRS_NOAA21_NRT
4.67075,114.46228,2025-05-05,1741,N21,n,2.0NRT,3.08,N,0.42,0.37,,,,,,firms,VIIRS,VIIRS_NOAA21_NRT
4.67564,113.85476,2025-05-05,1741,N21,n,2.0NRT,3.04,N,0.44,0.38,,,,,,firms,VIIRS,VIIRS_NOAA21_NRT
4.70162,113.94243,2025-05-05,1741,N21,n,2.0NRT,3.72,N,0.43,0.38,,,,,,firms,VIIRS,VIIRS_NOAA21_NRT
4.74184,113.72758,2025-05-05,1741,N21,n,2.0NRT,1.81,N,0.44,0.39,,,,,,firms,VIIRS,VIIRS_NOAA21_NRT
-4.29044,104.82079,2025-05-05,1743,N21,n,2.0NRT,0.67,N,0.4,0.6,,,,,,firms,VIIRS,VIIRS_NOAA21_NRT
-3.86527,115.19347,2025-05-05,1743,N21,n,2.0NRT,2.11,N,0.39,0.36,,,,,,firms,VIIRS,VIIRS_NOAA21_NRT
-3.02461,113.75712,2025-05-05,1743,N21,n,2.0NRT,0.97,N,0.39,0.36,,,,,,firms,VIIRS,VIIRS_NOAA21_NRT
-3.02406,113.75362,2025-05-05,1743,N21,n,2.0NRT,0.97,N,0.39,0.36,,,,,,firms,VIIRS,VIIRS_NOAA21_NRT
-2.21153,115.49723,2025-05-05,1743,N21,n,2.0NRT,2.82,N,0.39,0.36,,,,,,firms,VIIRS,VIIRS_NOAA21_NRT
-2.17208,115.57049,2025-05-05,1743,N21,n,2.0NRT,1.29,N,0.39,0.36,,,,,,firms,VIIRS,VIIRS_NOAA21_NRT
-2.16599,115.57496,2025-05-05,1743,N21,n,2.0NRT,1.45,N,0.39,0.36,,,,,,firms,VIIRS,VIIRS_NOAA21_NRT
-2.16009,115.58348,2025-05-05,1743,N21,n,2.0NRT,0.71,N,0.39,0.36,,,,,,firms,VIIRS,VIIRS_NOAA21_NRT
-2.06307,115.57014,2025-05-05,1743,N21,n,2.0NRT,1.11,N,0.39,0.36,,,,,,firms,VIIRS,VIIRS_NOAA21_NRT
-1.98176,114.24474,2025-05-05,1743,N21,n,2.0NRT,0.48,N,0.39,0.36,,,,,,firms,VIIRS,VIIRS_NOAA21_NRT
-1.9029,103.01142,2025-05-05,1743,N21,n,2.0NRT,1.09,N,0.59,0.7,,,,,,firms,VIIRS,VIIRS_NOAA21_NRT
-1.89466,115.86585,2025-05-05,1743,N21,n,2.0NRT,1.76,N,0.39,0.36,,,,,,firms,VIIRS,VIIRS_NOAA21_NRT
-1.45635,114.58558,2025-05-05,1743,N21,n,2.0NRT,0.79,N,0.39,0.36,,,,,,firms,VIIRS,VIIRS_NOAA21_NRT
-1.45305,114.58609,2025-05-05,1743,N21,n,2.0NRT,0.86,N,0.39,0.36,,,,,,firms,VIIRS,VIIRS_NOAA21_NRT
-1.24727,116.81577,2025-05-05,1743,N21,n,2.0NRT,2.03,N,0.41,0.37,,,,,,firms,VIIRS,VIIRS_NOAA21_NRT
-1.2467,116.81213,2025-05-05,1743,N21,n,2.0NRT,2.25,N,0.41,0.37,,,,,,firms,VIIRS,VIIRS_NOAA21_NRT
-1.19772,114.73551,2025-05-05,1743,N21,n,2.0NRT,1.4,N,0.39,0.36,,,,,,firms,VIIRS,VIIRS_NOAA21_NRT
-1.16975,114.70815,2025-05-05,1743,N21,n,2.0NRT,0.4,N,0.39,0.36,,,,,,firms,VIIRS,VIIRS_NOAA21_NRT
0.10675,117.47211,2025-05-05,1743,N21,n,2.0NRT,0.31,N,0.42,0.38,,,,,,firms,VIIRS,VIIRS_NOAA21_NRT
0.67491,117.5658,2025-05-05,1743,N21,n,2.0NRT,2.67,N,0.42,0.37,,,,,,firms,VIIRS,VIIRS_NOAA21_NRT
0.67891,117.56265,2025-05-05,1743,N21,n,2.0NRT,1.27,N,0.42,0.37,,,,,,firms,VIIRS,VIIRS_NOAA21_NRT
0.6869,117.55627,2025-05-05,1743,N21,n,2.0NRT,1.68,N,0.42,0.37,,,,,,firms,VIIRS,VIIRS_NOAA21_NRT
0.68698,117.4654,2025-05-05,1743,N21,n,2.0NRT,0.95,N,0.41,0.37,,,,,,firms,VIIRS,VIIRS_NOAA21_NRT
0.68707,117.55586,2025-05-05,1743,N21,n,2.0NRT,1.67,N,0.42,0.37,,,,,,firms,VIIRS,VIIRS_NOAA21_NRT
0.68862,117.54517,2025-05-05,1743,N21,n,2.0NRT,8.43,N,0.42,0.37,,,,,,firms,VIIRS,VIIRS_NOAA21_NRT
0.68883,117.54475,2025-05-05,1743,N21,n,2.0NRT,7.99,N,0.42,0.37,,,,,,firms,VIIRS,VIIRS_NOAA21_NRT
0.69225,117.5453,2025-05-05,1743,N21,n,2.0NRT,7.99,N,0.42,0.37,,,,,,firms,VIIRS,VIIRS_NOAA21_NRT
1.28041,103.71202,2025-05-05,1743,N21,n,2.0NRT,3.67,N,0.59,0.7,,,,,,firms,VIIRS,VIIRS_NOAA21_NRT
1.28683,103.71294,2025-05-05,1743,N21,n,2.0NRT,3.67,N,0.59,0.7,,,,,,firms,VIIRS,VIIRS_NOAA21_NRT
1.37545,104.15833,2025-05-05,1743,N21,n,2.0NRT,2.71,N,0.55,0.68,,,,,,firms,VIIRS,VIIRS_NOAA21_NRT
1.38037,104.1556,2025-05-05,1743,N21,n,2.0NRT,2.53,N,0.55,0.68,,,,,,firms,VIIRS,VIIRS_NOAA21_NRT
2.74065,102.39355,2025-05-05,1743,N21,n,2.0NRT,1.83,N,0.77,0.77,,,,,,firms,VIIRS,VIIRS_NOAA21_NRT
-8.74781,115.4874,2025-05-05,1745,N21,n,2.0NRT,1.83,N,0.42,0.37,,,,,,firms,VIIRS,VIIRS_NOAA21_NRT
-8.27495,123.51642,2025-05-05,1745,N21,n,2.0NRT,2.03,N,0.43,0.62,,,,,,firms,VIIRS,VIIRS_NOAA21_NRT
-8.11699,114.05699,2025-05-05,1745,N21,n,2.0NRT,1.09,N,0.39,0.36,,,,,,firms,VIIRS,VIIRS_NOAA21_NRT
-8.11348,112.92397,2025-05-05,1745,N21,n,2.0NRT,13.82,N,0.39,0.36,,,,,,firms,VIIRS,VIIRS_NOAA21_NRT
-7.54399,110.44206,2025-05-05,1745,N21,n,2.0NRT,0.9,N,0.47,0.4,,,,,,firms,VIIRS,VIIRS_NOAA21_NRT
-7.24175,111.73304,2025-05-05,1745,N21,n,2.0NRT,2.44,N,0.42,0.37,,,,,,firms,VIIRS,VIIRS_NOAA21_NRT
-6.81658,111.88503,2025-05-05,1745,N21,n,2.0NRT,0.75,N,0.42,0.37,,,,,,firms,VIIRS,VIIRS_NOAA21_NRT
-6.80416,111.5462,2025-05-05,1745,N21,n,2.0NRT,0.73,N,0.43,0.38,,,,,,firms,VIIRS,VIIRS_NOAA21_NRT
-6.80355,111.54238,2025-05-05,1745,N21,n,2.0NRT,0.73,N,0.43,0.38,,,,,,firms,VIIRS,VIIRS_NOAA21_NRT
-6.54807,108.09279,2025-05-05,1745,N21,n,2.0NRT,0.52,N,0.44,0.46,,,,,,firms,VIIRS,VIIRS_NOAA21_NRT
-6.42249,106.43882,2025-05-05,1745,N21,n,2.0NRT,0.92,N,0.57,0.52,,,,,,firms,VIIRS,VIIRS_NOAA21_NRT
-6.18213,106.35641,2025-05-05,1745,N21,n,2.0NRT,0.9,N,0.59,0.53,,,,,,firms,VIIRS,VIIRS_NOAA21_NRT
-6.0983,106.67254,2025-05-05,1745,N21,n,2.0NRT,1.41,N,0.56,0.51,,,,,,firms,VIIRS,VIIRS_NOAA21_NRT
-6.01072,105.98553,2025-05-05,1745,N21,n,2.0NRT,2.94,N,0.63,0.54,,,,,,firms,VIIRS,VIIRS_NOAA21_NRT
-4.83662,105.77731,2025-05-05,1745,N21,n,2.0NRT,2.17,N,0.34,0.56,,,,,,firms,VIIRS,VIIRS_NOAA21_NRT
-4.8361,105.77429,2025-05-05,1745,N21,n,2.0NRT,3.75,N,0.34,0.56,,,,,,firms,VIIRS,VIIRS_NOAA21_NRT
-4.83152,105.77817,2025-05-05,1745,N21,n,2.0NRT,2.17,N,0.34,0.56,,,,,,firms,VIIRS,VIIRS_NOAA21_NRT
-4.831,105.77515,2025-05-05,1745,N21,n,2.0NRT,3.75,N,0.34,0.56,,,,,,firms,VIIRS,VIIRS_NOAA21_NRT
-4.82996,105.76913,2025-05-05,1745,N21,n,2.0NRT,2.02,N,0.34,0.56,,,,,,firms,VIIRS,VIIRS_NOAA21_NRT
4.55705,103.45866,2025-05-05,1921,N21,n,2.0NRT,3.72,N,0.63,0.72,,,,,,firms,VIIRS,VIIRS_NOAA21_NRT
4.55779,103.4593,2025-05-05,1921,N21,n,2.0NRT,3.32,N,0.63,0.72,,,,,,firms,VIIRS,VIIRS_NOAA21_NRT
1.28266,103.71999,2025-05-05,1923,N21,n,2.0NRT,5.82,N,0.75,0.77,,,,,,firms,VIIRS,VIIRS_NOAA21_NRT
1.28451,103.71511,2025-05-05,1923,N21,n,2.0NRT,4.28,N,0.75,0.77,,,,,,firms,VIIRS,VIIRS_NOAA21_NRT
1.66962,101.47601,2025-05-05,1923,N21,n,2.0NRT,7.67,N,0.51,0.66,,,,,,firms,VIIRS,VIIRS_NOAA21_NRT
1.67092,101.4773,2025-05-05,1923,N21,n,2.0NRT,8.55,N,0.51,0.66,,,,,,firms,VIIRS,VIIRS_NOAA21_NRT
-4.12433,140.18651,2025-05-06,442,N21,n,2.0NRT,3.98,D,0.35,0.57,,,,,,firms,VIIRS,VIIRS_NOAA21_NRT
-3.92316,136.43234,2025-05-06,442,N21,n,2.0NRT,10.03,D,0.4,0.44,,,,,,firms,VIIRS,VIIRS_NOAA21_NRT
-3.70342,138.99501,2025-05-06,442,N21,n,2.0NRT,6.94,D,0.6,0.53,,,,,,firms,VIIRS,VIIRS_NOAA21_NRT
-2.67243,140.51555,2025-05-06,442,N21,n,2.0NRT,11.73,D,0.39,0.6,,,,,,firms,VIIRS,VIIRS_NOAA21_NRT
-2.67185,140.51903,2025-05-06,442,N21,n,2.0NRT,11.73,D,0.39,0.6,,,,,,firms,VIIRS,VIIRS_NOAA21_NRT
-2.67111,140.51495,2025-05-06,442,N21,n,2.0NRT,11.2,D,0.39,0.6,,,,,,firms,VIIRS,VIIRS_NOAA21_NRT
-2.67056,140.5184,2025-05-06,442,N21,l,2.0NRT,11.2,D,0.39,0.6,,,,,,firms,VIIRS,VIIRS_NOAA21_NRT
-2.57757,121.37794,2025-05-06,442,N21,n,2.0NRT,11.65,D,0.41,0.61,,,,,,firms,VIIRS,VIIRS_NOAA21_NRT
-0.8531,133.23517,2025-05-06,442,N21,n,2.0NRT,2.49,D,0.44,0.38,,,,,,firms,VIIRS,VIIRS_NOAA21_NRT
-0.8514,133.2229,2025-05-06,442,N21,n,2.0NRT,17.12,D,0.44,0.38,,,,,,firms,VIIRS,VIIRS_NOAA21_NRT
-0.8392,133.20897,2025-05-06,442,N21,n,2.0NRT,16.14,D,0.44,0.38,,,,,,firms,VIIRS,VIIRS_NOAA21_NRT
-1.29277,121.6926,2025-05-06,444,N21,n,2.0NRT,5.02,D,0.37,0.58,,,,,,firms,VIIRS,VIIRS_NOAA21_NRT
0.58499,121.61787,2025-05-06,444,N21,n,2.0NRT,3.17,D,0.35,0.57,,,,,,firms,VIIRS,VIIRS_NOAA21_NRT
-7.70261,108.99422,2025-05-06,622,N21,n,2.0NRT,6.06,D,0.42,0.38,,,,,,firms,VIIRS,VIIRS_NOAA21_NRT
-7.69511,108.99692,2025-05-06,622,N21,n,2.0NRT,2.69,D,0.42,0.38,,,,,,firms,VIIRS,VIIRS_NOAA21_NRT
-6.5014,107.80665,2025-05-06,622,N21,n,2.0NRT,3.3,D,0.4,0.37,,,,,,firms,VIIRS,VIIRS_NOAA21_NRT
-5.53238,105.67389,2025-05-06,622,N21,n,2.0NRT,5.05,D,0.39,0.36,,,,,,firms,VIIRS,VIIRS_NOAA21_NRT
-5.42309,105.69923,2025-05-06,622,N21,n,2.0NRT,2.78,D,0.39,0.36,,,,,,firms,VIIRS,VIIRS_NOAA21_NRT
-5.41699,105.69476,2025-05-06,622,N21,n,2.0NRT,1.64,D,0.39,0.36,,,,,,firms,VIIRS,VIIRS_NOAA21_NRT
-3.20604,102.42304,2025-05-06,622,N21,n,2.0NRT,7.85,D,0.48,0.4,,,,,,firms,VIIRS,VIIRS_NOAA21_NRT
-3.19996,101.7747,2025-05-06,622,N21,n,2.0NRT,7.46,D,0.52,0.41,,,,,,firms,VIIRS,VIIRS_NOAA21_NRT
-3.15522,101.81519,2025-05-06,622,N21,n,2.0NRT,11.27,D,0.51,0.41,,,,,,firms,VIIRS,VIIRS_NOAA21_NRT
-3.09605,101.87686,2025-05-06,622,N21,n,2.0NRT,25.21,D,0.51,0.41,,,,,,firms,VIIRS,VIIRS_NOAA21_NRT
-3.09227,101.8765,2025-05-06,622,N21,n,2.0NRT,3.34,D,0.51,0.41,,,,,,firms,VIIRS,VIIRS_NOAA21_NRT
-3.08432,101.93059,2025-05-06,622,N21,n,2.0NRT,2.39,D,0.5,0.41,,,,,,firms,VIIRS,VIIRS_NOAA21_NRT
-3.07958,101.85259,2025-05-06,622,N21,n,2.0NRT,27.81,D,0.51,0.41,,,,,,firms,VIIRS,VIIRS_NOAA21_NRT
-3.07442,101.91984,2025-05-06,622,N21,n,2.0NRT,5.03,D,0.5,0.41,,,,,,firms,VIIRS,VIIRS_NOAA21_NRT
-3.03814,101.79573,2025-05-06,622,N21,n,2.0NRT,7.88,D,0.51,0.41,,,,,,firms,VIIRS,VIIRS_NOAA21_NRT
-2.88165,101.62521,2025-05-06,622,N21,n,2.0NRT,8.83,D,0.52,0.42,,,,,,firms,VIIRS,VIIRS_NOAA21_NRT
-2.82221,101.55435,2025-05-06,622,N21,n,2.0NRT,28.29,D,0.53,0.42,,,,,,firms,VIIRS,VIIRS_NOAA21_NRT
-2.81994,101.52225,2025-05-06,622,N21,n,2.0NRT,4.82,D,0.53,0.42,,,,,,firms,VIIRS,VIIRS_NOAA21_NRT
-2.81862,101.52576,2025-05-06,622,N21,n,2.0NRT,4.88,D,0.53,0.42,,,,,,firms,VIIRS,VIIRS_NOAA21_NRT
-2.69268,101.49187,2025-05-06,622,N21,n,2.0NRT,26.84,D,0.53,0.42,,,,,,firms,VIIRS,VIIRS_NOAA21_NRT
-2.64452,102.65567,2025-05-06,622,N21,n,2.0NRT,5.35,D,0.46,0.39,,,,,,firms,VIIRS,VIIRS_NOAA21_NRT
-2.53433,102.81306,2025-05-06,622,N21,n,2.0NRT,3.27,D,0.45,0.39,,,,,,firms,VIIRS,VIIRS_NOAA21_NRT
-2.21963,103.04987,2025-05-06,622,N21,n,2.0NRT,5.16,D,0.44,0.38,,,,,,firms,VIIRS,VIIRS_NOAA21_NRT
-1.82256,101.29926,2025-05-06,622,N21,n,2.0NRT,2.99,D,0.53,0.42,,,,,,firms,VIIRS,VIIRS_NOAA21_NRT
-1.8189,100.87267,2025-05-06,622,N21,n,2.0NRT,4.22,D,0.56,0.43,,,,,,firms,VIIRS,VIIRS_NOAA21_NRT
-1.81866,100.87573,2025-05-06,622,N21,n,2.0NRT,4.19,D,0.56,0.43,,,,,,firms,VIIRS,VIIRS_NOAA21_NRT
-1.80668,105.40826,2025-05-06,622,N21,n,2.0NRT,14.43,D,0.38,0.36,,,,,,firms,VIIRS,VIIRS_NOAA21_NRT
-1.54017,100.67524,2025-05-06,622,N21,n,2.0NRT,5.0,D,0.57,0.43,,,,,,firms,VIIRS,VIIRS_NOAA21_NRT
-1.53889,100.67802,2025-05-06,622,N21,n,2.0NRT,4.92,D,0.57,0.43,,,,,,firms,VIIRS,VIIRS_NOAA21_NRT
-0.48138,100.94517,2025-05-06,622,N21,n,2.0NRT,7.05,D,0.53,0.42,,,,,,firms,VIIRS,VIIRS_NOAA21_NRT
-0.08172,100.10277,2025-05-06,622,N21,n,2.0NRT,3.32,D,0.39,0.44,,,,,,firms,VIIRS,VIIRS_NOAA21_NRT
0.15253,110.08543,2025-05-06,622,N21,n,2.0NRT,14.89,D,0.4,0.44,,,,,,firms,VIIRS,VIIRS_NOAA21_NRT
0.1571,110.08835,2025-05-06,622,N21,n,2.0NRT,4.75,D,0.4,0.44,,,,,,firms,VIIRS,VIIRS_NOAA21_NRT
0.20155,109.74674,2025-05-06,622,N21,n,2.0NRT,10.09,D,0.57,0.43,,,,,,firms,VIIRS,VIIRS_NOAA21_NRT
0.24965,109.77051,2025-05-06,622,N21,n,2.0NRT,2.9,D,0.57,0.43,,,,,,firms,VIIRS,VIIRS_NOAA21_NRT
0.37882,103.15852,2025-05-06,622,N21,n,2.0NRT,4.8,D,0.41,0.37,,,,,,firms,VIIRS,VIIRS_NOAA21_NRT
0.44762,109.67338,2025-05-06,622,N21,n,2.0NRT,9.99,D,0.56,0.43,,,,,,firms,VIIRS,VIIRS_NOAA21_NRT
0.45808,109.23949,2025-05-06,622,N21,n,2.0NRT,7.53,D,0.53,0.42,,,,,,firms,VIIRS,VIIRS_NOAA21_NRT
0.50363,109.40941,2025-05-06,622,N21,n,2.0NRT,10.05,D,0.55,0.42,,,,,,firms,VIIRS,VIIRS_NOAA21_NRT
0.53072,109.74668,2025-05-06,622,N21,n,2.0NRT,5.39,D,0.57,0.43,,,,,,firms,VIIRS,VIIRS_NOAA21_NRT
0.66296,113.04938,2025-05-06,622,N21,n,2.0NRT,2.15,D,0.32,0.54,,,,,,firms,VIIRS,VIIRS_NOAA21_NRT
0.91635,109.11497,2025-05-06,622,N21,n,2.0NRT,6.09,D,0.53,0.42,,,,,,firms,VIIRS,VIIRS_NOAA21_NRT
0.91708,109.1197,2025-05-06,622,N21,n,2.0NRT,6.09,D,0.53,0.42,,,,,,firms,VIIRS,VIIRS_NOAA21_NRT
1.03885,109.2312,2025-05-06,622,N21,n,2.0NRT,7.68,D,0.54,0.42,,,,,,firms,VIIRS,VIIRS_NOAA21_NRT
-5.10516,105.59995,2025-05-06,625,N21,n,2.0NRT,3.17,D,0.39,0.36,,,,,,firms,VIIRS,VIIRS_NOAA21_NRT
-4.94351,105.76939,2025-05-06,625,N21,n,2.0NRT,11.19,D,0.39,0.36,,,,,,firms,VIIRS,VIIRS_NOAA21_NRT
-4.74678,103.36671,2025-05-06,625,N21,n,2.0NRT,2.14,D,0.45,0.39,,,,,,firms,VIIRS,VIIRS_NOAA21_NRT
-4.73232,104.66646,2025-05-06,625,N21,n,2.0NRT,1.82,D,0.4,0.37,,,,,,firms,VIIRS,VIIRS_NOAA21_NRT
-4.59167,103.21798,2025-05-06,625,N21,n,2.0NRT,14.74,D,0.45,0.39,,,,,,firms,VIIRS,VIIRS_NOAA21_NRT
-4.55486,104.04405,2025-05-06,625,N21,n,2.0NRT,4.61,D,0.42,0.38,,,,,,firms,VIIRS,VIIRS_NOAA21_NRT
-4.33339,104.74835,2025-05-06,625,N21,n,2.0NRT,2.97,D,0.4,0.37,,,,,,firms,VIIRS,VIIRS_NOAA21_NRT
-4.27936,103.05466,2025-05-06,625,N21,n,2.0NRT,4.17,D,0.46,0.39,,,,,,firms,VIIRS,VIIRS_NOAA21_NRT
-4.23077,102.9628,2025-05-06,625,N21,n,2.0NRT,6.74,D,0.46,0.39,,,,,,firms,VIIRS,VIIRS_NOAA21_NRT
-4.18719,104.18238,2025-05-06,625,N21,n,2.0NRT,2.91,D,0.41,0.37,,,,,,firms,VIIRS,VIIRS_NOAA21_NRT
-3.96358,102.61622,2025-05-06,625,N21,n,2.0NRT,18.38,D,0.47,0.4,,,,,,firms,VIIRS,VIIRS_NOAA21_NRT
-3.80701,103.81847,2025-05-06,625,N21,n,2.0NRT,13.52,D,0.42,0.38,,,,,,firms,VIIRS,VIIRS_NOAA21_NRT
-3.79612,103.82069,2025-05-06,625,N21,l,2.0NRT,4.63,D,0.42,0.38,,,,,,firms,VIIRS,VIIRS_NOAA21_NRT
-3.45765,104.29578,2025-05-06,625,N21,n,2.0NRT,1.99,D,0.4,0.37,,,,,,firms,VIIRS,VIIRS_NOAA21_NRT
-3.43783,105.45629,2025-05-06,625,N21,n,2.0NRT,4.91,D,0.39,0.36,,,,,,firms,VIIRS,VIIRS_NOAA21_NRT
-3.4002,104.3791,2025-05-06,625,N21,n,2.0NRT,4.03,D,0.4,0.37,,,,,,firms,VIIRS,VIIRS_NOAA21_NRT
-3.39049,104.44353,2025-05-06,625,N21,n,2.0NRT,1.49,D,0.4,0.37,,,,,,firms,VIIRS,VIIRS_NOAA21_NRT
-3.38457,104.39143,2025-05-06,625,N21,n,2.0NRT,2.75,D,0.4,0.37,,,,,,firms,VIIRS,VIIRS_NOAA21_NRT
-3.37985,104.35404,2025-05-06,625,N21,n,2.0NRT,3.91,D,0.4,0.37,,,,,,firms,VIIRS,VIIRS_NOAA21_NRT
-3.29043,104.13335,2025-05-06,625,N21,n,2.0NRT,2.25,D,0.41,0.37,,,,,,firms,VIIRS,VIIRS_NOAA21_NRT
-3.13844,104.6728,2025-05-06,625,N21,n,2.0NRT,4.73,D,0.39,0.36,,,,,,firms,VIIRS,VIIRS_NOAA21_NRT
-3.1351,104.67229,2025-05-06,625,N21,n,2.0NRT,4.73,D,0.39,0.36,,,,,,firms,VIIRS,VIIRS_NOAA21_NRT
-2.73282,106.46688,2025-05-06,625,N21,n,2.0NRT,11.24,D,0.39,0.36,,,,,,firms,VIIRS,VIIRS_NOAA21_NRT
-2.67979,106.47932,2025-05-06,625,N21,n,2.0NRT,5.0,D,0.39,0.36,,,,,,firms,VIIRS,VIIRS_NOAA21_NRT
-2.67647,106.47881,2025-05-06,625,N21,n,2.0NRT,5.0,D,0.39,0.36,,,,,,firms,VIIRS,VIIRS_NOAA21_NRT
0.25493,99.23532,2025-05-06,625,N21,n,2.0NRT,8.35,D,0.44,0.46,,,,,,firms,VIIRS,VIIRS_NOAA21_NRT
0.25614,99.24317,2025-05-06,625,N21,n,2.0NRT,5.64,D,0.44,0.46,,,,,,firms,VIIRS,VIIRS_NOAA21_NRT
0.28402,99.22713,2025-05-06,625,N21,n,2.0NRT,10.0,D,0.44,0.46,,,,,,firms,VIIRS,VIIRS_NOAA21_NRT
0.38834,100.09783,2025-05-06,625,N21,n,2.0NRT,5.01,D,0.39,0.44,,,,,,firms,VIIRS,VIIRS_NOAA21_NRT
0.51805,99.4797,2025-05-06,625,N21,n,2.0NRT,3.31,D,0.42,0.45,,,,,,firms,VIIRS,VIIRS_NOAA21_NRT
0.8294,99.02924,2025-05-06,625,N21,n,2.0NRT,7.72,D,0.45,0.47,,,,,,firms,VIIRS,VIIRS_NOAA21_NRT
1.07298,99.30396,2025-05-06,625,N21,n,2.0NRT,10.7,D,0.43,0.46,,,,,,firms,VIIRS,VIIRS_NOAA21_NRT
1.07596,99.30718,2025-05-06,625,N21,n,2.0NRT,6.75,D,0.43,0.46,,,,,,firms,VIIRS,VIIRS_NOAA21_NRT
1.08015,99.30675,2025-05-06,625,N21,n,2.0NRT,6.75,D,0.43,0.46,,,,,,firms,VIIRS,VIIRS_NOAA21_NRT
1.09893,98.92033,2025-05-06,625,N21,n,2.0NRT,9.55,D,0.45,0.47,,,,,,firms,VIIRS,VIIRS_NOAA21_NRT
1.2844,103.71497,2025-05-06,625,N21,n,2.0NRT,3.89,D,0.39,0.36,,,,,,firms,VIIRS,VIIRS_NOAA21_NRT
1.34705,99.12367,2025-05-06,625,N21,n,2.0NRT,4.74,D,0.43,0.46,,,,,,firms,VIIRS,VIIRS_NOAA21_NRT
1.35853,103.55548,2025-05-06,625,N21,l,2.0NRT,7.03,D,0.4,0.37,,,,,,firms,VIIRS,VIIRS_NOAA21_NRT
1.3931,97.20709,2025-05-06,625,N21,n,2.0NRT,6.94,D,0.58,0.52,,,,,,firms,VIIRS,VIIRS_NOAA21_NRT
1.51426,98.77631,2025-05-06,625,N21,n,2.0NRT,3.83,D,0.45,0.47,,,,,,firms,VIIRS,VIIRS_NOAA21_NRT
1.67252,101.47394,2025-05-06,625,N21,n,2.0NRT,10.24,D,0.47,0.4,,,,,,firms,VIIRS,VIIRS_NOAA21_NRT
1.98348,98.70423,2025-05-06,625,N21,n,2.0NRT,7.01,D,0.45,0.47,,,,,,firms,VIIRS,VIIRS_NOAA21_NRT
2.12537,98.88593,2025-05-06,625,N21,n,2.0NRT,3.33,D,0.44,0.46,,,,,,firms,VIIRS,VIIRS_NOAA21_NRT
2.26691,102.17891,2025-05-06,625,N21,n,2.0NRT,5.48,D,0.43,0.38,,,,,,firms,VIIRS,VIIRS_NOAA21_NRT
2.29118,98.72948,2025-05-06,625,N21,n,2.0NRT,9.68,D,0.45,0.47,,,,,,firms,VIIRS,VIIRS_NOAA21_NRT
2.29139,98.72859,2025-05-06,625,N21,n,2.0NRT,9.64,D,0.45,0.47,,,,,,firms,VIIRS,VIIRS_NOAA21_NRT
2.83216,101.5396,2025-05-06,625,N21,n,2.0NRT,6.02,D,0.45,0.39,,,,,,firms,VIIRS,VIIRS_NOAA21_NRT
2.91319,101.29823,2025-05-06,625,N21,l,2.0NRT,7.86,D,0.46,0.39,,,,,,firms,VIIRS,VIIRS_NOAA21_NRT
2.94476,101.38171,2025-05-06,625,N21,n,2.0NRT,5.26,D,0.46,0.39,,,,,,firms,VIIRS,VIIRS_NOAA21_NRT
2.9839,101.77308,2025-05-06,625,N21,l,2.0NRT,4.25,D,0.44,0.38,,,,,,firms,VIIRS,VIIRS_NOAA21_NRT
3.05222,113.90135,2025-05-06,625,N21,n,2.0NRT,5.47,D,0.4,0.6,,,,,,firms,VIIRS,VIIRS_NOAA21_NRT
3.26529,103.26189,2025-05-06,625,N21,n,2.0NRT,3.62,D,0.39,0.36,,,,,,firms,VIIRS,VIIRS_NOAA21_NRT
3.27075,113.06339,2025-05-06,625,N21,n,2.0NRT,5.26,D,0.35,0.57,,,,,,firms,VIIRS,VIIRS_NOAA21_NRT
3.27641,113.06578,2025-05-06,625,N21,h,2.0NRT,12.9,D,0.35,0.57,,,,,,firms,VIIRS,VIIRS_NOAA21_NRT
3.2778,113.07499,2025-05-06,625,N21,n,2.0NRT,5.93,D,0.35,0.57,,,,,,firms,VIIRS,VIIRS_NOAA21_NRT
3.27807,113.06662,2025-05-06,625,N21,h,2.0NRT,13.37,D,0.35,0.57,,,,,,firms,VIIRS,VIIRS_NOAA21_NRT
3.27894,113.07269,2025-05-06,625,N21,n,2.0NRT,7.63,D,0.35,0.57,,,,,,firms,VIIRS,VIIRS_NOAA21_NRT
3.28641,113.08784,2025-05-06,625,N21,h,2.0NRT,39.26,D,0.35,0.57,,,,,,firms,VIIRS,VIIRS_NOAA21_NRT
3.52345,113.31459,2025-05-06,625,N21,n,2.0NRT,5.48,D,0.37,0.58,,,,,,firms,VIIRS,VIIRS_NOAA21_NRT
3.53875,99.16262,2025-05-06,625,N21,n,2.0NRT,2.36,D,0.4,0.44,,,,,,firms,VIIRS,VIIRS_NOAA21_NRT
3.60419,112.41147,2025-05-06,625,N21,n,2.0NRT,3.75,D,0.32,0.55,,,,,,firms,VIIRS,VIIRS_NOAA21_NRT
3.7128,98.63493,2025-05-06,625,N21,n,2.0NRT,2.35,D,0.43,0.46,,,,,,firms,VIIRS,VIIRS_NOAA21_NRT
3.7307,115.51131,2025-05-06,625,N21,n,2.0NRT,18.44,D,0.53,0.67,,,,,,firms,VIIRS,VIIRS_NOAA21_NRT
3.73092,115.51289,2025-05-06,625,N21,h,2.0NRT,23.4,D,0.53,0.67,,,,,,firms,VIIRS,VIIRS_NOAA21_NRT
3.73139,115.51597,2025-05-06,625,N21,h,2.0NRT,19.58,D,0.53,0.67,,,,,,firms,VIIRS,VIIRS_NOAA21_NRT
3.74143,98.49182,2025-05-06,625,N21,n,2.0NRT,7.2,D,0.44,0.46,,,,,,firms,VIIRS,VIIRS_NOAA21_NRT
3.74205,98.49572,2025-05-06,625,N21,n,2.0NRT,7.2,D,0.44,0.46,,,,,,firms,VIIRS,VIIRS_NOAA21_NRT
3.86883,108.23877,2025-05-06,625,N21,n,2.0NRT,10.19,D,0.52,0.41,,,,,,firms,VIIRS,VIIRS_NOAA21_NRT
4.00286,103.34672,2025-05-06,625,N21,l,2.0NRT,6.97,D,0.39,0.36,,,,,,firms,VIIRS,VIIRS_NOAA21_NRT
4.16917,101.60004,2025-05-06,625,N21,n,2.0NRT,2.65,D,0.44,0.38,,,,,,firms,VIIRS,VIIRS_NOAA21_NRT
4.29625,101.95937,2025-05-06,625,N21,n,2.0NRT,4.7,D,0.42,0.38,,,,,,firms,VIIRS,VIIRS_NOAA21_NRT
4.49318,101.14786,2025-05-06,625,N21,l,2.0NRT,5.2,D,0.45,0.39,,,,,,firms,VIIRS,VIIRS_NOAA21_NRT
4.5574,103.45793,2025-05-06,625,N21,n,2.0NRT,6.17,D,0.39,0.36,,,,,,firms,VIIRS,VIIRS_NOAA21_NRT
4.56408,95.77386,2025-05-06,625,N21,n,2.0NRT,4.39,D,0.33,0.55,,,,,,firms,VIIRS,VIIRS_NOAA21_NRT
4.66998,114.46424,2025-05-06,625,N21,n,2.0NRT,7.63,D,0.46,0.64,,,,,,firms,VIIRS,VIIRS_NOAA21_NRT
4.82012,95.52395,2025-05-06,625,N21,n,2.0NRT,4.23,D,0.34,0.56,,,,,,firms,VIIRS,VIIRS_NOAA21_NRT
4.86138,100.69598,2025-05-06,625,N21,n,2.0NRT,6.26,D,0.47,0.4,,,,,,firms,VIIRS,VIIRS_NOAA21_NRT
4.86204,100.70019,2025-05-06,625,N21,n,2.0NRT,6.64,D,0.47,0.4,,,,,,firms,VIIRS,VIIRS_NOAA21_NRT
4.96001,101.51221,2025-05-06,625,N21,n,2.0NRT,7.02,D,0.43,0.38,,,,,,firms,VIIRS,VIIRS_NOAA21_NRT
4.97784,112.98278,2025-05-06,625,N21,n,2.0NRT,8.55,D,0.37,0.58,,,,,,firms,VIIRS,VIIRS_NOAA21_NRT
4.9783,112.98608,2025-05-06,625,N21,h,2.0NRT,9.03,D,0.37,0.58,,,,,,firms,VIIRS,VIIRS_NOAA21_NRT
4.97867,112.98376,2025-05-06,625,N21,h,2.0NRT,12.38,D,0.37,0.58,,,,,,firms,VIIRS,VIIRS_NOAA21_NRT
5.50319,116.18973,2025-05-06,625,N21,n,2.0NRT,5.86,D,0.63,0.72,,,,,,firms,VIIRS,VIIRS_NOAA21_NRT
5.50397,116.18898,2025-05-06,625,N21,n,2.0NRT,4.76,D,0.63,0.72,,,,,,firms,VIIRS,VIIRS_NOAA21_NRT
5.82735,114.34151,2025-05-06,625,N21,n,2.0NRT,10.35,D,0.47,0.64,,,,,,firms,VIIRS,VIIRS_NOAA21_NRT
-2.01089,121.41875,2025-05-06,1724,N21,n,2.0NRT,3.31,N,0.41,0.37,,,,,,firms,VIIRS,VIIRS_NOAA21_NRT
-1.4338,122.40806,2025-05-06,1724,N21,n,2.0NRT,2.65,N,0.44,0.38,,,,,,firms,VIIRS,VIIRS_NOAA21_NRT
-1.38274,122.47935,2025-05-06,1724,N21,n,2.0NRT,1.06,N,0.44,0.38,,,,,,firms,VIIRS,VIIRS_NOAA21_NRT
-0.58352,117.38475,2025-05-06,1724,N21,n,2.0NRT,1.01,N,0.44,0.38,,,,,,firms,VIIRS,VIIRS_NOAA21_NRT
0.092,117.46872,2025-05-06,1724,N21,n,2.0NRT,4.05,N,0.44,0.39,,,,,,firms,VIIRS,VIIRS_NOAA21_NRT
0.1061,117.47091,2025-05-06,1724,N21,n,2.0NRT,1.44,N,0.44,0.39,,,,,,firms,VIIRS,VIIRS_NOAA21_NRT
0.67469,117.56658,2025-05-06,1724,N21,n,2.0NRT,2.07,N,0.44,0.39,,,,,,firms,VIIRS,VIIRS_NOAA21_NRT
0.67513,117.56644,2025-05-06,1724,N21,n,2.0NRT,2.02,N,0.44,0.39,,,,,,firms,VIIRS,VIIRS_NOAA21_NRT
0.67886,117.56312,2025-05-06,1724,N21,n,2.0NRT,2.07,N,0.44,0.39,,,,,,firms,VIIRS,VIIRS_NOAA21_NRT
0.67927,117.56298,2025-05-06,1724,N21,n,2.0NRT,2.02,N,0.44,0.39,,,,,,firms,VIIRS,VIIRS_NOAA21_NRT
1.1805,124.78242,2025-05-06,1724,N21,n,2.0NRT,0.59,N,0.54,0.42,,,,,,firms,VIIRS,VIIRS_NOAA21_NRT
1.49112,127.63543,2025-05-06,1724,N21,n,2.0NRT,0.94,N,0.55,0.51,,,,,,firms,VIIRS,VIIRS_NOAA21_NRT
1.49246,127.63468,2025-05-06,1724,N21,n,2.0NRT,3.52,N,0.55,0.51,,,,,,firms,VIIRS,VIIRS_NOAA21_NRT
1.49573,127.63638,2025-05-06,1724,N21,n,2.0NRT,2.1,N,0.55,0.51,,,,,,firms,VIIRS,VIIRS_NOAA21_NRT
1.69732,127.87595,2025-05-06,1724,N21,n,2.0NRT,2.56,N,0.57,0.52,,,,,,firms,VIIRS,VIIRS_NOAA21_NRT
1.70201,127.87675,2025-05-06,1724,N21,n,2.0NRT,1.6,N,0.57,0.52,,,,,,firms,VIIRS,VIIRS_NOAA21_NRT
4.54266,114.11846,2025-05-06,1724,N21,n,2.0NRT,0.71,N,0.54,0.51,,,,,,firms,VIIRS,VIIRS_NOAA21_NRT
-8.89272,116.48444,2025-05-06,1726,N21,n,2.0NRT,1.85,N,0.41,0.37,,,,,,firms,VIIRS,VIIRS_NOAA21_NRT
-8.11754,114.05646,2025-05-06,1726,N21,n,2.0NRT,1.45,N,0.53,0.42,,,,,,firms,VIIRS,VIIRS_NOAA21_NRT
-8.11517,112.92541,2025-05-06,1726,N21,n,2.0NRT,1.66,N,0.41,0.45,,,,,,firms,VIIRS,VIIRS_NOAA21_NRT
-8.11461,112.9221,2025-05-06,1726,N21,n,2.0NRT,1.66,N,0.41,0.45,,,,,,firms,VIIRS,VIIRS_NOAA21_NRT
-8.11065,112.92356,2025-05-06,1726,N21,n,2.0NRT,7.45,N,0.41,0.45,,,,,,firms,VIIRS,VIIRS_NOAA21_NRT
-7.23888,111.73209,2025-05-06,1726,N21,n,2.0NRT,2.32,N,0.51,0.49,,,,,,firms,VIIRS,VIIRS_NOAA21_NRT
-6.76333,111.96239,2025-05-06,1726,N21,n,2.0NRT,5.59,N,0.5,0.49,,,,,,firms,VIIRS,VIIRS_NOAA21_NRT
-6.76258,111.95789,2025-05-06,1726,N21,n,2.0NRT,5.59,N,0.5,0.49,,,,,,firms,VIIRS,VIIRS_NOAA21_NRT
-2.8247,122.14487,2025-05-06,1726,N21,n,2.0NRT,1.3,N,0.44,0.38,,,,,,firms,VIIRS,VIIRS_NOAA21_NRT
-2.58369,121.37968,2025-05-06,1726,N21,n,2.0NRT,1.25,N,0.41,0.37,,,,,,firms,VIIRS,VIIRS_NOAA21_NRT
-2.58312,121.37598,2025-05-06,1726,N21,n,2.0NRT,7.75,N,0.41,0.37,,,,,,firms,VIIRS,VIIRS_NOAA21_NRT
-2.58255,121.3723,2025-05-06,1726,N21,n,2.0NRT,7.75,N,0.41,0.37,,,,,,firms,VIIRS,VIIRS_NOAA21_NRT
-2.58029,121.38018,2025-05-06,1726,N21,n,2.0NRT,1.25,N,0.41,0.37,,,,,,firms,VIIRS,VIIRS_NOAA21_NRT
-2.57972,121.37649,2025-05-06,1726,N21,n,2.0NRT,7.75,N,0.41,0.37,,,,,,firms,VIIRS,VIIRS_NOAA21_NRT
-2.57915,121.3728,2025-05-06,1726,N21,n,2.0NRT,7.75,N,0.41,0.37,,,,,,firms,VIIRS,VIIRS_NOAA21_NRT
-2.57689,121.3807,2025-05-06,1726,N21,n,2.0NRT,5.54,N,0.41,0.37,,,,,,firms,VIIRS,VIIRS_NOAA21_NRT
-2.57632,121.377,2025-05-06,1726,N21,n,2.0NRT,1.31,N,0.41,0.37,,,,,,firms,VIIRS,VIIRS_NOAA21_NRT
-2.57575,121.37331,2025-05-06,1726,N21,n,2.0NRT,1.31,N,0.41,0.37,,,,,,firms,VIIRS,VIIRS_NOAA21_NRT
-2.57292,121.3775,2025-05-06,1726,N21,n,2.0NRT,1.31,N,0.41,0.37,,,,,,firms,VIIRS,VIIRS_NOAA21_NRT
-2.56952,121.37802,2025-05-06,1726,N21,n,2.0NRT,0.41,N,0.41,0.37,,,,,,firms,VIIRS,VIIRS_NOAA21_NRT
1.10331,104.47842,2025-05-06,1904,N21,n,2.0NRT,1.31,N,0.4,0.6,,,,,,firms,VIIRS,VIIRS_NOAA21_NRT
1.10485,104.47761,2025-05-06,1904,N21,n,2.0NRT,1.62,N,0.4,0.6,,,,,,firms,VIIRS,VIIRS_NOAA21_NRT
1.37774,104.15965,2025-05-06,1904,N21,n,2.0NRT,1.24,N,0.37,0.58,,,,,,firms,VIIRS,VIIRS_NOAA21_NRT
1.37885,104.1603,2025-05-06,1904,N21,n,2.0NRT,1.16,N,0.37,0.58,,,,,,firms,VIIRS,VIIRS_NOAA21_NRT
2.26481,102.12666,2025-05-06,1904,N21,n,2.0NRT,3.38,N,0.52,0.5,,,,,,firms,VIIRS,VIIRS_NOAA21_NRT
2.7393,102.39479,2025-05-06,1904,N21,n,2.0NRT,1.51,N,0.53,0.5,,,,,,firms,VIIRS,VIIRS_NOAA21_NRT
3.99293,103.13757,2025-05-06,1904,N21,n,2.0NRT,1.54,N,0.57,0.52,,,,,,firms,VIIRS,VIIRS_NOAA21_NRT
4.83666,100.6384,2025-05-06,1904,N21,n,2.0NRT,1.76,N,0.57,0.43,,,,,,firms,VIIRS,VIIRS_NOAA21_NRT
4.99796,105.24626,2025-05-06,1904,N21,n,2.0NRT,4.07,N,0.39,0.59,,,,,,firms,VIIRS,VIIRS_NOAA21_NRT
5.00333,105.24722,2025-05-06,1904,N21,n,2.0NRT,4.07,N,0.39,0.59,,,,,,firms,VIIRS,VIIRS_NOAA21_NRT
5.37095,104.89909,2025-05-06,1904,N21,n,2.0NRT,1.68,N,0.36,0.57,,,,,,firms,VIIRS,VIIRS_NOAA21_NRT
5.3715,104.8959,2025-05-06,1904,N21,n,2.0NRT,1.68,N,0.36,0.57,,,,,,firms,VIIRS,VIIRS_NOAA21_NRT
5.72228,100.51493,2025-05-06,1904,N21,n,2.0NRT,1.15,N,0.55,0.42,,,,,,firms,VIIRS,VIIRS_NOAA21_NRT
-3.81665,104.33817,2025-05-06,1906,N21,n,2.0NRT,0.91,N,0.46,0.64,,,,,,firms,VIIRS,VIIRS_NOAA21_NRT
-3.80605,103.81771,2025-05-06,1906,N21,n,2.0NRT,9.78,N,0.42,0.61,,,,,,firms,VIIRS,VIIRS_NOAA21_NRT
-3.72988,103.71722,2025-05-06,1906,N21,n,2.0NRT,1.09,N,0.42,0.61,,,,,,firms,VIIRS,VIIRS_NOAA21_NRT
-3.72933,103.71352,2025-05-06,1906,N21,n,2.0NRT,1.09,N,0.42,0.61,,,,,,firms,VIIRS,VIIRS_NOAA21_NRT
-3.72237,103.71234,2025-05-06,1906,N21,n,2.0NRT,1.15,N,0.42,0.61,,,,,,firms,VIIRS,VIIRS_NOAA21_NRT
-3.42064,104.15063,2025-05-06,1906,N21,n,2.0NRT,0.6,N,0.44,0.62,,,,,,firms,VIIRS,VIIRS_NOAA21_NRT
-2.32658,100.99342,2025-05-06,1906,N21,n,2.0NRT,1.8,N,0.51,0.49,,,,,,firms,VIIRS,VIIRS_NOAA21_NRT
-2.19526,103.45349,2025-05-06,1906,N21,n,2.0NRT,1.38,N,0.38,0.59,,,,,,firms,VIIRS,VIIRS_NOAA21_NRT
-1.57715,103.68451,2025-05-06,1906,N21,n,2.0NRT,0.65,N,0.38,0.59,,,,,,firms,VIIRS,VIIRS_NOAA21_NRT
-1.57426,103.68392,2025-05-06,1906,N21,n,2.0NRT,1.41,N,0.38,0.59,,,,,,firms,VIIRS,VIIRS_NOAA21_NRT
-1.5723,103.68874,2025-05-06,1906,N21,n,2.0NRT,0.65,N,0.38,0.59,,,,,,firms,VIIRS,VIIRS_NOAA21_NRT
-1.56501,103.69591,2025-05-06,1906,N21,n,2.0NRT,2.36,N,0.38,0.59,,,,,,firms,VIIRS,VIIRS_NOAA21_NRT
-1.56261,103.69728,2025-05-06,1906,N21,n,2.0NRT,2.42,N,0.38,0.59,,,,,,firms,VIIRS,VIIRS_NOAA21_NRT
-1.17636,103.35888,2025-05-06,1906,N21,n,2.0NRT,0.91,N,0.36,0.57,,,,,,firms,VIIRS,VIIRS_NOAA21_NRT
-1.1677,103.33758,2025-05-06,1906,N21,n,2.0NRT,1.1,N,0.36,0.57,,,,,,firms,VIIRS,VIIRS_NOAA21_NRT
-0.9901,103.33294,2025-05-06,1906,N21,n,2.0NRT,1.09,N,0.36,0.57,,,,,,firms,VIIRS,VIIRS_NOAA21_NRT
-0.7235,101.00306,2025-05-06,1906,N21,n,2.0NRT,2.98,N,0.49,0.48,,,,,,firms,VIIRS,VIIRS_NOAA21_NRT
-0.72292,101.00124,2025-05-06,1906,N21,n,2.0NRT,2.24,N,0.49,0.48,,,,,,firms,VIIRS,VIIRS_NOAA21_NRT
-0.7191,101.00587,2025-05-06,1906,N21,n,2.0NRT,2.24,N,0.49,0.48,,,,,,firms,VIIRS,VIIRS_NOAA21_NRT
-0.71907,101.00358,2025-05-06,1906,N21,n,2.0NRT,2.98,N,0.49,0.48,,,,,,firms,VIIRS,VIIRS_NOAA21_NRT
-0.71849,101.00182,2025-05-06,1906,N21,n,2.0NRT,2.24,N,0.49,0.48,,,,,,firms,VIIRS,VIIRS_NOAA21_NRT
-0.48985,102.47823,2025-05-06,1906,N21,n,2.0NRT,2.21,N,0.61,0.53,,,,,,firms,VIIRS,VIIRS_NOAA21_NRT
0.84402,101.39146,2025-05-06,1906,N21,n,2.0NRT,1.56,N,0.49,0.48,,,,,,firms,VIIRS,VIIRS_NOAA21_NRT
0.84403,101.39397,2025-05-06,1906,N21,n,2.0NRT,2.96,N,0.49,0.48,,,,,,firms,VIIRS,VIIRS_NOAA21_NRT
1.49323,127.63348,2025-05-07,423,N21,n,2.0NRT,9.32,D,0.56,0.51,,,,,,firms,VIIRS,VIIRS_NOAA21_NRT
-8.11282,112.92469,2025-05-07,603,N21,n,2.0NRT,5.92,D,0.4,0.37,,,,,,firms,VIIRS,VIIRS_NOAA21_NRT
-7.70193,108.99489,2025-05-07,603,N21,n,2.0NRT,6.59,D,0.44,0.38,,,,,,firms,VIIRS,VIIRS_NOAA21_NRT
-7.62444,112.73875,2025-05-07,603,N21,n,2.0NRT,2.6,D,0.4,0.37,,,,,,firms,VIIRS,VIIRS_NOAA21_NRT
-7.53057,112.07196,2025-05-07,603,N21,n,2.0NRT,2.27,D,0.39,0.36,,,,,,firms,VIIRS,VIIRS_NOAA21_NRT
-7.32969,110.8466,2025-05-07,603,N21,n,2.0NRT,2.25,D,0.39,0.36,,,,,,firms,VIIRS,VIIRS_NOAA21_NRT
-7.23922,111.73404,2025-05-07,603,N21,n,2.0NRT,3.05,D,0.38,0.36,,,,,,firms,VIIRS,VIIRS_NOAA21_NRT
-7.1827,112.6318,2025-05-07,603,N21,n,2.0NRT,1.65,D,0.4,0.37,,,,,,firms,VIIRS,VIIRS_NOAA21_NRT
-7.11629,107.88993,2025-05-07,603,N21,n,2.0NRT,9.48,D,0.48,0.4,,,,,,firms,VIIRS,VIIRS_NOAA21_NRT
-6.94762,110.49731,2025-05-07,603,N21,n,2.0NRT,6.08,D,0.39,0.36,,,,,,firms,VIIRS,VIIRS_NOAA21_NRT
-6.93909,110.46368,2025-05-07,603,N21,n,2.0NRT,2.11,D,0.39,0.36,,,,,,firms,VIIRS,VIIRS_NOAA21_NRT
-6.86367,108.98156,2025-05-07,603,N21,n,2.0NRT,5.17,D,0.43,0.38,,,,,,firms,VIIRS,VIIRS_NOAA21_NRT
-6.86309,108.98541,2025-05-07,603,N21,n,2.0NRT,6.53,D,0.43,0.38,,,,,,firms,VIIRS,VIIRS_NOAA21_NRT
-6.85961,108.9849,2025-05-07,603,N21,n,2.0NRT,6.53,D,0.43,0.38,,,,,,firms,VIIRS,VIIRS_NOAA21_NRT
-6.76198,111.96347,2025-05-07,603,N21,n,2.0NRT,1.13,D,0.39,0.36,,,,,,firms,VIIRS,VIIRS_NOAA21_NRT
-6.4472,108.08704,2025-05-07,603,N21,n,2.0NRT,2.07,D,0.47,0.39,,,,,,firms,VIIRS,VIIRS_NOAA21_NRT
-6.09606,105.42581,2025-05-07,603,N21,l,2.0NRT,17.15,D,0.44,0.46,,,,,,firms,VIIRS,VIIRS_NOAA21_NRT
-5.43493,105.69531,2025-05-07,603,N21,n,2.0NRT,2.68,D,0.41,0.45,,,,,,firms,VIIRS,VIIRS_NOAA21_NRT
-5.4308,105.69476,2025-05-07,603,N21,n,2.0NRT,2.68,D,0.41,0.45,,,,,,firms,VIIRS,VIIRS_NOAA21_NRT
-5.4103,105.66158,2025-05-07,603,N21,n,2.0NRT,2.67,D,0.42,0.45,,,,,,firms,VIIRS,VIIRS_NOAA21_NRT
-4.97812,105.65998,2025-05-07,603,N21,n,2.0NRT,8.83,D,0.41,0.45,,,,,,firms,VIIRS,VIIRS_NOAA21_NRT
-4.96732,105.67709,2025-05-07,603,N21,n,2.0NRT,4.94,D,0.41,0.45,,,,,,firms,VIIRS,VIIRS_NOAA21_NRT
-4.50202,103.10263,2025-05-07,603,N21,n,2.0NRT,5.04,D,0.6,0.53,,,,,,firms,VIIRS,VIIRS_NOAA21_NRT
-4.38887,104.21267,2025-05-07,603,N21,n,2.0NRT,15.08,D,0.5,0.49,,,,,,firms,VIIRS,VIIRS_NOAA21_NRT
-4.31708,104.18534,2025-05-07,603,N21,n,2.0NRT,6.61,D,0.5,0.49,,,,,,firms,VIIRS,VIIRS_NOAA21_NRT
-4.31512,104.18428,2025-05-07,603,N21,n,2.0NRT,9.41,D,0.5,0.49,,,,,,firms,VIIRS,VIIRS_NOAA21_NRT
-3.97741,105.53156,2025-05-07,603,N21,n,2.0NRT,3.19,D,0.4,0.45,,,,,,firms,VIIRS,VIIRS_NOAA21_NRT
-3.87216,104.08704,2025-05-07,603,N21,n,2.0NRT,6.12,D,0.5,0.49,,,,,,firms,VIIRS,VIIRS_NOAA21_NRT
-3.83051,119.61792,2025-05-07,603,N21,n,2.0NRT,4.37,D,0.36,0.57,,,,,,firms,VIIRS,VIIRS_NOAA21_NRT
-3.81021,119.57835,2025-05-07,603,N21,n,2.0NRT,2.98,D,0.36,0.57,,,,,,firms,VIIRS,VIIRS_NOAA21_NRT
-3.74305,119.59174,2025-05-07,603,N21,n,2.0NRT,2.41,D,0.36,0.57,,,,,,firms,VIIRS,VIIRS_NOAA21_NRT
-3.49092,103.3932,2025-05-07,603,N21,n,2.0NRT,32.32,D,0.55,0.51,,,,,,firms,VIIRS,VIIRS_NOAA21_NRT
-3.46663,104.63116,2025-05-07,603,N21,n,2.0NRT,17.71,D,0.45,0.47,,,,,,firms,VIIRS,VIIRS_NOAA21_NRT
-3.44046,103.03142,2025-05-07,603,N21,n,2.0NRT,22.24,D,0.58,0.52,,,,,,firms,VIIRS,VIIRS_NOAA21_NRT
-3.41092,103.91151,2025-05-07,603,N21,n,2.0NRT,4.93,D,0.51,0.49,,,,,,firms,VIIRS,VIIRS_NOAA21_NRT
-3.349,103.97237,2025-05-07,603,N21,n,2.0NRT,10.98,D,0.5,0.49,,,,,,firms,VIIRS,VIIRS_NOAA21_NRT
-3.15768,101.98017,2025-05-07,603,N21,n,2.0NRT,5.87,D,0.34,0.56,,,,,,firms,VIIRS,VIIRS_NOAA21_NRT
-3.13683,102.12364,2025-05-07,603,N21,n,2.0NRT,7.49,D,0.34,0.56,,,,,,firms,VIIRS,VIIRS_NOAA21_NRT
-3.12995,102.75112,2025-05-07,603,N21,n,2.0NRT,16.52,D,0.6,0.53,,,,,,firms,VIIRS,VIIRS_NOAA21_NRT
-3.12814,102.75296,2025-05-07,603,N21,n,2.0NRT,19.34,D,0.6,0.53,,,,,,firms,VIIRS,VIIRS_NOAA21_NRT
-3.09326,101.86638,2025-05-07,603,N21,n,2.0NRT,6.6,D,0.35,0.57,,,,,,firms,VIIRS,VIIRS_NOAA21_NRT
-3.08444,101.78194,2025-05-07,603,N21,n,2.0NRT,4.46,D,0.35,0.57,,,,,,firms,VIIRS,VIIRS_NOAA21_NRT
-3.08398,101.7851,2025-05-07,603,N21,n,2.0NRT,4.46,D,0.35,0.57,,,,,,firms,VIIRS,VIIRS_NOAA21_NRT
-3.0795,101.92407,2025-05-07,603,N21,n,2.0NRT,5.6,D,0.34,0.56,,,,,,firms,VIIRS,VIIRS_NOAA21_NRT
-3.07435,101.92334,2025-05-07,603,N21,n,2.0NRT,5.6,D,0.34,0.56,,,,,,firms,VIIRS,VIIRS_NOAA21_NRT
-3.0638,101.85104,2025-05-07,603,N21,h,2.0NRT,11.33,D,0.35,0.57,,,,,,firms,VIIRS,VIIRS_NOAA21_NRT
-3.05544,103.24117,2025-05-07,603,N21,n,2.0NRT,6.02,D,0.56,0.51,,,,,,firms,VIIRS,VIIRS_NOAA21_NRT
-3.05269,103.24326,2025-05-07,603,N21,n,2.0NRT,6.7,D,0.56,0.51,,,,,,firms,VIIRS,VIIRS_NOAA21_NRT
-3.04863,101.84637,2025-05-07,603,N21,n,2.0NRT,7.61,D,0.35,0.57,,,,,,firms,VIIRS,VIIRS_NOAA21_NRT
-3.04666,101.84701,2025-05-07,603,N21,h,2.0NRT,19.0,D,0.35,0.57,,,,,,firms,VIIRS,VIIRS_NOAA21_NRT
-3.04449,101.79137,2025-05-07,603,N21,n,2.0NRT,5.11,D,0.35,0.57,,,,,,firms,VIIRS,VIIRS_NOAA21_NRT
-3.04402,101.79446,2025-05-07,603,N21,n,2.0NRT,6.94,D,0.35,0.57,,,,,,firms,VIIRS,VIIRS_NOAA21_NRT
-3.04342,101.84587,2025-05-07,603,N21,n,2.0NRT,7.61,D,0.35,0.57,,,,,,firms,VIIRS,VIIRS_NOAA21_NRT
-2.98255,101.77985,2025-05-07,603,N21,n,2.0NRT,3.95,D,0.35,0.57,,,,,,firms,VIIRS,VIIRS_NOAA21_NRT
-2.96238,113.10953,2025-05-07,603,N21,n,2.0NRT,5.42,D,0.44,0.38,,,,,,firms,VIIRS,VIIRS_NOAA21_NRT
-2.87529,115.26137,2025-05-07,603,N21,n,2.0NRT,6.23,D,0.57,0.43,,,,,,firms,VIIRS,VIIRS_NOAA21_NRT
-2.82592,110.31017,2025-05-07,603,N21,n,2.0NRT,5.25,D,0.38,0.36,,,,,,firms,VIIRS,VIIRS_NOAA21_NRT
-2.82262,110.30967,2025-05-07,603,N21,n,2.0NRT,2.62,D,0.38,0.36,,,,,,firms,VIIRS,VIIRS_NOAA21_NRT
-2.72105,110.46213,2025-05-07,603,N21,n,2.0NRT,8.22,D,0.38,0.36,,,,,,firms,VIIRS,VIIRS_NOAA21_NRT
-2.71775,110.46163,2025-05-07,603,N21,n,2.0NRT,33.4,D,0.38,0.36,,,,,,firms,VIIRS,VIIRS_NOAA21_NRT
-2.59002,111.05486,2025-05-07,603,N21,n,2.0NRT,10.78,D,0.39,0.36,,,,,,firms,VIIRS,VIIRS_NOAA21_NRT
-2.51323,111.2456,2025-05-07,603,N21,n,2.0NRT,3.87,D,0.39,0.36,,,,,,firms,VIIRS,VIIRS_NOAA21_NRT
-2.37665,110.15897,2025-05-07,603,N21,n,2.0NRT,2.34,D,0.38,0.36,,,,,,firms,VIIRS,VIIRS_NOAA21_NRT
-2.25555,110.63896,2025-05-07,603,N21,n,2.0NRT,8.74,D,0.38,0.36,,,,,,firms,VIIRS,VIIRS_NOAA21_NRT
-2.23471,116.25265,2025-05-07,603,N21,n,2.0NRT,3.11,D,0.45,0.47,,,,,,firms,VIIRS,VIIRS_NOAA21_NRT
-2.21924,111.27784,2025-05-07,603,N21,n,2.0NRT,5.35,D,0.39,0.36,,,,,,firms,VIIRS,VIIRS_NOAA21_NRT
-2.21144,115.4944,2025-05-07,603,N21,n,2.0NRT,3.07,D,0.4,0.44,,,,,,firms,VIIRS,VIIRS_NOAA21_NRT
-2.20295,110.74007,2025-05-07,603,N21,n,2.0NRT,56.27,D,0.39,0.36,,,,,,firms,VIIRS,VIIRS_NOAA21_NRT
-2.12856,112.41474,2025-05-07,603,N21,n,2.0NRT,26.44,D,0.42,0.38,,,,,,firms,VIIRS,VIIRS_NOAA21_NRT
-2.09779,110.6493,2025-05-07,603,N21,n,2.0NRT,17.33,D,0.38,0.36,,,,,,firms,VIIRS,VIIRS_NOAA21_NRT
-2.01836,111.14651,2025-05-07,603,N21,n,2.0NRT,3.3,D,0.39,0.36,,,,,,firms,VIIRS,VIIRS_NOAA21_NRT
-1.99077,121.02708,2025-05-07,603,N21,n,2.0NRT,3.09,D,0.49,0.65,,,,,,firms,VIIRS,VIIRS_NOAA21_NRT
-1.97164,110.60844,2025-05-07,603,N21,n,2.0NRT,5.23,D,0.38,0.36,,,,,,firms,VIIRS,VIIRS_NOAA21_NRT
-1.96216,111.15884,2025-05-07,603,N21,n,2.0NRT,2.06,D,0.39,0.36,,,,,,firms,VIIRS,VIIRS_NOAA21_NRT
-1.89223,115.8625,2025-05-07,603,N21,n,2.0NRT,3.79,D,0.43,0.46,,,,,,firms,VIIRS,VIIRS_NOAA21_NRT
-1.71651,111.51688,2025-05-07,603,N21,n,2.0NRT,5.21,D,0.4,0.37,,,,,,firms,VIIRS,VIIRS_NOAA21_NRT
-1.69055,110.59925,2025-05-07,603,N21,n,2.0NRT,11.36,D,0.39,0.36,,,,,,firms,VIIRS,VIIRS_NOAA21_NRT
-1.67953,110.67149,2025-05-07,603,N21,n,2.0NRT,2.8,D,0.39,0.36,,,,,,firms,VIIRS,VIIRS_NOAA21_NRT
-1.57545,110.72957,2025-05-07,603,N21,n,2.0NRT,9.26,D,0.39,0.36,,,,,,firms,VIIRS,VIIRS_NOAA21_NRT
-2.69233,101.48822,2025-05-07,605,N21,n,2.0NRT,3.26,D,0.37,0.58,,,,,,firms,VIIRS,VIIRS_NOAA21_NRT
-2.46956,103.51402,2025-05-07,605,N21,n,2.0NRT,5.94,D,0.52,0.5,,,,,,firms,VIIRS,VIIRS_NOAA21_NRT
-2.19909,101.00249,2025-05-07,605,N21,n,2.0NRT,3.6,D,0.39,0.59,,,,,,firms,VIIRS,VIIRS_NOAA21_NRT
-2.1972,101.00056,2025-05-07,605,N21,n,2.0NRT,3.72,D,0.39,0.59,,,,,,firms,VIIRS,VIIRS_NOAA21_NRT
-2.19716,103.45107,2025-05-07,605,N21,n,2.0NRT,3.98,D,0.52,0.5,,,,,,firms,VIIRS,VIIRS_NOAA21_NRT
-1.40147,101.53035,2025-05-07,605,N21,n,2.0NRT,2.06,D,0.35,0.56,,,,,,firms,VIIRS,VIIRS_NOAA21_NRT
-1.30986,110.08681,2025-05-07,605,N21,n,2.0NRT,3.47,D,0.38,0.36,,,,,,firms,VIIRS,VIIRS_NOAA21_NRT
-1.28094,110.87812,2025-05-07,605,N21,n,2.0NRT,3.81,D,0.39,0.36,,,,,,firms,VIIRS,VIIRS_NOAA21_NRT
-1.0996,102.72255,2025-05-07,605,N21,n,2.0NRT,4.51,D,0.57,0.52,,,,,,firms,VIIRS,VIIRS_NOAA21_NRT
-0.35309,109.15858,2025-05-07,605,N21,n,2.0NRT,2.99,D,0.39,0.36,,,,,,firms,VIIRS,VIIRS_NOAA21_NRT
-0.2819,110.34021,2025-05-07,605,N21,n,2.0NRT,13.55,D,0.39,0.36,,,,,,firms,VIIRS,VIIRS_NOAA21_NRT
-0.09406,109.20641,2025-05-07,605,N21,n,2.0NRT,5.2,D,0.39,0.36,,,,,,firms,VIIRS,VIIRS_NOAA21_NRT
0.02155,109.2984,2025-05-07,605,N21,n,2.0NRT,3.72,D,0.39,0.36,,,,,,firms,VIIRS,VIIRS_NOAA21_NRT
0.0482,110.2533,2025-05-07,605,N21,n,2.0NRT,4.71,D,0.39,0.36,,,,,,firms,VIIRS,VIIRS_NOAA21_NRT
0.05151,110.25281,2025-05-07,605,N21,n,2.0NRT,7.74,D,0.39,0.36,,,,,,firms,VIIRS,VIIRS_NOAA21_NRT
0.0797,110.07924,2025-05-07,605,N21,n,2.0NRT,7.71,D,0.38,0.36,,,,,,firms,VIIRS,VIIRS_NOAA21_NRT
0.10479,109.4855,2025-05-07,605,N21,n,2.0NRT,3.07,D,0.38,0.36,,,,,,firms,VIIRS,VIIRS_NOAA21_NRT
0.13187,109.81805,2025-05-07,605,N21,n,2.0NRT,12.61,D,0.38,0.36,,,,,,firms,VIIRS,VIIRS_NOAA21_NRT
0.14279,110.0943,2025-05-07,605,N21,n,2.0NRT,4.39,D,0.38,0.36,,,,,,firms,VIIRS,VIIRS_NOAA21_NRT
0.14609,110.0938,2025-05-07,605,N21,n,2.0NRT,4.39,D,0.38,0.36,,,,,,firms,VIIRS,VIIRS_NOAA21_NRT
0.15627,110.13351,2025-05-07,605,N21,n,2.0NRT,3.42,D,0.38,0.36,,,,,,firms,VIIRS,VIIRS_NOAA21_NRT
0.22534,109.94414,2025-05-07,605,N21,n,2.0NRT,9.44,D,0.38,0.36,,,,,,firms,VIIRS,VIIRS_NOAA21_NRT
0.22864,109.94363,2025-05-07,605,N21,n,2.0NRT,8.56,D,0.38,0.36,,,,,,firms,VIIRS,VIIRS_NOAA21_NRT
0.30339,109.74285,2025-05-07,605,N21,n,2.0NRT,4.68,D,0.38,0.36,,,,,,firms,VIIRS,VIIRS_NOAA21_NRT
0.47515,109.92912,2025-05-07,605,N21,n,2.0NRT,12.82,D,0.38,0.36,,,,,,firms,VIIRS,VIIRS_NOAA21_NRT
0.49603,111.18198,2025-05-07,605,N21,n,2.0NRT,5.11,D,0.4,0.37,,,,,,firms,VIIRS,VIIRS_NOAA21_NRT
0.49884,109.64167,2025-05-07,605,N21,n,2.0NRT,13.44,D,0.38,0.36,,,,,,firms,VIIRS,VIIRS_NOAA21_NRT
0.58377,109.34724,2025-05-07,605,N21,n,2.0NRT,2.85,D,0.39,0.36,,,,,,firms,VIIRS,VIIRS_NOAA21_NRT
0.58707,109.34674,2025-05-07,605,N21,n,2.0NRT,8.58,D,0.39,0.36,,,,,,firms,VIIRS,VIIRS_NOAA21_NRT
0.58985,109.03272,2025-05-07,605,N21,n,2.0NRT,8.18,D,0.39,0.36,,,,,,firms,VIIRS,VIIRS_NOAA21_NRT
1.08683,112.48701,2025-05-07,605,N21,n,2.0NRT,7.2,D,0.45,0.39,,,,,,firms,VIIRS,VIIRS_NOAA21_NRT
1.37759,104.159,2025-05-07,605,N21,n,2.0NRT,3.72,D,0.42,0.45,,,,,,firms,VIIRS,VIIRS_NOAA21_NRT
1.76671,109.39364,2025-05-07,605,N21,n,2.0NRT,11.39,D,0.38,0.36,,,,,,firms,VIIRS,VIIRS_NOAA21_NRT
1.90904,99.2401,2025-05-07,605,N21,n,2.0NRT,5.17,D,0.45,0.63,,,,,,firms,VIIRS,VIIRS_NOAA21_NRT
1.91128,99.2398,2025-05-07,605,N21,n,2.0NRT,5.36,D,0.45,0.63,,,,,,firms,VIIRS,VIIRS_NOAA21_NRT
2.38548,98.08508,2025-05-07,605,N21,n,2.0NRT,7.23,D,0.53,0.67,,,,,,firms,VIIRS,VIIRS_NOAA21_NRT
2.39049,98.0827,2025-05-07,605,N21,n,2.0NRT,6.53,D,0.53,0.67,,,,,,firms,VIIRS,VIIRS_NOAA21_NRT
2.89402,112.1031,2025-05-07,605,N21,n,2.0NRT,3.5,D,0.45,0.39,,,,,,firms,VIIRS,VIIRS_NOAA21_NRT
3.00855,102.24911,2025-05-07,605,N21,n,2.0NRT,4.51,D,0.53,0.5,,,,,,firms,VIIRS,VIIRS_NOAA21_NRT
3.07678,113.70233,2025-05-07,605,N21,n,2.0NRT,4.83,D,0.55,0.43,,,,,,firms,VIIRS,VIIRS_NOAA21_NRT
3.0804,113.70377,2025-05-07,605,N21,n,2.0NRT,9.14,D,0.55,0.43,,,,,,firms,VIIRS,VIIRS_NOAA21_NRT
3.08069,113.70176,2025-05-07,605,N21,n,2.0NRT,4.83,D,0.55,0.43,,,,,,firms,VIIRS,VIIRS_NOAA21_NRT
3.14032,113.91721,2025-05-07,605,N21,n,2.0NRT,6.53,D,0.57,0.43,,,,,,firms,VIIRS,VIIRS_NOAA21_NRT
3.27784,113.06419,2025-05-07,605,N21,n,2.0NRT,14.28,D,0.51,0.41,,,,,,firms,VIIRS,VIIRS_NOAA21_NRT
3.28435,113.08187,2025-05-07,605,N21,n,2.0NRT,56.37,D,0.51,0.41,,,,,,firms,VIIRS,VIIRS_NOAA21_NRT
3.28504,113.08643,2025-05-07,605,N21,n,2.0NRT,56.37,D,0.51,0.41,,,,,,firms,VIIRS,VIIRS_NOAA21_NRT
3.28813,113.08138,2025-05-07,605,N21,n,2.0NRT,57.25,D,0.51,0.41,,,,,,firms,VIIRS,VIIRS_NOAA21_NRT
3.28951,113.09048,2025-05-07,605,N21,n,2.0NRT,9.75,D,0.51,0.41,,,,,,firms,VIIRS,VIIRS_NOAA21_NRT
3.30808,113.11117,2025-05-07,605,N21,n,2.0NRT,3.1,D,0.52,0.41,,,,,,firms,VIIRS,VIIRS_NOAA21_NRT
3.51293,117.83462,2025-05-07,605,N21,h,2.0NRT,11.09,D,0.35,0.57,,,,,,firms,VIIRS,VIIRS_NOAA21_NRT
3.51339,117.8378,2025-05-07,605,N21,n,2.0NRT,10.59,D,0.36,0.57,,,,,,firms,VIIRS,VIIRS_NOAA21_NRT
3.65624,113.41797,2025-05-07,605,N21,n,2.0NRT,6.54,D,0.54,0.42,,,,,,firms,VIIRS,VIIRS_NOAA21_NRT
3.82936,114.63737,2025-05-07,605,N21,n,2.0NRT,3.79,D,0.43,0.46,,,,,,firms,VIIRS,VIIRS_NOAA21_NRT
3.93038,114.64671,2025-05-07,605,N21,n,2.0NRT,5.91,D,0.44,0.46,,,,,,firms,VIIRS,VIIRS_NOAA21_NRT
3.93097,114.6507,2025-05-07,605,N21,n,2.0NRT,5.91,D,0.44,0.46,,,,,,firms,VIIRS,VIIRS_NOAA21_NRT
4.20445,114.41912,2025-05-07,605,N21,n,2.0NRT,2.43,D,0.42,0.46,,,,,,firms,VIIRS,VIIRS_NOAA21_NRT
5.0334,116.29651,2025-05-07,605,N21,n,2.0NRT,8.52,D,0.59,0.52,,,,,,firms,VIIRS,VIIRS_NOAA21_NRT
5.19992,116.81754,2025-05-07,605,N21,n,2.0NRT,4.38,D,0.32,0.55,,,,,,firms,VIIRS,VIIRS_NOAA21_NRT
5.427,114.71301,2025-05-07,605,N21,n,2.0NRT,4.03,D,0.46,0.47,,,,,,firms,VIIRS,VIIRS_NOAA21_NRT
5.00073,105.24635,2025-05-07,608,N21,n,2.0NRT,4.55,D,0.48,0.4,,,,,,firms,VIIRS,VIIRS_NOAA21_NRT
5.82778,114.33938,2025-05-07,608,N21,n,2.0NRT,10.38,D,0.44,0.46,,,,,,firms,VIIRS,VIIRS_NOAA21_NRT
5.82835,114.34334,2025-05-07,608,N21,n,2.0NRT,10.38,D,0.44,0.46,,,,,,firms,VIIRS,VIIRS_NOAA21_NRT
1.16041,97.34297,2025-05-07,746,N21,n,2.0NRT,8.08,D,0.71,0.75,,,,,,firms,VIIRS,VIIRS_NOAA21_NRT
-3.90286,122.41949,2025-05-07,1705,N21,n,2.0NRT,1.16,N,0.4,0.37,,,,,,firms,VIIRS,VIIRS_NOAA21_NRT
-3.9023,122.41587,2025-05-07,1705,N21,n,2.0NRT,1.16,N,0.4,0.37,,,,,,firms,VIIRS,VIIRS_NOAA21_NRT
-3.87016,122.40975,2025-05-07,1705,N21,n,2.0NRT,2.91,N,0.41,0.37,,,,,,firms,VIIRS,VIIRS_NOAA21_NRT
-3.02369,113.75403,2025-05-07,1705,N21,n,2.0NRT,1.18,N,0.46,0.64,,,,,,firms,VIIRS,VIIRS_NOAA21_NRT
-3.02364,113.75507,2025-05-07,1705,N21,n,2.0NRT,1.27,N,0.46,0.64,,,,,,firms,VIIRS,VIIRS_NOAA21_NRT
-2.94289,115.23291,2025-05-07,1705,N21,n,2.0NRT,1.41,N,0.37,0.58,,,,,,firms,VIIRS,VIIRS_NOAA21_NRT
-2.8799,122.16386,2025-05-07,1705,N21,n,2.0NRT,1.94,N,0.42,0.38,,,,,,firms,VIIRS,VIIRS_NOAA21_NRT
-2.87932,122.16013,2025-05-07,1705,N21,n,2.0NRT,1.94,N,0.42,0.38,,,,,,firms,VIIRS,VIIRS_NOAA21_NRT
-2.87874,122.15642,2025-05-07,1705,N21,n,2.0NRT,1.69,N,0.42,0.38,,,,,,firms,VIIRS,VIIRS_NOAA21_NRT
-2.87749,115.26354,2025-05-07,1705,N21,n,2.0NRT,0.76,N,0.37,0.58,,,,,,firms,VIIRS,VIIRS_NOAA21_NRT
-2.87646,122.16437,2025-05-07,1705,N21,n,2.0NRT,2.29,N,0.42,0.38,,,,,,firms,VIIRS,VIIRS_NOAA21_NRT
-2.82892,122.17542,2025-05-07,1705,N21,n,2.0NRT,0.85,N,0.42,0.38,,,,,,firms,VIIRS,VIIRS_NOAA21_NRT
-2.46547,112.0331,2025-05-07,1705,N21,n,2.0NRT,1.06,N,0.62,0.72,,,,,,firms,VIIRS,VIIRS_NOAA21_NRT
-2.21004,115.49808,2025-05-07,1705,N21,n,2.0NRT,4.25,N,0.36,0.57,,,,,,firms,VIIRS,VIIRS_NOAA21_NRT
-2.17393,115.57299,2025-05-07,1705,N21,n,2.0NRT,0.78,N,0.36,0.57,,,,,,firms,VIIRS,VIIRS_NOAA21_NRT
-2.06018,115.57033,2025-05-07,1705,N21,n,2.0NRT,0.75,N,0.36,0.57,,,,,,firms,VIIRS,VIIRS_NOAA21_NRT
-1.45766,114.58517,2025-05-07,1705,N21,n,2.0NRT,0.85,N,0.43,0.62,,,,,,firms,VIIRS,VIIRS_NOAA21_NRT
-1.4551,114.58589,2025-05-07,1705,N21,n,2.0NRT,1.34,N,0.43,0.62,,,,,,firms,VIIRS,VIIRS_NOAA21_NRT
-1.45202,114.58612,2025-05-07,1705,N21,n,2.0NRT,1.95,N,0.43,0.62,,,,,,firms,VIIRS,VIIRS_NOAA21_NRT
-1.33019,113.96921,2025-05-07,1705,N21,n,2.0NRT,1.19,N,0.48,0.64,,,,,,firms,VIIRS,VIIRS_NOAA21_NRT
-1.24376,116.81173,2025-05-07,1705,N21,n,2.0NRT,4.63,N,0.61,0.53,,,,,,firms,VIIRS,VIIRS_NOAA21_NRT
-1.16379,114.76444,2025-05-07,1705,N21,n,2.0NRT,0.82,N,0.42,0.61,,,,,,firms,VIIRS,VIIRS_NOAA21_NRT
-1.16218,114.76528,2025-05-07,1705,N21,n,2.0NRT,0.61,N,0.42,0.61,,,,,,firms,VIIRS,VIIRS_NOAA21_NRT
-0.8558,117.18443,2025-05-07,1705,N21,n,2.0NRT,0.96,N,0.58,0.52,,,,,,firms,VIIRS,VIIRS_NOAA21_NRT
-0.84414,117.26482,2025-05-07,1705,N21,n,2.0NRT,1.66,N,0.57,0.52,,,,,,firms,VIIRS,VIIRS_NOAA21_NRT
-0.7778,116.2069,2025-05-07,1705,N21,n,2.0NRT,0.59,N,0.34,0.56,,,,,,firms,VIIRS,VIIRS_NOAA21_NRT
2.78223,125.40615,2025-05-07,1705,N21,n,2.0NRT,1.7,N,0.38,0.36,,,,,,firms,VIIRS,VIIRS_NOAA21_NRT
4.67205,114.46191,2025-05-07,1705,N21,n,2.0NRT,1.64,N,0.55,0.68,,,,,,firms,VIIRS,VIIRS_NOAA21_NRT
4.67368,114.46,2025-05-07,1705,N21,n,2.0NRT,2.78,N,0.55,0.68,,,,,,firms,VIIRS,VIIRS_NOAA21_NRT
4.97962,112.98058,2025-05-07,1705,N21,n,2.0NRT,9.87,N,0.7,0.75,,,,,,firms,VIIRS,VIIRS_NOAA21_NRT
4.9805,112.97433,2025-05-07,1705,N21,n,2.0NRT,8.26,N,0.7,0.75,,,,,,firms,VIIRS,VIIRS_NOAA21_NRT
4.98063,112.98224,2025-05-07,1705,N21,n,2.0NRT,8.45,N,0.7,0.75,,,,,,firms,VIIRS,VIIRS_NOAA21_NRT
4.98148,112.97598,2025-05-07,1705,N21,n,2.0NRT,8.45,N,0.7,0.75,,,,,,firms,VIIRS,VIIRS_NOAA21_NRT
5.82293,114.34172,2025-05-07,1705,N21,n,2.0NRT,3.78,N,0.58,0.7,,,,,,firms,VIIRS,VIIRS_NOAA21_NRT
5.82365,114.33652,2025-05-07,1705,N21,n,2.0NRT,11.27,N,0.58,0.7,,,,,,firms,VIIRS,VIIRS_NOAA21_NRT
5.87491,114.29543,2025-05-07,1705,N21,n,2.0NRT,2.33,N,0.58,0.7,,,,,,firms,VIIRS,VIIRS_NOAA21_NRT
5.87565,114.29021,2025-05-07,1705,N21,n,2.0NRT,2.37,N,0.58,0.7,,,,,,firms,VIIRS,VIIRS_NOAA21_NRT
-8.27508,123.50633,2025-05-07,1707,N21,n,2.0NRT,27.77,N,0.39,0.36,,,,,,firms,VIIRS,VIIRS_NOAA21_NRT
-8.27178,123.50681,2025-05-07,1707,N21,n,2.0NRT,14.2,N,0.39,0.36,,,,,,firms,VIIRS,VIIRS_NOAA21_NRT
-8.11242,112.9222,2025-05-07,1707,N21,n,2.0NRT,40.3,N,0.44,0.62,,,,,,firms,VIIRS,VIIRS_NOAA21_NRT
-8.11135,112.91637,2025-05-07,1707,N21,n,2.0NRT,13.1,N,0.44,0.62,,,,,,firms,VIIRS,VIIRS_NOAA21_NRT
-8.1086,112.90137,2025-05-07,1707,N21,n,2.0NRT,13.1,N,0.44,0.62,,,,,,firms,VIIRS,VIIRS_NOAA21_NRT
-7.24114,111.73303,2025-05-07,1707,N21,n,2.0NRT,1.47,N,0.54,0.68,,,,,,firms,VIIRS,VIIRS_NOAA21_NRT
-0.58289,117.38579,2025-05-07,1707,N21,n,2.0NRT,0.97,N,0.57,0.52,,,,,,firms,VIIRS,VIIRS_NOAA21_NRT
0.68858,117.54224,2025-05-07,1707,N21,n,2.0NRT,2.19,N,0.58,0.52,,,,,,firms,VIIRS,VIIRS_NOAA21_NRT
0.69338,117.54288,2025-05-07,1707,N21,n,2.0NRT,6.41,N,0.58,0.52,,,,,,firms,VIIRS,VIIRS_NOAA21_NRT
4.97919,112.98467,2025-05-07,1843,N21,h,2.0NRT,7.03,N,0.62,0.72,,,,,,firms,VIIRS,VIIRS_NOAA21_NRT
4.97939,112.98499,2025-05-07,1843,N21,n,2.0NRT,10.96,N,0.62,0.72,,,,,,firms,VIIRS,VIIRS_NOAA21_NRT
4.98018,112.97917,2025-05-07,1843,N21,n,2.0NRT,7.03,N,0.62,0.72,,,,,,firms,VIIRS,VIIRS_NOAA21_NRT
4.98035,112.97946,2025-05-07,1843,N21,n,2.0NRT,5.96,N,0.62,0.72,,,,,,firms,VIIRS,VIIRS_NOAA21_NRT
5.82224,114.34212,2025-05-07,1843,N21,h,2.0NRT,22.41,N,0.75,0.77,,,,,,firms,VIIRS,VIIRS_NOAA21_NRT
5.82342,114.33552,2025-05-07,1843,N21,n,2.0NRT,9.26,N,0.75,0.77,,,,,,firms,VIIRS,VIIRS_NOAA21_NRT
5.82721,114.34869,2025-05-07,1843,N21,n,2.0NRT,9.91,N,0.75,0.77,,,,,,firms,VIIRS,VIIRS_NOAA21_NRT
5.82843,114.34209,2025-05-07,1843,N21,n,2.0NRT,8.43,N,0.75,0.77,,,,,,firms,VIIRS,VIIRS_NOAA21_NRT
5.82965,114.33549,2025-05-07,1843,N21,n,2.0NRT,8.43,N,0.75,0.77,,,,,,firms,VIIRS,VIIRS_NOAA21_NRT
-1.56525,103.69626,2025-05-07,1845,N21,n,2.0NRT,2.78,N,0.55,0.43,,,,,,firms,VIIRS,VIIRS_NOAA21_NRT
-1.21585,103.41837,2025-05-07,1845,N21,n,2.0NRT,0.67,N,0.53,0.42,,,,,,firms,VIIRS,VIIRS_NOAA21_NRT
-1.17527,103.35799,2025-05-07,1845,N21,n,2.0NRT,1.2,N,0.52,0.42,,,,,,firms,VIIRS,VIIRS_NOAA21_NRT
-1.16861,103.34011,2025-05-07,1845,N21,n,2.0NRT,0.94,N,0.52,0.41,,,,,,firms,VIIRS,VIIRS_NOAA21_NRT
-0.98914,103.33306,2025-05-07,1845,N21,n,2.0NRT,1.32,N,0.52,0.41,,,,,,firms,VIIRS,VIIRS_NOAA21_NRT
-0.98861,103.33054,2025-05-07,1845,N21,n,2.0NRT,0.75,N,0.52,0.41,,,,,,firms,VIIRS,VIIRS_NOAA21_NRT
0.44278,101.89066,2025-05-07,1845,N21,n,2.0NRT,2.27,N,0.43,0.38,,,,,,firms,VIIRS,VIIRS_NOAA21_NRT
1.28288,103.71752,2025-05-07,1845,N21,n,2.0NRT,3.1,N,0.51,0.41,,,,,,firms,VIIRS,VIIRS_NOAA21_NRT
1.58176,103.86505,2025-05-07,1845,N21,n,2.0NRT,1.57,N,0.51,0.41,,,,,,firms,VIIRS,VIIRS_NOAA21_NRT
1.6729,101.47794,2025-05-07,1845,N21,n,2.0NRT,0.81,N,0.4,0.37,,,,,,firms,VIIRS,VIIRS_NOAA21_NRT
1.67346,101.47433,2025-05-07,1845,N21,n,2.0NRT,0.81,N,0.4,0.37,,,,,,firms,VIIRS,VIIRS_NOAA21_NRT
2.73744,102.39568,2025-05-07,1845,N21,n,2.0NRT,0.93,N,0.42,0.38,,,,,,firms,VIIRS,VIIRS_NOAA21_NRT
2.73803,102.39188,2025-05-07,1845,N21,n,2.0NRT,0.93,N,0.42,0.38,,,,,,firms,VIIRS,VIIRS_NOAA21_NRT
2.75176,97.69092,2025-05-07,1845,N21,n,2.0NRT,1.64,N,0.43,0.38,,,,,,firms,VIIRS,VIIRS_NOAA21_NRT
2.81214,101.91658,2025-05-07,1845,N21,n,2.0NRT,0.75,N,0.41,0.37,,,,,,firms,VIIRS,VIIRS_NOAA21_NRT
2.9523,101.65033,2025-05-07,1845,N21,n,2.0NRT,0.96,N,0.4,0.37,,,,,,firms,VIIRS,VIIRS_NOAA21_NRT
3.08919,98.32585,2025-05-07,1845,N21,n,2.0NRT,1.53,N,0.41,0.37,,,,,,firms,VIIRS,VIIRS_NOAA21_NRT
5.2243,97.07355,2025-05-07,1845,N21,n,2.0NRT,0.99,N,0.49,0.4,,,,,,firms,VIIRS,VIIRS_NOAA21_NRT
5.37005,104.89695,2025-05-07,1845,N21,n,2.0NRT,1.73,N,0.52,0.42,,,,,,firms,VIIRS,VIIRS_NOAA21_NRT
5.41198,105.1897,2025-05-07,1845,N21,n,2.0NRT,0.81,N,0.54,0.42,,,,,,firms,VIIRS,VIIRS_NOAA21_NRT
-7.54634,110.45509,2025-05-07,1847,N21,n,2.0NRT,6.48,N,0.66,0.73,,,,,,firms,VIIRS,VIIRS_NOAA21_NRT
-7.5451,110.44528,2025-05-07,1847,N21,n,2.0NRT,6.48,N,0.65,0.73,,,,,,firms,VIIRS,VIIRS_NOAA21_NRT
-7.24258,109.21619,2025-05-07,1847,N21,n,2.0NRT,0.78,N,0.53,0.67,,,,,,firms,VIIRS,VIIRS_NOAA21_NRT
-6.70422,108.40067,2025-05-07,1847,N21,n,2.0NRT,1.16,N,0.46,0.63,,,,,,firms,VIIRS,VIIRS_NOAA21_NRT
-6.54813,108.09431,2025-05-07,1847,N21,n,2.0NRT,0.56,N,0.43,0.62,,,,,,firms,VIIRS,VIIRS_NOAA21_NRT
-6.46049,107.21194,2025-05-07,1847,N21,n,2.0NRT,1.0,N,0.37,0.58,,,,,,firms,VIIRS,VIIRS_NOAA21_NRT
-6.13131,106.56622,2025-05-07,1847,N21,n,2.0NRT,0.78,N,0.33,0.55,,,,,,firms,VIIRS,VIIRS_NOAA21_NRT
-6.1008,106.67153,2025-05-07,1847,N21,n,2.0NRT,1.14,N,0.34,0.56,,,,,,firms,VIIRS,VIIRS_NOAA21_NRT
-6.04665,106.58157,2025-05-07,1847,N21,n,2.0NRT,0.83,N,0.33,0.55,,,,,,firms,VIIRS,VIIRS_NOAA21_NRT
-3.99817,102.42724,2025-05-07,1847,N21,n,2.0NRT,0.92,N,0.5,0.41,,,,,,firms,VIIRS,VIIRS_NOAA21_NRT
-3.41028,104.14464,2025-05-07,1847,N21,n,2.0NRT,1.25,N,0.42,0.45,,,,,,firms,VIIRS,VIIRS_NOAA21_NRT
-3.22318,108.07453,2025-05-07,1847,N21,n,2.0NRT,1.11,N,0.38,0.59,,,,,,firms,VIIRS,VIIRS_NOAA21_NRT
-3.09932,101.91332,2025-05-07,1847,N21,n,2.0NRT,1.13,N,0.46,0.39,,,,,,firms,VIIRS,VIIRS_NOAA21_NRT
-2.55463,104.76842,2025-05-07,1847,N21,n,2.0NRT,0.59,N,0.44,0.46,,,,,,firms,VIIRS,VIIRS_NOAA21_NRT
-2.20163,100.99989,2025-05-07,1847,N21,n,2.0NRT,1.14,N,0.41,0.37,,,,,,firms,VIIRS,VIIRS_NOAA21_NRT
-2.19456,103.45225,2025-05-07,1847,N21,n,2.0NRT,3.2,N,0.54,0.42,,,,,,firms,VIIRS,VIIRS_NOAA21_NRT
-6.03531,139.86983,2025-05-08,404,N21,n,2.0NRT,4.56,D,0.4,0.37,,,,,,firms,VIIRS,VIIRS_NOAA21_NRT
-6.03398,139.86618,2025-05-08,404,N21,n,2.0NRT,2.9,D,0.4,0.37,,,,,,firms,VIIRS,VIIRS_NOAA21_NRT
-6.03344,139.86978,2025-05-08,404,N21,n,2.0NRT,2.9,D,0.4,0.37,,,,,,firms,VIIRS,VIIRS_NOAA21_NRT
-8.27335,123.50861,2025-05-08,544,N21,h,2.0NRT,27.15,D,0.53,0.5,,,,,,firms,VIIRS,VIIRS_NOAA21_NRT
-7.79058,112.01306,2025-05-08,544,N21,n,2.0NRT,3.69,D,0.53,0.42,,,,,,firms,VIIRS,VIIRS_NOAA21_NRT
-5.41571,119.43433,2025-05-08,544,N21,n,2.0NRT,2.07,D,0.49,0.4,,,,,,firms,VIIRS,VIIRS_NOAA21_NRT
-3.81601,119.58429,2025-05-08,546,N21,n,2.0NRT,6.24,D,0.52,0.42,,,,,,firms,VIIRS,VIIRS_NOAA21_NRT
-3.80841,103.81998,2025-05-08,546,N21,n,2.0NRT,6.36,D,0.56,0.69,,,,,,firms,VIIRS,VIIRS_NOAA21_NRT
-3.80482,103.81843,2025-05-08,546,N21,n,2.0NRT,6.57,D,0.56,0.69,,,,,,firms,VIIRS,VIIRS_NOAA21_NRT
-3.66852,105.58493,2025-05-08,546,N21,n,2.0NRT,7.33,D,0.42,0.61,,,,,,firms,VIIRS,VIIRS_NOAA21_NRT
-3.23644,116.11248,2025-05-08,546,N21,n,2.0NRT,6.37,D,0.39,0.36,,,,,,firms,VIIRS,VIIRS_NOAA21_NRT
-2.64236,102.65268,2025-05-08,546,N21,n,2.0NRT,6.95,D,0.65,0.73,,,,,,firms,VIIRS,VIIRS_NOAA21_NRT
-2.61516,116.17197,2025-05-08,546,N21,n,2.0NRT,13.12,D,0.39,0.36,,,,,,firms,VIIRS,VIIRS_NOAA21_NRT
-2.5832,115.53928,2025-05-08,546,N21,n,2.0NRT,4.83,D,0.39,0.36,,,,,,firms,VIIRS,VIIRS_NOAA21_NRT
-2.54205,116.0286,2025-05-08,546,N21,n,2.0NRT,6.11,D,0.39,0.36,,,,,,firms,VIIRS,VIIRS_NOAA21_NRT
-2.48193,112.91167,2025-05-08,546,N21,n,2.0NRT,2.07,D,0.42,0.38,,,,,,firms,VIIRS,VIIRS_NOAA21_NRT
-2.30687,119.29119,2025-05-08,546,N21,n,2.0NRT,6.83,D,0.53,0.42,,,,,,firms,VIIRS,VIIRS_NOAA21_NRT
-2.12995,112.41129,2025-05-08,546,N21,n,2.0NRT,25.8,D,0.44,0.38,,,,,,firms,VIIRS,VIIRS_NOAA21_NRT
-2.12584,112.41473,2025-05-08,546,N21,n,2.0NRT,48.26,D,0.44,0.38,,,,,,firms,VIIRS,VIIRS_NOAA21_NRT
-2.08391,110.39996,2025-05-08,546,N21,n,2.0NRT,10.55,D,0.56,0.43,,,,,,firms,VIIRS,VIIRS_NOAA21_NRT
-2.06317,113.01475,2025-05-08,546,N21,n,2.0NRT,4.85,D,0.42,0.37,,,,,,firms,VIIRS,VIIRS_NOAA21_NRT
-2.02219,119.37123,2025-05-08,546,N21,n,2.0NRT,9.37,D,0.54,0.42,,,,,,firms,VIIRS,VIIRS_NOAA21_NRT
-1.99047,111.25465,2025-05-08,546,N21,n,2.0NRT,4.45,D,0.5,0.41,,,,,,firms,VIIRS,VIIRS_NOAA21_NRT
-1.97251,119.34706,2025-05-08,546,N21,n,2.0NRT,5.3,D,0.54,0.42,,,,,,firms,VIIRS,VIIRS_NOAA21_NRT
-1.89421,115.86305,2025-05-08,546,N21,n,2.0NRT,4.72,D,0.39,0.36,,,,,,firms,VIIRS,VIIRS_NOAA21_NRT
-1.89368,115.86652,2025-05-08,546,N21,n,2.0NRT,4.72,D,0.39,0.36,,,,,,firms,VIIRS,VIIRS_NOAA21_NRT
-1.89089,115.86255,2025-05-08,546,N21,n,2.0NRT,3.34,D,0.39,0.36,,,,,,firms,VIIRS,VIIRS_NOAA21_NRT
-1.79275,119.49944,2025-05-08,546,N21,n,2.0NRT,23.75,D,0.55,0.43,,,,,,firms,VIIRS,VIIRS_NOAA21_NRT
-1.67691,105.64671,2025-05-08,546,N21,n,2.0NRT,5.63,D,0.39,0.59,,,,,,firms,VIIRS,VIIRS_NOAA21_NRT
-1.53739,113.85342,2025-05-08,546,N21,n,2.0NRT,3.95,D,0.39,0.36,,,,,,firms,VIIRS,VIIRS_NOAA21_NRT
-1.29256,121.65175,2025-05-08,546,N21,n,2.0NRT,22.92,D,0.52,0.5,,,,,,firms,VIIRS,VIIRS_NOAA21_NRT
-1.19928,116.99963,2025-05-08,546,N21,n,2.0NRT,7.27,D,0.42,0.38,,,,,,firms,VIIRS,VIIRS_NOAA21_NRT
-1.02318,114.95254,2025-05-08,546,N21,n,2.0NRT,7.44,D,0.38,0.36,,,,,,firms,VIIRS,VIIRS_NOAA21_NRT
-0.87162,117.12452,2025-05-08,546,N21,n,2.0NRT,5.52,D,0.43,0.38,,,,,,firms,VIIRS,VIIRS_NOAA21_NRT
-0.86814,117.12402,2025-05-08,546,N21,n,2.0NRT,6.77,D,0.43,0.38,,,,,,firms,VIIRS,VIIRS_NOAA21_NRT
-0.85791,117.05223,2025-05-08,546,N21,n,2.0NRT,13.06,D,0.43,0.38,,,,,,firms,VIIRS,VIIRS_NOAA21_NRT
-0.85445,117.05167,2025-05-08,546,N21,n,2.0NRT,13.06,D,0.43,0.38,,,,,,firms,VIIRS,VIIRS_NOAA21_NRT
-0.78048,116.20879,2025-05-08,546,N21,n,2.0NRT,7.43,D,0.4,0.37,,,,,,firms,VIIRS,VIIRS_NOAA21_NRT
-0.76106,117.4421,2025-05-08,546,N21,n,2.0NRT,8.1,D,0.44,0.39,,,,,,firms,VIIRS,VIIRS_NOAA21_NRT
-0.63421,115.98958,2025-05-08,546,N21,n,2.0NRT,2.36,D,0.4,0.37,,,,,,firms,VIIRS,VIIRS_NOAA21_NRT
-0.48063,117.3594,2025-05-08,546,N21,n,2.0NRT,5.46,D,0.44,0.38,,,,,,firms,VIIRS,VIIRS_NOAA21_NRT
0.14141,109.87377,2025-05-08,546,N21,n,2.0NRT,9.99,D,0.56,0.43,,,,,,firms,VIIRS,VIIRS_NOAA21_NRT
0.14208,109.87556,2025-05-08,546,N21,n,2.0NRT,14.4,D,0.56,0.43,,,,,,firms,VIIRS,VIIRS_NOAA21_NRT
0.15884,116.26717,2025-05-08,546,N21,n,2.0NRT,18.13,D,0.41,0.37,,,,,,firms,VIIRS,VIIRS_NOAA21_NRT
0.18938,110.268,2025-05-08,546,N21,n,2.0NRT,4.84,D,0.53,0.42,,,,,,firms,VIIRS,VIIRS_NOAA21_NRT
0.28513,109.57632,2025-05-08,546,N21,n,2.0NRT,6.28,D,0.39,0.44,,,,,,firms,VIIRS,VIIRS_NOAA21_NRT
0.32136,116.94212,2025-05-08,546,N21,n,2.0NRT,3.37,D,0.43,0.38,,,,,,firms,VIIRS,VIIRS_NOAA21_NRT
0.34473,111.39113,2025-05-08,546,N21,n,2.0NRT,2.91,D,0.46,0.39,,,,,,firms,VIIRS,VIIRS_NOAA21_NRT
0.34543,110.65834,2025-05-08,546,N21,n,2.0NRT,4.52,D,0.5,0.41,,,,,,firms,VIIRS,VIIRS_NOAA21_NRT
0.52724,120.38663,2025-05-08,546,N21,n,2.0NRT,3.33,D,0.45,0.47,,,,,,firms,VIIRS,VIIRS_NOAA21_NRT
0.5496,111.78194,2025-05-08,546,N21,n,2.0NRT,4.88,D,0.44,0.38,,,,,,firms,VIIRS,VIIRS_NOAA21_NRT
0.77446,117.03728,2025-05-08,546,N21,n,2.0NRT,10.74,D,0.44,0.38,,,,,,firms,VIIRS,VIIRS_NOAA21_NRT
0.81122,117.11231,2025-05-08,546,N21,n,2.0NRT,4.46,D,0.44,0.39,,,,,,firms,VIIRS,VIIRS_NOAA21_NRT
0.81162,117.11242,2025-05-08,546,N21,n,2.0NRT,4.42,D,0.44,0.39,,,,,,firms,VIIRS,VIIRS_NOAA21_NRT
0.8781,114.69302,2025-05-08,546,N21,n,2.0NRT,11.15,D,0.38,0.36,,,,,,firms,VIIRS,VIIRS_NOAA21_NRT
0.89681,127.51942,2025-05-08,546,N21,n,2.0NRT,7.82,D,0.71,0.75,,,,,,firms,VIIRS,VIIRS_NOAA21_NRT
1.1931,117.6414,2025-05-08,546,N21,n,2.0NRT,4.1,D,0.47,0.4,,,,,,firms,VIIRS,VIIRS_NOAA21_NRT
1.30596,111.37707,2025-05-08,546,N21,n,2.0NRT,5.79,D,0.45,0.39,,,,,,firms,VIIRS,VIIRS_NOAA21_NRT
1.34734,109.96731,2025-05-08,546,N21,n,2.0NRT,10.97,D,0.54,0.42,,,,,,firms,VIIRS,VIIRS_NOAA21_NRT
1.34865,109.96546,2025-05-08,546,N21,n,2.0NRT,23.01,D,0.54,0.42,,,,,,firms,VIIRS,VIIRS_NOAA21_NRT
1.35112,109.96636,2025-05-08,546,N21,n,2.0NRT,12.68,D,0.54,0.42,,,,,,firms,VIIRS,VIIRS_NOAA21_NRT
1.47208,110.99623,2025-05-08,546,N21,n,2.0NRT,3.9,D,0.47,0.4,,,,,,firms,VIIRS,VIIRS_NOAA21_NRT
2.89803,114.06705,2025-05-08,548,N21,n,2.0NRT,5.39,D,0.38,0.36,,,,,,firms,VIIRS,VIIRS_NOAA21_NRT
3.15666,113.37978,2025-05-08,548,N21,n,2.0NRT,13.83,D,0.39,0.36,,,,,,firms,VIIRS,VIIRS_NOAA21_NRT
3.17326,113.82016,2025-05-08,548,N21,n,2.0NRT,2.28,D,0.38,0.36,,,,,,firms,VIIRS,VIIRS_NOAA21_NRT
3.20461,113.73822,2025-05-08,548,N21,n,2.0NRT,3.31,D,0.38,0.36,,,,,,firms,VIIRS,VIIRS_NOAA21_NRT
3.27124,113.06069,2025-05-08,548,N21,n,2.0NRT,2.09,D,0.39,0.36,,,,,,firms,VIIRS,VIIRS_NOAA21_NRT
3.2767,113.0741,2025-05-08,548,N21,n,2.0NRT,2.07,D,0.39,0.36,,,,,,firms,VIIRS,VIIRS_NOAA21_NRT
3.27841,113.06316,2025-05-08,548,N21,n,2.0NRT,9.47,D,0.39,0.36,,,,,,firms,VIIRS,VIIRS_NOAA21_NRT
3.28493,113.0835,2025-05-08,548,N21,n,2.0NRT,2.74,D,0.39,0.36,,,,,,firms,VIIRS,VIIRS_NOAA21_NRT
3.28546,113.08697,2025-05-08,548,N21,n,2.0NRT,2.74,D,0.39,0.36,,,,,,firms,VIIRS,VIIRS_NOAA21_NRT
3.28824,113.08298,2025-05-08,548,N21,n,2.0NRT,12.31,D,0.39,0.36,,,,,,firms,VIIRS,VIIRS_NOAA21_NRT
3.28984,113.09341,2025-05-08,548,N21,n,2.0NRT,8.42,D,0.39,0.36,,,,,,firms,VIIRS,VIIRS_NOAA21_NRT
3.60628,112.41035,2025-05-08,548,N21,n,2.0NRT,1.5,D,0.4,0.37,,,,,,firms,VIIRS,VIIRS_NOAA21_NRT
3.77263,114.56598,2025-05-08,548,N21,n,2.0NRT,7.97,D,0.39,0.36,,,,,,firms,VIIRS,VIIRS_NOAA21_NRT
4.18302,114.40285,2025-05-08,548,N21,n,2.0NRT,4.59,D,0.39,0.36,,,,,,firms,VIIRS,VIIRS_NOAA21_NRT
4.28421,103.44159,2025-05-08,548,N21,n,2.0NRT,2.53,D,0.44,0.63,,,,,,firms,VIIRS,VIIRS_NOAA21_NRT
4.31401,114.9101,2025-05-08,548,N21,n,2.0NRT,5.36,D,0.4,0.37,,,,,,firms,VIIRS,VIIRS_NOAA21_NRT
4.47243,115.03554,2025-05-08,548,N21,n,2.0NRT,10.24,D,0.4,0.37,,,,,,firms,VIIRS,VIIRS_NOAA21_NRT
4.5571,103.45722,2025-05-08,548,N21,n,2.0NRT,3.9,D,0.44,0.62,,,,,,firms,VIIRS,VIIRS_NOAA21_NRT
4.6714,114.46178,2025-05-08,548,N21,n,2.0NRT,6.6,D,0.39,0.36,,,,,,firms,VIIRS,VIIRS_NOAA21_NRT
4.83766,115.31777,2025-05-08,548,N21,n,2.0NRT,9.56,D,0.41,0.37,,,,,,firms,VIIRS,VIIRS_NOAA21_NRT
4.83821,115.32146,2025-05-08,548,N21,n,2.0NRT,6.1,D,0.41,0.37,,,,,,firms,VIIRS,VIIRS_NOAA21_NRT
4.97478,116.35841,2025-05-08,548,N21,n,2.0NRT,4.57,D,0.45,0.39,,,,,,firms,VIIRS,VIIRS_NOAA21_NRT
5.43014,114.71344,2025-05-08,548,N21,n,2.0NRT,2.62,D,0.4,0.37,,,,,,firms,VIIRS,VIIRS_NOAA21_NRT
5.82597,114.34094,2025-05-08,548,N21,n,2.0NRT,8.4,D,0.39,0.36,,,,,,firms,VIIRS,VIIRS_NOAA21_NRT
5.91046,116.36682,2025-05-08,548,N21,n,2.0NRT,5.35,D,0.46,0.39,,,,,,firms,VIIRS,VIIRS_NOAA21_NRT
5.91264,116.36738,2025-05-08,548,N21,n,2.0NRT,5.27,D,0.46,0.39,,,,,,firms,VIIRS,VIIRS_NOAA21_NRT
1.20716,98.90496,2025-05-08,729,N21,n,2.0NRT,9.15,D,0.43,0.62,,,,,,firms,VIIRS,VIIRS_NOAA21_NRT
1.4735,97.34544,2025-05-08,729,N21,n,2.0NRT,2.27,D,0.34,0.56,,,,,,firms,VIIRS,VIIRS_NOAA21_NRT
1.4752,97.34413,2025-05-08,729,N21,n,2.0NRT,1.51,D,0.34,0.56,,,,,,firms,VIIRS,VIIRS_NOAA21_NRT
1.58914,98.84491,2025-05-08,729,N21,n,2.0NRT,8.6,D,0.43,0.62,,,,,,firms,VIIRS,VIIRS_NOAA21_NRT
1.59202,98.84415,2025-05-08,729,N21,n,2.0NRT,8.15,D,0.43,0.62,,,,,,firms,VIIRS,VIIRS_NOAA21_NRT
-1.56644,127.42944,2025-05-08,1645,N21,n,2.0NRT,2.62,N,0.41,0.37,,,,,,firms,VIIRS,VIIRS_NOAA21_NRT
-1.56244,127.42624,2025-05-08,1645,N21,n,2.0NRT,1.27,N,0.41,0.37,,,,,,firms,VIIRS,VIIRS_NOAA21_NRT
-1.55902,127.42674,2025-05-08,1645,N21,n,2.0NRT,1.27,N,0.41,0.37,,,,,,firms,VIIRS,VIIRS_NOAA21_NRT
-1.45896,127.43867,2025-05-08,1645,N21,n,2.0NRT,7.88,N,0.41,0.37,,,,,,firms,VIIRS,VIIRS_NOAA21_NRT
-1.45836,127.4349,2025-05-08,1645,N21,n,2.0NRT,7.88,N,0.41,0.37,,,,,,firms,VIIRS,VIIRS_NOAA21_NRT
-0.58521,117.38448,2025-05-08,1645,N21,n,2.0NRT,0.71,N,0.61,0.71,,,,,,firms,VIIRS,VIIRS_NOAA21_NRT
0.50929,127.89715,2025-05-08,1645,N21,n,2.0NRT,1.49,N,0.41,0.37,,,,,,firms,VIIRS,VIIRS_NOAA21_NRT
0.50986,127.89345,2025-05-08,1645,N21,n,2.0NRT,1.49,N,0.41,0.37,,,,,,firms,VIIRS,VIIRS_NOAA21_NRT
0.68855,117.54242,2025-05-08,1645,N21,n,2.0NRT,8.07,N,0.62,0.71,,,,,,firms,VIIRS,VIIRS_NOAA21_NRT
2.77558,125.40294,2025-05-08,1645,N21,n,2.0NRT,0.42,N,0.39,0.44,,,,,,firms,VIIRS,VIIRS_NOAA21_NRT
2.77945,125.4042,2025-05-08,1645,N21,n,2.0NRT,1.51,N,0.39,0.44,,,,,,firms,VIIRS,VIIRS_NOAA21_NRT
-8.27259,123.5064,2025-05-08,1648,N21,n,2.0NRT,3.98,N,0.53,0.42,,,,,,firms,VIIRS,VIIRS_NOAA21_NRT
-3.13806,126.82029,2025-05-08,1648,N21,n,2.0NRT,0.76,N,0.42,0.38,,,,,,firms,VIIRS,VIIRS_NOAA21_NRT
-2.57956,121.37691,2025-05-08,1648,N21,n,2.0NRT,11.5,N,0.6,0.53,,,,,,firms,VIIRS,VIIRS_NOAA21_NRT
-2.57874,121.37187,2025-05-08,1648,N21,n,2.0NRT,11.5,N,0.6,0.53,,,,,,firms,VIIRS,VIIRS_NOAA21_NRT
-2.57558,121.38287,2025-05-08,1648,N21,n,2.0NRT,5.07,N,0.6,0.53,,,,,,firms,VIIRS,VIIRS_NOAA21_NRT
-2.57475,121.37779,2025-05-08,1648,N21,n,2.0NRT,2.95,N,0.6,0.53,,,,,,firms,VIIRS,VIIRS_NOAA21_NRT
-2.57392,121.37275,2025-05-08,1648,N21,n,2.0NRT,2.95,N,0.6,0.53,,,,,,firms,VIIRS,VIIRS_NOAA21_NRT
-2.56993,121.37859,2025-05-08,1648,N21,n,2.0NRT,2.95,N,0.6,0.53,,,,,,firms,VIIRS,VIIRS_NOAA21_NRT
-1.24593,116.80738,2025-05-08,1648,N21,n,2.0NRT,4.49,N,0.65,0.73,,,,,,firms,VIIRS,VIIRS_NOAA21_NRT
-8.72791,118.25871,2025-05-08,1650,N21,n,2.0NRT,0.82,N,0.38,0.59,,,,,,firms,VIIRS,VIIRS_NOAA21_NRT
0.67684,117.56661,2025-05-08,1826,N21,n,2.0NRT,2.85,N,0.72,0.75,,,,,,firms,VIIRS,VIIRS_NOAA21_NRT
0.67799,117.56492,2025-05-08,1826,N21,n,2.0NRT,2.38,N,0.72,0.75,,,,,,firms,VIIRS,VIIRS_NOAA21_NRT
0.68584,117.55985,2025-05-08,1826,N21,n,2.0NRT,2.86,N,0.72,0.75,,,,,,firms,VIIRS,VIIRS_NOAA21_NRT
0.68789,117.54721,2025-05-08,1826,N21,n,2.0NRT,6.8,N,0.71,0.75,,,,,,firms,VIIRS,VIIRS_NOAA21_NRT
0.68886,117.54119,2025-05-08,1826,N21,n,2.0NRT,6.8,N,0.71,0.75,,,,,,firms,VIIRS,VIIRS_NOAA21_NRT
3.27271,113.06042,2025-05-08,1826,N21,n,2.0NRT,6.24,N,0.63,0.54,,,,,,firms,VIIRS,VIIRS_NOAA21_NRT
3.27676,113.0667,2025-05-08,1826,N21,n,2.0NRT,6.24,N,0.63,0.54,,,,,,firms,VIIRS,VIIRS_NOAA21_NRT
3.27763,113.06134,2025-05-08,1826,N21,n,2.0NRT,6.24,N,0.63,0.54,,,,,,firms,VIIRS,VIIRS_NOAA21_NRT
3.2839,113.08517,2025-05-08,1826,N21,n,2.0NRT,8.89,N,0.63,0.54,,,,,,firms,VIIRS,VIIRS_NOAA21_NRT
3.28793,113.09166,2025-05-08,1826,N21,n,2.0NRT,7.22,N,0.63,0.54,,,,,,firms,VIIRS,VIIRS_NOAA21_NRT
3.28882,113.08615,2025-05-08,1826,N21,n,2.0NRT,7.22,N,0.63,0.54,,,,,,firms,VIIRS,VIIRS_NOAA21_NRT
3.28971,113.08063,2025-05-08,1826,N21,n,2.0NRT,7.25,N,0.63,0.54,,,,,,firms,VIIRS,VIIRS_NOAA21_NRT
3.52463,113.31413,2025-05-08,1826,N21,n,2.0NRT,0.77,N,0.32,0.55,,,,,,firms,VIIRS,VIIRS_NOAA21_NRT
3.53483,113.34568,2025-05-08,1826,N21,n,2.0NRT,0.94,N,0.33,0.55,,,,,,firms,VIIRS,VIIRS_NOAA21_NRT
3.53531,113.34277,2025-05-08,1826,N21,n,2.0NRT,0.94,N,0.33,0.55,,,,,,firms,VIIRS,VIIRS_NOAA21_NRT
3.60488,112.4099,2025-05-08,1826,N21,n,2.0NRT,3.34,N,0.56,0.52,,,,,,firms,VIIRS,VIIRS_NOAA21_NRT
3.76449,112.06562,2025-05-08,1826,N21,n,2.0NRT,6.68,N,0.53,0.5,,,,,,firms,VIIRS,VIIRS_NOAA21_NRT
4.1653,106.22662,2025-05-08,1826,N21,n,2.0NRT,0.51,N,0.39,0.36,,,,,,firms,VIIRS,VIIRS_NOAA21_NRT
4.65889,103.37715,2025-05-08,1826,N21,n,2.0NRT,1.33,N,0.41,0.37,,,,,,firms,VIIRS,VIIRS_NOAA21_NRT
4.6745,113.85867,2025-05-08,1826,N21,n,2.0NRT,3.79,N,0.34,0.56,,,,,,firms,VIIRS,VIIRS_NOAA21_NRT
4.675,113.85564,2025-05-08,1826,N21,n,2.0NRT,3.62,N,0.34,0.56,,,,,,firms,VIIRS,VIIRS_NOAA21_NRT
5.37068,104.89631,2025-05-08,1826,N21,n,2.0NRT,3.88,N,0.39,0.36,,,,,,firms,VIIRS,VIIRS_NOAA21_NRT
5.37967,100.37639,2025-05-08,1826,N21,n,2.0NRT,2.16,N,0.4,0.44,,,,,,firms,VIIRS,VIIRS_NOAA21_NRT
5.41025,105.18876,2025-05-08,1826,N21,n,2.0NRT,0.99,N,0.38,0.36,,,,,,firms,VIIRS,VIIRS_NOAA21_NRT
5.51901,105.67109,2025-05-08,1826,N21,n,2.0NRT,2.97,N,0.38,0.36,,,,,,firms,VIIRS,VIIRS_NOAA21_NRT
5.55015,104.77195,2025-05-08,1826,N21,n,2.0NRT,0.46,N,0.39,0.36,,,,,,firms,VIIRS,VIIRS_NOAA21_NRT
5.64725,104.97877,2025-05-08,1826,N21,n,2.0NRT,1.29,N,0.39,0.36,,,,,,firms,VIIRS,VIIRS_NOAA21_NRT
5.82575,114.34431,2025-05-08,1826,N21,n,2.0NRT,8.86,N,0.35,0.57,,,,,,firms,VIIRS,VIIRS_NOAA21_NRT
5.82629,114.3412,2025-05-08,1826,N21,h,2.0NRT,6.68,N,0.35,0.57,,,,,,firms,VIIRS,VIIRS_NOAA21_NRT
5.82683,114.33808,2025-05-08,1826,N21,n,2.0NRT,6.68,N,0.35,0.57,,,,,,firms,VIIRS,VIIRS_NOAA21_NRT
5.876,114.29898,2025-05-08,1826,N21,n,2.0NRT,3.64,N,0.35,0.57,,,,,,firms,VIIRS,VIIRS_NOAA21_NRT
-2.14793,115.58383,2025-05-08,1828,N21,n,2.0NRT,1.35,N,0.58,0.7,,,,,,firms,VIIRS,VIIRS_NOAA21_NRT
-1.89585,115.86181,2025-05-08,1828,N21,n,2.0NRT,6.4,N,0.6,0.7,,,,,,firms,VIIRS,VIIRS_NOAA21_NRT
-1.89504,115.85638,2025-05-08,1828,N21,n,2.0NRT,4.92,N,0.6,0.7,,,,,,firms,VIIRS,VIIRS_NOAA21_NRT
0.42494,108.99338,2025-05-08,1828,N21,n,2.0NRT,2.01,N,0.56,0.43,,,,,,firms,VIIRS,VIIRS_NOAA21_NRT
0.44162,101.89344,2025-05-08,1828,N21,n,2.0NRT,1.55,N,0.43,0.38,,,,,,firms,VIIRS,VIIRS_NOAA21_NRT
1.01749,103.96502,2025-05-08,1828,N21,n,2.0NRT,1.03,N,0.39,0.36,,,,,,firms,VIIRS,VIIRS_NOAA21_NRT
1.11543,110.82511,2025-05-08,1828,N21,n,2.0NRT,1.33,N,0.48,0.48,,,,,,firms,VIIRS,VIIRS_NOAA21_NRT
1.37266,104.15449,2025-05-08,1828,N21,n,2.0NRT,1.21,N,0.39,0.36,,,,,,firms,VIIRS,VIIRS_NOAA21_NRT
1.67088,101.47507,2025-05-08,1828,N21,n,2.0NRT,4.89,N,0.47,0.39,,,,,,firms,VIIRS,VIIRS_NOAA21_NRT
1.67256,101.47477,2025-05-08,1828,N21,n,2.0NRT,4.13,N,0.47,0.39,,,,,,firms,VIIRS,VIIRS_NOAA21_NRT
1.70793,103.63927,2025-05-08,1828,N21,n,2.0NRT,0.45,N,0.39,0.36,,,,,,firms,VIIRS,VIIRS_NOAA21_NRT
2.53262,101.82444,2025-05-08,1828,N21,n,2.0NRT,1.41,N,0.46,0.39,,,,,,firms,VIIRS,VIIRS_NOAA21_NRT
2.7389,102.39494,2025-05-08,1828,N21,n,2.0NRT,1.36,N,0.43,0.38,,,,,,firms,VIIRS,VIIRS_NOAA21_NRT
2.93627,101.81088,2025-05-08,1828,N21,n,2.0NRT,0.79,N,0.46,0.39,,,,,,firms,VIIRS,VIIRS_NOAA21_NRT
3.1859,98.12793,2025-05-08,1828,N21,n,2.0NRT,0.75,N,0.52,0.5,,,,,,firms,VIIRS,VIIRS_NOAA21_NRT
-7.54153,110.44537,2025-05-08,1830,N21,n,2.0NRT,0.93,N,0.61,0.53,,,,,,firms,VIIRS,VIIRS_NOAA21_NRT
-6.54685,108.09373,2025-05-08,1830,N21,n,2.0NRT,0.64,N,0.41,0.45,,,,,,firms,VIIRS,VIIRS_NOAA21_NRT
-6.09864,106.67098,2025-05-08,1830,N21,n,2.0NRT,2.07,N,0.5,0.41,,,,,,firms,VIIRS,VIIRS_NOAA21_NRT
-6.09713,106.67289,2025-05-08,1830,N21,n,2.0NRT,2.01,N,0.5,0.41,,,,,,firms,VIIRS,VIIRS_NOAA21_NRT
-6.00974,105.9777,2025-05-08,1830,N21,n,2.0NRT,0.77,N,0.46,0.39,,,,,,firms,VIIRS,VIIRS_NOAA21_NRT
-6.00677,105.98235,2025-05-08,1830,N21,n,2.0NRT,1.19,N,0.46,0.39,,,,,,firms,VIIRS,VIIRS_NOAA21_NRT
-6.00616,105.97825,2025-05-08,1830,N21,n,2.0NRT,1.83,N,0.46,0.39,,,,,,firms,VIIRS,VIIRS_NOAA21_NRT
-6.00318,105.98289,2025-05-08,1830,N21,n,2.0NRT,1.19,N,0.46,0.39,,,,,,firms,VIIRS,VIIRS_NOAA21_NRT
-9.42627,119.85434,2025-05-09,525,N21,n,2.0NRT,2.76,D,0.4,0.37,,,,,,firms,VIIRS,VIIRS_NOAA21_NRT
-9.39163,119.70551,2025-05-09,525,N21,n,2.0NRT,8.14,D,0.41,0.37,,,,,,firms,VIIRS,VIIRS_NOAA21_NRT
-3.83272,119.62199,2025-05-09,525,N21,n,2.0NRT,2.68,D,0.39,0.36,,,,,,firms,VIIRS,VIIRS_NOAA21_NRT
-2.83838,119.14131,2025-05-09,525,N21,n,2.0NRT,2.36,D,0.39,0.36,,,,,,firms,VIIRS,VIIRS_NOAA21_NRT
-1.95182,120.21011,2025-05-09,525,N21,n,2.0NRT,2.66,D,0.39,0.36,,,,,,firms,VIIRS,VIIRS_NOAA21_NRT
-1.88155,120.88946,2025-05-09,525,N21,n,2.0NRT,3.39,D,0.39,0.36,,,,,,firms,VIIRS,VIIRS_NOAA21_NRT
-1.4574,127.43633,2025-05-09,525,N21,n,2.0NRT,13.06,D,0.6,0.53,,,,,,firms,VIIRS,VIIRS_NOAA21_NRT
-1.45965,120.7805,2025-05-09,527,N21,n,2.0NRT,2.43,D,0.39,0.36,,,,,,firms,VIIRS,VIIRS_NOAA21_NRT
-1.34815,120.15392,2025-05-09,527,N21,n,2.0NRT,2.64,D,0.39,0.36,,,,,,firms,VIIRS,VIIRS_NOAA21_NRT
-1.18382,119.65035,2025-05-09,527,N21,n,2.0NRT,3.44,D,0.38,0.36,,,,,,firms,VIIRS,VIIRS_NOAA21_NRT
-1.03316,120.52406,2025-05-09,527,N21,n,2.0NRT,4.51,D,0.39,0.36,,,,,,firms,VIIRS,VIIRS_NOAA21_NRT
-0.98671,120.3387,2025-05-09,527,N21,l,2.0NRT,2.93,D,0.39,0.36,,,,,,firms,VIIRS,VIIRS_NOAA21_NRT
-0.83213,116.94656,2025-05-09,527,N21,n,2.0NRT,3.18,D,0.44,0.38,,,,,,firms,VIIRS,VIIRS_NOAA21_NRT
-0.23486,117.21031,2025-05-09,527,N21,n,2.0NRT,34.72,D,0.42,0.38,,,,,,firms,VIIRS,VIIRS_NOAA21_NRT
-0.12131,116.85368,2025-05-09,527,N21,n,2.0NRT,7.68,D,0.43,0.38,,,,,,firms,VIIRS,VIIRS_NOAA21_NRT
-0.08596,117.24583,2025-05-09,527,N21,n,2.0NRT,3.08,D,0.42,0.38,,,,,,firms,VIIRS,VIIRS_NOAA21_NRT
0.61182,109.16685,2025-05-09,527,N21,n,2.0NRT,4.33,D,0.44,0.62,,,,,,firms,VIIRS,VIIRS_NOAA21_NRT
0.91014,117.97501,2025-05-09,527,N21,n,2.0NRT,3.49,D,0.39,0.37,,,,,,firms,VIIRS,VIIRS_NOAA21_NRT
0.91349,117.97451,2025-05-09,527,N21,n,2.0NRT,3.49,D,0.39,0.37,,,,,,firms,VIIRS,VIIRS_NOAA21_NRT
0.99817,117.10851,2025-05-09,527,N21,n,2.0NRT,3.16,D,0.42,0.37,,,,,,firms,VIIRS,VIIRS_NOAA21_NRT
1.36132,117.21156,2025-05-09,527,N21,n,2.0NRT,10.21,D,0.41,0.37,,,,,,firms,VIIRS,VIIRS_NOAA21_NRT
1.37599,117.23924,2025-05-09,527,N21,n,2.0NRT,3.67,D,0.41,0.37,,,,,,firms,VIIRS,VIIRS_NOAA21_NRT
1.47028,110.99938,2025-05-09,527,N21,n,2.0NRT,48.89,D,0.63,0.54,,,,,,firms,VIIRS,VIIRS_NOAA21_NRT
1.47204,117.24744,2025-05-09,527,N21,n,2.0NRT,23.1,D,0.41,0.37,,,,,,firms,VIIRS,VIIRS_NOAA21_NRT
1.50074,117.11154,2025-05-09,527,N21,n,2.0NRT,3.63,D,0.41,0.37,,,,,,firms,VIIRS,VIIRS_NOAA21_NRT
1.69388,109.49229,2025-05-09,527,N21,n,2.0NRT,22.63,D,0.4,0.6,,,,,,firms,VIIRS,VIIRS_NOAA21_NRT
1.69444,109.49579,2025-05-09,527,N21,h,2.0NRT,22.63,D,0.4,0.6,,,,,,firms,VIIRS,VIIRS_NOAA21_NRT
1.69499,109.49036,2025-05-09,527,N21,n,2.0NRT,19.4,D,0.4,0.6,,,,,,firms,VIIRS,VIIRS_NOAA21_NRT
1.69557,109.49384,2025-05-09,527,N21,h,2.0NRT,19.4,D,0.4,0.6,,,,,,firms,VIIRS,VIIRS_NOAA21_NRT
1.69935,109.49152,2025-05-09,527,N21,l,2.0NRT,8.44,D,0.4,0.6,,,,,,firms,VIIRS,VIIRS_NOAA21_NRT
1.6999,109.49503,2025-05-09,527,N21,n,2.0NRT,8.44,D,0.4,0.6,,,,,,firms,VIIRS,VIIRS_NOAA21_NRT
1.70047,109.48968,2025-05-09,527,N21,n,2.0NRT,19.4,D,0.4,0.6,,,,,,firms,VIIRS,VIIRS_NOAA21_NRT
2.04741,128.33305,2025-05-09,527,N21,n,2.0NRT,5.14,D,0.4,0.6,,,,,,firms,VIIRS,VIIRS_NOAA21_NRT
2.24043,111.85135,2025-05-09,527,N21,n,2.0NRT,10.58,D,0.53,0.5,,,,,,firms,VIIRS,VIIRS_NOAA21_NRT
2.37015,111.83916,2025-05-09,527,N21,n,2.0NRT,5.64,D,0.53,0.5,,,,,,firms,VIIRS,VIIRS_NOAA21_NRT
2.56172,111.45789,2025-05-09,527,N21,n,2.0NRT,9.29,D,0.56,0.51,,,,,,firms,VIIRS,VIIRS_NOAA21_NRT
2.56451,111.45994,2025-05-09,527,N21,n,2.0NRT,8.47,D,0.56,0.52,,,,,,firms,VIIRS,VIIRS_NOAA21_NRT
2.77872,112.16383,2025-05-09,527,N21,n,2.0NRT,25.47,D,0.5,0.49,,,,,,firms,VIIRS,VIIRS_NOAA21_NRT
2.77942,112.16827,2025-05-09,527,N21,n,2.0NRT,25.47,D,0.5,0.49,,,,,,firms,VIIRS,VIIRS_NOAA21_NRT
2.78187,112.16387,2025-05-09,527,N21,n,2.0NRT,44.88,D,0.5,0.49,,,,,,firms,VIIRS,VIIRS_NOAA21_NRT
2.7826,112.16828,2025-05-09,527,N21,n,2.0NRT,44.88,D,0.5,0.49,,,,,,firms,VIIRS,VIIRS_NOAA21_NRT
2.78318,112.16313,2025-05-09,527,N21,n,2.0NRT,25.47,D,0.5,0.49,,,,,,firms,VIIRS,VIIRS_NOAA21_NRT
2.78387,112.16756,2025-05-09,527,N21,n,2.0NRT,25.47,D,0.5,0.49,,,,,,firms,VIIRS,VIIRS_NOAA21_NRT
2.78633,112.16318,2025-05-09,527,N21,n,2.0NRT,22.92,D,0.5,0.49,,,,,,firms,VIIRS,VIIRS_NOAA21_NRT
2.78705,112.16759,2025-05-09,527,N21,n,2.0NRT,22.92,D,0.5,0.49,,,,,,firms,VIIRS,VIIRS_NOAA21_NRT
2.78764,112.16245,2025-05-09,527,N21,n,2.0NRT,32.23,D,0.5,0.49,,,,,,firms,VIIRS,VIIRS_NOAA21_NRT
2.78833,112.16687,2025-05-09,527,N21,n,2.0NRT,32.23,D,0.5,0.49,,,,,,firms,VIIRS,VIIRS_NOAA21_NRT
2.79007,112.1581,2025-05-09,527,N21,n,2.0NRT,13.64,D,0.5,0.49,,,,,,firms,VIIRS,VIIRS_NOAA21_NRT
2.79079,112.16251,2025-05-09,527,N21,n,2.0NRT,22.92,D,0.5,0.49,,,,,,firms,VIIRS,VIIRS_NOAA21_NRT
2.79141,112.15735,2025-05-09,527,N21,n,2.0NRT,11.42,D,0.5,0.49,,,,,,firms,VIIRS,VIIRS_NOAA21_NRT
2.79151,112.16692,2025-05-09,527,N21,n,2.0NRT,22.92,D,0.5,0.49,,,,,,firms,VIIRS,VIIRS_NOAA21_NRT
2.7921,112.16177,2025-05-09,527,N21,n,2.0NRT,32.23,D,0.5,0.49,,,,,,firms,VIIRS,VIIRS_NOAA21_NRT
2.79279,112.1662,2025-05-09,527,N21,n,2.0NRT,32.23,D,0.5,0.49,,,,,,firms,VIIRS,VIIRS_NOAA21_NRT
2.79525,112.16184,2025-05-09,527,N21,n,2.0NRT,49.44,D,0.5,0.49,,,,,,firms,VIIRS,VIIRS_NOAA21_NRT
2.88195,112.5561,2025-05-09,527,N21,n,2.0NRT,7.81,D,0.47,0.47,,,,,,firms,VIIRS,VIIRS_NOAA21_NRT
2.9073,117.62758,2025-05-09,527,N21,n,2.0NRT,3.12,D,0.39,0.36,,,,,,firms,VIIRS,VIIRS_NOAA21_NRT
3.27193,113.06034,2025-05-09,527,N21,n,2.0NRT,4.44,D,0.43,0.46,,,,,,firms,VIIRS,VIIRS_NOAA21_NRT
3.27671,113.06349,2025-05-09,527,N21,n,2.0NRT,6.99,D,0.43,0.46,,,,,,firms,VIIRS,VIIRS_NOAA21_NRT
3.28808,113.08109,2025-05-09,527,N21,n,2.0NRT,5.41,D,0.42,0.46,,,,,,firms,VIIRS,VIIRS_NOAA21_NRT
3.2887,113.08488,2025-05-09,527,N21,n,2.0NRT,5.41,D,0.42,0.45,,,,,,firms,VIIRS,VIIRS_NOAA21_NRT
3.28992,113.09248,2025-05-09,527,N21,n,2.0NRT,8.0,D,0.42,0.45,,,,,,firms,VIIRS,VIIRS_NOAA21_NRT
3.63273,113.56558,2025-05-09,527,N21,n,2.0NRT,10.16,D,0.39,0.44,,,,,,firms,VIIRS,VIIRS_NOAA21_NRT
3.63329,113.56914,2025-05-09,527,N21,n,2.0NRT,9.89,D,0.39,0.44,,,,,,firms,VIIRS,VIIRS_NOAA21_NRT
3.7894,114.63507,2025-05-09,527,N21,n,2.0NRT,9.0,D,0.5,0.41,,,,,,firms,VIIRS,VIIRS_NOAA21_NRT
4.49235,116.41734,2025-05-09,527,N21,n,2.0NRT,9.26,D,0.41,0.37,,,,,,firms,VIIRS,VIIRS_NOAA21_NRT
5.33545,116.15005,2025-05-09,527,N21,l,2.0NRT,5.39,D,0.42,0.37,,,,,,firms,VIIRS,VIIRS_NOAA21_NRT
5.33603,116.15376,2025-05-09,527,N21,l,2.0NRT,6.88,D,0.42,0.37,,,,,,firms,VIIRS,VIIRS_NOAA21_NRT
5.21245,114.74326,2025-05-09,529,N21,n,2.0NRT,3.12,D,0.48,0.4,,,,,,firms,VIIRS,VIIRS_NOAA21_NRT
5.82713,114.33746,2025-05-09,529,N21,n,2.0NRT,3.39,D,0.49,0.41,,,,,,firms,VIIRS,VIIRS_NOAA21_NRT
-2.0593,105.95296,2025-05-09,707,N21,n,2.0NRT,3.59,D,0.55,0.68,,,,,,firms,VIIRS,VIIRS_NOAA21_NRT
-2.02332,105.97717,2025-05-09,707,N21,n,2.0NRT,5.24,D,0.55,0.68,,,,,,firms,VIIRS,VIIRS_NOAA21_NRT
-1.98341,106.06234,2025-05-09,707,N21,n,2.0NRT,5.24,D,0.56,0.69,,,,,,firms,VIIRS,VIIRS_NOAA21_NRT
-1.1044,103.04877,2025-05-09,707,N21,n,2.0NRT,3.3,D,0.36,0.57,,,,,,firms,VIIRS,VIIRS_NOAA21_NRT
0.29311,99.24571,2025-05-09,707,N21,n,2.0NRT,8.15,D,0.41,0.45,,,,,,firms,VIIRS,VIIRS_NOAA21_NRT
0.29501,99.23032,2025-05-09,707,N21,n,2.0NRT,2.55,D,0.41,0.45,,,,,,firms,VIIRS,VIIRS_NOAA21_NRT
2.10556,98.97205,2025-05-09,709,N21,n,2.0NRT,4.51,D,0.42,0.45,,,,,,firms,VIIRS,VIIRS_NOAA21_NRT
2.35952,98.79917,2025-05-09,709,N21,n,2.0NRT,4.03,D,0.42,0.45,,,,,,firms,VIIRS,VIIRS_NOAA21_NRT
2.87002,97.98438,2025-05-09,709,N21,n,2.0NRT,26.37,D,0.56,0.43,,,,,,firms,VIIRS,VIIRS_NOAA21_NRT
2.94444,98.23442,2025-05-09,709,N21,n,2.0NRT,3.66,D,0.39,0.44,,,,,,firms,VIIRS,VIIRS_NOAA21_NRT
2.94635,98.23431,2025-05-09,709,N21,n,2.0NRT,3.88,D,0.39,0.44,,,,,,firms,VIIRS,VIIRS_NOAA21_NRT
3.31089,106.25827,2025-05-09,709,N21,n,2.0NRT,10.07,D,0.7,0.75,,,,,,firms,VIIRS,VIIRS_NOAA21_NRT
4.57793,103.44345,2025-05-09,709,N21,n,2.0NRT,6.05,D,0.47,0.64,,,,,,firms,VIIRS,VIIRS_NOAA21_NRT
5.92269,101.75248,2025-05-09,709,N21,n,2.0NRT,3.95,D,0.37,0.58,,,,,,firms,VIIRS,VIIRS_NOAA21_NRT
5.92425,101.75369,2025-05-09,709,N21,n,2.0NRT,4.8,D,0.37,0.58,,,,,,firms,VIIRS,VIIRS_NOAA21_NRT
2.77988,125.39251,2025-05-09,1626,N21,n,2.0NRT,0.95,N,0.41,0.61,,,,,,firms,VIIRS,VIIRS_NOAA21_NRT
2.78562,125.39185,2025-05-09,1626,N21,n,2.0NRT,0.95,N,0.41,0.61,,,,,,firms,VIIRS,VIIRS_NOAA21_NRT
-3.52943,126.16269,2025-05-09,1628,N21,n,2.0NRT,5.97,N,0.57,0.52,,,,,,firms,VIIRS,VIIRS_NOAA21_NRT
-1.81953,136.75063,2025-05-09,1628,N21,n,2.0NRT,2.2,N,0.44,0.39,,,,,,firms,VIIRS,VIIRS_NOAA21_NRT
-1.81654,136.75221,2025-05-09,1628,N21,n,2.0NRT,2.28,N,0.45,0.39,,,,,,firms,VIIRS,VIIRS_NOAA21_NRT
-1.5669,127.42669,2025-05-09,1628,N21,n,2.0NRT,2.74,N,0.5,0.49,,,,,,firms,VIIRS,VIIRS_NOAA21_NRT
-1.56242,127.42744,2025-05-09,1628,N21,n,2.0NRT,3.98,N,0.5,0.49,,,,,,firms,VIIRS,VIIRS_NOAA21_NRT
-1.5579,127.42797,2025-05-09,1628,N21,n,2.0NRT,3.98,N,0.5,0.49,,,,,,firms,VIIRS,VIIRS_NOAA21_NRT
-1.53151,127.42136,2025-05-09,1628,N21,n,2.0NRT,1.94,N,0.5,0.49,,,,,,firms,VIIRS,VIIRS_NOAA21_NRT
-1.46034,127.4371,2025-05-09,1628,N21,n,2.0NRT,18.84,N,0.5,0.49,,,,,,firms,VIIRS,VIIRS_NOAA21_NRT
-1.45581,127.43753,2025-05-09,1628,N21,n,2.0NRT,9.66,N,0.5,0.49,,,,,,firms,VIIRS,VIIRS_NOAA21_NRT
1.49193,127.62708,2025-05-09,1628,N21,n,2.0NRT,0.51,N,0.54,0.51,,,,,,firms,VIIRS,VIIRS_NOAA21_NRT
1.49572,127.63334,2025-05-09,1628,N21,n,2.0NRT,7.25,N,0.54,0.51,,,,,,firms,VIIRS,VIIRS_NOAA21_NRT
1.49656,127.62785,2025-05-09,1628,N21,n,2.0NRT,7.25,N,0.54,0.51,,,,,,firms,VIIRS,VIIRS_NOAA21_NRT
-8.27221,123.50298,2025-05-09,1630,N21,n,2.0NRT,2.71,N,0.36,0.58,,,,,,firms,VIIRS,VIIRS_NOAA21_NRT
5.87548,114.29755,2025-05-09,1806,N21,n,2.0NRT,5.09,N,0.51,0.41,,,,,,firms,VIIRS,VIIRS_NOAA21_NRT
-1.24581,116.81688,2025-05-09,1809,N21,n,2.0NRT,2.57,N,0.63,0.54,,,,,,firms,VIIRS,VIIRS_NOAA21_NRT
0.44367,101.89352,2025-05-09,1809,N21,n,2.0NRT,2.62,N,0.55,0.51,,,,,,firms,VIIRS,VIIRS_NOAA21_NRT
0.53755,101.60453,2025-05-09,1809,N21,n,2.0NRT,0.71,N,0.58,0.52,,,,,,firms,VIIRS,VIIRS_NOAA21_NRT
0.53783,101.60256,2025-05-09,1809,N21,n,2.0NRT,1.18,N,0.58,0.52,,,,,,firms,VIIRS,VIIRS_NOAA21_NRT
0.68877,117.54529,2025-05-09,1809,N21,n,2.0NRT,7.49,N,0.33,0.55,,,,,,firms,VIIRS,VIIRS_NOAA21_NRT
0.68923,117.54245,2025-05-09,1809,N21,n,2.0NRT,9.58,N,0.33,0.55,,,,,,firms,VIIRS,VIIRS_NOAA21_NRT
0.9259,102.01928,2025-05-09,1809,N21,n,2.0NRT,0.78,N,0.55,0.51,,,,,,firms,VIIRS,VIIRS_NOAA21_NRT
0.9277,102.02207,2025-05-09,1809,N21,n,2.0NRT,1.1,N,0.55,0.51,,,,,,firms,VIIRS,VIIRS_NOAA21_NRT
1.01894,103.9624,2025-05-09,1809,N21,n,2.0NRT,1.58,N,0.41,0.45,,,,,,firms,VIIRS,VIIRS_NOAA21_NRT
1.08343,100.81526,2025-05-09,1809,N21,n,2.0NRT,0.64,N,0.34,0.56,,,,,,firms,VIIRS,VIIRS_NOAA21_NRT
1.12353,100.8473,2025-05-09,1809,N21,n,2.0NRT,0.59,N,0.34,0.56,,,,,,firms,VIIRS,VIIRS_NOAA21_NRT
1.25987,101.13139,2025-05-09,1809,N21,n,2.0NRT,1.33,N,0.32,0.55,,,,,,firms,VIIRS,VIIRS_NOAA21_NRT
1.28266,101.0828,2025-05-09,1809,N21,n,2.0NRT,0.69,N,0.33,0.55,,,,,,firms,VIIRS,VIIRS_NOAA21_NRT
1.283,103.71496,2025-05-09,1809,N21,n,2.0NRT,7.22,N,0.43,0.46,,,,,,firms,VIIRS,VIIRS_NOAA21_NRT
1.37631,104.15878,2025-05-09,1809,N21,n,2.0NRT,2.48,N,0.4,0.45,,,,,,firms,VIIRS,VIIRS_NOAA21_NRT
1.67024,101.4732,2025-05-09,1809,N21,n,2.0NRT,1.42,N,0.62,0.54,,,,,,firms,VIIRS,VIIRS_NOAA21_NRT
1.67516,101.47392,2025-05-09,1809,N21,n,2.0NRT,3.06,N,0.62,0.54,,,,,,firms,VIIRS,VIIRS_NOAA21_NRT
2.73802,102.39531,2025-05-09,1809,N21,n,2.0NRT,1.52,N,0.56,0.51,,,,,,firms,VIIRS,VIIRS_NOAA21_NRT
2.7618,112.16315,2025-05-09,1809,N21,n,2.0NRT,0.37,N,0.43,0.38,,,,,,firms,VIIRS,VIIRS_NOAA21_NRT
2.76755,112.172,2025-05-09,1809,N21,n,2.0NRT,1.86,N,0.44,0.38,,,,,,firms,VIIRS,VIIRS_NOAA21_NRT
2.77104,112.17256,2025-05-09,1809,N21,n,2.0NRT,0.78,N,0.44,0.38,,,,,,firms,VIIRS,VIIRS_NOAA21_NRT
2.77802,112.17365,2025-05-09,1809,N21,n,2.0NRT,1.71,N,0.44,0.38,,,,,,firms,VIIRS,VIIRS_NOAA21_NRT
2.78151,112.17421,2025-05-09,1809,N21,n,2.0NRT,1.71,N,0.44,0.38,,,,,,firms,VIIRS,VIIRS_NOAA21_NRT
2.785,112.17477,2025-05-09,1809,N21,n,2.0NRT,4.51,N,0.44,0.38,,,,,,firms,VIIRS,VIIRS_NOAA21_NRT
2.78849,112.17532,2025-05-09,1809,N21,n,2.0NRT,4.51,N,0.44,0.38,,,,,,firms,VIIRS,VIIRS_NOAA21_NRT
2.7891,112.17145,2025-05-09,1809,N21,n,2.0NRT,4.51,N,0.43,0.38,,,,,,firms,VIIRS,VIIRS_NOAA21_NRT
2.79259,112.17199,2025-05-09,1809,N21,n,2.0NRT,3.21,N,0.43,0.38,,,,,,firms,VIIRS,VIIRS_NOAA21_NRT
2.7932,112.16812,2025-05-09,1809,N21,n,2.0NRT,2.26,N,0.43,0.38,,,,,,firms,VIIRS,VIIRS_NOAA21_NRT
2.7938,112.16425,2025-05-09,1809,N21,n,2.0NRT,2.26,N,0.43,0.38,,,,,,firms,VIIRS,VIIRS_NOAA21_NRT
3.27192,113.06291,2025-05-09,1809,N21,n,2.0NRT,3.28,N,0.47,0.4,,,,,,firms,VIIRS,VIIRS_NOAA21_NRT
3.27554,113.06352,2025-05-09,1809,N21,n,2.0NRT,3.89,N,0.47,0.4,,,,,,firms,VIIRS,VIIRS_NOAA21_NRT
3.27916,113.06412,2025-05-09,1809,N21,n,2.0NRT,3.89,N,0.47,0.4,,,,,,firms,VIIRS,VIIRS_NOAA21_NRT
3.28736,113.08267,2025-05-09,1809,N21,n,2.0NRT,3.06,N,0.47,0.4,,,,,,firms,VIIRS,VIIRS_NOAA21_NRT
3.60438,112.40983,2025-05-09,1809,N21,n,2.0NRT,2.09,N,0.44,0.38,,,,,,firms,VIIRS,VIIRS_NOAA21_NRT
3.633,112.70898,2025-05-09,1809,N21,n,2.0NRT,0.61,N,0.45,0.39,,,,,,firms,VIIRS,VIIRS_NOAA21_NRT
3.76421,112.06545,2025-05-09,1809,N21,n,2.0NRT,3.5,N,0.42,0.38,,,,,,firms,VIIRS,VIIRS_NOAA21_NRT
5.37361,104.89571,2025-05-09,1809,N21,n,2.0NRT,1.9,N,0.41,0.45,,,,,,firms,VIIRS,VIIRS_NOAA21_NRT
5.40916,105.18903,2025-05-09,1809,N21,n,2.0NRT,1.3,N,0.4,0.44,,,,,,firms,VIIRS,VIIRS_NOAA21_NRT
5.55055,104.77211,2025-05-09,1809,N21,n,2.0NRT,1.65,N,0.42,0.45,,,,,,firms,VIIRS,VIIRS_NOAA21_NRT
5.64528,104.97691,2025-05-09,1809,N21,n,2.0NRT,1.35,N,0.41,0.45,,,,,,firms,VIIRS,VIIRS_NOAA21_NRT
5.8247,114.34335,2025-05-09,1809,N21,n,2.0NRT,1.16,N,0.51,0.41,,,,,,firms,VIIRS,VIIRS_NOAA21_NRT
5.82544,114.33876,2025-05-09,1809,N21,n,2.0NRT,1.82,N,0.51,0.41,,,,,,firms,VIIRS,VIIRS_NOAA21_NRT
-7.7035,108.99371,2025-05-09,1811,N21,n,2.0NRT,0.39,N,0.41,0.37,,,,,,firms,VIIRS,VIIRS_NOAA21_NRT
-7.54423,110.44357,2025-05-09,1811,N21,n,2.0NRT,0.39,N,0.46,0.39,,,,,,firms,VIIRS,VIIRS_NOAA21_NRT
-7.23954,111.73235,2025-05-09,1811,N21,n,2.0NRT,1.47,N,0.53,0.42,,,,,,firms,VIIRS,VIIRS_NOAA21_NRT
-4.87234,105.65376,2025-05-09,1811,N21,n,2.0NRT,1.2,N,0.43,0.38,,,,,,firms,VIIRS,VIIRS_NOAA21_NRT
-4.87011,105.65445,2025-05-09,1811,N21,n,2.0NRT,0.71,N,0.43,0.38,,,,,,firms,VIIRS,VIIRS_NOAA21_NRT
-3.40947,104.14665,2025-05-09,1811,N21,n,2.0NRT,0.59,N,0.52,0.42,,,,,,firms,VIIRS,VIIRS_NOAA21_NRT
-2.19744,103.45371,2025-05-09,1811,N21,n,2.0NRT,1.05,N,0.4,0.44,,,,,,firms,VIIRS,VIIRS_NOAA21_NRT
-2.19688,103.45016,2025-05-09,1811,N21,n,2.0NRT,1.07,N,0.4,0.44,,,,,,firms,VIIRS,VIIRS_NOAA21_NRT
-1.8763,103.55962,2025-05-09,1811,N21,n,2.0NRT,0.78,N,0.4,0.44,,,,,,firms,VIIRS,VIIRS_NOAA21_NRT
-1.57487,103.68665,2025-05-09,1811,N21,n,2.0NRT,0.52,N,0.39,0.44,,,,,,firms,VIIRS,VIIRS_NOAA21_NRT
-1.57431,103.68314,2025-05-09,1811,N21,n,2.0NRT,0.52,N,0.39,0.44,,,,,,firms,VIIRS,VIIRS_NOAA21_NRT
-1.5714,103.69077,2025-05-09,1811,N21,n,2.0NRT,0.99,N,0.39,0.44,,,,,,firms,VIIRS,VIIRS_NOAA21_NRT
-1.56392,103.69551,2025-05-09,1811,N21,n,2.0NRT,2.41,N,0.39,0.44,,,,,,firms,VIIRS,VIIRS_NOAA21_NRT
-1.21566,103.41955,2025-05-09,1811,N21,n,2.0NRT,1.11,N,0.41,0.45,,,,,,firms,VIIRS,VIIRS_NOAA21_NRT
-1.17625,103.3573,2025-05-09,1811,N21,n,2.0NRT,0.58,N,0.42,0.45,,,,,,firms,VIIRS,VIIRS_NOAA21_NRT
-1.16914,103.33923,2025-05-09,1811,N21,n,2.0NRT,0.58,N,0.42,0.45,,,,,,firms,VIIRS,VIIRS_NOAA21_NRT
-0.98945,103.33287,2025-05-09,1811,N21,n,2.0NRT,1.3,N,0.42,0.45,,,,,,firms,VIIRS,VIIRS_NOAA21_NRT
-8.55134,117.62075,2025-05-10,506,N21,n,2.0NRT,1.93,D,0.33,0.55,,,,,,firms,VIIRS,VIIRS_NOAA21_NRT
-8.11377,112.92004,2025-05-10,506,N21,n,2.0NRT,4.88,D,0.7,0.75,,,,,,firms,VIIRS,VIIRS_NOAA21_NRT
-6.76187,111.95839,2025-05-10,508,N21,n,2.0NRT,12.34,D,0.77,0.77,,,,,,firms,VIIRS,VIIRS_NOAA21_NRT
-2.01396,121.41959,2025-05-10,508,N21,n,2.0NRT,4.55,D,0.46,0.39,,,,,,firms,VIIRS,VIIRS_NOAA21_NRT
-2.01035,121.4191,2025-05-10,508,N21,n,2.0NRT,4.55,D,0.46,0.39,,,,,,firms,VIIRS,VIIRS_NOAA21_NRT
-0.01475,120.03651,2025-05-10,508,N21,n,2.0NRT,4.0,D,0.52,0.41,,,,,,firms,VIIRS,VIIRS_NOAA21_NRT
0.4689,121.02592,2025-05-10,508,N21,n,2.0NRT,2.76,D,0.45,0.39,,,,,,firms,VIIRS,VIIRS_NOAA21_NRT
2.61594,113.14396,2025-05-10,510,N21,n,2.0NRT,6.1,D,0.46,0.63,,,,,,firms,VIIRS,VIIRS_NOAA21_NRT
2.69796,112.32071,2025-05-10,510,N21,n,2.0NRT,9.85,D,0.52,0.67,,,,,,firms,VIIRS,VIIRS_NOAA21_NRT
2.69873,112.32527,2025-05-10,510,N21,n,2.0NRT,9.85,D,0.52,0.67,,,,,,firms,VIIRS,VIIRS_NOAA21_NRT
2.75866,112.15809,2025-05-10,510,N21,n,2.0NRT,11.16,D,0.53,0.67,,,,,,firms,VIIRS,VIIRS_NOAA21_NRT
2.75923,112.16022,2025-05-10,510,N21,l,2.0NRT,11.6,D,0.53,0.67,,,,,,firms,VIIRS,VIIRS_NOAA21_NRT
2.75943,112.16279,2025-05-10,510,N21,n,2.0NRT,11.16,D,0.53,0.67,,,,,,firms,VIIRS,VIIRS_NOAA21_NRT
2.76004,112.16494,2025-05-10,510,N21,n,2.0NRT,11.6,D,0.53,0.67,,,,,,firms,VIIRS,VIIRS_NOAA21_NRT
2.76457,112.15459,2025-05-10,510,N21,n,2.0NRT,18.84,D,0.53,0.67,,,,,,firms,VIIRS,VIIRS_NOAA21_NRT
2.76479,112.15711,2025-05-10,510,N21,l,2.0NRT,9.48,D,0.53,0.67,,,,,,firms,VIIRS,VIIRS_NOAA21_NRT
2.76537,112.15927,2025-05-10,510,N21,n,2.0NRT,11.6,D,0.53,0.67,,,,,,firms,VIIRS,VIIRS_NOAA21_NRT
2.77094,112.15616,2025-05-10,510,N21,n,2.0NRT,9.48,D,0.53,0.67,,,,,,firms,VIIRS,VIIRS_NOAA21_NRT
2.77151,112.15834,2025-05-10,510,N21,n,2.0NRT,5.81,D,0.53,0.67,,,,,,firms,VIIRS,VIIRS_NOAA21_NRT
2.7717,112.16087,2025-05-10,510,N21,n,2.0NRT,9.48,D,0.53,0.67,,,,,,firms,VIIRS,VIIRS_NOAA21_NRT
2.77231,112.16303,2025-05-10,510,N21,n,2.0NRT,5.81,D,0.53,0.67,,,,,,firms,VIIRS,VIIRS_NOAA21_NRT
2.78084,112.17619,2025-05-10,510,N21,n,2.0NRT,4.85,D,0.53,0.67,,,,,,firms,VIIRS,VIIRS_NOAA21_NRT
2.78164,112.18089,2025-05-10,510,N21,n,2.0NRT,4.85,D,0.53,0.67,,,,,,firms,VIIRS,VIIRS_NOAA21_NRT
3.27676,113.06114,2025-05-10,510,N21,n,2.0NRT,8.31,D,0.45,0.63,,,,,,firms,VIIRS,VIIRS_NOAA21_NRT
3.27746,113.06527,2025-05-10,510,N21,n,2.0NRT,8.31,D,0.45,0.63,,,,,,firms,VIIRS,VIIRS_NOAA21_NRT
3.28588,113.08035,2025-05-10,510,N21,n,2.0NRT,17.93,D,0.45,0.63,,,,,,firms,VIIRS,VIIRS_NOAA21_NRT
3.28656,113.08438,2025-05-10,510,N21,l,2.0NRT,25.38,D,0.45,0.63,,,,,,firms,VIIRS,VIIRS_NOAA21_NRT
3.52281,113.31342,2025-05-10,510,N21,n,2.0NRT,6.37,D,0.43,0.62,,,,,,firms,VIIRS,VIIRS_NOAA21_NRT
3.53355,113.34286,2025-05-10,510,N21,n,2.0NRT,3.89,D,0.43,0.62,,,,,,firms,VIIRS,VIIRS_NOAA21_NRT
3.60883,112.41046,2025-05-10,510,N21,n,2.0NRT,5.49,D,0.5,0.65,,,,,,firms,VIIRS,VIIRS_NOAA21_NRT
4.74057,113.7272,2025-05-10,510,N21,n,2.0NRT,4.31,D,0.38,0.59,,,,,,firms,VIIRS,VIIRS_NOAA21_NRT
4.74297,113.7273,2025-05-10,510,N21,n,2.0NRT,4.29,D,0.38,0.59,,,,,,firms,VIIRS,VIIRS_NOAA21_NRT
-7.70007,108.99696,2025-05-10,648,N21,n,2.0NRT,5.77,D,0.34,0.56,,,,,,firms,VIIRS,VIIRS_NOAA21_NRT
-5.98032,105.99097,2025-05-10,648,N21,n,2.0NRT,2.56,D,0.45,0.47,,,,,,firms,VIIRS,VIIRS_NOAA21_NRT
-5.27193,105.54623,2025-05-10,648,N21,n,2.0NRT,3.37,D,0.43,0.46,,,,,,firms,VIIRS,VIIRS_NOAA21_NRT
-5.03981,105.0234,2025-05-10,648,N21,n,2.0NRT,3.77,D,0.4,0.44,,,,,,firms,VIIRS,VIIRS_NOAA21_NRT
-4.76545,104.52914,2025-05-10,648,N21,n,2.0NRT,2.46,D,0.57,0.43,,,,,,firms,VIIRS,VIIRS_NOAA21_NRT
-4.75664,104.65865,2025-05-10,648,N21,n,2.0NRT,4.05,D,0.38,0.44,,,,,,firms,VIIRS,VIIRS_NOAA21_NRT
-4.49724,104.09832,2025-05-10,648,N21,n,2.0NRT,7.81,D,0.54,0.42,,,,,,firms,VIIRS,VIIRS_NOAA21_NRT
-4.45821,105.18517,2025-05-10,648,N21,n,2.0NRT,5.13,D,0.42,0.45,,,,,,firms,VIIRS,VIIRS_NOAA21_NRT
-4.18565,104.18147,2025-05-10,648,N21,n,2.0NRT,8.84,D,0.55,0.43,,,,,,firms,VIIRS,VIIRS_NOAA21_NRT
-4.17475,104.17473,2025-05-10,648,N21,n,2.0NRT,5.51,D,0.55,0.43,,,,,,firms,VIIRS,VIIRS_NOAA21_NRT
-3.91838,103.83856,2025-05-10,648,N21,n,2.0NRT,3.76,D,0.53,0.42,,,,,,firms,VIIRS,VIIRS_NOAA21_NRT
-3.86064,104.72372,2025-05-10,648,N21,n,2.0NRT,2.82,D,0.4,0.44,,,,,,firms,VIIRS,VIIRS_NOAA21_NRT
-3.80906,103.81854,2025-05-10,648,N21,n,2.0NRT,5.4,D,0.53,0.42,,,,,,firms,VIIRS,VIIRS_NOAA21_NRT
-3.80523,103.81793,2025-05-10,648,N21,n,2.0NRT,12.38,D,0.53,0.42,,,,,,firms,VIIRS,VIIRS_NOAA21_NRT
-3.78247,104.41968,2025-05-10,648,N21,n,2.0NRT,6.85,D,0.38,0.44,,,,,,firms,VIIRS,VIIRS_NOAA21_NRT
-3.78072,104.42016,2025-05-10,648,N21,n,2.0NRT,7.02,D,0.38,0.43,,,,,,firms,VIIRS,VIIRS_NOAA21_NRT
-3.72402,102.40712,2025-05-10,648,N21,n,2.0NRT,4.6,D,0.45,0.39,,,,,,firms,VIIRS,VIIRS_NOAA21_NRT
-3.32849,104.70872,2025-05-10,648,N21,n,2.0NRT,9.09,D,0.41,0.45,,,,,,firms,VIIRS,VIIRS_NOAA21_NRT
-3.56907,102.26153,2025-05-10,650,N21,n,2.0NRT,6.02,D,0.44,0.39,,,,,,firms,VIIRS,VIIRS_NOAA21_NRT
-3.53486,102.17917,2025-05-10,650,N21,n,2.0NRT,6.3,D,0.44,0.38,,,,,,firms,VIIRS,VIIRS_NOAA21_NRT
-3.18931,104.0723,2025-05-10,650,N21,n,2.0NRT,5.43,D,0.56,0.43,,,,,,firms,VIIRS,VIIRS_NOAA21_NRT
-3.18905,104.07476,2025-05-10,650,N21,n,2.0NRT,8.22,D,0.56,0.43,,,,,,firms,VIIRS,VIIRS_NOAA21_NRT
-3.09434,103.17996,2025-05-10,650,N21,n,2.0NRT,8.89,D,0.5,0.41,,,,,,firms,VIIRS,VIIRS_NOAA21_NRT
-2.47858,106.03023,2025-05-10,650,N21,n,2.0NRT,6.11,D,0.51,0.5,,,,,,firms,VIIRS,VIIRS_NOAA21_NRT
-2.47225,106.157,2025-05-10,650,N21,n,2.0NRT,11.5,D,0.52,0.5,,,,,,firms,VIIRS,VIIRS_NOAA21_NRT
-2.33281,106.00386,2025-05-10,650,N21,n,2.0NRT,4.79,D,0.51,0.5,,,,,,firms,VIIRS,VIIRS_NOAA21_NRT
-2.32539,106.10643,2025-05-10,650,N21,n,2.0NRT,3.99,D,0.52,0.5,,,,,,firms,VIIRS,VIIRS_NOAA21_NRT
-2.325,106.10443,2025-05-10,650,N21,n,2.0NRT,6.39,D,0.52,0.5,,,,,,firms,VIIRS,VIIRS_NOAA21_NRT
-2.31615,106.04144,2025-05-10,650,N21,n,2.0NRT,8.39,D,0.52,0.5,,,,,,firms,VIIRS,VIIRS_NOAA21_NRT
-2.31565,102.04778,2025-05-10,650,N21,n,2.0NRT,4.86,D,0.45,0.39,,,,,,firms,VIIRS,VIIRS_NOAA21_NRT
-2.28574,102.19723,2025-05-10,650,N21,n,2.0NRT,5.32,D,0.46,0.39,,,,,,firms,VIIRS,VIIRS_NOAA21_NRT
-2.22969,102.97926,2025-05-10,650,N21,n,2.0NRT,5.17,D,0.5,0.41,,,,,,firms,VIIRS,VIIRS_NOAA21_NRT
-2.19871,106.07148,2025-05-10,650,N21,n,2.0NRT,7.07,D,0.52,0.5,,,,,,firms,VIIRS,VIIRS_NOAA21_NRT
-2.1845,101.11159,2025-05-10,650,N21,n,2.0NRT,3.86,D,0.41,0.37,,,,,,firms,VIIRS,VIIRS_NOAA21_NRT
-2.12719,105.92502,2025-05-10,650,N21,n,2.0NRT,11.41,D,0.51,0.49,,,,,,firms,VIIRS,VIIRS_NOAA21_NRT
-2.12467,105.9233,2025-05-10,650,N21,n,2.0NRT,9.14,D,0.51,0.49,,,,,,firms,VIIRS,VIIRS_NOAA21_NRT
-2.06437,105.99956,2025-05-10,650,N21,n,2.0NRT,5.3,D,0.52,0.5,,,,,,firms,VIIRS,VIIRS_NOAA21_NRT
-2.04407,103.03045,2025-05-10,650,N21,n,2.0NRT,5.22,D,0.5,0.41,,,,,,firms,VIIRS,VIIRS_NOAA21_NRT
-2.04273,103.03168,2025-05-10,650,N21,n,2.0NRT,3.73,D,0.5,0.41,,,,,,firms,VIIRS,VIIRS_NOAA21_NRT
-1.93512,100.97868,2025-05-10,650,N21,n,2.0NRT,2.89,D,0.41,0.37,,,,,,firms,VIIRS,VIIRS_NOAA21_NRT
-1.78719,105.4159,2025-05-10,650,N21,n,2.0NRT,17.84,D,0.48,0.48,,,,,,firms,VIIRS,VIIRS_NOAA21_NRT
-1.78714,105.41339,2025-05-10,650,N21,n,2.0NRT,17.7,D,0.48,0.48,,,,,,firms,VIIRS,VIIRS_NOAA21_NRT
-1.65451,105.39745,2025-05-10,650,N21,n,2.0NRT,4.43,D,0.48,0.48,,,,,,firms,VIIRS,VIIRS_NOAA21_NRT
-1.53593,101.67715,2025-05-10,650,N21,n,2.0NRT,3.15,D,0.44,0.38,,,,,,firms,VIIRS,VIIRS_NOAA21_NRT
-1.42762,101.69742,2025-05-10,650,N21,n,2.0NRT,6.86,D,0.44,0.38,,,,,,firms,VIIRS,VIIRS_NOAA21_NRT
-1.40892,100.58542,2025-05-10,650,N21,n,2.0NRT,10.38,D,0.4,0.37,,,,,,firms,VIIRS,VIIRS_NOAA21_NRT
-1.26026,101.95928,2025-05-10,650,N21,n,2.0NRT,3.72,D,0.45,0.39,,,,,,firms,VIIRS,VIIRS_NOAA21_NRT
-1.14822,101.46397,2025-05-10,650,N21,n,2.0NRT,10.44,D,0.43,0.38,,,,,,firms,VIIRS,VIIRS_NOAA21_NRT
-0.86192,102.47189,2025-05-10,650,N21,n,2.0NRT,6.37,D,0.49,0.4,,,,,,firms,VIIRS,VIIRS_NOAA21_NRT
-0.82291,102.31277,2025-05-10,650,N21,n,2.0NRT,5.65,D,0.48,0.4,,,,,,firms,VIIRS,VIIRS_NOAA21_NRT
-0.7546,101.40519,2025-05-10,650,N21,n,2.0NRT,15.09,D,0.44,0.38,,,,,,firms,VIIRS,VIIRS_NOAA21_NRT
-0.17389,111.04687,2025-05-10,650,N21,n,2.0NRT,7.82,D,0.62,0.72,,,,,,firms,VIIRS,VIIRS_NOAA21_NRT
0.81414,110.98792,2025-05-10,650,N21,n,2.0NRT,5.58,D,0.64,0.72,,,,,,firms,VIIRS,VIIRS_NOAA21_NRT
0.8157,110.98772,2025-05-10,650,N21,n,2.0NRT,6.47,D,0.64,0.72,,,,,,firms,VIIRS,VIIRS_NOAA21_NRT
0.90205,111.16322,2025-05-10,650,N21,n,2.0NRT,14.37,D,0.66,0.73,,,,,,firms,VIIRS,VIIRS_NOAA21_NRT
0.90872,111.16213,2025-05-10,650,N21,n,2.0NRT,5.15,D,0.66,0.73,,,,,,firms,VIIRS,VIIRS_NOAA21_NRT
1.52824,109.85347,2025-05-10,650,N21,n,2.0NRT,5.76,D,0.55,0.68,,,,,,firms,VIIRS,VIIRS_NOAA21_NRT
1.80182,103.1974,2025-05-10,650,N21,n,2.0NRT,8.08,D,0.39,0.44,,,,,,firms,VIIRS,VIIRS_NOAA21_NRT
1.80581,103.1968,2025-05-10,650,N21,n,2.0NRT,8.08,D,0.39,0.44,,,,,,firms,VIIRS,VIIRS_NOAA21_NRT
2.9149,103.01228,2025-05-10,650,N21,n,2.0NRT,3.23,D,0.39,0.44,,,,,,firms,VIIRS,VIIRS_NOAA21_NRT
-3.70564,137.96577,2025-05-10,1609,N21,n,2.0NRT,1.87,N,0.39,0.36,,,,,,firms,VIIRS,VIIRS_NOAA21_NRT
-3.70343,137.97318,2025-05-10,1609,N21,n,2.0NRT,2.93,N,0.39,0.36,,,,,,firms,VIIRS,VIIRS_NOAA21_NRT
-3.70288,137.96971,2025-05-10,1609,N21,n,2.0NRT,3.76,N,0.39,0.36,,,,,,firms,VIIRS,VIIRS_NOAA21_NRT
-3.38948,140.65598,2025-05-10,1609,N21,n,2.0NRT,0.69,N,0.42,0.38,,,,,,firms,VIIRS,VIIRS_NOAA21_NRT
3.27071,113.06031,2025-05-10,1747,N21,n,2.0NRT,1.75,N,0.4,0.37,,,,,,firms,VIIRS,VIIRS_NOAA21_NRT
3.27688,113.06492,2025-05-10,1747,N21,n,2.0NRT,5.98,N,0.4,0.37,,,,,,firms,VIIRS,VIIRS_NOAA21_NRT
3.27744,113.06133,2025-05-10,1747,N21,n,2.0NRT,5.98,N,0.4,0.37,,,,,,firms,VIIRS,VIIRS_NOAA21_NRT
3.28025,113.06543,2025-05-10,1747,N21,n,2.0NRT,2.42,N,0.4,0.37,,,,,,firms,VIIRS,VIIRS_NOAA21_NRT
3.60665,112.40939,2025-05-10,1747,N21,n,2.0NRT,2.8,N,0.42,0.38,,,,,,firms,VIIRS,VIIRS_NOAA21_NRT
3.7618,112.06352,2025-05-10,1747,N21,n,2.0NRT,1.26,N,0.44,0.38,,,,,,firms,VIIRS,VIIRS_NOAA21_NRT
4.11591,117.0976,2025-05-10,1747,N21,n,2.0NRT,0.78,N,0.43,0.38,,,,,,firms,VIIRS,VIIRS_NOAA21_NRT
4.24662,114.22702,2025-05-10,1747,N21,n,2.0NRT,0.67,N,0.39,0.36,,,,,,firms,VIIRS,VIIRS_NOAA21_NRT
4.24993,114.22752,2025-05-10,1747,N21,n,2.0NRT,1.99,N,0.39,0.36,,,,,,firms,VIIRS,VIIRS_NOAA21_NRT
4.55651,103.45703,2025-05-10,1747,N21,n,2.0NRT,1.62,N,0.54,0.68,,,,,,firms,VIIRS,VIIRS_NOAA21_NRT
4.67483,113.85632,2025-05-10,1747,N21,n,2.0NRT,4.68,N,0.39,0.36,,,,,,firms,VIIRS,VIIRS_NOAA21_NRT
4.68614,114.1575,2025-05-10,1747,N21,n,2.0NRT,3.86,N,0.39,0.36,,,,,,firms,VIIRS,VIIRS_NOAA21_NRT
-3.87323,122.39607,2025-05-10,1749,N21,n,2.0NRT,1.77,N,0.4,0.6,,,,,,firms,VIIRS,VIIRS_NOAA21_NRT
-3.87273,122.39254,2025-05-10,1749,N21,n,2.0NRT,1.77,N,0.4,0.6,,,,,,firms,VIIRS,VIIRS_NOAA21_NRT
-3.87246,122.3987,2025-05-10,1749,N21,n,2.0NRT,3.5,N,0.4,0.6,,,,,,firms,VIIRS,VIIRS_NOAA21_NRT
-3.87193,122.39517,2025-05-10,1749,N21,n,2.0NRT,1.85,N,0.4,0.6,,,,,,firms,VIIRS,VIIRS_NOAA21_NRT
-3.87141,122.39163,2025-05-10,1749,N21,n,2.0NRT,1.85,N,0.4,0.6,,,,,,firms,VIIRS,VIIRS_NOAA21_NRT
-2.93697,115.23913,2025-05-10,1749,N21,n,2.0NRT,1.74,N,0.42,0.38,,,,,,firms,VIIRS,VIIRS_NOAA21_NRT
-2.87416,115.26396,2025-05-10,1749,N21,n,2.0NRT,1.54,N,0.42,0.38,,,,,,firms,VIIRS,VIIRS_NOAA21_NRT
-2.21176,115.49737,2025-05-10,1749,N21,n,2.0NRT,2.55,N,0.42,0.38,,,,,,firms,VIIRS,VIIRS_NOAA21_NRT
-2.21117,115.49359,2025-05-10,1749,N21,n,2.0NRT,1.91,N,0.42,0.38,,,,,,firms,VIIRS,VIIRS_NOAA21_NRT
-2.17127,115.57259,2025-05-10,1749,N21,n,2.0NRT,1.17,N,0.43,0.38,,,,,,firms,VIIRS,VIIRS_NOAA21_NRT
-2.16434,115.5736,2025-05-10,1749,N21,n,2.0NRT,1.12,N,0.43,0.38,,,,,,firms,VIIRS,VIIRS_NOAA21_NRT
-2.16207,115.58176,2025-05-10,1749,N21,n,2.0NRT,2.51,N,0.43,0.38,,,,,,firms,VIIRS,VIIRS_NOAA21_NRT
-2.15861,115.58227,2025-05-10,1749,N21,n,2.0NRT,2.51,N,0.43,0.38,,,,,,firms,VIIRS,VIIRS_NOAA21_NRT
-2.14536,115.58815,2025-05-10,1749,N21,n,2.0NRT,0.93,N,0.43,0.38,,,,,,firms,VIIRS,VIIRS_NOAA21_NRT
-2.06184,115.56912,2025-05-10,1749,N21,n,2.0NRT,1.1,N,0.42,0.38,,,,,,firms,VIIRS,VIIRS_NOAA21_NRT
-1.8572,115.85783,2025-05-10,1749,N21,n,2.0NRT,1.53,N,0.43,0.38,,,,,,firms,VIIRS,VIIRS_NOAA21_NRT
-1.43358,122.40695,2025-05-10,1749,N21,n,2.0NRT,3.01,N,0.37,0.58,,,,,,firms,VIIRS,VIIRS_NOAA21_NRT
-1.38047,122.48126,2025-05-10,1749,N21,n,2.0NRT,1.19,N,0.37,0.58,,,,,,firms,VIIRS,VIIRS_NOAA21_NRT
-1.32843,113.96732,2025-05-10,1749,N21,n,2.0NRT,1.07,N,0.39,0.36,,,,,,firms,VIIRS,VIIRS_NOAA21_NRT
-1.1994,114.7348,2025-05-10,1749,N21,n,2.0NRT,0.82,N,0.4,0.37,,,,,,firms,VIIRS,VIIRS_NOAA21_NRT
-1.17172,114.70647,2025-05-10,1749,N21,n,2.0NRT,0.23,N,0.4,0.37,,,,,,firms,VIIRS,VIIRS_NOAA21_NRT
-0.69104,114.72357,2025-05-10,1749,N21,n,2.0NRT,0.58,N,0.39,0.36,,,,,,firms,VIIRS,VIIRS_NOAA21_NRT
-0.58358,117.38542,2025-05-10,1749,N21,n,2.0NRT,0.5,N,0.5,0.41,,,,,,firms,VIIRS,VIIRS_NOAA21_NRT
0.67412,117.56295,2025-05-10,1749,N21,n,2.0NRT,2.55,N,0.49,0.4,,,,,,firms,VIIRS,VIIRS_NOAA21_NRT
0.68863,117.54298,2025-05-10,1749,N21,n,2.0NRT,5.37,N,0.49,0.4,,,,,,firms,VIIRS,VIIRS_NOAA21_NRT
0.69231,117.54359,2025-05-10,1749,N21,n,2.0NRT,5.89,N,0.49,0.4,,,,,,firms,VIIRS,VIIRS_NOAA21_NRT
2.73849,102.39292,2025-05-10,1749,N21,n,2.0NRT,1.17,N,0.6,0.7,,,,,,firms,VIIRS,VIIRS_NOAA21_NRT
2.77458,112.16179,2025-05-10,1749,N21,n,2.0NRT,11.75,N,0.42,0.38,,,,,,firms,VIIRS,VIIRS_NOAA21_NRT
2.77576,112.15422,2025-05-10,1749,N21,n,2.0NRT,4.14,N,0.42,0.38,,,,,,firms,VIIRS,VIIRS_NOAA21_NRT
2.77804,112.16231,2025-05-10,1749,N21,n,2.0NRT,11.75,N,0.42,0.38,,,,,,firms,VIIRS,VIIRS_NOAA21_NRT
2.77863,112.15852,2025-05-10,1749,N21,n,2.0NRT,11.75,N,0.42,0.38,,,,,,firms,VIIRS,VIIRS_NOAA21_NRT
2.77922,112.15474,2025-05-10,1749,N21,n,2.0NRT,4.14,N,0.42,0.38,,,,,,firms,VIIRS,VIIRS_NOAA21_NRT
2.78141,112.18607,2025-05-10,1749,N21,n,2.0NRT,0.73,N,0.42,0.38,,,,,,firms,VIIRS,VIIRS_NOAA21_NRT
2.7889,112.18333,2025-05-10,1749,N21,n,2.0NRT,13.38,N,0.42,0.38,,,,,,firms,VIIRS,VIIRS_NOAA21_NRT
2.79295,112.18006,2025-05-10,1749,N21,n,2.0NRT,1.51,N,0.42,0.38,,,,,,firms,VIIRS,VIIRS_NOAA21_NRT
-8.27899,123.53078,2025-05-10,1752,N21,n,2.0NRT,2.96,N,0.55,0.68,,,,,,firms,VIIRS,VIIRS_NOAA21_NRT
-8.27665,123.51267,2025-05-10,1752,N21,n,2.0NRT,3.76,N,0.55,0.68,,,,,,firms,VIIRS,VIIRS_NOAA21_NRT
-8.27574,123.52041,2025-05-10,1752,N21,n,2.0NRT,5.05,N,0.55,0.68,,,,,,firms,VIIRS,VIIRS_NOAA21_NRT
-8.11243,112.92364,2025-05-10,1752,N21,n,2.0NRT,9.35,N,0.39,0.36,,,,,,firms,VIIRS,VIIRS_NOAA21_NRT
-6.80506,111.54405,2025-05-10,1752,N21,n,2.0NRT,1.17,N,0.39,0.36,,,,,,firms,VIIRS,VIIRS_NOAA21_NRT
-6.76233,111.96302,2025-05-10,1752,N21,n,2.0NRT,2.71,N,0.38,0.36,,,,,,firms,VIIRS,VIIRS_NOAA21_NRT
-6.48078,106.90106,2025-05-10,1752,N21,n,2.0NRT,1.08,N,0.42,0.45,,,,,,firms,VIIRS,VIIRS_NOAA21_NRT
-6.12885,106.69907,2025-05-10,1752,N21,n,2.0NRT,2.54,N,0.43,0.46,,,,,,firms,VIIRS,VIIRS_NOAA21_NRT
-6.0983,106.67205,2025-05-10,1752,N21,n,2.0NRT,1.97,N,0.44,0.46,,,,,,firms,VIIRS,VIIRS_NOAA21_NRT
-6.09783,106.67237,2025-05-10,1752,N21,n,2.0NRT,1.46,N,0.44,0.46,,,,,,firms,VIIRS,VIIRS_NOAA21_NRT
-6.01159,105.98407,2025-05-10,1752,N21,n,2.0NRT,2.5,N,0.49,0.48,,,,,,firms,VIIRS,VIIRS_NOAA21_NRT
-6.0101,105.97535,2025-05-10,1752,N21,n,2.0NRT,4.18,N,0.49,0.48,,,,,,firms,VIIRS,VIIRS_NOAA21_NRT
-6.00201,105.98116,2025-05-10,1752,N21,n,2.0NRT,3.07,N,0.49,0.48,,,,,,firms,VIIRS,VIIRS_NOAA21_NRT
-3.91781,103.84068,2025-05-10,1752,N21,n,2.0NRT,2.77,N,0.37,0.58,,,,,,firms,VIIRS,VIIRS_NOAA21_NRT
-3.54497,104.28258,2025-05-10,1752,N21,n,2.0NRT,0.85,N,0.35,0.57,,,,,,firms,VIIRS,VIIRS_NOAA21_NRT
-3.4085,104.14727,2025-05-10,1752,N21,n,2.0NRT,0.64,N,0.36,0.57,,,,,,firms,VIIRS,VIIRS_NOAA21_NRT
-3.40796,104.14655,2025-05-10,1752,N21,n,2.0NRT,0.89,N,0.36,0.57,,,,,,firms,VIIRS,VIIRS_NOAA21_NRT
-3.30684,104.31917,2025-05-10,1752,N21,n,2.0NRT,0.55,N,0.35,0.57,,,,,,firms,VIIRS,VIIRS_NOAA21_NRT
-3.9031,122.42035,2025-05-11,446,N21,n,2.0NRT,7.85,D,0.56,0.51,,,,,,firms,VIIRS,VIIRS_NOAA21_NRT
-3.87233,122.4008,2025-05-11,446,N21,n,2.0NRT,6.63,D,0.56,0.51,,,,,,firms,VIIRS,VIIRS_NOAA21_NRT
-3.8716,122.4058,2025-05-11,446,N21,n,2.0NRT,6.63,D,0.56,0.51,,,,,,firms,VIIRS,VIIRS_NOAA21_NRT
-3.87086,122.4108,2025-05-11,446,N21,n,2.0NRT,6.15,D,0.56,0.51,,,,,,firms,VIIRS,VIIRS_NOAA21_NRT
-3.48671,126.13184,2025-05-11,446,N21,n,2.0NRT,6.63,D,0.48,0.4,,,,,,firms,VIIRS,VIIRS_NOAA21_NRT
-8.27286,123.50583,2025-05-11,449,N21,n,2.0NRT,10.54,D,0.55,0.51,,,,,,firms,VIIRS,VIIRS_NOAA21_NRT
-7.9206,126.20148,2025-05-11,449,N21,n,2.0NRT,4.3,D,0.54,0.42,,,,,,firms,VIIRS,VIIRS_NOAA21_NRT
-2.27084,121.76561,2025-05-11,449,N21,n,2.0NRT,4.98,D,0.59,0.53,,,,,,firms,VIIRS,VIIRS_NOAA21_NRT
-2.0128,121.4192,2025-05-11,449,N21,n,2.0NRT,6.25,D,0.61,0.54,,,,,,firms,VIIRS,VIIRS_NOAA21_NRT
-2.00996,121.42167,2025-05-11,449,N21,n,2.0NRT,9.26,D,0.61,0.54,,,,,,firms,VIIRS,VIIRS_NOAA21_NRT
-2.00829,121.43251,2025-05-11,449,N21,n,2.0NRT,13.33,D,0.61,0.54,,,,,,firms,VIIRS,VIIRS_NOAA21_NRT
-2.00787,121.41869,2025-05-11,449,N21,n,2.0NRT,6.25,D,0.61,0.54,,,,,,firms,VIIRS,VIIRS_NOAA21_NRT
-2.00625,121.42985,2025-05-11,449,N21,n,2.0NRT,15.45,D,0.61,0.54,,,,,,firms,VIIRS,VIIRS_NOAA21_NRT
-2.00335,121.43213,2025-05-11,449,N21,n,2.0NRT,24.72,D,0.61,0.54,,,,,,firms,VIIRS,VIIRS_NOAA21_NRT
-1.43652,122.40573,2025-05-11,449,N21,n,2.0NRT,13.98,D,0.51,0.5,,,,,,firms,VIIRS,VIIRS_NOAA21_NRT
-1.43501,122.40673,2025-05-11,449,N21,n,2.0NRT,8.03,D,0.51,0.5,,,,,,firms,VIIRS,VIIRS_NOAA21_NRT
-0.22542,119.97938,2025-05-11,449,N21,n,2.0NRT,2.63,D,0.36,0.58,,,,,,firms,VIIRS,VIIRS_NOAA21_NRT
-0.16399,119.95872,2025-05-11,449,N21,n,2.0NRT,3.05,D,0.36,0.58,,,,,,firms,VIIRS,VIIRS_NOAA21_NRT
-0.03,120.05858,2025-05-11,449,N21,n,2.0NRT,1.64,D,0.36,0.57,,,,,,firms,VIIRS,VIIRS_NOAA21_NRT
0.71128,122.5204,2025-05-11,449,N21,n,2.0NRT,19.83,D,0.47,0.48,,,,,,firms,VIIRS,VIIRS_NOAA21_NRT
0.75804,122.44125,2025-05-11,449,N21,n,2.0NRT,1.88,D,0.47,0.48,,,,,,firms,VIIRS,VIIRS_NOAA21_NRT
0.81129,117.95033,2025-05-11,449,N21,n,2.0NRT,5.48,D,0.49,0.65,,,,,,firms,VIIRS,VIIRS_NOAA21_NRT
0.8292,116.938,2025-05-11,449,N21,n,2.0NRT,8.9,D,0.57,0.69,,,,,,firms,VIIRS,VIIRS_NOAA21_NRT
0.83187,116.93678,2025-05-11,449,N21,n,2.0NRT,9.11,D,0.57,0.69,,,,,,firms,VIIRS,VIIRS_NOAA21_NRT
-7.70188,108.99668,2025-05-11,629,N21,n,2.0NRT,7.9,D,0.5,0.41,,,,,,firms,VIIRS,VIIRS_NOAA21_NRT
-3.8082,103.81731,2025-05-11,629,N21,n,2.0NRT,5.04,D,0.39,0.36,,,,,,firms,VIIRS,VIIRS_NOAA21_NRT
-3.80768,103.82078,2025-05-11,629,N21,n,2.0NRT,5.04,D,0.39,0.36,,,,,,firms,VIIRS,VIIRS_NOAA21_NRT
-3.7861,104.45548,2025-05-11,629,N21,n,2.0NRT,3.41,D,0.38,0.36,,,,,,firms,VIIRS,VIIRS_NOAA21_NRT
-3.75036,103.32497,2025-05-11,629,N21,n,2.0NRT,2.84,D,0.39,0.36,,,,,,firms,VIIRS,VIIRS_NOAA21_NRT
-3.20336,108.01247,2025-05-11,629,N21,n,2.0NRT,5.19,D,0.5,0.41,,,,,,firms,VIIRS,VIIRS_NOAA21_NRT
-2.752,110.3771,2025-05-11,629,N21,n,2.0NRT,6.34,D,0.48,0.48,,,,,,firms,VIIRS,VIIRS_NOAA21_NRT
-2.74763,110.37638,2025-05-11,629,N21,n,2.0NRT,6.34,D,0.48,0.48,,,,,,firms,VIIRS,VIIRS_NOAA21_NRT
-2.65652,102.8746,2025-05-11,629,N21,n,2.0NRT,4.08,D,0.4,0.37,,,,,,firms,VIIRS,VIIRS_NOAA21_NRT
-2.47918,110.5268,2025-05-11,629,N21,n,2.0NRT,10.51,D,0.49,0.49,,,,,,firms,VIIRS,VIIRS_NOAA21_NRT
-2.47641,110.52325,2025-05-11,629,N21,n,2.0NRT,20.67,D,0.49,0.49,,,,,,firms,VIIRS,VIIRS_NOAA21_NRT
-2.28196,102.15639,2025-05-11,629,N21,n,2.0NRT,4.49,D,0.41,0.37,,,,,,firms,VIIRS,VIIRS_NOAA21_NRT
-2.18159,102.17091,2025-05-11,629,N21,n,2.0NRT,5.03,D,0.41,0.37,,,,,,firms,VIIRS,VIIRS_NOAA21_NRT
-2.04206,115.15943,2025-05-11,629,N21,n,2.0NRT,10.99,D,0.52,0.67,,,,,,firms,VIIRS,VIIRS_NOAA21_NRT
-1.24396,101.92392,2025-05-11,629,N21,n,2.0NRT,4.73,D,0.41,0.37,,,,,,firms,VIIRS,VIIRS_NOAA21_NRT
-1.16819,112.44868,2025-05-11,629,N21,n,2.0NRT,3.43,D,0.35,0.57,,,,,,firms,VIIRS,VIIRS_NOAA21_NRT
-0.24189,111.93933,2025-05-11,629,N21,h,2.0NRT,13.49,D,0.33,0.56,,,,,,firms,VIIRS,VIIRS_NOAA21_NRT
0.0665,111.61509,2025-05-11,629,N21,n,2.0NRT,11.05,D,0.32,0.55,,,,,,firms,VIIRS,VIIRS_NOAA21_NRT
0.06696,111.61794,2025-05-11,629,N21,h,2.0NRT,11.05,D,0.32,0.55,,,,,,firms,VIIRS,VIIRS_NOAA21_NRT
0.06713,111.61723,2025-05-11,629,N21,h,2.0NRT,20.34,D,0.32,0.55,,,,,,firms,VIIRS,VIIRS_NOAA21_NRT
-4.8092,103.44552,2025-05-11,631,N21,n,2.0NRT,3.75,D,0.39,0.36,,,,,,firms,VIIRS,VIIRS_NOAA21_NRT
-4.49253,105.50107,2025-05-11,631,N21,n,2.0NRT,7.2,D,0.39,0.36,,,,,,firms,VIIRS,VIIRS_NOAA21_NRT
-4.48919,105.50056,2025-05-11,631,N21,n,2.0NRT,9.77,D,0.39,0.36,,,,,,firms,VIIRS,VIIRS_NOAA21_NRT
-4.48865,105.50407,2025-05-11,631,N21,n,2.0NRT,4.79,D,0.39,0.36,,,,,,firms,VIIRS,VIIRS_NOAA21_NRT
-0.75645,101.32052,2025-05-11,631,N21,n,2.0NRT,6.98,D,0.43,0.38,,,,,,firms,VIIRS,VIIRS_NOAA21_NRT
-0.75414,101.32001,2025-05-11,631,N21,n,2.0NRT,7.4,D,0.43,0.38,,,,,,firms,VIIRS,VIIRS_NOAA21_NRT
1.08511,112.75026,2025-05-11,631,N21,n,2.0NRT,7.2,D,0.4,0.6,,,,,,firms,VIIRS,VIIRS_NOAA21_NRT
1.08568,112.74948,2025-05-11,631,N21,n,2.0NRT,7.53,D,0.4,0.6,,,,,,firms,VIIRS,VIIRS_NOAA21_NRT
1.28254,103.71645,2025-05-11,631,N21,n,2.0NRT,2.5,D,0.39,0.36,,,,,,firms,VIIRS,VIIRS_NOAA21_NRT
1.31508,99.41248,2025-05-11,631,N21,n,2.0NRT,18.31,D,0.5,0.41,,,,,,firms,VIIRS,VIIRS_NOAA21_NRT
1.34258,99.54257,2025-05-11,631,N21,n,2.0NRT,3.41,D,0.49,0.4,,,,,,firms,VIIRS,VIIRS_NOAA21_NRT
1.37723,104.16018,2025-05-11,631,N21,n,2.0NRT,2.53,D,0.39,0.36,,,,,,firms,VIIRS,VIIRS_NOAA21_NRT
1.45664,109.12659,2025-05-11,631,N21,n,2.0NRT,8.57,D,0.46,0.47,,,,,,firms,VIIRS,VIIRS_NOAA21_NRT
1.97116,111.18351,2025-05-11,631,N21,n,2.0NRT,2.74,D,0.32,0.55,,,,,,firms,VIIRS,VIIRS_NOAA21_NRT
2.26946,102.18473,2025-05-11,631,N21,n,2.0NRT,2.53,D,0.39,0.36,,,,,,firms,VIIRS,VIIRS_NOAA21_NRT
2.77072,111.97252,2025-05-11,631,N21,h,2.0NRT,14.38,D,0.37,0.58,,,,,,firms,VIIRS,VIIRS_NOAA21_NRT
3.13417,113.95801,2025-05-11,631,N21,n,2.0NRT,10.19,D,0.52,0.67,,,,,,firms,VIIRS,VIIRS_NOAA21_NRT
3.30701,113.50819,2025-05-11,631,N21,n,2.0NRT,7.29,D,0.49,0.65,,,,,,firms,VIIRS,VIIRS_NOAA21_NRT
3.30766,113.51266,2025-05-11,631,N21,n,2.0NRT,8.79,D,0.49,0.65,,,,,,firms,VIIRS,VIIRS_NOAA21_NRT
3.48687,101.47446,2025-05-11,631,N21,n,2.0NRT,5.48,D,0.4,0.37,,,,,,firms,VIIRS,VIIRS_NOAA21_NRT
3.49184,101.48451,2025-05-11,631,N21,l,2.0NRT,5.01,D,0.4,0.37,,,,,,firms,VIIRS,VIIRS_NOAA21_NRT
3.49518,101.48401,2025-05-11,631,N21,n,2.0NRT,5.01,D,0.4,0.37,,,,,,firms,VIIRS,VIIRS_NOAA21_NRT
4.41897,101.92153,2025-05-11,631,N21,n,2.0NRT,4.75,D,0.39,0.36,,,,,,firms,VIIRS,VIIRS_NOAA21_NRT
4.58421,103.45467,2025-05-11,631,N21,n,2.0NRT,2.26,D,0.39,0.36,,,,,,firms,VIIRS,VIIRS_NOAA21_NRT
5.42708,114.71339,2025-05-11,631,N21,n,2.0NRT,5.08,D,0.64,0.72,,,,,,firms,VIIRS,VIIRS_NOAA21_NRT
-1.81934,136.74928,2025-05-11,1550,N21,n,2.0NRT,1.94,N,0.51,0.5,,,,,,firms,VIIRS,VIIRS_NOAA21_NRT
-1.81486,136.75032,2025-05-11,1550,N21,n,2.0NRT,1.94,N,0.51,0.5,,,,,,firms,VIIRS,VIIRS_NOAA21_NRT
-8.31415,140.51152,2025-05-11,1552,N21,n,2.0NRT,1.48,N,0.4,0.37,,,,,,firms,VIIRS,VIIRS_NOAA21_NRT
-1.45802,127.43602,2025-05-11,1730,N21,n,2.0NRT,6.64,N,0.38,0.59,,,,,,firms,VIIRS,VIIRS_NOAA21_NRT
0.48254,127.99126,2025-05-11,1730,N21,n,2.0NRT,2.17,N,0.39,0.59,,,,,,firms,VIIRS,VIIRS_NOAA21_NRT
0.48309,127.98777,2025-05-11,1730,N21,n,2.0NRT,2.17,N,0.39,0.59,,,,,,firms,VIIRS,VIIRS_NOAA21_NRT
0.48365,127.98419,2025-05-11,1730,N21,n,2.0NRT,2.43,N,0.39,0.59,,,,,,firms,VIIRS,VIIRS_NOAA21_NRT
0.48911,127.98469,2025-05-11,1730,N21,n,2.0NRT,1.78,N,0.39,0.59,,,,,,firms,VIIRS,VIIRS_NOAA21_NRT
0.49125,127.90076,2025-05-11,1730,N21,n,2.0NRT,0.68,N,0.38,0.59,,,,,,firms,VIIRS,VIIRS_NOAA21_NRT
0.50839,127.89675,2025-05-11,1730,N21,n,2.0NRT,1.77,N,0.38,0.59,,,,,,firms,VIIRS,VIIRS_NOAA21_NRT
0.5089,127.89345,2025-05-11,1730,N21,n,2.0NRT,1.77,N,0.38,0.59,,,,,,firms,VIIRS,VIIRS_NOAA21_NRT
1.49194,127.63422,2025-05-11,1730,N21,n,2.0NRT,0.9,N,0.36,0.57,,,,,,firms,VIIRS,VIIRS_NOAA21_NRT
2.77897,125.40726,2025-05-11,1730,N21,n,2.0NRT,0.95,N,0.48,0.48,,,,,,firms,VIIRS,VIIRS_NOAA21_NRT
2.77985,125.40981,2025-05-11,1730,N21,n,2.0NRT,1.08,N,0.48,0.48,,,,,,firms,VIIRS,VIIRS_NOAA21_NRT
3.29288,113.08905,2025-05-11,1730,N21,n,2.0NRT,1.64,N,0.47,0.48,,,,,,firms,VIIRS,VIIRS_NOAA21_NRT
3.52557,113.31526,2025-05-11,1730,N21,n,2.0NRT,0.71,N,0.46,0.47,,,,,,firms,VIIRS,VIIRS_NOAA21_NRT
3.5348,113.34156,2025-05-11,1730,N21,n,2.0NRT,1.59,N,0.46,0.47,,,,,,firms,VIIRS,VIIRS_NOAA21_NRT
4.67392,113.85656,2025-05-11,1730,N21,n,2.0NRT,3.94,N,0.44,0.46,,,,,,firms,VIIRS,VIIRS_NOAA21_NRT
-3.90444,122.41682,2025-05-11,1732,N21,n,2.0NRT,2.34,N,0.57,0.43,,,,,,firms,VIIRS,VIIRS_NOAA21_NRT
-3.90212,122.42356,2025-05-11,1732,N21,n,2.0NRT,1.9,N,0.57,0.43,,,,,,firms,VIIRS,VIIRS_NOAA21_NRT
-3.90135,122.41849,2025-05-11,1732,N21,n,2.0NRT,1.9,N,0.57,0.43,,,,,,firms,VIIRS,VIIRS_NOAA21_NRT
-3.87138,122.40749,2025-05-11,1732,N21,n,2.0NRT,4.3,N,0.57,0.43,,,,,,firms,VIIRS,VIIRS_NOAA21_NRT
-3.87061,122.40244,2025-05-11,1732,N21,n,2.0NRT,4.3,N,0.57,0.43,,,,,,firms,VIIRS,VIIRS_NOAA21_NRT
-3.86985,122.39738,2025-05-11,1732,N21,n,2.0NRT,5.32,N,0.57,0.43,,,,,,firms,VIIRS,VIIRS_NOAA21_NRT
-2.9435,115.23338,2025-05-11,1732,N21,n,2.0NRT,1.24,N,0.44,0.38,,,,,,firms,VIIRS,VIIRS_NOAA21_NRT
-2.87549,115.26346,2025-05-11,1732,N21,n,2.0NRT,1.18,N,0.44,0.38,,,,,,firms,VIIRS,VIIRS_NOAA21_NRT
-2.59796,120.5657,2025-05-11,1732,N21,n,2.0NRT,0.55,N,0.44,0.38,,,,,,firms,VIIRS,VIIRS_NOAA21_NRT
-2.58414,121.37866,2025-05-11,1732,N21,n,2.0NRT,5.45,N,0.48,0.4,,,,,,firms,VIIRS,VIIRS_NOAA21_NRT
-2.58349,121.37432,2025-05-11,1732,N21,n,2.0NRT,6.88,N,0.48,0.4,,,,,,firms,VIIRS,VIIRS_NOAA21_NRT
-2.58115,121.38355,2025-05-11,1732,N21,n,2.0NRT,5.45,N,0.48,0.4,,,,,,firms,VIIRS,VIIRS_NOAA21_NRT
-2.58049,121.37918,2025-05-11,1732,N21,n,2.0NRT,5.45,N,0.48,0.4,,,,,,firms,VIIRS,VIIRS_NOAA21_NRT
-2.57983,121.37481,2025-05-11,1732,N21,n,2.0NRT,6.88,N,0.48,0.4,,,,,,firms,VIIRS,VIIRS_NOAA21_NRT
-2.57918,121.37048,2025-05-11,1732,N21,n,2.0NRT,6.88,N,0.48,0.4,,,,,,firms,VIIRS,VIIRS_NOAA21_NRT
-2.57684,121.3797,2025-05-11,1732,N21,n,2.0NRT,3.4,N,0.48,0.4,,,,,,firms,VIIRS,VIIRS_NOAA21_NRT
-2.57618,121.37536,2025-05-11,1732,N21,n,2.0NRT,2.14,N,0.48,0.4,,,,,,firms,VIIRS,VIIRS_NOAA21_NRT
-2.57552,121.371,2025-05-11,1732,N21,n,2.0NRT,2.14,N,0.48,0.4,,,,,,firms,VIIRS,VIIRS_NOAA21_NRT
-1.43348,122.40748,2025-05-11,1732,N21,n,2.0NRT,3.51,N,0.53,0.42,,,,,,firms,VIIRS,VIIRS_NOAA21_NRT
-8.11214,112.92271,2025-05-11,1734,N21,n,2.0NRT,6.16,N,0.5,0.41,,,,,,firms,VIIRS,VIIRS_NOAA21_NRT
3.99246,103.13716,2025-05-11,1910,N21,n,2.0NRT,1.13,N,0.37,0.58,,,,,,firms,VIIRS,VIIRS_NOAA21_NRT
5.37392,95.4007,2025-05-11,1910,N21,n,2.0NRT,0.71,N,0.39,0.36,,,,,,firms,VIIRS,VIIRS_NOAA21_NRT
5.37725,95.40124,2025-05-11,1910,N21,n,2.0NRT,0.71,N,0.39,0.36,,,,,,firms,VIIRS,VIIRS_NOAA21_NRT
-0.4877,102.47768,2025-05-11,1913,N21,n,2.0NRT,0.9,N,0.39,0.6,,,,,,firms,VIIRS,VIIRS_NOAA21_NRT
1.28017,103.71909,2025-05-11,1913,N21,n,2.0NRT,1.32,N,0.45,0.63,,,,,,firms,VIIRS,VIIRS_NOAA21_NRT
1.28081,103.71508,2025-05-11,1913,N21,n,2.0NRT,2.33,N,0.45,0.63,,,,,,firms,VIIRS,VIIRS_NOAA21_NRT
1.37648,104.16078,2025-05-11,1913,N21,n,2.0NRT,2.03,N,0.48,0.65,,,,,,firms,VIIRS,VIIRS_NOAA21_NRT
-3.93105,136.44629,2025-05-12,429,N21,n,2.0NRT,3.83,D,0.42,0.37,,,,,,firms,VIIRS,VIIRS_NOAA21_NRT
-3.2186,135.59012,2025-05-12,429,N21,n,2.0NRT,5.24,D,0.4,0.37,,,,,,firms,VIIRS,VIIRS_NOAA21_NRT
-2.71436,133.01804,2025-05-12,429,N21,n,2.0NRT,2.86,D,0.4,0.37,,,,,,firms,VIIRS,VIIRS_NOAA21_NRT
-9.38339,119.30862,2025-05-12,608,N21,n,2.0NRT,3.31,D,0.36,0.57,,,,,,firms,VIIRS,VIIRS_NOAA21_NRT
-9.38289,119.30865,2025-05-12,608,N21,n,2.0NRT,3.7,D,0.36,0.57,,,,,,firms,VIIRS,VIIRS_NOAA21_NRT
-7.70089,108.99551,2025-05-12,610,N21,n,2.0NRT,1.79,D,0.39,0.36,,,,,,firms,VIIRS,VIIRS_NOAA21_NRT
-1.43905,119.97218,2025-05-12,610,N21,n,2.0NRT,4.59,D,0.54,0.68,,,,,,firms,VIIRS,VIIRS_NOAA21_NRT
-3.8082,103.81987,2025-05-12,612,N21,n,2.0NRT,10.09,D,0.41,0.45,,,,,,firms,VIIRS,VIIRS_NOAA21_NRT
-2.68856,110.30177,2025-05-12,612,N21,n,2.0NRT,5.14,D,0.4,0.37,,,,,,firms,VIIRS,VIIRS_NOAA21_NRT
-2.52311,111.01071,2025-05-12,612,N21,n,2.0NRT,12.75,D,0.42,0.38,,,,,,firms,VIIRS,VIIRS_NOAA21_NRT
-2.11701,111.42866,2025-05-12,612,N21,n,2.0NRT,11.17,D,0.44,0.39,,,,,,firms,VIIRS,VIIRS_NOAA21_NRT
-2.11656,111.42952,2025-05-12,612,N21,n,2.0NRT,9.28,D,0.44,0.39,,,,,,firms,VIIRS,VIIRS_NOAA21_NRT
-2.0928,102.96616,2025-05-12,612,N21,n,2.0NRT,11.57,D,0.44,0.46,,,,,,firms,VIIRS,VIIRS_NOAA21_NRT
-1.91241,102.55952,2025-05-12,612,N21,n,2.0NRT,17.5,D,0.46,0.47,,,,,,firms,VIIRS,VIIRS_NOAA21_NRT
-0.33087,111.74631,2025-05-12,612,N21,n,2.0NRT,8.95,D,0.48,0.4,,,,,,firms,VIIRS,VIIRS_NOAA21_NRT
-0.33047,111.74892,2025-05-12,612,N21,n,2.0NRT,8.27,D,0.48,0.4,,,,,,firms,VIIRS,VIIRS_NOAA21_NRT
-0.33023,111.7506,2025-05-12,612,N21,n,2.0NRT,5.04,D,0.48,0.4,,,,,,firms,VIIRS,VIIRS_NOAA21_NRT
-0.3268,111.74837,2025-05-12,612,N21,n,2.0NRT,8.27,D,0.48,0.4,,,,,,firms,VIIRS,VIIRS_NOAA21_NRT
-0.32656,111.75004,2025-05-12,612,N21,n,2.0NRT,5.46,D,0.48,0.4,,,,,,firms,VIIRS,VIIRS_NOAA21_NRT
0.02457,111.07632,2025-05-12,612,N21,n,2.0NRT,4.39,D,0.45,0.39,,,,,,firms,VIIRS,VIIRS_NOAA21_NRT
0.98362,111.32919,2025-05-12,612,N21,n,2.0NRT,7.09,D,0.47,0.4,,,,,,firms,VIIRS,VIIRS_NOAA21_NRT
1.69292,110.05444,2025-05-12,612,N21,n,2.0NRT,3.04,D,0.42,0.38,,,,,,firms,VIIRS,VIIRS_NOAA21_NRT
1.78431,109.36208,2025-05-12,612,N21,n,2.0NRT,3.79,D,0.4,0.37,,,,,,firms,VIIRS,VIIRS_NOAA21_NRT
1.78768,109.36158,2025-05-12,612,N21,n,2.0NRT,15.83,D,0.4,0.37,,,,,,firms,VIIRS,VIIRS_NOAA21_NRT
2.88332,113.03804,2025-05-12,612,N21,n,2.0NRT,5.46,D,0.42,0.45,,,,,,firms,VIIRS,VIIRS_NOAA21_NRT
3.60591,112.41051,2025-05-12,612,N21,n,2.0NRT,2.33,D,0.39,0.44,,,,,,firms,VIIRS,VIIRS_NOAA21_NRT
3.49201,101.48328,2025-05-12,614,N21,n,2.0NRT,6.5,D,0.45,0.47,,,,,,firms,VIIRS,VIIRS_NOAA21_NRT
4.14479,105.1076,2025-05-12,614,N21,n,2.0NRT,2.49,D,0.42,0.38,,,,,,firms,VIIRS,VIIRS_NOAA21_NRT
4.55684,103.4566,2025-05-12,614,N21,n,2.0NRT,8.55,D,0.5,0.41,,,,,,firms,VIIRS,VIIRS_NOAA21_NRT
4.69621,107.96922,2025-05-12,614,N21,n,2.0NRT,3.99,D,0.39,0.36,,,,,,firms,VIIRS,VIIRS_NOAA21_NRT
5.23759,101.77836,2025-05-12,614,N21,n,2.0NRT,6.94,D,0.41,0.45,,,,,,firms,VIIRS,VIIRS_NOAA21_NRT
5.41485,102.047,2025-05-12,614,N21,n,2.0NRT,3.78,D,0.39,0.44,,,,,,firms,VIIRS,VIIRS_NOAA21_NRT
5.8744,114.29778,2025-05-12,614,N21,n,2.0NRT,4.5,D,0.57,0.52,,,,,,firms,VIIRS,VIIRS_NOAA21_NRT
-1.81925,136.74776,2025-05-12,1531,N21,n,2.0NRT,6.79,N,0.55,0.68,,,,,,firms,VIIRS,VIIRS_NOAA21_NRT
-1.81847,136.75267,2025-05-12,1531,N21,n,2.0NRT,3.21,N,0.55,0.68,,,,,,firms,VIIRS,VIIRS_NOAA21_NRT
-1.81768,136.74796,2025-05-12,1531,N21,n,2.0NRT,3.21,N,0.55,0.68,,,,,,firms,VIIRS,VIIRS_NOAA21_NRT
1.49441,127.63346,2025-05-12,1709,N21,n,2.0NRT,2.92,N,0.52,0.41,,,,,,firms,VIIRS,VIIRS_NOAA21_NRT
1.70019,127.87955,2025-05-12,1709,N21,n,2.0NRT,2.56,N,0.53,0.42,,,,,,firms,VIIRS,VIIRS_NOAA21_NRT
1.70091,127.87501,2025-05-12,1709,N21,n,2.0NRT,4.28,N,0.53,0.42,,,,,,firms,VIIRS,VIIRS_NOAA21_NRT
2.77567,125.40565,2025-05-12,1709,N21,n,2.0NRT,0.55,N,0.4,0.37,,,,,,firms,VIIRS,VIIRS_NOAA21_NRT
2.78112,125.40693,2025-05-12,1709,N21,n,2.0NRT,2.4,N,0.4,0.37,,,,,,firms,VIIRS,VIIRS_NOAA21_NRT
-2.20932,115.4987,2025-05-12,1711,N21,n,2.0NRT,3.02,N,0.56,0.51,,,,,,firms,VIIRS,VIIRS_NOAA21_NRT
-2.1663,115.57423,2025-05-12,1711,N21,n,2.0NRT,1.87,N,0.55,0.51,,,,,,firms,VIIRS,VIIRS_NOAA21_NRT
-2.16318,115.58471,2025-05-12,1711,N21,n,2.0NRT,3.21,N,0.55,0.51,,,,,,firms,VIIRS,VIIRS_NOAA21_NRT
-1.89717,115.86245,2025-05-12,1711,N21,n,2.0NRT,3.3,N,0.53,0.5,,,,,,firms,VIIRS,VIIRS_NOAA21_NRT
-1.89643,115.85777,2025-05-12,1711,N21,n,2.0NRT,3.36,N,0.53,0.5,,,,,,firms,VIIRS,VIIRS_NOAA21_NRT
-1.89332,115.86789,2025-05-12,1711,N21,n,2.0NRT,1.74,N,0.53,0.5,,,,,,firms,VIIRS,VIIRS_NOAA21_NRT
-1.89257,115.86317,2025-05-12,1711,N21,n,2.0NRT,1.74,N,0.53,0.5,,,,,,firms,VIIRS,VIIRS_NOAA21_NRT
-1.56817,127.43063,2025-05-12,1711,N21,n,2.0NRT,1.1,N,0.55,0.43,,,,,,firms,VIIRS,VIIRS_NOAA21_NRT
-1.56649,127.42752,2025-05-12,1711,N21,n,2.0NRT,2.12,N,0.55,0.43,,,,,,firms,VIIRS,VIIRS_NOAA21_NRT
-1.56358,127.42655,2025-05-12,1711,N21,n,2.0NRT,2.73,N,0.55,0.43,,,,,,firms,VIIRS,VIIRS_NOAA21_NRT
-1.56261,127.42811,2025-05-12,1711,N21,n,2.0NRT,1.98,N,0.55,0.43,,,,,,firms,VIIRS,VIIRS_NOAA21_NRT
-1.55969,127.42718,2025-05-12,1711,N21,n,2.0NRT,1.45,N,0.55,0.43,,,,,,firms,VIIRS,VIIRS_NOAA21_NRT
-1.45944,127.43694,2025-05-12,1711,N21,n,2.0NRT,2.73,N,0.55,0.43,,,,,,firms,VIIRS,VIIRS_NOAA21_NRT
-1.45629,127.43495,2025-05-12,1711,N21,n,2.0NRT,3.3,N,0.55,0.43,,,,,,firms,VIIRS,VIIRS_NOAA21_NRT
-1.45275,114.58546,2025-05-12,1711,N21,n,2.0NRT,0.57,N,0.33,0.55,,,,,,firms,VIIRS,VIIRS_NOAA21_NRT
-1.31269,113.07906,2025-05-12,1711,N21,n,2.0NRT,0.94,N,0.43,0.62,,,,,,firms,VIIRS,VIIRS_NOAA21_NRT
0.48005,127.99207,2025-05-12,1711,N21,n,2.0NRT,2.82,N,0.56,0.43,,,,,,firms,VIIRS,VIIRS_NOAA21_NRT
0.48397,127.99259,2025-05-12,1711,N21,n,2.0NRT,4.12,N,0.56,0.43,,,,,,firms,VIIRS,VIIRS_NOAA21_NRT
0.48474,127.98768,2025-05-12,1711,N21,n,2.0NRT,2.5,N,0.56,0.43,,,,,,firms,VIIRS,VIIRS_NOAA21_NRT
0.48632,127.97746,2025-05-12,1711,N21,n,2.0NRT,1.27,N,0.56,0.43,,,,,,firms,VIIRS,VIIRS_NOAA21_NRT
0.48945,127.98306,2025-05-12,1711,N21,n,2.0NRT,2.5,N,0.56,0.43,,,,,,firms,VIIRS,VIIRS_NOAA21_NRT
0.51094,127.89588,2025-05-12,1711,N21,n,2.0NRT,2.1,N,0.55,0.43,,,,,,firms,VIIRS,VIIRS_NOAA21_NRT
0.6898,117.54379,2025-05-12,1711,N21,n,2.0NRT,3.63,N,0.45,0.47,,,,,,firms,VIIRS,VIIRS_NOAA21_NRT
1.01511,117.65385,2025-05-12,1711,N21,n,2.0NRT,0.71,N,0.45,0.47,,,,,,firms,VIIRS,VIIRS_NOAA21_NRT
-8.27375,123.50925,2025-05-12,1713,N21,n,2.0NRT,2.0,N,0.42,0.38,,,,,,firms,VIIRS,VIIRS_NOAA21_NRT
-8.27315,123.50524,2025-05-12,1713,N21,n,2.0NRT,2.71,N,0.42,0.38,,,,,,firms,VIIRS,VIIRS_NOAA21_NRT
-8.1144,112.92177,2025-05-12,1713,N21,n,2.0NRT,0.86,N,0.34,0.56,,,,,,firms,VIIRS,VIIRS_NOAA21_NRT
-8.11379,112.91827,2025-05-12,1713,N21,n,2.0NRT,1.07,N,0.34,0.56,,,,,,firms,VIIRS,VIIRS_NOAA21_NRT
0.44272,101.89345,2025-05-12,1851,N21,n,2.0NRT,2.92,N,0.51,0.41,,,,,,firms,VIIRS,VIIRS_NOAA21_NRT
0.84765,101.39066,2025-05-12,1851,N21,n,2.0NRT,0.63,N,0.47,0.4,,,,,,firms,VIIRS,VIIRS_NOAA21_NRT
1.05746,101.27568,2025-05-12,1851,N21,n,2.0NRT,0.44,N,0.46,0.39,,,,,,firms,VIIRS,VIIRS_NOAA21_NRT
1.37576,104.16078,2025-05-12,1851,N21,n,2.0NRT,1.19,N,0.45,0.47,,,,,,firms,VIIRS,VIIRS_NOAA21_NRT
1.67079,101.47837,2025-05-12,1851,N21,n,2.0NRT,1.31,N,0.47,0.39,,,,,,firms,VIIRS,VIIRS_NOAA21_NRT
1.67145,101.47423,2025-05-12,1851,N21,n,2.0NRT,1.95,N,0.47,0.39,,,,,,firms,VIIRS,VIIRS_NOAA21_NRT
4.02116,103.34175,2025-05-12,1851,N21,n,2.0NRT,1.62,N,0.55,0.43,,,,,,firms,VIIRS,VIIRS_NOAA21_NRT
4.58625,103.45491,2025-05-12,1851,N21,n,2.0NRT,3.99,N,0.55,0.43,,,,,,firms,VIIRS,VIIRS_NOAA21_NRT
5.37143,104.89822,2025-05-12,1851,N21,n,2.0NRT,4.44,N,0.44,0.46,,,,,,firms,VIIRS,VIIRS_NOAA21_NRT
5.37994,100.37534,2025-05-12,1851,N21,n,2.0NRT,1.09,N,0.4,0.37,,,,,,firms,VIIRS,VIIRS_NOAA21_NRT
5.64467,104.97874,2025-05-12,1851,N21,n,2.0NRT,1.5,N,0.44,0.46,,,,,,firms,VIIRS,VIIRS_NOAA21_NRT
5.64527,104.97739,2025-05-12,1851,N21,n,2.0NRT,1.85,N,0.44,0.46,,,,,,firms,VIIRS,VIIRS_NOAA21_NRT
-6.09909,106.67023,2025-05-12,1853,N21,n,2.0NRT,3.21,N,0.44,0.62,,,,,,firms,VIIRS,VIIRS_NOAA21_NRT
-2.19689,103.45164,2025-05-12,1853,N21,n,2.0NRT,0.34,N,0.46,0.47,,,,,,firms,VIIRS,VIIRS_NOAA21_NRT
-2.1009,103.79829,2025-05-12,1853,N21,n,2.0NRT,0.51,N,0.48,0.48,,,,,,firms,VIIRS,VIIRS_NOAA21_NRT
-1.5745,103.68603,2025-05-12,1853,N21,n,2.0NRT,1.36,N,0.47,0.47,,,,,,firms,VIIRS,VIIRS_NOAA21_NRT
-1.5708,103.69085,2025-05-12,1853,N21,n,2.0NRT,1.43,N,0.47,0.47,,,,,,firms,VIIRS,VIIRS_NOAA21_NRT
-1.56277,103.69636,2025-05-12,1853,N21,n,2.0NRT,1.72,N,0.47,0.47,,,,,,firms,VIIRS,VIIRS_NOAA21_NRT
-1.21738,103.41948,2025-05-12,1853,N21,n,2.0NRT,0.51,N,0.44,0.46,,,,,,firms,VIIRS,VIIRS_NOAA21_NRT
-1.17347,103.35846,2025-05-12,1853,N21,n,2.0NRT,0.76,N,0.44,0.46,,,,,,firms,VIIRS,VIIRS_NOAA21_NRT
-0.98737,103.3334,2025-05-12,1853,N21,n,2.0NRT,1.08,N,0.43,0.46,,,,,,firms,VIIRS,VIIRS_NOAA21_NRT
-6.604,139.14572,2025-05-13,410,N21,n,2.0NRT,4.53,D,0.39,0.36,,,,,,firms,VIIRS,VIIRS_NOAA21_NRT
-4.32913,139.12952,2025-05-13,410,N21,n,2.0NRT,2.1,D,0.38,0.36,,,,,,firms,VIIRS,VIIRS_NOAA21_NRT
-4.09392,138.91307,2025-05-13,410,N21,n,2.0NRT,2.12,D,0.39,0.36,,,,,,firms,VIIRS,VIIRS_NOAA21_NRT
-3.96824,136.09076,2025-05-13,410,N21,n,2.0NRT,6.6,D,0.46,0.39,,,,,,firms,VIIRS,VIIRS_NOAA21_NRT
-3.9676,138.80147,2025-05-13,410,N21,n,2.0NRT,2.61,D,0.39,0.36,,,,,,firms,VIIRS,VIIRS_NOAA21_NRT
-3.92559,136.42996,2025-05-13,410,N21,n,2.0NRT,4.33,D,0.45,0.39,,,,,,firms,VIIRS,VIIRS_NOAA21_NRT
-3.91734,136.4369,2025-05-13,410,N21,n,2.0NRT,15.41,D,0.45,0.39,,,,,,firms,VIIRS,VIIRS_NOAA21_NRT
-3.91381,136.43639,2025-05-13,410,N21,n,2.0NRT,8.6,D,0.45,0.39,,,,,,firms,VIIRS,VIIRS_NOAA21_NRT
-3.9135,136.43633,2025-05-13,410,N21,n,2.0NRT,5.81,D,0.45,0.39,,,,,,firms,VIIRS,VIIRS_NOAA21_NRT
-3.85152,138.78329,2025-05-13,410,N21,n,2.0NRT,3.46,D,0.39,0.36,,,,,,firms,VIIRS,VIIRS_NOAA21_NRT
-2.66985,132.97159,2025-05-13,410,N21,n,2.0NRT,3.78,D,0.45,0.47,,,,,,firms,VIIRS,VIIRS_NOAA21_NRT
-2.49276,133.08226,2025-05-13,410,N21,n,2.0NRT,7.22,D,0.44,0.46,,,,,,firms,VIIRS,VIIRS_NOAA21_NRT
-1.81746,136.75102,2025-05-13,410,N21,n,2.0NRT,15.09,D,0.42,0.37,,,,,,firms,VIIRS,VIIRS_NOAA21_NRT
-9.36747,119.28953,2025-05-13,550,N21,n,2.0NRT,3.82,D,0.52,0.42,,,,,,firms,VIIRS,VIIRS_NOAA21_NRT
-9.32104,119.95222,2025-05-13,550,N21,n,2.0NRT,5.01,D,0.57,0.43,,,,,,firms,VIIRS,VIIRS_NOAA21_NRT
-9.1227,125.94366,2025-05-13,550,N21,n,2.0NRT,9.67,D,0.48,0.65,,,,,,firms,VIIRS,VIIRS_NOAA21_NRT
-8.27166,123.50795,2025-05-13,550,N21,h,2.0NRT,8.41,D,0.34,0.56,,,,,,firms,VIIRS,VIIRS_NOAA21_NRT
-8.27085,123.51259,2025-05-13,550,N21,n,2.0NRT,8.41,D,0.34,0.56,,,,,,firms,VIIRS,VIIRS_NOAA21_NRT
-7.54634,112.34009,2025-05-13,550,N21,n,2.0NRT,12.09,D,0.43,0.38,,,,,,firms,VIIRS,VIIRS_NOAA21_NRT
-7.39499,112.20802,2025-05-13,550,N21,n,2.0NRT,2.8,D,0.43,0.38,,,,,,firms,VIIRS,VIIRS_NOAA21_NRT
-7.33402,112.4265,2025-05-13,553,N21,n,2.0NRT,3.38,D,0.42,0.38,,,,,,firms,VIIRS,VIIRS_NOAA21_NRT
-4.71434,122.64037,2025-05-13,553,N21,n,2.0NRT,4.79,D,0.34,0.56,,,,,,firms,VIIRS,VIIRS_NOAA21_NRT
-3.87025,119.58493,2025-05-13,553,N21,n,2.0NRT,3.2,D,0.44,0.46,,,,,,firms,VIIRS,VIIRS_NOAA21_NRT
-3.87002,119.58515,2025-05-13,553,N21,n,2.0NRT,3.95,D,0.44,0.46,,,,,,firms,VIIRS,VIIRS_NOAA21_NRT
-3.85006,119.602,2025-05-13,553,N21,n,2.0NRT,4.75,D,0.44,0.46,,,,,,firms,VIIRS,VIIRS_NOAA21_NRT
-3.6703,102.36298,2025-05-13,553,N21,n,2.0NRT,5.44,D,0.54,0.68,,,,,,firms,VIIRS,VIIRS_NOAA21_NRT
-2.91212,120.19151,2025-05-13,553,N21,n,2.0NRT,2.26,D,0.5,0.49,,,,,,firms,VIIRS,VIIRS_NOAA21_NRT
-2.24149,116.25764,2025-05-13,553,N21,n,2.0NRT,7.16,D,0.45,0.39,,,,,,firms,VIIRS,VIIRS_NOAA21_NRT
-2.19099,112.96601,2025-05-13,553,N21,n,2.0NRT,2.48,D,0.39,0.36,,,,,,firms,VIIRS,VIIRS_NOAA21_NRT
-2.16097,115.5818,2025-05-13,553,N21,n,2.0NRT,8.16,D,0.42,0.38,,,,,,firms,VIIRS,VIIRS_NOAA21_NRT
-2.12654,119.20564,2025-05-13,553,N21,n,2.0NRT,6.67,D,0.44,0.46,,,,,,firms,VIIRS,VIIRS_NOAA21_NRT
-2.12601,112.9448,2025-05-13,553,N21,n,2.0NRT,3.44,D,0.39,0.36,,,,,,firms,VIIRS,VIIRS_NOAA21_NRT
-2.12231,119.20501,2025-05-13,553,N21,n,2.0NRT,6.67,D,0.44,0.46,,,,,,firms,VIIRS,VIIRS_NOAA21_NRT
-1.9193,112.47231,2025-05-13,553,N21,n,2.0NRT,2.34,D,0.39,0.36,,,,,,firms,VIIRS,VIIRS_NOAA21_NRT
-1.89631,115.86466,2025-05-13,553,N21,n,2.0NRT,5.85,D,0.43,0.38,,,,,,firms,VIIRS,VIIRS_NOAA21_NRT
-1.89282,115.86414,2025-05-13,553,N21,n,2.0NRT,5.85,D,0.43,0.38,,,,,,firms,VIIRS,VIIRS_NOAA21_NRT
-1.68368,110.5116,2025-05-13,553,N21,n,2.0NRT,2.98,D,0.45,0.39,,,,,,firms,VIIRS,VIIRS_NOAA21_NRT
-1.67515,112.73672,2025-05-13,553,N21,n,2.0NRT,3.6,D,0.39,0.36,,,,,,firms,VIIRS,VIIRS_NOAA21_NRT
-1.43236,122.40662,2025-05-13,553,N21,n,2.0NRT,3.74,D,0.37,0.58,,,,,,firms,VIIRS,VIIRS_NOAA21_NRT
-0.48143,112.1814,2025-05-13,553,N21,n,2.0NRT,7.5,D,0.39,0.36,,,,,,firms,VIIRS,VIIRS_NOAA21_NRT
0.69024,117.54232,2025-05-13,553,N21,n,2.0NRT,7.21,D,0.57,0.43,,,,,,firms,VIIRS,VIIRS_NOAA21_NRT
0.69116,117.54404,2025-05-13,553,N21,n,2.0NRT,6.26,D,0.57,0.43,,,,,,firms,VIIRS,VIIRS_NOAA21_NRT
0.91939,118.13065,2025-05-13,553,N21,n,2.0NRT,2.84,D,0.41,0.45,,,,,,firms,VIIRS,VIIRS_NOAA21_NRT
3.28694,113.08359,2025-05-13,553,N21,n,2.0NRT,18.95,D,0.39,0.36,,,,,,firms,VIIRS,VIIRS_NOAA21_NRT
3.28746,113.08707,2025-05-13,553,N21,n,2.0NRT,13.64,D,0.39,0.36,,,,,,firms,VIIRS,VIIRS_NOAA21_NRT
3.29184,113.09354,2025-05-13,553,N21,n,2.0NRT,3.96,D,0.39,0.36,,,,,,firms,VIIRS,VIIRS_NOAA21_NRT
3.29463,113.08956,2025-05-13,553,N21,n,2.0NRT,2.1,D,0.39,0.36,,,,,,firms,VIIRS,VIIRS_NOAA21_NRT
3.5224,113.31318,2025-05-13,553,N21,n,2.0NRT,7.34,D,0.39,0.36,,,,,,firms,VIIRS,VIIRS_NOAA21_NRT
3.54086,113.37113,2025-05-13,553,N21,n,2.0NRT,9.44,D,0.4,0.37,,,,,,firms,VIIRS,VIIRS_NOAA21_NRT
3.5449,113.35249,2025-05-13,553,N21,n,2.0NRT,5.24,D,0.39,0.37,,,,,,firms,VIIRS,VIIRS_NOAA21_NRT
3.76364,113.67283,2025-05-13,553,N21,n,2.0NRT,4.55,D,0.4,0.37,,,,,,firms,VIIRS,VIIRS_NOAA21_NRT
3.96468,114.61686,2025-05-13,553,N21,n,2.0NRT,20.44,D,0.44,0.38,,,,,,firms,VIIRS,VIIRS_NOAA21_NRT
4.05503,114.39839,2025-05-13,553,N21,n,2.0NRT,13.41,D,0.43,0.38,,,,,,firms,VIIRS,VIIRS_NOAA21_NRT
4.0556,114.40218,2025-05-13,553,N21,n,2.0NRT,8.07,D,0.43,0.38,,,,,,firms,VIIRS,VIIRS_NOAA21_NRT
4.07512,113.87459,2025-05-13,553,N21,n,2.0NRT,4.34,D,0.41,0.37,,,,,,firms,VIIRS,VIIRS_NOAA21_NRT
-0.77868,101.27773,2025-05-13,555,N21,n,2.0NRT,7.77,D,0.59,0.7,,,,,,firms,VIIRS,VIIRS_NOAA21_NRT
-0.77792,101.28257,2025-05-13,555,N21,n,2.0NRT,7.77,D,0.58,0.7,,,,,,firms,VIIRS,VIIRS_NOAA21_NRT
0.17405,110.00832,2025-05-13,555,N21,n,2.0NRT,4.55,D,0.45,0.39,,,,,,firms,VIIRS,VIIRS_NOAA21_NRT
0.40345,109.3481,2025-05-13,555,N21,n,2.0NRT,17.28,D,0.49,0.4,,,,,,firms,VIIRS,VIIRS_NOAA21_NRT
0.6781,100.37825,2025-05-13,555,N21,n,2.0NRT,8.2,D,0.64,0.72,,,,,,firms,VIIRS,VIIRS_NOAA21_NRT
0.83455,109.16008,2025-05-13,555,N21,n,2.0NRT,4.92,D,0.49,0.4,,,,,,firms,VIIRS,VIIRS_NOAA21_NRT
1.09128,112.72915,2025-05-13,555,N21,n,2.0NRT,4.97,D,0.38,0.36,,,,,,firms,VIIRS,VIIRS_NOAA21_NRT
1.37783,104.1575,2025-05-13,555,N21,n,2.0NRT,2.63,D,0.34,0.56,,,,,,firms,VIIRS,VIIRS_NOAA21_NRT
1.37832,104.16051,2025-05-13,555,N21,n,2.0NRT,2.63,D,0.34,0.56,,,,,,firms,VIIRS,VIIRS_NOAA21_NRT
2.68458,112.60895,2025-05-13,555,N21,n,2.0NRT,4.41,D,0.38,0.36,,,,,,firms,VIIRS,VIIRS_NOAA21_NRT
2.9249,113.97064,2025-05-13,555,N21,n,2.0NRT,2.21,D,0.41,0.37,,,,,,firms,VIIRS,VIIRS_NOAA21_NRT
-2.15063,101.05299,2025-05-13,733,N21,n,2.0NRT,7.02,D,0.69,0.74,,,,,,firms,VIIRS,VIIRS_NOAA21_NRT
-0.84931,100.80858,2025-05-13,733,N21,n,2.0NRT,5.92,D,0.7,0.75,,,,,,firms,VIIRS,VIIRS_NOAA21_NRT
-1.82059,136.75157,2025-05-13,1652,N21,n,2.0NRT,2.17,N,0.38,0.58,,,,,,firms,VIIRS,VIIRS_NOAA21_NRT
-1.82007,136.74818,2025-05-13,1652,N21,n,2.0NRT,2.11,N,0.38,0.58,,,,,,firms,VIIRS,VIIRS_NOAA21_NRT
-1.81913,136.75127,2025-05-13,1652,N21,n,2.0NRT,4.0,N,0.38,0.58,,,,,,firms,VIIRS,VIIRS_NOAA21_NRT
-1.81863,136.74785,2025-05-13,1652,N21,n,2.0NRT,3.19,N,0.38,0.58,,,,,,firms,VIIRS,VIIRS_NOAA21_NRT
-1.81465,136.74838,2025-05-13,1652,N21,n,2.0NRT,2.07,N,0.38,0.58,,,,,,firms,VIIRS,VIIRS_NOAA21_NRT
-1.5663,127.43069,2025-05-13,1652,N21,n,2.0NRT,1.14,N,0.38,0.36,,,,,,firms,VIIRS,VIIRS_NOAA21_NRT
-1.56577,127.42726,2025-05-13,1652,N21,n,2.0NRT,2.34,N,0.38,0.36,,,,,,firms,VIIRS,VIIRS_NOAA21_NRT
-1.56247,127.42776,2025-05-13,1652,N21,n,2.0NRT,2.34,N,0.38,0.36,,,,,,firms,VIIRS,VIIRS_NOAA21_NRT
-1.55917,127.42826,2025-05-13,1652,N21,n,2.0NRT,1.44,N,0.38,0.36,,,,,,firms,VIIRS,VIIRS_NOAA21_NRT
-1.53118,127.42206,2025-05-13,1652,N21,n,2.0NRT,0.97,N,0.38,0.36,,,,,,firms,VIIRS,VIIRS_NOAA21_NRT
-1.45833,127.43692,2025-05-13,1652,N21,n,2.0NRT,15.35,N,0.38,0.36,,,,,,firms,VIIRS,VIIRS_NOAA21_NRT
0.47969,127.9901,2025-05-13,1652,N21,n,2.0NRT,2.05,N,0.38,0.36,,,,,,firms,VIIRS,VIIRS_NOAA21_NRT
0.48735,127.98429,2025-05-13,1652,N21,n,2.0NRT,1.13,N,0.38,0.36,,,,,,firms,VIIRS,VIIRS_NOAA21_NRT
0.48842,127.97745,2025-05-13,1652,N21,n,2.0NRT,0.83,N,0.38,0.36,,,,,,firms,VIIRS,VIIRS_NOAA21_NRT
0.48896,127.97403,2025-05-13,1652,N21,n,2.0NRT,0.69,N,0.38,0.36,,,,,,firms,VIIRS,VIIRS_NOAA21_NRT
0.49065,127.98479,2025-05-13,1652,N21,n,2.0NRT,0.68,N,0.38,0.36,,,,,,firms,VIIRS,VIIRS_NOAA21_NRT
0.51118,127.89678,2025-05-13,1652,N21,n,2.0NRT,1.41,N,0.38,0.36,,,,,,firms,VIIRS,VIIRS_NOAA21_NRT
0.51172,127.89335,2025-05-13,1652,N21,n,2.0NRT,1.0,N,0.38,0.36,,,,,,firms,VIIRS,VIIRS_NOAA21_NRT
0.6872,117.46799,2025-05-13,1652,N21,n,2.0NRT,0.71,N,0.49,0.65,,,,,,firms,VIIRS,VIIRS_NOAA21_NRT
1.49539,127.63268,2025-05-13,1652,N21,n,2.0NRT,2.25,N,0.39,0.36,,,,,,firms,VIIRS,VIIRS_NOAA21_NRT
1.51599,127.93893,2025-05-13,1652,N21,n,2.0NRT,1.99,N,0.39,0.36,,,,,,firms,VIIRS,VIIRS_NOAA21_NRT
2.78037,125.40508,2025-05-13,1652,N21,n,2.0NRT,5.11,N,0.47,0.4,,,,,,firms,VIIRS,VIIRS_NOAA21_NRT
-3.9045,122.41908,2025-05-13,1654,N21,n,2.0NRT,2.14,N,0.57,0.43,,,,,,firms,VIIRS,VIIRS_NOAA21_NRT
-3.90368,122.41399,2025-05-13,1654,N21,n,2.0NRT,1.24,N,0.57,0.43,,,,,,firms,VIIRS,VIIRS_NOAA21_NRT
-3.90055,122.41971,2025-05-13,1654,N21,n,2.0NRT,2.12,N,0.57,0.43,,,,,,firms,VIIRS,VIIRS_NOAA21_NRT
-3.8704,122.40886,2025-05-13,1654,N21,n,2.0NRT,3.77,N,0.57,0.43,,,,,,firms,VIIRS,VIIRS_NOAA21_NRT
-3.86956,122.40378,2025-05-13,1654,N21,n,2.0NRT,3.77,N,0.57,0.43,,,,,,firms,VIIRS,VIIRS_NOAA21_NRT
-3.52207,126.23,2025-05-13,1654,N21,n,2.0NRT,1.29,N,0.39,0.36,,,,,,firms,VIIRS,VIIRS_NOAA21_NRT
-2.88127,122.1608,2025-05-13,1654,N21,n,2.0NRT,1.3,N,0.41,0.45,,,,,,firms,VIIRS,VIIRS_NOAA21_NRT
-2.88071,122.15729,2025-05-13,1654,N21,n,2.0NRT,1.72,N,0.41,0.45,,,,,,firms,VIIRS,VIIRS_NOAA21_NRT
-2.87775,122.1649,2025-05-13,1654,N21,n,2.0NRT,1.3,N,0.41,0.45,,,,,,firms,VIIRS,VIIRS_NOAA21_NRT
-2.87309,122.16195,2025-05-13,1654,N21,n,2.0NRT,2.92,N,0.41,0.45,,,,,,firms,VIIRS,VIIRS_NOAA21_NRT
-2.86025,122.16019,2025-05-13,1654,N21,n,2.0NRT,1.04,N,0.41,0.45,,,,,,firms,VIIRS,VIIRS_NOAA21_NRT
-2.83401,122.17886,2025-05-13,1654,N21,n,2.0NRT,1.54,N,0.41,0.45,,,,,,firms,VIIRS,VIIRS_NOAA21_NRT
-2.82933,122.17587,2025-05-13,1654,N21,n,2.0NRT,1.54,N,0.41,0.45,,,,,,firms,VIIRS,VIIRS_NOAA21_NRT
-1.38321,122.47913,2025-05-13,1654,N21,n,2.0NRT,1.15,N,0.41,0.45,,,,,,firms,VIIRS,VIIRS_NOAA21_NRT
-8.27421,123.50446,2025-05-13,1656,N21,n,2.0NRT,0.61,N,0.44,0.38,,,,,,firms,VIIRS,VIIRS_NOAA21_NRT
-8.24675,117.98119,2025-05-13,1656,N21,n,2.0NRT,1.45,N,0.32,0.54,,,,,,firms,VIIRS,VIIRS_NOAA21_NRT
2.87026,112.24423,2025-05-13,1832,N21,n,2.0NRT,0.6,N,0.36,0.58,,,,,,firms,VIIRS,VIIRS_NOAA21_NRT
3.28523,113.08495,2025-05-13,1832,N21,n,2.0NRT,6.34,N,0.41,0.61,,,,,,firms,VIIRS,VIIRS_NOAA21_NRT
4.14342,105.1092,2025-05-13,1832,N21,n,2.0NRT,3.45,N,0.4,0.37,,,,,,firms,VIIRS,VIIRS_NOAA21_NRT
4.14399,105.10561,2025-05-13,1832,N21,n,2.0NRT,3.98,N,0.4,0.37,,,,,,firms,VIIRS,VIIRS_NOAA21_NRT
4.28547,103.42973,2025-05-13,1832,N21,n,2.0NRT,2.38,N,0.38,0.36,,,,,,firms,VIIRS,VIIRS_NOAA21_NRT
4.37346,114.03581,2025-05-13,1832,N21,n,2.0NRT,0.72,N,0.46,0.63,,,,,,firms,VIIRS,VIIRS_NOAA21_NRT
5.37235,104.89592,2025-05-13,1832,N21,n,2.0NRT,3.68,N,0.39,0.36,,,,,,firms,VIIRS,VIIRS_NOAA21_NRT
5.58528,104.47314,2025-05-13,1832,N21,n,2.0NRT,3.7,N,0.39,0.36,,,,,,firms,VIIRS,VIIRS_NOAA21_NRT
1.37238,104.16409,2025-05-13,1834,N21,n,2.0NRT,1.83,N,0.4,0.37,,,,,,firms,VIIRS,VIIRS_NOAA21_NRT
1.37403,104.15353,2025-05-13,1834,N21,n,2.0NRT,1.22,N,0.4,0.37,,,,,,firms,VIIRS,VIIRS_NOAA21_NRT
1.37627,104.16109,2025-05-13,1834,N21,n,2.0NRT,1.55,N,0.4,0.37,,,,,,firms,VIIRS,VIIRS_NOAA21_NRT
1.8472,100.96383,2025-05-13,1834,N21,n,2.0NRT,0.32,N,0.42,0.38,,,,,,firms,VIIRS,VIIRS_NOAA21_NRT
-7.54297,110.44763,2025-05-13,1836,N21,n,2.0NRT,1.32,N,0.4,0.6,,,,,,firms,VIIRS,VIIRS_NOAA21_NRT
-7.54253,110.44431,2025-05-13,1836,N21,n,2.0NRT,1.32,N,0.4,0.6,,,,,,firms,VIIRS,VIIRS_NOAA21_NRT
-7.24014,109.21575,2025-05-13,1836,N21,n,2.0NRT,1.1,N,0.32,0.55,,,,,,firms,VIIRS,VIIRS_NOAA21_NRT
-5.20958,106.20895,2025-05-13,1836,N21,n,2.0NRT,3.34,N,0.56,0.43,,,,,,firms,VIIRS,VIIRS_NOAA21_NRT
-10.0294,123.88086,2025-05-14,531,N21,n,2.0NRT,9.0,D,0.5,0.41,,,,,,firms,VIIRS,VIIRS_NOAA21_NRT
-8.36875,118.3287,2025-05-14,531,N21,n,2.0NRT,3.27,D,0.4,0.37,,,,,,firms,VIIRS,VIIRS_NOAA21_NRT
-8.27183,123.5069,2025-05-14,531,N21,n,2.0NRT,10.64,D,0.51,0.41,,,,,,firms,VIIRS,VIIRS_NOAA21_NRT
-6.76101,111.96071,2025-05-14,531,N21,n,2.0NRT,3.29,D,0.55,0.51,,,,,,firms,VIIRS,VIIRS_NOAA21_NRT
-5.09014,119.46546,2025-05-14,531,N21,n,2.0NRT,3.26,D,0.39,0.36,,,,,,firms,VIIRS,VIIRS_NOAA21_NRT
-4.77313,122.43934,2025-05-14,531,N21,n,2.0NRT,4.54,D,0.49,0.4,,,,,,firms,VIIRS,VIIRS_NOAA21_NRT
-3.5752,126.21653,2025-05-14,531,N21,n,2.0NRT,8.53,D,0.59,0.53,,,,,,firms,VIIRS,VIIRS_NOAA21_NRT
-3.57441,126.22149,2025-05-14,531,N21,n,2.0NRT,8.53,D,0.59,0.53,,,,,,firms,VIIRS,VIIRS_NOAA21_NRT
-3.57396,126.21869,2025-05-14,531,N21,n,2.0NRT,14.22,D,0.59,0.53,,,,,,firms,VIIRS,VIIRS_NOAA21_NRT
-2.69869,118.78756,2025-05-14,533,N21,n,2.0NRT,4.36,D,0.39,0.36,,,,,,firms,VIIRS,VIIRS_NOAA21_NRT
-2.69373,119.13017,2025-05-14,533,N21,n,2.0NRT,2.58,D,0.39,0.36,,,,,,firms,VIIRS,VIIRS_NOAA21_NRT
-2.62678,119.23415,2025-05-14,533,N21,n,2.0NRT,5.29,D,0.39,0.36,,,,,,firms,VIIRS,VIIRS_NOAA21_NRT
-2.60236,121.46595,2025-05-14,533,N21,n,2.0NRT,6.39,D,0.46,0.39,,,,,,firms,VIIRS,VIIRS_NOAA21_NRT
-2.58168,121.3738,2025-05-14,533,N21,n,2.0NRT,5.45,D,0.46,0.39,,,,,,firms,VIIRS,VIIRS_NOAA21_NRT
-2.58104,121.37795,2025-05-14,533,N21,n,2.0NRT,5.45,D,0.46,0.39,,,,,,firms,VIIRS,VIIRS_NOAA21_NRT
-2.5781,121.37317,2025-05-14,533,N21,n,2.0NRT,114.0,D,0.46,0.39,,,,,,firms,VIIRS,VIIRS_NOAA21_NRT
-2.57746,121.37733,2025-05-14,533,N21,n,2.0NRT,114.0,D,0.46,0.39,,,,,,firms,VIIRS,VIIRS_NOAA21_NRT
-2.57682,121.38151,2025-05-14,533,N21,n,2.0NRT,7.6,D,0.46,0.39,,,,,,firms,VIIRS,VIIRS_NOAA21_NRT
-2.57324,121.38089,2025-05-14,533,N21,n,2.0NRT,7.6,D,0.46,0.39,,,,,,firms,VIIRS,VIIRS_NOAA21_NRT
-2.56966,121.3803,2025-05-14,533,N21,n,2.0NRT,4.19,D,0.46,0.39,,,,,,firms,VIIRS,VIIRS_NOAA21_NRT
-2.5477,120.98034,2025-05-14,533,N21,n,2.0NRT,5.16,D,0.44,0.38,,,,,,firms,VIIRS,VIIRS_NOAA21_NRT
-2.54713,120.98411,2025-05-14,533,N21,n,2.0NRT,4.77,D,0.44,0.39,,,,,,firms,VIIRS,VIIRS_NOAA21_NRT
-2.39319,119.58321,2025-05-14,533,N21,n,2.0NRT,2.4,D,0.4,0.37,,,,,,firms,VIIRS,VIIRS_NOAA21_NRT
-2.3198,112.22697,2025-05-14,533,N21,n,2.0NRT,5.44,D,0.46,0.47,,,,,,firms,VIIRS,VIIRS_NOAA21_NRT
-2.28617,121.68887,2025-05-14,533,N21,n,2.0NRT,9.18,D,0.48,0.4,,,,,,firms,VIIRS,VIIRS_NOAA21_NRT
-2.01281,121.42023,2025-05-14,533,N21,n,2.0NRT,3.6,D,0.47,0.4,,,,,,firms,VIIRS,VIIRS_NOAA21_NRT
-2.01083,110.16045,2025-05-14,533,N21,n,2.0NRT,8.15,D,0.63,0.54,,,,,,firms,VIIRS,VIIRS_NOAA21_NRT
-2.00779,110.15736,2025-05-14,533,N21,n,2.0NRT,6.69,D,0.63,0.54,,,,,,firms,VIIRS,VIIRS_NOAA21_NRT
-1.94861,113.21809,2025-05-14,533,N21,n,2.0NRT,4.15,D,0.39,0.44,,,,,,firms,VIIRS,VIIRS_NOAA21_NRT
-1.88849,112.38718,2025-05-14,533,N21,n,2.0NRT,3.42,D,0.44,0.46,,,,,,firms,VIIRS,VIIRS_NOAA21_NRT
-1.43416,122.40903,2025-05-14,533,N21,n,2.0NRT,20.26,D,0.54,0.42,,,,,,firms,VIIRS,VIIRS_NOAA21_NRT
-1.3623,119.34663,2025-05-14,533,N21,n,2.0NRT,2.26,D,0.4,0.37,,,,,,firms,VIIRS,VIIRS_NOAA21_NRT
-1.11236,120.11118,2025-05-14,533,N21,n,2.0NRT,19.93,D,0.42,0.38,,,,,,firms,VIIRS,VIIRS_NOAA21_NRT
-1.10891,120.11075,2025-05-14,533,N21,n,2.0NRT,19.93,D,0.42,0.38,,,,,,firms,VIIRS,VIIRS_NOAA21_NRT
-1.06812,119.96532,2025-05-14,533,N21,n,2.0NRT,4.42,D,0.42,0.37,,,,,,firms,VIIRS,VIIRS_NOAA21_NRT
-0.39462,109.32994,2025-05-14,533,N21,n,2.0NRT,5.66,D,0.34,0.56,,,,,,firms,VIIRS,VIIRS_NOAA21_NRT
0.08396,117.4822,2025-05-14,533,N21,n,2.0NRT,2.81,D,0.38,0.36,,,,,,firms,VIIRS,VIIRS_NOAA21_NRT
0.62786,122.55678,2025-05-14,533,N21,n,2.0NRT,7.11,D,0.39,0.44,,,,,,firms,VIIRS,VIIRS_NOAA21_NRT
0.69169,117.54527,2025-05-14,533,N21,n,2.0NRT,2.33,D,0.38,0.36,,,,,,firms,VIIRS,VIIRS_NOAA21_NRT
0.70789,122.5163,2025-05-14,533,N21,n,2.0NRT,5.47,D,0.39,0.44,,,,,,firms,VIIRS,VIIRS_NOAA21_NRT
0.81512,120.65942,2025-05-14,533,N21,n,2.0NRT,3.49,D,0.46,0.39,,,,,,firms,VIIRS,VIIRS_NOAA21_NRT
0.88254,117.74621,2025-05-14,533,N21,n,2.0NRT,7.17,D,0.38,0.36,,,,,,firms,VIIRS,VIIRS_NOAA21_NRT
1.36287,117.21853,2025-05-14,533,N21,n,2.0NRT,1.57,D,0.38,0.36,,,,,,firms,VIIRS,VIIRS_NOAA21_NRT
1.36496,117.23225,2025-05-14,533,N21,n,2.0NRT,3.37,D,0.38,0.36,,,,,,firms,VIIRS,VIIRS_NOAA21_NRT
1.37449,117.20625,2025-05-14,533,N21,n,2.0NRT,4.31,D,0.38,0.36,,,,,,firms,VIIRS,VIIRS_NOAA21_NRT
1.37502,117.20968,2025-05-14,533,N21,n,2.0NRT,3.33,D,0.38,0.36,,,,,,firms,VIIRS,VIIRS_NOAA21_NRT
1.37832,117.20918,2025-05-14,533,N21,n,2.0NRT,3.33,D,0.38,0.36,,,,,,firms,VIIRS,VIIRS_NOAA21_NRT
1.97383,117.21445,2025-05-14,533,N21,n,2.0NRT,2.77,D,0.38,0.36,,,,,,firms,VIIRS,VIIRS_NOAA21_NRT
2.03827,117.5442,2025-05-14,533,N21,n,2.0NRT,3.86,D,0.38,0.36,,,,,,firms,VIIRS,VIIRS_NOAA21_NRT
2.05114,117.16338,2025-05-14,533,N21,n,2.0NRT,15.84,D,0.38,0.36,,,,,,firms,VIIRS,VIIRS_NOAA21_NRT
2.30226,116.91286,2025-05-14,533,N21,n,2.0NRT,1.59,D,0.38,0.36,,,,,,firms,VIIRS,VIIRS_NOAA21_NRT
5.37884,116.84386,2025-05-14,536,N21,n,2.0NRT,3.74,D,0.38,0.36,,,,,,firms,VIIRS,VIIRS_NOAA21_NRT
5.42773,114.71172,2025-05-14,536,N21,n,2.0NRT,3.46,D,0.41,0.37,,,,,,firms,VIIRS,VIIRS_NOAA21_NRT
5.48677,117.03882,2025-05-14,536,N21,n,2.0NRT,3.39,D,0.39,0.36,,,,,,firms,VIIRS,VIIRS_NOAA21_NRT
5.67284,117.0096,2025-05-14,536,N21,n,2.0NRT,5.18,D,0.39,0.36,,,,,,firms,VIIRS,VIIRS_NOAA21_NRT
-2.98171,101.62409,2025-05-14,714,N21,n,2.0NRT,7.69,D,0.34,0.56,,,,,,firms,VIIRS,VIIRS_NOAA21_NRT
-2.97917,101.62267,2025-05-14,714,N21,n,2.0NRT,8.08,D,0.34,0.56,,,,,,firms,VIIRS,VIIRS_NOAA21_NRT
-2.13166,101.44899,2025-05-14,714,N21,n,2.0NRT,2.77,D,0.35,0.56,,,,,,firms,VIIRS,VIIRS_NOAA21_NRT
-1.87479,100.96121,2025-05-14,714,N21,n,2.0NRT,4.33,D,0.32,0.55,,,,,,firms,VIIRS,VIIRS_NOAA21_NRT
-1.50075,101.15044,2025-05-14,714,N21,n,2.0NRT,2.16,D,0.34,0.56,,,,,,firms,VIIRS,VIIRS_NOAA21_NRT
-1.44035,100.65862,2025-05-14,714,N21,n,2.0NRT,8.97,D,0.62,0.54,,,,,,firms,VIIRS,VIIRS_NOAA21_NRT
-0.72925,100.87041,2025-05-14,714,N21,n,2.0NRT,2.14,D,0.33,0.55,,,,,,firms,VIIRS,VIIRS_NOAA21_NRT
-0.72838,100.86942,2025-05-14,714,N21,n,2.0NRT,2.21,D,0.33,0.55,,,,,,firms,VIIRS,VIIRS_NOAA21_NRT
0.49781,100.60648,2025-05-14,716,N21,n,2.0NRT,4.89,D,0.33,0.55,,,,,,firms,VIIRS,VIIRS_NOAA21_NRT
1.65128,100.19913,2025-05-14,716,N21,n,2.0NRT,1.56,D,0.32,0.55,,,,,,firms,VIIRS,VIIRS_NOAA21_NRT
-8.27446,123.50027,2025-05-14,1635,N21,n,2.0NRT,0.82,N,0.56,0.52,,,,,,firms,VIIRS,VIIRS_NOAA21_NRT
-8.26996,123.50228,2025-05-14,1635,N21,n,2.0NRT,0.74,N,0.56,0.52,,,,,,firms,VIIRS,VIIRS_NOAA21_NRT
-1.56525,127.42837,2025-05-14,1635,N21,n,2.0NRT,1.29,N,0.39,0.44,,,,,,firms,VIIRS,VIIRS_NOAA21_NRT
-1.56468,127.42474,2025-05-14,1635,N21,n,2.0NRT,1.29,N,0.39,0.44,,,,,,firms,VIIRS,VIIRS_NOAA21_NRT
-1.56123,127.42901,2025-05-14,1635,N21,n,2.0NRT,2.19,N,0.39,0.44,,,,,,firms,VIIRS,VIIRS_NOAA21_NRT
-1.56065,127.42535,2025-05-14,1635,N21,n,2.0NRT,2.19,N,0.39,0.44,,,,,,firms,VIIRS,VIIRS_NOAA21_NRT
-1.45832,127.43805,2025-05-14,1635,N21,n,2.0NRT,2.02,N,0.4,0.44,,,,,,firms,VIIRS,VIIRS_NOAA21_NRT
-1.45774,127.43435,2025-05-14,1635,N21,n,2.0NRT,2.02,N,0.4,0.44,,,,,,firms,VIIRS,VIIRS_NOAA21_NRT
0.48005,128.00423,2025-05-14,1635,N21,n,2.0NRT,1.23,N,0.39,0.44,,,,,,firms,VIIRS,VIIRS_NOAA21_NRT
0.48037,127.99019,2025-05-14,1635,N21,n,2.0NRT,1.36,N,0.39,0.44,,,,,,firms,VIIRS,VIIRS_NOAA21_NRT
0.48222,128.00494,2025-05-14,1635,N21,n,2.0NRT,1.49,N,0.39,0.44,,,,,,firms,VIIRS,VIIRS_NOAA21_NRT
0.48226,127.99036,2025-05-14,1635,N21,n,2.0NRT,1.85,N,0.39,0.44,,,,,,firms,VIIRS,VIIRS_NOAA21_NRT
0.48436,127.9909,2025-05-14,1635,N21,n,2.0NRT,1.36,N,0.39,0.44,,,,,,firms,VIIRS,VIIRS_NOAA21_NRT
0.48489,127.9874,2025-05-14,1635,N21,n,2.0NRT,0.72,N,0.39,0.44,,,,,,firms,VIIRS,VIIRS_NOAA21_NRT
0.4854,127.98402,2025-05-14,1635,N21,n,2.0NRT,0.72,N,0.39,0.44,,,,,,firms,VIIRS,VIIRS_NOAA21_NRT
0.48696,127.97382,2025-05-14,1635,N21,n,2.0NRT,0.78,N,0.39,0.44,,,,,,firms,VIIRS,VIIRS_NOAA21_NRT
0.48938,127.98478,2025-05-14,1635,N21,n,2.0NRT,0.73,N,0.39,0.44,,,,,,firms,VIIRS,VIIRS_NOAA21_NRT
0.67501,117.56566,2025-05-14,1813,N21,n,2.0NRT,1.91,N,0.43,0.62,,,,,,firms,VIIRS,VIIRS_NOAA21_NRT
0.67561,117.56187,2025-05-14,1813,N21,n,2.0NRT,1.91,N,0.43,0.62,,,,,,firms,VIIRS,VIIRS_NOAA21_NRT
0.68183,117.55904,2025-05-14,1813,N21,n,2.0NRT,1.88,N,0.43,0.62,,,,,,firms,VIIRS,VIIRS_NOAA21_NRT
1.37759,104.16113,2025-05-14,1813,N21,n,2.0NRT,1.58,N,0.49,0.4,,,,,,firms,VIIRS,VIIRS_NOAA21_NRT
1.78657,109.35964,2025-05-14,1813,N21,n,2.0NRT,3.05,N,0.4,0.37,,,,,,firms,VIIRS,VIIRS_NOAA21_NRT
2.38896,111.34895,2025-05-14,1813,N21,n,2.0NRT,1.53,N,0.48,0.4,,,,,,firms,VIIRS,VIIRS_NOAA21_NRT
2.53294,101.81168,2025-05-14,1813,N21,n,2.0NRT,1.37,N,0.47,0.48,,,,,,firms,VIIRS,VIIRS_NOAA21_NRT
2.73698,102.3948,2025-05-14,1813,N21,n,2.0NRT,1.28,N,0.43,0.46,,,,,,firms,VIIRS,VIIRS_NOAA21_NRT
3.2767,113.06532,2025-05-14,1813,N21,n,2.0NRT,20.8,N,0.39,0.44,,,,,,firms,VIIRS,VIIRS_NOAA21_NRT
3.28583,113.08449,2025-05-14,1813,N21,h,2.0NRT,3.64,N,0.39,0.44,,,,,,firms,VIIRS,VIIRS_NOAA21_NRT
3.28869,113.09204,2025-05-14,1813,N21,n,2.0NRT,1.86,N,0.39,0.44,,,,,,firms,VIIRS,VIIRS_NOAA21_NRT
3.28924,113.08863,2025-05-14,1813,N21,n,2.0NRT,3.64,N,0.39,0.44,,,,,,firms,VIIRS,VIIRS_NOAA21_NRT
3.2898,113.08521,2025-05-14,1813,N21,n,2.0NRT,3.64,N,0.39,0.44,,,,,,firms,VIIRS,VIIRS_NOAA21_NRT
3.30583,113.11256,2025-05-14,1813,N21,n,2.0NRT,3.42,N,0.39,0.44,,,,,,firms,VIIRS,VIIRS_NOAA21_NRT
3.30638,113.10916,2025-05-14,1813,N21,n,2.0NRT,3.42,N,0.39,0.44,,,,,,firms,VIIRS,VIIRS_NOAA21_NRT
3.52363,113.3138,2025-05-14,1813,N21,n,2.0NRT,2.42,N,0.4,0.44,,,,,,firms,VIIRS,VIIRS_NOAA21_NRT
3.53522,113.34496,2025-05-14,1813,N21,n,2.0NRT,2.64,N,0.4,0.44,,,,,,firms,VIIRS,VIIRS_NOAA21_NRT
3.53686,113.30867,2025-05-14,1813,N21,n,2.0NRT,0.62,N,0.4,0.44,,,,,,firms,VIIRS,VIIRS_NOAA21_NRT
3.54274,113.34983,2025-05-14,1813,N21,n,2.0NRT,1.42,N,0.4,0.44,,,,,,firms,VIIRS,VIIRS_NOAA21_NRT
3.60524,112.41251,2025-05-14,1813,N21,n,2.0NRT,7.55,N,0.53,0.42,,,,,,firms,VIIRS,VIIRS_NOAA21_NRT
4.02175,103.34281,2025-05-14,1813,N21,n,2.0NRT,1.57,N,0.39,0.44,,,,,,firms,VIIRS,VIIRS_NOAA21_NRT
4.14376,105.10705,2025-05-14,1813,N21,n,2.0NRT,6.12,N,0.47,0.4,,,,,,firms,VIIRS,VIIRS_NOAA21_NRT
4.5548,103.45575,2025-05-14,1813,N21,n,2.0NRT,1.3,N,0.39,0.44,,,,,,firms,VIIRS,VIIRS_NOAA21_NRT
4.5565,103.45602,2025-05-14,1813,N21,n,2.0NRT,1.52,N,0.39,0.44,,,,,,firms,VIIRS,VIIRS_NOAA21_NRT
4.56556,103.45016,2025-05-14,1813,N21,n,2.0NRT,2.0,N,0.39,0.44,,,,,,firms,VIIRS,VIIRS_NOAA21_NRT
4.73914,113.73033,2025-05-14,1813,N21,n,2.0NRT,2.5,N,0.41,0.45,,,,,,firms,VIIRS,VIIRS_NOAA21_NRT
4.73973,113.72672,2025-05-14,1813,N21,n,2.0NRT,2.5,N,0.41,0.45,,,,,,firms,VIIRS,VIIRS_NOAA21_NRT
5.37043,104.89561,2025-05-14,1813,N21,n,2.0NRT,2.11,N,0.5,0.41,,,,,,firms,VIIRS,VIIRS_NOAA21_NRT
5.43456,105.21621,2025-05-14,1813,N21,n,2.0NRT,2.13,N,0.48,0.4,,,,,,firms,VIIRS,VIIRS_NOAA21_NRT
5.50332,105.20735,2025-05-14,1813,N21,n,2.0NRT,1.11,N,0.48,0.4,,,,,,firms,VIIRS,VIIRS_NOAA21_NRT
5.64603,104.97703,2025-05-14,1813,N21,n,2.0NRT,9.29,N,0.5,0.41,,,,,,firms,VIIRS,VIIRS_NOAA21_NRT
-7.54516,110.44353,2025-05-14,1815,N21,n,2.0NRT,1.97,N,0.56,0.43,,,,,,firms,VIIRS,VIIRS_NOAA21_NRT
-7.3557,110.24856,2025-05-14,1815,N21,n,2.0NRT,0.37,N,0.55,0.42,,,,,,firms,VIIRS,VIIRS_NOAA21_NRT
-7.24178,111.73402,2025-05-14,1815,N21,n,2.0NRT,2.02,N,0.45,0.47,,,,,,firms,VIIRS,VIIRS_NOAA21_NRT
-6.5493,108.09368,2025-05-14,1815,N21,n,2.0NRT,1.68,N,0.42,0.38,,,,,,firms,VIIRS,VIIRS_NOAA21_NRT
-6.4213,106.44152,2025-05-14,1815,N21,n,2.0NRT,0.42,N,0.39,0.36,,,,,,firms,VIIRS,VIIRS_NOAA21_NRT
-6.30148,108.63375,2025-05-14,1815,N21,n,2.0NRT,3.28,N,0.44,0.38,,,,,,firms,VIIRS,VIIRS_NOAA21_NRT
-6.23666,106.54533,2025-05-14,1815,N21,n,2.0NRT,0.84,N,0.39,0.36,,,,,,firms,VIIRS,VIIRS_NOAA21_NRT
-2.19622,103.45013,2025-05-14,1815,N21,n,2.0NRT,1.47,N,0.48,0.4,,,,,,firms,VIIRS,VIIRS_NOAA21_NRT
-2.17265,115.56864,2025-05-14,1815,N21,n,2.0NRT,1.96,N,0.35,0.56,,,,,,firms,VIIRS,VIIRS_NOAA21_NRT
-2.16375,115.57957,2025-05-14,1815,N21,n,2.0NRT,1.07,N,0.35,0.57,,,,,,firms,VIIRS,VIIRS_NOAA21_NRT
-2.15858,115.58022,2025-05-14,1815,N21,n,2.0NRT,2.83,N,0.35,0.57,,,,,,firms,VIIRS,VIIRS_NOAA21_NRT
-1.89458,115.86334,2025-05-14,1815,N21,n,2.0NRT,5.47,N,0.36,0.57,,,,,,firms,VIIRS,VIIRS_NOAA21_NRT
-1.89409,115.8601,2025-05-14,1815,N21,n,2.0NRT,7.15,N,0.36,0.57,,,,,,firms,VIIRS,VIIRS_NOAA21_NRT
-1.56375,103.69691,2025-05-14,1815,N21,n,2.0NRT,2.76,N,0.48,0.4,,,,,,firms,VIIRS,VIIRS_NOAA21_NRT
-1.24869,116.81487,2025-05-14,1815,N21,n,2.0NRT,5.42,N,0.41,0.61,,,,,,firms,VIIRS,VIIRS_NOAA21_NRT
-1.21601,103.41965,2025-05-14,1815,N21,n,2.0NRT,1.61,N,0.5,0.41,,,,,,firms,VIIRS,VIIRS_NOAA21_NRT
-0.95873,102.74673,2025-05-14,1815,N21,n,2.0NRT,0.66,N,0.55,0.42,,,,,,firms,VIIRS,VIIRS_NOAA21_NRT
0.3064,99.4493,2025-05-14,1815,N21,n,2.0NRT,0.66,N,0.63,0.54,,,,,,firms,VIIRS,VIIRS_NOAA21_NRT
0.9148,104.66068,2025-05-14,1815,N21,n,2.0NRT,2.18,N,0.46,0.39,,,,,,firms,VIIRS,VIIRS_NOAA21_NRT
1.36727,99.56846,2025-05-14,1815,N21,n,2.0NRT,0.27,N,0.32,0.55,,,,,,firms,VIIRS,VIIRS_NOAA21_NRT
-9.86984,120.13823,2025-05-15,512,N21,n,2.0NRT,6.39,D,0.55,0.43,,,,,,firms,VIIRS,VIIRS_NOAA21_NRT
-9.50467,124.78764,2025-05-15,512,N21,n,2.0NRT,3.85,D,0.38,0.36,,,,,,firms,VIIRS,VIIRS_NOAA21_NRT
-9.38048,119.30074,2025-05-15,512,N21,n,2.0NRT,4.1,D,0.41,0.45,,,,,,firms,VIIRS,VIIRS_NOAA21_NRT
-8.27217,123.50408,2025-05-15,512,N21,n,2.0NRT,9.57,D,0.39,0.36,,,,,,firms,VIIRS,VIIRS_NOAA21_NRT
-8.27165,123.50757,2025-05-15,512,N21,n,2.0NRT,14.69,D,0.39,0.36,,,,,,firms,VIIRS,VIIRS_NOAA21_NRT
-5.62993,122.7548,2025-05-15,514,N21,n,2.0NRT,4.65,D,0.39,0.36,,,,,,firms,VIIRS,VIIRS_NOAA21_NRT
-3.90386,122.41856,2025-05-15,514,N21,n,2.0NRT,2.97,D,0.39,0.36,,,,,,firms,VIIRS,VIIRS_NOAA21_NRT
-3.90333,122.42206,2025-05-15,514,N21,n,2.0NRT,2.97,D,0.39,0.36,,,,,,firms,VIIRS,VIIRS_NOAA21_NRT
-3.82409,122.42811,2025-05-15,514,N21,n,2.0NRT,4.19,D,0.39,0.36,,,,,,firms,VIIRS,VIIRS_NOAA21_NRT
-2.87848,122.16635,2025-05-15,514,N21,n,2.0NRT,4.46,D,0.39,0.36,,,,,,firms,VIIRS,VIIRS_NOAA21_NRT
-2.82973,122.17329,2025-05-15,514,N21,n,2.0NRT,4.6,D,0.39,0.36,,,,,,firms,VIIRS,VIIRS_NOAA21_NRT
-2.16016,115.58322,2025-05-15,514,N21,n,2.0NRT,4.69,D,0.57,0.52,,,,,,firms,VIIRS,VIIRS_NOAA21_NRT
-2.01031,121.42046,2025-05-15,514,N21,n,2.0NRT,5.86,D,0.4,0.37,,,,,,firms,VIIRS,VIIRS_NOAA21_NRT
-2.0019,121.4303,2025-05-15,514,N21,n,2.0NRT,6.47,D,0.4,0.37,,,,,,firms,VIIRS,VIIRS_NOAA21_NRT
-1.40276,123.48557,2025-05-15,514,N21,n,2.0NRT,2.48,D,0.39,0.36,,,,,,firms,VIIRS,VIIRS_NOAA21_NRT
-1.39862,123.53474,2025-05-15,514,N21,n,2.0NRT,2.15,D,0.39,0.36,,,,,,firms,VIIRS,VIIRS_NOAA21_NRT
-0.64508,127.53884,2025-05-15,514,N21,n,2.0NRT,2.45,D,0.39,0.44,,,,,,firms,VIIRS,VIIRS_NOAA21_NRT
-0.64316,127.53874,2025-05-15,514,N21,n,2.0NRT,1.33,D,0.39,0.44,,,,,,firms,VIIRS,VIIRS_NOAA21_NRT
0.09613,117.47731,2025-05-15,516,N21,n,2.0NRT,4.45,D,0.39,0.44,,,,,,firms,VIIRS,VIIRS_NOAA21_NRT
0.09775,117.47693,2025-05-15,516,N21,n,2.0NRT,6.97,D,0.39,0.44,,,,,,firms,VIIRS,VIIRS_NOAA21_NRT
1.06422,117.1508,2025-05-15,516,N21,n,2.0NRT,6.01,D,0.4,0.44,,,,,,firms,VIIRS,VIIRS_NOAA21_NRT
1.06476,117.15426,2025-05-15,516,N21,n,2.0NRT,8.63,D,0.4,0.44,,,,,,firms,VIIRS,VIIRS_NOAA21_NRT
1.06829,117.15034,2025-05-15,516,N21,n,2.0NRT,6.01,D,0.4,0.44,,,,,,firms,VIIRS,VIIRS_NOAA21_NRT
3.52391,113.31261,2025-05-15,516,N21,n,2.0NRT,3.49,D,0.33,0.55,,,,,,firms,VIIRS,VIIRS_NOAA21_NRT
3.53422,113.34411,2025-05-15,516,N21,n,2.0NRT,4.21,D,0.33,0.55,,,,,,firms,VIIRS,VIIRS_NOAA21_NRT
3.53441,116.6461,2025-05-15,516,N21,n,2.0NRT,4.6,D,0.4,0.44,,,,,,firms,VIIRS,VIIRS_NOAA21_NRT
3.54574,113.35136,2025-05-15,516,N21,n,2.0NRT,3.02,D,0.33,0.55,,,,,,firms,VIIRS,VIIRS_NOAA21_NRT
3.75482,116.77119,2025-05-15,516,N21,n,2.0NRT,11.38,D,0.39,0.44,,,,,,firms,VIIRS,VIIRS_NOAA21_NRT
4.6711,114.46251,2025-05-15,516,N21,n,2.0NRT,5.86,D,0.53,0.5,,,,,,firms,VIIRS,VIIRS_NOAA21_NRT
5.42962,114.71035,2025-05-15,516,N21,n,2.0NRT,3.55,D,0.5,0.49,,,,,,firms,VIIRS,VIIRS_NOAA21_NRT
-3.80587,103.81726,2025-05-15,657,N21,n,2.0NRT,5.85,D,0.45,0.47,,,,,,firms,VIIRS,VIIRS_NOAA21_NRT
-2.81758,106.20753,2025-05-15,657,N21,h,2.0NRT,11.47,D,0.34,0.56,,,,,,firms,VIIRS,VIIRS_NOAA21_NRT
-2.69997,105.98562,2025-05-15,657,N21,h,2.0NRT,8.09,D,0.33,0.55,,,,,,firms,VIIRS,VIIRS_NOAA21_NRT
-2.66321,106.02168,2025-05-15,657,N21,n,2.0NRT,4.1,D,0.33,0.55,,,,,,firms,VIIRS,VIIRS_NOAA21_NRT
-2.6138,105.97849,2025-05-15,657,N21,n,2.0NRT,2.5,D,0.33,0.55,,,,,,firms,VIIRS,VIIRS_NOAA21_NRT
-2.61359,105.97748,2025-05-15,657,N21,n,2.0NRT,2.37,D,0.33,0.55,,,,,,firms,VIIRS,VIIRS_NOAA21_NRT
-2.46884,103.47311,2025-05-15,657,N21,n,2.0NRT,5.58,D,0.44,0.46,,,,,,firms,VIIRS,VIIRS_NOAA21_NRT
-2.4685,103.47252,2025-05-15,657,N21,n,2.0NRT,5.77,D,0.44,0.46,,,,,,firms,VIIRS,VIIRS_NOAA21_NRT
-2.35141,105.88283,2025-05-15,657,N21,h,2.0NRT,9.51,D,0.32,0.55,,,,,,firms,VIIRS,VIIRS_NOAA21_NRT
-2.32725,105.87304,2025-05-15,657,N21,n,2.0NRT,5.97,D,0.32,0.55,,,,,,firms,VIIRS,VIIRS_NOAA21_NRT
-2.20925,100.99763,2025-05-15,657,N21,n,2.0NRT,4.64,D,0.48,0.4,,,,,,firms,VIIRS,VIIRS_NOAA21_NRT
-2.20591,100.99614,2025-05-15,657,N21,n,2.0NRT,5.09,D,0.48,0.4,,,,,,firms,VIIRS,VIIRS_NOAA21_NRT
-2.15712,105.81316,2025-05-15,657,N21,n,2.0NRT,3.76,D,0.32,0.55,,,,,,firms,VIIRS,VIIRS_NOAA21_NRT
-1.93957,100.94917,2025-05-15,657,N21,n,2.0NRT,5.47,D,0.48,0.4,,,,,,firms,VIIRS,VIIRS_NOAA21_NRT
-1.90579,105.81017,2025-05-15,657,N21,h,2.0NRT,15.15,D,0.33,0.55,,,,,,firms,VIIRS,VIIRS_NOAA21_NRT
-0.75897,100.29301,2025-05-15,657,N21,n,2.0NRT,4.03,D,0.46,0.39,,,,,,firms,VIIRS,VIIRS_NOAA21_NRT
-0.53026,100.6148,2025-05-15,657,N21,n,2.0NRT,7.68,D,0.48,0.4,,,,,,firms,VIIRS,VIIRS_NOAA21_NRT
-0.52984,100.61575,2025-05-15,657,N21,n,2.0NRT,7.69,D,0.48,0.4,,,,,,firms,VIIRS,VIIRS_NOAA21_NRT
0.40559,110.58336,2025-05-15,657,N21,n,2.0NRT,10.75,D,0.76,0.77,,,,,,firms,VIIRS,VIIRS_NOAA21_NRT
0.76052,100.28589,2025-05-15,657,N21,n,2.0NRT,3.27,D,0.47,0.4,,,,,,firms,VIIRS,VIIRS_NOAA21_NRT
1.90376,100.69724,2025-05-15,657,N21,n,2.0NRT,8.45,D,0.52,0.41,,,,,,firms,VIIRS,VIIRS_NOAA21_NRT
1.90755,100.69668,2025-05-15,657,N21,n,2.0NRT,36.29,D,0.52,0.41,,,,,,firms,VIIRS,VIIRS_NOAA21_NRT
2.52389,100.23621,2025-05-15,659,N21,n,2.0NRT,4.73,D,0.49,0.41,,,,,,firms,VIIRS,VIIRS_NOAA21_NRT
2.5276,100.23565,2025-05-15,659,N21,n,2.0NRT,6.07,D,0.49,0.41,,,,,,firms,VIIRS,VIIRS_NOAA21_NRT
3.09926,99.78141,2025-05-15,659,N21,n,2.0NRT,2.91,D,0.48,0.4,,,,,,firms,VIIRS,VIIRS_NOAA21_NRT
0.4813,128.00363,2025-05-15,1613,N21,n,2.0NRT,1.23,N,0.41,0.61,,,,,,firms,VIIRS,VIIRS_NOAA21_NRT
0.49012,127.9831,2025-05-15,1613,N21,n,2.0NRT,2.74,N,0.41,0.61,,,,,,firms,VIIRS,VIIRS_NOAA21_NRT
1.69755,127.87914,2025-05-15,1613,N21,n,2.0NRT,1.47,N,0.44,0.62,,,,,,firms,VIIRS,VIIRS_NOAA21_NRT
1.6982,127.87483,2025-05-15,1613,N21,n,2.0NRT,5.26,N,0.44,0.62,,,,,,firms,VIIRS,VIIRS_NOAA21_NRT
-2.47442,133.29565,2025-05-15,1616,N21,n,2.0NRT,1.48,N,0.5,0.41,,,,,,firms,VIIRS,VIIRS_NOAA21_NRT
-1.8164,136.75017,2025-05-15,1616,N21,n,2.0NRT,0.6,N,0.39,0.36,,,,,,firms,VIIRS,VIIRS_NOAA21_NRT
-1.56585,127.42819,2025-05-15,1616,N21,n,2.0NRT,1.83,N,0.42,0.61,,,,,,firms,VIIRS,VIIRS_NOAA21_NRT
-1.5652,127.42413,2025-05-15,1616,N21,n,2.0NRT,1.83,N,0.42,0.61,,,,,,firms,VIIRS,VIIRS_NOAA21_NRT
-1.55962,127.42493,2025-05-15,1616,N21,n,2.0NRT,3.79,N,0.42,0.61,,,,,,firms,VIIRS,VIIRS_NOAA21_NRT
-1.45961,127.43655,2025-05-15,1616,N21,h,2.0NRT,8.88,N,0.42,0.61,,,,,,firms,VIIRS,VIIRS_NOAA21_NRT
-1.45888,127.43205,2025-05-15,1616,N21,n,2.0NRT,8.88,N,0.42,0.61,,,,,,firms,VIIRS,VIIRS_NOAA21_NRT
-3.90343,122.42132,2025-05-15,1756,N21,n,2.0NRT,2.16,N,0.52,0.67,,,,,,firms,VIIRS,VIIRS_NOAA21_NRT
-3.90224,122.42206,2025-05-15,1756,N21,n,2.0NRT,3.45,N,0.52,0.67,,,,,,firms,VIIRS,VIIRS_NOAA21_NRT
-2.87809,122.16426,2025-05-15,1756,N21,n,2.0NRT,4.63,N,0.48,0.65,,,,,,firms,VIIRS,VIIRS_NOAA21_NRT
-2.86438,122.15298,2025-05-15,1756,N21,n,2.0NRT,3.11,N,0.48,0.65,,,,,,firms,VIIRS,VIIRS_NOAA21_NRT
-2.85984,122.16297,2025-05-15,1756,N21,n,2.0NRT,3.71,N,0.48,0.65,,,,,,firms,VIIRS,VIIRS_NOAA21_NRT
-2.85919,122.15855,2025-05-15,1756,N21,n,2.0NRT,1.49,N,0.48,0.65,,,,,,firms,VIIRS,VIIRS_NOAA21_NRT
-2.83114,122.17245,2025-05-15,1756,N21,n,2.0NRT,2.26,N,0.48,0.65,,,,,,firms,VIIRS,VIIRS_NOAA21_NRT
-2.83055,122.16838,2025-05-15,1756,N21,n,2.0NRT,2.26,N,0.48,0.65,,,,,,firms,VIIRS,VIIRS_NOAA21_NRT
-2.21211,115.49279,2025-05-15,1756,N21,n,2.0NRT,1.63,N,0.5,0.41,,,,,,firms,VIIRS,VIIRS_NOAA21_NRT
-2.16096,115.58333,2025-05-15,1756,N21,n,2.0NRT,1.54,N,0.51,0.41,,,,,,firms,VIIRS,VIIRS_NOAA21_NRT
-2.15721,115.58388,2025-05-15,1756,N21,n,2.0NRT,1.54,N,0.51,0.41,,,,,,firms,VIIRS,VIIRS_NOAA21_NRT
-2.06173,115.56869,2025-05-15,1756,N21,n,2.0NRT,0.97,N,0.5,0.41,,,,,,firms,VIIRS,VIIRS_NOAA21_NRT
-1.89392,115.86626,2025-05-15,1756,N21,n,2.0NRT,3.61,N,0.52,0.42,,,,,,firms,VIIRS,VIIRS_NOAA21_NRT
-1.89321,115.8616,2025-05-15,1756,N21,n,2.0NRT,3.61,N,0.52,0.42,,,,,,firms,VIIRS,VIIRS_NOAA21_NRT
-1.85762,115.85748,2025-05-15,1756,N21,n,2.0NRT,0.72,N,0.52,0.42,,,,,,firms,VIIRS,VIIRS_NOAA21_NRT
-1.57395,103.69063,2025-05-15,1756,N21,n,2.0NRT,0.88,N,0.32,0.55,,,,,,firms,VIIRS,VIIRS_NOAA21_NRT
-1.57348,103.68779,2025-05-15,1756,N21,n,2.0NRT,1.54,N,0.32,0.55,,,,,,firms,VIIRS,VIIRS_NOAA21_NRT
-1.57302,103.68495,2025-05-15,1756,N21,n,2.0NRT,1.54,N,0.32,0.55,,,,,,firms,VIIRS,VIIRS_NOAA21_NRT
-1.56445,103.695,2025-05-15,1756,N21,n,2.0NRT,1.21,N,0.32,0.55,,,,,,firms,VIIRS,VIIRS_NOAA21_NRT
-1.56406,103.69671,2025-05-15,1756,N21,n,2.0NRT,1.64,N,0.32,0.55,,,,,,firms,VIIRS,VIIRS_NOAA21_NRT
-1.37993,122.48271,2025-05-15,1756,N21,n,2.0NRT,2.62,N,0.48,0.65,,,,,,firms,VIIRS,VIIRS_NOAA21_NRT
0.67349,117.56592,2025-05-15,1756,N21,n,2.0NRT,2.0,N,0.41,0.45,,,,,,firms,VIIRS,VIIRS_NOAA21_NRT
0.67755,117.56665,2025-05-15,1756,N21,n,2.0NRT,2.0,N,0.41,0.45,,,,,,firms,VIIRS,VIIRS_NOAA21_NRT
0.68275,117.56008,2025-05-15,1756,N21,n,2.0NRT,2.63,N,0.41,0.45,,,,,,firms,VIIRS,VIIRS_NOAA21_NRT
0.68961,117.54273,2025-05-15,1756,N21,n,2.0NRT,10.67,N,0.41,0.45,,,,,,firms,VIIRS,VIIRS_NOAA21_NRT
1.28163,103.71426,2025-05-15,1756,N21,n,2.0NRT,0.45,N,0.35,0.57,,,,,,firms,VIIRS,VIIRS_NOAA21_NRT
3.60603,112.40968,2025-05-15,1756,N21,n,2.0NRT,2.41,N,0.39,0.36,,,,,,firms,VIIRS,VIIRS_NOAA21_NRT
3.66091,117.21616,2025-05-15,1756,N21,n,2.0NRT,1.16,N,0.53,0.42,,,,,,firms,VIIRS,VIIRS_NOAA21_NRT
5.37266,104.89528,2025-05-15,1756,N21,n,2.0NRT,2.09,N,0.34,0.56,,,,,,firms,VIIRS,VIIRS_NOAA21_NRT
5.43511,105.21731,2025-05-15,1756,N21,n,2.0NRT,2.21,N,0.32,0.55,,,,,,firms,VIIRS,VIIRS_NOAA21_NRT
-8.2804,123.53408,2025-05-15,1758,N21,n,2.0NRT,4.5,N,0.71,0.75,,,,,,firms,VIIRS,VIIRS_NOAA21_NRT
-8.27441,123.53692,2025-05-15,1758,N21,n,2.0NRT,3.35,N,0.71,0.75,,,,,,firms,VIIRS,VIIRS_NOAA21_NRT
-7.54233,110.44389,2025-05-15,1758,N21,n,2.0NRT,0.82,N,0.38,0.36,,,,,,firms,VIIRS,VIIRS_NOAA21_NRT
-7.54177,110.44044,2025-05-15,1758,N21,n,2.0NRT,0.82,N,0.38,0.36,,,,,,firms,VIIRS,VIIRS_NOAA21_NRT
-6.01059,105.98591,2025-05-15,1758,N21,n,2.0NRT,1.39,N,0.38,0.43,,,,,,firms,VIIRS,VIIRS_NOAA21_NRT
-6.01003,105.98248,2025-05-15,1758,N21,n,2.0NRT,1.21,N,0.38,0.43,,,,,,firms,VIIRS,VIIRS_NOAA21_NRT
-6.00946,105.97904,2025-05-15,1758,N21,n,2.0NRT,1.21,N,0.38,0.43,,,,,,firms,VIIRS,VIIRS_NOAA21_NRT
-6.00606,105.98312,2025-05-15,1758,N21,n,2.0NRT,1.21,N,0.38,0.43,,,,,,firms,VIIRS,VIIRS_NOAA21_NRT
-5.91071,107.92937,2025-05-15,1758,N21,n,2.0NRT,1.13,N,0.45,0.39,,,,,,firms,VIIRS,VIIRS_NOAA21_NRT
-5.37211,106.56496,2025-05-15,1758,N21,n,2.0NRT,4.37,N,0.54,0.42,,,,,,firms,VIIRS,VIIRS_NOAA21_NRT
-3.80774,103.81882,2025-05-15,1758,N21,n,2.0NRT,6.3,N,0.58,0.52,,,,,,firms,VIIRS,VIIRS_NOAA21_NRT
-3.77913,103.82318,2025-05-15,1758,N21,n,2.0NRT,1.34,N,0.58,0.52,,,,,,firms,VIIRS,VIIRS_NOAA21_NRT
-3.72715,103.71671,2025-05-15,1758,N21,n,2.0NRT,2.0,N,0.59,0.53,,,,,,firms,VIIRS,VIIRS_NOAA21_NRT
-3.72646,103.71465,2025-05-15,1758,N21,n,2.0NRT,2.52,N,0.59,0.53,,,,,,firms,VIIRS,VIIRS_NOAA21_NRT
-3.72234,103.71745,2025-05-15,1758,N21,n,2.0NRT,1.87,N,0.59,0.53,,,,,,firms,VIIRS,VIIRS_NOAA21_NRT
-3.5043,104.93729,2025-05-15,1758,N21,n,2.0NRT,0.64,N,0.49,0.48,,,,,,firms,VIIRS,VIIRS_NOAA21_NRT
-3.40941,104.14585,2025-05-15,1758,N21,n,2.0NRT,1.93,N,0.55,0.51,,,,,,firms,VIIRS,VIIRS_NOAA21_NRT
-2.1755,102.82265,2025-05-15,1758,N21,n,2.0NRT,0.79,N,0.36,0.57,,,,,,firms,VIIRS,VIIRS_NOAA21_NRT
-8.27369,123.50665,2025-05-16,453,N21,n,2.0NRT,7.6,D,0.43,0.46,,,,,,firms,VIIRS,VIIRS_NOAA21_NRT
-3.97183,138.80132,2025-05-16,453,N21,n,2.0NRT,6.89,D,0.48,0.65,,,,,,firms,VIIRS,VIIRS_NOAA21_NRT
-3.38868,135.43648,2025-05-16,453,N21,n,2.0NRT,11.16,D,0.57,0.52,,,,,,firms,VIIRS,VIIRS_NOAA21_NRT
-3.3881,135.43393,2025-05-16,453,N21,n,2.0NRT,11.51,D,0.57,0.52,,,,,,firms,VIIRS,VIIRS_NOAA21_NRT
-9.83334,123.77393,2025-05-16,455,N21,n,2.0NRT,2.72,D,0.43,0.46,,,,,,firms,VIIRS,VIIRS_NOAA21_NRT
-9.39075,119.37458,2025-05-16,455,N21,n,2.0NRT,6.75,D,0.42,0.61,,,,,,firms,VIIRS,VIIRS_NOAA21_NRT
-9.39004,119.81594,2025-05-16,455,N21,n,2.0NRT,4.15,D,0.39,0.6,,,,,,firms,VIIRS,VIIRS_NOAA21_NRT
-9.36481,119.62279,2025-05-16,455,N21,n,2.0NRT,2.59,D,0.41,0.6,,,,,,firms,VIIRS,VIIRS_NOAA21_NRT
-8.32812,138.17345,2025-05-16,455,N21,n,2.0NRT,2.98,D,0.36,0.58,,,,,,firms,VIIRS,VIIRS_NOAA21_NRT
-8.32698,138.17996,2025-05-16,455,N21,n,2.0NRT,5.38,D,0.36,0.58,,,,,,firms,VIIRS,VIIRS_NOAA21_NRT
-8.32664,138.17929,2025-05-16,455,N21,n,2.0NRT,4.8,D,0.36,0.58,,,,,,firms,VIIRS,VIIRS_NOAA21_NRT
-2.57903,121.37809,2025-05-16,455,N21,n,2.0NRT,52.64,D,0.49,0.48,,,,,,firms,VIIRS,VIIRS_NOAA21_NRT
-2.47392,133.29581,2025-05-16,455,N21,n,2.0NRT,3.9,D,0.42,0.45,,,,,,firms,VIIRS,VIIRS_NOAA21_NRT
-2.15997,115.58675,2025-05-16,455,N21,n,2.0NRT,3.22,D,0.61,0.71,,,,,,firms,VIIRS,VIIRS_NOAA21_NRT
-1.82009,136.75208,2025-05-16,455,N21,n,2.0NRT,8.71,D,0.37,0.58,,,,,,firms,VIIRS,VIIRS_NOAA21_NRT
-1.29404,132.26665,2025-05-16,455,N21,n,2.0NRT,6.4,D,0.57,0.43,,,,,,firms,VIIRS,VIIRS_NOAA21_NRT
-0.78328,122.37727,2025-05-16,455,N21,n,2.0NRT,5.38,D,0.4,0.44,,,,,,firms,VIIRS,VIIRS_NOAA21_NRT
5.6523,116.95191,2025-05-16,457,N21,n,2.0NRT,5.35,D,0.37,0.58,,,,,,firms,VIIRS,VIIRS_NOAA21_NRT
5.72306,116.98648,2025-05-16,457,N21,l,2.0NRT,9.65,D,0.36,0.58,,,,,,firms,VIIRS,VIIRS_NOAA21_NRT
5.72834,116.98584,2025-05-16,457,N21,n,2.0NRT,9.65,D,0.36,0.58,,,,,,firms,VIIRS,VIIRS_NOAA21_NRT
-7.70101,108.99442,2025-05-16,633,N21,n,2.0NRT,12.08,D,0.41,0.45,,,,,,firms,VIIRS,VIIRS_NOAA21_NRT
-7.69628,108.99744,2025-05-16,633,N21,n,2.0NRT,2.92,D,0.41,0.45,,,,,,firms,VIIRS,VIIRS_NOAA21_NRT
-6.59335,108.49211,2025-05-16,635,N21,n,2.0NRT,3.18,D,0.4,0.44,,,,,,firms,VIIRS,VIIRS_NOAA21_NRT
-4.32794,103.06692,2025-05-16,635,N21,n,2.0NRT,2.09,D,0.38,0.36,,,,,,firms,VIIRS,VIIRS_NOAA21_NRT
-4.23881,102.98206,2025-05-16,635,N21,n,2.0NRT,19.28,D,0.38,0.36,,,,,,firms,VIIRS,VIIRS_NOAA21_NRT
-3.80873,103.8176,2025-05-16,635,N21,n,2.0NRT,4.02,D,0.39,0.36,,,,,,firms,VIIRS,VIIRS_NOAA21_NRT
-3.80539,103.81709,2025-05-16,635,N21,n,2.0NRT,4.02,D,0.39,0.36,,,,,,firms,VIIRS,VIIRS_NOAA21_NRT
-3.72544,103.71485,2025-05-16,635,N21,n,2.0NRT,6.03,D,0.39,0.36,,,,,,firms,VIIRS,VIIRS_NOAA21_NRT
-3.4897,103.39135,2025-05-16,635,N21,n,2.0NRT,3.18,D,0.39,0.36,,,,,,firms,VIIRS,VIIRS_NOAA21_NRT
-2.6737,104.65818,2025-05-16,635,N21,n,2.0NRT,4.88,D,0.42,0.38,,,,,,firms,VIIRS,VIIRS_NOAA21_NRT
-2.42069,115.35119,2025-05-16,635,N21,n,2.0NRT,19.13,D,0.69,0.74,,,,,,firms,VIIRS,VIIRS_NOAA21_NRT
-2.41393,115.34998,2025-05-16,635,N21,l,2.0NRT,19.13,D,0.69,0.74,,,,,,firms,VIIRS,VIIRS_NOAA21_NRT
-2.16215,115.57934,2025-05-16,635,N21,n,2.0NRT,10.53,D,0.72,0.76,,,,,,firms,VIIRS,VIIRS_NOAA21_NRT
0.0655,109.29401,2025-05-16,637,N21,n,2.0NRT,5.22,D,0.57,0.52,,,,,,firms,VIIRS,VIIRS_NOAA21_NRT
0.06585,109.29137,2025-05-16,637,N21,n,2.0NRT,6.11,D,0.57,0.52,,,,,,firms,VIIRS,VIIRS_NOAA21_NRT
0.18037,110.05515,2025-05-16,637,N21,n,2.0NRT,2.19,D,0.32,0.55,,,,,,firms,VIIRS,VIIRS_NOAA21_NRT
1.28247,103.71663,2025-05-16,637,N21,n,2.0NRT,1.57,D,0.42,0.38,,,,,,firms,VIIRS,VIIRS_NOAA21_NRT
1.35393,109.88421,2025-05-16,637,N21,n,2.0NRT,5.48,D,0.33,0.55,,,,,,firms,VIIRS,VIIRS_NOAA21_NRT
1.35463,109.88338,2025-05-16,637,N21,n,2.0NRT,3.34,D,0.33,0.55,,,,,,firms,VIIRS,VIIRS_NOAA21_NRT
1.67378,101.47457,2025-05-16,637,N21,n,2.0NRT,2.87,D,0.38,0.36,,,,,,firms,VIIRS,VIIRS_NOAA21_NRT
1.70449,109.7934,2025-05-16,637,N21,n,2.0NRT,2.53,D,0.33,0.55,,,,,,firms,VIIRS,VIIRS_NOAA21_NRT
1.76927,109.81837,2025-05-16,637,N21,n,2.0NRT,1.93,D,0.33,0.55,,,,,,firms,VIIRS,VIIRS_NOAA21_NRT
1.99945,102.78558,2025-05-16,637,N21,n,2.0NRT,4.84,D,0.4,0.37,,,,,,firms,VIIRS,VIIRS_NOAA21_NRT
2.25884,98.96799,2025-05-16,637,N21,n,2.0NRT,2.04,D,0.43,0.38,,,,,,firms,VIIRS,VIIRS_NOAA21_NRT
2.30923,98.88938,2025-05-16,637,N21,n,2.0NRT,4.2,D,0.43,0.38,,,,,,firms,VIIRS,VIIRS_NOAA21_NRT
2.5349,101.81374,2025-05-16,637,N21,n,2.0NRT,3.01,D,0.39,0.36,,,,,,firms,VIIRS,VIIRS_NOAA21_NRT
2.70948,101.57508,2025-05-16,637,N21,n,2.0NRT,4.18,D,0.38,0.36,,,,,,firms,VIIRS,VIIRS_NOAA21_NRT
2.73869,101.56716,2025-05-16,637,N21,n,2.0NRT,3.46,D,0.38,0.36,,,,,,firms,VIIRS,VIIRS_NOAA21_NRT
2.75138,101.56173,2025-05-16,637,N21,n,2.0NRT,5.16,D,0.38,0.36,,,,,,firms,VIIRS,VIIRS_NOAA21_NRT
3.19142,103.14756,2025-05-16,637,N21,n,2.0NRT,4.79,D,0.42,0.37,,,,,,firms,VIIRS,VIIRS_NOAA21_NRT
3.19198,103.15129,2025-05-16,637,N21,n,2.0NRT,6.05,D,0.42,0.37,,,,,,firms,VIIRS,VIIRS_NOAA21_NRT
4.00602,103.34323,2025-05-16,637,N21,n,2.0NRT,4.1,D,0.43,0.38,,,,,,firms,VIIRS,VIIRS_NOAA21_NRT
4.96596,100.9465,2025-05-16,637,N21,n,2.0NRT,2.31,D,0.38,0.36,,,,,,firms,VIIRS,VIIRS_NOAA21_NRT
5.01051,105.59003,2025-05-16,637,N21,n,2.0NRT,5.84,D,0.38,0.43,,,,,,firms,VIIRS,VIIRS_NOAA21_NRT
5.03404,100.96709,2025-05-16,637,N21,n,2.0NRT,2.53,D,0.38,0.36,,,,,,firms,VIIRS,VIIRS_NOAA21_NRT
5.20333,103.11991,2025-05-16,637,N21,n,2.0NRT,2.74,D,0.43,0.38,,,,,,firms,VIIRS,VIIRS_NOAA21_NRT
-1.81739,136.74937,2025-05-16,1556,N21,n,2.0NRT,1.52,N,0.4,0.44,,,,,,firms,VIIRS,VIIRS_NOAA21_NRT
0.47972,128.0024,2025-05-16,1737,N21,n,2.0NRT,4.09,N,0.51,0.66,,,,,,firms,VIIRS,VIIRS_NOAA21_NRT
0.48041,127.99795,2025-05-16,1737,N21,n,2.0NRT,1.88,N,0.51,0.66,,,,,,firms,VIIRS,VIIRS_NOAA21_NRT
0.48109,127.99352,2025-05-16,1737,N21,n,2.0NRT,1.88,N,0.51,0.66,,,,,,firms,VIIRS,VIIRS_NOAA21_NRT
0.48177,127.98907,2025-05-16,1737,N21,n,2.0NRT,3.3,N,0.51,0.66,,,,,,firms,VIIRS,VIIRS_NOAA21_NRT
0.48179,128.00504,2025-05-16,1737,N21,n,2.0NRT,1.69,N,0.51,0.66,,,,,,firms,VIIRS,VIIRS_NOAA21_NRT
0.48249,128.00072,2025-05-16,1737,N21,n,2.0NRT,1.69,N,0.51,0.66,,,,,,firms,VIIRS,VIIRS_NOAA21_NRT
0.4832,127.99631,2025-05-16,1737,N21,n,2.0NRT,1.41,N,0.51,0.66,,,,,,firms,VIIRS,VIIRS_NOAA21_NRT
0.48389,127.99198,2025-05-16,1737,N21,n,2.0NRT,1.41,N,0.51,0.66,,,,,,firms,VIIRS,VIIRS_NOAA21_NRT
0.4846,127.98758,2025-05-16,1737,N21,n,2.0NRT,2.39,N,0.51,0.66,,,,,,firms,VIIRS,VIIRS_NOAA21_NRT
3.27308,113.06035,2025-05-16,1737,N21,n,2.0NRT,2.2,N,0.56,0.43,,,,,,firms,VIIRS,VIIRS_NOAA21_NRT
3.27624,113.06597,2025-05-16,1737,N21,n,2.0NRT,2.2,N,0.56,0.43,,,,,,firms,VIIRS,VIIRS_NOAA21_NRT
3.277,113.06091,2025-05-16,1737,N21,n,2.0NRT,2.2,N,0.56,0.43,,,,,,firms,VIIRS,VIIRS_NOAA21_NRT
3.28574,113.0826,2025-05-16,1737,N21,n,2.0NRT,4.01,N,0.56,0.43,,,,,,firms,VIIRS,VIIRS_NOAA21_NRT
3.28966,113.08312,2025-05-16,1737,N21,n,2.0NRT,4.01,N,0.56,0.43,,,,,,firms,VIIRS,VIIRS_NOAA21_NRT
3.52315,113.31355,2025-05-16,1737,N21,n,2.0NRT,2.99,N,0.54,0.42,,,,,,firms,VIIRS,VIIRS_NOAA21_NRT
3.52511,113.31145,2025-05-16,1737,N21,n,2.0NRT,3.69,N,0.54,0.42,,,,,,firms,VIIRS,VIIRS_NOAA21_NRT
3.53627,113.34274,2025-05-16,1737,N21,n,2.0NRT,2.55,N,0.54,0.42,,,,,,firms,VIIRS,VIIRS_NOAA21_NRT
5.01154,115.49995,2025-05-16,1737,N21,n,2.0NRT,0.7,N,0.44,0.38,,,,,,firms,VIIRS,VIIRS_NOAA21_NRT
5.36903,104.89248,2025-05-16,1737,N21,n,2.0NRT,5.29,N,0.72,0.76,,,,,,firms,VIIRS,VIIRS_NOAA21_NRT
-8.34692,117.81829,2025-05-16,1741,N21,n,2.0NRT,0.87,N,0.44,0.39,,,,,,firms,VIIRS,VIIRS_NOAA21_NRT
-8.27574,123.51578,2025-05-16,1741,N21,n,2.0NRT,3.74,N,0.33,0.56,,,,,,firms,VIIRS,VIIRS_NOAA21_NRT
-8.27502,123.51039,2025-05-16,1741,N21,n,2.0NRT,3.74,N,0.33,0.56,,,,,,firms,VIIRS,VIIRS_NOAA21_NRT
3.99339,103.13895,2025-05-16,1915,N21,n,2.0NRT,1.42,N,0.48,0.65,,,,,,firms,VIIRS,VIIRS_NOAA21_NRT
4.55384,103.45682,2025-05-16,1915,N21,n,2.0NRT,1.44,N,0.5,0.65,,,,,,firms,VIIRS,VIIRS_NOAA21_NRT
5.52052,102.73953,2025-05-16,1915,N21,n,2.0NRT,0.95,N,0.43,0.62,,,,,,firms,VIIRS,VIIRS_NOAA21_NRT
1.28253,101.08358,2025-05-16,1917,N21,n,2.0NRT,0.71,N,0.38,0.59,,,,,,firms,VIIRS,VIIRS_NOAA21_NRT
2.49244,100.26193,2025-05-16,1917,N21,n,2.0NRT,2.13,N,0.32,0.55,,,,,,firms,VIIRS,VIIRS_NOAA21_NRT
2.49381,100.25342,2025-05-16,1917,N21,n,2.0NRT,0.99,N,0.32,0.55,,,,,,firms,VIIRS,VIIRS_NOAA21_NRT
2.49878,100.25423,2025-05-16,1917,N21,n,2.0NRT,0.99,N,0.32,0.55,,,,,,firms,VIIRS,VIIRS_NOAA21_NRT
-1.4584,127.4368,2025-05-17,436,N21,n,2.0NRT,8.49,D,0.39,0.44,,,,,,firms,VIIRS,VIIRS_NOAA21_NRT
-0.85335,133.18309,2025-05-17,436,N21,n,2.0NRT,2.72,D,0.39,0.36,,,,,,firms,VIIRS,VIIRS_NOAA21_NRT
0.50966,127.8972,2025-05-17,438,N21,n,2.0NRT,7.73,D,0.51,0.41,,,,,,firms,VIIRS,VIIRS_NOAA21_NRT
-9.39951,119.40139,2025-05-17,616,N21,n,2.0NRT,4.36,D,0.46,0.64,,,,,,firms,VIIRS,VIIRS_NOAA21_NRT
-9.39872,119.40556,2025-05-17,616,N21,n,2.0NRT,4.36,D,0.46,0.64,,,,,,firms,VIIRS,VIIRS_NOAA21_NRT
-6.01073,105.97646,2025-05-17,616,N21,n,2.0NRT,3.52,D,0.42,0.37,,,,,,firms,VIIRS,VIIRS_NOAA21_NRT
-5.20622,105.30692,2025-05-17,616,N21,n,2.0NRT,2.05,D,0.43,0.38,,,,,,firms,VIIRS,VIIRS_NOAA21_NRT
-3.96244,102.70398,2025-05-17,618,N21,n,2.0NRT,5.59,D,0.57,0.43,,,,,,firms,VIIRS,VIIRS_NOAA21_NRT
-3.91942,102.67388,2025-05-17,618,N21,n,2.0NRT,4.33,D,0.38,0.43,,,,,,firms,VIIRS,VIIRS_NOAA21_NRT
-3.29694,102.15954,2025-05-17,618,N21,n,2.0NRT,6.13,D,0.4,0.45,,,,,,firms,VIIRS,VIIRS_NOAA21_NRT
-3.07807,101.78997,2025-05-17,618,N21,n,2.0NRT,7.92,D,0.42,0.45,,,,,,firms,VIIRS,VIIRS_NOAA21_NRT
-2.96195,101.78531,2025-05-17,618,N21,n,2.0NRT,60.09,D,0.42,0.45,,,,,,firms,VIIRS,VIIRS_NOAA21_NRT
-2.95818,101.75392,2025-05-17,618,N21,n,2.0NRT,5.37,D,0.42,0.46,,,,,,firms,VIIRS,VIIRS_NOAA21_NRT
-2.92007,101.75269,2025-05-17,618,N21,n,2.0NRT,27.84,D,0.42,0.45,,,,,,firms,VIIRS,VIIRS_NOAA21_NRT
-2.91952,101.75643,2025-05-17,618,N21,n,2.0NRT,8.94,D,0.42,0.45,,,,,,firms,VIIRS,VIIRS_NOAA21_NRT
-2.47886,101.17104,2025-05-17,618,N21,n,2.0NRT,2.49,D,0.46,0.47,,,,,,firms,VIIRS,VIIRS_NOAA21_NRT
-2.42226,101.2871,2025-05-17,618,N21,n,2.0NRT,4.89,D,0.45,0.47,,,,,,firms,VIIRS,VIIRS_NOAA21_NRT
-2.41868,101.28625,2025-05-17,618,N21,n,2.0NRT,2.09,D,0.45,0.47,,,,,,firms,VIIRS,VIIRS_NOAA21_NRT
-2.32265,101.03576,2025-05-17,618,N21,n,2.0NRT,6.31,D,0.46,0.47,,,,,,firms,VIIRS,VIIRS_NOAA21_NRT
-2.25406,103.49056,2025-05-17,618,N21,n,2.0NRT,5.64,D,0.49,0.4,,,,,,firms,VIIRS,VIIRS_NOAA21_NRT
-2.22517,101.02277,2025-05-17,618,N21,n,2.0NRT,5.2,D,0.46,0.47,,,,,,firms,VIIRS,VIIRS_NOAA21_NRT
-2.20853,100.98667,2025-05-17,618,N21,n,2.0NRT,3.88,D,0.46,0.47,,,,,,firms,VIIRS,VIIRS_NOAA21_NRT
-2.2079,100.99081,2025-05-17,618,N21,n,2.0NRT,3.68,D,0.46,0.47,,,,,,firms,VIIRS,VIIRS_NOAA21_NRT
-2.16324,115.58266,2025-05-17,618,N21,n,2.0NRT,2.28,D,0.34,0.56,,,,,,firms,VIIRS,VIIRS_NOAA21_NRT
-2.16146,115.58148,2025-05-17,618,N21,n,2.0NRT,4.49,D,0.34,0.56,,,,,,firms,VIIRS,VIIRS_NOAA21_NRT
-2.06254,115.5714,2025-05-17,618,N21,n,2.0NRT,2.81,D,0.34,0.56,,,,,,firms,VIIRS,VIIRS_NOAA21_NRT
-1.91407,102.55541,2025-05-17,618,N21,n,2.0NRT,24.51,D,0.55,0.43,,,,,,firms,VIIRS,VIIRS_NOAA21_NRT
-1.43228,100.60895,2025-05-17,618,N21,n,2.0NRT,21.22,D,0.48,0.48,,,,,,firms,VIIRS,VIIRS_NOAA21_NRT
-1.42813,100.60838,2025-05-17,618,N21,n,2.0NRT,21.44,D,0.48,0.48,,,,,,firms,VIIRS,VIIRS_NOAA21_NRT
-1.42784,100.60857,2025-05-17,618,N21,n,2.0NRT,21.22,D,0.48,0.48,,,,,,firms,VIIRS,VIIRS_NOAA21_NRT
-1.42743,100.61311,2025-05-17,618,N21,n,2.0NRT,21.44,D,0.48,0.48,,,,,,firms,VIIRS,VIIRS_NOAA21_NRT
-0.68769,117.49764,2025-05-17,618,N21,n,2.0NRT,11.79,D,0.48,0.65,,,,,,firms,VIIRS,VIIRS_NOAA21_NRT
-0.687,117.50193,2025-05-17,618,N21,n,2.0NRT,11.79,D,0.48,0.65,,,,,,firms,VIIRS,VIIRS_NOAA21_NRT
-0.48018,103.06928,2025-05-17,618,N21,n,2.0NRT,6.71,D,0.49,0.4,,,,,,firms,VIIRS,VIIRS_NOAA21_NRT
-0.4474,116.28436,2025-05-17,618,N21,n,2.0NRT,4.0,D,0.4,0.6,,,,,,firms,VIIRS,VIIRS_NOAA21_NRT
-0.44714,116.28393,2025-05-17,618,N21,n,2.0NRT,2.6,D,0.4,0.6,,,,,,firms,VIIRS,VIIRS_NOAA21_NRT
0.14382,100.76706,2025-05-17,618,N21,n,2.0NRT,4.64,D,0.44,0.46,,,,,,firms,VIIRS,VIIRS_NOAA21_NRT
0.2188,100.77608,2025-05-17,618,N21,n,2.0NRT,1.66,D,0.44,0.46,,,,,,firms,VIIRS,VIIRS_NOAA21_NRT
0.55284,109.9627,2025-05-17,618,N21,n,2.0NRT,2.7,D,0.48,0.4,,,,,,firms,VIIRS,VIIRS_NOAA21_NRT
1.78698,109.35736,2025-05-17,618,N21,n,2.0NRT,6.91,D,0.46,0.39,,,,,,firms,VIIRS,VIIRS_NOAA21_NRT
0.67164,100.33884,2025-05-17,620,N21,n,2.0NRT,5.82,D,0.47,0.47,,,,,,firms,VIIRS,VIIRS_NOAA21_NRT
0.83402,100.52711,2025-05-17,620,N21,n,2.0NRT,2.35,D,0.45,0.47,,,,,,firms,VIIRS,VIIRS_NOAA21_NRT
1.37055,100.51861,2025-05-17,620,N21,n,2.0NRT,8.13,D,0.44,0.46,,,,,,firms,VIIRS,VIIRS_NOAA21_NRT
1.3707,100.51951,2025-05-17,620,N21,n,2.0NRT,8.47,D,0.44,0.46,,,,,,firms,VIIRS,VIIRS_NOAA21_NRT
1.51595,101.34985,2025-05-17,620,N21,n,2.0NRT,3.05,D,0.39,0.44,,,,,,firms,VIIRS,VIIRS_NOAA21_NRT
1.67293,101.47646,2025-05-17,620,N21,n,2.0NRT,4.68,D,0.57,0.43,,,,,,firms,VIIRS,VIIRS_NOAA21_NRT
1.78991,101.24199,2025-05-17,620,N21,n,2.0NRT,20.57,D,0.39,0.44,,,,,,firms,VIIRS,VIIRS_NOAA21_NRT
1.79044,101.24544,2025-05-17,620,N21,h,2.0NRT,23.13,D,0.39,0.44,,,,,,firms,VIIRS,VIIRS_NOAA21_NRT
2.26408,99.38356,2025-05-17,620,N21,n,2.0NRT,7.01,D,0.51,0.49,,,,,,firms,VIIRS,VIIRS_NOAA21_NRT
2.26614,99.38345,2025-05-17,620,N21,n,2.0NRT,7.58,D,0.51,0.49,,,,,,firms,VIIRS,VIIRS_NOAA21_NRT
2.59298,99.38112,2025-05-17,620,N21,n,2.0NRT,4.74,D,0.51,0.49,,,,,,firms,VIIRS,VIIRS_NOAA21_NRT
2.5953,99.38127,2025-05-17,620,N21,n,2.0NRT,5.61,D,0.5,0.49,,,,,,firms,VIIRS,VIIRS_NOAA21_NRT
2.73093,101.55189,2025-05-17,620,N21,n,2.0NRT,6.25,D,0.55,0.42,,,,,,firms,VIIRS,VIIRS_NOAA21_NRT
2.73559,101.55614,2025-05-17,620,N21,n,2.0NRT,6.25,D,0.55,0.42,,,,,,firms,VIIRS,VIIRS_NOAA21_NRT
2.7735,112.15906,2025-05-17,620,N21,n,2.0NRT,8.21,D,0.47,0.48,,,,,,firms,VIIRS,VIIRS_NOAA21_NRT
2.77785,112.15841,2025-05-17,620,N21,n,2.0NRT,8.21,D,0.47,0.48,,,,,,firms,VIIRS,VIIRS_NOAA21_NRT
3.05006,101.38409,2025-05-17,620,N21,n,2.0NRT,8.58,D,0.55,0.43,,,,,,firms,VIIRS,VIIRS_NOAA21_NRT
3.26826,113.34062,2025-05-17,620,N21,n,2.0NRT,16.47,D,0.57,0.52,,,,,,firms,VIIRS,VIIRS_NOAA21_NRT
3.26903,113.34579,2025-05-17,620,N21,n,2.0NRT,11.48,D,0.57,0.52,,,,,,firms,VIIRS,VIIRS_NOAA21_NRT
3.27844,113.06699,2025-05-17,620,N21,n,2.0NRT,15.43,D,0.55,0.51,,,,,,firms,VIIRS,VIIRS_NOAA21_NRT
3.27979,113.06339,2025-05-17,620,N21,n,2.0NRT,3.82,D,0.55,0.51,,,,,,firms,VIIRS,VIIRS_NOAA21_NRT
3.28818,113.08717,2025-05-17,620,N21,n,2.0NRT,10.75,D,0.55,0.51,,,,,,firms,VIIRS,VIIRS_NOAA21_NRT
3.48755,101.47564,2025-05-17,620,N21,n,2.0NRT,8.63,D,0.54,0.42,,,,,,firms,VIIRS,VIIRS_NOAA21_NRT
3.48831,101.48035,2025-05-17,620,N21,l,2.0NRT,7.56,D,0.54,0.42,,,,,,firms,VIIRS,VIIRS_NOAA21_NRT
3.49294,101.48461,2025-05-17,620,N21,l,2.0NRT,7.56,D,0.54,0.42,,,,,,firms,VIIRS,VIIRS_NOAA21_NRT
3.9789,116.83484,2025-05-17,620,N21,n,2.0NRT,4.34,D,0.51,0.66,,,,,,firms,VIIRS,VIIRS_NOAA21_NRT
4.26396,117.25262,2025-05-17,620,N21,n,2.0NRT,6.22,D,0.56,0.68,,,,,,firms,VIIRS,VIIRS_NOAA21_NRT
4.85906,100.69951,2025-05-17,620,N21,n,2.0NRT,4.45,D,0.57,0.43,,,,,,firms,VIIRS,VIIRS_NOAA21_NRT
4.8601,100.69961,2025-05-17,620,N21,n,2.0NRT,5.39,D,0.38,0.43,,,,,,firms,VIIRS,VIIRS_NOAA21_NRT
5.01134,115.50018,2025-05-17,620,N21,n,2.0NRT,6.52,D,0.43,0.62,,,,,,firms,VIIRS,VIIRS_NOAA21_NRT
5.01414,115.49924,2025-05-17,620,N21,n,2.0NRT,7.62,D,0.43,0.62,,,,,,firms,VIIRS,VIIRS_NOAA21_NRT
5.64364,105.04274,2025-05-17,620,N21,n,2.0NRT,1.92,D,0.38,0.36,,,,,,firms,VIIRS,VIIRS_NOAA21_NRT
5.67419,100.97604,2025-05-17,620,N21,n,2.0NRT,2.79,D,0.54,0.42,,,,,,firms,VIIRS,VIIRS_NOAA21_NRT
5.87409,114.29971,2025-05-17,620,N21,n,2.0NRT,3.92,D,0.37,0.58,,,,,,firms,VIIRS,VIIRS_NOAA21_NRT
-2.83599,122.18148,2025-05-17,1717,N21,n,2.0NRT,1.47,N,0.39,0.36,,,,,,firms,VIIRS,VIIRS_NOAA21_NRT
-2.58534,121.37988,2025-05-17,1717,N21,n,2.0NRT,0.9,N,0.38,0.36,,,,,,firms,VIIRS,VIIRS_NOAA21_NRT
-2.5848,121.37645,2025-05-17,1717,N21,n,2.0NRT,0.9,N,0.38,0.36,,,,,,firms,VIIRS,VIIRS_NOAA21_NRT
-2.58427,121.37302,2025-05-17,1717,N21,n,2.0NRT,0.85,N,0.38,0.36,,,,,,firms,VIIRS,VIIRS_NOAA21_NRT
-2.58373,121.36959,2025-05-17,1717,N21,n,2.0NRT,0.85,N,0.38,0.36,,,,,,firms,VIIRS,VIIRS_NOAA21_NRT
-2.58258,121.38383,2025-05-17,1717,N21,n,2.0NRT,0.58,N,0.38,0.36,,,,,,firms,VIIRS,VIIRS_NOAA21_NRT
-2.58204,121.3804,2025-05-17,1717,N21,n,2.0NRT,1.06,N,0.38,0.36,,,,,,firms,VIIRS,VIIRS_NOAA21_NRT
-2.58151,121.37695,2025-05-17,1717,N21,n,2.0NRT,1.06,N,0.38,0.36,,,,,,firms,VIIRS,VIIRS_NOAA21_NRT
-2.58097,121.37353,2025-05-17,1717,N21,n,2.0NRT,1.55,N,0.38,0.36,,,,,,firms,VIIRS,VIIRS_NOAA21_NRT
-2.58044,121.3701,2025-05-17,1717,N21,n,2.0NRT,1.55,N,0.38,0.36,,,,,,firms,VIIRS,VIIRS_NOAA21_NRT
-2.57928,121.38433,2025-05-17,1717,N21,n,2.0NRT,0.58,N,0.38,0.36,,,,,,firms,VIIRS,VIIRS_NOAA21_NRT
-2.57875,121.38091,2025-05-17,1717,N21,n,2.0NRT,1.06,N,0.38,0.36,,,,,,firms,VIIRS,VIIRS_NOAA21_NRT
-2.57821,121.37747,2025-05-17,1717,N21,n,2.0NRT,1.06,N,0.38,0.36,,,,,,firms,VIIRS,VIIRS_NOAA21_NRT
-2.57768,121.37403,2025-05-17,1717,N21,n,2.0NRT,1.55,N,0.38,0.36,,,,,,firms,VIIRS,VIIRS_NOAA21_NRT
-2.57714,121.37061,2025-05-17,1717,N21,n,2.0NRT,1.55,N,0.38,0.36,,,,,,firms,VIIRS,VIIRS_NOAA21_NRT
-2.57661,121.36717,2025-05-17,1717,N21,n,2.0NRT,0.9,N,0.38,0.36,,,,,,firms,VIIRS,VIIRS_NOAA21_NRT
-2.57599,121.38483,2025-05-17,1717,N21,n,2.0NRT,1.18,N,0.38,0.36,,,,,,firms,VIIRS,VIIRS_NOAA21_NRT
-2.57545,121.38141,2025-05-17,1717,N21,n,2.0NRT,0.55,N,0.38,0.36,,,,,,firms,VIIRS,VIIRS_NOAA21_NRT
-2.57492,121.37797,2025-05-17,1717,N21,n,2.0NRT,0.55,N,0.38,0.36,,,,,,firms,VIIRS,VIIRS_NOAA21_NRT
-2.57438,121.37453,2025-05-17,1717,N21,n,2.0NRT,1.2,N,0.38,0.36,,,,,,firms,VIIRS,VIIRS_NOAA21_NRT
-1.45538,114.58539,2025-05-17,1717,N21,n,2.0NRT,1.33,N,0.51,0.5,,,,,,firms,VIIRS,VIIRS_NOAA21_NRT
-0.69172,117.49747,2025-05-17,1717,N21,n,2.0NRT,16.57,N,0.52,0.41,,,,,,firms,VIIRS,VIIRS_NOAA21_NRT
-0.68794,117.49808,2025-05-17,1717,N21,n,2.0NRT,4.14,N,0.52,0.41,,,,,,firms,VIIRS,VIIRS_NOAA21_NRT
-0.58093,117.38385,2025-05-17,1717,N21,n,2.0NRT,1.57,N,0.53,0.42,,,,,,firms,VIIRS,VIIRS_NOAA21_NRT
1.69778,127.87875,2025-05-17,1717,N21,n,2.0NRT,3.53,N,0.44,0.46,,,,,,firms,VIIRS,VIIRS_NOAA21_NRT
1.69837,127.87503,2025-05-17,1717,N21,n,2.0NRT,6.54,N,0.44,0.46,,,,,,firms,VIIRS,VIIRS_NOAA21_NRT
2.77894,125.40938,2025-05-17,1717,N21,n,2.0NRT,3.03,N,0.46,0.39,,,,,,firms,VIIRS,VIIRS_NOAA21_NRT
3.6614,117.21711,2025-05-17,1717,N21,n,2.0NRT,0.84,N,0.41,0.45,,,,,,firms,VIIRS,VIIRS_NOAA21_NRT
-9.31092,119.90994,2025-05-17,1720,N21,n,2.0NRT,3.06,N,0.38,0.36,,,,,,firms,VIIRS,VIIRS_NOAA21_NRT
-8.53966,122.76711,2025-05-17,1720,N21,n,2.0NRT,0.9,N,0.46,0.39,,,,,,firms,VIIRS,VIIRS_NOAA21_NRT
-8.48045,118.2984,2025-05-17,1720,N21,n,2.0NRT,0.22,N,0.4,0.37,,,,,,firms,VIIRS,VIIRS_NOAA21_NRT
-2.06085,115.56983,2025-05-17,1720,N21,n,2.0NRT,1.32,N,0.43,0.46,,,,,,firms,VIIRS,VIIRS_NOAA21_NRT
-1.89629,115.86671,2025-05-17,1720,N21,n,2.0NRT,1.42,N,0.42,0.45,,,,,,firms,VIIRS,VIIRS_NOAA21_NRT
1.05943,101.27666,2025-05-17,1858,N21,n,2.0NRT,1.76,N,0.57,0.43,,,,,,firms,VIIRS,VIIRS_NOAA21_NRT
1.28215,101.08605,2025-05-17,1858,N21,n,2.0NRT,2.9,N,0.55,0.43,,,,,,firms,VIIRS,VIIRS_NOAA21_NRT
1.37549,104.16325,2025-05-17,1858,N21,n,2.0NRT,6.7,N,0.58,0.52,,,,,,firms,VIIRS,VIIRS_NOAA21_NRT
1.37629,104.15807,2025-05-17,1858,N21,n,2.0NRT,4.99,N,0.58,0.52,,,,,,firms,VIIRS,VIIRS_NOAA21_NRT
1.3764,104.15923,2025-05-17,1858,N21,n,2.0NRT,9.4,N,0.58,0.52,,,,,,firms,VIIRS,VIIRS_NOAA21_NRT
1.84443,100.96463,2025-05-17,1858,N21,n,2.0NRT,1.77,N,0.53,0.42,,,,,,firms,VIIRS,VIIRS_NOAA21_NRT
2.49213,100.25544,2025-05-17,1858,N21,n,2.0NRT,1.0,N,0.48,0.4,,,,,,firms,VIIRS,VIIRS_NOAA21_NRT
2.49577,100.25602,2025-05-17,1858,N21,n,2.0NRT,1.0,N,0.48,0.4,,,,,,firms,VIIRS,VIIRS_NOAA21_NRT
2.73796,102.39607,2025-05-17,1858,N21,n,2.0NRT,1.44,N,0.42,0.45,,,,,,firms,VIIRS,VIIRS_NOAA21_NRT
4.02214,103.34329,2025-05-17,1858,N21,n,2.0NRT,1.71,N,0.47,0.47,,,,,,firms,VIIRS,VIIRS_NOAA21_NRT
4.14283,105.10751,2025-05-17,1858,N21,n,2.0NRT,10.58,N,0.61,0.54,,,,,,firms,VIIRS,VIIRS_NOAA21_NRT
4.14586,105.10853,2025-05-17,1858,N21,n,2.0NRT,8.77,N,0.61,0.54,,,,,,firms,VIIRS,VIIRS_NOAA21_NRT
4.55475,103.45804,2025-05-17,1858,N21,n,2.0NRT,1.83,N,0.46,0.47,,,,,,firms,VIIRS,VIIRS_NOAA21_NRT
-3.80652,103.8188,2025-05-17,1900,N21,n,2.0NRT,0.68,N,0.33,0.55,,,,,,firms,VIIRS,VIIRS_NOAA21_NRT
-3.8061,103.81596,2025-05-17,1900,N21,n,2.0NRT,0.68,N,0.33,0.55,,,,,,firms,VIIRS,VIIRS_NOAA21_NRT
-3.40852,104.14584,2025-05-17,1900,N21,n,2.0NRT,1.35,N,0.35,0.56,,,,,,firms,VIIRS,VIIRS_NOAA21_NRT
-3.23065,103.94695,2025-05-17,1900,N21,n,2.0NRT,0.63,N,0.33,0.55,,,,,,firms,VIIRS,VIIRS_NOAA21_NRT
0.44141,101.89384,2025-05-17,1900,N21,n,2.0NRT,4.61,N,0.42,0.45,,,,,,firms,VIIRS,VIIRS_NOAA21_NRT
1.23487,97.64901,2025-05-17,1900,N21,n,2.0NRT,3.53,N,0.39,0.36,,,,,,firms,VIIRS,VIIRS_NOAA21_NRT
-2.94448,140.85393,2025-05-18,417,N21,n,2.0NRT,3.55,D,0.48,0.4,,,,,,firms,VIIRS,VIIRS_NOAA21_NRT
-2.71415,140.74467,2025-05-18,417,N21,n,2.0NRT,3.35,D,0.48,0.4,,,,,,firms,VIIRS,VIIRS_NOAA21_NRT
-2.47269,133.29575,2025-05-18,419,N21,n,2.0NRT,4.01,D,0.51,0.41,,,,,,firms,VIIRS,VIIRS_NOAA21_NRT
-8.62271,116.15044,2025-05-18,555,N21,n,2.0NRT,1.89,D,0.45,0.39,,,,,,firms,VIIRS,VIIRS_NOAA21_NRT
-8.40016,117.13197,2025-05-18,555,N21,n,2.0NRT,7.65,D,0.5,0.41,,,,,,firms,VIIRS,VIIRS_NOAA21_NRT
-8.30851,118.40884,2025-05-18,555,N21,n,2.0NRT,4.28,D,0.4,0.44,,,,,,firms,VIIRS,VIIRS_NOAA21_NRT
-8.10579,117.97321,2025-05-18,555,N21,n,2.0NRT,6.06,D,0.57,0.43,,,,,,firms,VIIRS,VIIRS_NOAA21_NRT
-7.79306,112.01353,2025-05-18,557,N21,n,2.0NRT,5.16,D,0.39,0.36,,,,,,firms,VIIRS,VIIRS_NOAA21_NRT
-7.5485,112.26085,2025-05-18,557,N21,n,2.0NRT,1.95,D,0.39,0.36,,,,,,firms,VIIRS,VIIRS_NOAA21_NRT
-6.8931,109.79577,2025-05-18,557,N21,n,2.0NRT,1.36,D,0.46,0.39,,,,,,firms,VIIRS,VIIRS_NOAA21_NRT
-6.55021,108.09348,2025-05-18,557,N21,n,2.0NRT,3.14,D,0.57,0.43,,,,,,firms,VIIRS,VIIRS_NOAA21_NRT
-6.54666,108.09602,2025-05-18,557,N21,n,2.0NRT,4.9,D,0.57,0.43,,,,,,firms,VIIRS,VIIRS_NOAA21_NRT
-4.19969,102.68336,2025-05-18,557,N21,n,2.0NRT,7.37,D,0.41,0.6,,,,,,firms,VIIRS,VIIRS_NOAA21_NRT
-4.19461,102.68063,2025-05-18,557,N21,h,2.0NRT,10.93,D,0.41,0.6,,,,,,firms,VIIRS,VIIRS_NOAA21_NRT
-4.19414,102.68277,2025-05-18,557,N21,h,2.0NRT,7.37,D,0.41,0.6,,,,,,firms,VIIRS,VIIRS_NOAA21_NRT
-3.82763,103.49099,2025-05-18,557,N21,n,2.0NRT,8.19,D,0.35,0.57,,,,,,firms,VIIRS,VIIRS_NOAA21_NRT
-3.82718,103.49403,2025-05-18,557,N21,h,2.0NRT,8.19,D,0.35,0.57,,,,,,firms,VIIRS,VIIRS_NOAA21_NRT
-3.80535,103.81911,2025-05-18,557,N21,n,2.0NRT,4.53,D,0.33,0.56,,,,,,firms,VIIRS,VIIRS_NOAA21_NRT
-3.7282,103.72076,2025-05-18,557,N21,n,2.0NRT,3.75,D,0.34,0.56,,,,,,firms,VIIRS,VIIRS_NOAA21_NRT
-3.72622,103.71954,2025-05-18,557,N21,n,2.0NRT,5.0,D,0.34,0.56,,,,,,firms,VIIRS,VIIRS_NOAA21_NRT
-3.72354,103.71703,2025-05-18,557,N21,n,2.0NRT,2.92,D,0.34,0.56,,,,,,firms,VIIRS,VIIRS_NOAA21_NRT
-3.68426,102.31435,2025-05-18,557,N21,n,2.0NRT,8.07,D,0.42,0.61,,,,,,firms,VIIRS,VIIRS_NOAA21_NRT
-3.6837,102.31818,2025-05-18,557,N21,n,2.0NRT,8.61,D,0.42,0.61,,,,,,firms,VIIRS,VIIRS_NOAA21_NRT
-2.87343,101.60515,2025-05-18,557,N21,n,2.0NRT,5.01,D,0.46,0.64,,,,,,firms,VIIRS,VIIRS_NOAA21_NRT
-2.87149,112.24166,2025-05-18,557,N21,n,2.0NRT,7.81,D,0.38,0.36,,,,,,firms,VIIRS,VIIRS_NOAA21_NRT
-2.85514,110.44614,2025-05-18,557,N21,n,2.0NRT,7.87,D,0.4,0.37,,,,,,firms,VIIRS,VIIRS_NOAA21_NRT
-2.17117,114.94744,2025-05-18,557,N21,n,2.0NRT,6.77,D,0.46,0.39,,,,,,firms,VIIRS,VIIRS_NOAA21_NRT
-2.11103,115.21208,2025-05-18,557,N21,n,2.0NRT,11.1,D,0.48,0.4,,,,,,firms,VIIRS,VIIRS_NOAA21_NRT
-1.87688,111.8782,2025-05-18,557,N21,n,2.0NRT,2.11,D,0.38,0.36,,,,,,firms,VIIRS,VIIRS_NOAA21_NRT
-1.74148,111.18098,2025-05-18,557,N21,n,2.0NRT,5.1,D,0.39,0.36,,,,,,firms,VIIRS,VIIRS_NOAA21_NRT
-0.68875,117.49804,2025-05-18,557,N21,n,2.0NRT,22.22,D,0.45,0.47,,,,,,firms,VIIRS,VIIRS_NOAA21_NRT
-0.37832,116.14686,2025-05-18,557,N21,n,2.0NRT,3.85,D,0.56,0.43,,,,,,firms,VIIRS,VIIRS_NOAA21_NRT
-1.63903,105.56631,2025-05-18,559,N21,n,2.0NRT,10.14,D,0.47,0.48,,,,,,firms,VIIRS,VIIRS_NOAA21_NRT
-1.61604,105.57138,2025-05-18,559,N21,n,2.0NRT,10.02,D,0.47,0.48,,,,,,firms,VIIRS,VIIRS_NOAA21_NRT
-1.61437,105.57236,2025-05-18,559,N21,n,2.0NRT,9.98,D,0.47,0.48,,,,,,firms,VIIRS,VIIRS_NOAA21_NRT
-0.98744,103.33208,2025-05-18,559,N21,n,2.0NRT,2.45,D,0.33,0.55,,,,,,firms,VIIRS,VIIRS_NOAA21_NRT
-0.98689,103.33315,2025-05-18,559,N21,n,2.0NRT,3.12,D,0.33,0.55,,,,,,firms,VIIRS,VIIRS_NOAA21_NRT
0.22377,111.32034,2025-05-18,559,N21,n,2.0NRT,9.56,D,0.38,0.36,,,,,,firms,VIIRS,VIIRS_NOAA21_NRT
0.45725,110.84448,2025-05-18,559,N21,n,2.0NRT,5.26,D,0.39,0.36,,,,,,firms,VIIRS,VIIRS_NOAA21_NRT
0.97604,112.90948,2025-05-18,559,N21,n,2.0NRT,6.48,D,0.41,0.37,,,,,,firms,VIIRS,VIIRS_NOAA21_NRT
1.62845,110.49911,2025-05-18,559,N21,n,2.0NRT,3.59,D,0.39,0.36,,,,,,firms,VIIRS,VIIRS_NOAA21_NRT
3.27912,113.06661,2025-05-18,559,N21,n,2.0NRT,16.78,D,0.43,0.38,,,,,,firms,VIIRS,VIIRS_NOAA21_NRT
3.28551,113.08538,2025-05-18,559,N21,n,2.0NRT,6.04,D,0.43,0.38,,,,,,firms,VIIRS,VIIRS_NOAA21_NRT
3.28901,113.08488,2025-05-18,559,N21,n,2.0NRT,6.04,D,0.43,0.38,,,,,,firms,VIIRS,VIIRS_NOAA21_NRT
3.29017,113.09259,2025-05-18,559,N21,n,2.0NRT,3.48,D,0.43,0.38,,,,,,firms,VIIRS,VIIRS_NOAA21_NRT
4.14351,105.1077,2025-05-18,559,N21,n,2.0NRT,9.93,D,0.41,0.45,,,,,,firms,VIIRS,VIIRS_NOAA21_NRT
4.56686,103.45203,2025-05-18,601,N21,n,2.0NRT,3.98,D,0.52,0.5,,,,,,firms,VIIRS,VIIRS_NOAA21_NRT
0.48123,127.98969,2025-05-18,1658,N21,n,2.0NRT,3.56,N,0.4,0.37,,,,,,firms,VIIRS,VIIRS_NOAA21_NRT
0.48404,127.99374,2025-05-18,1658,N21,n,2.0NRT,3.24,N,0.4,0.37,,,,,,firms,VIIRS,VIIRS_NOAA21_NRT
0.48459,127.99018,2025-05-18,1658,N21,n,2.0NRT,3.24,N,0.4,0.37,,,,,,firms,VIIRS,VIIRS_NOAA21_NRT
0.48515,127.98661,2025-05-18,1658,N21,n,2.0NRT,2.59,N,0.4,0.37,,,,,,firms,VIIRS,VIIRS_NOAA21_NRT
0.48684,127.97582,2025-05-18,1658,N21,n,2.0NRT,1.92,N,0.4,0.37,,,,,,firms,VIIRS,VIIRS_NOAA21_NRT
0.48908,127.9835,2025-05-18,1658,N21,n,2.0NRT,2.59,N,0.4,0.37,,,,,,firms,VIIRS,VIIRS_NOAA21_NRT
0.49244,127.98399,2025-05-18,1658,N21,n,2.0NRT,1.17,N,0.4,0.37,,,,,,firms,VIIRS,VIIRS_NOAA21_NRT
0.5097,127.89564,2025-05-18,1658,N21,n,2.0NRT,1.11,N,0.4,0.37,,,,,,firms,VIIRS,VIIRS_NOAA21_NRT
0.51025,127.89211,2025-05-18,1658,N21,n,2.0NRT,1.11,N,0.4,0.37,,,,,,firms,VIIRS,VIIRS_NOAA21_NRT
1.49276,127.63785,2025-05-18,1658,N21,n,2.0NRT,7.31,N,0.39,0.36,,,,,,firms,VIIRS,VIIRS_NOAA21_NRT
1.49331,127.63435,2025-05-18,1658,N21,n,2.0NRT,7.31,N,0.39,0.36,,,,,,firms,VIIRS,VIIRS_NOAA21_NRT
1.49386,127.6309,2025-05-18,1658,N21,n,2.0NRT,5.97,N,0.39,0.36,,,,,,firms,VIIRS,VIIRS_NOAA21_NRT
1.49607,127.63838,2025-05-18,1658,N21,n,2.0NRT,7.31,N,0.39,0.36,,,,,,firms,VIIRS,VIIRS_NOAA21_NRT
1.49662,127.63491,2025-05-18,1658,N21,n,2.0NRT,7.31,N,0.39,0.36,,,,,,firms,VIIRS,VIIRS_NOAA21_NRT
1.69973,127.88012,2025-05-18,1658,N21,n,2.0NRT,0.47,N,0.39,0.36,,,,,,firms,VIIRS,VIIRS_NOAA21_NRT
1.70028,127.87665,2025-05-18,1658,N21,n,2.0NRT,5.67,N,0.39,0.36,,,,,,firms,VIIRS,VIIRS_NOAA21_NRT
-2.94463,115.23261,2025-05-18,1700,N21,n,2.0NRT,0.93,N,0.47,0.64,,,,,,firms,VIIRS,VIIRS_NOAA21_NRT
-2.94439,115.23446,2025-05-18,1700,N21,n,2.0NRT,0.62,N,0.47,0.64,,,,,,firms,VIIRS,VIIRS_NOAA21_NRT
-2.21348,115.50183,2025-05-18,1700,N21,n,2.0NRT,2.91,N,0.46,0.64,,,,,,firms,VIIRS,VIIRS_NOAA21_NRT
-2.2128,115.49763,2025-05-18,1700,N21,n,2.0NRT,3.41,N,0.46,0.64,,,,,,firms,VIIRS,VIIRS_NOAA21_NRT
-2.16641,115.5768,2025-05-18,1700,N21,n,2.0NRT,0.99,N,0.46,0.63,,,,,,firms,VIIRS,VIIRS_NOAA21_NRT
-2.16561,115.57583,2025-05-18,1700,N21,n,2.0NRT,2.06,N,0.46,0.63,,,,,,firms,VIIRS,VIIRS_NOAA21_NRT
-2.16132,115.58184,2025-05-18,1700,N21,n,2.0NRT,0.99,N,0.46,0.63,,,,,,firms,VIIRS,VIIRS_NOAA21_NRT
-2.16112,115.58483,2025-05-18,1700,N21,n,2.0NRT,1.31,N,0.46,0.63,,,,,,firms,VIIRS,VIIRS_NOAA21_NRT
-2.06378,115.57075,2025-05-18,1700,N21,n,2.0NRT,1.4,N,0.46,0.64,,,,,,firms,VIIRS,VIIRS_NOAA21_NRT
-1.89257,115.86896,2025-05-18,1700,N21,n,2.0NRT,1.18,N,0.44,0.62,,,,,,firms,VIIRS,VIIRS_NOAA21_NRT
-1.89192,115.86506,2025-05-18,1700,N21,n,2.0NRT,1.18,N,0.44,0.62,,,,,,firms,VIIRS,VIIRS_NOAA21_NRT
-1.88981,115.86491,2025-05-18,1700,N21,n,2.0NRT,0.99,N,0.44,0.62,,,,,,firms,VIIRS,VIIRS_NOAA21_NRT
-1.81982,136.75148,2025-05-18,1700,N21,n,2.0NRT,0.92,N,0.49,0.65,,,,,,firms,VIIRS,VIIRS_NOAA21_NRT
-1.56767,127.4298,2025-05-18,1700,N21,n,2.0NRT,0.55,N,0.4,0.37,,,,,,firms,VIIRS,VIIRS_NOAA21_NRT
-1.56377,127.4268,2025-05-18,1700,N21,n,2.0NRT,0.69,N,0.4,0.37,,,,,,firms,VIIRS,VIIRS_NOAA21_NRT
-1.45985,127.43607,2025-05-18,1700,N21,n,2.0NRT,4.54,N,0.4,0.37,,,,,,firms,VIIRS,VIIRS_NOAA21_NRT
-1.4565,127.43661,2025-05-18,1700,N21,n,2.0NRT,2.14,N,0.4,0.37,,,,,,firms,VIIRS,VIIRS_NOAA21_NRT
-0.8463,117.26527,2025-05-18,1700,N21,n,2.0NRT,1.22,N,0.37,0.58,,,,,,firms,VIIRS,VIIRS_NOAA21_NRT
-0.58562,117.3859,2025-05-18,1700,N21,n,2.0NRT,0.64,N,0.36,0.58,,,,,,firms,VIIRS,VIIRS_NOAA21_NRT
-0.58036,117.3867,2025-05-18,1700,N21,n,2.0NRT,2.09,N,0.36,0.58,,,,,,firms,VIIRS,VIIRS_NOAA21_NRT
0.68744,117.46825,2025-05-18,1700,N21,n,2.0NRT,1.16,N,0.38,0.58,,,,,,firms,VIIRS,VIIRS_NOAA21_NRT
0.69222,117.54342,2025-05-18,1700,N21,n,2.0NRT,1.64,N,0.37,0.58,,,,,,firms,VIIRS,VIIRS_NOAA21_NRT
-8.27383,123.50799,2025-05-18,1702,N21,n,2.0NRT,3.77,N,0.39,0.36,,,,,,firms,VIIRS,VIIRS_NOAA21_NRT
-8.27328,123.50453,2025-05-18,1702,N21,n,2.0NRT,3.77,N,0.39,0.36,,,,,,firms,VIIRS,VIIRS_NOAA21_NRT
5.37099,104.89769,2025-05-18,1838,N21,n,2.0NRT,1.13,N,0.44,0.38,,,,,,firms,VIIRS,VIIRS_NOAA21_NRT
5.51915,105.67024,2025-05-18,1838,N21,n,2.0NRT,1.35,N,0.48,0.4,,,,,,firms,VIIRS,VIIRS_NOAA21_NRT
5.64524,104.97942,2025-05-18,1838,N21,n,2.0NRT,3.65,N,0.44,0.38,,,,,,firms,VIIRS,VIIRS_NOAA21_NRT
5.93671,102.10667,2025-05-18,1838,N21,n,2.0NRT,0.72,N,0.38,0.36,,,,,,firms,VIIRS,VIIRS_NOAA21_NRT
-6.00962,105.98387,2025-05-18,1841,N21,n,2.0NRT,1.08,N,0.47,0.48,,,,,,firms,VIIRS,VIIRS_NOAA21_NRT
2.7393,102.39438,2025-05-18,1841,N21,n,2.0NRT,0.35,N,0.39,0.36,,,,,,firms,VIIRS,VIIRS_NOAA21_NRT
4.00149,103.3465,2025-05-18,1841,N21,n,2.0NRT,1.76,N,0.4,0.37,,,,,,firms,VIIRS,VIIRS_NOAA21_NRT
4.285,103.43136,2025-05-18,1841,N21,n,2.0NRT,1.25,N,0.4,0.37,,,,,,firms,VIIRS,VIIRS_NOAA21_NRT
4.28556,103.4278,2025-05-18,1841,N21,n,2.0NRT,0.98,N,0.4,0.37,,,,,,firms,VIIRS,VIIRS_NOAA21_NRT
4.55594,103.45912,2025-05-18,1841,N21,n,2.0NRT,2.34,N,0.4,0.37,,,,,,firms,VIIRS,VIIRS_NOAA21_NRT
4.99762,102.27478,2025-05-18,1841,N21,n,2.0NRT,0.86,N,0.38,0.36,,,,,,firms,VIIRS,VIIRS_NOAA21_NRT
-3.69503,138.67657,2025-05-19,357,N21,n,2.0NRT,2.1,D,0.49,0.4,,,,,,firms,VIIRS,VIIRS_NOAA21_NRT
-3.69427,138.67477,2025-05-19,357,N21,n,2.0NRT,4.12,D,0.49,0.4,,,,,,firms,VIIRS,VIIRS_NOAA21_NRT
-2.47484,133.29626,2025-05-19,357,N21,n,2.0NRT,2.82,D,0.35,0.57,,,,,,firms,VIIRS,VIIRS_NOAA21_NRT
-1.81814,136.75014,2025-05-19,357,N21,n,2.0NRT,4.03,D,0.4,0.44,,,,,,firms,VIIRS,VIIRS_NOAA21_NRT
-10.11863,123.88417,2025-05-19,538,N21,n,2.0NRT,1.65,D,0.42,0.45,,,,,,firms,VIIRS,VIIRS_NOAA21_NRT
-9.43261,119.87309,2025-05-19,538,N21,n,2.0NRT,2.63,D,0.4,0.37,,,,,,firms,VIIRS,VIIRS_NOAA21_NRT
-9.4222,119.78552,2025-05-19,538,N21,n,2.0NRT,3.73,D,0.4,0.37,,,,,,firms,VIIRS,VIIRS_NOAA21_NRT
-9.41524,119.7766,2025-05-19,538,N21,n,2.0NRT,7.42,D,0.4,0.37,,,,,,firms,VIIRS,VIIRS_NOAA21_NRT
-9.41467,119.78027,2025-05-19,538,N21,n,2.0NRT,4.19,D,0.4,0.37,,,,,,firms,VIIRS,VIIRS_NOAA21_NRT
-9.41356,119.76514,2025-05-19,538,N21,n,2.0NRT,7.89,D,0.4,0.37,,,,,,firms,VIIRS,VIIRS_NOAA21_NRT
-8.91819,116.45886,2025-05-19,538,N21,n,2.0NRT,2.06,D,0.41,0.37,,,,,,firms,VIIRS,VIIRS_NOAA21_NRT
-8.77043,118.40462,2025-05-19,538,N21,n,2.0NRT,4.3,D,0.38,0.36,,,,,,firms,VIIRS,VIIRS_NOAA21_NRT
-8.71269,118.27093,2025-05-19,538,N21,n,2.0NRT,2.31,D,0.38,0.36,,,,,,firms,VIIRS,VIIRS_NOAA21_NRT
-8.67225,117.75547,2025-05-19,538,N21,n,2.0NRT,3.65,D,0.38,0.36,,,,,,firms,VIIRS,VIIRS_NOAA21_NRT
-8.45499,118.66474,2025-05-19,538,N21,n,2.0NRT,3.5,D,0.39,0.36,,,,,,firms,VIIRS,VIIRS_NOAA21_NRT
-8.38786,117.11916,2025-05-19,538,N21,n,2.0NRT,5.78,D,0.39,0.36,,,,,,firms,VIIRS,VIIRS_NOAA21_NRT
-8.316,117.82016,2025-05-19,538,N21,n,2.0NRT,3.38,D,0.38,0.36,,,,,,firms,VIIRS,VIIRS_NOAA21_NRT
-2.50271,115.27751,2025-05-19,540,N21,n,2.0NRT,1.8,D,0.4,0.37,,,,,,firms,VIIRS,VIIRS_NOAA21_NRT
-1.07451,113.59615,2025-05-19,540,N21,n,2.0NRT,3.65,D,0.45,0.39,,,,,,firms,VIIRS,VIIRS_NOAA21_NRT
-0.90045,114.8487,2025-05-19,540,N21,n,2.0NRT,9.03,D,0.4,0.37,,,,,,firms,VIIRS,VIIRS_NOAA21_NRT
-0.58119,117.38606,2025-05-19,540,N21,n,2.0NRT,3.16,D,0.39,0.37,,,,,,firms,VIIRS,VIIRS_NOAA21_NRT
-0.41474,116.69373,2025-05-19,540,N21,n,2.0NRT,2.2,D,0.39,0.36,,,,,,firms,VIIRS,VIIRS_NOAA21_NRT
-0.39531,116.2446,2025-05-19,540,N21,n,2.0NRT,3.43,D,0.38,0.36,,,,,,firms,VIIRS,VIIRS_NOAA21_NRT
-0.39479,116.24802,2025-05-19,540,N21,n,2.0NRT,4.47,D,0.38,0.36,,,,,,firms,VIIRS,VIIRS_NOAA21_NRT
-0.2029,110.4316,2025-05-19,540,N21,n,2.0NRT,21.13,D,0.44,0.46,,,,,,firms,VIIRS,VIIRS_NOAA21_NRT
0.59698,110.55137,2025-05-19,540,N21,n,2.0NRT,3.67,D,0.42,0.45,,,,,,firms,VIIRS,VIIRS_NOAA21_NRT
0.6724,116.75726,2025-05-19,540,N21,n,2.0NRT,4.48,D,0.39,0.36,,,,,,firms,VIIRS,VIIRS_NOAA21_NRT
0.77991,116.905,2025-05-19,540,N21,n,2.0NRT,8.2,D,0.39,0.36,,,,,,firms,VIIRS,VIIRS_NOAA21_NRT
1.67109,110.40398,2025-05-19,540,N21,n,2.0NRT,2.45,D,0.41,0.45,,,,,,firms,VIIRS,VIIRS_NOAA21_NRT
2.97589,112.41988,2025-05-19,542,N21,n,2.0NRT,5.0,D,0.46,0.39,,,,,,firms,VIIRS,VIIRS_NOAA21_NRT
2.98625,112.43919,2025-05-19,542,N21,n,2.0NRT,3.24,D,0.46,0.39,,,,,,firms,VIIRS,VIIRS_NOAA21_NRT
3.15082,113.08364,2025-05-19,542,N21,n,2.0NRT,4.24,D,0.43,0.38,,,,,,firms,VIIRS,VIIRS_NOAA21_NRT
3.25773,113.09441,2025-05-19,542,N21,n,2.0NRT,2.81,D,0.43,0.38,,,,,,firms,VIIRS,VIIRS_NOAA21_NRT
3.25831,113.09824,2025-05-19,542,N21,n,2.0NRT,2.81,D,0.43,0.38,,,,,,firms,VIIRS,VIIRS_NOAA21_NRT
3.27665,113.0642,2025-05-19,542,N21,n,2.0NRT,9.76,D,0.43,0.38,,,,,,firms,VIIRS,VIIRS_NOAA21_NRT
3.28656,113.0822,2025-05-19,542,N21,n,2.0NRT,9.34,D,0.43,0.38,,,,,,firms,VIIRS,VIIRS_NOAA21_NRT
3.28716,113.086,2025-05-19,542,N21,n,2.0NRT,9.34,D,0.43,0.38,,,,,,firms,VIIRS,VIIRS_NOAA21_NRT
3.29181,113.09309,2025-05-19,542,N21,n,2.0NRT,6.41,D,0.43,0.38,,,,,,firms,VIIRS,VIIRS_NOAA21_NRT
3.54563,116.65384,2025-05-19,542,N21,n,2.0NRT,2.52,D,0.4,0.37,,,,,,firms,VIIRS,VIIRS_NOAA21_NRT
3.71073,117.30634,2025-05-19,542,N21,n,2.0NRT,5.46,D,0.42,0.37,,,,,,firms,VIIRS,VIIRS_NOAA21_NRT
4.01664,117.10097,2025-05-19,542,N21,n,2.0NRT,6.36,D,0.41,0.37,,,,,,firms,VIIRS,VIIRS_NOAA21_NRT
-2.9242,101.74677,2025-05-19,720,N21,n,2.0NRT,7.47,D,0.45,0.63,,,,,,firms,VIIRS,VIIRS_NOAA21_NRT
-2.9184,101.74604,2025-05-19,720,N21,n,2.0NRT,7.47,D,0.45,0.63,,,,,,firms,VIIRS,VIIRS_NOAA21_NRT
-2.90654,101.67541,2025-05-19,720,N21,n,2.0NRT,3.67,D,0.45,0.63,,,,,,firms,VIIRS,VIIRS_NOAA21_NRT
-2.81475,101.51246,2025-05-19,720,N21,n,2.0NRT,4.74,D,0.44,0.62,,,,,,firms,VIIRS,VIIRS_NOAA21_NRT
-2.81351,101.51982,2025-05-19,720,N21,n,2.0NRT,25.08,D,0.44,0.62,,,,,,firms,VIIRS,VIIRS_NOAA21_NRT
-2.81289,101.52353,2025-05-19,720,N21,n,2.0NRT,21.68,D,0.44,0.62,,,,,,firms,VIIRS,VIIRS_NOAA21_NRT
-2.81264,101.5114,2025-05-19,720,N21,n,2.0NRT,4.31,D,0.44,0.62,,,,,,firms,VIIRS,VIIRS_NOAA21_NRT
-2.81145,101.51882,2025-05-19,720,N21,n,2.0NRT,24.07,D,0.44,0.62,,,,,,firms,VIIRS,VIIRS_NOAA21_NRT
-2.81085,101.52251,2025-05-19,720,N21,h,2.0NRT,27.41,D,0.44,0.62,,,,,,firms,VIIRS,VIIRS_NOAA21_NRT
-2.56863,101.19198,2025-05-19,720,N21,n,2.0NRT,3.57,D,0.42,0.61,,,,,,firms,VIIRS,VIIRS_NOAA21_NRT
-2.56005,102.00163,2025-05-19,720,N21,n,2.0NRT,6.36,D,0.48,0.65,,,,,,firms,VIIRS,VIIRS_NOAA21_NRT
-2.32747,100.90332,2025-05-19,720,N21,h,2.0NRT,12.51,D,0.41,0.6,,,,,,firms,VIIRS,VIIRS_NOAA21_NRT
-2.31901,100.92061,2025-05-19,720,N21,n,2.0NRT,5.13,D,0.41,0.6,,,,,,firms,VIIRS,VIIRS_NOAA21_NRT
-2.24134,101.05386,2025-05-19,720,N21,h,2.0NRT,10.44,D,0.42,0.61,,,,,,firms,VIIRS,VIIRS_NOAA21_NRT
-2.24011,101.05441,2025-05-19,720,N21,h,2.0NRT,13.33,D,0.42,0.61,,,,,,firms,VIIRS,VIIRS_NOAA21_NRT
-2.22024,101.04275,2025-05-19,720,N21,n,2.0NRT,5.36,D,0.42,0.61,,,,,,firms,VIIRS,VIIRS_NOAA21_NRT
-2.21964,101.04645,2025-05-19,720,N21,h,2.0NRT,10.51,D,0.42,0.61,,,,,,firms,VIIRS,VIIRS_NOAA21_NRT
-1.55275,101.11604,2025-05-19,722,N21,n,2.0NRT,5.62,D,0.43,0.62,,,,,,firms,VIIRS,VIIRS_NOAA21_NRT
-0.2086,99.81729,2025-05-19,722,N21,n,2.0NRT,4.58,D,0.37,0.58,,,,,,firms,VIIRS,VIIRS_NOAA21_NRT
0.4266,100.40529,2025-05-19,722,N21,n,2.0NRT,5.7,D,0.41,0.61,,,,,,firms,VIIRS,VIIRS_NOAA21_NRT
0.62033,100.04595,2025-05-19,722,N21,n,2.0NRT,2.99,D,0.39,0.6,,,,,,firms,VIIRS,VIIRS_NOAA21_NRT
1.04216,100.22129,2025-05-19,722,N21,h,2.0NRT,12.57,D,0.41,0.61,,,,,,firms,VIIRS,VIIRS_NOAA21_NRT
1.52738,100.98029,2025-05-19,722,N21,n,2.0NRT,4.91,D,0.47,0.64,,,,,,firms,VIIRS,VIIRS_NOAA21_NRT
1.56376,98.81764,2025-05-19,722,N21,n,2.0NRT,4.39,D,0.33,0.56,,,,,,firms,VIIRS,VIIRS_NOAA21_NRT
2.12341,98.34599,2025-05-19,722,N21,n,2.0NRT,16.51,D,0.63,0.54,,,,,,firms,VIIRS,VIIRS_NOAA21_NRT
-1.81832,136.74928,2025-05-19,1639,N21,n,2.0NRT,4.36,N,0.45,0.47,,,,,,firms,VIIRS,VIIRS_NOAA21_NRT
-1.81694,136.75006,2025-05-19,1639,N21,n,2.0NRT,4.1,N,0.46,0.47,,,,,,firms,VIIRS,VIIRS_NOAA21_NRT
-0.58503,117.38655,2025-05-19,1639,N21,n,2.0NRT,1.2,N,0.78,0.78,,,,,,firms,VIIRS,VIIRS_NOAA21_NRT
-0.58053,117.38714,2025-05-19,1639,N21,n,2.0NRT,1.8,N,0.78,0.78,,,,,,firms,VIIRS,VIIRS_NOAA21_NRT
0.50994,127.89343,2025-05-19,1639,N21,n,2.0NRT,1.18,N,0.48,0.4,,,,,,firms,VIIRS,VIIRS_NOAA21_NRT
1.49443,127.63613,2025-05-19,1639,N21,n,2.0NRT,2.92,N,0.51,0.41,,,,,,firms,VIIRS,VIIRS_NOAA21_NRT
1.49513,127.63156,2025-05-19,1639,N21,n,2.0NRT,11.12,N,0.51,0.41,,,,,,firms,VIIRS,VIIRS_NOAA21_NRT
1.70083,127.87856,2025-05-19,1639,N21,n,2.0NRT,2.46,N,0.5,0.41,,,,,,firms,VIIRS,VIIRS_NOAA21_NRT
-8.53932,122.76605,2025-05-19,1641,N21,n,2.0NRT,11.89,N,0.49,0.48,,,,,,firms,VIIRS,VIIRS_NOAA21_NRT
-8.53841,122.76086,2025-05-19,1641,N21,n,2.0NRT,8.84,N,0.49,0.48,,,,,,firms,VIIRS,VIIRS_NOAA21_NRT
-8.53481,122.76627,2025-05-19,1641,N21,n,2.0NRT,3.23,N,0.49,0.48,,,,,,firms,VIIRS,VIIRS_NOAA21_NRT
-8.53389,122.76106,2025-05-19,1641,N21,n,2.0NRT,2.35,N,0.49,0.48,,,,,,firms,VIIRS,VIIRS_NOAA21_NRT
-8.27278,123.50619,2025-05-19,1641,N21,n,2.0NRT,12.54,N,0.44,0.46,,,,,,firms,VIIRS,VIIRS_NOAA21_NRT
-2.59369,120.56693,2025-05-19,1641,N21,n,2.0NRT,0.57,N,0.43,0.62,,,,,,firms,VIIRS,VIIRS_NOAA21_NRT
-9.83044,123.78173,2025-05-19,1643,N21,n,2.0NRT,0.61,N,0.4,0.44,,,,,,firms,VIIRS,VIIRS_NOAA21_NRT
-9.82982,123.77818,2025-05-19,1643,N21,n,2.0NRT,0.61,N,0.4,0.44,,,,,,firms,VIIRS,VIIRS_NOAA21_NRT
-9.82638,123.7823,2025-05-19,1643,N21,n,2.0NRT,0.59,N,0.4,0.44,,,,,,firms,VIIRS,VIIRS_NOAA21_NRT
-3.41029,104.1457,2025-05-19,1821,N21,n,2.0NRT,1.0,N,0.39,0.36,,,,,,firms,VIIRS,VIIRS_NOAA21_NRT
-2.86871,101.64541,2025-05-19,1821,N21,n,2.0NRT,0.67,N,0.48,0.4,,,,,,firms,VIIRS,VIIRS_NOAA21_NRT
-2.18205,115.56976,2025-05-19,1821,N21,n,2.0NRT,1.03,N,0.45,0.63,,,,,,firms,VIIRS,VIIRS_NOAA21_NRT
-2.16895,115.56956,2025-05-19,1821,N21,n,2.0NRT,0.98,N,0.45,0.63,,,,,,firms,VIIRS,VIIRS_NOAA21_NRT
-2.16024,115.58121,2025-05-19,1821,N21,n,2.0NRT,5.74,N,0.45,0.63,,,,,,firms,VIIRS,VIIRS_NOAA21_NRT
-2.15868,115.57925,2025-05-19,1821,N21,n,2.0NRT,7.51,N,0.45,0.63,,,,,,firms,VIIRS,VIIRS_NOAA21_NRT
-2.06345,115.5704,2025-05-19,1821,N21,n,2.0NRT,1.51,N,0.45,0.63,,,,,,firms,VIIRS,VIIRS_NOAA21_NRT
-2.06196,115.57191,2025-05-19,1821,N21,n,2.0NRT,2.19,N,0.45,0.63,,,,,,firms,VIIRS,VIIRS_NOAA21_NRT
-1.96424,103.61317,2025-05-19,1821,N21,n,2.0NRT,0.66,N,0.41,0.37,,,,,,firms,VIIRS,VIIRS_NOAA21_NRT
-1.89239,115.86155,2025-05-19,1821,N21,n,2.0NRT,3.41,N,0.47,0.64,,,,,,firms,VIIRS,VIIRS_NOAA21_NRT
-1.89208,115.86016,2025-05-19,1821,N21,n,2.0NRT,3.44,N,0.47,0.64,,,,,,firms,VIIRS,VIIRS_NOAA21_NRT
-1.57469,103.68424,2025-05-19,1821,N21,n,2.0NRT,0.42,N,0.41,0.37,,,,,,firms,VIIRS,VIIRS_NOAA21_NRT
-1.56284,103.69728,2025-05-19,1821,N21,n,2.0NRT,1.06,N,0.41,0.37,,,,,,firms,VIIRS,VIIRS_NOAA21_NRT
-1.24831,116.81828,2025-05-19,1821,N21,n,2.0NRT,4.16,N,0.53,0.67,,,,,,firms,VIIRS,VIIRS_NOAA21_NRT
-1.2476,116.81368,2025-05-19,1821,N21,n,2.0NRT,4.34,N,0.53,0.67,,,,,,firms,VIIRS,VIIRS_NOAA21_NRT
-0.989,103.33236,2025-05-19,1821,N21,n,2.0NRT,0.51,N,0.43,0.38,,,,,,firms,VIIRS,VIIRS_NOAA21_NRT
-0.58236,117.38658,2025-05-19,1821,N21,n,2.0NRT,1.34,N,0.57,0.69,,,,,,firms,VIIRS,VIIRS_NOAA21_NRT
1.33971,104.18133,2025-05-19,1821,N21,n,2.0NRT,1.78,N,0.41,0.37,,,,,,firms,VIIRS,VIIRS_NOAA21_NRT
1.3731,100.52463,2025-05-19,1821,N21,n,2.0NRT,0.55,N,0.43,0.46,,,,,,firms,VIIRS,VIIRS_NOAA21_NRT
1.37785,104.1607,2025-05-19,1821,N21,n,2.0NRT,1.06,N,0.42,0.37,,,,,,firms,VIIRS,VIIRS_NOAA21_NRT
-6.18375,106.35578,2025-05-19,1824,N21,n,2.0NRT,0.93,N,0.41,0.37,,,,,,firms,VIIRS,VIIRS_NOAA21_NRT
-6.00345,105.9828,2025-05-19,1824,N21,n,2.0NRT,2.06,N,0.4,0.37,,,,,,firms,VIIRS,VIIRS_NOAA21_NRT
-2.72604,140.72185,2025-05-20,340,N21,n,2.0NRT,9.74,D,0.47,0.47,,,,,,firms,VIIRS,VIIRS_NOAA21_NRT
-2.72539,140.72623,2025-05-20,340,N21,n,2.0NRT,10.79,D,0.47,0.47,,,,,,firms,VIIRS,VIIRS_NOAA21_NRT
-2.55379,140.45705,2025-05-20,340,N21,n,2.0NRT,5.29,D,0.48,0.48,,,,,,firms,VIIRS,VIIRS_NOAA21_NRT
-1.81724,136.75169,2025-05-20,340,N21,n,2.0NRT,8.9,D,0.43,0.62,,,,,,firms,VIIRS,VIIRS_NOAA21_NRT
-9.80822,120.42434,2025-05-20,518,N21,n,2.0NRT,7.79,D,0.44,0.38,,,,,,firms,VIIRS,VIIRS_NOAA21_NRT
-9.80529,120.41984,2025-05-20,518,N21,n,2.0NRT,7.79,D,0.44,0.38,,,,,,firms,VIIRS,VIIRS_NOAA21_NRT
-9.80355,120.43166,2025-05-20,518,N21,n,2.0NRT,6.77,D,0.44,0.38,,,,,,firms,VIIRS,VIIRS_NOAA21_NRT
-9.39207,119.74989,2025-05-20,521,N21,n,2.0NRT,13.44,D,0.47,0.39,,,,,,firms,VIIRS,VIIRS_NOAA21_NRT
-8.43991,124.36505,2025-05-20,521,N21,n,2.0NRT,3.85,D,0.4,0.37,,,,,,firms,VIIRS,VIIRS_NOAA21_NRT
-8.36431,120.78437,2025-05-20,521,N21,n,2.0NRT,3.06,D,0.41,0.37,,,,,,firms,VIIRS,VIIRS_NOAA21_NRT
-8.22925,123.19942,2025-05-20,521,N21,n,2.0NRT,3.12,D,0.39,0.36,,,,,,firms,VIIRS,VIIRS_NOAA21_NRT
-2.67233,118.891,2025-05-20,521,N21,l,2.0NRT,6.87,D,0.44,0.38,,,,,,firms,VIIRS,VIIRS_NOAA21_NRT
-1.38092,122.48028,2025-05-20,521,N21,n,2.0NRT,3.08,D,0.4,0.37,,,,,,firms,VIIRS,VIIRS_NOAA21_NRT
0.32513,109.2618,2025-05-20,523,N21,n,2.0NRT,12.29,D,0.55,0.68,,,,,,firms,VIIRS,VIIRS_NOAA21_NRT
0.70761,122.57619,2025-05-20,523,N21,n,2.0NRT,19.28,D,0.41,0.37,,,,,,firms,VIIRS,VIIRS_NOAA21_NRT
0.75182,117.01973,2025-05-20,523,N21,n,2.0NRT,3.72,D,0.49,0.41,,,,,,firms,VIIRS,VIIRS_NOAA21_NRT
0.76243,117.06306,2025-05-20,523,N21,n,2.0NRT,6.59,D,0.49,0.4,,,,,,firms,VIIRS,VIIRS_NOAA21_NRT
3.27824,113.06368,2025-05-20,523,N21,n,2.0NRT,11.08,D,0.54,0.51,,,,,,firms,VIIRS,VIIRS_NOAA21_NRT
3.27869,113.06221,2025-05-20,523,N21,n,2.0NRT,15.41,D,0.54,0.51,,,,,,firms,VIIRS,VIIRS_NOAA21_NRT
3.28604,113.08214,2025-05-20,523,N21,n,2.0NRT,8.04,D,0.54,0.51,,,,,,firms,VIIRS,VIIRS_NOAA21_NRT
5.43414,117.78037,2025-05-20,523,N21,n,2.0NRT,7.12,D,0.41,0.37,,,,,,firms,VIIRS,VIIRS_NOAA21_NRT
5.43469,117.77979,2025-05-20,523,N21,n,2.0NRT,7.56,D,0.41,0.37,,,,,,firms,VIIRS,VIIRS_NOAA21_NRT
-4.50946,103.17869,2025-05-20,701,N21,n,2.0NRT,2.78,D,0.5,0.49,,,,,,firms,VIIRS,VIIRS_NOAA21_NRT
-4.03001,102.7198,2025-05-20,701,N21,n,2.0NRT,4.25,D,0.48,0.48,,,,,,firms,VIIRS,VIIRS_NOAA21_NRT
-3.78663,102.35646,2025-05-20,701,N21,n,2.0NRT,3.78,D,0.46,0.47,,,,,,firms,VIIRS,VIIRS_NOAA21_NRT
-3.48762,102.27605,2025-05-20,701,N21,n,2.0NRT,2.22,D,0.45,0.47,,,,,,firms,VIIRS,VIIRS_NOAA21_NRT
-3.3965,102.19564,2025-05-20,701,N21,n,2.0NRT,4.82,D,0.45,0.47,,,,,,firms,VIIRS,VIIRS_NOAA21_NRT
-3.26883,102.78797,2025-05-20,701,N21,n,2.0NRT,3.13,D,0.5,0.49,,,,,,firms,VIIRS,VIIRS_NOAA21_NRT
-3.21478,102.7641,2025-05-20,701,N21,n,2.0NRT,15.42,D,0.5,0.49,,,,,,firms,VIIRS,VIIRS_NOAA21_NRT
-3.18194,102.01918,2025-05-20,701,N21,n,2.0NRT,3.19,D,0.44,0.46,,,,,,firms,VIIRS,VIIRS_NOAA21_NRT
-3.09207,101.90491,2025-05-20,701,N21,n,2.0NRT,8.04,D,0.44,0.46,,,,,,firms,VIIRS,VIIRS_NOAA21_NRT
-3.08757,101.95946,2025-05-20,701,N21,n,2.0NRT,5.91,D,0.44,0.46,,,,,,firms,VIIRS,VIIRS_NOAA21_NRT
-3.01569,103.33006,2025-05-20,701,N21,n,2.0NRT,9.66,D,0.54,0.51,,,,,,firms,VIIRS,VIIRS_NOAA21_NRT
-2.98473,101.76541,2025-05-20,701,N21,n,2.0NRT,6.92,D,0.43,0.46,,,,,,firms,VIIRS,VIIRS_NOAA21_NRT
-2.98356,101.7653,2025-05-20,701,N21,n,2.0NRT,4.9,D,0.43,0.46,,,,,,firms,VIIRS,VIIRS_NOAA21_NRT
-2.93583,101.74183,2025-05-20,701,N21,n,2.0NRT,4.5,D,0.43,0.46,,,,,,firms,VIIRS,VIIRS_NOAA21_NRT
-2.90886,101.74968,2025-05-20,701,N21,n,2.0NRT,6.92,D,0.43,0.46,,,,,,firms,VIIRS,VIIRS_NOAA21_NRT
-2.90289,101.602,2025-05-20,701,N21,n,2.0NRT,3.28,D,0.42,0.45,,,,,,firms,VIIRS,VIIRS_NOAA21_NRT
-2.87217,101.5933,2025-05-20,701,N21,n,2.0NRT,3.86,D,0.42,0.45,,,,,,firms,VIIRS,VIIRS_NOAA21_NRT
-2.78535,101.53709,2025-05-20,701,N21,n,2.0NRT,2.36,D,0.42,0.45,,,,,,firms,VIIRS,VIIRS_NOAA21_NRT
-2.76469,101.53384,2025-05-20,701,N21,n,2.0NRT,4.52,D,0.42,0.45,,,,,,firms,VIIRS,VIIRS_NOAA21_NRT
-2.52087,102.0024,2025-05-20,701,N21,n,2.0NRT,7.34,D,0.45,0.47,,,,,,firms,VIIRS,VIIRS_NOAA21_NRT
-2.33454,101.21856,2025-05-20,701,N21,n,2.0NRT,9.25,D,0.4,0.45,,,,,,firms,VIIRS,VIIRS_NOAA21_NRT
-2.3295,100.90308,2025-05-20,701,N21,n,2.0NRT,13.89,D,0.39,0.44,,,,,,firms,VIIRS,VIIRS_NOAA21_NRT
-2.32746,100.99537,2025-05-20,701,N21,n,2.0NRT,9.94,D,0.39,0.44,,,,,,firms,VIIRS,VIIRS_NOAA21_NRT
-2.32551,100.90246,2025-05-20,701,N21,n,2.0NRT,10.44,D,0.39,0.44,,,,,,firms,VIIRS,VIIRS_NOAA21_NRT
-1.48965,100.64499,2025-05-20,701,N21,n,2.0NRT,3.64,D,0.38,0.43,,,,,,firms,VIIRS,VIIRS_NOAA21_NRT
-1.18994,99.0007,2025-05-20,701,N21,n,2.0NRT,6.57,D,0.47,0.4,,,,,,firms,VIIRS,VIIRS_NOAA21_NRT
-0.79325,100.94069,2025-05-20,701,N21,n,2.0NRT,5.32,D,0.41,0.45,,,,,,firms,VIIRS,VIIRS_NOAA21_NRT
-0.75061,101.29988,2025-05-20,701,N21,n,2.0NRT,6.91,D,0.43,0.46,,,,,,firms,VIIRS,VIIRS_NOAA21_NRT
-0.7086,101.34875,2025-05-20,701,N21,n,2.0NRT,27.18,D,0.44,0.46,,,,,,firms,VIIRS,VIIRS_NOAA21_NRT
1.37863,104.16169,2025-05-20,701,N21,n,2.0NRT,8.56,D,0.37,0.58,,,,,,firms,VIIRS,VIIRS_NOAA21_NRT
1.37892,104.16026,2025-05-20,701,N21,n,2.0NRT,6.23,D,0.37,0.58,,,,,,firms,VIIRS,VIIRS_NOAA21_NRT
1.40758,97.32541,2025-05-20,703,N21,n,2.0NRT,3.52,D,0.42,0.38,,,,,,firms,VIIRS,VIIRS_NOAA21_NRT
3.0471,98.96947,2025-05-20,703,N21,n,2.0NRT,3.73,D,0.52,0.42,,,,,,firms,VIIRS,VIIRS_NOAA21_NRT
3.89413,96.45029,2025-05-20,703,N21,n,2.0NRT,5.05,D,0.41,0.37,,,,,,firms,VIIRS,VIIRS_NOAA21_NRT
-2.47402,133.29425,2025-05-20,1622,N21,n,2.0NRT,1.96,N,0.42,0.38,,,,,,firms,VIIRS,VIIRS_NOAA21_NRT
-1.5653,127.42545,2025-05-20,1622,N21,n,2.0NRT,0.84,N,0.32,0.55,,,,,,firms,VIIRS,VIIRS_NOAA21_NRT
-1.5603,127.42618,2025-05-20,1622,N21,n,2.0NRT,1.38,N,0.32,0.55,,,,,,firms,VIIRS,VIIRS_NOAA21_NRT
-1.45929,127.43782,2025-05-20,1622,N21,n,2.0NRT,3.91,N,0.32,0.55,,,,,,firms,VIIRS,VIIRS_NOAA21_NRT
-1.45877,127.43449,2025-05-20,1622,N21,n,2.0NRT,3.91,N,0.32,0.55,,,,,,firms,VIIRS,VIIRS_NOAA21_NRT
-8.53768,122.76141,2025-05-20,1624,N21,n,2.0NRT,4.03,N,0.51,0.66,,,,,,firms,VIIRS,VIIRS_NOAA21_NRT
-8.53693,122.76515,2025-05-20,1624,N21,n,2.0NRT,1.5,N,0.52,0.66,,,,,,firms,VIIRS,VIIRS_NOAA21_NRT
-8.53525,122.756,2025-05-20,1624,N21,n,2.0NRT,3.01,N,0.52,0.66,,,,,,firms,VIIRS,VIIRS_NOAA21_NRT
-8.27075,123.50242,2025-05-20,1624,N21,n,2.0NRT,1.64,N,0.46,0.64,,,,,,firms,VIIRS,VIIRS_NOAA21_NRT
-2.16258,115.5821,2025-05-20,1802,N21,n,2.0NRT,0.7,N,0.42,0.45,,,,,,firms,VIIRS,VIIRS_NOAA21_NRT
-2.15842,115.58266,2025-05-20,1802,N21,n,2.0NRT,0.96,N,0.42,0.45,,,,,,firms,VIIRS,VIIRS_NOAA21_NRT
-1.89373,115.86405,2025-05-20,1802,N21,n,2.0NRT,1.4,N,0.44,0.46,,,,,,firms,VIIRS,VIIRS_NOAA21_NRT
0.44515,101.89089,2025-05-20,1802,N21,n,2.0NRT,2.35,N,0.35,0.57,,,,,,firms,VIIRS,VIIRS_NOAA21_NRT
0.68709,117.54404,2025-05-20,1802,N21,n,2.0NRT,5.21,N,0.52,0.5,,,,,,firms,VIIRS,VIIRS_NOAA21_NRT
0.69162,117.54482,2025-05-20,1802,N21,n,2.0NRT,5.21,N,0.52,0.5,,,,,,firms,VIIRS,VIIRS_NOAA21_NRT
1.3403,104.18177,2025-05-20,1802,N21,n,2.0NRT,5.07,N,0.51,0.49,,,,,,firms,VIIRS,VIIRS_NOAA21_NRT
1.37606,104.1594,2025-05-20,1802,N21,n,2.0NRT,4.95,N,0.51,0.49,,,,,,firms,VIIRS,VIIRS_NOAA21_NRT
3.27712,113.06398,2025-05-20,1802,N21,n,2.0NRT,2.48,N,0.41,0.37,,,,,,firms,VIIRS,VIIRS_NOAA21_NRT
4.01947,103.34056,2025-05-20,1802,N21,n,2.0NRT,2.05,N,0.32,0.55,,,,,,firms,VIIRS,VIIRS_NOAA21_NRT
4.55584,103.45743,2025-05-20,1802,N21,n,2.0NRT,0.99,N,0.32,0.55,,,,,,firms,VIIRS,VIIRS_NOAA21_NRT
-8.11383,112.92793,2025-05-20,1804,N21,n,2.0NRT,3.12,N,0.53,0.42,,,,,,firms,VIIRS,VIIRS_NOAA21_NRT
-8.11307,112.92253,2025-05-20,1804,N21,n,2.0NRT,3.12,N,0.53,0.42,,,,,,firms,VIIRS,VIIRS_NOAA21_NRT
-6.54924,108.0932,2025-05-20,1804,N21,n,2.0NRT,2.67,N,0.39,0.36,,,,,,firms,VIIRS,VIIRS_NOAA21_NRT
-4.51913,105.42313,2025-05-20,1804,N21,n,2.0NRT,1.16,N,0.52,0.42,,,,,,firms,VIIRS,VIIRS_NOAA21_NRT
-4.29504,104.85326,2025-05-20,1804,N21,n,2.0NRT,2.8,N,0.57,0.43,,,,,,firms,VIIRS,VIIRS_NOAA21_NRT
-4.29237,104.93641,2025-05-20,1804,N21,n,2.0NRT,3.19,N,0.56,0.43,,,,,,firms,VIIRS,VIIRS_NOAA21_NRT
-2.10019,103.7999,2025-05-20,1804,N21,n,2.0NRT,0.75,N,0.48,0.48,,,,,,firms,VIIRS,VIIRS_NOAA21_NRT
-1.57575,103.68571,2025-05-20,1804,N21,n,2.0NRT,2.03,N,0.5,0.49,,,,,,firms,VIIRS,VIIRS_NOAA21_NRT
-1.572,103.69081,2025-05-20,1804,N21,n,2.0NRT,2.03,N,0.5,0.49,,,,,,firms,VIIRS,VIIRS_NOAA21_NRT
-1.5638,103.69657,2025-05-20,1804,N21,n,2.0NRT,1.15,N,0.49,0.49,,,,,,firms,VIIRS,VIIRS_NOAA21_NRT
-1.21704,103.41686,2025-05-20,1804,N21,n,2.0NRT,0.79,N,0.52,0.5,,,,,,firms,VIIRS,VIIRS_NOAA21_NRT
-1.17461,103.35854,2025-05-20,1804,N21,n,2.0NRT,1.28,N,0.53,0.5,,,,,,firms,VIIRS,VIIRS_NOAA21_NRT
-1.16708,103.34026,2025-05-20,1804,N21,n,2.0NRT,1.35,N,0.53,0.5,,,,,,firms,VIIRS,VIIRS_NOAA21_NRT
-1.16673,103.33794,2025-05-20,1804,N21,n,2.0NRT,1.36,N,0.53,0.5,,,,,,firms,VIIRS,VIIRS_NOAA21_NRT
-0.48919,102.47763,2025-05-20,1804,N21,n,2.0NRT,1.83,N,0.63,0.54,,,,,,firms,VIIRS,VIIRS_NOAA21_NRT
-9.45987,119.94725,2025-05-21,459,N21,n,2.0NRT,10.57,D,0.6,0.53,,,,,,firms,VIIRS,VIIRS_NOAA21_NRT
-9.45871,119.94424,2025-05-21,459,N21,n,2.0NRT,13.49,D,0.6,0.53,,,,,,firms,VIIRS,VIIRS_NOAA21_NRT
-9.45798,119.94983,2025-05-21,459,N21,n,2.0NRT,10.8,D,0.6,0.53,,,,,,firms,VIIRS,VIIRS_NOAA21_NRT
-9.45504,119.94641,2025-05-21,459,N21,n,2.0NRT,10.57,D,0.6,0.53,,,,,,firms,VIIRS,VIIRS_NOAA21_NRT
-9.42171,119.82541,2025-05-21,459,N21,n,2.0NRT,24.9,D,0.61,0.53,,,,,,firms,VIIRS,VIIRS_NOAA21_NRT
-8.27226,123.50503,2025-05-21,459,N21,n,2.0NRT,18.1,D,0.51,0.41,,,,,,firms,VIIRS,VIIRS_NOAA21_NRT
-1.45799,127.43518,2025-05-21,501,N21,n,2.0NRT,3.96,D,0.4,0.37,,,,,,firms,VIIRS,VIIRS_NOAA21_NRT
-1.45745,127.43867,2025-05-21,501,N21,n,2.0NRT,2.01,D,0.4,0.37,,,,,,firms,VIIRS,VIIRS_NOAA21_NRT
3.28324,113.08327,2025-05-21,504,N21,n,2.0NRT,4.4,D,0.58,0.69,,,,,,firms,VIIRS,VIIRS_NOAA21_NRT
3.28951,113.08199,2025-05-21,504,N21,n,2.0NRT,4.4,D,0.58,0.69,,,,,,firms,VIIRS,VIIRS_NOAA21_NRT
4.74057,113.72617,2025-05-21,504,N21,n,2.0NRT,4.5,D,0.49,0.65,,,,,,firms,VIIRS,VIIRS_NOAA21_NRT
-4.80203,103.40498,2025-05-21,642,N21,n,2.0NRT,4.71,D,0.42,0.38,,,,,,firms,VIIRS,VIIRS_NOAA21_NRT
-4.61642,103.24573,2025-05-21,642,N21,n,2.0NRT,20.68,D,0.41,0.37,,,,,,firms,VIIRS,VIIRS_NOAA21_NRT
-4.53551,103.11228,2025-05-21,642,N21,n,2.0NRT,4.72,D,0.41,0.37,,,,,,firms,VIIRS,VIIRS_NOAA21_NRT
-4.50955,103.27882,2025-05-21,642,N21,n,2.0NRT,3.87,D,0.42,0.37,,,,,,firms,VIIRS,VIIRS_NOAA21_NRT
-4.50545,103.08131,2025-05-21,642,N21,n,2.0NRT,4.33,D,0.41,0.37,,,,,,firms,VIIRS,VIIRS_NOAA21_NRT
-4.48144,104.4796,2025-05-21,642,N21,n,2.0NRT,10.37,D,0.47,0.4,,,,,,firms,VIIRS,VIIRS_NOAA21_NRT
-4.45906,105.17211,2025-05-21,642,N21,n,2.0NRT,6.91,D,0.51,0.41,,,,,,firms,VIIRS,VIIRS_NOAA21_NRT
-4.35694,105.71695,2025-05-21,642,N21,n,2.0NRT,4.31,D,0.55,0.42,,,,,,firms,VIIRS,VIIRS_NOAA21_NRT
-4.35225,103.049,2025-05-21,642,N21,n,2.0NRT,2.57,D,0.41,0.37,,,,,,firms,VIIRS,VIIRS_NOAA21_NRT
-4.35066,105.75626,2025-05-21,642,N21,n,2.0NRT,3.18,D,0.55,0.43,,,,,,firms,VIIRS,VIIRS_NOAA21_NRT
-4.26854,102.90919,2025-05-21,642,N21,n,2.0NRT,4.27,D,0.41,0.37,,,,,,firms,VIIRS,VIIRS_NOAA21_NRT
-4.24023,102.97971,2025-05-21,642,N21,n,2.0NRT,3.13,D,0.41,0.37,,,,,,firms,VIIRS,VIIRS_NOAA21_NRT
-3.81161,102.43496,2025-05-21,642,N21,n,2.0NRT,9.73,D,0.4,0.37,,,,,,firms,VIIRS,VIIRS_NOAA21_NRT
-3.61668,102.44469,2025-05-21,642,N21,n,2.0NRT,7.2,D,0.4,0.37,,,,,,firms,VIIRS,VIIRS_NOAA21_NRT
-3.53202,102.12994,2025-05-21,642,N21,n,2.0NRT,4.11,D,0.39,0.36,,,,,,firms,VIIRS,VIIRS_NOAA21_NRT
-3.52867,102.12943,2025-05-21,642,N21,n,2.0NRT,4.11,D,0.39,0.36,,,,,,firms,VIIRS,VIIRS_NOAA21_NRT
-3.42956,103.29786,2025-05-21,642,N21,n,2.0NRT,14.98,D,0.43,0.38,,,,,,firms,VIIRS,VIIRS_NOAA21_NRT
-3.42897,103.30166,2025-05-21,642,N21,n,2.0NRT,5.29,D,0.43,0.38,,,,,,firms,VIIRS,VIIRS_NOAA21_NRT
-3.30617,103.09671,2025-05-21,642,N21,n,2.0NRT,2.15,D,0.42,0.38,,,,,,firms,VIIRS,VIIRS_NOAA21_NRT
-3.21976,103.15734,2025-05-21,642,N21,n,2.0NRT,6.04,D,0.42,0.38,,,,,,firms,VIIRS,VIIRS_NOAA21_NRT
-3.16177,104.05843,2025-05-21,642,N21,n,2.0NRT,13.84,D,0.46,0.39,,,,,,firms,VIIRS,VIIRS_NOAA21_NRT
-3.33871,102.19032,2025-05-21,644,N21,n,2.0NRT,6.44,D,0.4,0.37,,,,,,firms,VIIRS,VIIRS_NOAA21_NRT
-3.26097,101.74699,2025-05-21,644,N21,n,2.0NRT,4.07,D,0.39,0.36,,,,,,firms,VIIRS,VIIRS_NOAA21_NRT
-3.18486,102.13232,2025-05-21,644,N21,n,2.0NRT,3.83,D,0.39,0.37,,,,,,firms,VIIRS,VIIRS_NOAA21_NRT
-3.14003,103.12932,2025-05-21,644,N21,n,2.0NRT,3.67,D,0.42,0.38,,,,,,firms,VIIRS,VIIRS_NOAA21_NRT
-3.13406,103.21374,2025-05-21,644,N21,n,2.0NRT,14.76,D,0.42,0.38,,,,,,firms,VIIRS,VIIRS_NOAA21_NRT
-3.11594,103.10244,2025-05-21,644,N21,n,2.0NRT,3.85,D,0.42,0.38,,,,,,firms,VIIRS,VIIRS_NOAA21_NRT
-3.10679,103.25241,2025-05-21,644,N21,n,2.0NRT,23.14,D,0.43,0.38,,,,,,firms,VIIRS,VIIRS_NOAA21_NRT
-3.10332,103.25188,2025-05-21,644,N21,n,2.0NRT,23.14,D,0.43,0.38,,,,,,firms,VIIRS,VIIRS_NOAA21_NRT
-3.09155,101.83144,2025-05-21,644,N21,n,2.0NRT,11.1,D,0.39,0.36,,,,,,firms,VIIRS,VIIRS_NOAA21_NRT
-3.05142,103.67812,2025-05-21,644,N21,n,2.0NRT,5.18,D,0.44,0.39,,,,,,firms,VIIRS,VIIRS_NOAA21_NRT
-2.97644,101.78451,2025-05-21,644,N21,n,2.0NRT,3.71,D,0.39,0.36,,,,,,firms,VIIRS,VIIRS_NOAA21_NRT
-2.97473,101.77354,2025-05-21,644,N21,n,2.0NRT,2.72,D,0.39,0.36,,,,,,firms,VIIRS,VIIRS_NOAA21_NRT
-2.96563,102.64699,2025-05-21,644,N21,n,2.0NRT,2.58,D,0.41,0.37,,,,,,firms,VIIRS,VIIRS_NOAA21_NRT
-2.95426,101.7519,2025-05-21,644,N21,n,2.0NRT,2.64,D,0.39,0.36,,,,,,firms,VIIRS,VIIRS_NOAA21_NRT
-2.95373,101.75536,2025-05-21,644,N21,n,2.0NRT,2.64,D,0.39,0.36,,,,,,firms,VIIRS,VIIRS_NOAA21_NRT
-2.91227,101.67073,2025-05-21,644,N21,n,2.0NRT,3.48,D,0.39,0.36,,,,,,firms,VIIRS,VIIRS_NOAA21_NRT
-2.9055,101.64843,2025-05-21,644,N21,n,2.0NRT,3.26,D,0.39,0.36,,,,,,firms,VIIRS,VIIRS_NOAA21_NRT
-2.89528,102.71459,2025-05-21,644,N21,n,2.0NRT,2.67,D,0.41,0.37,,,,,,firms,VIIRS,VIIRS_NOAA21_NRT
-2.88395,102.74295,2025-05-21,644,N21,n,2.0NRT,5.63,D,0.41,0.37,,,,,,firms,VIIRS,VIIRS_NOAA21_NRT
-2.86976,101.59328,2025-05-21,644,N21,n,2.0NRT,2.14,D,0.39,0.36,,,,,,firms,VIIRS,VIIRS_NOAA21_NRT
-2.84057,101.60654,2025-05-21,644,N21,n,2.0NRT,7.78,D,0.39,0.36,,,,,,firms,VIIRS,VIIRS_NOAA21_NRT
-2.83048,102.77245,2025-05-21,644,N21,n,2.0NRT,25.14,D,0.41,0.37,,,,,,firms,VIIRS,VIIRS_NOAA21_NRT
-2.82292,101.52222,2025-05-21,644,N21,n,2.0NRT,3.7,D,0.39,0.36,,,,,,firms,VIIRS,VIIRS_NOAA21_NRT
-2.66866,102.79699,2025-05-21,644,N21,n,2.0NRT,43.84,D,0.41,0.37,,,,,,firms,VIIRS,VIIRS_NOAA21_NRT
-2.66632,102.69835,2025-05-21,644,N21,n,2.0NRT,7.27,D,0.41,0.37,,,,,,firms,VIIRS,VIIRS_NOAA21_NRT
-2.65786,101.46729,2025-05-21,644,N21,n,2.0NRT,2.17,D,0.39,0.36,,,,,,firms,VIIRS,VIIRS_NOAA21_NRT
-2.64473,102.65736,2025-05-21,644,N21,n,2.0NRT,5.72,D,0.41,0.37,,,,,,firms,VIIRS,VIIRS_NOAA21_NRT
-2.56072,103.26799,2025-05-21,644,N21,n,2.0NRT,13.34,D,0.43,0.38,,,,,,firms,VIIRS,VIIRS_NOAA21_NRT
-2.53359,101.41271,2025-05-21,644,N21,n,2.0NRT,8.69,D,0.39,0.36,,,,,,firms,VIIRS,VIIRS_NOAA21_NRT
-2.53238,101.39849,2025-05-21,644,N21,n,2.0NRT,14.56,D,0.39,0.36,,,,,,firms,VIIRS,VIIRS_NOAA21_NRT
-2.52906,101.39799,2025-05-21,644,N21,n,2.0NRT,12.81,D,0.39,0.36,,,,,,firms,VIIRS,VIIRS_NOAA21_NRT
-2.51137,102.95216,2025-05-21,644,N21,n,2.0NRT,4.32,D,0.42,0.38,,,,,,firms,VIIRS,VIIRS_NOAA21_NRT
-2.50271,101.41512,2025-05-21,644,N21,n,2.0NRT,9.34,D,0.39,0.36,,,,,,firms,VIIRS,VIIRS_NOAA21_NRT
-2.49664,101.67644,2025-05-21,644,N21,n,2.0NRT,4.75,D,0.39,0.36,,,,,,firms,VIIRS,VIIRS_NOAA21_NRT
-2.48848,101.99797,2025-05-21,644,N21,n,2.0NRT,7.32,D,0.4,0.37,,,,,,firms,VIIRS,VIIRS_NOAA21_NRT
-2.48506,101.41962,2025-05-21,644,N21,n,2.0NRT,4.0,D,0.39,0.36,,,,,,firms,VIIRS,VIIRS_NOAA21_NRT
-2.45745,101.77661,2025-05-21,644,N21,n,2.0NRT,3.61,D,0.39,0.36,,,,,,firms,VIIRS,VIIRS_NOAA21_NRT
-2.41537,101.31989,2025-05-21,644,N21,n,2.0NRT,3.89,D,0.39,0.36,,,,,,firms,VIIRS,VIIRS_NOAA21_NRT
-2.40177,102.93538,2025-05-21,644,N21,n,2.0NRT,4.23,D,0.42,0.38,,,,,,firms,VIIRS,VIIRS_NOAA21_NRT
-2.37018,105.1837,2025-05-21,644,N21,n,2.0NRT,8.73,D,0.54,0.42,,,,,,firms,VIIRS,VIIRS_NOAA21_NRT
-2.35649,102.5004,2025-05-21,644,N21,n,2.0NRT,4.41,D,0.41,0.37,,,,,,firms,VIIRS,VIIRS_NOAA21_NRT
-2.32888,100.9044,2025-05-21,644,N21,n,2.0NRT,1.62,D,0.38,0.36,,,,,,firms,VIIRS,VIIRS_NOAA21_NRT
-2.32558,100.90389,2025-05-21,644,N21,n,2.0NRT,2.19,D,0.38,0.36,,,,,,firms,VIIRS,VIIRS_NOAA21_NRT
-2.30416,101.22462,2025-05-21,644,N21,n,2.0NRT,4.93,D,0.39,0.36,,,,,,firms,VIIRS,VIIRS_NOAA21_NRT
-2.29351,102.54287,2025-05-21,644,N21,n,2.0NRT,3.33,D,0.41,0.37,,,,,,firms,VIIRS,VIIRS_NOAA21_NRT
-2.28066,101.22083,2025-05-21,644,N21,n,2.0NRT,2.76,D,0.39,0.36,,,,,,firms,VIIRS,VIIRS_NOAA21_NRT
-2.24485,101.14493,2025-05-21,644,N21,n,2.0NRT,4.86,D,0.39,0.36,,,,,,firms,VIIRS,VIIRS_NOAA21_NRT
-2.23642,101.0451,2025-05-21,644,N21,l,2.0NRT,2.95,D,0.38,0.36,,,,,,firms,VIIRS,VIIRS_NOAA21_NRT
-2.22635,101.02247,2025-05-21,644,N21,n,2.0NRT,5.22,D,0.38,0.36,,,,,,firms,VIIRS,VIIRS_NOAA21_NRT
-2.22604,100.98022,2025-05-21,644,N21,n,2.0NRT,5.62,D,0.38,0.36,,,,,,firms,VIIRS,VIIRS_NOAA21_NRT
-2.22304,101.02197,2025-05-21,644,N21,n,2.0NRT,5.22,D,0.38,0.36,,,,,,firms,VIIRS,VIIRS_NOAA21_NRT
-2.22251,101.02541,2025-05-21,644,N21,l,2.0NRT,5.22,D,0.38,0.36,,,,,,firms,VIIRS,VIIRS_NOAA21_NRT
-2.22094,101.03572,2025-05-21,644,N21,n,2.0NRT,2.14,D,0.38,0.36,,,,,,firms,VIIRS,VIIRS_NOAA21_NRT
-2.21763,101.03522,2025-05-21,644,N21,n,2.0NRT,5.17,D,0.38,0.36,,,,,,firms,VIIRS,VIIRS_NOAA21_NRT
-2.21666,101.1301,2025-05-21,644,N21,l,2.0NRT,1.86,D,0.39,0.36,,,,,,firms,VIIRS,VIIRS_NOAA21_NRT
-2.20273,101.01807,2025-05-21,644,N21,n,2.0NRT,6.31,D,0.38,0.36,,,,,,firms,VIIRS,VIIRS_NOAA21_NRT
-2.20143,100.84917,2025-05-21,644,N21,l,2.0NRT,4.04,D,0.38,0.36,,,,,,firms,VIIRS,VIIRS_NOAA21_NRT
-2.18793,101.02638,2025-05-21,644,N21,n,2.0NRT,4.51,D,0.38,0.36,,,,,,firms,VIIRS,VIIRS_NOAA21_NRT
-2.17737,103.09553,2025-05-21,644,N21,n,2.0NRT,3.63,D,0.43,0.38,,,,,,firms,VIIRS,VIIRS_NOAA21_NRT
-2.14877,102.98196,2025-05-21,644,N21,n,2.0NRT,13.5,D,0.42,0.38,,,,,,firms,VIIRS,VIIRS_NOAA21_NRT
-2.14171,100.95258,2025-05-21,644,N21,n,2.0NRT,3.06,D,0.38,0.36,,,,,,firms,VIIRS,VIIRS_NOAA21_NRT
-2.03654,105.66306,2025-05-21,644,N21,n,2.0NRT,12.12,D,0.39,0.44,,,,,,firms,VIIRS,VIIRS_NOAA21_NRT
-2.03508,105.66235,2025-05-21,644,N21,n,2.0NRT,11.66,D,0.39,0.44,,,,,,firms,VIIRS,VIIRS_NOAA21_NRT
-1.96861,101.44,2025-05-21,644,N21,n,2.0NRT,25.51,D,0.39,0.36,,,,,,firms,VIIRS,VIIRS_NOAA21_NRT
-1.94239,100.98804,2025-05-21,644,N21,n,2.0NRT,16.38,D,0.38,0.36,,,,,,firms,VIIRS,VIIRS_NOAA21_NRT
-1.84987,101.37168,2025-05-21,644,N21,n,2.0NRT,2.12,D,0.39,0.36,,,,,,firms,VIIRS,VIIRS_NOAA21_NRT
-1.71859,100.82973,2025-05-21,644,N21,n,2.0NRT,6.0,D,0.38,0.36,,,,,,firms,VIIRS,VIIRS_NOAA21_NRT
-1.66169,105.97092,2025-05-21,644,N21,n,2.0NRT,5.45,D,0.41,0.45,,,,,,firms,VIIRS,VIIRS_NOAA21_NRT
-1.66112,105.49953,2025-05-21,644,N21,n,2.0NRT,2.21,D,0.39,0.44,,,,,,firms,VIIRS,VIIRS_NOAA21_NRT
-1.65869,105.97019,2025-05-21,644,N21,n,2.0NRT,6.26,D,0.41,0.45,,,,,,firms,VIIRS,VIIRS_NOAA21_NRT
-1.54946,101.62543,2025-05-21,644,N21,n,2.0NRT,6.0,D,0.39,0.36,,,,,,firms,VIIRS,VIIRS_NOAA21_NRT
-1.51885,100.66859,2025-05-21,644,N21,n,2.0NRT,1.07,D,0.38,0.36,,,,,,firms,VIIRS,VIIRS_NOAA21_NRT
-1.44777,100.7097,2025-05-21,644,N21,n,2.0NRT,3.65,D,0.38,0.36,,,,,,firms,VIIRS,VIIRS_NOAA21_NRT
-1.21708,101.53075,2025-05-21,644,N21,n,2.0NRT,6.48,D,0.39,0.36,,,,,,firms,VIIRS,VIIRS_NOAA21_NRT
-1.11659,109.70847,2025-05-21,644,N21,n,2.0NRT,6.52,D,0.38,0.59,,,,,,firms,VIIRS,VIIRS_NOAA21_NRT
-1.05845,110.14436,2025-05-21,644,N21,n,2.0NRT,1.56,D,0.41,0.6,,,,,,firms,VIIRS,VIIRS_NOAA21_NRT
-1.04232,109.99852,2025-05-21,644,N21,n,2.0NRT,4.36,D,0.4,0.6,,,,,,firms,VIIRS,VIIRS_NOAA21_NRT
-1.01246,102.15914,2025-05-21,644,N21,n,2.0NRT,2.41,D,0.41,0.37,,,,,,firms,VIIRS,VIIRS_NOAA21_NRT
-0.68214,100.17889,2025-05-21,644,N21,l,2.0NRT,3.21,D,0.38,0.36,,,,,,firms,VIIRS,VIIRS_NOAA21_NRT
-0.68162,100.18233,2025-05-21,644,N21,l,2.0NRT,3.46,D,0.38,0.36,,,,,,firms,VIIRS,VIIRS_NOAA21_NRT
-0.55664,100.58095,2025-05-21,644,N21,n,2.0NRT,4.66,D,0.38,0.36,,,,,,firms,VIIRS,VIIRS_NOAA21_NRT
-0.55383,110.04533,2025-05-21,644,N21,h,2.0NRT,10.14,D,0.41,0.61,,,,,,firms,VIIRS,VIIRS_NOAA21_NRT
-0.39176,100.45635,2025-05-21,644,N21,n,2.0NRT,6.15,D,0.38,0.36,,,,,,firms,VIIRS,VIIRS_NOAA21_NRT
-0.37024,99.95071,2025-05-21,644,N21,n,2.0NRT,1.99,D,0.39,0.36,,,,,,firms,VIIRS,VIIRS_NOAA21_NRT
-0.3266,110.29591,2025-05-21,644,N21,n,2.0NRT,7.54,D,0.43,0.62,,,,,,firms,VIIRS,VIIRS_NOAA21_NRT
-0.32347,110.29488,2025-05-21,644,N21,n,2.0NRT,6.69,D,0.43,0.62,,,,,,firms,VIIRS,VIIRS_NOAA21_NRT
0.54565,111.25022,2025-05-21,644,N21,n,2.0NRT,8.72,D,0.52,0.66,,,,,,firms,VIIRS,VIIRS_NOAA21_NRT
0.54638,111.24904,2025-05-21,644,N21,n,2.0NRT,7.8,D,0.52,0.67,,,,,,firms,VIIRS,VIIRS_NOAA21_NRT
0.63392,109.64781,2025-05-21,644,N21,n,2.0NRT,5.27,D,0.4,0.6,,,,,,firms,VIIRS,VIIRS_NOAA21_NRT
0.63865,109.64628,2025-05-21,644,N21,n,2.0NRT,4.15,D,0.4,0.6,,,,,,firms,VIIRS,VIIRS_NOAA21_NRT
0.76193,109.52541,2025-05-21,644,N21,n,2.0NRT,5.34,D,0.39,0.6,,,,,,firms,VIIRS,VIIRS_NOAA21_NRT
1.31995,99.5768,2025-05-21,644,N21,n,2.0NRT,4.95,D,0.39,0.36,,,,,,firms,VIIRS,VIIRS_NOAA21_NRT
1.37884,104.15983,2025-05-21,644,N21,n,2.0NRT,3.7,D,0.53,0.42,,,,,,firms,VIIRS,VIIRS_NOAA21_NRT
1.67261,101.47683,2025-05-21,644,N21,n,2.0NRT,1.75,D,0.4,0.37,,,,,,firms,VIIRS,VIIRS_NOAA21_NRT
3.06805,103.23271,2025-05-21,644,N21,n,2.0NRT,4.24,D,0.49,0.4,,,,,,firms,VIIRS,VIIRS_NOAA21_NRT
3.18431,98.80733,2025-05-21,644,N21,n,2.0NRT,4.29,D,0.39,0.36,,,,,,firms,VIIRS,VIIRS_NOAA21_NRT
3.19478,98.80927,2025-05-21,644,N21,n,2.0NRT,10.98,D,0.39,0.36,,,,,,firms,VIIRS,VIIRS_NOAA21_NRT
3.28014,113.06431,2025-05-21,644,N21,n,2.0NRT,11.61,D,0.76,0.77,,,,,,firms,VIIRS,VIIRS_NOAA21_NRT
3.65757,101.06712,2025-05-21,644,N21,n,2.0NRT,4.49,D,0.41,0.37,,,,,,firms,VIIRS,VIIRS_NOAA21_NRT
4.79808,97.63214,2025-05-21,646,N21,n,2.0NRT,5.83,D,0.4,0.37,,,,,,firms,VIIRS,VIIRS_NOAA21_NRT
4.90268,97.51566,2025-05-21,646,N21,n,2.0NRT,3.42,D,0.41,0.37,,,,,,firms,VIIRS,VIIRS_NOAA21_NRT
3.27752,113.06493,2025-05-21,1741,N21,n,2.0NRT,8.76,N,0.46,0.39,,,,,,firms,VIIRS,VIIRS_NOAA21_NRT
3.28576,113.08283,2025-05-21,1741,N21,n,2.0NRT,8.88,N,0.46,0.39,,,,,,firms,VIIRS,VIIRS_NOAA21_NRT
3.2881,113.09151,2025-05-21,1741,N21,n,2.0NRT,1.79,N,0.46,0.39,,,,,,firms,VIIRS,VIIRS_NOAA21_NRT
3.28872,113.08743,2025-05-21,1741,N21,n,2.0NRT,8.88,N,0.46,0.39,,,,,,firms,VIIRS,VIIRS_NOAA21_NRT
3.28934,113.08334,2025-05-21,1741,N21,n,2.0NRT,8.88,N,0.46,0.39,,,,,,firms,VIIRS,VIIRS_NOAA21_NRT
3.29167,113.09203,2025-05-21,1741,N21,n,2.0NRT,2.86,N,0.46,0.39,,,,,,firms,VIIRS,VIIRS_NOAA21_NRT
3.52234,113.31414,2025-05-21,1741,N21,n,2.0NRT,2.38,N,0.45,0.39,,,,,,firms,VIIRS,VIIRS_NOAA21_NRT
3.5357,113.34462,2025-05-21,1741,N21,n,2.0NRT,2.88,N,0.45,0.39,,,,,,firms,VIIRS,VIIRS_NOAA21_NRT
3.54568,113.3502,2025-05-21,1741,N21,n,2.0NRT,1.94,N,0.45,0.39,,,,,,firms,VIIRS,VIIRS_NOAA21_NRT
3.60466,112.40858,2025-05-21,1741,N21,n,2.0NRT,3.62,N,0.5,0.41,,,,,,firms,VIIRS,VIIRS_NOAA21_NRT
3.76471,112.06387,2025-05-21,1741,N21,n,2.0NRT,0.6,N,0.52,0.42,,,,,,firms,VIIRS,VIIRS_NOAA21_NRT
4.54198,114.11781,2025-05-21,1741,N21,n,2.0NRT,1.47,N,0.42,0.38,,,,,,firms,VIIRS,VIIRS_NOAA21_NRT
4.61651,114.3435,2025-05-21,1741,N21,n,2.0NRT,1.83,N,0.42,0.37,,,,,,firms,VIIRS,VIIRS_NOAA21_NRT
4.67631,113.85503,2025-05-21,1741,N21,n,2.0NRT,2.84,N,0.43,0.38,,,,,,firms,VIIRS,VIIRS_NOAA21_NRT
4.6835,114.15794,2025-05-21,1741,N21,n,2.0NRT,2.77,N,0.42,0.38,,,,,,firms,VIIRS,VIIRS_NOAA21_NRT
4.69885,113.94156,2025-05-21,1741,N21,n,2.0NRT,2.97,N,0.43,0.38,,,,,,firms,VIIRS,VIIRS_NOAA21_NRT
4.73845,113.72839,2025-05-21,1741,N21,n,2.0NRT,2.21,N,0.44,0.38,,,,,,firms,VIIRS,VIIRS_NOAA21_NRT
4.74196,113.72892,2025-05-21,1741,N21,n,2.0NRT,2.21,N,0.44,0.38,,,,,,firms,VIIRS,VIIRS_NOAA21_NRT
4.97872,112.9827,2025-05-21,1741,N21,n,2.0NRT,3.6,N,0.48,0.4,,,,,,firms,VIIRS,VIIRS_NOAA21_NRT
5.21198,114.7422,2025-05-21,1741,N21,n,2.0NRT,0.76,N,0.41,0.37,,,,,,firms,VIIRS,VIIRS_NOAA21_NRT
5.61785,114.88929,2025-05-21,1741,N21,n,2.0NRT,4.75,N,0.41,0.37,,,,,,firms,VIIRS,VIIRS_NOAA21_NRT
5.87668,114.29536,2025-05-21,1741,N21,n,2.0NRT,1.93,N,0.43,0.38,,,,,,firms,VIIRS,VIIRS_NOAA21_NRT
-4.9462,119.62526,2025-05-21,1743,N21,n,2.0NRT,1.04,N,0.42,0.45,,,,,,firms,VIIRS,VIIRS_NOAA21_NRT
-2.87657,122.16471,2025-05-21,1743,N21,n,2.0NRT,5.13,N,0.58,0.52,,,,,,firms,VIIRS,VIIRS_NOAA21_NRT
-2.86155,122.16191,2025-05-21,1743,N21,n,2.0NRT,2.4,N,0.58,0.52,,,,,,firms,VIIRS,VIIRS_NOAA21_NRT
-2.86076,122.15661,2025-05-21,1743,N21,n,2.0NRT,2.4,N,0.58,0.52,,,,,,firms,VIIRS,VIIRS_NOAA21_NRT
-2.83378,122.17166,2025-05-21,1743,N21,n,2.0NRT,3.48,N,0.58,0.52,,,,,,firms,VIIRS,VIIRS_NOAA21_NRT
-2.82906,122.1727,2025-05-21,1743,N21,n,2.0NRT,3.48,N,0.58,0.52,,,,,,firms,VIIRS,VIIRS_NOAA21_NRT
-2.57844,121.37641,2025-05-21,1743,N21,n,2.0NRT,1.34,N,0.5,0.49,,,,,,firms,VIIRS,VIIRS_NOAA21_NRT
-2.32901,100.99309,2025-05-21,1743,N21,n,2.0NRT,1.31,N,0.79,0.78,,,,,,firms,VIIRS,VIIRS_NOAA21_NRT
-1.96177,103.61279,2025-05-21,1743,N21,n,2.0NRT,1.15,N,0.53,0.67,,,,,,firms,VIIRS,VIIRS_NOAA21_NRT
-1.96168,103.61449,2025-05-21,1743,N21,n,2.0NRT,1.22,N,0.53,0.67,,,,,,firms,VIIRS,VIIRS_NOAA21_NRT
-1.89424,115.86551,2025-05-21,1743,N21,n,2.0NRT,4.28,N,0.39,0.36,,,,,,firms,VIIRS,VIIRS_NOAA21_NRT
-1.89369,115.862,2025-05-21,1743,N21,n,2.0NRT,4.28,N,0.39,0.36,,,,,,firms,VIIRS,VIIRS_NOAA21_NRT
-1.57676,103.68587,2025-05-21,1743,N21,n,2.0NRT,2.09,N,0.53,0.67,,,,,,firms,VIIRS,VIIRS_NOAA21_NRT
-1.45632,114.58535,2025-05-21,1743,N21,n,2.0NRT,0.76,N,0.39,0.36,,,,,,firms,VIIRS,VIIRS_NOAA21_NRT
-1.43589,122.40528,2025-05-21,1743,N21,n,2.0NRT,3.32,N,0.57,0.52,,,,,,firms,VIIRS,VIIRS_NOAA21_NRT
-1.43302,122.40884,2025-05-21,1743,N21,n,2.0NRT,5.57,N,0.57,0.52,,,,,,firms,VIIRS,VIIRS_NOAA21_NRT
-1.32878,113.96702,2025-05-21,1743,N21,n,2.0NRT,2.4,N,0.39,0.36,,,,,,firms,VIIRS,VIIRS_NOAA21_NRT
-1.24832,116.81368,2025-05-21,1743,N21,n,2.0NRT,0.98,N,0.41,0.37,,,,,,firms,VIIRS,VIIRS_NOAA21_NRT
-0.93154,115.80209,2025-05-21,1743,N21,n,2.0NRT,1.16,N,0.39,0.36,,,,,,firms,VIIRS,VIIRS_NOAA21_NRT
0.07395,109.48368,2025-05-21,1743,N21,n,2.0NRT,1.54,N,0.45,0.47,,,,,,firms,VIIRS,VIIRS_NOAA21_NRT
0.61342,117.44176,2025-05-21,1743,N21,n,2.0NRT,0.93,N,0.42,0.37,,,,,,firms,VIIRS,VIIRS_NOAA21_NRT
0.67503,117.56552,2025-05-21,1743,N21,n,2.0NRT,1.86,N,0.42,0.38,,,,,,firms,VIIRS,VIIRS_NOAA21_NRT
0.67846,117.56609,2025-05-21,1743,N21,n,2.0NRT,1.33,N,0.42,0.38,,,,,,firms,VIIRS,VIIRS_NOAA21_NRT
0.67904,117.56236,2025-05-21,1743,N21,n,2.0NRT,0.68,N,0.42,0.38,,,,,,firms,VIIRS,VIIRS_NOAA21_NRT
0.68247,117.5629,2025-05-21,1743,N21,n,2.0NRT,0.68,N,0.42,0.38,,,,,,firms,VIIRS,VIIRS_NOAA21_NRT
0.68305,117.55915,2025-05-21,1743,N21,n,2.0NRT,0.68,N,0.42,0.38,,,,,,firms,VIIRS,VIIRS_NOAA21_NRT
0.68706,117.55597,2025-05-21,1743,N21,n,2.0NRT,0.64,N,0.42,0.38,,,,,,firms,VIIRS,VIIRS_NOAA21_NRT
0.6888,117.5448,2025-05-21,1743,N21,n,2.0NRT,1.66,N,0.42,0.38,,,,,,firms,VIIRS,VIIRS_NOAA21_NRT
0.69222,117.54534,2025-05-21,1743,N21,n,2.0NRT,1.66,N,0.42,0.38,,,,,,firms,VIIRS,VIIRS_NOAA21_NRT
1.02018,103.96323,2025-05-21,1743,N21,n,2.0NRT,1.17,N,0.56,0.69,,,,,,firms,VIIRS,VIIRS_NOAA21_NRT
1.22949,103.67603,2025-05-21,1743,N21,n,2.0NRT,4.21,N,0.59,0.7,,,,,,firms,VIIRS,VIIRS_NOAA21_NRT
1.23031,103.67081,2025-05-21,1743,N21,n,2.0NRT,4.05,N,0.59,0.7,,,,,,firms,VIIRS,VIIRS_NOAA21_NRT
1.23203,103.67286,2025-05-21,1743,N21,n,2.0NRT,7.44,N,0.59,0.7,,,,,,firms,VIIRS,VIIRS_NOAA21_NRT
1.37191,104.16484,2025-05-21,1743,N21,n,2.0NRT,2.5,N,0.55,0.68,,,,,,firms,VIIRS,VIIRS_NOAA21_NRT
1.37304,104.16541,2025-05-21,1743,N21,n,2.0NRT,2.5,N,0.55,0.68,,,,,,firms,VIIRS,VIIRS_NOAA21_NRT
1.37888,104.16077,2025-05-21,1743,N21,n,2.0NRT,7.29,N,0.55,0.68,,,,,,firms,VIIRS,VIIRS_NOAA21_NRT
1.37961,104.15587,2025-05-21,1743,N21,n,2.0NRT,7.29,N,0.55,0.68,,,,,,firms,VIIRS,VIIRS_NOAA21_NRT
1.38034,104.15096,2025-05-21,1743,N21,n,2.0NRT,3.52,N,0.55,0.68,,,,,,firms,VIIRS,VIIRS_NOAA21_NRT
1.38081,104.15642,2025-05-21,1743,N21,n,2.0NRT,11.48,N,0.55,0.68,,,,,,firms,VIIRS,VIIRS_NOAA21_NRT
1.76069,109.55232,2025-05-21,1743,N21,n,2.0NRT,1.11,N,0.47,0.48,,,,,,firms,VIIRS,VIIRS_NOAA21_NRT
-8.45102,118.13403,2025-05-21,1745,N21,n,2.0NRT,0.87,N,0.56,0.43,,,,,,firms,VIIRS,VIIRS_NOAA21_NRT
-8.3414,118.96563,2025-05-21,1745,N21,n,2.0NRT,0.89,N,0.42,0.45,,,,,,firms,VIIRS,VIIRS_NOAA21_NRT
-8.11452,112.92452,2025-05-21,1745,N21,n,2.0NRT,1.19,N,0.39,0.36,,,,,,firms,VIIRS,VIIRS_NOAA21_NRT
-8.11123,112.92511,2025-05-21,1745,N21,n,2.0NRT,1.52,N,0.39,0.36,,,,,,firms,VIIRS,VIIRS_NOAA21_NRT
-7.7371,114.23228,2025-05-21,1745,N21,n,2.0NRT,0.88,N,0.39,0.36,,,,,,firms,VIIRS,VIIRS_NOAA21_NRT
-7.26974,112.68382,2025-05-21,1745,N21,n,2.0NRT,0.81,N,0.39,0.36,,,,,,firms,VIIRS,VIIRS_NOAA21_NRT
-1.17764,103.35628,2025-05-21,1923,N21,n,2.0NRT,3.67,N,0.78,0.78,,,,,,firms,VIIRS,VIIRS_NOAA21_NRT
-1.17522,103.35947,2025-05-21,1923,N21,n,2.0NRT,3.05,N,0.78,0.78,,,,,,firms,VIIRS,VIIRS_NOAA21_NRT
0.67946,101.11831,2025-05-21,1923,N21,n,2.0NRT,0.78,N,0.51,0.66,,,,,,firms,VIIRS,VIIRS_NOAA21_NRT
1.22643,103.68018,2025-05-21,1923,N21,n,2.0NRT,3.85,N,0.76,0.77,,,,,,firms,VIIRS,VIIRS_NOAA21_NRT
1.22754,103.67355,2025-05-21,1923,N21,n,2.0NRT,3.85,N,0.75,0.77,,,,,,firms,VIIRS,VIIRS_NOAA21_NRT
1.67434,101.47779,2025-05-21,1923,N21,n,2.0NRT,1.4,N,0.52,0.67,,,,,,firms,VIIRS,VIIRS_NOAA21_NRT
-2.32906,100.90214,2025-05-21,1925,N21,n,2.0NRT,2.2,N,0.55,0.68,,,,,,firms,VIIRS,VIIRS_NOAA21_NRT
-2.87853,122.16516,2025-05-22,444,N21,n,2.0NRT,3.89,D,0.36,0.57,,,,,,firms,VIIRS,VIIRS_NOAA21_NRT
-2.57778,121.37477,2025-05-22,444,N21,n,2.0NRT,8.46,D,0.4,0.6,,,,,,firms,VIIRS,VIIRS_NOAA21_NRT
-2.57727,121.37817,2025-05-22,444,N21,n,2.0NRT,8.46,D,0.4,0.6,,,,,,firms,VIIRS,VIIRS_NOAA21_NRT
0.71211,117.07456,2025-05-22,444,N21,n,2.0NRT,8.91,D,0.72,0.75,,,,,,firms,VIIRS,VIIRS_NOAA21_NRT
-3.54395,102.10461,2025-05-22,622,N21,n,2.0NRT,7.55,D,0.49,0.41,,,,,,firms,VIIRS,VIIRS_NOAA21_NRT
-3.38511,102.98136,2025-05-22,622,N21,n,2.0NRT,15.12,D,0.45,0.39,,,,,,firms,VIIRS,VIIRS_NOAA21_NRT
-3.38504,102.98091,2025-05-22,622,N21,n,2.0NRT,16.31,D,0.45,0.39,,,,,,firms,VIIRS,VIIRS_NOAA21_NRT
-3.16507,103.75698,2025-05-22,622,N21,n,2.0NRT,10.46,D,0.41,0.37,,,,,,firms,VIIRS,VIIRS_NOAA21_NRT
-3.1487,104.00619,2025-05-22,622,N21,n,2.0NRT,4.21,D,0.41,0.37,,,,,,firms,VIIRS,VIIRS_NOAA21_NRT
-3.10071,103.25655,2025-05-22,622,N21,n,2.0NRT,6.14,D,0.43,0.38,,,,,,firms,VIIRS,VIIRS_NOAA21_NRT
-3.07685,101.90705,2025-05-22,622,N21,n,2.0NRT,4.13,D,0.5,0.41,,,,,,firms,VIIRS,VIIRS_NOAA21_NRT
-3.07178,103.9792,2025-05-22,622,N21,n,2.0NRT,6.63,D,0.41,0.37,,,,,,firms,VIIRS,VIIRS_NOAA21_NRT
-2.91815,101.75005,2025-05-22,622,N21,n,2.0NRT,2.6,D,0.51,0.41,,,,,,firms,VIIRS,VIIRS_NOAA21_NRT
-2.64682,101.44627,2025-05-22,622,N21,n,2.0NRT,6.58,D,0.52,0.42,,,,,,firms,VIIRS,VIIRS_NOAA21_NRT
-2.44955,111.04639,2025-05-22,622,N21,n,2.0NRT,3.8,D,0.42,0.45,,,,,,firms,VIIRS,VIIRS_NOAA21_NRT
-2.41493,102.05166,2025-05-22,622,N21,n,2.0NRT,14.92,D,0.48,0.4,,,,,,firms,VIIRS,VIIRS_NOAA21_NRT
-2.32911,100.90176,2025-05-22,622,N21,n,2.0NRT,7.15,D,0.56,0.43,,,,,,firms,VIIRS,VIIRS_NOAA21_NRT
-2.32836,100.90676,2025-05-22,622,N21,n,2.0NRT,12.56,D,0.56,0.43,,,,,,firms,VIIRS,VIIRS_NOAA21_NRT
-2.31812,105.83258,2025-05-22,622,N21,n,2.0NRT,13.7,D,0.38,0.36,,,,,,firms,VIIRS,VIIRS_NOAA21_NRT
-2.16017,115.58212,2025-05-22,622,N21,n,2.0NRT,5.65,D,0.44,0.62,,,,,,firms,VIIRS,VIIRS_NOAA21_NRT
-2.03429,101.0164,2025-05-22,622,N21,n,2.0NRT,11.76,D,0.55,0.42,,,,,,firms,VIIRS,VIIRS_NOAA21_NRT
-2.01579,100.92866,2025-05-22,622,N21,n,2.0NRT,9.87,D,0.55,0.43,,,,,,firms,VIIRS,VIIRS_NOAA21_NRT
-1.79983,102.69102,2025-05-22,622,N21,n,2.0NRT,7.05,D,0.44,0.39,,,,,,firms,VIIRS,VIIRS_NOAA21_NRT
-1.79938,102.69148,2025-05-22,622,N21,n,2.0NRT,8.58,D,0.44,0.39,,,,,,firms,VIIRS,VIIRS_NOAA21_NRT
-1.42164,101.39748,2025-05-22,622,N21,n,2.0NRT,2.77,D,0.51,0.41,,,,,,firms,VIIRS,VIIRS_NOAA21_NRT
-1.1661,115.08051,2025-05-22,622,N21,n,2.0NRT,8.21,D,0.42,0.61,,,,,,firms,VIIRS,VIIRS_NOAA21_NRT
-1.16551,115.08425,2025-05-22,622,N21,n,2.0NRT,11.85,D,0.42,0.61,,,,,,firms,VIIRS,VIIRS_NOAA21_NRT
-1.16053,115.07956,2025-05-22,622,N21,n,2.0NRT,33.13,D,0.42,0.61,,,,,,firms,VIIRS,VIIRS_NOAA21_NRT
-1.15994,115.08331,2025-05-22,622,N21,l,2.0NRT,42.07,D,0.42,0.61,,,,,,firms,VIIRS,VIIRS_NOAA21_NRT
-0.63231,110.26226,2025-05-22,622,N21,n,2.0NRT,32.41,D,0.4,0.44,,,,,,firms,VIIRS,VIIRS_NOAA21_NRT
-0.62826,110.26162,2025-05-22,622,N21,n,2.0NRT,11.76,D,0.4,0.44,,,,,,firms,VIIRS,VIIRS_NOAA21_NRT
0.3082,109.23386,2025-05-22,622,N21,n,2.0NRT,9.2,D,0.53,0.42,,,,,,firms,VIIRS,VIIRS_NOAA21_NRT
0.33448,117.5133,2025-05-22,622,N21,n,2.0NRT,7.52,D,0.65,0.73,,,,,,firms,VIIRS,VIIRS_NOAA21_NRT
0.47084,109.30461,2025-05-22,622,N21,n,2.0NRT,12.14,D,0.54,0.42,,,,,,firms,VIIRS,VIIRS_NOAA21_NRT
0.51183,109.11977,2025-05-22,622,N21,n,2.0NRT,5.94,D,0.53,0.42,,,,,,firms,VIIRS,VIIRS_NOAA21_NRT
0.51254,109.12451,2025-05-22,622,N21,n,2.0NRT,5.94,D,0.53,0.42,,,,,,firms,VIIRS,VIIRS_NOAA21_NRT
0.66424,117.15657,2025-05-22,622,N21,n,2.0NRT,7.83,D,0.62,0.72,,,,,,firms,VIIRS,VIIRS_NOAA21_NRT
0.66433,117.15337,2025-05-22,622,N21,n,2.0NRT,9.13,D,0.62,0.72,,,,,,firms,VIIRS,VIIRS_NOAA21_NRT
0.6652,117.1588,2025-05-22,622,N21,n,2.0NRT,10.46,D,0.62,0.72,,,,,,firms,VIIRS,VIIRS_NOAA21_NRT
1.02005,117.82336,2025-05-22,622,N21,n,2.0NRT,6.48,D,0.7,0.75,,,,,,firms,VIIRS,VIIRS_NOAA21_NRT
-2.1628,115.58172,2025-05-22,625,N21,n,2.0NRT,4.55,D,0.44,0.62,,,,,,firms,VIIRS,VIIRS_NOAA21_NRT
1.36946,99.56351,2025-05-22,625,N21,n,2.0NRT,4.16,D,0.4,0.44,,,,,,firms,VIIRS,VIIRS_NOAA21_NRT
2.18981,111.53341,2025-05-22,625,N21,n,2.0NRT,9.32,D,0.53,0.5,,,,,,firms,VIIRS,VIIRS_NOAA21_NRT
2.56239,99.53459,2025-05-22,625,N21,n,2.0NRT,4.27,D,0.39,0.44,,,,,,firms,VIIRS,VIIRS_NOAA21_NRT
2.65309,111.42902,2025-05-22,625,N21,n,2.0NRT,4.9,D,0.53,0.5,,,,,,firms,VIIRS,VIIRS_NOAA21_NRT
2.77157,112.15942,2025-05-22,625,N21,n,2.0NRT,17.49,D,0.6,0.53,,,,,,firms,VIIRS,VIIRS_NOAA21_NRT
2.77289,112.15618,2025-05-22,625,N21,n,2.0NRT,9.76,D,0.6,0.53,,,,,,firms,VIIRS,VIIRS_NOAA21_NRT
2.7737,112.16157,2025-05-22,625,N21,n,2.0NRT,9.76,D,0.6,0.53,,,,,,firms,VIIRS,VIIRS_NOAA21_NRT
2.78443,112.17957,2025-05-22,625,N21,n,2.0NRT,7.73,D,0.61,0.53,,,,,,firms,VIIRS,VIIRS_NOAA21_NRT
3.28453,113.08401,2025-05-22,625,N21,n,2.0NRT,13.83,D,0.36,0.57,,,,,,firms,VIIRS,VIIRS_NOAA21_NRT
3.29023,113.08655,2025-05-22,625,N21,l,2.0NRT,18.64,D,0.36,0.57,,,,,,firms,VIIRS,VIIRS_NOAA21_NRT
3.48292,101.13705,2025-05-22,625,N21,n,2.0NRT,5.39,D,0.46,0.39,,,,,,firms,VIIRS,VIIRS_NOAA21_NRT
3.48651,101.13651,2025-05-22,625,N21,n,2.0NRT,7.41,D,0.46,0.39,,,,,,firms,VIIRS,VIIRS_NOAA21_NRT
3.50296,101.13434,2025-05-22,625,N21,n,2.0NRT,7.5,D,0.46,0.39,,,,,,firms,VIIRS,VIIRS_NOAA21_NRT
3.50446,101.13376,2025-05-22,625,N21,n,2.0NRT,7.16,D,0.46,0.39,,,,,,firms,VIIRS,VIIRS_NOAA21_NRT
3.52172,113.31403,2025-05-22,625,N21,n,2.0NRT,6.6,D,0.37,0.58,,,,,,firms,VIIRS,VIIRS_NOAA21_NRT
3.53724,113.34599,2025-05-22,625,N21,n,2.0NRT,3.72,D,0.37,0.58,,,,,,firms,VIIRS,VIIRS_NOAA21_NRT
4.69928,113.94129,2025-05-22,625,N21,n,2.0NRT,7.72,D,0.43,0.62,,,,,,firms,VIIRS,VIIRS_NOAA21_NRT
4.74208,113.72854,2025-05-22,625,N21,n,2.0NRT,5.1,D,0.42,0.61,,,,,,firms,VIIRS,VIIRS_NOAA21_NRT
5.61593,114.89242,2025-05-22,625,N21,n,2.0NRT,4.38,D,0.52,0.66,,,,,,firms,VIIRS,VIIRS_NOAA21_NRT
-1.38304,122.47948,2025-05-22,1724,N21,n,2.0NRT,1.39,N,0.44,0.39,,,,,,firms,VIIRS,VIIRS_NOAA21_NRT
-1.38232,122.47909,2025-05-22,1724,N21,n,2.0NRT,1.03,N,0.44,0.39,,,,,,firms,VIIRS,VIIRS_NOAA21_NRT
1.4934,127.63678,2025-05-22,1724,N21,n,2.0NRT,0.64,N,0.56,0.51,,,,,,firms,VIIRS,VIIRS_NOAA21_NRT
1.51559,127.93771,2025-05-22,1724,N21,n,2.0NRT,2.29,N,0.58,0.52,,,,,,firms,VIIRS,VIIRS_NOAA21_NRT
1.69812,127.87517,2025-05-22,1724,N21,n,2.0NRT,5.58,N,0.57,0.52,,,,,,firms,VIIRS,VIIRS_NOAA21_NRT
2.76604,112.17539,2025-05-22,1724,N21,n,2.0NRT,1.49,N,0.34,0.56,,,,,,firms,VIIRS,VIIRS_NOAA21_NRT
2.77903,112.15862,2025-05-22,1724,N21,n,2.0NRT,0.86,N,0.34,0.56,,,,,,firms,VIIRS,VIIRS_NOAA21_NRT
2.78211,125.40668,2025-05-22,1724,N21,n,2.0NRT,1.93,N,0.57,0.43,,,,,,firms,VIIRS,VIIRS_NOAA21_NRT
3.27925,113.06618,2025-05-22,1724,N21,n,2.0NRT,9.36,N,0.6,0.53,,,,,,firms,VIIRS,VIIRS_NOAA21_NRT
3.28008,113.06062,2025-05-22,1724,N21,n,2.0NRT,9.36,N,0.6,0.53,,,,,,firms,VIIRS,VIIRS_NOAA21_NRT
3.28656,113.0836,2025-05-22,1724,N21,n,2.0NRT,3.13,N,0.6,0.53,,,,,,firms,VIIRS,VIIRS_NOAA21_NRT
3.29061,113.08961,2025-05-22,1724,N21,n,2.0NRT,3.13,N,0.6,0.53,,,,,,firms,VIIRS,VIIRS_NOAA21_NRT
3.60742,112.41198,2025-05-22,1724,N21,n,2.0NRT,2.68,N,0.34,0.56,,,,,,firms,VIIRS,VIIRS_NOAA21_NRT
3.60787,112.40897,2025-05-22,1724,N21,n,2.0NRT,2.68,N,0.34,0.56,,,,,,firms,VIIRS,VIIRS_NOAA21_NRT
4.67267,113.85435,2025-05-22,1724,N21,n,2.0NRT,3.63,N,0.56,0.51,,,,,,firms,VIIRS,VIIRS_NOAA21_NRT
4.73989,113.72549,2025-05-22,1724,N21,n,2.0NRT,11.13,N,0.57,0.52,,,,,,firms,VIIRS,VIIRS_NOAA21_NRT
4.74103,113.72754,2025-05-22,1724,N21,n,2.0NRT,10.85,N,0.57,0.52,,,,,,firms,VIIRS,VIIRS_NOAA21_NRT
-8.53956,122.76711,2025-05-22,1726,N21,n,2.0NRT,1.93,N,0.56,0.43,,,,,,firms,VIIRS,VIIRS_NOAA21_NRT
-8.53568,122.76785,2025-05-22,1726,N21,n,2.0NRT,1.93,N,0.56,0.43,,,,,,firms,VIIRS,VIIRS_NOAA21_NRT
-8.2939,117.8491,2025-05-22,1726,N21,n,2.0NRT,0.59,N,0.39,0.36,,,,,,firms,VIIRS,VIIRS_NOAA21_NRT
-8.27575,123.51064,2025-05-22,1726,N21,n,2.0NRT,15.18,N,0.41,0.45,,,,,,firms,VIIRS,VIIRS_NOAA21_NRT
-8.27515,123.50626,2025-05-22,1726,N21,n,2.0NRT,22.58,N,0.41,0.45,,,,,,firms,VIIRS,VIIRS_NOAA21_NRT
-8.27159,123.5107,2025-05-22,1726,N21,n,2.0NRT,0.58,N,0.41,0.45,,,,,,firms,VIIRS,VIIRS_NOAA21_NRT
-5.27064,119.93545,2025-05-22,1726,N21,n,2.0NRT,0.49,N,0.39,0.36,,,,,,firms,VIIRS,VIIRS_NOAA21_NRT
-3.86965,122.39878,2025-05-22,1726,N21,n,2.0NRT,0.79,N,0.47,0.39,,,,,,firms,VIIRS,VIIRS_NOAA21_NRT
-1.7055,119.30976,2025-05-22,1726,N21,n,2.0NRT,1.31,N,0.39,0.36,,,,,,firms,VIIRS,VIIRS_NOAA21_NRT
-10.04805,120.76948,2025-05-22,1728,N21,n,2.0NRT,0.98,N,0.45,0.39,,,,,,firms,VIIRS,VIIRS_NOAA21_NRT
-10.04449,120.77003,2025-05-22,1728,N21,n,2.0NRT,0.98,N,0.45,0.39,,,,,,firms,VIIRS,VIIRS_NOAA21_NRT
-8.86201,116.48022,2025-05-22,1728,N21,n,2.0NRT,0.58,N,0.4,0.37,,,,,,firms,VIIRS,VIIRS_NOAA21_NRT
-8.78555,118.01202,2025-05-22,1728,N21,n,2.0NRT,0.5,N,0.38,0.36,,,,,,firms,VIIRS,VIIRS_NOAA21_NRT
-8.11481,112.9213,2025-05-22,1728,N21,n,2.0NRT,5.42,N,0.41,0.45,,,,,,firms,VIIRS,VIIRS_NOAA21_NRT
-8.11089,112.92292,2025-05-22,1728,N21,n,2.0NRT,5.42,N,0.41,0.45,,,,,,firms,VIIRS,VIIRS_NOAA21_NRT
-7.51834,110.82068,2025-05-22,1728,N21,n,2.0NRT,0.76,N,0.58,0.52,,,,,,firms,VIIRS,VIIRS_NOAA21_NRT
2.53271,101.81481,2025-05-22,1904,N21,n,2.0NRT,1.59,N,0.5,0.49,,,,,,firms,VIIRS,VIIRS_NOAA21_NRT
1.37447,104.16291,2025-05-22,1906,N21,n,2.0NRT,2.34,N,0.38,0.59,,,,,,firms,VIIRS,VIIRS_NOAA21_NRT
1.37503,104.15957,2025-05-22,1906,N21,n,2.0NRT,1.9,N,0.38,0.59,,,,,,firms,VIIRS,VIIRS_NOAA21_NRT
1.37557,104.15625,2025-05-22,1906,N21,n,2.0NRT,1.9,N,0.38,0.59,,,,,,firms,VIIRS,VIIRS_NOAA21_NRT
1.3763,104.16245,2025-05-22,1906,N21,n,2.0NRT,2.37,N,0.38,0.59,,,,,,firms,VIIRS,VIIRS_NOAA21_NRT
1.37683,104.15911,2025-05-22,1906,N21,n,2.0NRT,1.42,N,0.38,0.59,,,,,,firms,VIIRS,VIIRS_NOAA21_NRT
1.37735,104.15578,2025-05-22,1906,N21,n,2.0NRT,1.42,N,0.38,0.59,,,,,,firms,VIIRS,VIIRS_NOAA21_NRT
-8.27818,123.47797,2025-05-23,421,N21,n,2.0NRT,18.97,D,0.75,0.77,,,,,,firms,VIIRS,VIIRS_NOAA21_NRT
-8.27506,123.50394,2025-05-23,421,N21,n,2.0NRT,18.97,D,0.75,0.77,,,,,,firms,VIIRS,VIIRS_NOAA21_NRT
-6.64497,138.98444,2025-05-23,421,N21,n,2.0NRT,2.81,D,0.43,0.38,,,,,,firms,VIIRS,VIIRS_NOAA21_NRT
-3.86009,138.85576,2025-05-23,423,N21,n,2.0NRT,6.66,D,0.45,0.39,,,,,,firms,VIIRS,VIIRS_NOAA21_NRT
-3.85648,138.85558,2025-05-23,423,N21,n,2.0NRT,11.21,D,0.45,0.39,,,,,,firms,VIIRS,VIIRS_NOAA21_NRT
-3.75909,138.71445,2025-05-23,423,N21,n,2.0NRT,6.0,D,0.44,0.39,,,,,,firms,VIIRS,VIIRS_NOAA21_NRT
-3.75847,138.71834,2025-05-23,423,N21,n,2.0NRT,6.0,D,0.44,0.39,,,,,,firms,VIIRS,VIIRS_NOAA21_NRT
-3.75552,138.71414,2025-05-23,423,N21,n,2.0NRT,16.16,D,0.44,0.39,,,,,,firms,VIIRS,VIIRS_NOAA21_NRT
-3.75513,138.71451,2025-05-23,423,N21,n,2.0NRT,13.27,D,0.44,0.39,,,,,,firms,VIIRS,VIIRS_NOAA21_NRT
-3.75491,138.71803,2025-05-23,423,N21,n,2.0NRT,16.16,D,0.44,0.39,,,,,,firms,VIIRS,VIIRS_NOAA21_NRT
-3.33767,135.53108,2025-05-23,423,N21,n,2.0NRT,2.66,D,0.38,0.36,,,,,,firms,VIIRS,VIIRS_NOAA21_NRT
-2.61726,140.64514,2025-05-23,423,N21,n,2.0NRT,3.78,D,0.39,0.44,,,,,,firms,VIIRS,VIIRS_NOAA21_NRT
-2.61325,140.64456,2025-05-23,423,N21,n,2.0NRT,3.78,D,0.39,0.44,,,,,,firms,VIIRS,VIIRS_NOAA21_NRT
-1.45932,127.43659,2025-05-23,423,N21,n,2.0NRT,9.95,D,0.63,0.54,,,,,,firms,VIIRS,VIIRS_NOAA21_NRT
-1.45739,127.4386,2025-05-23,423,N21,n,2.0NRT,11.26,D,0.63,0.54,,,,,,firms,VIIRS,VIIRS_NOAA21_NRT
0.50865,127.89647,2025-05-23,423,N21,n,2.0NRT,9.35,D,0.54,0.51,,,,,,firms,VIIRS,VIIRS_NOAA21_NRT
1.49255,127.63194,2025-05-23,425,N21,n,2.0NRT,6.08,D,0.55,0.51,,,,,,firms,VIIRS,VIIRS_NOAA21_NRT
-8.40032,117.13169,2025-05-23,603,N21,n,2.0NRT,3.49,D,0.42,0.45,,,,,,firms,VIIRS,VIIRS_NOAA21_NRT
-2.16086,115.58191,2025-05-23,603,N21,n,2.0NRT,11.15,D,0.41,0.45,,,,,,firms,VIIRS,VIIRS_NOAA21_NRT
-1.36279,112.81134,2025-05-23,605,N21,n,2.0NRT,3.89,D,0.44,0.39,,,,,,firms,VIIRS,VIIRS_NOAA21_NRT
-1.36218,112.81531,2025-05-23,605,N21,n,2.0NRT,5.23,D,0.44,0.39,,,,,,firms,VIIRS,VIIRS_NOAA21_NRT
-1.21422,113.4366,2025-05-23,605,N21,n,2.0NRT,2.66,D,0.48,0.4,,,,,,firms,VIIRS,VIIRS_NOAA21_NRT
-0.91026,110.23753,2025-05-23,605,N21,n,2.0NRT,2.87,D,0.38,0.36,,,,,,firms,VIIRS,VIIRS_NOAA21_NRT
-0.80608,110.34104,2025-05-23,605,N21,n,2.0NRT,3.22,D,0.39,0.36,,,,,,firms,VIIRS,VIIRS_NOAA21_NRT
-0.43876,101.57561,2025-05-23,605,N21,n,2.0NRT,2.33,D,0.33,0.55,,,,,,firms,VIIRS,VIIRS_NOAA21_NRT
0.13506,109.44913,2025-05-23,605,N21,n,2.0NRT,2.57,D,0.38,0.36,,,,,,firms,VIIRS,VIIRS_NOAA21_NRT
0.44579,112.22896,2025-05-23,605,N21,n,2.0NRT,4.64,D,0.44,0.38,,,,,,firms,VIIRS,VIIRS_NOAA21_NRT
0.49761,108.97245,2025-05-23,605,N21,n,2.0NRT,3.39,D,0.39,0.36,,,,,,firms,VIIRS,VIIRS_NOAA21_NRT
0.5272,112.57155,2025-05-23,605,N21,n,2.0NRT,3.74,D,0.45,0.39,,,,,,firms,VIIRS,VIIRS_NOAA21_NRT
0.68976,117.54682,2025-05-23,605,N21,n,2.0NRT,12.49,D,0.62,0.54,,,,,,firms,VIIRS,VIIRS_NOAA21_NRT
1.08971,109.82185,2025-05-23,605,N21,n,2.0NRT,13.19,D,0.38,0.36,,,,,,firms,VIIRS,VIIRS_NOAA21_NRT
1.37583,104.15861,2025-05-23,605,N21,n,2.0NRT,5.44,D,0.41,0.45,,,,,,firms,VIIRS,VIIRS_NOAA21_NRT
1.59514,109.75056,2025-05-23,605,N21,n,2.0NRT,3.59,D,0.38,0.36,,,,,,firms,VIIRS,VIIRS_NOAA21_NRT
2.75299,112.15972,2025-05-23,605,N21,n,2.0NRT,9.96,D,0.46,0.39,,,,,,firms,VIIRS,VIIRS_NOAA21_NRT
2.75658,112.15919,2025-05-23,605,N21,n,2.0NRT,9.96,D,0.46,0.39,,,,,,firms,VIIRS,VIIRS_NOAA21_NRT
2.77152,112.16113,2025-05-23,605,N21,n,2.0NRT,8.31,D,0.46,0.39,,,,,,firms,VIIRS,VIIRS_NOAA21_NRT
2.77458,112.18159,2025-05-23,605,N21,n,2.0NRT,4.16,D,0.46,0.39,,,,,,firms,VIIRS,VIIRS_NOAA21_NRT
2.7751,112.16059,2025-05-23,605,N21,n,2.0NRT,5.86,D,0.46,0.39,,,,,,firms,VIIRS,VIIRS_NOAA21_NRT
2.77572,112.16468,2025-05-23,605,N21,n,2.0NRT,4.04,D,0.46,0.39,,,,,,firms,VIIRS,VIIRS_NOAA21_NRT
2.77756,112.17696,2025-05-23,605,N21,n,2.0NRT,9.57,D,0.46,0.39,,,,,,firms,VIIRS,VIIRS_NOAA21_NRT
2.77817,112.18106,2025-05-23,605,N21,n,2.0NRT,23.35,D,0.46,0.39,,,,,,firms,VIIRS,VIIRS_NOAA21_NRT
2.7793,112.16415,2025-05-23,605,N21,n,2.0NRT,4.04,D,0.46,0.39,,,,,,firms,VIIRS,VIIRS_NOAA21_NRT
2.78114,112.17642,2025-05-23,605,N21,n,2.0NRT,9.57,D,0.46,0.39,,,,,,firms,VIIRS,VIIRS_NOAA21_NRT
2.78176,112.18052,2025-05-23,605,N21,n,2.0NRT,23.35,D,0.46,0.39,,,,,,firms,VIIRS,VIIRS_NOAA21_NRT
2.78473,112.17589,2025-05-23,605,N21,n,2.0NRT,61.16,D,0.46,0.39,,,,,,firms,VIIRS,VIIRS_NOAA21_NRT
2.78535,112.17999,2025-05-23,605,N21,n,2.0NRT,12.65,D,0.46,0.39,,,,,,firms,VIIRS,VIIRS_NOAA21_NRT
3.0119,114.02176,2025-05-23,605,N21,n,2.0NRT,2.17,D,0.39,0.44,,,,,,firms,VIIRS,VIIRS_NOAA21_NRT
3.02066,114.22637,2025-05-23,605,N21,n,2.0NRT,3.09,D,0.4,0.44,,,,,,firms,VIIRS,VIIRS_NOAA21_NRT
3.06855,113.03568,2025-05-23,605,N21,n,2.0NRT,2.7,D,0.51,0.41,,,,,,firms,VIIRS,VIIRS_NOAA21_NRT
3.06918,113.03738,2025-05-23,605,N21,n,2.0NRT,3.51,D,0.51,0.41,,,,,,firms,VIIRS,VIIRS_NOAA21_NRT
3.2783,113.06424,2025-05-23,605,N21,n,2.0NRT,12.06,D,0.52,0.41,,,,,,firms,VIIRS,VIIRS_NOAA21_NRT
3.28558,113.08672,2025-05-23,605,N21,n,2.0NRT,12.73,D,0.52,0.41,,,,,,firms,VIIRS,VIIRS_NOAA21_NRT
3.28939,113.08622,2025-05-23,605,N21,n,2.0NRT,12.73,D,0.52,0.41,,,,,,firms,VIIRS,VIIRS_NOAA21_NRT
3.29009,113.09083,2025-05-23,605,N21,n,2.0NRT,12.73,D,0.52,0.41,,,,,,firms,VIIRS,VIIRS_NOAA21_NRT
3.98871,116.96818,2025-05-23,605,N21,n,2.0NRT,1.93,D,0.64,0.54,,,,,,firms,VIIRS,VIIRS_NOAA21_NRT
4.70783,114.4441,2025-05-23,608,N21,n,2.0NRT,3.95,D,0.44,0.46,,,,,,firms,VIIRS,VIIRS_NOAA21_NRT
4.7535,114.7954,2025-05-23,608,N21,n,2.0NRT,8.68,D,0.46,0.47,,,,,,firms,VIIRS,VIIRS_NOAA21_NRT
5.46181,116.17549,2025-05-23,608,N21,n,2.0NRT,7.27,D,0.59,0.53,,,,,,firms,VIIRS,VIIRS_NOAA21_NRT
-2.2121,115.49921,2025-05-23,1705,N21,n,2.0NRT,1.52,N,0.36,0.57,,,,,,firms,VIIRS,VIIRS_NOAA21_NRT
-2.16575,115.57507,2025-05-23,1705,N21,n,2.0NRT,1.46,N,0.35,0.57,,,,,,firms,VIIRS,VIIRS_NOAA21_NRT
-2.1621,115.58521,2025-05-23,1705,N21,n,2.0NRT,1.46,N,0.35,0.57,,,,,,firms,VIIRS,VIIRS_NOAA21_NRT
-2.16158,115.58212,2025-05-23,1705,N21,n,2.0NRT,1.86,N,0.35,0.57,,,,,,firms,VIIRS,VIIRS_NOAA21_NRT
-2.16068,115.58463,2025-05-23,1705,N21,n,2.0NRT,2.8,N,0.35,0.57,,,,,,firms,VIIRS,VIIRS_NOAA21_NRT
-2.0624,115.5708,2025-05-23,1705,N21,n,2.0NRT,1.06,N,0.36,0.57,,,,,,firms,VIIRS,VIIRS_NOAA21_NRT
-1.56758,127.42989,2025-05-23,1705,N21,n,2.0NRT,1.59,N,0.45,0.39,,,,,,firms,VIIRS,VIIRS_NOAA21_NRT
-1.46005,127.43708,2025-05-23,1705,N21,n,2.0NRT,3.51,N,0.45,0.39,,,,,,firms,VIIRS,VIIRS_NOAA21_NRT
-1.45649,127.43765,2025-05-23,1705,N21,n,2.0NRT,3.51,N,0.45,0.39,,,,,,firms,VIIRS,VIIRS_NOAA21_NRT
-0.58396,117.38632,2025-05-23,1705,N21,n,2.0NRT,1.14,N,0.56,0.52,,,,,,firms,VIIRS,VIIRS_NOAA21_NRT
2.77894,125.40537,2025-05-23,1705,N21,n,2.0NRT,1.59,N,0.38,0.36,,,,,,firms,VIIRS,VIIRS_NOAA21_NRT
2.78224,125.40587,2025-05-23,1705,N21,n,2.0NRT,1.44,N,0.38,0.36,,,,,,firms,VIIRS,VIIRS_NOAA21_NRT
3.28555,113.08346,2025-05-23,1705,N21,n,2.0NRT,5.57,N,0.64,0.72,,,,,,firms,VIIRS,VIIRS_NOAA21_NRT
3.28641,113.07751,2025-05-23,1705,N21,n,2.0NRT,2.35,N,0.64,0.72,,,,,,firms,VIIRS,VIIRS_NOAA21_NRT
3.28775,113.08208,2025-05-23,1705,N21,n,2.0NRT,4.62,N,0.64,0.72,,,,,,firms,VIIRS,VIIRS_NOAA21_NRT
3.52514,113.31276,2025-05-23,1705,N21,n,2.0NRT,2.63,N,0.63,0.72,,,,,,firms,VIIRS,VIIRS_NOAA21_NRT
3.53366,113.34328,2025-05-23,1705,N21,n,2.0NRT,2.53,N,0.62,0.72,,,,,,firms,VIIRS,VIIRS_NOAA21_NRT
3.53416,113.34225,2025-05-23,1705,N21,n,2.0NRT,2.26,N,0.62,0.72,,,,,,firms,VIIRS,VIIRS_NOAA21_NRT
3.60781,112.41016,2025-05-23,1705,N21,n,2.0NRT,4.91,N,0.72,0.76,,,,,,firms,VIIRS,VIIRS_NOAA21_NRT
4.54034,114.11877,2025-05-23,1705,N21,n,2.0NRT,1.13,N,0.57,0.69,,,,,,firms,VIIRS,VIIRS_NOAA21_NRT
-8.53737,122.76922,2025-05-23,1707,N21,n,2.0NRT,2.81,N,0.38,0.36,,,,,,firms,VIIRS,VIIRS_NOAA21_NRT
-8.53682,122.76575,2025-05-23,1707,N21,n,2.0NRT,2.81,N,0.38,0.36,,,,,,firms,VIIRS,VIIRS_NOAA21_NRT
-8.27747,123.50623,2025-05-23,1707,N21,n,2.0NRT,4.36,N,0.39,0.36,,,,,,firms,VIIRS,VIIRS_NOAA21_NRT
-8.27416,123.50668,2025-05-23,1707,N21,n,2.0NRT,33.89,N,0.39,0.36,,,,,,firms,VIIRS,VIIRS_NOAA21_NRT
2.78771,112.17376,2025-05-23,1707,N21,n,2.0NRT,0.72,N,0.73,0.76,,,,,,firms,VIIRS,VIIRS_NOAA21_NRT
5.87677,114.30087,2025-05-23,1843,N21,n,2.0NRT,3.28,N,0.75,0.77,,,,,,firms,VIIRS,VIIRS_NOAA21_NRT
0.44097,101.89127,2025-05-23,1845,N21,n,2.0NRT,1.39,N,0.43,0.38,,,,,,firms,VIIRS,VIIRS_NOAA21_NRT
0.53578,101.6018,2025-05-23,1845,N21,n,2.0NRT,0.92,N,0.42,0.37,,,,,,firms,VIIRS,VIIRS_NOAA21_NRT
0.84627,101.39326,2025-05-23,1845,N21,n,2.0NRT,0.51,N,0.41,0.37,,,,,,firms,VIIRS,VIIRS_NOAA21_NRT
1.37596,104.15835,2025-05-23,1845,N21,n,2.0NRT,4.05,N,0.54,0.42,,,,,,firms,VIIRS,VIIRS_NOAA21_NRT
1.37671,104.15353,2025-05-23,1845,N21,n,2.0NRT,2.26,N,0.54,0.42,,,,,,firms,VIIRS,VIIRS_NOAA21_NRT
1.37756,104.16038,2025-05-23,1845,N21,n,2.0NRT,2.8,N,0.54,0.42,,,,,,firms,VIIRS,VIIRS_NOAA21_NRT
1.37833,104.15558,2025-05-23,1845,N21,n,2.0NRT,2.8,N,0.54,0.42,,,,,,firms,VIIRS,VIIRS_NOAA21_NRT
3.28835,113.0883,2025-05-23,1845,N21,n,2.0NRT,5.4,N,0.69,0.74,,,,,,firms,VIIRS,VIIRS_NOAA21_NRT
3.52069,113.31326,2025-05-23,1845,N21,n,2.0NRT,2.0,N,0.71,0.75,,,,,,firms,VIIRS,VIIRS_NOAA21_NRT
3.53476,113.34357,2025-05-23,1845,N21,n,2.0NRT,2.21,N,0.71,0.75,,,,,,firms,VIIRS,VIIRS_NOAA21_NRT
3.60456,112.41349,2025-05-23,1845,N21,n,2.0NRT,6.57,N,0.61,0.71,,,,,,firms,VIIRS,VIIRS_NOAA21_NRT
3.76013,112.06502,2025-05-23,1845,N21,n,2.0NRT,5.87,N,0.57,0.69,,,,,,firms,VIIRS,VIIRS_NOAA21_NRT
3.76276,112.06579,2025-05-23,1845,N21,n,2.0NRT,7.13,N,0.57,0.69,,,,,,firms,VIIRS,VIIRS_NOAA21_NRT
-2.07307,105.96317,2025-05-23,1847,N21,n,2.0NRT,1.02,N,0.53,0.5,,,,,,firms,VIIRS,VIIRS_NOAA21_NRT
-8.0566,140.3461,2025-05-24,404,N21,n,2.0NRT,3.25,D,0.4,0.37,,,,,,firms,VIIRS,VIIRS_NOAA21_NRT
-3.70615,138.16808,2025-05-24,404,N21,n,2.0NRT,7.19,D,0.44,0.38,,,,,,firms,VIIRS,VIIRS_NOAA21_NRT
-9.42164,119.67311,2025-05-24,544,N21,n,2.0NRT,5.36,D,0.46,0.39,,,,,,firms,VIIRS,VIIRS_NOAA21_NRT
-9.36767,119.64359,2025-05-24,544,N21,n,2.0NRT,3.17,D,0.46,0.39,,,,,,firms,VIIRS,VIIRS_NOAA21_NRT
-9.35506,119.90281,2025-05-24,544,N21,n,2.0NRT,1.79,D,0.47,0.4,,,,,,firms,VIIRS,VIIRS_NOAA21_NRT
-7.69357,108.99612,2025-05-24,544,N21,n,2.0NRT,7.96,D,0.55,0.51,,,,,,firms,VIIRS,VIIRS_NOAA21_NRT
-3.37849,114.64561,2025-05-24,546,N21,n,2.0NRT,3.66,D,0.39,0.36,,,,,,firms,VIIRS,VIIRS_NOAA21_NRT
-2.93779,115.23894,2025-05-24,546,N21,n,2.0NRT,2.39,D,0.38,0.36,,,,,,firms,VIIRS,VIIRS_NOAA21_NRT
-2.47256,114.56765,2025-05-24,546,N21,n,2.0NRT,2.58,D,0.39,0.36,,,,,,firms,VIIRS,VIIRS_NOAA21_NRT
-2.37249,119.58802,2025-05-24,546,N21,n,2.0NRT,15.64,D,0.55,0.43,,,,,,firms,VIIRS,VIIRS_NOAA21_NRT
-2.2123,115.49496,2025-05-24,546,N21,n,2.0NRT,4.51,D,0.39,0.36,,,,,,firms,VIIRS,VIIRS_NOAA21_NRT
-2.21178,115.49842,2025-05-24,546,N21,n,2.0NRT,4.13,D,0.39,0.36,,,,,,firms,VIIRS,VIIRS_NOAA21_NRT
-2.1616,115.58269,2025-05-24,546,N21,n,2.0NRT,10.66,D,0.39,0.36,,,,,,firms,VIIRS,VIIRS_NOAA21_NRT
-2.06138,115.57075,2025-05-24,546,N21,n,2.0NRT,3.73,D,0.39,0.36,,,,,,firms,VIIRS,VIIRS_NOAA21_NRT
-1.98048,111.91516,2025-05-24,546,N21,n,2.0NRT,4.27,D,0.46,0.39,,,,,,firms,VIIRS,VIIRS_NOAA21_NRT
-1.25399,110.56904,2025-05-24,546,N21,n,2.0NRT,7.04,D,0.53,0.42,,,,,,firms,VIIRS,VIIRS_NOAA21_NRT
-1.07966,119.73117,2025-05-24,546,N21,n,2.0NRT,4.69,D,0.39,0.44,,,,,,firms,VIIRS,VIIRS_NOAA21_NRT
-0.34993,112.47554,2025-05-24,546,N21,n,2.0NRT,2.01,D,0.42,0.38,,,,,,firms,VIIRS,VIIRS_NOAA21_NRT
-0.19797,111.22603,2025-05-24,546,N21,n,2.0NRT,3.81,D,0.47,0.4,,,,,,firms,VIIRS,VIIRS_NOAA21_NRT
0.18488,110.14937,2025-05-24,546,N21,n,2.0NRT,6.21,D,0.54,0.42,,,,,,firms,VIIRS,VIIRS_NOAA21_NRT
0.18654,110.14751,2025-05-24,546,N21,n,2.0NRT,6.85,D,0.54,0.42,,,,,,firms,VIIRS,VIIRS_NOAA21_NRT
0.29189,116.08879,2025-05-24,546,N21,n,2.0NRT,3.09,D,0.41,0.37,,,,,,firms,VIIRS,VIIRS_NOAA21_NRT
0.51635,112.24919,2025-05-24,546,N21,n,2.0NRT,4.29,D,0.42,0.38,,,,,,firms,VIIRS,VIIRS_NOAA21_NRT
0.69159,117.54406,2025-05-24,546,N21,n,2.0NRT,8.16,D,0.47,0.39,,,,,,firms,VIIRS,VIIRS_NOAA21_NRT
1.02962,109.71789,2025-05-24,548,N21,n,2.0NRT,1.95,D,0.55,0.43,,,,,,firms,VIIRS,VIIRS_NOAA21_NRT
1.05651,109.60605,2025-05-24,548,N21,n,2.0NRT,4.66,D,0.56,0.43,,,,,,firms,VIIRS,VIIRS_NOAA21_NRT
1.45856,109.12292,2025-05-24,548,N21,n,2.0NRT,27.1,D,0.4,0.44,,,,,,firms,VIIRS,VIIRS_NOAA21_NRT
1.4626,109.1223,2025-05-24,548,N21,n,2.0NRT,3.3,D,0.4,0.44,,,,,,firms,VIIRS,VIIRS_NOAA21_NRT
1.89579,114.45986,2025-05-24,548,N21,n,2.0NRT,3.43,D,0.39,0.36,,,,,,firms,VIIRS,VIIRS_NOAA21_NRT
1.98704,113.76424,2025-05-24,548,N21,n,2.0NRT,2.46,D,0.38,0.36,,,,,,firms,VIIRS,VIIRS_NOAA21_NRT
2.69507,114.57493,2025-05-24,548,N21,n,2.0NRT,3.47,D,0.39,0.36,,,,,,firms,VIIRS,VIIRS_NOAA21_NRT
2.97072,117.34063,2025-05-24,548,N21,n,2.0NRT,11.3,D,0.48,0.4,,,,,,firms,VIIRS,VIIRS_NOAA21_NRT
3.42957,113.50158,2025-05-24,548,N21,n,2.0NRT,2.4,D,0.38,0.36,,,,,,firms,VIIRS,VIIRS_NOAA21_NRT
3.62154,113.56007,2025-05-24,548,N21,n,2.0NRT,17.83,D,0.38,0.36,,,,,,firms,VIIRS,VIIRS_NOAA21_NRT
3.80634,114.79623,2025-05-24,548,N21,n,2.0NRT,21.52,D,0.39,0.36,,,,,,firms,VIIRS,VIIRS_NOAA21_NRT
3.80741,114.80331,2025-05-24,548,N21,n,2.0NRT,3.17,D,0.39,0.37,,,,,,firms,VIIRS,VIIRS_NOAA21_NRT
5.14488,115.92998,2025-05-24,548,N21,n,2.0NRT,3.44,D,0.44,0.38,,,,,,firms,VIIRS,VIIRS_NOAA21_NRT
0.29531,99.22849,2025-05-24,729,N21,n,2.0NRT,3.68,D,0.44,0.62,,,,,,firms,VIIRS,VIIRS_NOAA21_NRT
0.5108,127.89668,2025-05-24,1645,N21,n,2.0NRT,1.1,N,0.41,0.37,,,,,,firms,VIIRS,VIIRS_NOAA21_NRT
-1.89051,115.86692,2025-05-24,1648,N21,n,2.0NRT,2.85,N,0.73,0.76,,,,,,firms,VIIRS,VIIRS_NOAA21_NRT
-0.58205,117.38634,2025-05-24,1648,N21,n,2.0NRT,1.16,N,0.6,0.71,,,,,,firms,VIIRS,VIIRS_NOAA21_NRT
-8.5379,122.76835,2025-05-24,1650,N21,n,2.0NRT,2.07,N,0.38,0.43,,,,,,firms,VIIRS,VIIRS_NOAA21_NRT
-8.53726,122.76466,2025-05-24,1650,N21,n,2.0NRT,2.07,N,0.38,0.44,,,,,,firms,VIIRS,VIIRS_NOAA21_NRT
-8.53466,122.76498,2025-05-24,1650,N21,n,2.0NRT,0.5,N,0.38,0.44,,,,,,firms,VIIRS,VIIRS_NOAA21_NRT
-8.27507,123.50327,2025-05-24,1650,N21,n,2.0NRT,13.89,N,0.53,0.42,,,,,,firms,VIIRS,VIIRS_NOAA21_NRT
-8.27136,123.50444,2025-05-24,1650,N21,n,2.0NRT,13.89,N,0.53,0.42,,,,,,firms,VIIRS,VIIRS_NOAA21_NRT
-8.24721,117.98112,2025-05-24,1650,N21,n,2.0NRT,2.29,N,0.41,0.6,,,,,,firms,VIIRS,VIIRS_NOAA21_NRT
-8.24702,117.98246,2025-05-24,1650,N21,n,2.0NRT,2.38,N,0.41,0.6,,,,,,firms,VIIRS,VIIRS_NOAA21_NRT
-3.80609,103.8198,2025-05-24,1828,N21,n,2.0NRT,3.13,N,0.39,0.36,,,,,,firms,VIIRS,VIIRS_NOAA21_NRT
-1.89295,115.86207,2025-05-24,1828,N21,n,2.0NRT,3.54,N,0.61,0.71,,,,,,firms,VIIRS,VIIRS_NOAA21_NRT
-1.24771,116.8186,2025-05-24,1828,N21,n,2.0NRT,1.25,N,0.69,0.74,,,,,,firms,VIIRS,VIIRS_NOAA21_NRT
0.6748,117.56644,2025-05-24,1828,N21,n,2.0NRT,2.39,N,0.73,0.76,,,,,,firms,VIIRS,VIIRS_NOAA21_NRT
0.68265,117.56149,2025-05-24,1828,N21,n,2.0NRT,3.4,N,0.73,0.76,,,,,,firms,VIIRS,VIIRS_NOAA21_NRT
0.68572,117.54242,2025-05-24,1828,N21,n,2.0NRT,2.69,N,0.72,0.76,,,,,,firms,VIIRS,VIIRS_NOAA21_NRT
0.69255,117.54382,2025-05-24,1828,N21,n,2.0NRT,7.34,N,0.72,0.76,,,,,,firms,VIIRS,VIIRS_NOAA21_NRT
0.80075,110.70889,2025-05-24,1828,N21,n,2.0NRT,1.21,N,0.48,0.48,,,,,,firms,VIIRS,VIIRS_NOAA21_NRT
0.84696,101.39143,2025-05-24,1828,N21,n,2.0NRT,1.16,N,0.46,0.39,,,,,,firms,VIIRS,VIIRS_NOAA21_NRT
1.11661,110.82428,2025-05-24,1828,N21,n,2.0NRT,1.1,N,0.48,0.48,,,,,,firms,VIIRS,VIIRS_NOAA21_NRT
1.37239,101.22102,2025-05-24,1828,N21,n,2.0NRT,1.15,N,0.47,0.4,,,,,,firms,VIIRS,VIIRS_NOAA21_NRT
1.37876,104.15952,2025-05-24,1828,N21,n,2.0NRT,1.4,N,0.39,0.36,,,,,,firms,VIIRS,VIIRS_NOAA21_NRT
1.45765,109.12283,2025-05-24,1828,N21,n,2.0NRT,3.6,N,0.56,0.43,,,,,,firms,VIIRS,VIIRS_NOAA21_NRT
1.67074,101.47536,2025-05-24,1828,N21,n,2.0NRT,0.48,N,0.46,0.39,,,,,,firms,VIIRS,VIIRS_NOAA21_NRT
1.94161,99.38338,2025-05-24,1828,N21,n,2.0NRT,2.02,N,0.41,0.45,,,,,,firms,VIIRS,VIIRS_NOAA21_NRT
-7.69559,108.99979,2025-05-24,1830,N21,n,2.0NRT,2.39,N,0.49,0.49,,,,,,firms,VIIRS,VIIRS_NOAA21_NRT
-7.69498,108.9954,2025-05-24,1830,N21,n,2.0NRT,2.39,N,0.49,0.49,,,,,,firms,VIIRS,VIIRS_NOAA21_NRT
-7.2416,109.21522,2025-05-24,1830,N21,n,2.0NRT,0.96,N,0.5,0.49,,,,,,firms,VIIRS,VIIRS_NOAA21_NRT
-7.24062,111.73491,2025-05-24,1830,N21,n,2.0NRT,0.89,N,0.37,0.58,,,,,,firms,VIIRS,VIIRS_NOAA21_NRT
-7.24023,109.21793,2025-05-24,1830,N21,n,2.0NRT,1.73,N,0.5,0.49,,,,,,firms,VIIRS,VIIRS_NOAA21_NRT
-6.09791,106.67167,2025-05-24,1830,N21,n,2.0NRT,0.9,N,0.5,0.41,,,,,,firms,VIIRS,VIIRS_NOAA21_NRT
-8.21306,140.39554,2025-05-25,345,N21,n,2.0NRT,5.28,D,0.46,0.47,,,,,,firms,VIIRS,VIIRS_NOAA21_NRT
-10.16107,123.73993,2025-05-25,523,N21,n,2.0NRT,4.75,D,0.42,0.38,,,,,,firms,VIIRS,VIIRS_NOAA21_NRT
-10.15762,123.73938,2025-05-25,523,N21,n,2.0NRT,4.93,D,0.42,0.38,,,,,,firms,VIIRS,VIIRS_NOAA21_NRT
-9.4793,119.65189,2025-05-25,525,N21,n,2.0NRT,1.99,D,0.41,0.37,,,,,,firms,VIIRS,VIIRS_NOAA21_NRT
-9.42558,119.56347,2025-05-25,525,N21,n,2.0NRT,4.81,D,0.41,0.37,,,,,,firms,VIIRS,VIIRS_NOAA21_NRT
-9.42218,119.56288,2025-05-25,525,N21,n,2.0NRT,4.81,D,0.41,0.37,,,,,,firms,VIIRS,VIIRS_NOAA21_NRT
-9.41879,119.27857,2025-05-25,525,N21,n,2.0NRT,1.94,D,0.42,0.38,,,,,,firms,VIIRS,VIIRS_NOAA21_NRT
-9.41354,119.79189,2025-05-25,525,N21,n,2.0NRT,2.41,D,0.4,0.37,,,,,,firms,VIIRS,VIIRS_NOAA21_NRT
-9.41015,119.79137,2025-05-25,525,N21,n,2.0NRT,2.99,D,0.4,0.37,,,,,,firms,VIIRS,VIIRS_NOAA21_NRT
-9.40184,119.72221,2025-05-25,525,N21,n,2.0NRT,5.64,D,0.41,0.37,,,,,,firms,VIIRS,VIIRS_NOAA21_NRT
-9.39791,119.72535,2025-05-25,525,N21,n,2.0NRT,5.64,D,0.41,0.37,,,,,,firms,VIIRS,VIIRS_NOAA21_NRT
-9.39507,119.72114,2025-05-25,525,N21,n,2.0NRT,3.18,D,0.41,0.37,,,,,,firms,VIIRS,VIIRS_NOAA21_NRT
-9.39452,119.7248,2025-05-25,525,N21,n,2.0NRT,3.18,D,0.41,0.37,,,,,,firms,VIIRS,VIIRS_NOAA21_NRT
-9.37653,119.30299,2025-05-25,525,N21,n,2.0NRT,5.46,D,0.42,0.37,,,,,,firms,VIIRS,VIIRS_NOAA21_NRT
-8.68667,117.73317,2025-05-25,525,N21,n,2.0NRT,4.06,D,0.48,0.4,,,,,,firms,VIIRS,VIIRS_NOAA21_NRT
-8.44229,123.11046,2025-05-25,525,N21,n,2.0NRT,8.22,D,0.41,0.37,,,,,,firms,VIIRS,VIIRS_NOAA21_NRT
-8.434,124.35802,2025-05-25,525,N21,n,2.0NRT,12.01,D,0.46,0.39,,,,,,firms,VIIRS,VIIRS_NOAA21_NRT
-8.27725,123.50527,2025-05-25,525,N21,n,2.0NRT,12.19,D,0.43,0.38,,,,,,firms,VIIRS,VIIRS_NOAA21_NRT
-8.27525,123.50555,2025-05-25,525,N21,n,2.0NRT,15.61,D,0.43,0.38,,,,,,firms,VIIRS,VIIRS_NOAA21_NRT
-8.27462,123.50961,2025-05-25,525,N21,n,2.0NRT,15.61,D,0.43,0.38,,,,,,firms,VIIRS,VIIRS_NOAA21_NRT
-8.27118,123.5088,2025-05-25,525,N21,n,2.0NRT,8.04,D,0.43,0.38,,,,,,firms,VIIRS,VIIRS_NOAA21_NRT
-3.90377,119.57648,2025-05-25,525,N21,n,2.0NRT,5.65,D,0.39,0.36,,,,,,firms,VIIRS,VIIRS_NOAA21_NRT
-3.81955,119.54936,2025-05-25,525,N21,n,2.0NRT,3.46,D,0.39,0.36,,,,,,firms,VIIRS,VIIRS_NOAA21_NRT
-3.77715,119.56068,2025-05-25,525,N21,n,2.0NRT,3.36,D,0.39,0.36,,,,,,firms,VIIRS,VIIRS_NOAA21_NRT
-2.84163,119.16324,2025-05-25,527,N21,n,2.0NRT,22.73,D,0.39,0.36,,,,,,firms,VIIRS,VIIRS_NOAA21_NRT
-2.73643,112.34307,2025-05-25,527,N21,n,2.0NRT,23.54,D,0.58,0.52,,,,,,firms,VIIRS,VIIRS_NOAA21_NRT
-2.70926,119.18436,2025-05-25,527,N21,n,2.0NRT,4.96,D,0.39,0.36,,,,,,firms,VIIRS,VIIRS_NOAA21_NRT
-2.68115,119.1907,2025-05-25,527,N21,n,2.0NRT,1.49,D,0.39,0.36,,,,,,firms,VIIRS,VIIRS_NOAA21_NRT
-2.67011,110.42681,2025-05-25,527,N21,n,2.0NRT,4.96,D,0.39,0.6,,,,,,firms,VIIRS,VIIRS_NOAA21_NRT
-2.6696,110.43032,2025-05-25,527,N21,n,2.0NRT,4.96,D,0.39,0.6,,,,,,firms,VIIRS,VIIRS_NOAA21_NRT
-2.57768,121.3802,2025-05-25,527,N21,n,2.0NRT,9.09,D,0.4,0.37,,,,,,firms,VIIRS,VIIRS_NOAA21_NRT
-2.43791,111.24232,2025-05-25,527,N21,n,2.0NRT,3.4,D,0.34,0.56,,,,,,firms,VIIRS,VIIRS_NOAA21_NRT
-2.21884,110.68798,2025-05-25,527,N21,n,2.0NRT,7.25,D,0.37,0.58,,,,,,firms,VIIRS,VIIRS_NOAA21_NRT
-2.21068,115.50012,2025-05-25,527,N21,n,2.0NRT,5.15,D,0.53,0.42,,,,,,firms,VIIRS,VIIRS_NOAA21_NRT
-2.20968,115.49758,2025-05-25,527,N21,n,2.0NRT,5.13,D,0.53,0.42,,,,,,firms,VIIRS,VIIRS_NOAA21_NRT
-1.55493,114.4542,2025-05-25,527,N21,n,2.0NRT,2.2,D,0.4,0.44,,,,,,firms,VIIRS,VIIRS_NOAA21_NRT
-1.01731,114.87563,2025-05-25,527,N21,n,2.0NRT,8.93,D,0.56,0.43,,,,,,firms,VIIRS,VIIRS_NOAA21_NRT
-1.01679,114.87815,2025-05-25,527,N21,n,2.0NRT,10.97,D,0.56,0.43,,,,,,firms,VIIRS,VIIRS_NOAA21_NRT
-0.91314,115.05882,2025-05-25,527,N21,n,2.0NRT,14.86,D,0.54,0.42,,,,,,firms,VIIRS,VIIRS_NOAA21_NRT
-0.88358,115.04453,2025-05-25,527,N21,n,2.0NRT,8.04,D,0.54,0.42,,,,,,firms,VIIRS,VIIRS_NOAA21_NRT
-0.88201,115.04613,2025-05-25,527,N21,n,2.0NRT,3.55,D,0.54,0.42,,,,,,firms,VIIRS,VIIRS_NOAA21_NRT
-0.87355,110.18526,2025-05-25,527,N21,n,2.0NRT,3.56,D,0.38,0.59,,,,,,firms,VIIRS,VIIRS_NOAA21_NRT
-0.87109,110.1834,2025-05-25,527,N21,n,2.0NRT,2.07,D,0.38,0.59,,,,,,firms,VIIRS,VIIRS_NOAA21_NRT
-0.60198,116.7488,2025-05-25,527,N21,n,2.0NRT,3.55,D,0.44,0.38,,,,,,firms,VIIRS,VIIRS_NOAA21_NRT
-0.48555,112.54609,2025-05-25,527,N21,n,2.0NRT,6.74,D,0.52,0.5,,,,,,firms,VIIRS,VIIRS_NOAA21_NRT
-0.41939,116.52375,2025-05-25,527,N21,n,2.0NRT,6.88,D,0.45,0.39,,,,,,firms,VIIRS,VIIRS_NOAA21_NRT
-0.16468,109.29623,2025-05-25,527,N21,n,2.0NRT,3.28,D,0.43,0.62,,,,,,firms,VIIRS,VIIRS_NOAA21_NRT
-0.16202,109.35083,2025-05-25,527,N21,n,2.0NRT,3.36,D,0.43,0.62,,,,,,firms,VIIRS,VIIRS_NOAA21_NRT
0.04505,109.26565,2025-05-25,527,N21,n,2.0NRT,3.37,D,0.43,0.62,,,,,,firms,VIIRS,VIIRS_NOAA21_NRT
0.29914,109.55635,2025-05-25,527,N21,n,2.0NRT,4.19,D,0.41,0.6,,,,,,firms,VIIRS,VIIRS_NOAA21_NRT
0.42421,109.4195,2025-05-25,527,N21,n,2.0NRT,3.13,D,0.42,0.61,,,,,,firms,VIIRS,VIIRS_NOAA21_NRT
0.54785,110.01721,2025-05-25,527,N21,n,2.0NRT,10.06,D,0.38,0.58,,,,,,firms,VIIRS,VIIRS_NOAA21_NRT
0.54838,110.0206,2025-05-25,527,N21,l,2.0NRT,12.44,D,0.38,0.58,,,,,,firms,VIIRS,VIIRS_NOAA21_NRT
0.61505,109.01786,2025-05-25,527,N21,n,2.0NRT,3.92,D,0.44,0.62,,,,,,firms,VIIRS,VIIRS_NOAA21_NRT
0.62488,110.12989,2025-05-25,527,N21,n,2.0NRT,4.18,D,0.37,0.58,,,,,,firms,VIIRS,VIIRS_NOAA21_NRT
0.62542,110.13317,2025-05-25,527,N21,n,2.0NRT,4.18,D,0.37,0.58,,,,,,firms,VIIRS,VIIRS_NOAA21_NRT
0.62548,110.13073,2025-05-25,527,N21,n,2.0NRT,8.64,D,0.37,0.58,,,,,,firms,VIIRS,VIIRS_NOAA21_NRT
0.69135,117.54395,2025-05-25,527,N21,n,2.0NRT,9.39,D,0.4,0.37,,,,,,firms,VIIRS,VIIRS_NOAA21_NRT
1.11444,112.10743,2025-05-25,527,N21,n,2.0NRT,4.76,D,0.53,0.5,,,,,,firms,VIIRS,VIIRS_NOAA21_NRT
1.19721,109.47318,2025-05-25,527,N21,n,2.0NRT,3.49,D,0.4,0.6,,,,,,firms,VIIRS,VIIRS_NOAA21_NRT
1.45708,109.12343,2025-05-25,527,N21,n,2.0NRT,7.59,D,0.42,0.61,,,,,,firms,VIIRS,VIIRS_NOAA21_NRT
1.50601,117.22659,2025-05-25,527,N21,n,2.0NRT,6.9,D,0.41,0.37,,,,,,firms,VIIRS,VIIRS_NOAA21_NRT
1.5094,117.22609,2025-05-25,527,N21,n,2.0NRT,6.9,D,0.41,0.37,,,,,,firms,VIIRS,VIIRS_NOAA21_NRT
1.55521,117.22231,2025-05-25,527,N21,n,2.0NRT,9.44,D,0.41,0.37,,,,,,firms,VIIRS,VIIRS_NOAA21_NRT
1.55793,109.1857,2025-05-25,527,N21,n,2.0NRT,3.16,D,0.41,0.61,,,,,,firms,VIIRS,VIIRS_NOAA21_NRT
1.55863,109.18734,2025-05-25,527,N21,n,2.0NRT,2.9,D,0.41,0.61,,,,,,firms,VIIRS,VIIRS_NOAA21_NRT
1.91256,109.44378,2025-05-25,527,N21,n,2.0NRT,3.61,D,0.39,0.59,,,,,,firms,VIIRS,VIIRS_NOAA21_NRT
1.91584,109.4415,2025-05-25,527,N21,n,2.0NRT,5.85,D,0.39,0.59,,,,,,firms,VIIRS,VIIRS_NOAA21_NRT
1.91639,109.44497,2025-05-25,527,N21,n,2.0NRT,5.52,D,0.39,0.59,,,,,,firms,VIIRS,VIIRS_NOAA21_NRT
1.91799,109.44294,2025-05-25,527,N21,n,2.0NRT,3.61,D,0.39,0.59,,,,,,firms,VIIRS,VIIRS_NOAA21_NRT
2.00065,111.18887,2025-05-25,527,N21,n,2.0NRT,11.14,D,0.59,0.53,,,,,,firms,VIIRS,VIIRS_NOAA21_NRT
2.00155,111.1918,2025-05-25,527,N21,n,2.0NRT,13.12,D,0.59,0.53,,,,,,firms,VIIRS,VIIRS_NOAA21_NRT
2.28509,117.92203,2025-05-25,527,N21,n,2.0NRT,17.43,D,0.39,0.36,,,,,,firms,VIIRS,VIIRS_NOAA21_NRT
2.57895,111.44522,2025-05-25,527,N21,n,2.0NRT,11.68,D,0.55,0.51,,,,,,firms,VIIRS,VIIRS_NOAA21_NRT
2.58076,111.4437,2025-05-25,527,N21,n,2.0NRT,14.72,D,0.55,0.51,,,,,,firms,VIIRS,VIIRS_NOAA21_NRT
2.63433,111.43168,2025-05-25,527,N21,n,2.0NRT,8.52,D,0.55,0.51,,,,,,firms,VIIRS,VIIRS_NOAA21_NRT
2.78033,112.17348,2025-05-25,527,N21,n,2.0NRT,4.38,D,0.49,0.49,,,,,,firms,VIIRS,VIIRS_NOAA21_NRT
2.78476,112.17278,2025-05-25,527,N21,n,2.0NRT,4.38,D,0.49,0.49,,,,,,firms,VIIRS,VIIRS_NOAA21_NRT
2.78844,112.17286,2025-05-25,527,N21,n,2.0NRT,4.33,D,0.49,0.49,,,,,,firms,VIIRS,VIIRS_NOAA21_NRT
3.60503,112.4108,2025-05-25,527,N21,n,2.0NRT,4.07,D,0.46,0.47,,,,,,firms,VIIRS,VIIRS_NOAA21_NRT
4.13405,117.894,2025-05-25,527,N21,n,2.0NRT,3.92,D,0.39,0.36,,,,,,firms,VIIRS,VIIRS_NOAA21_NRT
5.5124,115.60437,2025-05-25,529,N21,n,2.0NRT,5.23,D,0.43,0.38,,,,,,firms,VIIRS,VIIRS_NOAA21_NRT
5.51416,115.60406,2025-05-25,529,N21,n,2.0NRT,3.01,D,0.43,0.38,,,,,,firms,VIIRS,VIIRS_NOAA21_NRT
5.67285,116.32066,2025-05-25,529,N21,n,2.0NRT,3.4,D,0.41,0.37,,,,,,firms,VIIRS,VIIRS_NOAA21_NRT
5.87369,114.29509,2025-05-25,529,N21,n,2.0NRT,3.78,D,0.49,0.4,,,,,,firms,VIIRS,VIIRS_NOAA21_NRT
-3.80643,103.81626,2025-05-25,707,N21,n,2.0NRT,4.56,D,0.37,0.58,,,,,,firms,VIIRS,VIIRS_NOAA21_NRT
-3.80591,103.81942,2025-05-25,707,N21,n,2.0NRT,5.54,D,0.37,0.58,,,,,,firms,VIIRS,VIIRS_NOAA21_NRT
-3.57746,102.21653,2025-05-25,707,N21,n,2.0NRT,3.77,D,0.58,0.52,,,,,,firms,VIIRS,VIIRS_NOAA21_NRT
-3.33488,103.99539,2025-05-25,707,N21,n,2.0NRT,5.19,D,0.39,0.59,,,,,,firms,VIIRS,VIIRS_NOAA21_NRT
-2.30906,101.22777,2025-05-25,707,N21,n,2.0NRT,15.89,D,0.52,0.5,,,,,,firms,VIIRS,VIIRS_NOAA21_NRT
-2.22669,101.06321,2025-05-25,707,N21,n,2.0NRT,3.78,D,0.51,0.49,,,,,,firms,VIIRS,VIIRS_NOAA21_NRT
-2.08107,101.03672,2025-05-25,707,N21,n,2.0NRT,5.38,D,0.51,0.49,,,,,,firms,VIIRS,VIIRS_NOAA21_NRT
-1.55843,100.74774,2025-05-25,707,N21,n,2.0NRT,11.76,D,0.49,0.49,,,,,,firms,VIIRS,VIIRS_NOAA21_NRT
-1.27835,101.35612,2025-05-25,707,N21,n,2.0NRT,4.76,D,0.55,0.51,,,,,,firms,VIIRS,VIIRS_NOAA21_NRT
-1.2324,101.93309,2025-05-25,707,N21,n,2.0NRT,4.6,D,0.6,0.53,,,,,,firms,VIIRS,VIIRS_NOAA21_NRT
-1.23059,101.93384,2025-05-25,707,N21,n,2.0NRT,9.35,D,0.6,0.53,,,,,,firms,VIIRS,VIIRS_NOAA21_NRT
-1.17975,100.81201,2025-05-25,707,N21,n,2.0NRT,4.11,D,0.51,0.49,,,,,,firms,VIIRS,VIIRS_NOAA21_NRT
-0.88366,101.52663,2025-05-25,707,N21,n,2.0NRT,12.55,D,0.57,0.52,,,,,,firms,VIIRS,VIIRS_NOAA21_NRT
-0.88244,101.52956,2025-05-25,707,N21,n,2.0NRT,8.91,D,0.57,0.52,,,,,,firms,VIIRS,VIIRS_NOAA21_NRT
-0.80045,101.61765,2025-05-25,707,N21,n,2.0NRT,4.55,D,0.58,0.52,,,,,,firms,VIIRS,VIIRS_NOAA21_NRT
-0.73996,101.56413,2025-05-25,707,N21,n,2.0NRT,5.91,D,0.58,0.52,,,,,,firms,VIIRS,VIIRS_NOAA21_NRT
0.22094,99.24498,2025-05-25,709,N21,n,2.0NRT,31.49,D,0.42,0.45,,,,,,firms,VIIRS,VIIRS_NOAA21_NRT
0.22508,99.24438,2025-05-25,709,N21,n,2.0NRT,31.49,D,0.42,0.45,,,,,,firms,VIIRS,VIIRS_NOAA21_NRT
0.28706,99.26177,2025-05-25,709,N21,n,2.0NRT,4.63,D,0.42,0.45,,,,,,firms,VIIRS,VIIRS_NOAA21_NRT
0.2894,99.26231,2025-05-25,709,N21,n,2.0NRT,5.24,D,0.42,0.45,,,,,,firms,VIIRS,VIIRS_NOAA21_NRT
0.30447,99.22165,2025-05-25,709,N21,n,2.0NRT,19.4,D,0.42,0.45,,,,,,firms,VIIRS,VIIRS_NOAA21_NRT
0.31611,100.45939,2025-05-25,709,N21,n,2.0NRT,9.04,D,0.5,0.49,,,,,,firms,VIIRS,VIIRS_NOAA21_NRT
0.32056,100.45838,2025-05-25,709,N21,n,2.0NRT,9.04,D,0.5,0.49,,,,,,firms,VIIRS,VIIRS_NOAA21_NRT
0.35565,99.67131,2025-05-25,709,N21,n,2.0NRT,1.94,D,0.45,0.47,,,,,,firms,VIIRS,VIIRS_NOAA21_NRT
0.6081,97.86822,2025-05-25,709,N21,n,2.0NRT,2.17,D,0.52,0.42,,,,,,firms,VIIRS,VIIRS_NOAA21_NRT
0.69858,99.36862,2025-05-25,709,N21,n,2.0NRT,3.85,D,0.43,0.46,,,,,,firms,VIIRS,VIIRS_NOAA21_NRT
0.7028,100.31057,2025-05-25,709,N21,n,2.0NRT,8.04,D,0.5,0.49,,,,,,firms,VIIRS,VIIRS_NOAA21_NRT
0.7358,100.28674,2025-05-25,709,N21,n,2.0NRT,35.12,D,0.5,0.49,,,,,,firms,VIIRS,VIIRS_NOAA21_NRT
0.8564,100.13714,2025-05-25,709,N21,n,2.0NRT,8.97,D,0.49,0.48,,,,,,firms,VIIRS,VIIRS_NOAA21_NRT
0.85693,100.13472,2025-05-25,709,N21,n,2.0NRT,7.9,D,0.49,0.48,,,,,,firms,VIIRS,VIIRS_NOAA21_NRT
0.85837,100.14396,2025-05-25,709,N21,n,2.0NRT,7.74,D,0.49,0.48,,,,,,firms,VIIRS,VIIRS_NOAA21_NRT
0.96022,103.8751,2025-05-25,709,N21,n,2.0NRT,10.67,D,0.44,0.63,,,,,,firms,VIIRS,VIIRS_NOAA21_NRT
1.5653,99.5757,2025-05-25,709,N21,n,2.0NRT,3.57,D,0.46,0.47,,,,,,firms,VIIRS,VIIRS_NOAA21_NRT
1.67368,101.47637,2025-05-25,709,N21,n,2.0NRT,7.42,D,0.62,0.54,,,,,,firms,VIIRS,VIIRS_NOAA21_NRT
1.76055,99.7694,2025-05-25,709,N21,n,2.0NRT,5.97,D,0.48,0.48,,,,,,firms,VIIRS,VIIRS_NOAA21_NRT
1.81436,99.91714,2025-05-25,709,N21,n,2.0NRT,10.68,D,0.49,0.48,,,,,,firms,VIIRS,VIIRS_NOAA21_NRT
-1.5637,127.42709,2025-05-25,1628,N21,n,2.0NRT,1.98,N,0.5,0.49,,,,,,firms,VIIRS,VIIRS_NOAA21_NRT
-1.55922,127.4277,2025-05-25,1628,N21,n,2.0NRT,1.33,N,0.5,0.49,,,,,,firms,VIIRS,VIIRS_NOAA21_NRT
0.48955,127.97443,2025-05-25,1628,N21,n,2.0NRT,2.15,N,0.49,0.49,,,,,,firms,VIIRS,VIIRS_NOAA21_NRT
0.49185,127.9832,2025-05-25,1628,N21,n,2.0NRT,2.58,N,0.49,0.49,,,,,,firms,VIIRS,VIIRS_NOAA21_NRT
0.49261,127.98381,2025-05-25,1628,N21,n,2.0NRT,2.26,N,0.49,0.49,,,,,,firms,VIIRS,VIIRS_NOAA21_NRT
0.50968,127.89545,2025-05-25,1628,N21,n,2.0NRT,1.9,N,0.5,0.49,,,,,,firms,VIIRS,VIIRS_NOAA21_NRT
0.51111,127.89626,2025-05-25,1628,N21,n,2.0NRT,1.91,N,0.5,0.49,,,,,,firms,VIIRS,VIIRS_NOAA21_NRT
1.70003,127.87823,2025-05-25,1628,N21,n,2.0NRT,0.74,N,0.52,0.5,,,,,,firms,VIIRS,VIIRS_NOAA21_NRT
-8.27924,123.50169,2025-05-25,1630,N21,n,2.0NRT,0.69,N,0.36,0.57,,,,,,firms,VIIRS,VIIRS_NOAA21_NRT
-8.27473,123.50394,2025-05-25,1630,N21,n,2.0NRT,4.84,N,0.36,0.57,,,,,,firms,VIIRS,VIIRS_NOAA21_NRT
-8.27441,123.50481,2025-05-25,1630,N21,n,2.0NRT,4.8,N,0.36,0.57,,,,,,firms,VIIRS,VIIRS_NOAA21_NRT
-8.27384,123.49912,2025-05-25,1630,N21,n,2.0NRT,4.84,N,0.36,0.57,,,,,,firms,VIIRS,VIIRS_NOAA21_NRT
-8.27367,123.50061,2025-05-25,1630,N21,n,2.0NRT,4.8,N,0.36,0.57,,,,,,firms,VIIRS,VIIRS_NOAA21_NRT
-0.85704,117.18553,2025-05-25,1809,N21,n,2.0NRT,0.48,N,0.34,0.56,,,,,,firms,VIIRS,VIIRS_NOAA21_NRT
-0.84856,117.267,2025-05-25,1809,N21,n,2.0NRT,1.17,N,0.34,0.56,,,,,,firms,VIIRS,VIIRS_NOAA21_NRT
-0.70043,117.03275,2025-05-25,1809,N21,n,2.0NRT,0.85,N,0.33,0.55,,,,,,firms,VIIRS,VIIRS_NOAA21_NRT
-0.58543,117.38449,2025-05-25,1809,N21,n,2.0NRT,0.21,N,0.34,0.56,,,,,,firms,VIIRS,VIIRS_NOAA21_NRT
1.21673,111.63089,2025-05-25,1809,N21,n,2.0NRT,1.4,N,0.43,0.38,,,,,,firms,VIIRS,VIIRS_NOAA21_NRT
1.28215,101.08298,2025-05-25,1809,N21,n,2.0NRT,0.27,N,0.32,0.55,,,,,,firms,VIIRS,VIIRS_NOAA21_NRT
1.37787,104.15959,2025-05-25,1809,N21,n,2.0NRT,5.26,N,0.4,0.44,,,,,,firms,VIIRS,VIIRS_NOAA21_NRT
1.37897,104.15245,2025-05-25,1809,N21,n,2.0NRT,2.46,N,0.4,0.44,,,,,,firms,VIIRS,VIIRS_NOAA21_NRT
1.45561,109.12118,2025-05-25,1809,N21,n,2.0NRT,2.07,N,0.38,0.36,,,,,,firms,VIIRS,VIIRS_NOAA21_NRT
1.45891,109.12168,2025-05-25,1809,N21,n,2.0NRT,2.07,N,0.38,0.36,,,,,,firms,VIIRS,VIIRS_NOAA21_NRT
1.67371,101.47578,2025-05-25,1809,N21,n,2.0NRT,2.56,N,0.61,0.54,,,,,,firms,VIIRS,VIIRS_NOAA21_NRT
1.91271,109.5296,2025-05-25,1809,N21,n,2.0NRT,0.76,N,0.38,0.36,,,,,,firms,VIIRS,VIIRS_NOAA21_NRT
2.38848,111.34908,2025-05-25,1809,N21,n,2.0NRT,1.2,N,0.41,0.37,,,,,,firms,VIIRS,VIIRS_NOAA21_NRT
2.7864,112.17084,2025-05-25,1809,N21,n,2.0NRT,1.5,N,0.44,0.38,,,,,,firms,VIIRS,VIIRS_NOAA21_NRT
2.78768,112.17078,2025-05-25,1809,N21,n,2.0NRT,1.57,N,0.44,0.38,,,,,,firms,VIIRS,VIIRS_NOAA21_NRT
2.79175,111.75237,2025-05-25,1809,N21,n,2.0NRT,1.14,N,0.42,0.38,,,,,,firms,VIIRS,VIIRS_NOAA21_NRT
2.82649,111.66587,2025-05-25,1809,N21,n,2.0NRT,5.17,N,0.42,0.38,,,,,,firms,VIIRS,VIIRS_NOAA21_NRT
3.07129,113.41644,2025-05-25,1809,N21,n,2.0NRT,1.28,N,0.5,0.41,,,,,,firms,VIIRS,VIIRS_NOAA21_NRT
3.27734,113.06503,2025-05-25,1809,N21,n,2.0NRT,9.65,N,0.48,0.4,,,,,,firms,VIIRS,VIIRS_NOAA21_NRT
3.28491,113.08794,2025-05-25,1809,N21,n,2.0NRT,2.2,N,0.48,0.4,,,,,,firms,VIIRS,VIIRS_NOAA21_NRT
3.28558,113.08373,2025-05-25,1809,N21,n,2.0NRT,17.48,N,0.48,0.4,,,,,,firms,VIIRS,VIIRS_NOAA21_NRT
3.28788,113.09279,2025-05-25,1809,N21,n,2.0NRT,2.2,N,0.48,0.4,,,,,,firms,VIIRS,VIIRS_NOAA21_NRT
3.28854,113.08858,2025-05-25,1809,N21,n,2.0NRT,2.2,N,0.48,0.4,,,,,,firms,VIIRS,VIIRS_NOAA21_NRT
3.28871,113.09125,2025-05-25,1809,N21,n,2.0NRT,3.95,N,0.48,0.4,,,,,,firms,VIIRS,VIIRS_NOAA21_NRT
3.28921,113.08436,2025-05-25,1809,N21,n,2.0NRT,17.48,N,0.48,0.4,,,,,,firms,VIIRS,VIIRS_NOAA21_NRT
3.2894,113.08704,2025-05-25,1809,N21,n,2.0NRT,3.95,N,0.48,0.4,,,,,,firms,VIIRS,VIIRS_NOAA21_NRT
3.29008,113.08283,2025-05-25,1809,N21,n,2.0NRT,4.22,N,0.48,0.4,,,,,,firms,VIIRS,VIIRS_NOAA21_NRT
3.29152,113.09341,2025-05-25,1809,N21,n,2.0NRT,3.3,N,0.48,0.4,,,,,,firms,VIIRS,VIIRS_NOAA21_NRT
3.30779,113.11172,2025-05-25,1809,N21,n,2.0NRT,4.15,N,0.48,0.4,,,,,,firms,VIIRS,VIIRS_NOAA21_NRT
3.52285,113.31469,2025-05-25,1809,N21,n,2.0NRT,2.68,N,0.49,0.4,,,,,,firms,VIIRS,VIIRS_NOAA21_NRT
3.53338,113.34311,2025-05-25,1809,N21,n,2.0NRT,1.28,N,0.49,0.4,,,,,,firms,VIIRS,VIIRS_NOAA21_NRT
3.53525,113.30779,2025-05-25,1809,N21,n,2.0NRT,1.67,N,0.49,0.4,,,,,,firms,VIIRS,VIIRS_NOAA21_NRT
3.53705,113.34372,2025-05-25,1809,N21,n,2.0NRT,1.28,N,0.49,0.4,,,,,,firms,VIIRS,VIIRS_NOAA21_NRT
3.54372,113.34922,2025-05-25,1809,N21,n,2.0NRT,1.39,N,0.49,0.4,,,,,,firms,VIIRS,VIIRS_NOAA21_NRT
3.60526,112.41017,2025-05-25,1809,N21,n,2.0NRT,2.86,N,0.44,0.38,,,,,,firms,VIIRS,VIIRS_NOAA21_NRT
4.54356,114.11981,2025-05-25,1809,N21,n,2.0NRT,0.83,N,0.52,0.42,,,,,,firms,VIIRS,VIIRS_NOAA21_NRT
4.73994,113.72657,2025-05-25,1809,N21,n,2.0NRT,0.84,N,0.49,0.41,,,,,,firms,VIIRS,VIIRS_NOAA21_NRT
-7.24233,111.73026,2025-05-25,1811,N21,n,2.0NRT,1.03,N,0.54,0.42,,,,,,firms,VIIRS,VIIRS_NOAA21_NRT
-6.0813,107.04315,2025-05-25,1811,N21,n,2.0NRT,2.37,N,0.39,0.36,,,,,,firms,VIIRS,VIIRS_NOAA21_NRT
-3.02341,113.75304,2025-05-25,1811,N21,n,2.0NRT,1.26,N,0.42,0.45,,,,,,firms,VIIRS,VIIRS_NOAA21_NRT
-2.51906,101.12978,2025-05-25,1811,N21,n,2.0NRT,0.77,N,0.56,0.51,,,,,,firms,VIIRS,VIIRS_NOAA21_NRT
-1.89622,115.86459,2025-05-25,1811,N21,n,2.0NRT,2.34,N,0.56,0.52,,,,,,firms,VIIRS,VIIRS_NOAA21_NRT
-1.89544,115.85956,2025-05-25,1811,N21,n,2.0NRT,2.3,N,0.56,0.52,,,,,,firms,VIIRS,VIIRS_NOAA21_NRT
-1.57451,103.68591,2025-05-25,1811,N21,n,2.0NRT,1.57,N,0.39,0.44,,,,,,firms,VIIRS,VIIRS_NOAA21_NRT
-1.57107,103.68999,2025-05-25,1811,N21,n,2.0NRT,1.43,N,0.39,0.44,,,,,,firms,VIIRS,VIIRS_NOAA21_NRT
-1.56363,103.69467,2025-05-25,1811,N21,n,2.0NRT,1.55,N,0.39,0.44,,,,,,firms,VIIRS,VIIRS_NOAA21_NRT
-1.21449,103.41919,2025-05-25,1811,N21,n,2.0NRT,1.35,N,0.41,0.45,,,,,,firms,VIIRS,VIIRS_NOAA21_NRT
-1.17521,103.35766,2025-05-25,1811,N21,n,2.0NRT,0.83,N,0.41,0.45,,,,,,firms,VIIRS,VIIRS_NOAA21_NRT
-1.16811,103.33981,2025-05-25,1811,N21,n,2.0NRT,0.76,N,0.41,0.45,,,,,,firms,VIIRS,VIIRS_NOAA21_NRT
-0.93539,101.61233,2025-05-25,1811,N21,n,2.0NRT,0.9,N,0.55,0.51,,,,,,firms,VIIRS,VIIRS_NOAA21_NRT
-0.86755,101.18663,2025-05-25,1811,N21,n,2.0NRT,0.85,N,0.59,0.53,,,,,,firms,VIIRS,VIIRS_NOAA21_NRT
-0.85161,100.80181,2025-05-25,1811,N21,n,2.0NRT,0.77,N,0.62,0.54,,,,,,firms,VIIRS,VIIRS_NOAA21_NRT
-0.49048,102.47607,2025-05-25,1811,N21,n,2.0NRT,1.16,N,0.48,0.48,,,,,,firms,VIIRS,VIIRS_NOAA21_NRT
-0.49045,102.4747,2025-05-25,1811,N21,n,2.0NRT,0.84,N,0.48,0.48,,,,,,firms,VIIRS,VIIRS_NOAA21_NRT
0.44082,101.89104,2025-05-25,1811,N21,n,2.0NRT,2.66,N,0.55,0.51,,,,,,firms,VIIRS,VIIRS_NOAA21_NRT
0.82482,100.91872,2025-05-25,1811,N21,n,2.0NRT,0.91,N,0.32,0.55,,,,,,firms,VIIRS,VIIRS_NOAA21_NRT
-3.60955,138.37801,2025-05-26,325,N21,n,2.0NRT,9.9,D,0.58,0.7,,,,,,firms,VIIRS,VIIRS_NOAA21_NRT
-9.91468,120.20826,2025-05-26,506,N21,n,2.0NRT,15.09,D,0.45,0.47,,,,,,firms,VIIRS,VIIRS_NOAA21_NRT
-9.38489,119.44075,2025-05-26,506,N21,n,2.0NRT,8.12,D,0.5,0.49,,,,,,firms,VIIRS,VIIRS_NOAA21_NRT
-8.68611,117.73484,2025-05-26,506,N21,n,2.0NRT,1.96,D,0.32,0.55,,,,,,firms,VIIRS,VIIRS_NOAA21_NRT
-5.37357,123.61649,2025-05-26,508,N21,n,2.0NRT,2.88,D,0.4,0.37,,,,,,firms,VIIRS,VIIRS_NOAA21_NRT
-4.23103,122.21345,2025-05-26,508,N21,n,2.0NRT,2.42,D,0.44,0.39,,,,,,firms,VIIRS,VIIRS_NOAA21_NRT
-3.90338,122.41875,2025-05-26,508,N21,n,2.0NRT,8.16,D,0.43,0.38,,,,,,firms,VIIRS,VIIRS_NOAA21_NRT
-3.9028,122.42263,2025-05-26,508,N21,n,2.0NRT,4.79,D,0.43,0.38,,,,,,firms,VIIRS,VIIRS_NOAA21_NRT
-3.87308,122.40636,2025-05-26,508,N21,n,2.0NRT,6.01,D,0.43,0.38,,,,,,firms,VIIRS,VIIRS_NOAA21_NRT
-3.8725,122.41024,2025-05-26,508,N21,n,2.0NRT,4.08,D,0.43,0.38,,,,,,firms,VIIRS,VIIRS_NOAA21_NRT
-3.87132,122.3942,2025-05-26,508,N21,n,2.0NRT,6.24,D,0.43,0.38,,,,,,firms,VIIRS,VIIRS_NOAA21_NRT
-3.87074,122.39809,2025-05-26,508,N21,n,2.0NRT,6.24,D,0.43,0.38,,,,,,firms,VIIRS,VIIRS_NOAA21_NRT
-3.87016,122.40198,2025-05-26,508,N21,n,2.0NRT,5.8,D,0.43,0.38,,,,,,firms,VIIRS,VIIRS_NOAA21_NRT
-3.86958,122.40585,2025-05-26,508,N21,n,2.0NRT,5.8,D,0.43,0.38,,,,,,firms,VIIRS,VIIRS_NOAA21_NRT
-3.76056,119.52744,2025-05-26,508,N21,n,2.0NRT,2.15,D,0.41,0.45,,,,,,firms,VIIRS,VIIRS_NOAA21_NRT
-3.17896,119.9119,2025-05-26,508,N21,n,2.0NRT,2.94,D,0.38,0.43,,,,,,firms,VIIRS,VIIRS_NOAA21_NRT
-2.83001,122.16702,2025-05-26,508,N21,n,2.0NRT,4.47,D,0.43,0.38,,,,,,firms,VIIRS,VIIRS_NOAA21_NRT
-2.82885,122.17477,2025-05-26,508,N21,n,2.0NRT,7.42,D,0.43,0.38,,,,,,firms,VIIRS,VIIRS_NOAA21_NRT
-2.82477,122.15431,2025-05-26,508,N21,n,2.0NRT,4.75,D,0.43,0.38,,,,,,firms,VIIRS,VIIRS_NOAA21_NRT
-2.78933,120.31599,2025-05-26,508,N21,n,2.0NRT,5.99,D,0.54,0.42,,,,,,firms,VIIRS,VIIRS_NOAA21_NRT
-2.73879,119.17657,2025-05-26,508,N21,n,2.0NRT,4.29,D,0.42,0.45,,,,,,firms,VIIRS,VIIRS_NOAA21_NRT
-2.6573,119.25188,2025-05-26,508,N21,n,2.0NRT,3.45,D,0.41,0.45,,,,,,firms,VIIRS,VIIRS_NOAA21_NRT
-2.60106,119.04948,2025-05-26,508,N21,n,2.0NRT,1.83,D,0.43,0.46,,,,,,firms,VIIRS,VIIRS_NOAA21_NRT
-2.5806,121.37857,2025-05-26,508,N21,n,2.0NRT,81.0,D,0.47,0.4,,,,,,firms,VIIRS,VIIRS_NOAA21_NRT
-2.57822,121.37775,2025-05-26,508,N21,l,2.0NRT,88.72,D,0.47,0.4,,,,,,firms,VIIRS,VIIRS_NOAA21_NRT
-2.57697,121.37809,2025-05-26,508,N21,n,2.0NRT,9.47,D,0.47,0.4,,,,,,firms,VIIRS,VIIRS_NOAA21_NRT
-2.54829,120.70742,2025-05-26,508,N21,n,2.0NRT,9.11,D,0.51,0.41,,,,,,firms,VIIRS,VIIRS_NOAA21_NRT
-2.48615,119.2216,2025-05-26,508,N21,n,2.0NRT,10.85,D,0.41,0.45,,,,,,firms,VIIRS,VIIRS_NOAA21_NRT
-2.48557,119.22557,2025-05-26,508,N21,n,2.0NRT,10.85,D,0.41,0.45,,,,,,firms,VIIRS,VIIRS_NOAA21_NRT
-2.48202,119.22108,2025-05-26,508,N21,n,2.0NRT,5.76,D,0.41,0.45,,,,,,firms,VIIRS,VIIRS_NOAA21_NRT
-2.48148,119.22478,2025-05-26,508,N21,n,2.0NRT,5.76,D,0.41,0.45,,,,,,firms,VIIRS,VIIRS_NOAA21_NRT
-2.39828,119.61127,2025-05-26,508,N21,n,2.0NRT,3.21,D,0.39,0.44,,,,,,firms,VIIRS,VIIRS_NOAA21_NRT
-2.3718,119.59668,2025-05-26,508,N21,n,2.0NRT,12.31,D,0.39,0.44,,,,,,firms,VIIRS,VIIRS_NOAA21_NRT
-2.27586,119.34908,2025-05-26,508,N21,n,2.0NRT,3.68,D,0.4,0.44,,,,,,firms,VIIRS,VIIRS_NOAA21_NRT
-2.25029,119.437,2025-05-26,508,N21,n,2.0NRT,5.01,D,0.4,0.44,,,,,,firms,VIIRS,VIIRS_NOAA21_NRT
-2.22473,119.47012,2025-05-26,508,N21,n,2.0NRT,2.02,D,0.4,0.44,,,,,,firms,VIIRS,VIIRS_NOAA21_NRT
-2.20803,115.50002,2025-05-26,508,N21,n,2.0NRT,3.15,D,0.37,0.58,,,,,,firms,VIIRS,VIIRS_NOAA21_NRT
-2.15222,121.29047,2025-05-26,508,N21,n,2.0NRT,1.49,D,0.47,0.39,,,,,,firms,VIIRS,VIIRS_NOAA21_NRT
-2.04257,121.36838,2025-05-26,508,N21,n,2.0NRT,3.47,D,0.46,0.39,,,,,,firms,VIIRS,VIIRS_NOAA21_NRT
-2.0073,121.43054,2025-05-26,508,N21,n,2.0NRT,3.2,D,0.46,0.39,,,,,,firms,VIIRS,VIIRS_NOAA21_NRT
-2.0037,121.43007,2025-05-26,508,N21,n,2.0NRT,3.45,D,0.46,0.39,,,,,,firms,VIIRS,VIIRS_NOAA21_NRT
-2.00011,121.42955,2025-05-26,508,N21,n,2.0NRT,3.45,D,0.46,0.39,,,,,,firms,VIIRS,VIIRS_NOAA21_NRT
-1.99387,119.34018,2025-05-26,508,N21,n,2.0NRT,8.91,D,0.4,0.44,,,,,,firms,VIIRS,VIIRS_NOAA21_NRT
-1.89366,115.86748,2025-05-26,508,N21,n,2.0NRT,3.68,D,0.34,0.56,,,,,,firms,VIIRS,VIIRS_NOAA21_NRT
-1.74576,119.46412,2025-05-26,508,N21,n,2.0NRT,5.34,D,0.39,0.44,,,,,,firms,VIIRS,VIIRS_NOAA21_NRT
-1.45933,127.4364,2025-05-26,508,N21,n,2.0NRT,13.69,D,0.46,0.39,,,,,,firms,VIIRS,VIIRS_NOAA21_NRT
-1.45571,127.43597,2025-05-26,508,N21,n,2.0NRT,6.81,D,0.46,0.39,,,,,,firms,VIIRS,VIIRS_NOAA21_NRT
-1.38007,122.48252,2025-05-26,508,N21,n,2.0NRT,6.2,D,0.41,0.37,,,,,,firms,VIIRS,VIIRS_NOAA21_NRT
-1.03535,123.29675,2025-05-26,508,N21,n,2.0NRT,2.68,D,0.39,0.36,,,,,,firms,VIIRS,VIIRS_NOAA21_NRT
-0.8577,119.70245,2025-05-26,508,N21,n,2.0NRT,4.78,D,0.55,0.43,,,,,,firms,VIIRS,VIIRS_NOAA21_NRT
-0.37717,116.53603,2025-05-26,510,N21,n,2.0NRT,4.89,D,0.58,0.52,,,,,,firms,VIIRS,VIIRS_NOAA21_NRT
0.28461,116.0524,2025-05-26,510,N21,n,2.0NRT,3.97,D,0.62,0.54,,,,,,firms,VIIRS,VIIRS_NOAA21_NRT
0.55019,120.42585,2025-05-26,510,N21,n,2.0NRT,2.58,D,0.48,0.4,,,,,,firms,VIIRS,VIIRS_NOAA21_NRT
0.57916,120.44356,2025-05-26,510,N21,n,2.0NRT,7.92,D,0.48,0.4,,,,,,firms,VIIRS,VIIRS_NOAA21_NRT
0.69249,117.54446,2025-05-26,510,N21,n,2.0NRT,2.77,D,0.48,0.48,,,,,,firms,VIIRS,VIIRS_NOAA21_NRT
0.84819,117.90648,2025-05-26,510,N21,n,2.0NRT,6.41,D,0.45,0.47,,,,,,firms,VIIRS,VIIRS_NOAA21_NRT
0.85363,117.88515,2025-05-26,510,N21,n,2.0NRT,3.34,D,0.45,0.47,,,,,,firms,VIIRS,VIIRS_NOAA21_NRT
0.88305,117.71957,2025-05-26,510,N21,n,2.0NRT,6.39,D,0.46,0.47,,,,,,firms,VIIRS,VIIRS_NOAA21_NRT
0.89178,120.84729,2025-05-26,510,N21,n,2.0NRT,4.81,D,0.46,0.39,,,,,,firms,VIIRS,VIIRS_NOAA21_NRT
0.94393,117.93723,2025-05-26,510,N21,n,2.0NRT,5.53,D,0.45,0.47,,,,,,firms,VIIRS,VIIRS_NOAA21_NRT
1.3252,116.6881,2025-05-26,510,N21,n,2.0NRT,3.4,D,0.54,0.51,,,,,,firms,VIIRS,VIIRS_NOAA21_NRT
1.91137,117.74944,2025-05-26,510,N21,n,2.0NRT,6.98,D,0.45,0.47,,,,,,firms,VIIRS,VIIRS_NOAA21_NRT
2.05659,128.3313,2025-05-26,510,N21,n,2.0NRT,4.32,D,0.57,0.43,,,,,,firms,VIIRS,VIIRS_NOAA21_NRT
2.78307,112.1693,2025-05-26,510,N21,n,2.0NRT,7.05,D,0.53,0.67,,,,,,firms,VIIRS,VIIRS_NOAA21_NRT
2.78419,112.17158,2025-05-26,510,N21,n,2.0NRT,14.48,D,0.52,0.67,,,,,,firms,VIIRS,VIIRS_NOAA21_NRT
2.78917,112.16831,2025-05-26,510,N21,n,2.0NRT,7.43,D,0.53,0.67,,,,,,firms,VIIRS,VIIRS_NOAA21_NRT
2.82405,111.66608,2025-05-26,510,N21,n,2.0NRT,4.94,D,0.57,0.69,,,,,,firms,VIIRS,VIIRS_NOAA21_NRT
2.88216,114.08331,2025-05-26,510,N21,n,2.0NRT,3.77,D,0.38,0.59,,,,,,firms,VIIRS,VIIRS_NOAA21_NRT
2.92825,114.06159,2025-05-26,510,N21,n,2.0NRT,6.22,D,0.39,0.59,,,,,,firms,VIIRS,VIIRS_NOAA21_NRT
3.27639,113.06274,2025-05-26,510,N21,n,2.0NRT,6.58,D,0.45,0.63,,,,,,firms,VIIRS,VIIRS_NOAA21_NRT
3.53361,113.34406,2025-05-26,510,N21,n,2.0NRT,4.63,D,0.42,0.61,,,,,,firms,VIIRS,VIIRS_NOAA21_NRT
4.97913,112.97798,2025-05-26,510,N21,n,2.0NRT,6.98,D,0.42,0.61,,,,,,firms,VIIRS,VIIRS_NOAA21_NRT
5.80716,118.05267,2025-05-26,510,N21,n,2.0NRT,5.52,D,0.56,0.43,,,,,,firms,VIIRS,VIIRS_NOAA21_NRT
-3.41521,102.04158,2025-05-26,650,N21,n,2.0NRT,2.07,D,0.44,0.38,,,,,,firms,VIIRS,VIIRS_NOAA21_NRT
-3.24892,102.10878,2025-05-26,650,N21,n,2.0NRT,4.15,D,0.44,0.39,,,,,,firms,VIIRS,VIIRS_NOAA21_NRT
-3.24876,102.10902,2025-05-26,650,N21,n,2.0NRT,3.46,D,0.44,0.39,,,,,,firms,VIIRS,VIIRS_NOAA21_NRT
-3.13767,102.14768,2025-05-26,650,N21,n,2.0NRT,3.47,D,0.45,0.39,,,,,,firms,VIIRS,VIIRS_NOAA21_NRT
-3.13767,102.14806,2025-05-26,650,N21,n,2.0NRT,3.13,D,0.45,0.39,,,,,,firms,VIIRS,VIIRS_NOAA21_NRT
-3.09197,101.97602,2025-05-26,650,N21,n,2.0NRT,5.14,D,0.44,0.38,,,,,,firms,VIIRS,VIIRS_NOAA21_NRT
-3.04803,101.79033,2025-05-26,650,N21,n,2.0NRT,5.93,D,0.43,0.38,,,,,,firms,VIIRS,VIIRS_NOAA21_NRT
-3.03176,101.77995,2025-05-26,650,N21,n,2.0NRT,4.51,D,0.43,0.38,,,,,,firms,VIIRS,VIIRS_NOAA21_NRT
-2.51901,101.1255,2025-05-26,650,N21,n,2.0NRT,6.06,D,0.41,0.37,,,,,,firms,VIIRS,VIIRS_NOAA21_NRT
-2.51844,101.12921,2025-05-26,650,N21,n,2.0NRT,11.75,D,0.41,0.37,,,,,,firms,VIIRS,VIIRS_NOAA21_NRT
-2.51559,101.12498,2025-05-26,650,N21,n,2.0NRT,6.06,D,0.41,0.37,,,,,,firms,VIIRS,VIIRS_NOAA21_NRT
-2.51502,101.12868,2025-05-26,650,N21,n,2.0NRT,11.75,D,0.41,0.37,,,,,,firms,VIIRS,VIIRS_NOAA21_NRT
-2.50978,102.84489,2025-05-26,650,N21,n,2.0NRT,2.63,D,0.49,0.4,,,,,,firms,VIIRS,VIIRS_NOAA21_NRT
-2.32834,100.90453,2025-05-26,650,N21,n,2.0NRT,2.33,D,0.41,0.37,,,,,,firms,VIIRS,VIIRS_NOAA21_NRT
-2.32644,101.21391,2025-05-26,650,N21,n,2.0NRT,2.14,D,0.42,0.37,,,,,,firms,VIIRS,VIIRS_NOAA21_NRT
-2.31156,101.21916,2025-05-26,650,N21,n,2.0NRT,3.38,D,0.42,0.38,,,,,,firms,VIIRS,VIIRS_NOAA21_NRT
-2.29159,101.64475,2025-05-26,650,N21,n,2.0NRT,2.27,D,0.43,0.38,,,,,,firms,VIIRS,VIIRS_NOAA21_NRT
-2.26895,101.20114,2025-05-26,650,N21,n,2.0NRT,4.13,D,0.42,0.37,,,,,,firms,VIIRS,VIIRS_NOAA21_NRT
-2.20473,101.0015,2025-05-26,650,N21,n,2.0NRT,8.46,D,0.41,0.37,,,,,,firms,VIIRS,VIIRS_NOAA21_NRT
-2.20132,101.00098,2025-05-26,650,N21,n,2.0NRT,8.46,D,0.41,0.37,,,,,,firms,VIIRS,VIIRS_NOAA21_NRT
-2.18084,100.99783,2025-05-26,650,N21,n,2.0NRT,9.88,D,0.41,0.37,,,,,,firms,VIIRS,VIIRS_NOAA21_NRT
-2.17743,100.99731,2025-05-26,650,N21,n,2.0NRT,4.15,D,0.41,0.37,,,,,,firms,VIIRS,VIIRS_NOAA21_NRT
-2.17258,101.80536,2025-05-26,650,N21,n,2.0NRT,4.21,D,0.44,0.38,,,,,,firms,VIIRS,VIIRS_NOAA21_NRT
-2.13337,101.6642,2025-05-26,650,N21,n,2.0NRT,7.48,D,0.44,0.38,,,,,,firms,VIIRS,VIIRS_NOAA21_NRT
-2.08038,101.05834,2025-05-26,650,N21,n,2.0NRT,14.15,D,0.41,0.37,,,,,,firms,VIIRS,VIIRS_NOAA21_NRT
-2.02546,101.44026,2025-05-26,650,N21,n,2.0NRT,3.18,D,0.43,0.38,,,,,,firms,VIIRS,VIIRS_NOAA21_NRT
-1.90986,100.98178,2025-05-26,650,N21,n,2.0NRT,3.23,D,0.41,0.37,,,,,,firms,VIIRS,VIIRS_NOAA21_NRT
-0.93949,101.29441,2025-05-26,650,N21,n,2.0NRT,32.47,D,0.43,0.38,,,,,,firms,VIIRS,VIIRS_NOAA21_NRT
-0.936,101.29388,2025-05-26,650,N21,n,2.0NRT,5.17,D,0.43,0.38,,,,,,firms,VIIRS,VIIRS_NOAA21_NRT
-0.87969,101.61402,2025-05-26,650,N21,n,2.0NRT,20.61,D,0.45,0.39,,,,,,firms,VIIRS,VIIRS_NOAA21_NRT
-0.87173,101.1893,2025-05-26,650,N21,n,2.0NRT,3.69,D,0.43,0.38,,,,,,firms,VIIRS,VIIRS_NOAA21_NRT
-0.86885,101.18482,2025-05-26,650,N21,n,2.0NRT,3.69,D,0.43,0.38,,,,,,firms,VIIRS,VIIRS_NOAA21_NRT
-0.86365,101.19563,2025-05-26,650,N21,n,2.0NRT,4.39,D,0.43,0.38,,,,,,firms,VIIRS,VIIRS_NOAA21_NRT
-0.55885,100.64297,2025-05-26,650,N21,n,2.0NRT,10.86,D,0.41,0.37,,,,,,firms,VIIRS,VIIRS_NOAA21_NRT
-0.50472,100.85931,2025-05-26,650,N21,n,2.0NRT,16.95,D,0.42,0.38,,,,,,firms,VIIRS,VIIRS_NOAA21_NRT
-0.31891,111.44608,2025-05-26,650,N21,n,2.0NRT,10.94,D,0.67,0.73,,,,,,firms,VIIRS,VIIRS_NOAA21_NRT
-0.22642,100.68275,2025-05-26,650,N21,n,2.0NRT,4.66,D,0.42,0.37,,,,,,firms,VIIRS,VIIRS_NOAA21_NRT
-0.2236,101.21143,2025-05-26,650,N21,n,2.0NRT,6.31,D,0.44,0.38,,,,,,firms,VIIRS,VIIRS_NOAA21_NRT
-0.20518,109.2681,2025-05-26,650,N21,n,2.0NRT,4.01,D,0.47,0.64,,,,,,firms,VIIRS,VIIRS_NOAA21_NRT
-0.11775,100.06456,2025-05-26,650,N21,n,2.0NRT,3.14,D,0.4,0.37,,,,,,firms,VIIRS,VIIRS_NOAA21_NRT
-0.0573,101.00525,2025-05-26,650,N21,n,2.0NRT,4.72,D,0.43,0.38,,,,,,firms,VIIRS,VIIRS_NOAA21_NRT
0.08418,99.63174,2025-05-26,650,N21,n,2.0NRT,3.96,D,0.39,0.36,,,,,,firms,VIIRS,VIIRS_NOAA21_NRT
0.10411,100.87186,2025-05-26,650,N21,n,2.0NRT,9.22,D,0.42,0.38,,,,,,firms,VIIRS,VIIRS_NOAA21_NRT
0.17704,100.75311,2025-05-26,650,N21,n,2.0NRT,15.81,D,0.42,0.38,,,,,,firms,VIIRS,VIIRS_NOAA21_NRT
0.19782,109.74599,2025-05-26,650,N21,n,2.0NRT,8.3,D,0.52,0.67,,,,,,firms,VIIRS,VIIRS_NOAA21_NRT
0.19849,109.74438,2025-05-26,650,N21,n,2.0NRT,13.46,D,0.52,0.67,,,,,,firms,VIIRS,VIIRS_NOAA21_NRT
0.22221,99.24334,2025-05-26,650,N21,n,2.0NRT,13.4,D,0.39,0.36,,,,,,firms,VIIRS,VIIRS_NOAA21_NRT
0.22432,99.25715,2025-05-26,650,N21,n,2.0NRT,3.25,D,0.39,0.36,,,,,,firms,VIIRS,VIIRS_NOAA21_NRT
0.23053,99.25266,2025-05-26,650,N21,n,2.0NRT,6.28,D,0.39,0.36,,,,,,firms,VIIRS,VIIRS_NOAA21_NRT
0.23175,99.23831,2025-05-26,650,N21,n,2.0NRT,1.86,D,0.39,0.36,,,,,,firms,VIIRS,VIIRS_NOAA21_NRT
0.25375,99.24918,2025-05-26,650,N21,n,2.0NRT,7.92,D,0.39,0.36,,,,,,firms,VIIRS,VIIRS_NOAA21_NRT
0.25428,99.25265,2025-05-26,650,N21,n,2.0NRT,7.92,D,0.39,0.36,,,,,,firms,VIIRS,VIIRS_NOAA21_NRT
0.26823,99.23282,2025-05-26,650,N21,n,2.0NRT,4.09,D,0.39,0.36,,,,,,firms,VIIRS,VIIRS_NOAA21_NRT
0.27207,99.23579,2025-05-26,650,N21,n,2.0NRT,5.81,D,0.39,0.36,,,,,,firms,VIIRS,VIIRS_NOAA21_NRT
0.27607,99.21748,2025-05-26,650,N21,n,2.0NRT,9.14,D,0.39,0.36,,,,,,firms,VIIRS,VIIRS_NOAA21_NRT
0.28413,99.24812,2025-05-26,650,N21,n,2.0NRT,4.37,D,0.39,0.36,,,,,,firms,VIIRS,VIIRS_NOAA21_NRT
0.2937,99.22189,2025-05-26,650,N21,n,2.0NRT,12.38,D,0.39,0.36,,,,,,firms,VIIRS,VIIRS_NOAA21_NRT
0.30418,99.22383,2025-05-26,650,N21,n,2.0NRT,7.16,D,0.39,0.36,,,,,,firms,VIIRS,VIIRS_NOAA21_NRT
0.34399,99.30542,2025-05-26,650,N21,n,2.0NRT,6.03,D,0.39,0.36,,,,,,firms,VIIRS,VIIRS_NOAA21_NRT
0.47503,99.36321,2025-05-26,650,N21,n,2.0NRT,4.28,D,0.39,0.36,,,,,,firms,VIIRS,VIIRS_NOAA21_NRT
0.55294,101.34392,2025-05-26,650,N21,n,2.0NRT,4.13,D,0.45,0.39,,,,,,firms,VIIRS,VIIRS_NOAA21_NRT
0.59686,97.75397,2025-05-26,650,N21,n,2.0NRT,8.93,D,0.39,0.36,,,,,,firms,VIIRS,VIIRS_NOAA21_NRT
0.65579,101.39811,2025-05-26,650,N21,n,2.0NRT,5.65,D,0.45,0.39,,,,,,firms,VIIRS,VIIRS_NOAA21_NRT
0.67404,101.3299,2025-05-26,650,N21,n,2.0NRT,7.83,D,0.45,0.39,,,,,,firms,VIIRS,VIIRS_NOAA21_NRT
0.67465,101.33391,2025-05-26,650,N21,n,2.0NRT,11.58,D,0.45,0.39,,,,,,firms,VIIRS,VIIRS_NOAA21_NRT
0.67641,100.06578,2025-05-26,650,N21,n,2.0NRT,9.8,D,0.4,0.37,,,,,,firms,VIIRS,VIIRS_NOAA21_NRT
0.69343,97.69675,2025-05-26,650,N21,n,2.0NRT,3.44,D,0.39,0.36,,,,,,firms,VIIRS,VIIRS_NOAA21_NRT
0.69675,97.69626,2025-05-26,650,N21,n,2.0NRT,7.95,D,0.39,0.36,,,,,,firms,VIIRS,VIIRS_NOAA21_NRT
0.75263,97.77324,2025-05-26,650,N21,n,2.0NRT,5.75,D,0.39,0.36,,,,,,firms,VIIRS,VIIRS_NOAA21_NRT
0.75527,100.28935,2025-05-26,650,N21,n,2.0NRT,27.21,D,0.41,0.37,,,,,,firms,VIIRS,VIIRS_NOAA21_NRT
0.77687,97.70815,2025-05-26,650,N21,n,2.0NRT,5.41,D,0.39,0.36,,,,,,firms,VIIRS,VIIRS_NOAA21_NRT
0.79442,110.82403,2025-05-26,650,N21,n,2.0NRT,4.76,D,0.63,0.72,,,,,,firms,VIIRS,VIIRS_NOAA21_NRT
0.84665,103.37662,2025-05-26,650,N21,n,2.0NRT,3.96,D,0.39,0.44,,,,,,firms,VIIRS,VIIRS_NOAA21_NRT
0.85446,100.13569,2025-05-26,650,N21,n,2.0NRT,3.56,D,0.41,0.37,,,,,,firms,VIIRS,VIIRS_NOAA21_NRT
0.85576,100.09869,2025-05-26,650,N21,n,2.0NRT,3.66,D,0.41,0.37,,,,,,firms,VIIRS,VIIRS_NOAA21_NRT
0.85611,100.16931,2025-05-26,650,N21,n,2.0NRT,4.6,D,0.41,0.37,,,,,,firms,VIIRS,VIIRS_NOAA21_NRT
0.88282,100.11697,2025-05-26,650,N21,n,2.0NRT,10.3,D,0.41,0.37,,,,,,firms,VIIRS,VIIRS_NOAA21_NRT
0.90891,97.79404,2025-05-26,650,N21,n,2.0NRT,2.03,D,0.39,0.36,,,,,,firms,VIIRS,VIIRS_NOAA21_NRT
0.97751,99.49318,2025-05-26,650,N21,n,2.0NRT,1.83,D,0.39,0.36,,,,,,firms,VIIRS,VIIRS_NOAA21_NRT
1.2114,98.90845,2025-05-26,650,N21,n,2.0NRT,3.28,D,0.39,0.36,,,,,,firms,VIIRS,VIIRS_NOAA21_NRT
1.23319,99.56396,2025-05-26,650,N21,n,2.0NRT,10.44,D,0.4,0.37,,,,,,firms,VIIRS,VIIRS_NOAA21_NRT
1.36446,99.04366,2025-05-26,650,N21,n,2.0NRT,7.16,D,0.39,0.36,,,,,,firms,VIIRS,VIIRS_NOAA21_NRT
1.36549,99.65011,2025-05-26,650,N21,n,2.0NRT,1.83,D,0.4,0.37,,,,,,firms,VIIRS,VIIRS_NOAA21_NRT
1.36643,99.0788,2025-05-26,650,N21,n,2.0NRT,1.86,D,0.39,0.36,,,,,,firms,VIIRS,VIIRS_NOAA21_NRT
1.37008,99.52917,2025-05-26,650,N21,n,2.0NRT,25.94,D,0.4,0.37,,,,,,firms,VIIRS,VIIRS_NOAA21_NRT
1.38493,109.12827,2025-05-26,650,N21,n,2.0NRT,4.56,D,0.49,0.65,,,,,,firms,VIIRS,VIIRS_NOAA21_NRT
1.41097,109.17814,2025-05-26,650,N21,n,2.0NRT,4.07,D,0.49,0.65,,,,,,firms,VIIRS,VIIRS_NOAA21_NRT
1.43631,98.97919,2025-05-26,650,N21,n,2.0NRT,2.34,D,0.39,0.36,,,,,,firms,VIIRS,VIIRS_NOAA21_NRT
1.4525,97.34628,2025-05-26,650,N21,n,2.0NRT,4.64,D,0.39,0.36,,,,,,firms,VIIRS,VIIRS_NOAA21_NRT
1.54808,99.8967,2025-05-26,650,N21,n,2.0NRT,4.32,D,0.4,0.37,,,,,,firms,VIIRS,VIIRS_NOAA21_NRT
1.64334,100.20363,2025-05-26,650,N21,n,2.0NRT,4.92,D,0.41,0.37,,,,,,firms,VIIRS,VIIRS_NOAA21_NRT
1.80006,103.1932,2025-05-26,650,N21,n,2.0NRT,5.44,D,0.39,0.44,,,,,,firms,VIIRS,VIIRS_NOAA21_NRT
1.80243,103.19287,2025-05-26,650,N21,n,2.0NRT,5.45,D,0.39,0.44,,,,,,firms,VIIRS,VIIRS_NOAA21_NRT
1.80912,103.19897,2025-05-26,650,N21,n,2.0NRT,9.76,D,0.39,0.44,,,,,,firms,VIIRS,VIIRS_NOAA21_NRT
1.80964,103.20246,2025-05-26,650,N21,n,2.0NRT,9.76,D,0.39,0.44,,,,,,firms,VIIRS,VIIRS_NOAA21_NRT
1.85059,111.75364,2025-05-26,650,N21,n,2.0NRT,8.67,D,0.76,0.77,,,,,,firms,VIIRS,VIIRS_NOAA21_NRT
2.01349,99.26639,2025-05-26,650,N21,n,2.0NRT,1.89,D,0.39,0.36,,,,,,firms,VIIRS,VIIRS_NOAA21_NRT
2.02845,99.80869,2025-05-26,650,N21,n,2.0NRT,5.67,D,0.4,0.37,,,,,,firms,VIIRS,VIIRS_NOAA21_NRT
2.03067,99.82321,2025-05-26,650,N21,n,2.0NRT,9.14,D,0.41,0.37,,,,,,firms,VIIRS,VIIRS_NOAA21_NRT
2.14312,98.91054,2025-05-26,650,N21,n,2.0NRT,1.2,D,0.39,0.36,,,,,,firms,VIIRS,VIIRS_NOAA21_NRT
2.22529,98.9157,2025-05-26,650,N21,n,2.0NRT,2.98,D,0.39,0.36,,,,,,firms,VIIRS,VIIRS_NOAA21_NRT
2.25265,98.82569,2025-05-26,650,N21,n,2.0NRT,3.98,D,0.39,0.36,,,,,,firms,VIIRS,VIIRS_NOAA21_NRT
2.34897,99.21433,2025-05-26,650,N21,n,2.0NRT,2.91,D,0.39,0.36,,,,,,firms,VIIRS,VIIRS_NOAA21_NRT
2.74573,101.5682,2025-05-26,650,N21,n,2.0NRT,4.0,D,0.49,0.4,,,,,,firms,VIIRS,VIIRS_NOAA21_NRT
2.7506,101.44853,2025-05-26,650,N21,n,2.0NRT,3.53,D,0.48,0.4,,,,,,firms,VIIRS,VIIRS_NOAA21_NRT
2.75246,101.56277,2025-05-26,650,N21,n,2.0NRT,6.35,D,0.49,0.4,,,,,,firms,VIIRS,VIIRS_NOAA21_NRT
2.67035,97.77563,2025-05-26,652,N21,n,2.0NRT,3.25,D,0.38,0.36,,,,,,firms,VIIRS,VIIRS_NOAA21_NRT
3.20855,98.7882,2025-05-26,652,N21,n,2.0NRT,3.79,D,0.39,0.36,,,,,,firms,VIIRS,VIIRS_NOAA21_NRT
3.20907,98.7917,2025-05-26,652,N21,n,2.0NRT,3.79,D,0.39,0.36,,,,,,firms,VIIRS,VIIRS_NOAA21_NRT
3.22132,98.19817,2025-05-26,652,N21,n,2.0NRT,2.43,D,0.38,0.36,,,,,,firms,VIIRS,VIIRS_NOAA21_NRT
3.49667,101.13176,2025-05-26,652,N21,n,2.0NRT,2.18,D,0.47,0.4,,,,,,firms,VIIRS,VIIRS_NOAA21_NRT
3.53829,98.54148,2025-05-26,652,N21,n,2.0NRT,6.39,D,0.39,0.36,,,,,,firms,VIIRS,VIIRS_NOAA21_NRT
3.68114,98.88003,2025-05-26,652,N21,n,2.0NRT,3.48,D,0.39,0.36,,,,,,firms,VIIRS,VIIRS_NOAA21_NRT
4.50898,105.24931,2025-05-26,652,N21,n,2.0NRT,4.32,D,0.59,0.53,,,,,,firms,VIIRS,VIIRS_NOAA21_NRT
0.48219,127.99902,2025-05-26,1607,N21,n,2.0NRT,2.97,N,0.52,0.67,,,,,,firms,VIIRS,VIIRS_NOAA21_NRT
0.48255,128.00142,2025-05-26,1607,N21,n,2.0NRT,2.35,N,0.52,0.67,,,,,,firms,VIIRS,VIIRS_NOAA21_NRT
0.49144,127.98426,2025-05-26,1607,N21,n,2.0NRT,1.39,N,0.53,0.67,,,,,,firms,VIIRS,VIIRS_NOAA21_NRT
1.4933,127.62838,2025-05-26,1607,N21,n,2.0NRT,3.7,N,0.58,0.7,,,,,,firms,VIIRS,VIIRS_NOAA21_NRT
1.4956,127.61288,2025-05-26,1607,N21,n,2.0NRT,3.7,N,0.58,0.7,,,,,,firms,VIIRS,VIIRS_NOAA21_NRT
1.49629,127.63249,2025-05-26,1607,N21,n,2.0NRT,4.2,N,0.58,0.7,,,,,,firms,VIIRS,VIIRS_NOAA21_NRT
1.49769,127.6236,2025-05-26,1607,N21,n,2.0NRT,4.2,N,0.58,0.7,,,,,,firms,VIIRS,VIIRS_NOAA21_NRT
1.70131,127.87753,2025-05-26,1607,N21,n,2.0NRT,3.5,N,0.56,0.69,,,,,,firms,VIIRS,VIIRS_NOAA21_NRT
-1.46046,127.43648,2025-05-26,1609,N21,n,2.0NRT,2.62,N,0.53,0.67,,,,,,firms,VIIRS,VIIRS_NOAA21_NRT
-1.46029,127.43388,2025-05-26,1609,N21,n,2.0NRT,2.78,N,0.53,0.67,,,,,,firms,VIIRS,VIIRS_NOAA21_NRT
-1.45421,127.43684,2025-05-26,1609,N21,n,2.0NRT,1.54,N,0.53,0.67,,,,,,firms,VIIRS,VIIRS_NOAA21_NRT
-1.45401,127.4341,2025-05-26,1609,N21,n,2.0NRT,2.78,N,0.53,0.67,,,,,,firms,VIIRS,VIIRS_NOAA21_NRT
2.7761,125.41705,2025-05-26,1747,N21,n,2.0NRT,1.14,N,0.52,0.67,,,,,,firms,VIIRS,VIIRS_NOAA21_NRT
4.54128,114.11887,2025-05-26,1747,N21,n,2.0NRT,0.82,N,0.39,0.36,,,,,,firms,VIIRS,VIIRS_NOAA21_NRT
4.97898,112.98108,2025-05-26,1747,N21,n,2.0NRT,5.05,N,0.41,0.37,,,,,,firms,VIIRS,VIIRS_NOAA21_NRT
5.02182,111.91867,2025-05-26,1747,N21,n,2.0NRT,3.54,N,0.45,0.39,,,,,,firms,VIIRS,VIIRS_NOAA21_NRT
-2.1625,115.58044,2025-05-26,1749,N21,n,2.0NRT,3.67,N,0.43,0.38,,,,,,firms,VIIRS,VIIRS_NOAA21_NRT
-2.15903,115.58096,2025-05-26,1749,N21,n,2.0NRT,3.2,N,0.43,0.38,,,,,,firms,VIIRS,VIIRS_NOAA21_NRT
-1.43677,122.40733,2025-05-26,1749,N21,n,2.0NRT,2.91,N,0.37,0.58,,,,,,firms,VIIRS,VIIRS_NOAA21_NRT
0.67635,117.5677,2025-05-26,1749,N21,n,2.0NRT,1.09,N,0.5,0.41,,,,,,firms,VIIRS,VIIRS_NOAA21_NRT
0.67704,117.56329,2025-05-26,1749,N21,n,2.0NRT,1.64,N,0.5,0.41,,,,,,firms,VIIRS,VIIRS_NOAA21_NRT
0.68512,117.5601,2025-05-26,1749,N21,n,2.0NRT,1.78,N,0.5,0.41,,,,,,firms,VIIRS,VIIRS_NOAA21_NRT
0.69155,117.54316,2025-05-26,1749,N21,n,2.0NRT,0.72,N,0.49,0.41,,,,,,firms,VIIRS,VIIRS_NOAA21_NRT
0.89283,124.08187,2025-05-26,1749,N21,n,2.0NRT,1.0,N,0.45,0.63,,,,,,firms,VIIRS,VIIRS_NOAA21_NRT
0.8948,124.08335,2025-05-26,1749,N21,n,2.0NRT,0.86,N,0.45,0.63,,,,,,firms,VIIRS,VIIRS_NOAA21_NRT
1.45864,109.11989,2025-05-26,1749,N21,n,2.0NRT,0.87,N,0.39,0.44,,,,,,firms,VIIRS,VIIRS_NOAA21_NRT
1.49334,127.63454,2025-05-26,1749,N21,n,2.0NRT,3.35,N,0.77,0.78,,,,,,firms,VIIRS,VIIRS_NOAA21_NRT
1.49416,127.64279,2025-05-26,1749,N21,n,2.0NRT,2.16,N,0.78,0.78,,,,,,firms,VIIRS,VIIRS_NOAA21_NRT
2.3909,111.34819,2025-05-26,1749,N21,n,2.0NRT,1.56,N,0.45,0.39,,,,,,firms,VIIRS,VIIRS_NOAA21_NRT
2.75967,112.39405,2025-05-26,1749,N21,n,2.0NRT,0.55,N,0.41,0.37,,,,,,firms,VIIRS,VIIRS_NOAA21_NRT
3.2377,112.71035,2025-05-26,1749,N21,n,2.0NRT,1.71,N,0.41,0.37,,,,,,firms,VIIRS,VIIRS_NOAA21_NRT
3.5349,113.34521,2025-05-26,1749,N21,n,2.0NRT,1.84,N,0.39,0.37,,,,,,firms,VIIRS,VIIRS_NOAA21_NRT
3.53706,113.30947,2025-05-26,1749,N21,n,2.0NRT,1.93,N,0.4,0.37,,,,,,firms,VIIRS,VIIRS_NOAA21_NRT
3.54436,113.35026,2025-05-26,1749,N21,n,2.0NRT,3.67,N,0.39,0.37,,,,,,firms,VIIRS,VIIRS_NOAA21_NRT
4.02126,103.3411,2025-05-26,1749,N21,n,2.0NRT,2.07,N,0.53,0.67,,,,,,firms,VIIRS,VIIRS_NOAA21_NRT
4.57574,103.45538,2025-05-26,1749,N21,n,2.0NRT,2.09,N,0.53,0.67,,,,,,firms,VIIRS,VIIRS_NOAA21_NRT
4.57578,103.45507,2025-05-26,1749,N21,n,2.0NRT,2.11,N,0.53,0.67,,,,,,firms,VIIRS,VIIRS_NOAA21_NRT
-8.53782,122.77027,2025-05-26,1752,N21,n,2.0NRT,1.06,N,0.5,0.66,,,,,,firms,VIIRS,VIIRS_NOAA21_NRT
-6.09862,106.67183,2025-05-26,1752,N21,n,2.0NRT,3.86,N,0.43,0.46,,,,,,firms,VIIRS,VIIRS_NOAA21_NRT
-2.1561,101.14386,2025-05-26,1752,N21,n,2.0NRT,12.37,N,0.6,0.71,,,,,,firms,VIIRS,VIIRS_NOAA21_NRT
-2.15228,101.14343,2025-05-26,1932,N21,n,2.0NRT,2.54,N,0.74,0.76,,,,,,firms,VIIRS,VIIRS_NOAA21_NRT
-8.35627,124.1571,2025-05-27,449,N21,n,2.0NRT,10.55,D,0.49,0.48,,,,,,firms,VIIRS,VIIRS_NOAA21_NRT
-2.83234,122.17406,2025-05-27,449,N21,n,2.0NRT,6.86,D,0.55,0.51,,,,,,firms,VIIRS,VIIRS_NOAA21_NRT
-2.82962,122.17517,2025-05-27,449,N21,n,2.0NRT,10.14,D,0.55,0.51,,,,,,firms,VIIRS,VIIRS_NOAA21_NRT
-1.57109,122.1447,2025-05-27,449,N21,n,2.0NRT,6.7,D,0.53,0.5,,,,,,firms,VIIRS,VIIRS_NOAA21_NRT
-1.459,127.43478,2025-05-27,449,N21,l,2.0NRT,10.56,D,0.41,0.37,,,,,,firms,VIIRS,VIIRS_NOAA21_NRT
-1.45844,127.43848,2025-05-27,449,N21,n,2.0NRT,13.3,D,0.41,0.37,,,,,,firms,VIIRS,VIIRS_NOAA21_NRT
-1.43341,122.40468,2025-05-27,449,N21,n,2.0NRT,7.09,D,0.51,0.49,,,,,,firms,VIIRS,VIIRS_NOAA21_NRT
-1.43273,122.40922,2025-05-27,449,N21,n,2.0NRT,8.32,D,0.51,0.49,,,,,,firms,VIIRS,VIIRS_NOAA21_NRT
-1.38267,122.48175,2025-05-27,449,N21,n,2.0NRT,5.73,D,0.5,0.49,,,,,,firms,VIIRS,VIIRS_NOAA21_NRT
-1.05143,131.32063,2025-05-27,449,N21,n,2.0NRT,1.54,D,0.43,0.38,,,,,,firms,VIIRS,VIIRS_NOAA21_NRT
-0.86215,123.0441,2025-05-27,449,N21,n,2.0NRT,4.1,D,0.45,0.47,,,,,,firms,VIIRS,VIIRS_NOAA21_NRT
-0.83857,123.19512,2025-05-27,449,N21,n,2.0NRT,5.87,D,0.44,0.46,,,,,,firms,VIIRS,VIIRS_NOAA21_NRT
-0.83146,123.01585,2025-05-27,449,N21,n,2.0NRT,10.09,D,0.45,0.47,,,,,,firms,VIIRS,VIIRS_NOAA21_NRT
0.77209,122.41584,2025-05-27,449,N21,n,2.0NRT,7.59,D,0.47,0.48,,,,,,firms,VIIRS,VIIRS_NOAA21_NRT
-4.75269,104.68605,2025-05-27,629,N21,n,2.0NRT,4.41,D,0.38,0.36,,,,,,firms,VIIRS,VIIRS_NOAA21_NRT
-4.4507,104.48333,2025-05-27,629,N21,n,2.0NRT,25.49,D,0.38,0.36,,,,,,firms,VIIRS,VIIRS_NOAA21_NRT
-4.44283,104.82501,2025-05-27,629,N21,n,2.0NRT,2.59,D,0.39,0.36,,,,,,firms,VIIRS,VIIRS_NOAA21_NRT
-4.40039,105.25582,2025-05-27,629,N21,n,2.0NRT,3.23,D,0.39,0.36,,,,,,firms,VIIRS,VIIRS_NOAA21_NRT
-4.35592,104.1693,2025-05-27,629,N21,n,2.0NRT,3.64,D,0.38,0.36,,,,,,firms,VIIRS,VIIRS_NOAA21_NRT
-3.97827,102.4679,2025-05-27,629,N21,n,2.0NRT,2.14,D,0.41,0.37,,,,,,firms,VIIRS,VIIRS_NOAA21_NRT
-3.80759,103.81817,2025-05-27,629,N21,n,2.0NRT,9.59,D,0.39,0.36,,,,,,firms,VIIRS,VIIRS_NOAA21_NRT
-3.72454,103.7167,2025-05-27,629,N21,n,2.0NRT,2.61,D,0.39,0.36,,,,,,firms,VIIRS,VIIRS_NOAA21_NRT
-3.68741,103.17944,2025-05-27,629,N21,n,2.0NRT,2.16,D,0.39,0.36,,,,,,firms,VIIRS,VIIRS_NOAA21_NRT
-3.5696,102.17956,2025-05-27,629,N21,n,2.0NRT,26.55,D,0.42,0.37,,,,,,firms,VIIRS,VIIRS_NOAA21_NRT
-3.55921,104.1358,2025-05-27,629,N21,n,2.0NRT,3.88,D,0.38,0.36,,,,,,firms,VIIRS,VIIRS_NOAA21_NRT
-3.53662,102.0749,2025-05-27,629,N21,n,2.0NRT,7.61,D,0.42,0.38,,,,,,firms,VIIRS,VIIRS_NOAA21_NRT
-3.50238,102.23033,2025-05-27,629,N21,n,2.0NRT,5.02,D,0.41,0.37,,,,,,firms,VIIRS,VIIRS_NOAA21_NRT
-3.49574,104.39268,2025-05-27,629,N21,n,2.0NRT,5.44,D,0.38,0.36,,,,,,firms,VIIRS,VIIRS_NOAA21_NRT
-3.47883,102.15446,2025-05-27,629,N21,n,2.0NRT,5.77,D,0.42,0.37,,,,,,firms,VIIRS,VIIRS_NOAA21_NRT
-3.45824,104.6162,2025-05-27,629,N21,n,2.0NRT,13.03,D,0.39,0.36,,,,,,firms,VIIRS,VIIRS_NOAA21_NRT
-3.44937,102.06971,2025-05-27,629,N21,n,2.0NRT,3.8,D,0.42,0.38,,,,,,firms,VIIRS,VIIRS_NOAA21_NRT
-3.44174,104.7021,2025-05-27,629,N21,n,2.0NRT,2.76,D,0.39,0.36,,,,,,firms,VIIRS,VIIRS_NOAA21_NRT
-3.38912,102.23672,2025-05-27,629,N21,n,2.0NRT,8.48,D,0.41,0.37,,,,,,firms,VIIRS,VIIRS_NOAA21_NRT
-3.31704,101.92704,2025-05-27,629,N21,n,2.0NRT,2.31,D,0.42,0.38,,,,,,firms,VIIRS,VIIRS_NOAA21_NRT
-3.2791,105.29539,2025-05-27,629,N21,n,2.0NRT,12.62,D,0.39,0.37,,,,,,firms,VIIRS,VIIRS_NOAA21_NRT
-3.26212,102.12701,2025-05-27,629,N21,n,2.0NRT,2.24,D,0.42,0.37,,,,,,firms,VIIRS,VIIRS_NOAA21_NRT
-3.23031,103.66079,2025-05-27,629,N21,n,2.0NRT,6.0,D,0.39,0.36,,,,,,firms,VIIRS,VIIRS_NOAA21_NRT
-3.22978,103.66424,2025-05-27,629,N21,n,2.0NRT,6.0,D,0.39,0.36,,,,,,firms,VIIRS,VIIRS_NOAA21_NRT
-3.22693,104.08286,2025-05-27,629,N21,n,2.0NRT,20.17,D,0.38,0.36,,,,,,firms,VIIRS,VIIRS_NOAA21_NRT
-3.2263,103.64252,2025-05-27,629,N21,n,2.0NRT,4.63,D,0.39,0.36,,,,,,firms,VIIRS,VIIRS_NOAA21_NRT
-3.19978,102.0753,2025-05-27,629,N21,n,2.0NRT,6.96,D,0.42,0.37,,,,,,firms,VIIRS,VIIRS_NOAA21_NRT
-3.18536,103.44137,2025-05-27,629,N21,n,2.0NRT,3.51,D,0.39,0.36,,,,,,firms,VIIRS,VIIRS_NOAA21_NRT
-3.18122,103.55766,2025-05-27,629,N21,n,2.0NRT,1.41,D,0.39,0.36,,,,,,firms,VIIRS,VIIRS_NOAA21_NRT
-3.16338,107.63436,2025-05-27,629,N21,n,2.0NRT,3.11,D,0.48,0.4,,,,,,firms,VIIRS,VIIRS_NOAA21_NRT
-3.14768,102.04832,2025-05-27,629,N21,n,2.0NRT,16.37,D,0.42,0.38,,,,,,firms,VIIRS,VIIRS_NOAA21_NRT
-3.11892,102.91557,2025-05-27,629,N21,n,2.0NRT,3.02,D,0.4,0.37,,,,,,firms,VIIRS,VIIRS_NOAA21_NRT
-3.10443,101.94221,2025-05-27,629,N21,n,2.0NRT,2.57,D,0.42,0.38,,,,,,firms,VIIRS,VIIRS_NOAA21_NRT
-3.10327,101.92666,2025-05-27,629,N21,l,2.0NRT,5.28,D,0.42,0.38,,,,,,firms,VIIRS,VIIRS_NOAA21_NRT
-3.09696,101.94496,2025-05-27,629,N21,n,2.0NRT,3.22,D,0.42,0.38,,,,,,firms,VIIRS,VIIRS_NOAA21_NRT
-3.07397,101.95711,2025-05-27,629,N21,n,2.0NRT,17.68,D,0.42,0.38,,,,,,firms,VIIRS,VIIRS_NOAA21_NRT
-3.06554,103.91741,2025-05-27,629,N21,n,2.0NRT,2.64,D,0.38,0.36,,,,,,firms,VIIRS,VIIRS_NOAA21_NRT
-2.99736,103.8291,2025-05-27,629,N21,n,2.0NRT,5.42,D,0.38,0.36,,,,,,firms,VIIRS,VIIRS_NOAA21_NRT
-2.95058,105.28757,2025-05-27,629,N21,n,2.0NRT,3.27,D,0.4,0.37,,,,,,firms,VIIRS,VIIRS_NOAA21_NRT
-2.94135,101.78704,2025-05-27,629,N21,n,2.0NRT,9.07,D,0.43,0.38,,,,,,firms,VIIRS,VIIRS_NOAA21_NRT
-2.92478,101.71785,2025-05-27,629,N21,n,2.0NRT,25.35,D,0.43,0.38,,,,,,firms,VIIRS,VIIRS_NOAA21_NRT
-2.92132,101.71723,2025-05-27,629,N21,n,2.0NRT,4.16,D,0.43,0.38,,,,,,firms,VIIRS,VIIRS_NOAA21_NRT
-2.8726,101.59177,2025-05-27,629,N21,n,2.0NRT,11.82,D,0.43,0.38,,,,,,firms,VIIRS,VIIRS_NOAA21_NRT
-2.85768,106.45607,2025-05-27,629,N21,n,2.0NRT,24.26,D,0.43,0.38,,,,,,firms,VIIRS,VIIRS_NOAA21_NRT
-2.85177,101.55383,2025-05-27,629,N21,n,2.0NRT,9.49,D,0.43,0.38,,,,,,firms,VIIRS,VIIRS_NOAA21_NRT
-2.82441,101.52216,2025-05-27,629,N21,n,2.0NRT,3.19,D,0.43,0.38,,,,,,firms,VIIRS,VIIRS_NOAA21_NRT
-2.73328,101.52499,2025-05-27,629,N21,n,2.0NRT,5.82,D,0.43,0.38,,,,,,firms,VIIRS,VIIRS_NOAA21_NRT
-2.73159,101.51267,2025-05-27,629,N21,n,2.0NRT,9.78,D,0.43,0.38,,,,,,firms,VIIRS,VIIRS_NOAA21_NRT
-2.59463,102.02099,2025-05-27,629,N21,n,2.0NRT,8.55,D,0.41,0.37,,,,,,firms,VIIRS,VIIRS_NOAA21_NRT
-2.51863,101.12661,2025-05-27,629,N21,l,2.0NRT,5.44,D,0.45,0.39,,,,,,firms,VIIRS,VIIRS_NOAA21_NRT
-2.51802,101.13062,2025-05-27,629,N21,n,2.0NRT,5.48,D,0.45,0.39,,,,,,firms,VIIRS,VIIRS_NOAA21_NRT
-2.51507,101.12608,2025-05-27,629,N21,n,2.0NRT,5.44,D,0.45,0.39,,,,,,firms,VIIRS,VIIRS_NOAA21_NRT
-2.49592,106.00145,2025-05-27,629,N21,n,2.0NRT,6.49,D,0.42,0.37,,,,,,firms,VIIRS,VIIRS_NOAA21_NRT
-2.40752,102.70067,2025-05-27,629,N21,n,2.0NRT,3.25,D,0.4,0.37,,,,,,firms,VIIRS,VIIRS_NOAA21_NRT
-2.32741,100.90447,2025-05-27,629,N21,l,2.0NRT,3.16,D,0.46,0.39,,,,,,firms,VIIRS,VIIRS_NOAA21_NRT
-2.31696,101.21552,2025-05-27,629,N21,n,2.0NRT,12.52,D,0.44,0.39,,,,,,firms,VIIRS,VIIRS_NOAA21_NRT
-2.28808,101.5929,2025-05-27,629,N21,n,2.0NRT,3.33,D,0.43,0.38,,,,,,firms,VIIRS,VIIRS_NOAA21_NRT
-2.2688,102.15808,2025-05-27,629,N21,n,2.0NRT,1.5,D,0.41,0.37,,,,,,firms,VIIRS,VIIRS_NOAA21_NRT
-2.26564,101.02903,2025-05-27,629,N21,n,2.0NRT,7.38,D,0.45,0.39,,,,,,firms,VIIRS,VIIRS_NOAA21_NRT
-2.26502,101.03306,2025-05-27,629,N21,n,2.0NRT,7.38,D,0.45,0.39,,,,,,firms,VIIRS,VIIRS_NOAA21_NRT
-2.24578,102.07986,2025-05-27,629,N21,n,2.0NRT,2.95,D,0.41,0.37,,,,,,firms,VIIRS,VIIRS_NOAA21_NRT
-2.23068,101.16305,2025-05-27,629,N21,n,2.0NRT,3.91,D,0.44,0.39,,,,,,firms,VIIRS,VIIRS_NOAA21_NRT
-2.22943,101.02782,2025-05-27,629,N21,n,2.0NRT,4.93,D,0.45,0.39,,,,,,firms,VIIRS,VIIRS_NOAA21_NRT
-2.22588,101.02729,2025-05-27,629,N21,n,2.0NRT,4.93,D,0.45,0.39,,,,,,firms,VIIRS,VIIRS_NOAA21_NRT
-2.20996,100.98785,2025-05-27,629,N21,n,2.0NRT,2.65,D,0.45,0.39,,,,,,firms,VIIRS,VIIRS_NOAA21_NRT
-2.20936,100.9919,2025-05-27,629,N21,n,2.0NRT,2.65,D,0.45,0.39,,,,,,firms,VIIRS,VIIRS_NOAA21_NRT
-2.1803,100.99607,2025-05-27,629,N21,n,2.0NRT,7.69,D,0.45,0.39,,,,,,firms,VIIRS,VIIRS_NOAA21_NRT
-2.17965,100.99575,2025-05-27,629,N21,n,2.0NRT,7.68,D,0.45,0.39,,,,,,firms,VIIRS,VIIRS_NOAA21_NRT
-2.17469,102.17688,2025-05-27,629,N21,n,2.0NRT,3.67,D,0.41,0.37,,,,,,firms,VIIRS,VIIRS_NOAA21_NRT
-2.17414,102.18052,2025-05-27,629,N21,n,2.0NRT,3.67,D,0.41,0.37,,,,,,firms,VIIRS,VIIRS_NOAA21_NRT
-2.15389,101.1441,2025-05-27,629,N21,n,2.0NRT,8.22,D,0.44,0.39,,,,,,firms,VIIRS,VIIRS_NOAA21_NRT
-2.13685,101.66306,2025-05-27,629,N21,n,2.0NRT,2.65,D,0.42,0.38,,,,,,firms,VIIRS,VIIRS_NOAA21_NRT
-2.06316,101.09838,2025-05-27,629,N21,n,2.0NRT,4.56,D,0.45,0.39,,,,,,firms,VIIRS,VIIRS_NOAA21_NRT
-2.0357,102.07799,2025-05-27,629,N21,n,2.0NRT,2.71,D,0.41,0.37,,,,,,firms,VIIRS,VIIRS_NOAA21_NRT
-2.02139,102.96126,2025-05-27,629,N21,n,2.0NRT,7.12,D,0.39,0.36,,,,,,firms,VIIRS,VIIRS_NOAA21_NRT
-1.96919,100.9083,2025-05-27,629,N21,n,2.0NRT,2.49,D,0.45,0.39,,,,,,firms,VIIRS,VIIRS_NOAA21_NRT
-1.93792,102.16724,2025-05-27,629,N21,n,2.0NRT,3.07,D,0.41,0.37,,,,,,firms,VIIRS,VIIRS_NOAA21_NRT
-1.90432,101.0234,2025-05-27,629,N21,n,2.0NRT,3.04,D,0.45,0.39,,,,,,firms,VIIRS,VIIRS_NOAA21_NRT
-1.71442,102.69873,2025-05-27,629,N21,n,2.0NRT,2.32,D,0.39,0.36,,,,,,firms,VIIRS,VIIRS_NOAA21_NRT
-1.69172,105.75626,2025-05-27,629,N21,n,2.0NRT,3.44,D,0.42,0.37,,,,,,firms,VIIRS,VIIRS_NOAA21_NRT
-1.68859,102.73796,2025-05-27,629,N21,n,2.0NRT,3.68,D,0.39,0.36,,,,,,firms,VIIRS,VIIRS_NOAA21_NRT
-1.57466,103.68678,2025-05-27,629,N21,n,2.0NRT,1.16,D,0.38,0.36,,,,,,firms,VIIRS,VIIRS_NOAA21_NRT
-5.97999,105.99345,2025-05-27,631,N21,n,2.0NRT,10.18,D,0.4,0.37,,,,,,firms,VIIRS,VIIRS_NOAA21_NRT
-5.26441,105.65072,2025-05-27,631,N21,n,2.0NRT,5.32,D,0.39,0.36,,,,,,firms,VIIRS,VIIRS_NOAA21_NRT
-1.86846,100.94799,2025-05-27,631,N21,n,2.0NRT,2.87,D,0.45,0.39,,,,,,firms,VIIRS,VIIRS_NOAA21_NRT
-1.77551,100.84277,2025-05-27,631,N21,n,2.0NRT,2.85,D,0.45,0.39,,,,,,firms,VIIRS,VIIRS_NOAA21_NRT
-1.60566,101.39624,2025-05-27,631,N21,n,2.0NRT,2.71,D,0.43,0.38,,,,,,firms,VIIRS,VIIRS_NOAA21_NRT
-1.59788,100.70114,2025-05-27,631,N21,n,2.0NRT,11.38,D,0.46,0.39,,,,,,firms,VIIRS,VIIRS_NOAA21_NRT
-1.58679,101.75387,2025-05-27,631,N21,n,2.0NRT,4.56,D,0.42,0.37,,,,,,firms,VIIRS,VIIRS_NOAA21_NRT
-1.58623,101.75758,2025-05-27,631,N21,n,2.0NRT,5.22,D,0.42,0.37,,,,,,firms,VIIRS,VIIRS_NOAA21_NRT
-1.56345,100.6967,2025-05-27,631,N21,n,2.0NRT,3.08,D,0.46,0.39,,,,,,firms,VIIRS,VIIRS_NOAA21_NRT
-1.52964,101.29763,2025-05-27,631,N21,n,2.0NRT,3.17,D,0.43,0.38,,,,,,firms,VIIRS,VIIRS_NOAA21_NRT
-1.52843,101.49245,2025-05-27,631,N21,n,2.0NRT,4.23,D,0.42,0.38,,,,,,firms,VIIRS,VIIRS_NOAA21_NRT
-1.29111,101.87898,2025-05-27,631,N21,n,2.0NRT,3.13,D,0.41,0.37,,,,,,firms,VIIRS,VIIRS_NOAA21_NRT
-1.1325,102.7731,2025-05-27,631,N21,n,2.0NRT,3.0,D,0.39,0.36,,,,,,firms,VIIRS,VIIRS_NOAA21_NRT
-0.89953,101.22366,2025-05-27,631,N21,n,2.0NRT,2.14,D,0.43,0.38,,,,,,firms,VIIRS,VIIRS_NOAA21_NRT
-0.87088,102.01229,2025-05-27,631,N21,n,2.0NRT,10.28,D,0.4,0.37,,,,,,firms,VIIRS,VIIRS_NOAA21_NRT
-0.86606,101.48949,2025-05-27,631,N21,n,2.0NRT,8.73,D,0.42,0.38,,,,,,firms,VIIRS,VIIRS_NOAA21_NRT
-0.85697,101.57207,2025-05-27,631,N21,n,2.0NRT,20.09,D,0.42,0.37,,,,,,firms,VIIRS,VIIRS_NOAA21_NRT
-0.85507,102.3421,2025-05-27,631,N21,n,2.0NRT,6.72,D,0.4,0.37,,,,,,firms,VIIRS,VIIRS_NOAA21_NRT
-0.84271,101.59652,2025-05-27,631,N21,n,2.0NRT,8.29,D,0.42,0.37,,,,,,firms,VIIRS,VIIRS_NOAA21_NRT
-0.82714,101.12661,2025-05-27,631,N21,n,2.0NRT,6.28,D,0.43,0.38,,,,,,firms,VIIRS,VIIRS_NOAA21_NRT
-0.818,100.73638,2025-05-27,631,N21,n,2.0NRT,12.03,D,0.45,0.39,,,,,,firms,VIIRS,VIIRS_NOAA21_NRT
-0.81447,100.73573,2025-05-27,631,N21,n,2.0NRT,12.03,D,0.45,0.39,,,,,,firms,VIIRS,VIIRS_NOAA21_NRT
-0.78291,101.34587,2025-05-27,631,N21,n,2.0NRT,3.5,D,0.42,0.38,,,,,,firms,VIIRS,VIIRS_NOAA21_NRT
-0.78231,101.41899,2025-05-27,631,N21,n,2.0NRT,3.38,D,0.42,0.38,,,,,,firms,VIIRS,VIIRS_NOAA21_NRT
-0.77625,100.5588,2025-05-27,631,N21,n,2.0NRT,3.36,D,0.46,0.39,,,,,,firms,VIIRS,VIIRS_NOAA21_NRT
-0.6422,101.46272,2025-05-27,631,N21,n,2.0NRT,3.61,D,0.42,0.38,,,,,,firms,VIIRS,VIIRS_NOAA21_NRT
-0.43393,109.17825,2025-05-27,631,N21,n,2.0NRT,10.52,D,0.43,0.46,,,,,,firms,VIIRS,VIIRS_NOAA21_NRT
-0.26645,101.48999,2025-05-27,631,N21,n,2.0NRT,2.75,D,0.42,0.37,,,,,,firms,VIIRS,VIIRS_NOAA21_NRT
-0.22705,109.22761,2025-05-27,631,N21,n,2.0NRT,5.89,D,0.44,0.46,,,,,,firms,VIIRS,VIIRS_NOAA21_NRT
-0.20338,109.26834,2025-05-27,631,N21,n,2.0NRT,4.98,D,0.44,0.46,,,,,,firms,VIIRS,VIIRS_NOAA21_NRT
-0.18134,109.32602,2025-05-27,631,N21,n,2.0NRT,11.65,D,0.45,0.47,,,,,,firms,VIIRS,VIIRS_NOAA21_NRT
-0.17707,109.32537,2025-05-27,631,N21,n,2.0NRT,11.65,D,0.45,0.47,,,,,,firms,VIIRS,VIIRS_NOAA21_NRT
-0.17608,100.72011,2025-05-27,631,N21,n,2.0NRT,9.19,D,0.44,0.39,,,,,,firms,VIIRS,VIIRS_NOAA21_NRT
-0.16287,109.36015,2025-05-27,631,N21,n,2.0NRT,3.95,D,0.45,0.47,,,,,,firms,VIIRS,VIIRS_NOAA21_NRT
-0.14846,100.54469,2025-05-27,631,N21,n,2.0NRT,3.31,D,0.45,0.39,,,,,,firms,VIIRS,VIIRS_NOAA21_NRT
-0.13902,109.35261,2025-05-27,631,N21,n,2.0NRT,3.01,D,0.45,0.47,,,,,,firms,VIIRS,VIIRS_NOAA21_NRT
-0.11821,109.31663,2025-05-27,631,N21,n,2.0NRT,7.55,D,0.45,0.47,,,,,,firms,VIIRS,VIIRS_NOAA21_NRT
-0.11653,100.6345,2025-05-27,631,N21,n,2.0NRT,3.65,D,0.45,0.39,,,,,,firms,VIIRS,VIIRS_NOAA21_NRT
0.18567,100.73774,2025-05-27,631,N21,n,2.0NRT,4.36,D,0.44,0.38,,,,,,firms,VIIRS,VIIRS_NOAA21_NRT
0.27576,99.24812,2025-05-27,631,N21,n,2.0NRT,8.84,D,0.52,0.42,,,,,,firms,VIIRS,VIIRS_NOAA21_NRT
0.29621,99.25458,2025-05-27,631,N21,n,2.0NRT,8.13,D,0.52,0.41,,,,,,firms,VIIRS,VIIRS_NOAA21_NRT
0.42805,109.03754,2025-05-27,631,N21,n,2.0NRT,4.95,D,0.44,0.46,,,,,,firms,VIIRS,VIIRS_NOAA21_NRT
0.50067,109.47752,2025-05-27,631,N21,n,2.0NRT,3.39,D,0.47,0.48,,,,,,firms,VIIRS,VIIRS_NOAA21_NRT
0.51083,109.15433,2025-05-27,631,N21,n,2.0NRT,26.95,D,0.45,0.47,,,,,,firms,VIIRS,VIIRS_NOAA21_NRT
0.51509,109.15359,2025-05-27,631,N21,n,2.0NRT,4.89,D,0.45,0.47,,,,,,firms,VIIRS,VIIRS_NOAA21_NRT
0.5519,109.27992,2025-05-27,631,N21,n,2.0NRT,8.09,D,0.46,0.47,,,,,,firms,VIIRS,VIIRS_NOAA21_NRT
0.57806,109.94616,2025-05-27,631,N21,n,2.0NRT,10.89,D,0.51,0.49,,,,,,firms,VIIRS,VIIRS_NOAA21_NRT
0.58258,109.94553,2025-05-27,631,N21,n,2.0NRT,4.75,D,0.51,0.49,,,,,,firms,VIIRS,VIIRS_NOAA21_NRT
0.76079,97.73762,2025-05-27,631,N21,n,2.0NRT,4.49,D,0.42,0.45,,,,,,firms,VIIRS,VIIRS_NOAA21_NRT
0.80721,97.77584,2025-05-27,631,N21,n,2.0NRT,4.27,D,0.42,0.45,,,,,,firms,VIIRS,VIIRS_NOAA21_NRT
0.85473,100.09847,2025-05-27,631,N21,n,2.0NRT,4.45,D,0.46,0.39,,,,,,firms,VIIRS,VIIRS_NOAA21_NRT
0.8821,109.11623,2025-05-27,631,N21,n,2.0NRT,6.09,D,0.45,0.47,,,,,,firms,VIIRS,VIIRS_NOAA21_NRT
0.92575,97.75885,2025-05-27,631,N21,n,2.0NRT,4.17,D,0.42,0.45,,,,,,firms,VIIRS,VIIRS_NOAA21_NRT
0.96994,99.09749,2025-05-27,631,N21,n,2.0NRT,5.19,D,0.52,0.42,,,,,,firms,VIIRS,VIIRS_NOAA21_NRT
1.17819,99.06503,2025-05-27,631,N21,n,2.0NRT,5.37,D,0.52,0.41,,,,,,firms,VIIRS,VIIRS_NOAA21_NRT
1.28869,109.98026,2025-05-27,631,N21,n,2.0NRT,5.57,D,0.52,0.5,,,,,,firms,VIIRS,VIIRS_NOAA21_NRT
1.34979,109.79153,2025-05-27,631,N21,n,2.0NRT,18.56,D,0.51,0.49,,,,,,firms,VIIRS,VIIRS_NOAA21_NRT
1.35082,109.13218,2025-05-27,631,N21,n,2.0NRT,6.05,D,0.46,0.47,,,,,,firms,VIIRS,VIIRS_NOAA21_NRT
1.35143,109.13627,2025-05-27,631,N21,n,2.0NRT,6.05,D,0.46,0.47,,,,,,firms,VIIRS,VIIRS_NOAA21_NRT
1.35514,109.13152,2025-05-27,631,N21,n,2.0NRT,6.05,D,0.46,0.47,,,,,,firms,VIIRS,VIIRS_NOAA21_NRT
1.36829,99.13963,2025-05-27,631,N21,n,2.0NRT,9.47,D,0.51,0.41,,,,,,firms,VIIRS,VIIRS_NOAA21_NRT
1.36869,109.13361,2025-05-27,631,N21,n,2.0NRT,5.5,D,0.46,0.47,,,,,,firms,VIIRS,VIIRS_NOAA21_NRT
1.37565,97.28793,2025-05-27,631,N21,n,2.0NRT,3.2,D,0.44,0.46,,,,,,firms,VIIRS,VIIRS_NOAA21_NRT
1.37599,97.28812,2025-05-27,631,N21,n,2.0NRT,3.55,D,0.44,0.46,,,,,,firms,VIIRS,VIIRS_NOAA21_NRT
1.38719,109.13916,2025-05-27,631,N21,n,2.0NRT,30.55,D,0.46,0.47,,,,,,firms,VIIRS,VIIRS_NOAA21_NRT
1.39089,109.13441,2025-05-27,631,N21,n,2.0NRT,30.55,D,0.46,0.47,,,,,,firms,VIIRS,VIIRS_NOAA21_NRT
1.39151,109.1385,2025-05-27,631,N21,n,2.0NRT,30.55,D,0.46,0.47,,,,,,firms,VIIRS,VIIRS_NOAA21_NRT
1.39833,109.15429,2025-05-27,631,N21,n,2.0NRT,10.64,D,0.46,0.47,,,,,,firms,VIIRS,VIIRS_NOAA21_NRT
1.39895,109.15841,2025-05-27,631,N21,n,2.0NRT,40.65,D,0.46,0.47,,,,,,firms,VIIRS,VIIRS_NOAA21_NRT
1.40265,109.15363,2025-05-27,631,N21,n,2.0NRT,10.64,D,0.46,0.47,,,,,,firms,VIIRS,VIIRS_NOAA21_NRT
1.40327,109.15775,2025-05-27,631,N21,n,2.0NRT,40.65,D,0.46,0.47,,,,,,firms,VIIRS,VIIRS_NOAA21_NRT
1.4039,109.16188,2025-05-27,631,N21,n,2.0NRT,40.65,D,0.46,0.47,,,,,,firms,VIIRS,VIIRS_NOAA21_NRT
1.41075,109.17776,2025-05-27,631,N21,n,2.0NRT,11.43,D,0.46,0.47,,,,,,firms,VIIRS,VIIRS_NOAA21_NRT
1.4384,109.12725,2025-05-27,631,N21,n,2.0NRT,4.22,D,0.46,0.47,,,,,,firms,VIIRS,VIIRS_NOAA21_NRT
1.44052,109.12766,2025-05-27,631,N21,n,2.0NRT,3.17,D,0.46,0.47,,,,,,firms,VIIRS,VIIRS_NOAA21_NRT
1.44476,109.16838,2025-05-27,631,N21,n,2.0NRT,24.28,D,0.46,0.47,,,,,,firms,VIIRS,VIIRS_NOAA21_NRT
1.44597,109.16473,2025-05-27,631,N21,n,2.0NRT,2.11,D,0.46,0.47,,,,,,firms,VIIRS,VIIRS_NOAA21_NRT
1.44966,97.34482,2025-05-27,631,N21,n,2.0NRT,2.43,D,0.44,0.46,,,,,,firms,VIIRS,VIIRS_NOAA21_NRT
1.4572,109.12098,2025-05-27,631,N21,n,2.0NRT,5.3,D,0.46,0.47,,,,,,firms,VIIRS,VIIRS_NOAA21_NRT
1.47375,98.81989,2025-05-27,631,N21,n,2.0NRT,8.88,D,0.53,0.42,,,,,,firms,VIIRS,VIIRS_NOAA21_NRT
1.50996,110.6049,2025-05-27,631,N21,n,2.0NRT,5.54,D,0.58,0.52,,,,,,firms,VIIRS,VIIRS_NOAA21_NRT
1.57462,109.69639,2025-05-27,631,N21,n,2.0NRT,10.35,D,0.5,0.49,,,,,,firms,VIIRS,VIIRS_NOAA21_NRT
1.6629,103.31573,2025-05-27,631,N21,n,2.0NRT,2.55,D,0.38,0.36,,,,,,firms,VIIRS,VIIRS_NOAA21_NRT
2.0312,98.47024,2025-05-27,631,N21,n,2.0NRT,7.67,D,0.55,0.43,,,,,,firms,VIIRS,VIIRS_NOAA21_NRT
2.09333,98.32818,2025-05-27,631,N21,n,2.0NRT,6.01,D,0.56,0.43,,,,,,firms,VIIRS,VIIRS_NOAA21_NRT
2.09577,98.36854,2025-05-27,631,N21,n,2.0NRT,2.49,D,0.55,0.43,,,,,,firms,VIIRS,VIIRS_NOAA21_NRT
2.19222,98.827,2025-05-27,631,N21,n,2.0NRT,7.04,D,0.52,0.42,,,,,,firms,VIIRS,VIIRS_NOAA21_NRT
2.21478,98.9213,2025-05-27,631,N21,n,2.0NRT,4.03,D,0.51,0.41,,,,,,firms,VIIRS,VIIRS_NOAA21_NRT
2.32392,98.90047,2025-05-27,631,N21,n,2.0NRT,6.8,D,0.51,0.41,,,,,,firms,VIIRS,VIIRS_NOAA21_NRT
2.49108,98.09829,2025-05-27,631,N21,n,2.0NRT,9.88,D,0.57,0.43,,,,,,firms,VIIRS,VIIRS_NOAA21_NRT
2.50753,98.71105,2025-05-27,631,N21,n,2.0NRT,3.08,D,0.52,0.42,,,,,,firms,VIIRS,VIIRS_NOAA21_NRT
2.54752,98.86707,2025-05-27,631,N21,n,2.0NRT,1.71,D,0.51,0.41,,,,,,firms,VIIRS,VIIRS_NOAA21_NRT
2.6068,98.97713,2025-05-27,631,N21,n,2.0NRT,2.16,D,0.5,0.41,,,,,,firms,VIIRS,VIIRS_NOAA21_NRT
2.60785,98.97331,2025-05-27,631,N21,n,2.0NRT,1.81,D,0.5,0.41,,,,,,firms,VIIRS,VIIRS_NOAA21_NRT
2.6119,98.98546,2025-05-27,631,N21,n,2.0NRT,3.38,D,0.5,0.41,,,,,,firms,VIIRS,VIIRS_NOAA21_NRT
2.66428,97.82438,2025-05-27,631,N21,n,2.0NRT,3.58,D,0.39,0.44,,,,,,firms,VIIRS,VIIRS_NOAA21_NRT
2.67594,97.76868,2025-05-27,631,N21,n,2.0NRT,5.28,D,0.39,0.44,,,,,,firms,VIIRS,VIIRS_NOAA21_NRT
2.6765,97.7722,2025-05-27,631,N21,n,2.0NRT,7.65,D,0.39,0.44,,,,,,firms,VIIRS,VIIRS_NOAA21_NRT
2.96709,98.47869,2025-05-27,631,N21,n,2.0NRT,7.22,D,0.53,0.42,,,,,,firms,VIIRS,VIIRS_NOAA21_NRT
3.06467,98.62634,2025-05-27,631,N21,n,2.0NRT,4.69,D,0.52,0.42,,,,,,firms,VIIRS,VIIRS_NOAA21_NRT
3.17574,97.39624,2025-05-27,631,N21,n,2.0NRT,2.28,D,0.41,0.45,,,,,,firms,VIIRS,VIIRS_NOAA21_NRT
3.57387,98.53394,2025-05-27,631,N21,n,2.0NRT,3.41,D,0.52,0.41,,,,,,firms,VIIRS,VIIRS_NOAA21_NRT
3.85194,96.63259,2025-05-27,631,N21,n,2.0NRT,6.61,D,0.45,0.47,,,,,,firms,VIIRS,VIIRS_NOAA21_NRT
3.85384,96.64458,2025-05-27,631,N21,n,2.0NRT,6.7,D,0.45,0.47,,,,,,firms,VIIRS,VIIRS_NOAA21_NRT
4.2306,101.38914,2025-05-27,631,N21,n,2.0NRT,8.45,D,0.39,0.36,,,,,,firms,VIIRS,VIIRS_NOAA21_NRT
4.34891,100.99197,2025-05-27,631,N21,n,2.0NRT,4.34,D,0.4,0.37,,,,,,firms,VIIRS,VIIRS_NOAA21_NRT
4.36416,100.86823,2025-05-27,631,N21,n,2.0NRT,3.0,D,0.4,0.37,,,,,,firms,VIIRS,VIIRS_NOAA21_NRT
4.49187,101.14455,2025-05-27,631,N21,l,2.0NRT,4.07,D,0.4,0.37,,,,,,firms,VIIRS,VIIRS_NOAA21_NRT
4.49577,101.14759,2025-05-27,631,N21,l,2.0NRT,3.21,D,0.4,0.37,,,,,,firms,VIIRS,VIIRS_NOAA21_NRT
4.77861,101.10378,2025-05-27,631,N21,n,2.0NRT,3.78,D,0.4,0.37,,,,,,firms,VIIRS,VIIRS_NOAA21_NRT
4.9757,112.98364,2025-05-27,631,N21,n,2.0NRT,16.81,D,0.48,0.65,,,,,,firms,VIIRS,VIIRS_NOAA21_NRT
4.97631,112.98796,2025-05-27,631,N21,n,2.0NRT,16.81,D,0.48,0.65,,,,,,firms,VIIRS,VIIRS_NOAA21_NRT
4.98162,112.98281,2025-05-27,631,N21,n,2.0NRT,9.98,D,0.48,0.65,,,,,,firms,VIIRS,VIIRS_NOAA21_NRT
4.98223,112.98712,2025-05-27,631,N21,n,2.0NRT,9.98,D,0.48,0.65,,,,,,firms,VIIRS,VIIRS_NOAA21_NRT
1.49089,127.63417,2025-05-27,1730,N21,n,2.0NRT,1.97,N,0.36,0.57,,,,,,firms,VIIRS,VIIRS_NOAA21_NRT
1.49149,127.63681,2025-05-27,1730,N21,n,2.0NRT,3.41,N,0.36,0.57,,,,,,firms,VIIRS,VIIRS_NOAA21_NRT
1.49202,127.63358,2025-05-27,1730,N21,n,2.0NRT,3.41,N,0.36,0.57,,,,,,firms,VIIRS,VIIRS_NOAA21_NRT
1.49551,127.63883,2025-05-27,1730,N21,n,2.0NRT,1.87,N,0.36,0.57,,,,,,firms,VIIRS,VIIRS_NOAA21_NRT
1.49606,127.63532,2025-05-27,1730,N21,n,2.0NRT,1.87,N,0.36,0.57,,,,,,firms,VIIRS,VIIRS_NOAA21_NRT
1.51293,127.93827,2025-05-27,1730,N21,n,2.0NRT,0.76,N,0.38,0.59,,,,,,firms,VIIRS,VIIRS_NOAA21_NRT
2.77811,125.4089,2025-05-27,1730,N21,n,2.0NRT,2.33,N,0.48,0.48,,,,,,firms,VIIRS,VIIRS_NOAA21_NRT
3.27849,113.0669,2025-05-27,1730,N21,n,2.0NRT,9.12,N,0.47,0.47,,,,,,firms,VIIRS,VIIRS_NOAA21_NRT
3.27914,113.06261,2025-05-27,1730,N21,n,2.0NRT,9.12,N,0.47,0.48,,,,,,firms,VIIRS,VIIRS_NOAA21_NRT
3.28467,113.0848,2025-05-27,1730,N21,n,2.0NRT,5.64,N,0.47,0.47,,,,,,firms,VIIRS,VIIRS_NOAA21_NRT
3.2853,113.08057,2025-05-27,1730,N21,n,2.0NRT,5.64,N,0.47,0.47,,,,,,firms,VIIRS,VIIRS_NOAA21_NRT
3.28839,113.08954,2025-05-27,1730,N21,n,2.0NRT,1.84,N,0.47,0.47,,,,,,firms,VIIRS,VIIRS_NOAA21_NRT
3.28902,113.08534,2025-05-27,1730,N21,n,2.0NRT,5.64,N,0.47,0.47,,,,,,firms,VIIRS,VIIRS_NOAA21_NRT
3.28965,113.08115,2025-05-27,1730,N21,n,2.0NRT,5.64,N,0.47,0.47,,,,,,firms,VIIRS,VIIRS_NOAA21_NRT
-3.87131,122.40063,2025-05-27,1732,N21,n,2.0NRT,2.22,N,0.57,0.43,,,,,,firms,VIIRS,VIIRS_NOAA21_NRT
-3.87126,122.40784,2025-05-27,1732,N21,n,2.0NRT,1.92,N,0.38,0.43,,,,,,firms,VIIRS,VIIRS_NOAA21_NRT
-2.8783,122.15664,2025-05-27,1732,N21,n,2.0NRT,1.25,N,0.54,0.42,,,,,,firms,VIIRS,VIIRS_NOAA21_NRT
-2.58134,121.38015,2025-05-27,1732,N21,n,2.0NRT,0.83,N,0.48,0.4,,,,,,firms,VIIRS,VIIRS_NOAA21_NRT
-2.58066,121.37577,2025-05-27,1732,N21,n,2.0NRT,4.22,N,0.48,0.4,,,,,,firms,VIIRS,VIIRS_NOAA21_NRT
-2.57767,121.38068,2025-05-27,1732,N21,n,2.0NRT,0.83,N,0.48,0.4,,,,,,firms,VIIRS,VIIRS_NOAA21_NRT
-2.577,121.3763,2025-05-27,1732,N21,n,2.0NRT,4.22,N,0.48,0.4,,,,,,firms,VIIRS,VIIRS_NOAA21_NRT
-2.01372,121.41737,2025-05-27,1732,N21,n,2.0NRT,4.4,N,0.48,0.4,,,,,,firms,VIIRS,VIIRS_NOAA21_NRT
-2.01007,121.41788,2025-05-27,1732,N21,n,2.0NRT,4.4,N,0.48,0.4,,,,,,firms,VIIRS,VIIRS_NOAA21_NRT
-2.00471,121.43165,2025-05-27,1732,N21,n,2.0NRT,1.36,N,0.48,0.4,,,,,,firms,VIIRS,VIIRS_NOAA21_NRT
-1.56616,127.4279,2025-05-27,1732,N21,n,2.0NRT,1.15,N,0.39,0.59,,,,,,firms,VIIRS,VIIRS_NOAA21_NRT
-1.45984,127.43658,2025-05-27,1732,N21,n,2.0NRT,2.89,N,0.39,0.59,,,,,,firms,VIIRS,VIIRS_NOAA21_NRT
-6.62129,108.47607,2025-05-27,1734,N21,n,2.0NRT,0.49,N,0.34,0.56,,,,,,firms,VIIRS,VIIRS_NOAA21_NRT
-6.30305,108.634,2025-05-27,1734,N21,n,2.0NRT,3.25,N,0.33,0.55,,,,,,firms,VIIRS,VIIRS_NOAA21_NRT
-6.30254,108.63103,2025-05-27,1734,N21,n,2.0NRT,3.4,N,0.33,0.55,,,,,,firms,VIIRS,VIIRS_NOAA21_NRT
-6.01218,105.98199,2025-05-27,1734,N21,n,2.0NRT,2.59,N,0.51,0.66,,,,,,firms,VIIRS,VIIRS_NOAA21_NRT
-6.00614,105.983,2025-05-27,1734,N21,n,2.0NRT,2.59,N,0.51,0.66,,,,,,firms,VIIRS,VIIRS_NOAA21_NRT
-5.98282,105.99171,2025-05-27,1734,N21,n,2.0NRT,7.89,N,0.51,0.66,,,,,,firms,VIIRS,VIIRS_NOAA21_NRT
-5.982,105.98717,2025-05-27,1734,N21,h,2.0NRT,7.89,N,0.51,0.66,,,,,,firms,VIIRS,VIIRS_NOAA21_NRT
-5.98117,105.98262,2025-05-27,1734,N21,n,2.0NRT,11.42,N,0.51,0.66,,,,,,firms,VIIRS,VIIRS_NOAA21_NRT
-5.98099,105.99031,2025-05-27,1734,N21,n,2.0NRT,21.42,N,0.51,0.66,,,,,,firms,VIIRS,VIIRS_NOAA21_NRT
-5.98019,105.98575,2025-05-27,1734,N21,h,2.0NRT,21.42,N,0.51,0.66,,,,,,firms,VIIRS,VIIRS_NOAA21_NRT
-5.9768,105.99279,2025-05-27,1734,N21,n,2.0NRT,8.01,N,0.51,0.66,,,,,,firms,VIIRS,VIIRS_NOAA21_NRT
-5.97596,105.98821,2025-05-27,1734,N21,n,2.0NRT,8.01,N,0.51,0.66,,,,,,firms,VIIRS,VIIRS_NOAA21_NRT
-5.97513,105.98367,2025-05-27,1734,N21,n,2.0NRT,9.7,N,0.51,0.66,,,,,,firms,VIIRS,VIIRS_NOAA21_NRT
4.51016,105.25146,2025-05-27,1910,N21,n,2.0NRT,5.18,N,0.52,0.67,,,,,,firms,VIIRS,VIIRS_NOAA21_NRT
5.37032,104.89622,2025-05-27,1910,N21,n,2.0NRT,3.81,N,0.47,0.64,,,,,,firms,VIIRS,VIIRS_NOAA21_NRT
-2.51583,101.1283,2025-05-27,1913,N21,n,2.0NRT,1.94,N,0.35,0.56,,,,,,firms,VIIRS,VIIRS_NOAA21_NRT
-2.51538,101.12525,2025-05-27,1913,N21,n,2.0NRT,1.53,N,0.35,0.56,,,,,,firms,VIIRS,VIIRS_NOAA21_NRT
-2.327,100.99342,2025-05-27,1913,N21,n,2.0NRT,2.0,N,0.34,0.56,,,,,,firms,VIIRS,VIIRS_NOAA21_NRT
-2.32577,100.99404,2025-05-27,1913,N21,n,2.0NRT,1.47,N,0.34,0.56,,,,,,firms,VIIRS,VIIRS_NOAA21_NRT
-2.10371,103.80235,2025-05-27,1913,N21,n,2.0NRT,1.1,N,0.52,0.67,,,,,,firms,VIIRS,VIIRS_NOAA21_NRT
-2.10304,103.79776,2025-05-27,1913,N21,n,2.0NRT,1.1,N,0.52,0.67,,,,,,firms,VIIRS,VIIRS_NOAA21_NRT
-2.10221,103.79823,2025-05-27,1913,N21,n,2.0NRT,1.61,N,0.52,0.67,,,,,,firms,VIIRS,VIIRS_NOAA21_NRT
-1.57172,103.69027,2025-05-27,1913,N21,n,2.0NRT,0.86,N,0.51,0.66,,,,,,firms,VIIRS,VIIRS_NOAA21_NRT
-1.56638,103.69575,2025-05-27,1913,N21,n,2.0NRT,1.35,N,0.51,0.66,,,,,,firms,VIIRS,VIIRS_NOAA21_NRT
-1.56429,103.69714,2025-05-27,1913,N21,n,2.0NRT,1.0,N,0.51,0.66,,,,,,firms,VIIRS,VIIRS_NOAA21_NRT
-3.80613,103.8152,2025-05-27,1915,N21,n,2.0NRT,2.07,N,0.56,0.69,,,,,,firms,VIIRS,VIIRS_NOAA21_NRT
-3.80435,103.81563,2025-05-27,1915,N21,n,2.0NRT,3.42,N,0.56,0.69,,,,,,firms,VIIRS,VIIRS_NOAA21_NRT
-3.72148,103.71337,2025-05-27,1915,N21,n,2.0NRT,2.57,N,0.55,0.68,,,,,,firms,VIIRS,VIIRS_NOAA21_NRT
-8.27464,123.50352,2025-05-28,427,N21,n,2.0NRT,11.91,D,0.58,0.69,,,,,,firms,VIIRS,VIIRS_NOAA21_NRT
-4.15022,140.19133,2025-05-28,429,N21,n,2.0NRT,5.03,D,0.44,0.46,,,,,,firms,VIIRS,VIIRS_NOAA21_NRT
-4.03261,138.95132,2025-05-28,429,N21,n,2.0NRT,8.74,D,0.55,0.43,,,,,,firms,VIIRS,VIIRS_NOAA21_NRT
-3.74198,138.67703,2025-05-28,429,N21,n,2.0NRT,9.72,D,0.54,0.42,,,,,,firms,VIIRS,VIIRS_NOAA21_NRT
-3.71164,138.69467,2025-05-28,429,N21,n,2.0NRT,15.47,D,0.54,0.42,,,,,,firms,VIIRS,VIIRS_NOAA21_NRT
-3.58971,138.45807,2025-05-28,429,N21,n,2.0NRT,4.69,D,0.52,0.42,,,,,,firms,VIIRS,VIIRS_NOAA21_NRT
-3.58099,138.34183,2025-05-28,429,N21,n,2.0NRT,5.17,D,0.52,0.41,,,,,,firms,VIIRS,VIIRS_NOAA21_NRT
-0.87755,133.21559,2025-05-28,429,N21,n,2.0NRT,3.19,D,0.39,0.36,,,,,,firms,VIIRS,VIIRS_NOAA21_NRT
-0.86729,133.75208,2025-05-28,429,N21,n,2.0NRT,5.05,D,0.38,0.36,,,,,,firms,VIIRS,VIIRS_NOAA21_NRT
-0.58695,133.15891,2025-05-28,429,N21,n,2.0NRT,1.61,D,0.39,0.36,,,,,,firms,VIIRS,VIIRS_NOAA21_NRT
0.47978,127.99039,2025-05-28,432,N21,n,2.0NRT,4.27,D,0.42,0.45,,,,,,firms,VIIRS,VIIRS_NOAA21_NRT
0.48037,127.99416,2025-05-28,432,N21,l,2.0NRT,5.15,D,0.42,0.45,,,,,,firms,VIIRS,VIIRS_NOAA21_NRT
0.48097,127.99795,2025-05-28,432,N21,n,2.0NRT,5.15,D,0.42,0.45,,,,,,firms,VIIRS,VIIRS_NOAA21_NRT
0.48157,128.00175,2025-05-28,432,N21,n,2.0NRT,6.52,D,0.42,0.45,,,,,,firms,VIIRS,VIIRS_NOAA21_NRT
0.48218,128.00563,2025-05-28,432,N21,n,2.0NRT,6.52,D,0.42,0.45,,,,,,firms,VIIRS,VIIRS_NOAA21_NRT
0.48452,127.99364,2025-05-28,432,N21,n,2.0NRT,6.39,D,0.42,0.45,,,,,,firms,VIIRS,VIIRS_NOAA21_NRT
0.4875,127.98563,2025-05-28,432,N21,n,2.0NRT,8.61,D,0.42,0.45,,,,,,firms,VIIRS,VIIRS_NOAA21_NRT
0.49168,127.98528,2025-05-28,432,N21,n,2.0NRT,3.2,D,0.42,0.45,,,,,,firms,VIIRS,VIIRS_NOAA21_NRT
0.512,127.8976,2025-05-28,432,N21,n,2.0NRT,3.89,D,0.42,0.46,,,,,,firms,VIIRS,VIIRS_NOAA21_NRT
-9.36975,119.85091,2025-05-28,610,N21,n,2.0NRT,3.96,D,0.39,0.59,,,,,,firms,VIIRS,VIIRS_NOAA21_NRT
-7.76809,114.27119,2025-05-28,610,N21,n,2.0NRT,3.43,D,0.54,0.42,,,,,,firms,VIIRS,VIIRS_NOAA21_NRT
-6.54877,108.0947,2025-05-28,610,N21,n,2.0NRT,2.0,D,0.4,0.37,,,,,,firms,VIIRS,VIIRS_NOAA21_NRT
-6.03093,105.95921,2025-05-28,610,N21,n,2.0NRT,4.85,D,0.48,0.4,,,,,,firms,VIIRS,VIIRS_NOAA21_NRT
-4.49462,103.18477,2025-05-28,612,N21,n,2.0NRT,6.17,D,0.45,0.47,,,,,,firms,VIIRS,VIIRS_NOAA21_NRT
-4.42229,104.60731,2025-05-28,612,N21,n,2.0NRT,13.92,D,0.55,0.43,,,,,,firms,VIIRS,VIIRS_NOAA21_NRT
-4.27788,104.90853,2025-05-28,612,N21,n,2.0NRT,5.96,D,0.53,0.42,,,,,,firms,VIIRS,VIIRS_NOAA21_NRT
-3.80813,103.81998,2025-05-28,612,N21,n,2.0NRT,7.02,D,0.4,0.44,,,,,,firms,VIIRS,VIIRS_NOAA21_NRT
-3.57661,103.30623,2025-05-28,612,N21,n,2.0NRT,10.08,D,0.43,0.46,,,,,,firms,VIIRS,VIIRS_NOAA21_NRT
-3.57299,103.3017,2025-05-28,612,N21,n,2.0NRT,10.77,D,0.43,0.46,,,,,,firms,VIIRS,VIIRS_NOAA21_NRT
-3.54828,102.16599,2025-05-28,612,N21,n,2.0NRT,20.48,D,0.51,0.5,,,,,,firms,VIIRS,VIIRS_NOAA21_NRT
-3.25499,104.03799,2025-05-28,612,N21,n,2.0NRT,3.2,D,0.38,0.43,,,,,,firms,VIIRS,VIIRS_NOAA21_NRT
-3.23676,103.05825,2025-05-28,612,N21,n,2.0NRT,4.4,D,0.44,0.46,,,,,,firms,VIIRS,VIIRS_NOAA21_NRT
-3.23155,102.08606,2025-05-28,612,N21,n,2.0NRT,16.29,D,0.52,0.5,,,,,,firms,VIIRS,VIIRS_NOAA21_NRT
-3.15596,103.81015,2025-05-28,612,N21,n,2.0NRT,7.47,D,0.4,0.44,,,,,,firms,VIIRS,VIIRS_NOAA21_NRT
-3.15262,105.03365,2025-05-28,612,N21,n,2.0NRT,5.4,D,0.5,0.41,,,,,,firms,VIIRS,VIIRS_NOAA21_NRT
-3.12453,102.79933,2025-05-28,612,N21,n,2.0NRT,7.19,D,0.46,0.47,,,,,,firms,VIIRS,VIIRS_NOAA21_NRT
-2.91584,101.74857,2025-05-28,612,N21,n,2.0NRT,17.09,D,0.54,0.51,,,,,,firms,VIIRS,VIIRS_NOAA21_NRT
-2.91127,101.74748,2025-05-28,612,N21,n,2.0NRT,17.09,D,0.54,0.51,,,,,,firms,VIIRS,VIIRS_NOAA21_NRT
-2.87744,103.29895,2025-05-28,612,N21,n,2.0NRT,12.8,D,0.42,0.45,,,,,,firms,VIIRS,VIIRS_NOAA21_NRT
-2.83322,101.54423,2025-05-28,612,N21,n,2.0NRT,13.16,D,0.55,0.51,,,,,,firms,VIIRS,VIIRS_NOAA21_NRT
-2.80746,101.55664,2025-05-28,612,N21,n,2.0NRT,6.43,D,0.55,0.51,,,,,,firms,VIIRS,VIIRS_NOAA21_NRT
-2.80543,101.55383,2025-05-28,612,N21,n,2.0NRT,6.23,D,0.55,0.51,,,,,,firms,VIIRS,VIIRS_NOAA21_NRT
-2.794,110.32041,2025-05-28,612,N21,n,2.0NRT,2.8,D,0.4,0.37,,,,,,firms,VIIRS,VIIRS_NOAA21_NRT
-2.79062,110.31989,2025-05-28,612,N21,n,2.0NRT,2.8,D,0.4,0.37,,,,,,firms,VIIRS,VIIRS_NOAA21_NRT
-2.68419,102.85034,2025-05-28,612,N21,n,2.0NRT,2.21,D,0.45,0.47,,,,,,firms,VIIRS,VIIRS_NOAA21_NRT
-2.45792,102.88673,2025-05-28,612,N21,n,2.0NRT,1.86,D,0.44,0.46,,,,,,firms,VIIRS,VIIRS_NOAA21_NRT
-2.3665,110.58651,2025-05-28,612,N21,n,2.0NRT,2.36,D,0.41,0.37,,,,,,firms,VIIRS,VIIRS_NOAA21_NRT
-2.28385,102.54875,2025-05-28,612,N21,n,2.0NRT,26.73,D,0.46,0.47,,,,,,firms,VIIRS,VIIRS_NOAA21_NRT
-2.18882,100.99961,2025-05-28,612,N21,n,2.0NRT,9.12,D,0.59,0.53,,,,,,firms,VIIRS,VIIRS_NOAA21_NRT
-2.16183,115.58331,2025-05-28,612,N21,n,2.0NRT,3.89,D,0.53,0.5,,,,,,firms,VIIRS,VIIRS_NOAA21_NRT
-1.89737,115.86255,2025-05-28,612,N21,n,2.0NRT,13.43,D,0.56,0.51,,,,,,firms,VIIRS,VIIRS_NOAA21_NRT
-1.89267,115.86179,2025-05-28,612,N21,n,2.0NRT,13.43,D,0.56,0.51,,,,,,firms,VIIRS,VIIRS_NOAA21_NRT
-1.24449,116.81547,2025-05-28,612,N21,n,2.0NRT,2.72,D,0.33,0.55,,,,,,firms,VIIRS,VIIRS_NOAA21_NRT
-0.37909,116.18533,2025-05-28,612,N21,n,2.0NRT,6.12,D,0.62,0.54,,,,,,firms,VIIRS,VIIRS_NOAA21_NRT
0.54292,100.08897,2025-05-28,612,N21,n,2.0NRT,7.1,D,0.62,0.54,,,,,,firms,VIIRS,VIIRS_NOAA21_NRT
0.67626,117.5656,2025-05-28,612,N21,n,2.0NRT,3.87,D,0.4,0.6,,,,,,firms,VIIRS,VIIRS_NOAA21_NRT
0.68999,117.54536,2025-05-28,612,N21,n,2.0NRT,9.4,D,0.4,0.6,,,,,,firms,VIIRS,VIIRS_NOAA21_NRT
0.80767,111.04589,2025-05-28,612,N21,n,2.0NRT,2.88,D,0.46,0.39,,,,,,firms,VIIRS,VIIRS_NOAA21_NRT
0.80916,111.04443,2025-05-28,612,N21,n,2.0NRT,5.22,D,0.46,0.39,,,,,,firms,VIIRS,VIIRS_NOAA21_NRT
0.83052,100.19418,2025-05-28,612,N21,n,2.0NRT,19.87,D,0.6,0.53,,,,,,firms,VIIRS,VIIRS_NOAA21_NRT
1.37732,104.15873,2025-05-28,612,N21,n,2.0NRT,4.08,D,0.49,0.41,,,,,,firms,VIIRS,VIIRS_NOAA21_NRT
0.79938,97.78864,2025-05-28,614,N21,n,2.0NRT,9.77,D,0.44,0.63,,,,,,firms,VIIRS,VIIRS_NOAA21_NRT
0.8027,97.78537,2025-05-28,614,N21,n,2.0NRT,6.5,D,0.45,0.63,,,,,,firms,VIIRS,VIIRS_NOAA21_NRT
0.81105,97.76372,2025-05-28,614,N21,n,2.0NRT,3.46,D,0.45,0.63,,,,,,firms,VIIRS,VIIRS_NOAA21_NRT
0.81626,97.74824,2025-05-28,614,N21,n,2.0NRT,2.22,D,0.45,0.63,,,,,,firms,VIIRS,VIIRS_NOAA21_NRT
0.83574,97.7597,2025-05-28,614,N21,n,2.0NRT,4.25,D,0.45,0.63,,,,,,firms,VIIRS,VIIRS_NOAA21_NRT
0.85685,97.70818,2025-05-28,614,N21,n,2.0NRT,6.54,D,0.45,0.63,,,,,,firms,VIIRS,VIIRS_NOAA21_NRT
0.85874,97.75679,2025-05-28,614,N21,n,2.0NRT,7.64,D,0.45,0.63,,,,,,firms,VIIRS,VIIRS_NOAA21_NRT
1.11151,99.85858,2025-05-28,614,N21,n,2.0NRT,6.8,D,0.63,0.54,,,,,,firms,VIIRS,VIIRS_NOAA21_NRT
1.14992,99.41603,2025-05-28,614,N21,n,2.0NRT,2.45,D,0.34,0.56,,,,,,firms,VIIRS,VIIRS_NOAA21_NRT
1.28607,99.40864,2025-05-28,614,N21,n,2.0NRT,4.3,D,0.34,0.56,,,,,,firms,VIIRS,VIIRS_NOAA21_NRT
1.82197,102.91488,2025-05-28,614,N21,n,2.0NRT,2.62,D,0.38,0.43,,,,,,firms,VIIRS,VIIRS_NOAA21_NRT
2.21735,98.90833,2025-05-28,614,N21,n,2.0NRT,4.67,D,0.35,0.57,,,,,,firms,VIIRS,VIIRS_NOAA21_NRT
2.22843,98.87823,2025-05-28,614,N21,n,2.0NRT,3.68,D,0.36,0.57,,,,,,firms,VIIRS,VIIRS_NOAA21_NRT
2.23909,98.81195,2025-05-28,614,N21,n,2.0NRT,2.95,D,0.36,0.57,,,,,,firms,VIIRS,VIIRS_NOAA21_NRT
2.24859,98.80446,2025-05-28,614,N21,n,2.0NRT,3.29,D,0.36,0.57,,,,,,firms,VIIRS,VIIRS_NOAA21_NRT
2.25068,98.6826,2025-05-28,614,N21,n,2.0NRT,3.89,D,0.37,0.58,,,,,,firms,VIIRS,VIIRS_NOAA21_NRT
2.25101,98.68491,2025-05-28,614,N21,n,2.0NRT,3.5,D,0.37,0.58,,,,,,firms,VIIRS,VIIRS_NOAA21_NRT
2.25866,98.96667,2025-05-28,614,N21,n,2.0NRT,3.67,D,0.35,0.57,,,,,,firms,VIIRS,VIIRS_NOAA21_NRT
2.31129,98.09882,2025-05-28,614,N21,n,2.0NRT,2.18,D,0.4,0.6,,,,,,firms,VIIRS,VIIRS_NOAA21_NRT
2.34662,98.38167,2025-05-28,614,N21,n,2.0NRT,4.5,D,0.38,0.59,,,,,,firms,VIIRS,VIIRS_NOAA21_NRT
2.38753,98.69614,2025-05-28,614,N21,h,2.0NRT,6.52,D,0.36,0.58,,,,,,firms,VIIRS,VIIRS_NOAA21_NRT
2.60178,98.78404,2025-05-28,614,N21,n,2.0NRT,6.19,D,0.36,0.57,,,,,,firms,VIIRS,VIIRS_NOAA21_NRT
2.64766,98.93315,2025-05-28,614,N21,n,2.0NRT,2.53,D,0.35,0.56,,,,,,firms,VIIRS,VIIRS_NOAA21_NRT
2.73695,101.55578,2025-05-28,614,N21,n,2.0NRT,8.32,D,0.45,0.47,,,,,,firms,VIIRS,VIIRS_NOAA21_NRT
2.75281,101.54503,2025-05-28,614,N21,n,2.0NRT,5.5,D,0.46,0.47,,,,,,firms,VIIRS,VIIRS_NOAA21_NRT
3.1074,98.05133,2025-05-28,614,N21,n,2.0NRT,2.57,D,0.39,0.59,,,,,,firms,VIIRS,VIIRS_NOAA21_NRT
3.10931,98.05155,2025-05-28,614,N21,n,2.0NRT,3.08,D,0.39,0.59,,,,,,firms,VIIRS,VIIRS_NOAA21_NRT
3.2788,113.06708,2025-05-28,614,N21,n,2.0NRT,16.31,D,0.43,0.46,,,,,,firms,VIIRS,VIIRS_NOAA21_NRT
3.27904,113.06328,2025-05-28,614,N21,n,2.0NRT,9.24,D,0.43,0.46,,,,,,firms,VIIRS,VIIRS_NOAA21_NRT
3.27958,113.06705,2025-05-28,614,N21,n,2.0NRT,9.24,D,0.43,0.46,,,,,,firms,VIIRS,VIIRS_NOAA21_NRT
3.28595,113.0858,2025-05-28,614,N21,n,2.0NRT,9.45,D,0.43,0.46,,,,,,firms,VIIRS,VIIRS_NOAA21_NRT
3.28659,113.08582,2025-05-28,614,N21,n,2.0NRT,12.03,D,0.43,0.46,,,,,,firms,VIIRS,VIIRS_NOAA21_NRT
3.483,101.17422,2025-05-28,614,N21,n,2.0NRT,6.33,D,0.47,0.48,,,,,,firms,VIIRS,VIIRS_NOAA21_NRT
3.4875,101.47562,2025-05-28,614,N21,l,2.0NRT,5.67,D,0.45,0.47,,,,,,firms,VIIRS,VIIRS_NOAA21_NRT
3.50073,101.11095,2025-05-28,614,N21,n,2.0NRT,5.16,D,0.47,0.48,,,,,,firms,VIIRS,VIIRS_NOAA21_NRT
3.50247,101.12817,2025-05-28,614,N21,n,2.0NRT,8.65,D,0.47,0.48,,,,,,firms,VIIRS,VIIRS_NOAA21_NRT
3.50352,101.12778,2025-05-28,614,N21,n,2.0NRT,9.07,D,0.47,0.48,,,,,,firms,VIIRS,VIIRS_NOAA21_NRT
3.50551,101.11905,2025-05-28,614,N21,n,2.0NRT,3.55,D,0.47,0.48,,,,,,firms,VIIRS,VIIRS_NOAA21_NRT
3.50649,101.1187,2025-05-28,614,N21,n,2.0NRT,3.49,D,0.47,0.48,,,,,,firms,VIIRS,VIIRS_NOAA21_NRT
3.51491,101.12191,2025-05-28,614,N21,n,2.0NRT,3.02,D,0.47,0.48,,,,,,firms,VIIRS,VIIRS_NOAA21_NRT
3.51592,101.12156,2025-05-28,614,N21,n,2.0NRT,4.47,D,0.47,0.48,,,,,,firms,VIIRS,VIIRS_NOAA21_NRT
3.73012,98.5358,2025-05-28,614,N21,n,2.0NRT,4.91,D,0.35,0.57,,,,,,firms,VIIRS,VIIRS_NOAA21_NRT
4.29584,97.72566,2025-05-28,614,N21,n,2.0NRT,3.77,D,0.39,0.6,,,,,,firms,VIIRS,VIIRS_NOAA21_NRT
4.32067,97.70732,2025-05-28,614,N21,n,2.0NRT,2.33,D,0.4,0.6,,,,,,firms,VIIRS,VIIRS_NOAA21_NRT
4.51103,105.2509,2025-05-28,614,N21,n,2.0NRT,6.65,D,0.41,0.37,,,,,,firms,VIIRS,VIIRS_NOAA21_NRT
4.55662,103.45705,2025-05-28,614,N21,n,2.0NRT,5.3,D,0.49,0.4,,,,,,firms,VIIRS,VIIRS_NOAA21_NRT
4.56702,103.45092,2025-05-28,614,N21,n,2.0NRT,4.13,D,0.49,0.4,,,,,,firms,VIIRS,VIIRS_NOAA21_NRT
4.86066,100.6992,2025-05-28,614,N21,n,2.0NRT,5.23,D,0.48,0.48,,,,,,firms,VIIRS,VIIRS_NOAA21_NRT
4.89899,96.67325,2025-05-28,614,N21,n,2.0NRT,3.83,D,0.46,0.63,,,,,,firms,VIIRS,VIIRS_NOAA21_NRT
5.00057,96.87581,2025-05-28,614,N21,n,2.0NRT,2.69,D,0.44,0.62,,,,,,firms,VIIRS,VIIRS_NOAA21_NRT
5.00885,96.65121,2025-05-28,614,N21,n,2.0NRT,2.84,D,0.46,0.63,,,,,,firms,VIIRS,VIIRS_NOAA21_NRT
5.11134,96.4491,2025-05-28,614,N21,n,2.0NRT,4.21,D,0.47,0.64,,,,,,firms,VIIRS,VIIRS_NOAA21_NRT
5.11141,96.44807,2025-05-28,614,N21,n,2.0NRT,3.59,D,0.47,0.64,,,,,,firms,VIIRS,VIIRS_NOAA21_NRT
5.14062,97.29056,2025-05-28,614,N21,n,2.0NRT,2.31,D,0.41,0.61,,,,,,firms,VIIRS,VIIRS_NOAA21_NRT
5.15102,96.43606,2025-05-28,614,N21,n,2.0NRT,4.28,D,0.47,0.64,,,,,,firms,VIIRS,VIIRS_NOAA21_NRT
5.68413,100.94611,2025-05-28,614,N21,n,2.0NRT,2.78,D,0.45,0.47,,,,,,firms,VIIRS,VIIRS_NOAA21_NRT
5.9997,101.66422,2025-05-28,614,N21,n,2.0NRT,3.43,D,0.4,0.44,,,,,,firms,VIIRS,VIIRS_NOAA21_NRT
-2.58639,121.37543,2025-05-28,1711,N21,n,2.0NRT,1.23,N,0.4,0.37,,,,,,firms,VIIRS,VIIRS_NOAA21_NRT
-2.58026,121.38001,2025-05-28,1711,N21,n,2.0NRT,1.86,N,0.4,0.37,,,,,,firms,VIIRS,VIIRS_NOAA21_NRT
-2.57971,121.3765,2025-05-28,1711,N21,n,2.0NRT,15.02,N,0.4,0.37,,,,,,firms,VIIRS,VIIRS_NOAA21_NRT
-2.57916,121.37299,2025-05-28,1711,N21,n,2.0NRT,15.02,N,0.4,0.37,,,,,,firms,VIIRS,VIIRS_NOAA21_NRT
-2.57692,121.38055,2025-05-28,1711,N21,n,2.0NRT,1.86,N,0.4,0.37,,,,,,firms,VIIRS,VIIRS_NOAA21_NRT
-2.57637,121.37704,2025-05-28,1711,N21,n,2.0NRT,15.02,N,0.4,0.37,,,,,,firms,VIIRS,VIIRS_NOAA21_NRT
-2.56968,121.37806,2025-05-28,1711,N21,n,2.0NRT,1.6,N,0.4,0.37,,,,,,firms,VIIRS,VIIRS_NOAA21_NRT
0.48308,127.98866,2025-05-28,1711,N21,n,2.0NRT,4.29,N,0.56,0.43,,,,,,firms,VIIRS,VIIRS_NOAA21_NRT
0.48782,127.98412,2025-05-28,1711,N21,n,2.0NRT,2.27,N,0.56,0.43,,,,,,firms,VIIRS,VIIRS_NOAA21_NRT
1.49399,127.63463,2025-05-28,1711,N21,n,2.0NRT,5.46,N,0.52,0.42,,,,,,firms,VIIRS,VIIRS_NOAA21_NRT
-8.53984,122.76941,2025-05-28,1713,N21,n,2.0NRT,1.52,N,0.4,0.37,,,,,,firms,VIIRS,VIIRS_NOAA21_NRT
-8.5393,122.76588,2025-05-28,1713,N21,n,2.0NRT,1.31,N,0.4,0.37,,,,,,firms,VIIRS,VIIRS_NOAA21_NRT
-8.53594,122.76642,2025-05-28,1713,N21,n,2.0NRT,1.31,N,0.4,0.37,,,,,,firms,VIIRS,VIIRS_NOAA21_NRT
-8.32827,118.89165,2025-05-28,1713,N21,n,2.0NRT,0.65,N,0.43,0.38,,,,,,firms,VIIRS,VIIRS_NOAA21_NRT
-8.27537,123.50709,2025-05-28,1713,N21,n,2.0NRT,6.27,N,0.42,0.38,,,,,,firms,VIIRS,VIIRS_NOAA21_NRT
-8.27191,123.5074,2025-05-28,1713,N21,n,2.0NRT,13.37,N,0.42,0.38,,,,,,firms,VIIRS,VIIRS_NOAA21_NRT
-8.11945,114.05501,2025-05-28,1713,N21,n,2.0NRT,3.52,N,0.56,0.51,,,,,,firms,VIIRS,VIIRS_NOAA21_NRT
-3.90378,122.4195,2025-05-28,1713,N21,n,2.0NRT,1.36,N,0.38,0.36,,,,,,firms,VIIRS,VIIRS_NOAA21_NRT
-3.87197,122.41038,2025-05-28,1713,N21,n,2.0NRT,2.11,N,0.38,0.36,,,,,,firms,VIIRS,VIIRS_NOAA21_NRT
-3.87144,122.40695,2025-05-28,1713,N21,n,2.0NRT,2.95,N,0.38,0.36,,,,,,firms,VIIRS,VIIRS_NOAA21_NRT
-3.8709,122.40352,2025-05-28,1713,N21,n,2.0NRT,2.95,N,0.38,0.36,,,,,,firms,VIIRS,VIIRS_NOAA21_NRT
-3.87037,122.40009,2025-05-28,1713,N21,n,2.0NRT,2.05,N,0.38,0.36,,,,,,firms,VIIRS,VIIRS_NOAA21_NRT
-3.86983,122.39666,2025-05-28,1713,N21,n,2.0NRT,2.05,N,0.38,0.36,,,,,,firms,VIIRS,VIIRS_NOAA21_NRT
0.67464,100.85834,2025-05-28,1851,N21,n,2.0NRT,0.95,N,0.45,0.39,,,,,,firms,VIIRS,VIIRS_NOAA21_NRT
0.77547,100.25301,2025-05-28,1851,N21,n,2.0NRT,1.13,N,0.42,0.38,,,,,,firms,VIIRS,VIIRS_NOAA21_NRT
0.79305,100.47396,2025-05-28,1851,N21,n,2.0NRT,1.34,N,0.43,0.38,,,,,,firms,VIIRS,VIIRS_NOAA21_NRT
0.83473,100.14181,2025-05-28,1851,N21,n,2.0NRT,18.74,N,0.42,0.38,,,,,,firms,VIIRS,VIIRS_NOAA21_NRT
0.83814,100.14244,2025-05-28,1851,N21,n,2.0NRT,8.53,N,0.42,0.38,,,,,,firms,VIIRS,VIIRS_NOAA21_NRT
0.83873,100.13873,2025-05-28,1851,N21,n,2.0NRT,8.53,N,0.42,0.38,,,,,,firms,VIIRS,VIIRS_NOAA21_NRT
0.84097,100.1468,2025-05-28,1851,N21,n,2.0NRT,2.3,N,0.42,0.38,,,,,,firms,VIIRS,VIIRS_NOAA21_NRT
0.84156,100.14305,2025-05-28,1851,N21,n,2.0NRT,8.53,N,0.42,0.38,,,,,,firms,VIIRS,VIIRS_NOAA21_NRT
0.84215,100.13932,2025-05-28,1851,N21,n,2.0NRT,8.53,N,0.42,0.38,,,,,,firms,VIIRS,VIIRS_NOAA21_NRT
0.84439,100.14743,2025-05-28,1851,N21,n,2.0NRT,3.86,N,0.42,0.38,,,,,,firms,VIIRS,VIIRS_NOAA21_NRT
0.84767,101.39088,2025-05-28,1851,N21,n,2.0NRT,1.04,N,0.48,0.4,,,,,,firms,VIIRS,VIIRS_NOAA21_NRT
1.01588,103.9622,2025-05-28,1851,N21,n,2.0NRT,6.86,N,0.45,0.47,,,,,,firms,VIIRS,VIIRS_NOAA21_NRT
1.20457,99.71501,2025-05-28,1851,N21,n,2.0NRT,2.06,N,0.4,0.37,,,,,,firms,VIIRS,VIIRS_NOAA21_NRT
1.20793,99.71558,2025-05-28,1851,N21,n,2.0NRT,2.06,N,0.4,0.37,,,,,,firms,VIIRS,VIIRS_NOAA21_NRT
1.22511,100.18314,2025-05-28,1851,N21,n,2.0NRT,0.64,N,0.42,0.38,,,,,,firms,VIIRS,VIIRS_NOAA21_NRT
1.68075,100.80815,2025-05-28,1851,N21,n,2.0NRT,2.14,N,0.44,0.38,,,,,,firms,VIIRS,VIIRS_NOAA21_NRT
5.22361,97.0724,2025-05-28,1851,N21,n,2.0NRT,0.74,N,0.41,0.37,,,,,,firms,VIIRS,VIIRS_NOAA21_NRT
5.64393,104.98018,2025-05-28,1851,N21,n,2.0NRT,3.26,N,0.45,0.47,,,,,,firms,VIIRS,VIIRS_NOAA21_NRT
5.64459,104.97621,2025-05-28,1851,N21,n,2.0NRT,3.26,N,0.45,0.47,,,,,,firms,VIIRS,VIIRS_NOAA21_NRT
-5.98364,105.99313,2025-05-28,1853,N21,n,2.0NRT,0.7,N,0.4,0.6,,,,,,firms,VIIRS,VIIRS_NOAA21_NRT
-5.97819,105.99392,2025-05-28,1853,N21,n,2.0NRT,3.17,N,0.4,0.6,,,,,,firms,VIIRS,VIIRS_NOAA21_NRT
-5.9777,105.99043,2025-05-28,1853,N21,n,2.0NRT,3.17,N,0.4,0.6,,,,,,firms,VIIRS,VIIRS_NOAA21_NRT
-1.56506,103.69688,2025-05-28,1853,N21,n,2.0NRT,2.42,N,0.47,0.48,,,,,,firms,VIIRS,VIIRS_NOAA21_NRT
-0.75115,101.52467,2025-05-28,1853,N21,n,2.0NRT,0.65,N,0.5,0.41,,,,,,firms,VIIRS,VIIRS_NOAA21_NRT
-0.72605,101.51057,2025-05-28,1853,N21,n,2.0NRT,0.54,N,0.5,0.41,,,,,,firms,VIIRS,VIIRS_NOAA21_NRT
-0.54921,100.68271,2025-05-28,1853,N21,n,2.0NRT,2.12,N,0.45,0.39,,,,,,firms,VIIRS,VIIRS_NOAA21_NRT
-0.54858,100.67871,2025-05-28,1853,N21,n,2.0NRT,2.12,N,0.45,0.39,,,,,,firms,VIIRS,VIIRS_NOAA21_NRT
0.44174,101.89341,2025-05-28,1853,N21,n,2.0NRT,3.42,N,0.51,0.41,,,,,,firms,VIIRS,VIIRS_NOAA21_NRT
-3.90095,138.42838,2025-05-29,410,N21,n,2.0NRT,3.21,D,0.39,0.36,,,,,,firms,VIIRS,VIIRS_NOAA21_NRT
-3.14248,128.04819,2025-05-29,412,N21,n,2.0NRT,4.96,D,0.5,0.66,,,,,,firms,VIIRS,VIIRS_NOAA21_NRT
-3.13893,128.04765,2025-05-29,412,N21,n,2.0NRT,5.74,D,0.5,0.66,,,,,,firms,VIIRS,VIIRS_NOAA21_NRT
-3.1092,128.10686,2025-05-29,412,N21,n,2.0NRT,3.69,D,0.5,0.66,,,,,,firms,VIIRS,VIIRS_NOAA21_NRT
-9.46225,119.79568,2025-05-29,550,N21,n,2.0NRT,8.31,D,0.56,0.43,,,,,,firms,VIIRS,VIIRS_NOAA21_NRT
-9.45829,119.79513,2025-05-29,550,N21,n,2.0NRT,15.14,D,0.56,0.43,,,,,,firms,VIIRS,VIIRS_NOAA21_NRT
-9.36544,119.84638,2025-05-29,550,N21,n,2.0NRT,5.5,D,0.57,0.43,,,,,,firms,VIIRS,VIIRS_NOAA21_NRT
-8.3243,114.09312,2025-05-29,550,N21,n,2.0NRT,3.13,D,0.39,0.36,,,,,,firms,VIIRS,VIIRS_NOAA21_NRT
-8.14743,113.50497,2025-05-29,550,N21,n,2.0NRT,3.05,D,0.4,0.37,,,,,,firms,VIIRS,VIIRS_NOAA21_NRT
-8.11449,112.92339,2025-05-29,553,N21,n,2.0NRT,15.58,D,0.41,0.37,,,,,,firms,VIIRS,VIIRS_NOAA21_NRT
-8.11106,112.92313,2025-05-29,553,N21,n,2.0NRT,14.9,D,0.41,0.37,,,,,,firms,VIIRS,VIIRS_NOAA21_NRT
-4.97166,105.64779,2025-05-29,553,N21,n,2.0NRT,2.61,D,0.33,0.55,,,,,,firms,VIIRS,VIIRS_NOAA21_NRT
-4.50231,105.46354,2025-05-29,553,N21,n,2.0NRT,2.8,D,0.34,0.56,,,,,,firms,VIIRS,VIIRS_NOAA21_NRT
-4.43421,122.29697,2025-05-29,553,N21,n,2.0NRT,3.51,D,0.33,0.55,,,,,,firms,VIIRS,VIIRS_NOAA21_NRT
-4.43072,122.29451,2025-05-29,553,N21,n,2.0NRT,2.73,D,0.33,0.55,,,,,,firms,VIIRS,VIIRS_NOAA21_NRT
-3.60656,114.72068,2025-05-29,553,N21,n,2.0NRT,2.28,D,0.39,0.36,,,,,,firms,VIIRS,VIIRS_NOAA21_NRT
-3.57425,103.30385,2025-05-29,553,N21,n,2.0NRT,3.55,D,0.46,0.64,,,,,,firms,VIIRS,VIIRS_NOAA21_NRT
-3.4254,121.87248,2025-05-29,553,N21,n,2.0NRT,3.47,D,0.32,0.55,,,,,,firms,VIIRS,VIIRS_NOAA21_NRT
-3.42508,121.87347,2025-05-29,553,N21,n,2.0NRT,3.48,D,0.32,0.55,,,,,,firms,VIIRS,VIIRS_NOAA21_NRT
-3.38033,101.99207,2025-05-29,553,N21,n,2.0NRT,11.04,D,0.56,0.69,,,,,,firms,VIIRS,VIIRS_NOAA21_NRT
-3.24888,104.30762,2025-05-29,553,N21,n,2.0NRT,7.09,D,0.39,0.59,,,,,,firms,VIIRS,VIIRS_NOAA21_NRT
-3.2263,105.22475,2025-05-29,553,N21,n,2.0NRT,2.84,D,0.33,0.56,,,,,,firms,VIIRS,VIIRS_NOAA21_NRT
-3.21303,114.80641,2025-05-29,553,N21,n,2.0NRT,2.3,D,0.4,0.37,,,,,,firms,VIIRS,VIIRS_NOAA21_NRT
-3.18526,104.08608,2025-05-29,553,N21,n,2.0NRT,22.04,D,0.4,0.6,,,,,,firms,VIIRS,VIIRS_NOAA21_NRT
-3.18474,104.08965,2025-05-29,553,N21,n,2.0NRT,22.04,D,0.4,0.6,,,,,,firms,VIIRS,VIIRS_NOAA21_NRT
-3.13078,103.20676,2025-05-29,553,N21,n,2.0NRT,7.87,D,0.46,0.64,,,,,,firms,VIIRS,VIIRS_NOAA21_NRT
-3.13061,103.2095,2025-05-29,553,N21,h,2.0NRT,15.19,D,0.46,0.64,,,,,,firms,VIIRS,VIIRS_NOAA21_NRT
-3.13016,103.21085,2025-05-29,553,N21,n,2.0NRT,7.87,D,0.46,0.64,,,,,,firms,VIIRS,VIIRS_NOAA21_NRT
-3.10206,103.24036,2025-05-29,553,N21,n,2.0NRT,13.43,D,0.46,0.63,,,,,,firms,VIIRS,VIIRS_NOAA21_NRT
-3.10145,103.24442,2025-05-29,553,N21,n,2.0NRT,11.06,D,0.46,0.63,,,,,,firms,VIIRS,VIIRS_NOAA21_NRT
-3.01061,112.63588,2025-05-29,553,N21,n,2.0NRT,8.17,D,0.39,0.36,,,,,,firms,VIIRS,VIIRS_NOAA21_NRT
-3.01007,112.63937,2025-05-29,553,N21,n,2.0NRT,8.17,D,0.39,0.36,,,,,,firms,VIIRS,VIIRS_NOAA21_NRT
-2.96909,114.22361,2025-05-29,553,N21,n,2.0NRT,3.23,D,0.39,0.36,,,,,,firms,VIIRS,VIIRS_NOAA21_NRT
-2.92472,101.73384,2025-05-29,553,N21,n,2.0NRT,6.15,D,0.58,0.7,,,,,,firms,VIIRS,VIIRS_NOAA21_NRT
-2.63127,102.96543,2025-05-29,553,N21,n,2.0NRT,4.13,D,0.47,0.64,,,,,,firms,VIIRS,VIIRS_NOAA21_NRT
-2.58024,121.37911,2025-05-29,553,N21,n,2.0NRT,36.75,D,0.61,0.54,,,,,,firms,VIIRS,VIIRS_NOAA21_NRT
-2.57537,121.37813,2025-05-29,553,N21,n,2.0NRT,36.75,D,0.61,0.54,,,,,,firms,VIIRS,VIIRS_NOAA21_NRT
-2.29625,121.64075,2025-05-29,553,N21,n,2.0NRT,1.64,D,0.32,0.55,,,,,,firms,VIIRS,VIIRS_NOAA21_NRT
-2.21276,115.49537,2025-05-29,553,N21,n,2.0NRT,5.21,D,0.42,0.38,,,,,,firms,VIIRS,VIIRS_NOAA21_NRT
-2.17298,115.56998,2025-05-29,553,N21,n,2.0NRT,3.84,D,0.42,0.38,,,,,,firms,VIIRS,VIIRS_NOAA21_NRT
-2.17137,110.7494,2025-05-29,553,N21,n,2.0NRT,4.21,D,0.44,0.38,,,,,,firms,VIIRS,VIIRS_NOAA21_NRT
-2.01333,121.42037,2025-05-29,553,N21,n,2.0NRT,6.77,D,0.63,0.54,,,,,,firms,VIIRS,VIIRS_NOAA21_NRT
-2.0084,121.4194,2025-05-29,553,N21,n,2.0NRT,6.77,D,0.63,0.54,,,,,,firms,VIIRS,VIIRS_NOAA21_NRT
-2.00116,105.19453,2025-05-29,553,N21,n,2.0NRT,8.04,D,0.32,0.55,,,,,,firms,VIIRS,VIIRS_NOAA21_NRT
-1.89526,115.86462,2025-05-29,553,N21,n,2.0NRT,15.03,D,0.44,0.38,,,,,,firms,VIIRS,VIIRS_NOAA21_NRT
-1.89176,115.86409,2025-05-29,553,N21,n,2.0NRT,13.63,D,0.44,0.38,,,,,,firms,VIIRS,VIIRS_NOAA21_NRT
-1.89045,115.86461,2025-05-29,553,N21,n,2.0NRT,5.52,D,0.44,0.38,,,,,,firms,VIIRS,VIIRS_NOAA21_NRT
-1.38189,122.48285,2025-05-29,553,N21,n,2.0NRT,3.65,D,0.38,0.59,,,,,,firms,VIIRS,VIIRS_NOAA21_NRT
-1.37945,122.48142,2025-05-29,553,N21,n,2.0NRT,3.65,D,0.38,0.59,,,,,,firms,VIIRS,VIIRS_NOAA21_NRT
-1.37058,121.5828,2025-05-29,553,N21,n,2.0NRT,3.13,D,0.33,0.55,,,,,,firms,VIIRS,VIIRS_NOAA21_NRT
-1.36566,121.58109,2025-05-29,553,N21,n,2.0NRT,3.13,D,0.33,0.55,,,,,,firms,VIIRS,VIIRS_NOAA21_NRT
-1.36251,112.81225,2025-05-29,553,N21,n,2.0NRT,4.6,D,0.39,0.36,,,,,,firms,VIIRS,VIIRS_NOAA21_NRT
-1.24783,116.81439,2025-05-29,553,N21,n,2.0NRT,2.21,D,0.49,0.4,,,,,,firms,VIIRS,VIIRS_NOAA21_NRT
-0.395,116.2472,2025-05-29,553,N21,n,2.0NRT,6.74,D,0.47,0.4,,,,,,firms,VIIRS,VIIRS_NOAA21_NRT
1.47769,109.37127,2025-05-29,553,N21,n,2.0NRT,6.5,D,0.47,0.39,,,,,,firms,VIIRS,VIIRS_NOAA21_NRT
1.48638,109.23692,2025-05-29,553,N21,n,2.0NRT,14.55,D,0.47,0.4,,,,,,firms,VIIRS,VIIRS_NOAA21_NRT
3.15162,113.08257,2025-05-29,553,N21,l,2.0NRT,3.98,D,0.39,0.36,,,,,,firms,VIIRS,VIIRS_NOAA21_NRT
3.27827,113.06643,2025-05-29,553,N21,n,2.0NRT,5.65,D,0.39,0.36,,,,,,firms,VIIRS,VIIRS_NOAA21_NRT
3.27933,113.07339,2025-05-29,553,N21,n,2.0NRT,4.71,D,0.39,0.36,,,,,,firms,VIIRS,VIIRS_NOAA21_NRT
3.28478,113.08688,2025-05-29,553,N21,n,2.0NRT,4.08,D,0.39,0.36,,,,,,firms,VIIRS,VIIRS_NOAA21_NRT
3.28758,113.0829,2025-05-29,553,N21,n,2.0NRT,12.34,D,0.39,0.36,,,,,,firms,VIIRS,VIIRS_NOAA21_NRT
3.28811,113.08639,2025-05-29,553,N21,n,2.0NRT,13.66,D,0.39,0.36,,,,,,firms,VIIRS,VIIRS_NOAA21_NRT
3.28916,113.09337,2025-05-29,553,N21,n,2.0NRT,5.47,D,0.39,0.36,,,,,,firms,VIIRS,VIIRS_NOAA21_NRT
3.52276,113.31282,2025-05-29,553,N21,n,2.0NRT,7.02,D,0.4,0.37,,,,,,firms,VIIRS,VIIRS_NOAA21_NRT
3.53427,113.3437,2025-05-29,553,N21,l,2.0NRT,4.43,D,0.4,0.37,,,,,,firms,VIIRS,VIIRS_NOAA21_NRT
3.54593,113.35281,2025-05-29,553,N21,n,2.0NRT,6.25,D,0.4,0.37,,,,,,firms,VIIRS,VIIRS_NOAA21_NRT
3.60734,112.41285,2025-05-29,553,N21,n,2.0NRT,2.34,D,0.38,0.36,,,,,,firms,VIIRS,VIIRS_NOAA21_NRT
4.97817,112.98367,2025-05-29,553,N21,n,2.0NRT,6.44,D,0.4,0.37,,,,,,firms,VIIRS,VIIRS_NOAA21_NRT
5.87499,114.29702,2025-05-29,553,N21,n,2.0NRT,5.01,D,0.44,0.39,,,,,,firms,VIIRS,VIIRS_NOAA21_NRT
-0.47093,111.81548,2025-05-29,555,N21,n,2.0NRT,2.41,D,0.4,0.37,,,,,,firms,VIIRS,VIIRS_NOAA21_NRT
-0.35821,111.90959,2025-05-29,555,N21,n,2.0NRT,4.32,D,0.39,0.36,,,,,,firms,VIIRS,VIIRS_NOAA21_NRT
-0.33722,111.84526,2025-05-29,555,N21,n,2.0NRT,5.79,D,0.39,0.37,,,,,,firms,VIIRS,VIIRS_NOAA21_NRT
-0.25515,111.87177,2025-05-29,555,N21,n,2.0NRT,6.36,D,0.39,0.36,,,,,,firms,VIIRS,VIIRS_NOAA21_NRT
-0.20173,109.26637,2025-05-29,555,N21,n,2.0NRT,3.17,D,0.49,0.41,,,,,,firms,VIIRS,VIIRS_NOAA21_NRT
0.0441,109.31316,2025-05-29,555,N21,n,2.0NRT,11.37,D,0.49,0.4,,,,,,firms,VIIRS,VIIRS_NOAA21_NRT
0.04494,109.31206,2025-05-29,555,N21,n,2.0NRT,11.35,D,0.49,0.4,,,,,,firms,VIIRS,VIIRS_NOAA21_NRT
0.10336,110.06188,2025-05-29,555,N21,n,2.0NRT,31.12,D,0.45,0.39,,,,,,firms,VIIRS,VIIRS_NOAA21_NRT
0.10718,111.53017,2025-05-29,555,N21,n,2.0NRT,3.29,D,0.4,0.37,,,,,,firms,VIIRS,VIIRS_NOAA21_NRT
0.30907,111.91717,2025-05-29,555,N21,n,2.0NRT,16.49,D,0.39,0.36,,,,,,firms,VIIRS,VIIRS_NOAA21_NRT
0.44318,112.03859,2025-05-29,555,N21,n,2.0NRT,4.19,D,0.39,0.36,,,,,,firms,VIIRS,VIIRS_NOAA21_NRT
0.67591,117.56533,2025-05-29,555,N21,n,2.0NRT,3.19,D,0.38,0.43,,,,,,firms,VIIRS,VIIRS_NOAA21_NRT
0.68885,117.54337,2025-05-29,555,N21,n,2.0NRT,8.65,D,0.57,0.43,,,,,,firms,VIIRS,VIIRS_NOAA21_NRT
0.8064,109.61572,2025-05-29,555,N21,n,2.0NRT,4.75,D,0.46,0.39,,,,,,firms,VIIRS,VIIRS_NOAA21_NRT
0.96368,117.92744,2025-05-29,555,N21,n,2.0NRT,2.47,D,0.41,0.45,,,,,,firms,VIIRS,VIIRS_NOAA21_NRT
1.07659,109.106,2025-05-29,555,N21,n,2.0NRT,4.37,D,0.49,0.4,,,,,,firms,VIIRS,VIIRS_NOAA21_NRT
1.0963,117.10764,2025-05-29,555,N21,n,2.0NRT,6.0,D,0.55,0.42,,,,,,firms,VIIRS,VIIRS_NOAA21_NRT
1.09643,109.42982,2025-05-29,555,N21,n,2.0NRT,19.91,D,0.47,0.4,,,,,,firms,VIIRS,VIIRS_NOAA21_NRT
1.14159,109.41019,2025-05-29,555,N21,n,2.0NRT,8.15,D,0.47,0.4,,,,,,firms,VIIRS,VIIRS_NOAA21_NRT
1.14289,109.41125,2025-05-29,555,N21,n,2.0NRT,11.27,D,0.47,0.4,,,,,,firms,VIIRS,VIIRS_NOAA21_NRT
1.20266,109.34219,2025-05-29,555,N21,n,2.0NRT,3.39,D,0.47,0.4,,,,,,firms,VIIRS,VIIRS_NOAA21_NRT
1.26209,109.35936,2025-05-29,555,N21,n,2.0NRT,2.59,D,0.47,0.4,,,,,,firms,VIIRS,VIIRS_NOAA21_NRT
1.30488,116.89915,2025-05-29,555,N21,n,2.0NRT,11.19,D,0.53,0.42,,,,,,firms,VIIRS,VIIRS_NOAA21_NRT
1.3068,116.89667,2025-05-29,555,N21,n,2.0NRT,5.88,D,0.53,0.42,,,,,,firms,VIIRS,VIIRS_NOAA21_NRT
0.98396,99.87401,2025-05-29,733,N21,n,2.0NRT,14.67,D,0.65,0.73,,,,,,firms,VIIRS,VIIRS_NOAA21_NRT
0.98646,99.87407,2025-05-29,733,N21,n,2.0NRT,11.38,D,0.65,0.73,,,,,,firms,VIIRS,VIIRS_NOAA21_NRT
3.95123,96.72015,2025-05-29,735,N21,n,2.0NRT,5.72,D,0.44,0.62,,,,,,firms,VIIRS,VIIRS_NOAA21_NRT
3.95442,96.71977,2025-05-29,735,N21,n,2.0NRT,6.25,D,0.44,0.62,,,,,,firms,VIIRS,VIIRS_NOAA21_NRT
4.3649,96.29488,2025-05-29,735,N21,h,2.0NRT,10.46,D,0.41,0.61,,,,,,firms,VIIRS,VIIRS_NOAA21_NRT
4.58942,95.69291,2025-05-29,735,N21,n,2.0NRT,5.63,D,0.38,0.59,,,,,,firms,VIIRS,VIIRS_NOAA21_NRT
4.91096,96.71426,2025-05-29,735,N21,n,2.0NRT,7.86,D,0.45,0.63,,,,,,firms,VIIRS,VIIRS_NOAA21_NRT
4.91193,96.7144,2025-05-29,735,N21,n,2.0NRT,9.42,D,0.45,0.63,,,,,,firms,VIIRS,VIIRS_NOAA21_NRT
0.4808,128.00522,2025-05-29,1652,N21,n,2.0NRT,2.79,N,0.38,0.36,,,,,,firms,VIIRS,VIIRS_NOAA21_NRT
0.48133,128.0018,2025-05-29,1652,N21,n,2.0NRT,2.79,N,0.38,0.36,,,,,,firms,VIIRS,VIIRS_NOAA21_NRT
0.51108,127.89783,2025-05-29,1652,N21,n,2.0NRT,1.65,N,0.38,0.36,,,,,,firms,VIIRS,VIIRS_NOAA21_NRT
0.51162,127.8944,2025-05-29,1652,N21,n,2.0NRT,1.65,N,0.38,0.36,,,,,,firms,VIIRS,VIIRS_NOAA21_NRT
1.49218,127.634,2025-05-29,1652,N21,n,2.0NRT,3.77,N,0.39,0.36,,,,,,firms,VIIRS,VIIRS_NOAA21_NRT
1.49272,127.63055,2025-05-29,1652,N21,n,2.0NRT,2.68,N,0.39,0.36,,,,,,firms,VIIRS,VIIRS_NOAA21_NRT
1.49549,127.63449,2025-05-29,1652,N21,n,2.0NRT,3.77,N,0.39,0.36,,,,,,firms,VIIRS,VIIRS_NOAA21_NRT
1.49602,127.63106,2025-05-29,1652,N21,n,2.0NRT,2.68,N,0.39,0.36,,,,,,firms,VIIRS,VIIRS_NOAA21_NRT
1.51664,127.93696,2025-05-29,1652,N21,n,2.0NRT,0.95,N,0.39,0.36,,,,,,firms,VIIRS,VIIRS_NOAA21_NRT
1.69897,127.87783,2025-05-29,1652,N21,n,2.0NRT,2.52,N,0.39,0.36,,,,,,firms,VIIRS,VIIRS_NOAA21_NRT
1.69951,127.87437,2025-05-29,1652,N21,n,2.0NRT,1.53,N,0.39,0.36,,,,,,firms,VIIRS,VIIRS_NOAA21_NRT
1.70226,127.87833,2025-05-29,1652,N21,n,2.0NRT,2.52,N,0.39,0.36,,,,,,firms,VIIRS,VIIRS_NOAA21_NRT
-3.90164,122.41976,2025-05-29,1654,N21,n,2.0NRT,4.67,N,0.56,0.43,,,,,,firms,VIIRS,VIIRS_NOAA21_NRT
-3.87167,122.40905,2025-05-29,1654,N21,n,2.0NRT,2.32,N,0.56,0.43,,,,,,firms,VIIRS,VIIRS_NOAA21_NRT
-3.87085,122.40401,2025-05-29,1654,N21,n,2.0NRT,2.32,N,0.57,0.43,,,,,,firms,VIIRS,VIIRS_NOAA21_NRT
-2.88134,122.15253,2025-05-29,1654,N21,n,2.0NRT,1.61,N,0.4,0.44,,,,,,firms,VIIRS,VIIRS_NOAA21_NRT
-2.87946,122.16685,2025-05-29,1654,N21,n,2.0NRT,2.08,N,0.4,0.44,,,,,,firms,VIIRS,VIIRS_NOAA21_NRT
-2.8789,122.16335,2025-05-29,1654,N21,n,2.0NRT,1.68,N,0.4,0.44,,,,,,firms,VIIRS,VIIRS_NOAA21_NRT
-2.87834,122.15984,2025-05-29,1654,N21,n,2.0NRT,1.68,N,0.4,0.44,,,,,,firms,VIIRS,VIIRS_NOAA21_NRT
-2.87483,122.16394,2025-05-29,1654,N21,n,2.0NRT,1.68,N,0.4,0.44,,,,,,firms,VIIRS,VIIRS_NOAA21_NRT
-2.57933,121.3798,2025-05-29,1654,N21,n,2.0NRT,24.46,N,0.46,0.47,,,,,,firms,VIIRS,VIIRS_NOAA21_NRT
-2.57869,121.37588,2025-05-29,1654,N21,n,2.0NRT,25.98,N,0.46,0.47,,,,,,firms,VIIRS,VIIRS_NOAA21_NRT
-2.57804,121.37196,2025-05-29,1654,N21,n,2.0NRT,25.98,N,0.46,0.47,,,,,,firms,VIIRS,VIIRS_NOAA21_NRT
-2.57505,121.38055,2025-05-29,1654,N21,n,2.0NRT,3.15,N,0.46,0.47,,,,,,firms,VIIRS,VIIRS_NOAA21_NRT
-2.5744,121.37662,2025-05-29,1654,N21,n,2.0NRT,1.76,N,0.46,0.47,,,,,,firms,VIIRS,VIIRS_NOAA21_NRT
-2.5701,121.37731,2025-05-29,1654,N21,n,2.0NRT,1.76,N,0.46,0.47,,,,,,firms,VIIRS,VIIRS_NOAA21_NRT
-2.01429,121.41753,2025-05-29,1654,N21,n,2.0NRT,1.39,N,0.46,0.47,,,,,,firms,VIIRS,VIIRS_NOAA21_NRT
-2.00998,121.41832,2025-05-29,1654,N21,n,2.0NRT,3.36,N,0.46,0.47,,,,,,firms,VIIRS,VIIRS_NOAA21_NRT
-2.00763,121.4315,2025-05-29,1654,N21,n,2.0NRT,2.34,N,0.46,0.47,,,,,,firms,VIIRS,VIIRS_NOAA21_NRT
-1.56596,127.42822,2025-05-29,1654,N21,n,2.0NRT,2.65,N,0.38,0.36,,,,,,firms,VIIRS,VIIRS_NOAA21_NRT
-1.56213,127.42531,2025-05-29,1654,N21,n,2.0NRT,1.76,N,0.38,0.36,,,,,,firms,VIIRS,VIIRS_NOAA21_NRT
-1.55883,127.42581,2025-05-29,1654,N21,n,2.0NRT,0.68,N,0.38,0.36,,,,,,firms,VIIRS,VIIRS_NOAA21_NRT
-1.45865,127.43797,2025-05-29,1654,N21,n,2.0NRT,6.81,N,0.38,0.36,,,,,,firms,VIIRS,VIIRS_NOAA21_NRT
-1.45811,127.43454,2025-05-29,1654,N21,n,2.0NRT,7.6,N,0.38,0.36,,,,,,firms,VIIRS,VIIRS_NOAA21_NRT
-1.38052,122.481,2025-05-29,1654,N21,n,2.0NRT,1.18,N,0.4,0.45,,,,,,firms,VIIRS,VIIRS_NOAA21_NRT
0.6874,117.55595,2025-05-29,1654,N21,n,2.0NRT,1.53,N,0.47,0.64,,,,,,firms,VIIRS,VIIRS_NOAA21_NRT
-8.5383,122.76654,2025-05-29,1656,N21,n,2.0NRT,4.39,N,0.47,0.4,,,,,,firms,VIIRS,VIIRS_NOAA21_NRT
-8.36535,117.87598,2025-05-29,1656,N21,n,2.0NRT,0.57,N,0.32,0.54,,,,,,firms,VIIRS,VIIRS_NOAA21_NRT
-8.27743,123.50443,2025-05-29,1656,N21,n,2.0NRT,0.92,N,0.44,0.38,,,,,,firms,VIIRS,VIIRS_NOAA21_NRT
-8.27458,123.50893,2025-05-29,1656,N21,n,2.0NRT,3.99,N,0.44,0.38,,,,,,firms,VIIRS,VIIRS_NOAA21_NRT
-8.27398,123.50526,2025-05-29,1656,N21,n,2.0NRT,20.63,N,0.44,0.38,,,,,,firms,VIIRS,VIIRS_NOAA21_NRT
-8.27111,123.50964,2025-05-29,1656,N21,n,2.0NRT,3.99,N,0.44,0.38,,,,,,firms,VIIRS,VIIRS_NOAA21_NRT
-8.27051,123.50598,2025-05-29,1656,N21,n,2.0NRT,20.63,N,0.44,0.38,,,,,,firms,VIIRS,VIIRS_NOAA21_NRT
-8.11341,112.9212,2025-05-29,1656,N21,n,2.0NRT,7.05,N,0.71,0.75,,,,,,firms,VIIRS,VIIRS_NOAA21_NRT
-8.11235,112.92315,2025-05-29,1656,N21,n,2.0NRT,2.46,N,0.71,0.75,,,,,,firms,VIIRS,VIIRS_NOAA21_NRT
-8.10521,112.88512,2025-05-29,1656,N21,n,2.0NRT,4.15,N,0.71,0.75,,,,,,firms,VIIRS,VIIRS_NOAA21_NRT
4.97742,112.98677,2025-05-29,1832,N21,n,2.0NRT,7.62,N,0.38,0.59,,,,,,firms,VIIRS,VIIRS_NOAA21_NRT
4.978,112.98338,2025-05-29,1832,N21,h,2.0NRT,5.7,N,0.38,0.59,,,,,,firms,VIIRS,VIIRS_NOAA21_NRT
4.97857,112.97999,2025-05-29,1832,N21,n,2.0NRT,5.7,N,0.38,0.59,,,,,,firms,VIIRS,VIIRS_NOAA21_NRT
-2.21329,100.99416,2025-05-29,1834,N21,n,2.0NRT,1.45,N,0.39,0.36,,,,,,firms,VIIRS,VIIRS_NOAA21_NRT
-2.20663,100.99519,2025-05-29,1834,N21,n,2.0NRT,0.47,N,0.39,0.36,,,,,,firms,VIIRS,VIIRS_NOAA21_NRT
-1.36672,112.81243,2025-05-29,1834,N21,n,2.0NRT,0.8,N,0.47,0.64,,,,,,firms,VIIRS,VIIRS_NOAA21_NRT
-1.36089,112.81344,2025-05-29,1834,N21,n,2.0NRT,0.8,N,0.47,0.64,,,,,,firms,VIIRS,VIIRS_NOAA21_NRT
-1.26551,113.12847,2025-05-29,1834,N21,n,2.0NRT,0.98,N,0.49,0.65,,,,,,firms,VIIRS,VIIRS_NOAA21_NRT
-1.26181,113.12772,2025-05-29,1834,N21,n,2.0NRT,0.58,N,0.49,0.65,,,,,,firms,VIIRS,VIIRS_NOAA21_NRT
-0.59909,101.16293,2025-05-29,1834,N21,n,2.0NRT,0.78,N,0.4,0.37,,,,,,firms,VIIRS,VIIRS_NOAA21_NRT
2.80514,102.66032,2025-05-29,1834,N21,n,2.0NRT,0.6,N,0.39,0.36,,,,,,firms,VIIRS,VIIRS_NOAA21_NRT
2.80568,102.65688,2025-05-29,1834,N21,n,2.0NRT,0.63,N,0.39,0.36,,,,,,firms,VIIRS,VIIRS_NOAA21_NRT
4.50927,105.25082,2025-05-29,1834,N21,n,2.0NRT,1.08,N,0.41,0.37,,,,,,firms,VIIRS,VIIRS_NOAA21_NRT
-7.70177,108.99672,2025-05-29,1836,N21,n,2.0NRT,4.12,N,0.63,0.54,,,,,,firms,VIIRS,VIIRS_NOAA21_NRT
-7.23817,111.73669,2025-05-29,1836,N21,n,2.0NRT,0.84,N,0.48,0.65,,,,,,firms,VIIRS,VIIRS_NOAA21_NRT
-6.09938,106.67033,2025-05-29,1836,N21,n,2.0NRT,1.9,N,0.42,0.45,,,,,,firms,VIIRS,VIIRS_NOAA21_NRT
-8.59598,140.8723,2025-05-30,349,N21,n,2.0NRT,5.8,D,0.52,0.41,,,,,,firms,VIIRS,VIIRS_NOAA21_NRT
-4.31416,140.38045,2025-05-30,351,N21,n,2.0NRT,20.9,D,0.49,0.4,,,,,,firms,VIIRS,VIIRS_NOAA21_NRT
-4.15181,140.19144,2025-05-30,351,N21,n,2.0NRT,3.01,D,0.5,0.41,,,,,,firms,VIIRS,VIIRS_NOAA21_NRT
-4.1432,140.17236,2025-05-30,351,N21,n,2.0NRT,7.75,D,0.5,0.41,,,,,,firms,VIIRS,VIIRS_NOAA21_NRT
-4.11349,140.16692,2025-05-30,351,N21,n,2.0NRT,10.31,D,0.5,0.41,,,,,,firms,VIIRS,VIIRS_NOAA21_NRT
-3.70078,138.71202,2025-05-30,351,N21,n,2.0NRT,4.58,D,0.4,0.44,,,,,,firms,VIIRS,VIIRS_NOAA21_NRT
-3.6718,137.94109,2025-05-30,351,N21,n,2.0NRT,3.2,D,0.45,0.47,,,,,,firms,VIIRS,VIIRS_NOAA21_NRT
-3.42741,135.34421,2025-05-30,351,N21,n,2.0NRT,1.8,D,0.34,0.56,,,,,,firms,VIIRS,VIIRS_NOAA21_NRT
-0.86328,133.20569,2025-05-30,351,N21,n,2.0NRT,5.3,D,0.43,0.62,,,,,,firms,VIIRS,VIIRS_NOAA21_NRT
-0.73125,133.85129,2025-05-30,351,N21,n,2.0NRT,4.28,D,0.39,0.59,,,,,,firms,VIIRS,VIIRS_NOAA21_NRT
-9.4009,119.82043,2025-05-30,531,N21,n,2.0NRT,13.5,D,0.38,0.36,,,,,,firms,VIIRS,VIIRS_NOAA21_NRT
-9.40037,119.82391,2025-05-30,531,N21,n,2.0NRT,10.6,D,0.38,0.36,,,,,,firms,VIIRS,VIIRS_NOAA21_NRT
-9.3976,119.81991,2025-05-30,531,N21,n,2.0NRT,13.5,D,0.38,0.36,,,,,,firms,VIIRS,VIIRS_NOAA21_NRT
-9.39707,119.82339,2025-05-30,531,N21,n,2.0NRT,10.6,D,0.38,0.36,,,,,,firms,VIIRS,VIIRS_NOAA21_NRT
-9.30356,119.92266,2025-05-30,531,N21,n,2.0NRT,3.19,D,0.38,0.36,,,,,,firms,VIIRS,VIIRS_NOAA21_NRT
-8.29439,118.42205,2025-05-30,531,N21,n,2.0NRT,4.35,D,0.39,0.36,,,,,,firms,VIIRS,VIIRS_NOAA21_NRT
-8.27482,123.50691,2025-05-30,531,N21,n,2.0NRT,14.49,D,0.51,0.41,,,,,,firms,VIIRS,VIIRS_NOAA21_NRT
-8.27408,123.50837,2025-05-30,531,N21,n,2.0NRT,31.68,D,0.51,0.41,,,,,,firms,VIIRS,VIIRS_NOAA21_NRT
-8.27397,123.51196,2025-05-30,531,N21,n,2.0NRT,14.49,D,0.51,0.41,,,,,,firms,VIIRS,VIIRS_NOAA21_NRT
-8.27115,123.50574,2025-05-30,531,N21,n,2.0NRT,14.49,D,0.51,0.41,,,,,,firms,VIIRS,VIIRS_NOAA21_NRT
-8.27038,123.50736,2025-05-30,531,N21,n,2.0NRT,31.68,D,0.51,0.41,,,,,,firms,VIIRS,VIIRS_NOAA21_NRT
-8.27027,123.51103,2025-05-30,531,N21,n,2.0NRT,14.49,D,0.51,0.41,,,,,,firms,VIIRS,VIIRS_NOAA21_NRT
-8.25013,118.46622,2025-05-30,531,N21,l,2.0NRT,7.82,D,0.39,0.36,,,,,,firms,VIIRS,VIIRS_NOAA21_NRT
-8.1137,112.92364,2025-05-30,531,N21,n,2.0NRT,10.82,D,0.49,0.49,,,,,,firms,VIIRS,VIIRS_NOAA21_NRT
-8.11246,112.92319,2025-05-30,531,N21,n,2.0NRT,13.46,D,0.5,0.49,,,,,,firms,VIIRS,VIIRS_NOAA21_NRT
-7.70186,108.99396,2025-05-30,531,N21,n,2.0NRT,7.1,D,0.45,0.63,,,,,,firms,VIIRS,VIIRS_NOAA21_NRT
-7.69649,108.99427,2025-05-30,531,N21,n,2.0NRT,9.0,D,0.45,0.63,,,,,,firms,VIIRS,VIIRS_NOAA21_NRT
-7.6955,108.99734,2025-05-30,531,N21,n,2.0NRT,7.1,D,0.45,0.63,,,,,,firms,VIIRS,VIIRS_NOAA21_NRT
-4.51898,120.31456,2025-05-30,531,N21,n,2.0NRT,5.8,D,0.41,0.37,,,,,,firms,VIIRS,VIIRS_NOAA21_NRT
-4.47614,121.71555,2025-05-30,531,N21,n,2.0NRT,5.45,D,0.46,0.39,,,,,,firms,VIIRS,VIIRS_NOAA21_NRT
-3.90398,122.41629,2025-05-30,531,N21,n,2.0NRT,6.33,D,0.51,0.41,,,,,,firms,VIIRS,VIIRS_NOAA21_NRT
-3.90325,122.42081,2025-05-30,531,N21,n,2.0NRT,10.24,D,0.51,0.41,,,,,,firms,VIIRS,VIIRS_NOAA21_NRT
-3.87123,122.39874,2025-05-30,531,N21,n,2.0NRT,5.85,D,0.5,0.41,,,,,,firms,VIIRS,VIIRS_NOAA21_NRT
-3.87053,122.40327,2025-05-30,531,N21,n,2.0NRT,5.85,D,0.51,0.41,,,,,,firms,VIIRS,VIIRS_NOAA21_NRT
-3.86983,122.4078,2025-05-30,531,N21,n,2.0NRT,7.43,D,0.51,0.41,,,,,,firms,VIIRS,VIIRS_NOAA21_NRT
-2.88022,122.16485,2025-05-30,533,N21,n,2.0NRT,4.89,D,0.5,0.41,,,,,,firms,VIIRS,VIIRS_NOAA21_NRT
-2.87949,122.16946,2025-05-30,533,N21,n,2.0NRT,4.89,D,0.5,0.41,,,,,,firms,VIIRS,VIIRS_NOAA21_NRT
-2.87647,122.16428,2025-05-30,533,N21,n,2.0NRT,5.14,D,0.5,0.41,,,,,,firms,VIIRS,VIIRS_NOAA21_NRT
-2.83192,122.17284,2025-05-30,533,N21,n,2.0NRT,6.32,D,0.51,0.41,,,,,,firms,VIIRS,VIIRS_NOAA21_NRT
-2.82343,122.15312,2025-05-30,533,N21,n,2.0NRT,3.95,D,0.5,0.41,,,,,,firms,VIIRS,VIIRS_NOAA21_NRT
-2.76492,120.27189,2025-05-30,533,N21,n,2.0NRT,9.99,D,0.42,0.37,,,,,,firms,VIIRS,VIIRS_NOAA21_NRT
-2.57975,121.37801,2025-05-30,533,N21,l,2.0NRT,29.94,D,0.46,0.39,,,,,,firms,VIIRS,VIIRS_NOAA21_NRT
-2.5791,121.38222,2025-05-30,533,N21,n,2.0NRT,29.94,D,0.46,0.39,,,,,,firms,VIIRS,VIIRS_NOAA21_NRT
-2.57616,121.3774,2025-05-30,533,N21,n,2.0NRT,29.94,D,0.46,0.39,,,,,,firms,VIIRS,VIIRS_NOAA21_NRT
-2.57551,121.3816,2025-05-30,533,N21,n,2.0NRT,29.94,D,0.46,0.39,,,,,,firms,VIIRS,VIIRS_NOAA21_NRT
-2.55607,116.05508,2025-05-30,533,N21,n,2.0NRT,3.34,D,0.42,0.38,,,,,,firms,VIIRS,VIIRS_NOAA21_NRT
-2.5038,121.91566,2025-05-30,533,N21,n,2.0NRT,3.22,D,0.49,0.41,,,,,,firms,VIIRS,VIIRS_NOAA21_NRT
-2.47398,120.96168,2025-05-30,533,N21,n,2.0NRT,2.26,D,0.44,0.39,,,,,,firms,VIIRS,VIIRS_NOAA21_NRT
-2.31844,121.66174,2025-05-30,533,N21,n,2.0NRT,8.7,D,0.48,0.4,,,,,,firms,VIIRS,VIIRS_NOAA21_NRT
-2.04187,114.44665,2025-05-30,533,N21,n,2.0NRT,8.23,D,0.49,0.4,,,,,,firms,VIIRS,VIIRS_NOAA21_NRT
-2.00822,121.41692,2025-05-30,533,N21,n,2.0NRT,4.41,D,0.47,0.4,,,,,,firms,VIIRS,VIIRS_NOAA21_NRT
-1.94252,121.0465,2025-05-30,533,N21,n,2.0NRT,4.44,D,0.45,0.39,,,,,,firms,VIIRS,VIIRS_NOAA21_NRT
-1.77069,120.56218,2025-05-30,533,N21,n,2.0NRT,4.96,D,0.43,0.38,,,,,,firms,VIIRS,VIIRS_NOAA21_NRT
-1.4029,121.7898,2025-05-30,533,N21,n,2.0NRT,4.49,D,0.5,0.41,,,,,,firms,VIIRS,VIIRS_NOAA21_NRT
-1.372,121.78304,2025-05-30,533,N21,n,2.0NRT,4.95,D,0.5,0.41,,,,,,firms,VIIRS,VIIRS_NOAA21_NRT
-1.24735,116.81424,2025-05-30,533,N21,n,2.0NRT,2.54,D,0.39,0.36,,,,,,firms,VIIRS,VIIRS_NOAA21_NRT
-0.92884,114.73988,2025-05-30,533,N21,n,2.0NRT,2.66,D,0.46,0.39,,,,,,firms,VIIRS,VIIRS_NOAA21_NRT
-0.92696,114.73905,2025-05-30,533,N21,n,2.0NRT,3.68,D,0.46,0.39,,,,,,firms,VIIRS,VIIRS_NOAA21_NRT
-0.11775,110.20889,2025-05-30,533,N21,n,2.0NRT,6.18,D,0.58,0.52,,,,,,firms,VIIRS,VIIRS_NOAA21_NRT
-0.11769,110.2058,2025-05-30,533,N21,n,2.0NRT,3.27,D,0.58,0.52,,,,,,firms,VIIRS,VIIRS_NOAA21_NRT
-0.05887,110.23887,2025-05-30,533,N21,n,2.0NRT,6.94,D,0.57,0.52,,,,,,firms,VIIRS,VIIRS_NOAA21_NRT
-0.00433,112.06027,2025-05-30,533,N21,n,2.0NRT,3.93,D,0.43,0.46,,,,,,firms,VIIRS,VIIRS_NOAA21_NRT
0.53446,115.18708,2025-05-30,533,N21,n,2.0NRT,2.55,D,0.43,0.38,,,,,,firms,VIIRS,VIIRS_NOAA21_NRT
0.62158,122.48481,2025-05-30,533,N21,n,2.0NRT,8.35,D,0.39,0.44,,,,,,firms,VIIRS,VIIRS_NOAA21_NRT
0.75538,116.39644,2025-05-30,533,N21,n,2.0NRT,4.75,D,0.39,0.36,,,,,,firms,VIIRS,VIIRS_NOAA21_NRT
0.75592,116.39993,2025-05-30,533,N21,n,2.0NRT,4.75,D,0.39,0.36,,,,,,firms,VIIRS,VIIRS_NOAA21_NRT
0.94955,117.20017,2025-05-30,533,N21,n,2.0NRT,2.89,D,0.38,0.36,,,,,,firms,VIIRS,VIIRS_NOAA21_NRT
1.01528,117.65345,2025-05-30,533,N21,l,2.0NRT,2.97,D,0.38,0.36,,,,,,firms,VIIRS,VIIRS_NOAA21_NRT
3.72908,116.72039,2025-05-30,536,N21,n,2.0NRT,2.5,D,0.38,0.36,,,,,,firms,VIIRS,VIIRS_NOAA21_NRT
4.98062,112.98232,2025-05-30,536,N21,n,2.0NRT,5.31,D,0.49,0.4,,,,,,firms,VIIRS,VIIRS_NOAA21_NRT
5.42904,114.71207,2025-05-30,536,N21,n,2.0NRT,4.28,D,0.41,0.37,,,,,,firms,VIIRS,VIIRS_NOAA21_NRT
-4.89188,104.97752,2025-05-30,714,N21,n,2.0NRT,3.97,D,0.55,0.68,,,,,,firms,VIIRS,VIIRS_NOAA21_NRT
-3.09611,101.97138,2025-05-30,714,N21,n,2.0NRT,4.68,D,0.36,0.58,,,,,,firms,VIIRS,VIIRS_NOAA21_NRT
-3.07876,101.97797,2025-05-30,714,N21,n,2.0NRT,5.66,D,0.37,0.58,,,,,,firms,VIIRS,VIIRS_NOAA21_NRT
-2.97433,101.7956,2025-05-30,714,N21,n,2.0NRT,2.65,D,0.36,0.57,,,,,,firms,VIIRS,VIIRS_NOAA21_NRT
-2.94337,101.78492,2025-05-30,714,N21,n,2.0NRT,12.36,D,0.36,0.57,,,,,,firms,VIIRS,VIIRS_NOAA21_NRT
-2.94287,101.78798,2025-05-30,714,N21,h,2.0NRT,12.36,D,0.36,0.57,,,,,,firms,VIIRS,VIIRS_NOAA21_NRT
-2.94009,101.77213,2025-05-30,714,N21,n,2.0NRT,4.15,D,0.36,0.57,,,,,,firms,VIIRS,VIIRS_NOAA21_NRT
-2.73631,101.53686,2025-05-30,714,N21,n,2.0NRT,2.8,D,0.34,0.56,,,,,,firms,VIIRS,VIIRS_NOAA21_NRT
-2.54812,101.30447,2025-05-30,714,N21,n,2.0NRT,20.39,D,0.33,0.56,,,,,,firms,VIIRS,VIIRS_NOAA21_NRT
-2.54304,101.3036,2025-05-30,714,N21,n,2.0NRT,20.39,D,0.33,0.56,,,,,,firms,VIIRS,VIIRS_NOAA21_NRT
-2.54255,101.30662,2025-05-30,714,N21,n,2.0NRT,31.25,D,0.33,0.56,,,,,,firms,VIIRS,VIIRS_NOAA21_NRT
-2.54011,101.3215,2025-05-30,714,N21,n,2.0NRT,5.85,D,0.34,0.56,,,,,,firms,VIIRS,VIIRS_NOAA21_NRT
-2.51111,101.30712,2025-05-30,714,N21,n,2.0NRT,3.81,D,0.34,0.56,,,,,,firms,VIIRS,VIIRS_NOAA21_NRT
-2.50797,101.30604,2025-05-30,714,N21,n,2.0NRT,4.72,D,0.34,0.56,,,,,,firms,VIIRS,VIIRS_NOAA21_NRT
-2.36496,101.20079,2025-05-30,714,N21,n,2.0NRT,2.94,D,0.33,0.55,,,,,,firms,VIIRS,VIIRS_NOAA21_NRT
-2.34641,101.21889,2025-05-30,714,N21,n,2.0NRT,8.61,D,0.33,0.55,,,,,,firms,VIIRS,VIIRS_NOAA21_NRT
-2.26046,101.17947,2025-05-30,714,N21,n,2.0NRT,7.13,D,0.33,0.55,,,,,,firms,VIIRS,VIIRS_NOAA21_NRT
-2.21412,101.087,2025-05-30,714,N21,h,2.0NRT,5.06,D,0.33,0.55,,,,,,firms,VIIRS,VIIRS_NOAA21_NRT
-2.21331,100.99457,2025-05-30,714,N21,n,2.0NRT,2.23,D,0.32,0.55,,,,,,firms,VIIRS,VIIRS_NOAA21_NRT
-2.20922,100.988,2025-05-30,714,N21,n,2.0NRT,5.44,D,0.32,0.55,,,,,,firms,VIIRS,VIIRS_NOAA21_NRT
-2.20908,101.08619,2025-05-30,714,N21,n,2.0NRT,5.06,D,0.33,0.55,,,,,,firms,VIIRS,VIIRS_NOAA21_NRT
-2.2083,100.99375,2025-05-30,714,N21,n,2.0NRT,4.17,D,0.32,0.55,,,,,,firms,VIIRS,VIIRS_NOAA21_NRT
-2.20191,101.00159,2025-05-30,714,N21,n,2.0NRT,3.67,D,0.32,0.55,,,,,,firms,VIIRS,VIIRS_NOAA21_NRT
-2.19644,101.00365,2025-05-30,714,N21,n,2.0NRT,3.33,D,0.32,0.55,,,,,,firms,VIIRS,VIIRS_NOAA21_NRT
-2.19598,101.00652,2025-05-30,714,N21,n,2.0NRT,3.33,D,0.32,0.55,,,,,,firms,VIIRS,VIIRS_NOAA21_NRT
-2.14245,101.11415,2025-05-30,714,N21,n,2.0NRT,5.03,D,0.33,0.55,,,,,,firms,VIIRS,VIIRS_NOAA21_NRT
-2.11425,101.13498,2025-05-30,714,N21,n,2.0NRT,6.31,D,0.33,0.55,,,,,,firms,VIIRS,VIIRS_NOAA21_NRT
-2.11302,101.13535,2025-05-30,714,N21,n,2.0NRT,6.01,D,0.33,0.55,,,,,,firms,VIIRS,VIIRS_NOAA21_NRT
-1.74006,101.93874,2025-05-30,714,N21,n,2.0NRT,3.05,D,0.38,0.59,,,,,,firms,VIIRS,VIIRS_NOAA21_NRT
0.19281,100.39318,2025-05-30,716,N21,n,2.0NRT,6.7,D,0.32,0.55,,,,,,firms,VIIRS,VIIRS_NOAA21_NRT
0.19325,100.39603,2025-05-30,716,N21,n,2.0NRT,6.23,D,0.32,0.55,,,,,,firms,VIIRS,VIIRS_NOAA21_NRT
1.23847,99.14044,2025-05-30,716,N21,n,2.0NRT,9.01,D,0.54,0.51,,,,,,firms,VIIRS,VIIRS_NOAA21_NRT
1.23962,99.13834,2025-05-30,716,N21,n,2.0NRT,7.66,D,0.54,0.51,,,,,,firms,VIIRS,VIIRS_NOAA21_NRT
1.37609,97.33527,2025-05-30,716,N21,n,2.0NRT,6.28,D,0.41,0.45,,,,,,firms,VIIRS,VIIRS_NOAA21_NRT
1.38078,97.33835,2025-05-30,716,N21,n,2.0NRT,6.28,D,0.41,0.45,,,,,,firms,VIIRS,VIIRS_NOAA21_NRT
1.38161,99.05871,2025-05-30,716,N21,n,2.0NRT,6.1,D,0.54,0.51,,,,,,firms,VIIRS,VIIRS_NOAA21_NRT
1.39155,97.29893,2025-05-30,716,N21,n,2.0NRT,7.24,D,0.41,0.45,,,,,,firms,VIIRS,VIIRS_NOAA21_NRT
1.42124,97.27921,2025-05-30,716,N21,n,2.0NRT,2.57,D,0.41,0.45,,,,,,firms,VIIRS,VIIRS_NOAA21_NRT
2.60187,97.97894,2025-05-30,716,N21,n,2.0NRT,9.96,D,0.48,0.48,,,,,,firms,VIIRS,VIIRS_NOAA21_NRT
2.62879,97.85924,2025-05-30,716,N21,h,2.0NRT,23.75,D,0.47,0.48,,,,,,firms,VIIRS,VIIRS_NOAA21_NRT
2.66288,97.82008,2025-05-30,716,N21,n,2.0NRT,9.68,D,0.46,0.47,,,,,,firms,VIIRS,VIIRS_NOAA21_NRT
2.66445,97.8205,2025-05-30,716,N21,n,2.0NRT,7.46,D,0.47,0.47,,,,,,firms,VIIRS,VIIRS_NOAA21_NRT
2.69311,97.77396,2025-05-30,716,N21,n,2.0NRT,28.52,D,0.46,0.47,,,,,,firms,VIIRS,VIIRS_NOAA21_NRT
2.69372,97.77809,2025-05-30,716,N21,n,2.0NRT,28.52,D,0.46,0.47,,,,,,firms,VIIRS,VIIRS_NOAA21_NRT
2.69683,97.76919,2025-05-30,716,N21,n,2.0NRT,8.62,D,0.46,0.47,,,,,,firms,VIIRS,VIIRS_NOAA21_NRT
2.69805,97.77744,2025-05-30,716,N21,n,2.0NRT,16.29,D,0.46,0.47,,,,,,firms,VIIRS,VIIRS_NOAA21_NRT
3.01918,97.54749,2025-05-30,716,N21,n,2.0NRT,4.74,D,0.45,0.47,,,,,,firms,VIIRS,VIIRS_NOAA21_NRT
3.03541,97.39507,2025-05-30,716,N21,n,2.0NRT,7.33,D,0.44,0.46,,,,,,firms,VIIRS,VIIRS_NOAA21_NRT
3.13579,97.93678,2025-05-30,716,N21,n,2.0NRT,8.15,D,0.48,0.48,,,,,,firms,VIIRS,VIIRS_NOAA21_NRT
3.48745,101.16855,2025-05-30,716,N21,n,2.0NRT,2.82,D,0.41,0.6,,,,,,firms,VIIRS,VIIRS_NOAA21_NRT
3.48777,101.16943,2025-05-30,716,N21,n,2.0NRT,3.89,D,0.41,0.6,,,,,,firms,VIIRS,VIIRS_NOAA21_NRT
4.10659,96.54803,2025-05-30,716,N21,n,2.0NRT,3.24,D,0.4,0.44,,,,,,firms,VIIRS,VIIRS_NOAA21_NRT
4.36755,96.28728,2025-05-30,716,N21,n,2.0NRT,4.12,D,0.39,0.44,,,,,,firms,VIIRS,VIIRS_NOAA21_NRT
4.38136,96.32468,2025-05-30,716,N21,n,2.0NRT,7.93,D,0.39,0.44,,,,,,firms,VIIRS,VIIRS_NOAA21_NRT
4.38188,96.32816,2025-05-30,716,N21,n,2.0NRT,10.26,D,0.39,0.44,,,,,,firms,VIIRS,VIIRS_NOAA21_NRT
4.46034,95.88705,2025-05-30,716,N21,n,2.0NRT,10.64,D,0.56,0.43,,,,,,firms,VIIRS,VIIRS_NOAA21_NRT
4.46426,95.88645,2025-05-30,716,N21,n,2.0NRT,10.64,D,0.56,0.43,,,,,,firms,VIIRS,VIIRS_NOAA21_NRT
4.47171,96.56931,2025-05-30,716,N21,n,2.0NRT,5.01,D,0.41,0.45,,,,,,firms,VIIRS,VIIRS_NOAA21_NRT
4.69957,96.67764,2025-05-30,716,N21,n,2.0NRT,4.16,D,0.42,0.45,,,,,,firms,VIIRS,VIIRS_NOAA21_NRT
5.05084,96.834,2025-05-30,716,N21,n,2.0NRT,6.99,D,0.43,0.46,,,,,,firms,VIIRS,VIIRS_NOAA21_NRT
5.10334,96.53672,2025-05-30,716,N21,n,2.0NRT,2.05,D,0.42,0.45,,,,,,firms,VIIRS,VIIRS_NOAA21_NRT
5.6977,95.0546,2025-05-30,718,N21,n,2.0NRT,3.25,D,0.52,0.41,,,,,,firms,VIIRS,VIIRS_NOAA21_NRT
5.70083,95.04963,2025-05-30,718,N21,n,2.0NRT,6.83,D,0.52,0.41,,,,,,firms,VIIRS,VIIRS_NOAA21_NRT
-8.27781,123.5064,2025-05-30,1635,N21,n,2.0NRT,20.37,N,0.56,0.51,,,,,,firms,VIIRS,VIIRS_NOAA21_NRT
-8.27689,123.50116,2025-05-30,1635,N21,n,2.0NRT,20.37,N,0.56,0.51,,,,,,firms,VIIRS,VIIRS_NOAA21_NRT
-8.27328,123.50806,2025-05-30,1635,N21,n,2.0NRT,20.37,N,0.56,0.51,,,,,,firms,VIIRS,VIIRS_NOAA21_NRT
-8.27248,123.50351,2025-05-30,1635,N21,n,2.0NRT,20.37,N,0.56,0.51,,,,,,firms,VIIRS,VIIRS_NOAA21_NRT
-8.27116,123.49596,2025-05-30,1635,N21,n,2.0NRT,2.32,N,0.56,0.51,,,,,,firms,VIIRS,VIIRS_NOAA21_NRT
-8.26854,123.50854,2025-05-30,1635,N21,n,2.0NRT,1.3,N,0.56,0.51,,,,,,firms,VIIRS,VIIRS_NOAA21_NRT
-2.01123,121.43138,2025-05-30,1635,N21,n,2.0NRT,1.28,N,0.49,0.65,,,,,,firms,VIIRS,VIIRS_NOAA21_NRT
-2.00908,121.4182,2025-05-30,1635,N21,n,2.0NRT,1.89,N,0.5,0.65,,,,,,firms,VIIRS,VIIRS_NOAA21_NRT
-2.00529,121.43251,2025-05-30,1635,N21,n,2.0NRT,1.28,N,0.49,0.65,,,,,,firms,VIIRS,VIIRS_NOAA21_NRT
-1.56027,127.42808,2025-05-30,1635,N21,n,2.0NRT,0.57,N,0.39,0.44,,,,,,firms,VIIRS,VIIRS_NOAA21_NRT
-1.46115,127.43645,2025-05-30,1635,N21,n,2.0NRT,1.98,N,0.39,0.44,,,,,,firms,VIIRS,VIIRS_NOAA21_NRT
-1.45713,127.43697,2025-05-30,1635,N21,n,2.0NRT,15.35,N,0.39,0.44,,,,,,firms,VIIRS,VIIRS_NOAA21_NRT
-1.38279,122.47966,2025-05-30,1635,N21,n,2.0NRT,0.81,N,0.43,0.62,,,,,,firms,VIIRS,VIIRS_NOAA21_NRT
-2.88123,122.15445,2025-05-30,1637,N21,n,2.0NRT,4.1,N,0.43,0.62,,,,,,firms,VIIRS,VIIRS_NOAA21_NRT
-2.88073,122.15137,2025-05-30,1637,N21,n,2.0NRT,3.39,N,0.43,0.62,,,,,,firms,VIIRS,VIIRS_NOAA21_NRT
-2.87734,122.16579,2025-05-30,1637,N21,n,2.0NRT,1.6,N,0.43,0.62,,,,,,firms,VIIRS,VIIRS_NOAA21_NRT
-2.87674,122.16218,2025-05-30,1637,N21,n,2.0NRT,1.6,N,0.43,0.62,,,,,,firms,VIIRS,VIIRS_NOAA21_NRT
-2.84865,122.16654,2025-05-30,1637,N21,n,2.0NRT,2.25,N,0.43,0.62,,,,,,firms,VIIRS,VIIRS_NOAA21_NRT
-2.8336,122.17989,2025-05-30,1637,N21,n,2.0NRT,3.79,N,0.42,0.61,,,,,,firms,VIIRS,VIIRS_NOAA21_NRT
-2.83236,122.17252,2025-05-30,1637,N21,n,2.0NRT,2.63,N,0.43,0.62,,,,,,firms,VIIRS,VIIRS_NOAA21_NRT
0.67358,117.56523,2025-05-30,1813,N21,n,2.0NRT,2.21,N,0.44,0.62,,,,,,firms,VIIRS,VIIRS_NOAA21_NRT
0.6792,117.56642,2025-05-30,1813,N21,n,2.0NRT,1.0,N,0.44,0.62,,,,,,firms,VIIRS,VIIRS_NOAA21_NRT
0.67982,117.5625,2025-05-30,1813,N21,n,2.0NRT,1.85,N,0.44,0.62,,,,,,firms,VIIRS,VIIRS_NOAA21_NRT
0.68608,117.5596,2025-05-30,1813,N21,n,2.0NRT,1.85,N,0.44,0.62,,,,,,firms,VIIRS,VIIRS_NOAA21_NRT
0.6885,117.54421,2025-05-30,1813,N21,n,2.0NRT,5.72,N,0.44,0.62,,,,,,firms,VIIRS,VIIRS_NOAA21_NRT
3.00299,112.89796,2025-05-30,1813,N21,n,2.0NRT,0.63,N,0.39,0.44,,,,,,firms,VIIRS,VIIRS_NOAA21_NRT
3.27058,113.06925,2025-05-30,1813,N21,n,2.0NRT,1.87,N,0.39,0.44,,,,,,firms,VIIRS,VIIRS_NOAA21_NRT
3.28214,113.0851,2025-05-30,1813,N21,n,2.0NRT,4.17,N,0.39,0.44,,,,,,firms,VIIRS,VIIRS_NOAA21_NRT
3.28613,113.08584,2025-05-30,1813,N21,n,2.0NRT,4.17,N,0.39,0.44,,,,,,firms,VIIRS,VIIRS_NOAA21_NRT
3.2867,113.08237,2025-05-30,1813,N21,n,2.0NRT,6.24,N,0.39,0.44,,,,,,firms,VIIRS,VIIRS_NOAA21_NRT
3.289,113.09344,2025-05-30,1813,N21,n,2.0NRT,1.65,N,0.39,0.44,,,,,,firms,VIIRS,VIIRS_NOAA21_NRT
3.28956,113.08998,2025-05-30,1813,N21,n,2.0NRT,2.09,N,0.39,0.44,,,,,,firms,VIIRS,VIIRS_NOAA21_NRT
3.29013,113.08654,2025-05-30,1813,N21,n,2.0NRT,2.09,N,0.39,0.44,,,,,,firms,VIIRS,VIIRS_NOAA21_NRT
3.29069,113.08307,2025-05-30,1813,N21,n,2.0NRT,3.5,N,0.39,0.44,,,,,,firms,VIIRS,VIIRS_NOAA21_NRT
3.34832,112.68152,2025-05-30,1813,N21,n,2.0NRT,6.25,N,0.56,0.43,,,,,,firms,VIIRS,VIIRS_NOAA21_NRT
4.67627,114.48157,2025-05-30,1813,N21,n,2.0NRT,2.59,N,0.46,0.47,,,,,,firms,VIIRS,VIIRS_NOAA21_NRT
4.67762,114.48398,2025-05-30,1813,N21,n,2.0NRT,2.27,N,0.46,0.47,,,,,,firms,VIIRS,VIIRS_NOAA21_NRT
4.97898,112.98268,2025-05-30,1813,N21,n,2.0NRT,3.06,N,0.55,0.43,,,,,,firms,VIIRS,VIIRS_NOAA21_NRT
5.01977,111.9201,2025-05-30,1813,N21,n,2.0NRT,1.0,N,0.48,0.4,,,,,,firms,VIIRS,VIIRS_NOAA21_NRT
5.56388,114.98534,2025-05-30,1813,N21,n,2.0NRT,5.01,N,0.48,0.48,,,,,,firms,VIIRS,VIIRS_NOAA21_NRT
-6.18954,106.48278,2025-05-30,1815,N21,n,2.0NRT,0.45,N,0.39,0.36,,,,,,firms,VIIRS,VIIRS_NOAA21_NRT
-6.1834,106.35631,2025-05-30,1815,N21,n,2.0NRT,1.79,N,0.39,0.36,,,,,,firms,VIIRS,VIIRS_NOAA21_NRT
-6.13465,106.48132,2025-05-30,1815,N21,n,2.0NRT,1.21,N,0.39,0.36,,,,,,firms,VIIRS,VIIRS_NOAA21_NRT
-6.09982,106.67131,2025-05-30,1815,N21,n,2.0NRT,2.86,N,0.39,0.36,,,,,,firms,VIIRS,VIIRS_NOAA21_NRT
-6.08285,106.3443,2025-05-30,1815,N21,n,2.0NRT,0.77,N,0.38,0.36,,,,,,firms,VIIRS,VIIRS_NOAA21_NRT
-6.01214,105.97792,2025-05-30,1815,N21,n,2.0NRT,2.15,N,0.38,0.36,,,,,,firms,VIIRS,VIIRS_NOAA21_NRT
-5.99505,105.99821,2025-05-30,1815,N21,n,2.0NRT,1.22,N,0.38,0.36,,,,,,firms,VIIRS,VIIRS_NOAA21_NRT
-5.90975,107.92677,2025-05-30,1815,N21,n,2.0NRT,4.37,N,0.41,0.37,,,,,,firms,VIIRS,VIIRS_NOAA21_NRT
-3.80818,103.81706,2025-05-30,1815,N21,n,2.0NRT,1.51,N,0.44,0.39,,,,,,firms,VIIRS,VIIRS_NOAA21_NRT
-3.37106,103.12489,2025-05-30,1815,N21,n,2.0NRT,1.62,N,0.48,0.4,,,,,,firms,VIIRS,VIIRS_NOAA21_NRT
-3.31267,113.86668,2025-05-30,1815,N21,n,2.0NRT,1.27,N,0.56,0.51,,,,,,firms,VIIRS,VIIRS_NOAA21_NRT
-2.17329,115.56791,2025-05-30,1815,N21,n,2.0NRT,1.21,N,0.35,0.57,,,,,,firms,VIIRS,VIIRS_NOAA21_NRT
-1.4589,114.58426,2025-05-30,1815,N21,n,2.0NRT,0.88,N,0.58,0.52,,,,,,firms,VIIRS,VIIRS_NOAA21_NRT
-8.11126,112.92509,2025-05-30,1817,N21,n,2.0NRT,4.04,N,0.57,0.52,,,,,,firms,VIIRS,VIIRS_NOAA21_NRT
-7.54176,110.44672,2025-05-30,1817,N21,n,2.0NRT,1.31,N,0.57,0.43,,,,,,firms,VIIRS,VIIRS_NOAA21_NRT
-7.24201,109.21454,2025-05-30,1817,N21,n,2.0NRT,2.05,N,0.48,0.4,,,,,,firms,VIIRS,VIIRS_NOAA21_NRT
-7.24101,111.73631,2025-05-30,1817,N21,n,2.0NRT,0.62,N,0.45,0.47,,,,,,firms,VIIRS,VIIRS_NOAA21_NRT
-6.54959,108.09594,2025-05-30,1817,N21,n,2.0NRT,1.44,N,0.42,0.38,,,,,,firms,VIIRS,VIIRS_NOAA21_NRT
-4.15227,140.16547,2025-05-31,332,N21,n,2.0NRT,3.74,D,0.34,0.56,,,,,,firms,VIIRS,VIIRS_NOAA21_NRT
-9.75665,120.35278,2025-05-31,512,N21,n,2.0NRT,4.68,D,0.53,0.42,,,,,,firms,VIIRS,VIIRS_NOAA21_NRT
-9.36036,119.63943,2025-05-31,512,N21,n,2.0NRT,4.26,D,0.38,0.43,,,,,,firms,VIIRS,VIIRS_NOAA21_NRT
-8.31929,125.1336,2025-05-31,512,N21,n,2.0NRT,2.9,D,0.39,0.36,,,,,,firms,VIIRS,VIIRS_NOAA21_NRT
-8.11519,112.91888,2025-05-31,514,N21,n,2.0NRT,9.82,D,0.53,0.67,,,,,,firms,VIIRS,VIIRS_NOAA21_NRT
-3.84377,122.01444,2025-05-31,514,N21,n,2.0NRT,11.47,D,0.4,0.37,,,,,,firms,VIIRS,VIIRS_NOAA21_NRT
-3.78064,122.1606,2025-05-31,514,N21,n,2.0NRT,11.09,D,0.39,0.36,,,,,,firms,VIIRS,VIIRS_NOAA21_NRT
-3.50934,122.11485,2025-05-31,514,N21,n,2.0NRT,6.72,D,0.39,0.36,,,,,,firms,VIIRS,VIIRS_NOAA21_NRT
-2.88116,122.15777,2025-05-31,514,N21,n,2.0NRT,2.92,D,0.39,0.36,,,,,,firms,VIIRS,VIIRS_NOAA21_NRT
-2.83325,110.49582,2025-05-31,514,N21,n,2.0NRT,6.95,D,0.65,0.73,,,,,,firms,VIIRS,VIIRS_NOAA21_NRT
-2.82404,122.15266,2025-05-31,514,N21,n,2.0NRT,1.39,D,0.39,0.36,,,,,,firms,VIIRS,VIIRS_NOAA21_NRT
-2.67542,110.34161,2025-05-31,514,N21,n,2.0NRT,5.52,D,0.66,0.73,,,,,,firms,VIIRS,VIIRS_NOAA21_NRT
-2.57932,121.37544,2025-05-31,514,N21,n,2.0NRT,31.37,D,0.4,0.37,,,,,,firms,VIIRS,VIIRS_NOAA21_NRT
-2.57877,121.37904,2025-05-31,514,N21,n,2.0NRT,17.36,D,0.4,0.37,,,,,,firms,VIIRS,VIIRS_NOAA21_NRT
-2.27142,121.76518,2025-05-31,514,N21,l,2.0NRT,4.85,D,0.39,0.37,,,,,,firms,VIIRS,VIIRS_NOAA21_NRT
-2.0149,121.42027,2025-05-31,514,N21,l,2.0NRT,5.05,D,0.4,0.37,,,,,,firms,VIIRS,VIIRS_NOAA21_NRT
-2.01153,121.41979,2025-05-31,514,N21,n,2.0NRT,5.03,D,0.4,0.37,,,,,,firms,VIIRS,VIIRS_NOAA21_NRT
-2.00935,121.43411,2025-05-31,514,N21,n,2.0NRT,3.69,D,0.4,0.37,,,,,,firms,VIIRS,VIIRS_NOAA21_NRT
-2.00816,121.41932,2025-05-31,514,N21,n,2.0NRT,5.03,D,0.4,0.37,,,,,,firms,VIIRS,VIIRS_NOAA21_NRT
-2.00597,121.43362,2025-05-31,514,N21,n,2.0NRT,3.69,D,0.4,0.37,,,,,,firms,VIIRS,VIIRS_NOAA21_NRT
-1.86282,121.54706,2025-05-31,514,N21,n,2.0NRT,3.08,D,0.4,0.37,,,,,,firms,VIIRS,VIIRS_NOAA21_NRT
-1.74528,121.30961,2025-05-31,514,N21,n,2.0NRT,5.0,D,0.4,0.37,,,,,,firms,VIIRS,VIIRS_NOAA21_NRT
0.05213,110.05374,2025-05-31,516,N21,n,2.0NRT,6.56,D,0.63,0.72,,,,,,firms,VIIRS,VIIRS_NOAA21_NRT
0.68708,117.55619,2025-05-31,516,N21,n,2.0NRT,3.76,D,0.57,0.43,,,,,,firms,VIIRS,VIIRS_NOAA21_NRT
1.07605,121.51677,2025-05-31,516,N21,n,2.0NRT,3.5,D,0.39,0.36,,,,,,firms,VIIRS,VIIRS_NOAA21_NRT
3.27689,113.07335,2025-05-31,516,N21,n,2.0NRT,3.1,D,0.34,0.56,,,,,,firms,VIIRS,VIIRS_NOAA21_NRT
3.27934,113.07354,2025-05-31,516,N21,n,2.0NRT,5.3,D,0.34,0.56,,,,,,firms,VIIRS,VIIRS_NOAA21_NRT
3.28398,113.0847,2025-05-31,516,N21,n,2.0NRT,4.78,D,0.34,0.56,,,,,,firms,VIIRS,VIIRS_NOAA21_NRT
3.28598,113.08166,2025-05-31,516,N21,h,2.0NRT,7.76,D,0.34,0.56,,,,,,firms,VIIRS,VIIRS_NOAA21_NRT
3.2865,113.08476,2025-05-31,516,N21,n,2.0NRT,7.76,D,0.34,0.56,,,,,,firms,VIIRS,VIIRS_NOAA21_NRT
3.53592,113.34402,2025-05-31,516,N21,n,2.0NRT,3.8,D,0.33,0.55,,,,,,firms,VIIRS,VIIRS_NOAA21_NRT
3.5362,113.34361,2025-05-31,516,N21,n,2.0NRT,2.6,D,0.33,0.55,,,,,,firms,VIIRS,VIIRS_NOAA21_NRT
4.672,114.46909,2025-05-31,516,N21,n,2.0NRT,4.69,D,0.52,0.5,,,,,,firms,VIIRS,VIIRS_NOAA21_NRT
4.67887,116.60725,2025-05-31,516,N21,n,2.0NRT,6.02,D,0.57,0.43,,,,,,firms,VIIRS,VIIRS_NOAA21_NRT
4.97797,112.97902,2025-05-31,516,N21,n,2.0NRT,4.22,D,0.33,0.55,,,,,,firms,VIIRS,VIIRS_NOAA21_NRT
4.97846,112.98193,2025-05-31,516,N21,n,2.0NRT,4.22,D,0.33,0.55,,,,,,firms,VIIRS,VIIRS_NOAA21_NRT
5.21333,114.7448,2025-05-31,516,N21,n,2.0NRT,3.52,D,0.49,0.49,,,,,,firms,VIIRS,VIIRS_NOAA21_NRT
5.42944,114.71232,2025-05-31,516,N21,n,2.0NRT,4.38,D,0.49,0.49,,,,,,firms,VIIRS,VIIRS_NOAA21_NRT
-6.0105,105.98438,2025-05-31,654,N21,n,2.0NRT,6.9,D,0.58,0.52,,,,,,firms,VIIRS,VIIRS_NOAA21_NRT
-5.97958,105.99245,2025-05-31,654,N21,n,2.0NRT,51.21,D,0.58,0.52,,,,,,firms,VIIRS,VIIRS_NOAA21_NRT
-5.97913,105.99509,2025-05-31,654,N21,n,2.0NRT,50.62,D,0.58,0.52,,,,,,firms,VIIRS,VIIRS_NOAA21_NRT
-5.47472,104.24413,2025-05-31,657,N21,n,2.0NRT,3.26,D,0.45,0.47,,,,,,firms,VIIRS,VIIRS_NOAA21_NRT
-4.6449,104.97572,2025-05-31,657,N21,n,2.0NRT,3.63,D,0.52,0.5,,,,,,firms,VIIRS,VIIRS_NOAA21_NRT
-4.50319,103.07836,2025-05-31,657,N21,n,2.0NRT,3.74,D,0.39,0.44,,,,,,firms,VIIRS,VIIRS_NOAA21_NRT
-4.4381,103.14168,2025-05-31,657,N21,n,2.0NRT,5.34,D,0.4,0.44,,,,,,firms,VIIRS,VIIRS_NOAA21_NRT
-4.43242,104.97878,2025-05-31,657,N21,n,2.0NRT,5.47,D,0.53,0.5,,,,,,firms,VIIRS,VIIRS_NOAA21_NRT
-3.80904,103.81863,2025-05-31,657,N21,n,2.0NRT,7.17,D,0.45,0.47,,,,,,firms,VIIRS,VIIRS_NOAA21_NRT
-3.80476,103.81792,2025-05-31,657,N21,n,2.0NRT,7.17,D,0.45,0.47,,,,,,firms,VIIRS,VIIRS_NOAA21_NRT
-3.74777,102.48003,2025-05-31,657,N21,n,2.0NRT,8.39,D,0.56,0.43,,,,,,firms,VIIRS,VIIRS_NOAA21_NRT
-3.51675,102.20975,2025-05-31,657,N21,n,2.0NRT,11.93,D,0.54,0.42,,,,,,firms,VIIRS,VIIRS_NOAA21_NRT
-3.32072,103.34492,2025-05-31,657,N21,n,2.0NRT,9.3,D,0.43,0.46,,,,,,firms,VIIRS,VIIRS_NOAA21_NRT
-3.26206,101.75673,2025-05-31,657,N21,n,2.0NRT,4.08,D,0.51,0.41,,,,,,firms,VIIRS,VIIRS_NOAA21_NRT
-3.25523,101.75095,2025-05-31,657,N21,n,2.0NRT,7.62,D,0.51,0.41,,,,,,firms,VIIRS,VIIRS_NOAA21_NRT
-3.17123,102.10991,2025-05-31,657,N21,n,2.0NRT,3.22,D,0.54,0.42,,,,,,firms,VIIRS,VIIRS_NOAA21_NRT
-3.12395,101.84566,2025-05-31,657,N21,n,2.0NRT,5.69,D,0.52,0.42,,,,,,firms,VIIRS,VIIRS_NOAA21_NRT
-3.06638,102.18626,2025-05-31,657,N21,n,2.0NRT,6.17,D,0.55,0.42,,,,,,firms,VIIRS,VIIRS_NOAA21_NRT
-3.04884,100.33125,2025-05-31,657,N21,n,2.0NRT,3.35,D,0.44,0.38,,,,,,firms,VIIRS,VIIRS_NOAA21_NRT
-2.99554,101.77431,2025-05-31,657,N21,n,2.0NRT,7.2,D,0.52,0.41,,,,,,firms,VIIRS,VIIRS_NOAA21_NRT
-2.94543,101.77257,2025-05-31,657,N21,n,2.0NRT,6.31,D,0.52,0.41,,,,,,firms,VIIRS,VIIRS_NOAA21_NRT
-2.9362,101.75693,2025-05-31,657,N21,n,2.0NRT,2.62,D,0.52,0.41,,,,,,firms,VIIRS,VIIRS_NOAA21_NRT
-2.91631,101.73521,2025-05-31,657,N21,n,2.0NRT,6.8,D,0.52,0.41,,,,,,firms,VIIRS,VIIRS_NOAA21_NRT
-2.91468,101.72092,2025-05-31,657,N21,n,2.0NRT,36.15,D,0.52,0.41,,,,,,firms,VIIRS,VIIRS_NOAA21_NRT
-2.73787,101.53715,2025-05-31,657,N21,n,2.0NRT,12.41,D,0.51,0.41,,,,,,firms,VIIRS,VIIRS_NOAA21_NRT
-2.70001,110.33595,2025-05-31,657,N21,n,2.0NRT,22.12,D,0.66,0.73,,,,,,firms,VIIRS,VIIRS_NOAA21_NRT
-2.69631,102.31485,2025-05-31,657,N21,n,2.0NRT,6.55,D,0.56,0.43,,,,,,firms,VIIRS,VIIRS_NOAA21_NRT
-2.69235,110.34063,2025-05-31,657,N21,l,2.0NRT,29.09,D,0.66,0.73,,,,,,firms,VIIRS,VIIRS_NOAA21_NRT
-2.6834,103.07477,2025-05-31,657,N21,n,2.0NRT,3.92,D,0.42,0.45,,,,,,firms,VIIRS,VIIRS_NOAA21_NRT
-2.64517,102.92522,2025-05-31,657,N21,n,2.0NRT,10.86,D,0.41,0.45,,,,,,firms,VIIRS,VIIRS_NOAA21_NRT
-2.64107,102.92459,2025-05-31,657,N21,n,2.0NRT,12.44,D,0.41,0.45,,,,,,firms,VIIRS,VIIRS_NOAA21_NRT
-2.61806,102.80555,2025-05-31,657,N21,n,2.0NRT,63.69,D,0.4,0.44,,,,,,firms,VIIRS,VIIRS_NOAA21_NRT
-2.59397,103.25159,2025-05-31,657,N21,n,2.0NRT,6.74,D,0.43,0.46,,,,,,firms,VIIRS,VIIRS_NOAA21_NRT
-2.55845,103.12486,2025-05-31,657,N21,n,2.0NRT,10.76,D,0.42,0.45,,,,,,firms,VIIRS,VIIRS_NOAA21_NRT
-2.45836,101.3385,2025-05-31,657,N21,n,2.0NRT,5.71,D,0.5,0.41,,,,,,firms,VIIRS,VIIRS_NOAA21_NRT
-2.44619,106.00088,2025-05-31,657,N21,n,2.0NRT,2.81,D,0.33,0.55,,,,,,firms,VIIRS,VIIRS_NOAA21_NRT
-2.42991,101.32523,2025-05-31,657,N21,n,2.0NRT,25.68,D,0.5,0.41,,,,,,firms,VIIRS,VIIRS_NOAA21_NRT
-2.42618,101.32469,2025-05-31,657,N21,n,2.0NRT,8.64,D,0.5,0.41,,,,,,firms,VIIRS,VIIRS_NOAA21_NRT
-2.36331,105.9433,2025-05-31,657,N21,n,2.0NRT,6.18,D,0.33,0.55,,,,,,firms,VIIRS,VIIRS_NOAA21_NRT
-2.34452,101.20043,2025-05-31,657,N21,n,2.0NRT,14.11,D,0.49,0.4,,,,,,firms,VIIRS,VIIRS_NOAA21_NRT
-2.32634,102.80347,2025-05-31,657,N21,n,2.0NRT,3.04,D,0.41,0.45,,,,,,firms,VIIRS,VIIRS_NOAA21_NRT
-2.32384,102.60871,2025-05-31,657,N21,n,2.0NRT,3.51,D,0.4,0.44,,,,,,firms,VIIRS,VIIRS_NOAA21_NRT
-2.31081,101.22177,2025-05-31,657,N21,n,2.0NRT,7.29,D,0.49,0.4,,,,,,firms,VIIRS,VIIRS_NOAA21_NRT
-2.28424,103.48128,2025-05-31,657,N21,n,2.0NRT,8.17,D,0.45,0.47,,,,,,firms,VIIRS,VIIRS_NOAA21_NRT
-2.27526,101.19157,2025-05-31,657,N21,n,2.0NRT,6.45,D,0.49,0.4,,,,,,firms,VIIRS,VIIRS_NOAA21_NRT
-2.2746,101.1959,2025-05-31,657,N21,n,2.0NRT,6.45,D,0.49,0.4,,,,,,firms,VIIRS,VIIRS_NOAA21_NRT
-2.26228,102.23704,2025-05-31,657,N21,n,2.0NRT,4.32,D,0.56,0.43,,,,,,firms,VIIRS,VIIRS_NOAA21_NRT
-2.24695,101.00966,2025-05-31,657,N21,n,2.0NRT,5.99,D,0.48,0.4,,,,,,firms,VIIRS,VIIRS_NOAA21_NRT
-2.22139,101.00661,2025-05-31,657,N21,n,2.0NRT,2.21,D,0.48,0.4,,,,,,firms,VIIRS,VIIRS_NOAA21_NRT
-2.22051,103.12244,2025-05-31,657,N21,n,2.0NRT,4.82,D,0.43,0.46,,,,,,firms,VIIRS,VIIRS_NOAA21_NRT
-2.21236,100.99199,2025-05-31,657,N21,n,2.0NRT,81.74,D,0.48,0.4,,,,,,firms,VIIRS,VIIRS_NOAA21_NRT
-2.20935,100.98712,2025-05-31,657,N21,n,2.0NRT,81.74,D,0.48,0.4,,,,,,firms,VIIRS,VIIRS_NOAA21_NRT
-2.20804,100.99571,2025-05-31,657,N21,n,2.0NRT,44.5,D,0.48,0.4,,,,,,firms,VIIRS,VIIRS_NOAA21_NRT
-2.20503,100.99085,2025-05-31,657,N21,n,2.0NRT,57.15,D,0.48,0.4,,,,,,firms,VIIRS,VIIRS_NOAA21_NRT
-2.20305,101.00375,2025-05-31,657,N21,n,2.0NRT,6.06,D,0.48,0.4,,,,,,firms,VIIRS,VIIRS_NOAA21_NRT
-2.19806,101.01178,2025-05-31,657,N21,n,2.0NRT,4.78,D,0.48,0.4,,,,,,firms,VIIRS,VIIRS_NOAA21_NRT
-2.18125,100.83035,2025-05-31,657,N21,n,2.0NRT,3.37,D,0.47,0.4,,,,,,firms,VIIRS,VIIRS_NOAA21_NRT
-2.1767,101.00405,2025-05-31,657,N21,n,2.0NRT,6.11,D,0.48,0.4,,,,,,firms,VIIRS,VIIRS_NOAA21_NRT
-2.1707,100.99432,2025-05-31,657,N21,n,2.0NRT,5.95,D,0.48,0.4,,,,,,firms,VIIRS,VIIRS_NOAA21_NRT
-2.16703,100.99375,2025-05-31,657,N21,n,2.0NRT,7.1,D,0.48,0.4,,,,,,firms,VIIRS,VIIRS_NOAA21_NRT
-2.16232,102.15711,2025-05-31,657,N21,n,2.0NRT,3.33,D,0.56,0.43,,,,,,firms,VIIRS,VIIRS_NOAA21_NRT
-2.14277,100.933,2025-05-31,657,N21,n,2.0NRT,6.48,D,0.48,0.4,,,,,,firms,VIIRS,VIIRS_NOAA21_NRT
-2.12899,100.99669,2025-05-31,657,N21,n,2.0NRT,6.32,D,0.48,0.4,,,,,,firms,VIIRS,VIIRS_NOAA21_NRT
-2.1253,101.16444,2025-05-31,657,N21,n,2.0NRT,5.23,D,0.49,0.4,,,,,,firms,VIIRS,VIIRS_NOAA21_NRT
-2.12436,100.97839,2025-05-31,657,N21,n,2.0NRT,5.1,D,0.48,0.4,,,,,,firms,VIIRS,VIIRS_NOAA21_NRT
-2.05462,101.09149,2025-05-31,657,N21,n,2.0NRT,17.17,D,0.49,0.4,,,,,,firms,VIIRS,VIIRS_NOAA21_NRT
-2.03064,103.00704,2025-05-31,657,N21,n,2.0NRT,5.98,D,0.42,0.45,,,,,,firms,VIIRS,VIIRS_NOAA21_NRT
-1.96747,102.77676,2025-05-31,657,N21,n,2.0NRT,3.92,D,0.41,0.45,,,,,,firms,VIIRS,VIIRS_NOAA21_NRT
-1.93924,100.96471,2025-05-31,657,N21,n,2.0NRT,3.88,D,0.48,0.4,,,,,,firms,VIIRS,VIIRS_NOAA21_NRT
-1.91698,100.98668,2025-05-31,657,N21,n,2.0NRT,4.02,D,0.48,0.4,,,,,,firms,VIIRS,VIIRS_NOAA21_NRT
-1.91109,102.55304,2025-05-31,657,N21,n,2.0NRT,5.81,D,0.4,0.44,,,,,,firms,VIIRS,VIIRS_NOAA21_NRT
-1.90435,102.32259,2025-05-31,657,N21,n,2.0NRT,2.22,D,0.38,0.44,,,,,,firms,VIIRS,VIIRS_NOAA21_NRT
-1.87411,100.95131,2025-05-31,657,N21,n,2.0NRT,13.25,D,0.48,0.4,,,,,,firms,VIIRS,VIIRS_NOAA21_NRT
-1.86288,102.22232,2025-05-31,657,N21,n,2.0NRT,7.59,D,0.57,0.43,,,,,,firms,VIIRS,VIIRS_NOAA21_NRT
-1.85892,102.22169,2025-05-31,657,N21,n,2.0NRT,19.92,D,0.57,0.43,,,,,,firms,VIIRS,VIIRS_NOAA21_NRT
-1.85844,105.33534,2025-05-31,657,N21,n,2.0NRT,9.8,D,0.61,0.54,,,,,,firms,VIIRS,VIIRS_NOAA21_NRT
-1.85556,105.3371,2025-05-31,657,N21,n,2.0NRT,7.09,D,0.61,0.54,,,,,,firms,VIIRS,VIIRS_NOAA21_NRT
-1.7978,102.25673,2025-05-31,657,N21,n,2.0NRT,5.23,D,0.38,0.43,,,,,,firms,VIIRS,VIIRS_NOAA21_NRT
-1.58026,102.18175,2025-05-31,657,N21,n,2.0NRT,8.32,D,0.57,0.43,,,,,,firms,VIIRS,VIIRS_NOAA21_NRT
1.04703,97.87517,2025-05-31,657,N21,n,2.0NRT,4.13,D,0.39,0.36,,,,,,firms,VIIRS,VIIRS_NOAA21_NRT
1.28275,103.71907,2025-05-31,657,N21,n,2.0NRT,4.87,D,0.53,0.5,,,,,,firms,VIIRS,VIIRS_NOAA21_NRT
1.37886,104.1612,2025-05-31,657,N21,n,2.0NRT,7.81,D,0.57,0.52,,,,,,firms,VIIRS,VIIRS_NOAA21_NRT
2.41764,98.14916,2025-05-31,659,N21,n,2.0NRT,4.52,D,0.41,0.37,,,,,,firms,VIIRS,VIIRS_NOAA21_NRT
2.57649,98.03652,2025-05-31,659,N21,n,2.0NRT,4.78,D,0.4,0.37,,,,,,firms,VIIRS,VIIRS_NOAA21_NRT
2.62227,97.86091,2025-05-31,659,N21,n,2.0NRT,6.91,D,0.4,0.37,,,,,,firms,VIIRS,VIIRS_NOAA21_NRT
2.62409,97.86012,2025-05-31,659,N21,h,2.0NRT,11.19,D,0.4,0.37,,,,,,firms,VIIRS,VIIRS_NOAA21_NRT
2.62463,97.8637,2025-05-31,659,N21,n,2.0NRT,11.19,D,0.4,0.37,,,,,,firms,VIIRS,VIIRS_NOAA21_NRT
2.62692,97.85603,2025-05-31,659,N21,n,2.0NRT,4.02,D,0.4,0.37,,,,,,firms,VIIRS,VIIRS_NOAA21_NRT
2.62746,97.85962,2025-05-31,659,N21,n,2.0NRT,11.19,D,0.4,0.37,,,,,,firms,VIIRS,VIIRS_NOAA21_NRT
2.628,97.8632,2025-05-31,659,N21,n,2.0NRT,11.19,D,0.4,0.37,,,,,,firms,VIIRS,VIIRS_NOAA21_NRT
2.63083,97.85911,2025-05-31,659,N21,n,2.0NRT,4.63,D,0.4,0.37,,,,,,firms,VIIRS,VIIRS_NOAA21_NRT
2.63718,98.07169,2025-05-31,659,N21,n,2.0NRT,2.54,D,0.4,0.37,,,,,,firms,VIIRS,VIIRS_NOAA21_NRT
2.65427,98.18389,2025-05-31,659,N21,n,2.0NRT,3.52,D,0.41,0.37,,,,,,firms,VIIRS,VIIRS_NOAA21_NRT
2.68957,97.76998,2025-05-31,659,N21,n,2.0NRT,4.35,D,0.4,0.37,,,,,,firms,VIIRS,VIIRS_NOAA21_NRT
2.69293,97.76947,2025-05-31,659,N21,n,2.0NRT,3.68,D,0.4,0.37,,,,,,firms,VIIRS,VIIRS_NOAA21_NRT
2.69347,97.77304,2025-05-31,659,N21,l,2.0NRT,3.68,D,0.4,0.37,,,,,,firms,VIIRS,VIIRS_NOAA21_NRT
2.69629,97.76897,2025-05-31,659,N21,n,2.0NRT,3.68,D,0.4,0.37,,,,,,firms,VIIRS,VIIRS_NOAA21_NRT
2.69762,97.95914,2025-05-31,659,N21,n,2.0NRT,2.98,D,0.4,0.37,,,,,,firms,VIIRS,VIIRS_NOAA21_NRT
2.699,97.78677,2025-05-31,659,N21,n,2.0NRT,5.74,D,0.4,0.37,,,,,,firms,VIIRS,VIIRS_NOAA21_NRT
2.69965,97.76846,2025-05-31,659,N21,l,2.0NRT,125.93,D,0.4,0.37,,,,,,firms,VIIRS,VIIRS_NOAA21_NRT
2.79148,97.95171,2025-05-31,659,N21,n,2.0NRT,19.89,D,0.4,0.37,,,,,,firms,VIIRS,VIIRS_NOAA21_NRT
2.94587,97.53444,2025-05-31,659,N21,n,2.0NRT,6.33,D,0.39,0.37,,,,,,firms,VIIRS,VIIRS_NOAA21_NRT
3.03678,97.39428,2025-05-31,659,N21,n,2.0NRT,5.2,D,0.39,0.36,,,,,,firms,VIIRS,VIIRS_NOAA21_NRT
4.02438,98.03764,2025-05-31,659,N21,n,2.0NRT,8.84,D,0.41,0.37,,,,,,firms,VIIRS,VIIRS_NOAA21_NRT
4.18877,96.27417,2025-05-31,659,N21,n,2.0NRT,2.6,D,0.38,0.36,,,,,,firms,VIIRS,VIIRS_NOAA21_NRT
4.30992,96.33295,2025-05-31,659,N21,n,2.0NRT,4.19,D,0.38,0.36,,,,,,firms,VIIRS,VIIRS_NOAA21_NRT
4.31045,96.3364,2025-05-31,659,N21,n,2.0NRT,4.19,D,0.38,0.36,,,,,,firms,VIIRS,VIIRS_NOAA21_NRT
4.42135,97.87952,2025-05-31,659,N21,n,2.0NRT,15.46,D,0.41,0.37,,,,,,firms,VIIRS,VIIRS_NOAA21_NRT
4.48682,95.82252,2025-05-31,659,N21,n,2.0NRT,5.11,D,0.38,0.36,,,,,,firms,VIIRS,VIIRS_NOAA21_NRT
4.49105,96.0717,2025-05-31,659,N21,n,2.0NRT,3.43,D,0.38,0.36,,,,,,firms,VIIRS,VIIRS_NOAA21_NRT
4.54486,95.93315,2025-05-31,659,N21,n,2.0NRT,3.63,D,0.38,0.36,,,,,,firms,VIIRS,VIIRS_NOAA21_NRT
4.56196,97.81375,2025-05-31,659,N21,n,2.0NRT,3.17,D,0.41,0.37,,,,,,firms,VIIRS,VIIRS_NOAA21_NRT
4.5688,95.73587,2025-05-31,659,N21,l,2.0NRT,3.36,D,0.38,0.36,,,,,,firms,VIIRS,VIIRS_NOAA21_NRT
4.59064,97.76811,2025-05-31,659,N21,n,2.0NRT,2.96,D,0.41,0.37,,,,,,firms,VIIRS,VIIRS_NOAA21_NRT
4.79809,97.63226,2025-05-31,659,N21,n,2.0NRT,9.52,D,0.41,0.37,,,,,,firms,VIIRS,VIIRS_NOAA21_NRT
4.8691,97.31125,2025-05-31,659,N21,n,2.0NRT,2.33,D,0.4,0.37,,,,,,firms,VIIRS,VIIRS_NOAA21_NRT
5.00199,96.66001,2025-05-31,659,N21,n,2.0NRT,4.81,D,0.39,0.36,,,,,,firms,VIIRS,VIIRS_NOAA21_NRT
5.00251,96.66349,2025-05-31,659,N21,n,2.0NRT,4.53,D,0.39,0.36,,,,,,firms,VIIRS,VIIRS_NOAA21_NRT
5.00809,96.65551,2025-05-31,659,N21,n,2.0NRT,3.31,D,0.39,0.36,,,,,,firms,VIIRS,VIIRS_NOAA21_NRT
5.13467,97.11396,2025-05-31,659,N21,n,2.0NRT,4.78,D,0.4,0.37,,,,,,firms,VIIRS,VIIRS_NOAA21_NRT
5.37729,95.77316,2025-05-31,659,N21,n,2.0NRT,3.17,D,0.38,0.36,,,,,,firms,VIIRS,VIIRS_NOAA21_NRT
-1.81968,136.75082,2025-05-31,1616,N21,n,2.0NRT,2.38,N,0.38,0.36,,,,,,firms,VIIRS,VIIRS_NOAA21_NRT
-1.81638,136.75134,2025-05-31,1616,N21,n,2.0NRT,2.38,N,0.38,0.36,,,,,,firms,VIIRS,VIIRS_NOAA21_NRT
-1.81585,136.74792,2025-05-31,1616,N21,n,2.0NRT,2.38,N,0.38,0.36,,,,,,firms,VIIRS,VIIRS_NOAA21_NRT
3.07065,113.41631,2025-05-31,1756,N21,n,2.0NRT,1.38,N,0.39,0.36,,,,,,firms,VIIRS,VIIRS_NOAA21_NRT
3.27219,113.06829,2025-05-31,1756,N21,n,2.0NRT,2.06,N,0.38,0.36,,,,,,firms,VIIRS,VIIRS_NOAA21_NRT
3.27823,113.07274,2025-05-31,1756,N21,n,2.0NRT,3.34,N,0.38,0.36,,,,,,firms,VIIRS,VIIRS_NOAA21_NRT
3.28267,113.08744,2025-05-31,1756,N21,n,2.0NRT,6.36,N,0.38,0.36,,,,,,firms,VIIRS,VIIRS_NOAA21_NRT
3.28321,113.08403,2025-05-31,1756,N21,n,2.0NRT,6.36,N,0.38,0.36,,,,,,firms,VIIRS,VIIRS_NOAA21_NRT
3.28374,113.08061,2025-05-31,1756,N21,n,2.0NRT,2.48,N,0.38,0.36,,,,,,firms,VIIRS,VIIRS_NOAA21_NRT
3.28597,113.08795,2025-05-31,1756,N21,n,2.0NRT,6.36,N,0.38,0.36,,,,,,firms,VIIRS,VIIRS_NOAA21_NRT
3.2865,113.08455,2025-05-31,1756,N21,n,2.0NRT,6.36,N,0.38,0.36,,,,,,firms,VIIRS,VIIRS_NOAA21_NRT
3.28704,113.08112,2025-05-31,1756,N21,n,2.0NRT,2.48,N,0.38,0.36,,,,,,firms,VIIRS,VIIRS_NOAA21_NRT
3.28926,113.08846,2025-05-31,1756,N21,n,2.0NRT,2.16,N,0.38,0.36,,,,,,firms,VIIRS,VIIRS_NOAA21_NRT
3.28979,113.08506,2025-05-31,1756,N21,n,2.0NRT,2.16,N,0.38,0.36,,,,,,firms,VIIRS,VIIRS_NOAA21_NRT
3.29033,113.08163,2025-05-31,1756,N21,n,2.0NRT,2.14,N,0.38,0.36,,,,,,firms,VIIRS,VIIRS_NOAA21_NRT
3.5224,113.31441,2025-05-31,1756,N21,n,2.0NRT,2.75,N,0.39,0.36,,,,,,firms,VIIRS,VIIRS_NOAA21_NRT
3.53458,113.34446,2025-05-31,1756,N21,n,2.0NRT,1.81,N,0.39,0.36,,,,,,firms,VIIRS,VIIRS_NOAA21_NRT
3.53666,113.30959,2025-05-31,1756,N21,n,2.0NRT,1.66,N,0.39,0.36,,,,,,firms,VIIRS,VIIRS_NOAA21_NRT
3.54461,113.35032,2025-05-31,1756,N21,n,2.0NRT,3.76,N,0.39,0.36,,,,,,firms,VIIRS,VIIRS_NOAA21_NRT
3.60619,112.41114,2025-05-31,1756,N21,n,2.0NRT,0.5,N,0.39,0.36,,,,,,firms,VIIRS,VIIRS_NOAA21_NRT
4.1458,105.10732,2025-05-31,1756,N21,n,2.0NRT,1.29,N,0.62,0.54,,,,,,firms,VIIRS,VIIRS_NOAA21_NRT
4.54323,114.12135,2025-05-31,1756,N21,n,2.0NRT,1.05,N,0.39,0.36,,,,,,firms,VIIRS,VIIRS_NOAA21_NRT
4.6712,114.47314,2025-05-31,1756,N21,n,2.0NRT,1.47,N,0.4,0.37,,,,,,firms,VIIRS,VIIRS_NOAA21_NRT
4.97713,112.98197,2025-05-31,1756,N21,n,2.0NRT,1.89,N,0.38,0.36,,,,,,firms,VIIRS,VIIRS_NOAA21_NRT
5.01973,111.91965,2025-05-31,1756,N21,n,2.0NRT,0.66,N,0.4,0.37,,,,,,firms,VIIRS,VIIRS_NOAA21_NRT
-8.91466,117.22552,2025-05-31,1758,N21,n,2.0NRT,1.65,N,0.54,0.51,,,,,,firms,VIIRS,VIIRS_NOAA21_NRT
-8.27675,123.53957,2025-05-31,1758,N21,n,2.0NRT,9.33,N,0.72,0.76,,,,,,firms,VIIRS,VIIRS_NOAA21_NRT
-8.27651,123.53669,2025-05-31,1758,N21,n,2.0NRT,7.51,N,0.72,0.76,,,,,,firms,VIIRS,VIIRS_NOAA21_NRT
-8.27335,123.51011,2025-05-31,1758,N21,n,2.0NRT,8.05,N,0.72,0.76,,,,,,firms,VIIRS,VIIRS_NOAA21_NRT
-8.27282,123.50684,2025-05-31,1758,N21,n,2.0NRT,7.51,N,0.72,0.76,,,,,,firms,VIIRS,VIIRS_NOAA21_NRT
-8.11799,114.05828,2025-05-31,1758,N21,n,2.0NRT,0.84,N,0.5,0.41,,,,,,firms,VIIRS,VIIRS_NOAA21_NRT
5.28738,95.41894,2025-05-31,1936,N21,n,2.0NRT,1.73,N,0.58,0.52,,,,,,firms,VIIRS,VIIRS_NOAA21_NRT
-9.46492,119.84027,2025-06-01,453,N21,n,2.0NRT,3.3,D,0.39,0.59,,,,,,firms,VIIRS,VIIRS_NOAA21_NRT
-9.35501,119.86263,2025-06-01,453,N21,h,2.0NRT,5.86,D,0.39,0.59,,,,,,firms,VIIRS,VIIRS_NOAA21_NRT
-9.35454,119.86624,2025-06-01,453,N21,n,2.0NRT,5.86,D,0.39,0.59,,,,,,firms,VIIRS,VIIRS_NOAA21_NRT
-1.50546,133.98538,2025-06-01,455,N21,n,2.0NRT,8.87,D,0.49,0.49,,,,,,firms,VIIRS,VIIRS_NOAA21_NRT
0.51036,127.89595,2025-06-01,455,N21,n,2.0NRT,8.5,D,0.39,0.36,,,,,,firms,VIIRS,VIIRS_NOAA21_NRT
4.67065,114.45937,2025-06-01,457,N21,n,2.0NRT,2.86,D,0.56,0.69,,,,,,firms,VIIRS,VIIRS_NOAA21_NRT
4.97529,112.98069,2025-06-01,457,N21,n,2.0NRT,9.62,D,0.7,0.75,,,,,,firms,VIIRS,VIIRS_NOAA21_NRT
5.42983,114.71025,2025-06-01,457,N21,n,2.0NRT,4.55,D,0.52,0.67,,,,,,firms,VIIRS,VIIRS_NOAA21_NRT
-2.2697,101.20248,2025-06-01,637,N21,n,2.0NRT,2.48,D,0.39,0.36,,,,,,firms,VIIRS,VIIRS_NOAA21_NRT
-2.24581,101.18375,2025-06-01,637,N21,n,2.0NRT,9.69,D,0.39,0.36,,,,,,firms,VIIRS,VIIRS_NOAA21_NRT
-2.24492,101.00985,2025-06-01,637,N21,n,2.0NRT,8.8,D,0.4,0.37,,,,,,firms,VIIRS,VIIRS_NOAA21_NRT
-2.23994,101.02001,2025-06-01,637,N21,n,2.0NRT,1.45,D,0.4,0.37,,,,,,firms,VIIRS,VIIRS_NOAA21_NRT
-2.23844,101.05244,2025-06-01,637,N21,n,2.0NRT,4.85,D,0.4,0.37,,,,,,firms,VIIRS,VIIRS_NOAA21_NRT
-2.22046,101.03526,2025-06-01,637,N21,n,2.0NRT,2.75,D,0.4,0.37,,,,,,firms,VIIRS,VIIRS_NOAA21_NRT
-2.21655,101.12876,2025-06-01,637,N21,n,2.0NRT,11.31,D,0.39,0.37,,,,,,firms,VIIRS,VIIRS_NOAA21_NRT
-2.21296,100.99419,2025-06-01,637,N21,n,2.0NRT,1.74,D,0.4,0.37,,,,,,firms,VIIRS,VIIRS_NOAA21_NRT
-2.21282,100.97234,2025-06-01,637,N21,n,2.0NRT,7.6,D,0.4,0.37,,,,,,firms,VIIRS,VIIRS_NOAA21_NRT
-2.21014,100.99014,2025-06-01,637,N21,n,2.0NRT,14.65,D,0.4,0.37,,,,,,firms,VIIRS,VIIRS_NOAA21_NRT
-2.2096,100.99368,2025-06-01,637,N21,n,2.0NRT,14.65,D,0.4,0.37,,,,,,firms,VIIRS,VIIRS_NOAA21_NRT
-2.20678,100.98962,2025-06-01,637,N21,n,2.0NRT,14.65,D,0.4,0.37,,,,,,firms,VIIRS,VIIRS_NOAA21_NRT
-2.20624,100.99319,2025-06-01,637,N21,h,2.0NRT,14.65,D,0.4,0.37,,,,,,firms,VIIRS,VIIRS_NOAA21_NRT
-2.2057,100.99673,2025-06-01,637,N21,n,2.0NRT,2.57,D,0.4,0.37,,,,,,firms,VIIRS,VIIRS_NOAA21_NRT
-2.20288,100.99268,2025-06-01,637,N21,n,2.0NRT,14.05,D,0.4,0.37,,,,,,firms,VIIRS,VIIRS_NOAA21_NRT
-2.20127,101.00334,2025-06-01,637,N21,n,2.0NRT,2.91,D,0.4,0.37,,,,,,firms,VIIRS,VIIRS_NOAA21_NRT
-2.18745,101.02671,2025-06-01,637,N21,n,2.0NRT,1.51,D,0.4,0.37,,,,,,firms,VIIRS,VIIRS_NOAA21_NRT
-2.17724,101.00338,2025-06-01,637,N21,l,2.0NRT,2.85,D,0.4,0.37,,,,,,firms,VIIRS,VIIRS_NOAA21_NRT
-2.17595,100.92981,2025-06-01,637,N21,n,2.0NRT,2.44,D,0.4,0.37,,,,,,firms,VIIRS,VIIRS_NOAA21_NRT
-2.16951,100.99436,2025-06-01,637,N21,n,2.0NRT,3.26,D,0.4,0.37,,,,,,firms,VIIRS,VIIRS_NOAA21_NRT
-2.1607,101.38401,2025-06-01,637,N21,n,2.0NRT,2.51,D,0.39,0.36,,,,,,firms,VIIRS,VIIRS_NOAA21_NRT
-2.16042,100.96392,2025-06-01,637,N21,n,2.0NRT,2.9,D,0.4,0.37,,,,,,firms,VIIRS,VIIRS_NOAA21_NRT
-2.13043,101.00304,2025-06-01,637,N21,l,2.0NRT,40.17,D,0.4,0.37,,,,,,firms,VIIRS,VIIRS_NOAA21_NRT
-2.12024,100.97972,2025-06-01,637,N21,n,2.0NRT,9.51,D,0.4,0.37,,,,,,firms,VIIRS,VIIRS_NOAA21_NRT
-2.11688,100.97922,2025-06-01,637,N21,n,2.0NRT,21.69,D,0.4,0.37,,,,,,firms,VIIRS,VIIRS_NOAA21_NRT
-2.05167,101.03102,2025-06-01,637,N21,n,2.0NRT,5.1,D,0.4,0.37,,,,,,firms,VIIRS,VIIRS_NOAA21_NRT
-1.99344,101.00806,2025-06-01,637,N21,n,2.0NRT,2.61,D,0.4,0.37,,,,,,firms,VIIRS,VIIRS_NOAA21_NRT
-1.72511,100.87605,2025-06-01,637,N21,n,2.0NRT,10.53,D,0.4,0.37,,,,,,firms,VIIRS,VIIRS_NOAA21_NRT
-1.16453,100.8062,2025-06-01,637,N21,n,2.0NRT,4.6,D,0.4,0.37,,,,,,firms,VIIRS,VIIRS_NOAA21_NRT
-0.86572,100.42209,2025-06-01,637,N21,n,2.0NRT,1.71,D,0.4,0.37,,,,,,firms,VIIRS,VIIRS_NOAA21_NRT
-0.7603,100.60447,2025-06-01,637,N21,n,2.0NRT,3.72,D,0.4,0.37,,,,,,firms,VIIRS,VIIRS_NOAA21_NRT
-0.68455,101.05752,2025-06-01,637,N21,n,2.0NRT,5.24,D,0.39,0.36,,,,,,firms,VIIRS,VIIRS_NOAA21_NRT
-0.59142,101.40059,2025-06-01,637,N21,n,2.0NRT,4.08,D,0.39,0.36,,,,,,firms,VIIRS,VIIRS_NOAA21_NRT
-0.58865,100.68623,2025-06-01,637,N21,n,2.0NRT,2.75,D,0.4,0.37,,,,,,firms,VIIRS,VIIRS_NOAA21_NRT
-0.26598,100.02908,2025-06-01,637,N21,n,2.0NRT,3.88,D,0.41,0.37,,,,,,firms,VIIRS,VIIRS_NOAA21_NRT
-0.20692,99.81623,2025-06-01,637,N21,l,2.0NRT,5.65,D,0.42,0.37,,,,,,firms,VIIRS,VIIRS_NOAA21_NRT
-0.20323,100.31823,2025-06-01,637,N21,n,2.0NRT,8.92,D,0.4,0.37,,,,,,firms,VIIRS,VIIRS_NOAA21_NRT
-0.16883,100.06749,2025-06-01,637,N21,n,2.0NRT,4.67,D,0.41,0.37,,,,,,firms,VIIRS,VIIRS_NOAA21_NRT
-0.12761,99.78503,2025-06-01,637,N21,n,2.0NRT,7.13,D,0.42,0.37,,,,,,firms,VIIRS,VIIRS_NOAA21_NRT
-0.08882,100.43614,2025-06-01,637,N21,n,2.0NRT,1.65,D,0.4,0.37,,,,,,firms,VIIRS,VIIRS_NOAA21_NRT
-0.07117,100.31302,2025-06-01,637,N21,n,2.0NRT,23.21,D,0.4,0.37,,,,,,firms,VIIRS,VIIRS_NOAA21_NRT
-0.053,100.52126,2025-06-01,637,N21,n,2.0NRT,7.75,D,0.4,0.37,,,,,,firms,VIIRS,VIIRS_NOAA21_NRT
-0.04089,100.68923,2025-06-01,637,N21,n,2.0NRT,4.06,D,0.39,0.36,,,,,,firms,VIIRS,VIIRS_NOAA21_NRT
-0.02417,100.5752,2025-06-01,637,N21,n,2.0NRT,6.72,D,0.4,0.37,,,,,,firms,VIIRS,VIIRS_NOAA21_NRT
0.12209,99.7666,2025-06-01,637,N21,n,2.0NRT,3.36,D,0.42,0.37,,,,,,firms,VIIRS,VIIRS_NOAA21_NRT
0.24539,99.26343,2025-06-01,637,N21,n,2.0NRT,2.86,D,0.43,0.38,,,,,,firms,VIIRS,VIIRS_NOAA21_NRT
0.27109,99.18877,2025-06-01,637,N21,n,2.0NRT,6.84,D,0.44,0.38,,,,,,firms,VIIRS,VIIRS_NOAA21_NRT
0.32992,99.29175,2025-06-01,637,N21,n,2.0NRT,2.04,D,0.43,0.38,,,,,,firms,VIIRS,VIIRS_NOAA21_NRT
0.33331,99.26734,2025-06-01,637,N21,n,2.0NRT,4.13,D,0.43,0.38,,,,,,firms,VIIRS,VIIRS_NOAA21_NRT
0.39374,99.88949,2025-06-01,637,N21,n,2.0NRT,6.64,D,0.41,0.37,,,,,,firms,VIIRS,VIIRS_NOAA21_NRT
0.40311,109.75674,2025-06-01,637,N21,n,2.0NRT,11.0,D,0.63,0.54,,,,,,firms,VIIRS,VIIRS_NOAA21_NRT
0.47673,99.40196,2025-06-01,637,N21,n,2.0NRT,4.99,D,0.43,0.38,,,,,,firms,VIIRS,VIIRS_NOAA21_NRT
0.48356,109.64445,2025-06-01,637,N21,n,2.0NRT,26.97,D,0.62,0.54,,,,,,firms,VIIRS,VIIRS_NOAA21_NRT
0.61316,100.01451,2025-06-01,637,N21,n,2.0NRT,6.79,D,0.41,0.37,,,,,,firms,VIIRS,VIIRS_NOAA21_NRT
0.63121,100.01917,2025-06-01,637,N21,n,2.0NRT,8.51,D,0.41,0.37,,,,,,firms,VIIRS,VIIRS_NOAA21_NRT
0.73116,110.56622,2025-06-01,637,N21,n,2.0NRT,6.19,D,0.36,0.58,,,,,,firms,VIIRS,VIIRS_NOAA21_NRT
0.98642,99.68642,2025-06-01,637,N21,n,2.0NRT,7.0,D,0.41,0.37,,,,,,firms,VIIRS,VIIRS_NOAA21_NRT
1.31631,100.00572,2025-06-01,637,N21,n,2.0NRT,30.86,D,0.4,0.37,,,,,,firms,VIIRS,VIIRS_NOAA21_NRT
1.49569,99.43723,2025-06-01,637,N21,n,2.0NRT,4.99,D,0.42,0.37,,,,,,firms,VIIRS,VIIRS_NOAA21_NRT
1.52874,99.46995,2025-06-01,637,N21,n,2.0NRT,2.6,D,0.42,0.37,,,,,,firms,VIIRS,VIIRS_NOAA21_NRT
1.67331,101.47568,2025-06-01,637,N21,n,2.0NRT,2.35,D,0.38,0.36,,,,,,firms,VIIRS,VIIRS_NOAA21_NRT
1.74586,98.69749,2025-06-01,637,N21,n,2.0NRT,3.31,D,0.44,0.39,,,,,,firms,VIIRS,VIIRS_NOAA21_NRT
1.75292,98.69643,2025-06-01,637,N21,n,2.0NRT,8.54,D,0.44,0.39,,,,,,firms,VIIRS,VIIRS_NOAA21_NRT
1.77204,101.71983,2025-06-01,637,N21,n,2.0NRT,2.54,D,0.38,0.36,,,,,,firms,VIIRS,VIIRS_NOAA21_NRT
1.8231,98.65826,2025-06-01,637,N21,n,2.0NRT,3.13,D,0.44,0.39,,,,,,firms,VIIRS,VIIRS_NOAA21_NRT
1.90944,99.25476,2025-06-01,637,N21,n,2.0NRT,14.5,D,0.42,0.38,,,,,,firms,VIIRS,VIIRS_NOAA21_NRT
1.93344,99.54788,2025-06-01,637,N21,n,2.0NRT,4.18,D,0.41,0.37,,,,,,firms,VIIRS,VIIRS_NOAA21_NRT
1.94648,98.68158,2025-06-01,637,N21,n,2.0NRT,6.72,D,0.44,0.38,,,,,,firms,VIIRS,VIIRS_NOAA21_NRT
2.11447,98.9016,2025-06-01,637,N21,n,2.0NRT,3.62,D,0.43,0.38,,,,,,firms,VIIRS,VIIRS_NOAA21_NRT
2.11795,98.90109,2025-06-01,637,N21,n,2.0NRT,5.86,D,0.43,0.38,,,,,,firms,VIIRS,VIIRS_NOAA21_NRT
2.14407,98.90897,2025-06-01,637,N21,n,2.0NRT,5.07,D,0.43,0.38,,,,,,firms,VIIRS,VIIRS_NOAA21_NRT
2.14417,98.95583,2025-06-01,637,N21,n,2.0NRT,3.82,D,0.43,0.38,,,,,,firms,VIIRS,VIIRS_NOAA21_NRT
2.17316,98.98286,2025-06-01,637,N21,n,2.0NRT,6.44,D,0.43,0.38,,,,,,firms,VIIRS,VIIRS_NOAA21_NRT
2.21943,98.80761,2025-06-01,637,N21,n,2.0NRT,24.42,D,0.43,0.38,,,,,,firms,VIIRS,VIIRS_NOAA21_NRT
2.23599,98.89171,2025-06-01,637,N21,n,2.0NRT,4.11,D,0.43,0.38,,,,,,firms,VIIRS,VIIRS_NOAA21_NRT
2.25673,98.10925,2025-06-01,637,N21,n,2.0NRT,13.09,D,0.47,0.39,,,,,,firms,VIIRS,VIIRS_NOAA21_NRT
2.29252,98.09156,2025-06-01,637,N21,n,2.0NRT,3.18,D,0.47,0.39,,,,,,firms,VIIRS,VIIRS_NOAA21_NRT
2.29405,99.26823,2025-06-01,637,N21,n,2.0NRT,3.24,D,0.42,0.37,,,,,,firms,VIIRS,VIIRS_NOAA21_NRT
2.29487,99.54445,2025-06-01,637,N21,n,2.0NRT,6.89,D,0.41,0.37,,,,,,firms,VIIRS,VIIRS_NOAA21_NRT
2.29956,98.53007,2025-06-01,637,N21,n,2.0NRT,2.58,D,0.44,0.39,,,,,,firms,VIIRS,VIIRS_NOAA21_NRT
2.33279,98.67572,2025-06-01,637,N21,n,2.0NRT,8.0,D,0.44,0.38,,,,,,firms,VIIRS,VIIRS_NOAA21_NRT
2.34646,99.31342,2025-06-01,637,N21,n,2.0NRT,9.15,D,0.41,0.37,,,,,,firms,VIIRS,VIIRS_NOAA21_NRT
2.3582,98.0862,2025-06-01,637,N21,n,2.0NRT,12.02,D,0.47,0.39,,,,,,firms,VIIRS,VIIRS_NOAA21_NRT
2.37778,98.08366,2025-06-01,637,N21,n,2.0NRT,6.35,D,0.47,0.39,,,,,,firms,VIIRS,VIIRS_NOAA21_NRT
2.51305,98.5976,2025-06-01,637,N21,n,2.0NRT,5.49,D,0.44,0.38,,,,,,firms,VIIRS,VIIRS_NOAA21_NRT
2.53111,97.84628,2025-06-01,637,N21,n,2.0NRT,5.33,D,0.48,0.4,,,,,,firms,VIIRS,VIIRS_NOAA21_NRT
2.58969,99.3866,2025-06-01,637,N21,n,2.0NRT,10.39,D,0.41,0.37,,,,,,firms,VIIRS,VIIRS_NOAA21_NRT
2.60895,99.39844,2025-06-01,637,N21,n,2.0NRT,12.04,D,0.41,0.37,,,,,,firms,VIIRS,VIIRS_NOAA21_NRT
2.62572,97.82839,2025-06-01,637,N21,n,2.0NRT,6.3,D,0.48,0.4,,,,,,firms,VIIRS,VIIRS_NOAA21_NRT
2.63528,97.86597,2025-06-01,637,N21,n,2.0NRT,8.95,D,0.47,0.4,,,,,,firms,VIIRS,VIIRS_NOAA21_NRT
2.64193,98.07545,2025-06-01,637,N21,n,2.0NRT,24.2,D,0.46,0.39,,,,,,firms,VIIRS,VIIRS_NOAA21_NRT
2.67073,97.82627,2025-06-01,637,N21,n,2.0NRT,5.74,D,0.48,0.4,,,,,,firms,VIIRS,VIIRS_NOAA21_NRT
2.67791,97.77721,2025-06-01,637,N21,n,2.0NRT,8.08,D,0.48,0.4,,,,,,firms,VIIRS,VIIRS_NOAA21_NRT
2.68002,98.76624,2025-06-01,637,N21,n,2.0NRT,4.74,D,0.43,0.38,,,,,,firms,VIIRS,VIIRS_NOAA21_NRT
2.68358,97.78947,2025-06-01,637,N21,n,2.0NRT,10.94,D,0.48,0.4,,,,,,firms,VIIRS,VIIRS_NOAA21_NRT
2.71777,97.79298,2025-06-01,637,N21,n,2.0NRT,3.07,D,0.48,0.4,,,,,,firms,VIIRS,VIIRS_NOAA21_NRT
2.73209,101.55195,2025-06-01,637,N21,l,2.0NRT,3.5,D,0.39,0.36,,,,,,firms,VIIRS,VIIRS_NOAA21_NRT
2.82777,97.68156,2025-06-01,637,N21,n,2.0NRT,5.21,D,0.48,0.4,,,,,,firms,VIIRS,VIIRS_NOAA21_NRT
2.87906,97.91692,2025-06-01,637,N21,n,2.0NRT,3.88,D,0.47,0.4,,,,,,firms,VIIRS,VIIRS_NOAA21_NRT
2.92079,97.98452,2025-06-01,637,N21,n,2.0NRT,2.12,D,0.46,0.39,,,,,,firms,VIIRS,VIIRS_NOAA21_NRT
2.98584,98.7269,2025-06-01,637,N21,n,2.0NRT,11.13,D,0.43,0.38,,,,,,firms,VIIRS,VIIRS_NOAA21_NRT
2.99744,97.95554,2025-06-01,637,N21,n,2.0NRT,9.41,D,0.46,0.39,,,,,,firms,VIIRS,VIIRS_NOAA21_NRT
3.00715,97.55862,2025-06-01,637,N21,n,2.0NRT,4.72,D,0.49,0.4,,,,,,firms,VIIRS,VIIRS_NOAA21_NRT
3.03687,97.39389,2025-06-01,637,N21,n,2.0NRT,4.74,D,0.5,0.41,,,,,,firms,VIIRS,VIIRS_NOAA21_NRT
3.09692,97.41299,2025-06-01,637,N21,n,2.0NRT,5.91,D,0.49,0.41,,,,,,firms,VIIRS,VIIRS_NOAA21_NRT
3.12091,97.94415,2025-06-01,637,N21,n,2.0NRT,3.84,D,0.46,0.39,,,,,,firms,VIIRS,VIIRS_NOAA21_NRT
3.17331,98.7623,2025-06-01,637,N21,n,2.0NRT,7.2,D,0.43,0.38,,,,,,firms,VIIRS,VIIRS_NOAA21_NRT
3.41188,101.53042,2025-06-01,637,N21,n,2.0NRT,1.51,D,0.39,0.36,,,,,,firms,VIIRS,VIIRS_NOAA21_NRT
3.49801,101.1108,2025-06-01,637,N21,n,2.0NRT,2.81,D,0.38,0.36,,,,,,firms,VIIRS,VIIRS_NOAA21_NRT
3.51609,101.11861,2025-06-01,637,N21,n,2.0NRT,2.76,D,0.38,0.36,,,,,,firms,VIIRS,VIIRS_NOAA21_NRT
3.51713,101.12548,2025-06-01,637,N21,n,2.0NRT,2.78,D,0.38,0.36,,,,,,firms,VIIRS,VIIRS_NOAA21_NRT
3.51991,101.12154,2025-06-01,637,N21,n,2.0NRT,5.25,D,0.38,0.36,,,,,,firms,VIIRS,VIIRS_NOAA21_NRT
3.52112,101.10731,2025-06-01,637,N21,l,2.0NRT,1.61,D,0.38,0.36,,,,,,firms,VIIRS,VIIRS_NOAA21_NRT
3.52374,101.12448,2025-06-01,637,N21,n,2.0NRT,3.33,D,0.38,0.36,,,,,,firms,VIIRS,VIIRS_NOAA21_NRT
3.52652,101.12054,2025-06-01,637,N21,l,2.0NRT,1.8,D,0.38,0.36,,,,,,firms,VIIRS,VIIRS_NOAA21_NRT
3.53034,101.12348,2025-06-01,637,N21,n,2.0NRT,4.25,D,0.38,0.36,,,,,,firms,VIIRS,VIIRS_NOAA21_NRT
3.53417,101.12642,2025-06-01,637,N21,n,2.0NRT,3.5,D,0.38,0.36,,,,,,firms,VIIRS,VIIRS_NOAA21_NRT
3.54738,101.12442,2025-06-01,637,N21,n,2.0NRT,6.61,D,0.38,0.36,,,,,,firms,VIIRS,VIIRS_NOAA21_NRT
3.65096,108.18434,2025-06-01,637,N21,n,2.0NRT,6.63,D,0.55,0.51,,,,,,firms,VIIRS,VIIRS_NOAA21_NRT
3.65738,101.0654,2025-06-01,637,N21,n,2.0NRT,3.45,D,0.38,0.36,,,,,,firms,VIIRS,VIIRS_NOAA21_NRT
3.73275,96.54546,2025-06-01,637,N21,n,2.0NRT,2.61,D,0.54,0.42,,,,,,firms,VIIRS,VIIRS_NOAA21_NRT
3.8519,96.637,2025-06-01,637,N21,n,2.0NRT,6.99,D,0.53,0.42,,,,,,firms,VIIRS,VIIRS_NOAA21_NRT
3.8534,96.64653,2025-06-01,637,N21,n,2.0NRT,7.16,D,0.53,0.42,,,,,,firms,VIIRS,VIIRS_NOAA21_NRT
3.85649,96.64118,2025-06-01,637,N21,n,2.0NRT,6.99,D,0.53,0.42,,,,,,firms,VIIRS,VIIRS_NOAA21_NRT
4.00109,98.09741,2025-06-01,637,N21,n,2.0NRT,5.64,D,0.45,0.39,,,,,,firms,VIIRS,VIIRS_NOAA21_NRT
4.37902,100.87068,2025-06-01,637,N21,n,2.0NRT,1.94,D,0.38,0.36,,,,,,firms,VIIRS,VIIRS_NOAA21_NRT
3.92296,96.72148,2025-06-01,640,N21,n,2.0NRT,9.45,D,0.53,0.42,,,,,,firms,VIIRS,VIIRS_NOAA21_NRT
4.01709,96.65483,2025-06-01,640,N21,n,2.0NRT,3.98,D,0.53,0.42,,,,,,firms,VIIRS,VIIRS_NOAA21_NRT
4.04535,97.43797,2025-06-01,640,N21,n,2.0NRT,8.95,D,0.48,0.4,,,,,,firms,VIIRS,VIIRS_NOAA21_NRT
4.19749,96.47453,2025-06-01,640,N21,n,2.0NRT,4.98,D,0.54,0.42,,,,,,firms,VIIRS,VIIRS_NOAA21_NRT
4.36843,97.80306,2025-06-01,640,N21,n,2.0NRT,7.36,D,0.46,0.39,,,,,,firms,VIIRS,VIIRS_NOAA21_NRT
4.41534,97.71268,2025-06-01,640,N21,n,2.0NRT,6.08,D,0.46,0.39,,,,,,firms,VIIRS,VIIRS_NOAA21_NRT
4.42558,95.87454,2025-06-01,640,N21,n,2.0NRT,2.06,D,0.39,0.44,,,,,,firms,VIIRS,VIIRS_NOAA21_NRT
4.56427,97.82793,2025-06-01,640,N21,n,2.0NRT,8.05,D,0.45,0.39,,,,,,firms,VIIRS,VIIRS_NOAA21_NRT
4.85986,100.69981,2025-06-01,640,N21,n,2.0NRT,5.61,D,0.38,0.36,,,,,,firms,VIIRS,VIIRS_NOAA21_NRT
4.90194,101.02098,2025-06-01,640,N21,n,2.0NRT,2.37,D,0.38,0.36,,,,,,firms,VIIRS,VIIRS_NOAA21_NRT
5.09485,100.65903,2025-06-01,640,N21,n,2.0NRT,4.73,D,0.38,0.36,,,,,,firms,VIIRS,VIIRS_NOAA21_NRT
5.13836,96.30425,2025-06-01,640,N21,n,2.0NRT,4.32,D,0.54,0.42,,,,,,firms,VIIRS,VIIRS_NOAA21_NRT
5.18336,96.97763,2025-06-01,640,N21,n,2.0NRT,4.84,D,0.49,0.4,,,,,,firms,VIIRS,VIIRS_NOAA21_NRT
5.50332,100.59483,2025-06-01,640,N21,l,2.0NRT,4.33,D,0.38,0.36,,,,,,firms,VIIRS,VIIRS_NOAA21_NRT
5.65524,95.06551,2025-06-01,640,N21,n,2.0NRT,9.2,D,0.42,0.45,,,,,,firms,VIIRS,VIIRS_NOAA21_NRT
5.95739,101.86843,2025-06-01,640,N21,n,2.0NRT,4.01,D,0.4,0.37,,,,,,firms,VIIRS,VIIRS_NOAA21_NRT
4.97784,112.98228,2025-06-01,1737,N21,n,2.0NRT,6.0,N,0.39,0.44,,,,,,firms,VIIRS,VIIRS_NOAA21_NRT
4.97835,112.97878,2025-06-01,1737,N21,n,2.0NRT,4.99,N,0.39,0.44,,,,,,firms,VIIRS,VIIRS_NOAA21_NRT
5.37328,104.89239,2025-06-01,1737,N21,n,2.0NRT,5.05,N,0.72,0.75,,,,,,firms,VIIRS,VIIRS_NOAA21_NRT
5.64442,104.97855,2025-06-01,1737,N21,n,2.0NRT,3.53,N,0.71,0.75,,,,,,firms,VIIRS,VIIRS_NOAA21_NRT
-1.45851,127.43884,2025-06-01,1739,N21,n,2.0NRT,4.08,N,0.5,0.66,,,,,,firms,VIIRS,VIIRS_NOAA21_NRT
-1.45795,127.43511,2025-06-01,1739,N21,n,2.0NRT,4.08,N,0.5,0.66,,,,,,firms,VIIRS,VIIRS_NOAA21_NRT
-0.84549,117.2663,2025-06-01,1739,N21,n,2.0NRT,0.63,N,0.39,0.36,,,,,,firms,VIIRS,VIIRS_NOAA21_NRT
-0.6439,117.28339,2025-06-01,1739,N21,n,2.0NRT,1.26,N,0.39,0.36,,,,,,firms,VIIRS,VIIRS_NOAA21_NRT
1.28155,103.7101,2025-06-01,1739,N21,n,2.0NRT,4.19,N,0.75,0.77,,,,,,firms,VIIRS,VIIRS_NOAA21_NRT
1.28699,103.71148,2025-06-01,1739,N21,n,2.0NRT,2.88,N,0.75,0.77,,,,,,firms,VIIRS,VIIRS_NOAA21_NRT
1.3757,104.15371,2025-06-01,1739,N21,n,2.0NRT,5.93,N,0.7,0.75,,,,,,firms,VIIRS,VIIRS_NOAA21_NRT
-8.36183,122.2822,2025-06-01,1741,N21,n,2.0NRT,1.39,N,0.55,0.51,,,,,,firms,VIIRS,VIIRS_NOAA21_NRT
-8.11464,112.92433,2025-06-01,1741,N21,n,2.0NRT,2.36,N,0.42,0.38,,,,,,firms,VIIRS,VIIRS_NOAA21_NRT
-8.11126,112.92513,2025-06-01,1741,N21,n,2.0NRT,2.36,N,0.42,0.38,,,,,,firms,VIIRS,VIIRS_NOAA21_NRT
-6.18922,106.48367,2025-06-01,1741,N21,n,2.0NRT,1.39,N,0.36,0.58,,,,,,firms,VIIRS,VIIRS_NOAA21_NRT
5.15225,103.11927,2025-06-01,1915,N21,n,2.0NRT,3.9,N,0.46,0.64,,,,,,firms,VIIRS,VIIRS_NOAA21_NRT
-1.10502,103.045,2025-06-01,1917,N21,n,2.0NRT,1.84,N,0.58,0.7,,,,,,firms,VIIRS,VIIRS_NOAA21_NRT
0.44205,101.89236,2025-06-01,1917,N21,n,2.0NRT,2.97,N,0.46,0.63,,,,,,firms,VIIRS,VIIRS_NOAA21_NRT
0.84465,101.39117,2025-06-01,1917,N21,n,2.0NRT,0.8,N,0.41,0.61,,,,,,firms,VIIRS,VIIRS_NOAA21_NRT
1.07911,99.63436,2025-06-01,1917,N21,n,2.0NRT,1.61,N,0.62,0.54,,,,,,firms,VIIRS,VIIRS_NOAA21_NRT
1.34282,99.54262,2025-06-01,1917,N21,n,2.0NRT,4.39,N,0.6,0.53,,,,,,firms,VIIRS,VIIRS_NOAA21_NRT
1.34369,99.53726,2025-06-01,1917,N21,n,2.0NRT,3.81,N,0.6,0.53,,,,,,firms,VIIRS,VIIRS_NOAA21_NRT
1.34759,99.54383,2025-06-01,1917,N21,n,2.0NRT,4.39,N,0.6,0.53,,,,,,firms,VIIRS,VIIRS_NOAA21_NRT
1.34849,99.53828,2025-06-01,1917,N21,n,2.0NRT,3.81,N,0.6,0.53,,,,,,firms,VIIRS,VIIRS_NOAA21_NRT
1.37875,104.16239,2025-06-01,1917,N21,n,2.0NRT,3.02,N,0.63,0.72,,,,,,firms,VIIRS,VIIRS_NOAA21_NRT
1.50071,99.35699,2025-06-01,1917,N21,n,2.0NRT,1.54,N,0.58,0.52,,,,,,firms,VIIRS,VIIRS_NOAA21_NRT
1.57672,99.31419,2025-06-01,1917,N21,n,2.0NRT,0.72,N,0.58,0.52,,,,,,firms,VIIRS,VIIRS_NOAA21_NRT
-8.27196,123.50401,2025-06-02,436,N21,h,2.0NRT,19.8,D,0.45,0.63,,,,,,firms,VIIRS,VIIRS_NOAA21_NRT
-8.27069,123.50356,2025-06-02,436,N21,n,2.0NRT,8.64,D,0.45,0.63,,,,,,firms,VIIRS,VIIRS_NOAA21_NRT
0.48093,128.00243,2025-06-02,438,N21,n,2.0NRT,8.92,D,0.5,0.41,,,,,,firms,VIIRS,VIIRS_NOAA21_NRT
0.48193,127.99874,2025-06-02,438,N21,n,2.0NRT,4.38,D,0.5,0.41,,,,,,firms,VIIRS,VIIRS_NOAA21_NRT
0.48265,128.00327,2025-06-02,438,N21,n,2.0NRT,7.29,D,0.5,0.41,,,,,,firms,VIIRS,VIIRS_NOAA21_NRT
0.48426,127.9892,2025-06-02,438,N21,n,2.0NRT,6.93,D,0.5,0.41,,,,,,firms,VIIRS,VIIRS_NOAA21_NRT
0.48497,127.99373,2025-06-02,438,N21,n,2.0NRT,4.38,D,0.5,0.41,,,,,,firms,VIIRS,VIIRS_NOAA21_NRT
0.49109,127.98389,2025-06-02,438,N21,n,2.0NRT,14.95,D,0.5,0.41,,,,,,firms,VIIRS,VIIRS_NOAA21_NRT
-9.39915,119.71066,2025-06-02,616,N21,n,2.0NRT,14.83,D,0.49,0.65,,,,,,firms,VIIRS,VIIRS_NOAA21_NRT
-9.39574,119.7123,2025-06-02,616,N21,n,2.0NRT,15.69,D,0.49,0.65,,,,,,firms,VIIRS,VIIRS_NOAA21_NRT
-8.30589,112.69412,2025-06-02,616,N21,n,2.0NRT,3.91,D,0.53,0.42,,,,,,firms,VIIRS,VIIRS_NOAA21_NRT
-8.1143,112.92417,2025-06-02,616,N21,n,2.0NRT,3.75,D,0.55,0.43,,,,,,firms,VIIRS,VIIRS_NOAA21_NRT
-8.11096,112.92576,2025-06-02,616,N21,n,2.0NRT,8.23,D,0.55,0.43,,,,,,firms,VIIRS,VIIRS_NOAA21_NRT
-7.56405,112.45652,2025-06-02,616,N21,n,2.0NRT,4.49,D,0.52,0.42,,,,,,firms,VIIRS,VIIRS_NOAA21_NRT
-7.31781,111.36635,2025-06-02,616,N21,n,2.0NRT,1.93,D,0.46,0.39,,,,,,firms,VIIRS,VIIRS_NOAA21_NRT
-7.3142,111.36578,2025-06-02,616,N21,n,2.0NRT,2.78,D,0.46,0.39,,,,,,firms,VIIRS,VIIRS_NOAA21_NRT
-4.76398,105.28106,2025-06-02,618,N21,n,2.0NRT,4.99,D,0.43,0.38,,,,,,firms,VIIRS,VIIRS_NOAA21_NRT
-3.36412,103.97025,2025-06-02,618,N21,n,2.0NRT,7.01,D,0.47,0.4,,,,,,firms,VIIRS,VIIRS_NOAA21_NRT
-3.36349,103.97447,2025-06-02,618,N21,n,2.0NRT,7.01,D,0.47,0.4,,,,,,firms,VIIRS,VIIRS_NOAA21_NRT
-2.65953,101.44845,2025-06-02,618,N21,n,2.0NRT,15.06,D,0.44,0.46,,,,,,firms,VIIRS,VIIRS_NOAA21_NRT
-2.49214,101.21053,2025-06-02,618,N21,n,2.0NRT,6.51,D,0.45,0.47,,,,,,firms,VIIRS,VIIRS_NOAA21_NRT
-2.48297,101.38461,2025-06-02,618,N21,n,2.0NRT,7.17,D,0.44,0.46,,,,,,firms,VIIRS,VIIRS_NOAA21_NRT
-2.32631,100.90707,2025-06-02,618,N21,n,2.0NRT,3.28,D,0.47,0.48,,,,,,firms,VIIRS,VIIRS_NOAA21_NRT
-2.2899,101.23141,2025-06-02,618,N21,n,2.0NRT,68.48,D,0.44,0.46,,,,,,firms,VIIRS,VIIRS_NOAA21_NRT
-2.2882,101.21411,2025-06-02,618,N21,n,2.0NRT,7.39,D,0.45,0.47,,,,,,firms,VIIRS,VIIRS_NOAA21_NRT
-2.28499,101.23507,2025-06-02,618,N21,n,2.0NRT,68.48,D,0.44,0.46,,,,,,firms,VIIRS,VIIRS_NOAA21_NRT
-2.28268,101.22173,2025-06-02,618,N21,n,2.0NRT,5.06,D,0.44,0.46,,,,,,firms,VIIRS,VIIRS_NOAA21_NRT
-2.20938,100.99261,2025-06-02,618,N21,n,2.0NRT,16.94,D,0.46,0.47,,,,,,firms,VIIRS,VIIRS_NOAA21_NRT
-2.20876,100.9967,2025-06-02,618,N21,n,2.0NRT,22.35,D,0.46,0.47,,,,,,firms,VIIRS,VIIRS_NOAA21_NRT
-2.20506,100.99198,2025-06-02,618,N21,n,2.0NRT,16.94,D,0.46,0.47,,,,,,firms,VIIRS,VIIRS_NOAA21_NRT
-2.15506,101.14785,2025-06-02,618,N21,n,2.0NRT,5.31,D,0.45,0.47,,,,,,firms,VIIRS,VIIRS_NOAA21_NRT
-1.96643,101.02235,2025-06-02,618,N21,n,2.0NRT,3.97,D,0.45,0.47,,,,,,firms,VIIRS,VIIRS_NOAA21_NRT
-1.93942,100.96818,2025-06-02,618,N21,n,2.0NRT,7.77,D,0.46,0.47,,,,,,firms,VIIRS,VIIRS_NOAA21_NRT
-1.85507,105.39622,2025-06-02,618,N21,n,2.0NRT,3.4,D,0.4,0.37,,,,,,firms,VIIRS,VIIRS_NOAA21_NRT
-1.72133,100.89208,2025-06-02,618,N21,n,2.0NRT,22.81,D,0.46,0.47,,,,,,firms,VIIRS,VIIRS_NOAA21_NRT
-1.60975,102.98906,2025-06-02,618,N21,n,2.0NRT,2.84,D,0.51,0.41,,,,,,firms,VIIRS,VIIRS_NOAA21_NRT
-1.6095,102.9864,2025-06-02,618,N21,n,2.0NRT,5.62,D,0.51,0.41,,,,,,firms,VIIRS,VIIRS_NOAA21_NRT
-1.52048,100.66924,2025-06-02,618,N21,n,2.0NRT,1.93,D,0.47,0.48,,,,,,firms,VIIRS,VIIRS_NOAA21_NRT
-1.45772,101.62937,2025-06-02,618,N21,n,2.0NRT,18.87,D,0.41,0.45,,,,,,firms,VIIRS,VIIRS_NOAA21_NRT
-0.8729,101.03862,2025-06-02,618,N21,n,2.0NRT,8.07,D,0.44,0.46,,,,,,firms,VIIRS,VIIRS_NOAA21_NRT
-0.8723,101.04255,2025-06-02,618,N21,n,2.0NRT,8.07,D,0.44,0.46,,,,,,firms,VIIRS,VIIRS_NOAA21_NRT
-0.82686,100.77675,2025-06-02,618,N21,n,2.0NRT,8.12,D,0.45,0.47,,,,,,firms,VIIRS,VIIRS_NOAA21_NRT
-0.55559,100.57375,2025-06-02,618,N21,n,2.0NRT,2.93,D,0.46,0.47,,,,,,firms,VIIRS,VIIRS_NOAA21_NRT
-0.56688,98.41235,2025-06-02,620,N21,n,2.0NRT,2.48,D,0.33,0.55,,,,,,firms,VIIRS,VIIRS_NOAA21_NRT
-0.20884,99.82079,2025-06-02,620,N21,n,2.0NRT,9.5,D,0.51,0.5,,,,,,firms,VIIRS,VIIRS_NOAA21_NRT
0.05852,99.6998,2025-06-02,620,N21,n,2.0NRT,5.84,D,0.52,0.5,,,,,,firms,VIIRS,VIIRS_NOAA21_NRT
0.08437,100.7012,2025-06-02,620,N21,n,2.0NRT,2.88,D,0.44,0.46,,,,,,firms,VIIRS,VIIRS_NOAA21_NRT
0.29128,99.22601,2025-06-02,620,N21,n,2.0NRT,11.59,D,0.56,0.51,,,,,,firms,VIIRS,VIIRS_NOAA21_NRT
0.29899,99.24506,2025-06-02,620,N21,n,2.0NRT,2.75,D,0.55,0.51,,,,,,firms,VIIRS,VIIRS_NOAA21_NRT
0.32145,99.24873,2025-06-02,620,N21,n,2.0NRT,5.09,D,0.55,0.51,,,,,,firms,VIIRS,VIIRS_NOAA21_NRT
0.32328,99.24717,2025-06-02,620,N21,n,2.0NRT,6.56,D,0.55,0.51,,,,,,firms,VIIRS,VIIRS_NOAA21_NRT
0.32389,99.26399,2025-06-02,620,N21,n,2.0NRT,18.95,D,0.55,0.51,,,,,,firms,VIIRS,VIIRS_NOAA21_NRT
0.32559,99.26245,2025-06-02,620,N21,n,2.0NRT,17.82,D,0.55,0.51,,,,,,firms,VIIRS,VIIRS_NOAA21_NRT
0.37837,100.49979,2025-06-02,620,N21,n,2.0NRT,8.68,D,0.45,0.47,,,,,,firms,VIIRS,VIIRS_NOAA21_NRT
0.48668,100.20249,2025-06-02,620,N21,n,2.0NRT,4.18,D,0.47,0.48,,,,,,firms,VIIRS,VIIRS_NOAA21_NRT
0.53912,100.07745,2025-06-02,620,N21,n,2.0NRT,5.02,D,0.48,0.48,,,,,,firms,VIIRS,VIIRS_NOAA21_NRT
0.61136,100.22227,2025-06-02,620,N21,n,2.0NRT,17.81,D,0.47,0.48,,,,,,firms,VIIRS,VIIRS_NOAA21_NRT
0.74129,99.16936,2025-06-02,620,N21,n,2.0NRT,7.04,D,0.55,0.51,,,,,,firms,VIIRS,VIIRS_NOAA21_NRT
0.74294,99.16758,2025-06-02,620,N21,n,2.0NRT,5.47,D,0.55,0.51,,,,,,firms,VIIRS,VIIRS_NOAA21_NRT
0.76477,97.77805,2025-06-02,620,N21,n,2.0NRT,4.71,D,0.34,0.56,,,,,,firms,VIIRS,VIIRS_NOAA21_NRT
0.81548,97.76548,2025-06-02,620,N21,h,2.0NRT,7.66,D,0.34,0.56,,,,,,firms,VIIRS,VIIRS_NOAA21_NRT
0.85702,97.78024,2025-06-02,620,N21,n,2.0NRT,6.37,D,0.34,0.56,,,,,,firms,VIIRS,VIIRS_NOAA21_NRT
0.87376,97.78627,2025-06-02,620,N21,n,2.0NRT,4.79,D,0.34,0.56,,,,,,firms,VIIRS,VIIRS_NOAA21_NRT
0.96191,99.84286,2025-06-02,620,N21,n,2.0NRT,10.81,D,0.49,0.49,,,,,,firms,VIIRS,VIIRS_NOAA21_NRT
1.02094,99.14733,2025-06-02,620,N21,n,2.0NRT,12.21,D,0.55,0.51,,,,,,firms,VIIRS,VIIRS_NOAA21_NRT
1.0443,104.56017,2025-06-02,620,N21,n,2.0NRT,6.36,D,0.41,0.37,,,,,,firms,VIIRS,VIIRS_NOAA21_NRT
1.06176,98.99534,2025-06-02,620,N21,n,2.0NRT,21.34,D,0.56,0.52,,,,,,firms,VIIRS,VIIRS_NOAA21_NRT
1.06445,99.22073,2025-06-02,620,N21,n,2.0NRT,16.42,D,0.54,0.51,,,,,,firms,VIIRS,VIIRS_NOAA21_NRT
1.0662,99.22453,2025-06-02,620,N21,n,2.0NRT,16.2,D,0.54,0.51,,,,,,firms,VIIRS,VIIRS_NOAA21_NRT
1.06845,99.30383,2025-06-02,620,N21,n,2.0NRT,5.29,D,0.53,0.5,,,,,,firms,VIIRS,VIIRS_NOAA21_NRT
1.06953,99.30764,2025-06-02,620,N21,n,2.0NRT,4.93,D,0.53,0.5,,,,,,firms,VIIRS,VIIRS_NOAA21_NRT
1.17895,98.99127,2025-06-02,620,N21,n,2.0NRT,6.51,D,0.56,0.51,,,,,,firms,VIIRS,VIIRS_NOAA21_NRT
1.26346,109.85722,2025-06-02,620,N21,n,2.0NRT,6.16,D,0.49,0.4,,,,,,firms,VIIRS,VIIRS_NOAA21_NRT
1.29454,99.30424,2025-06-02,620,N21,n,2.0NRT,5.83,D,0.53,0.5,,,,,,firms,VIIRS,VIIRS_NOAA21_NRT
1.29461,99.3054,2025-06-02,620,N21,n,2.0NRT,6.99,D,0.53,0.5,,,,,,firms,VIIRS,VIIRS_NOAA21_NRT
1.31477,99.37491,2025-06-02,620,N21,n,2.0NRT,6.78,D,0.52,0.5,,,,,,firms,VIIRS,VIIRS_NOAA21_NRT
1.31543,99.37605,2025-06-02,620,N21,n,2.0NRT,7.01,D,0.52,0.5,,,,,,firms,VIIRS,VIIRS_NOAA21_NRT
1.34224,99.54255,2025-06-02,620,N21,n,2.0NRT,20.52,D,0.51,0.49,,,,,,firms,VIIRS,VIIRS_NOAA21_NRT
1.3467,99.54153,2025-06-02,620,N21,n,2.0NRT,20.52,D,0.51,0.49,,,,,,firms,VIIRS,VIIRS_NOAA21_NRT
1.36229,99.55233,2025-06-02,620,N21,n,2.0NRT,4.12,D,0.51,0.49,,,,,,firms,VIIRS,VIIRS_NOAA21_NRT
1.37539,99.69167,2025-06-02,620,N21,n,2.0NRT,16.73,D,0.5,0.49,,,,,,firms,VIIRS,VIIRS_NOAA21_NRT
1.37934,104.16161,2025-06-02,620,N21,n,2.0NRT,4.35,D,0.42,0.38,,,,,,firms,VIIRS,VIIRS_NOAA21_NRT
1.44591,99.48456,2025-06-02,620,N21,n,2.0NRT,18.49,D,0.51,0.49,,,,,,firms,VIIRS,VIIRS_NOAA21_NRT
1.46846,99.82035,2025-06-02,620,N21,n,2.0NRT,6.01,D,0.49,0.48,,,,,,firms,VIIRS,VIIRS_NOAA21_NRT
1.58518,100.76599,2025-06-02,620,N21,n,2.0NRT,4.2,D,0.42,0.45,,,,,,firms,VIIRS,VIIRS_NOAA21_NRT
1.59458,109.74993,2025-06-02,620,N21,n,2.0NRT,11.86,D,0.49,0.4,,,,,,firms,VIIRS,VIIRS_NOAA21_NRT
1.59528,109.74871,2025-06-02,620,N21,n,2.0NRT,10.64,D,0.49,0.4,,,,,,firms,VIIRS,VIIRS_NOAA21_NRT
1.6038,99.00354,2025-06-02,620,N21,n,2.0NRT,21.22,D,0.55,0.51,,,,,,firms,VIIRS,VIIRS_NOAA21_NRT
1.69888,99.82343,2025-06-02,620,N21,n,2.0NRT,4.79,D,0.48,0.48,,,,,,firms,VIIRS,VIIRS_NOAA21_NRT
1.69905,99.82367,2025-06-02,620,N21,n,2.0NRT,4.7,D,0.48,0.48,,,,,,firms,VIIRS,VIIRS_NOAA21_NRT
1.72964,99.28822,2025-06-02,620,N21,n,2.0NRT,4.74,D,0.52,0.5,,,,,,firms,VIIRS,VIIRS_NOAA21_NRT
1.7447,99.20744,2025-06-02,620,N21,n,2.0NRT,11.36,D,0.53,0.5,,,,,,firms,VIIRS,VIIRS_NOAA21_NRT
1.75061,98.69876,2025-06-02,620,N21,n,2.0NRT,10.01,D,0.57,0.52,,,,,,firms,VIIRS,VIIRS_NOAA21_NRT
1.86353,98.8547,2025-06-02,620,N21,n,2.0NRT,6.01,D,0.56,0.51,,,,,,firms,VIIRS,VIIRS_NOAA21_NRT
1.86382,99.33282,2025-06-02,620,N21,n,2.0NRT,4.78,D,0.52,0.5,,,,,,firms,VIIRS,VIIRS_NOAA21_NRT
1.876,103.21523,2025-06-02,620,N21,n,2.0NRT,4.01,D,0.45,0.39,,,,,,firms,VIIRS,VIIRS_NOAA21_NRT
1.93767,98.57365,2025-06-02,620,N21,n,2.0NRT,5.56,D,0.58,0.52,,,,,,firms,VIIRS,VIIRS_NOAA21_NRT
2.00508,99.67851,2025-06-02,620,N21,n,2.0NRT,15.81,D,0.49,0.48,,,,,,firms,VIIRS,VIIRS_NOAA21_NRT
2.00556,99.67813,2025-06-02,620,N21,n,2.0NRT,17.65,D,0.49,0.48,,,,,,firms,VIIRS,VIIRS_NOAA21_NRT
2.20705,98.74894,2025-06-02,620,N21,n,2.0NRT,27.32,D,0.56,0.52,,,,,,firms,VIIRS,VIIRS_NOAA21_NRT
2.2167,101.04563,2025-06-02,620,N21,n,2.0NRT,4.54,D,0.39,0.44,,,,,,firms,VIIRS,VIIRS_NOAA21_NRT
2.21841,101.04774,2025-06-02,620,N21,n,2.0NRT,4.21,D,0.39,0.44,,,,,,firms,VIIRS,VIIRS_NOAA21_NRT
2.27564,97.81315,2025-06-02,620,N21,n,2.0NRT,4.79,D,0.32,0.55,,,,,,firms,VIIRS,VIIRS_NOAA21_NRT
2.28674,99.51649,2025-06-02,620,N21,n,2.0NRT,39.7,D,0.49,0.49,,,,,,firms,VIIRS,VIIRS_NOAA21_NRT
2.32045,99.18964,2025-06-02,620,N21,n,2.0NRT,23.76,D,0.52,0.5,,,,,,firms,VIIRS,VIIRS_NOAA21_NRT
2.33694,98.67512,2025-06-02,620,N21,n,2.0NRT,6.55,D,0.56,0.52,,,,,,firms,VIIRS,VIIRS_NOAA21_NRT
2.33865,99.53386,2025-06-02,620,N21,n,2.0NRT,7.32,D,0.49,0.49,,,,,,firms,VIIRS,VIIRS_NOAA21_NRT
2.35671,98.79853,2025-06-02,620,N21,n,2.0NRT,6.32,D,0.55,0.51,,,,,,firms,VIIRS,VIIRS_NOAA21_NRT
2.41058,98.13196,2025-06-02,620,N21,n,2.0NRT,8.06,D,0.61,0.54,,,,,,firms,VIIRS,VIIRS_NOAA21_NRT
2.46199,99.31284,2025-06-02,620,N21,n,2.0NRT,4.81,D,0.51,0.49,,,,,,firms,VIIRS,VIIRS_NOAA21_NRT
2.46561,98.10018,2025-06-02,620,N21,n,2.0NRT,6.95,D,0.61,0.54,,,,,,firms,VIIRS,VIIRS_NOAA21_NRT
2.53159,97.83896,2025-06-02,620,N21,n,2.0NRT,4.16,D,0.32,0.55,,,,,,firms,VIIRS,VIIRS_NOAA21_NRT
2.53205,97.84177,2025-06-02,620,N21,n,2.0NRT,4.16,D,0.32,0.55,,,,,,firms,VIIRS,VIIRS_NOAA21_NRT
2.59024,100.20932,2025-06-02,620,N21,n,2.0NRT,9.46,D,0.44,0.46,,,,,,firms,VIIRS,VIIRS_NOAA21_NRT
2.65073,97.81389,2025-06-02,620,N21,n,2.0NRT,15.62,D,0.32,0.55,,,,,,firms,VIIRS,VIIRS_NOAA21_NRT
2.65119,97.81673,2025-06-02,620,N21,h,2.0NRT,15.62,D,0.32,0.55,,,,,,firms,VIIRS,VIIRS_NOAA21_NRT
2.65165,97.81957,2025-06-02,620,N21,n,2.0NRT,12.53,D,0.32,0.55,,,,,,firms,VIIRS,VIIRS_NOAA21_NRT
2.65617,97.81596,2025-06-02,620,N21,n,2.0NRT,4.81,D,0.32,0.55,,,,,,firms,VIIRS,VIIRS_NOAA21_NRT
2.65663,97.81881,2025-06-02,620,N21,n,2.0NRT,6.71,D,0.32,0.55,,,,,,firms,VIIRS,VIIRS_NOAA21_NRT
2.6707,97.77519,2025-06-02,620,N21,n,2.0NRT,2.67,D,0.32,0.55,,,,,,firms,VIIRS,VIIRS_NOAA21_NRT
2.68257,97.78504,2025-06-02,620,N21,n,2.0NRT,2.45,D,0.32,0.55,,,,,,firms,VIIRS,VIIRS_NOAA21_NRT
2.68756,97.78424,2025-06-02,620,N21,n,2.0NRT,4.41,D,0.32,0.55,,,,,,firms,VIIRS,VIIRS_NOAA21_NRT
2.68972,97.76637,2025-06-02,620,N21,h,2.0NRT,7.3,D,0.32,0.55,,,,,,firms,VIIRS,VIIRS_NOAA21_NRT
2.69113,97.77493,2025-06-02,620,N21,n,2.0NRT,2.35,D,0.32,0.55,,,,,,firms,VIIRS,VIIRS_NOAA21_NRT
2.69301,97.78632,2025-06-02,620,N21,n,2.0NRT,6.36,D,0.32,0.55,,,,,,firms,VIIRS,VIIRS_NOAA21_NRT
2.698,97.78556,2025-06-02,620,N21,n,2.0NRT,4.17,D,0.32,0.55,,,,,,firms,VIIRS,VIIRS_NOAA21_NRT
2.70158,97.77625,2025-06-02,620,N21,h,2.0NRT,12.37,D,0.32,0.55,,,,,,firms,VIIRS,VIIRS_NOAA21_NRT
2.70704,97.77834,2025-06-02,620,N21,n,2.0NRT,5.46,D,0.32,0.55,,,,,,firms,VIIRS,VIIRS_NOAA21_NRT
2.71203,97.7776,2025-06-02,620,N21,n,2.0NRT,5.46,D,0.32,0.55,,,,,,firms,VIIRS,VIIRS_NOAA21_NRT
2.7125,97.78043,2025-06-02,620,N21,n,2.0NRT,5.46,D,0.32,0.55,,,,,,firms,VIIRS,VIIRS_NOAA21_NRT
2.74315,101.56881,2025-06-02,620,N21,l,2.0NRT,5.12,D,0.54,0.42,,,,,,firms,VIIRS,VIIRS_NOAA21_NRT
2.75456,97.69189,2025-06-02,620,N21,n,2.0NRT,4.99,D,0.32,0.55,,,,,,firms,VIIRS,VIIRS_NOAA21_NRT
2.75524,101.55903,2025-06-02,620,N21,n,2.0NRT,8.18,D,0.54,0.42,,,,,,firms,VIIRS,VIIRS_NOAA21_NRT
2.80948,97.92924,2025-06-02,620,N21,n,2.0NRT,6.98,D,0.62,0.54,,,,,,firms,VIIRS,VIIRS_NOAA21_NRT
2.81298,97.93117,2025-06-02,620,N21,n,2.0NRT,5.5,D,0.62,0.54,,,,,,firms,VIIRS,VIIRS_NOAA21_NRT
2.83624,97.6888,2025-06-02,620,N21,h,2.0NRT,15.0,D,0.32,0.55,,,,,,firms,VIIRS,VIIRS_NOAA21_NRT
2.83985,97.67936,2025-06-02,620,N21,n,2.0NRT,10.47,D,0.32,0.55,,,,,,firms,VIIRS,VIIRS_NOAA21_NRT
2.84078,97.68513,2025-06-02,620,N21,n,2.0NRT,24.09,D,0.32,0.55,,,,,,firms,VIIRS,VIIRS_NOAA21_NRT
2.84125,97.68801,2025-06-02,620,N21,h,2.0NRT,24.09,D,0.32,0.55,,,,,,firms,VIIRS,VIIRS_NOAA21_NRT
2.86119,98.7789,2025-06-02,620,N21,n,2.0NRT,4.89,D,0.54,0.51,,,,,,firms,VIIRS,VIIRS_NOAA21_NRT
2.87674,97.84494,2025-06-02,620,N21,n,2.0NRT,10.84,D,0.63,0.54,,,,,,firms,VIIRS,VIIRS_NOAA21_NRT
2.9528,98.16994,2025-06-02,620,N21,n,2.0NRT,7.74,D,0.6,0.53,,,,,,firms,VIIRS,VIIRS_NOAA21_NRT
2.95394,98.17159,2025-06-02,620,N21,n,2.0NRT,5.68,D,0.6,0.53,,,,,,firms,VIIRS,VIIRS_NOAA21_NRT
2.99193,97.95195,2025-06-02,620,N21,n,2.0NRT,19.51,D,0.62,0.54,,,,,,firms,VIIRS,VIIRS_NOAA21_NRT
2.99399,98.63638,2025-06-02,620,N21,n,2.0NRT,3.99,D,0.55,0.51,,,,,,firms,VIIRS,VIIRS_NOAA21_NRT
3.03933,98.63239,2025-06-02,620,N21,n,2.0NRT,5.57,D,0.55,0.51,,,,,,firms,VIIRS,VIIRS_NOAA21_NRT
3.0413,97.3972,2025-06-02,620,N21,n,2.0NRT,3.63,D,0.34,0.56,,,,,,firms,VIIRS,VIIRS_NOAA21_NRT
3.61133,103.37353,2025-06-02,620,N21,n,2.0NRT,3.57,D,0.43,0.38,,,,,,firms,VIIRS,VIIRS_NOAA21_NRT
4.00649,103.34464,2025-06-02,620,N21,n,2.0NRT,6.4,D,0.43,0.38,,,,,,firms,VIIRS,VIIRS_NOAA21_NRT
4.17203,97.14667,2025-06-02,620,N21,n,2.0NRT,3.07,D,0.34,0.56,,,,,,firms,VIIRS,VIIRS_NOAA21_NRT
4.45712,95.88784,2025-06-02,620,N21,n,2.0NRT,3.28,D,0.41,0.6,,,,,,firms,VIIRS,VIIRS_NOAA21_NRT
4.51007,105.25077,2025-06-02,620,N21,n,2.0NRT,12.39,D,0.38,0.36,,,,,,firms,VIIRS,VIIRS_NOAA21_NRT
4.54647,96.13718,2025-06-02,620,N21,n,2.0NRT,3.19,D,0.39,0.59,,,,,,firms,VIIRS,VIIRS_NOAA21_NRT
4.54942,96.13617,2025-06-02,620,N21,n,2.0NRT,3.32,D,0.39,0.59,,,,,,firms,VIIRS,VIIRS_NOAA21_NRT
4.55458,103.45789,2025-06-02,620,N21,n,2.0NRT,2.61,D,0.42,0.38,,,,,,firms,VIIRS,VIIRS_NOAA21_NRT
4.55774,103.4571,2025-06-02,620,N21,n,2.0NRT,3.97,D,0.42,0.38,,,,,,firms,VIIRS,VIIRS_NOAA21_NRT
4.56712,95.73302,2025-06-02,620,N21,n,2.0NRT,6.08,D,0.42,0.61,,,,,,firms,VIIRS,VIIRS_NOAA21_NRT
4.56774,95.73672,2025-06-02,620,N21,n,2.0NRT,7.95,D,0.41,0.61,,,,,,firms,VIIRS,VIIRS_NOAA21_NRT
4.57372,103.44698,2025-06-02,620,N21,n,2.0NRT,2.99,D,0.42,0.38,,,,,,firms,VIIRS,VIIRS_NOAA21_NRT
4.65804,103.38008,2025-06-02,620,N21,n,2.0NRT,8.24,D,0.42,0.38,,,,,,firms,VIIRS,VIIRS_NOAA21_NRT
4.67443,114.47209,2025-06-02,620,N21,n,2.0NRT,2.7,D,0.36,0.58,,,,,,firms,VIIRS,VIIRS_NOAA21_NRT
4.67523,114.47324,2025-06-02,620,N21,n,2.0NRT,2.36,D,0.36,0.58,,,,,,firms,VIIRS,VIIRS_NOAA21_NRT
4.67965,95.66569,2025-06-02,620,N21,n,2.0NRT,5.42,D,0.42,0.61,,,,,,firms,VIIRS,VIIRS_NOAA21_NRT
4.79933,97.59732,2025-06-02,620,N21,n,2.0NRT,2.44,D,0.61,0.53,,,,,,firms,VIIRS,VIIRS_NOAA21_NRT
4.87701,96.67119,2025-06-02,620,N21,n,2.0NRT,3.2,D,0.35,0.57,,,,,,firms,VIIRS,VIIRS_NOAA21_NRT
4.91643,97.23243,2025-06-02,620,N21,n,2.0NRT,4.41,D,0.32,0.55,,,,,,firms,VIIRS,VIIRS_NOAA21_NRT
4.97962,112.98124,2025-06-02,620,N21,n,2.0NRT,5.33,D,0.58,0.52,,,,,,firms,VIIRS,VIIRS_NOAA21_NRT
4.98037,112.98643,2025-06-02,620,N21,n,2.0NRT,5.33,D,0.58,0.52,,,,,,firms,VIIRS,VIIRS_NOAA21_NRT
5.10595,100.48772,2025-06-02,620,N21,l,2.0NRT,3.78,D,0.39,0.44,,,,,,firms,VIIRS,VIIRS_NOAA21_NRT
5.218,100.43353,2025-06-02,620,N21,n,2.0NRT,3.57,D,0.39,0.44,,,,,,firms,VIIRS,VIIRS_NOAA21_NRT
5.28329,100.51724,2025-06-02,620,N21,l,2.0NRT,4.79,D,0.38,0.43,,,,,,firms,VIIRS,VIIRS_NOAA21_NRT
5.36179,95.5394,2025-06-02,620,N21,n,2.0NRT,1.96,D,0.42,0.61,,,,,,firms,VIIRS,VIIRS_NOAA21_NRT
5.41264,95.41124,2025-06-02,620,N21,n,2.0NRT,4.43,D,0.42,0.61,,,,,,firms,VIIRS,VIIRS_NOAA21_NRT
5.61818,114.89113,2025-06-02,1715,N21,n,2.0NRT,8.96,N,0.62,0.54,,,,,,firms,VIIRS,VIIRS_NOAA21_NRT
-8.11822,114.05744,2025-06-02,1720,N21,n,2.0NRT,3.33,N,0.44,0.46,,,,,,firms,VIIRS,VIIRS_NOAA21_NRT
-8.11455,112.92387,2025-06-02,1720,N21,n,2.0NRT,1.84,N,0.52,0.5,,,,,,firms,VIIRS,VIIRS_NOAA21_NRT
-8.11376,112.9193,2025-06-02,1720,N21,n,2.0NRT,2.99,N,0.52,0.5,,,,,,firms,VIIRS,VIIRS_NOAA21_NRT
-6.55023,108.09302,2025-06-02,1720,N21,n,2.0NRT,2.18,N,0.59,0.7,,,,,,firms,VIIRS,VIIRS_NOAA21_NRT
-6.54828,108.09236,2025-06-02,1720,N21,n,2.0NRT,2.61,N,0.59,0.7,,,,,,firms,VIIRS,VIIRS_NOAA21_NRT
-8.97721,117.18887,2025-06-02,1722,N21,n,2.0NRT,0.81,N,0.43,0.38,,,,,,firms,VIIRS,VIIRS_NOAA21_NRT
-7.69628,108.99608,2025-06-02,1722,N21,n,2.0NRT,4.56,N,0.49,0.65,,,,,,firms,VIIRS,VIIRS_NOAA21_NRT
-7.6955,108.99171,2025-06-02,1722,N21,n,2.0NRT,2.1,N,0.49,0.65,,,,,,firms,VIIRS,VIIRS_NOAA21_NRT
-7.69397,108.99577,2025-06-02,1722,N21,n,2.0NRT,4.04,N,0.49,0.65,,,,,,firms,VIIRS,VIIRS_NOAA21_NRT
2.21012,102.34187,2025-06-02,1858,N21,n,2.0NRT,2.3,N,0.43,0.46,,,,,,firms,VIIRS,VIIRS_NOAA21_NRT
2.50971,97.99332,2025-06-02,1858,N21,n,2.0NRT,1.37,N,0.4,0.37,,,,,,firms,VIIRS,VIIRS_NOAA21_NRT
2.65268,97.79683,2025-06-02,1858,N21,n,2.0NRT,1.16,N,0.39,0.36,,,,,,firms,VIIRS,VIIRS_NOAA21_NRT
2.75022,98.56602,2025-06-02,1858,N21,n,2.0NRT,1.59,N,0.41,0.37,,,,,,firms,VIIRS,VIIRS_NOAA21_NRT
2.75108,97.69086,2025-06-02,1858,N21,n,2.0NRT,1.71,N,0.39,0.36,,,,,,firms,VIIRS,VIIRS_NOAA21_NRT
2.87194,98.69218,2025-06-02,1858,N21,n,2.0NRT,2.38,N,0.41,0.37,,,,,,firms,VIIRS,VIIRS_NOAA21_NRT
2.87247,98.68881,2025-06-02,1858,N21,n,2.0NRT,6.27,N,0.41,0.37,,,,,,firms,VIIRS,VIIRS_NOAA21_NRT
2.99184,97.95685,2025-06-02,1858,N21,n,2.0NRT,6.92,N,0.39,0.36,,,,,,firms,VIIRS,VIIRS_NOAA21_NRT
2.99239,97.95333,2025-06-02,1858,N21,n,2.0NRT,6.92,N,0.39,0.36,,,,,,firms,VIIRS,VIIRS_NOAA21_NRT
2.99573,97.95378,2025-06-02,1858,N21,n,2.0NRT,0.65,N,0.39,0.36,,,,,,firms,VIIRS,VIIRS_NOAA21_NRT
3.89467,96.45202,2025-06-02,1858,N21,n,2.0NRT,0.79,N,0.39,0.36,,,,,,firms,VIIRS,VIIRS_NOAA21_NRT
3.9838,103.36918,2025-06-02,1858,N21,n,2.0NRT,1.67,N,0.47,0.48,,,,,,firms,VIIRS,VIIRS_NOAA21_NRT
4.13597,96.19084,2025-06-02,1858,N21,n,2.0NRT,0.71,N,0.39,0.36,,,,,,firms,VIIRS,VIIRS_NOAA21_NRT
4.45161,95.93336,2025-06-02,1858,N21,n,2.0NRT,1.19,N,0.4,0.37,,,,,,firms,VIIRS,VIIRS_NOAA21_NRT
4.5071,105.24884,2025-06-02,1858,N21,n,2.0NRT,8.14,N,0.62,0.54,,,,,,firms,VIIRS,VIIRS_NOAA21_NRT
4.5088,105.2547,2025-06-02,1858,N21,n,2.0NRT,2.71,N,0.63,0.54,,,,,,firms,VIIRS,VIIRS_NOAA21_NRT
4.5097,105.24915,2025-06-02,1858,N21,n,2.0NRT,5.75,N,0.63,0.54,,,,,,firms,VIIRS,VIIRS_NOAA21_NRT
4.55669,103.45614,2025-06-02,1858,N21,n,2.0NRT,3.24,N,0.47,0.48,,,,,,firms,VIIRS,VIIRS_NOAA21_NRT
4.56603,103.45343,2025-06-02,1858,N21,n,2.0NRT,9.27,N,0.47,0.48,,,,,,firms,VIIRS,VIIRS_NOAA21_NRT
5.02157,96.22905,2025-06-02,1858,N21,n,2.0NRT,1.47,N,0.39,0.37,,,,,,firms,VIIRS,VIIRS_NOAA21_NRT
5.22416,97.07378,2025-06-02,1858,N21,n,2.0NRT,1.4,N,0.38,0.36,,,,,,firms,VIIRS,VIIRS_NOAA21_NRT
5.64496,104.98331,2025-06-02,1858,N21,n,2.0NRT,3.84,N,0.57,0.52,,,,,,firms,VIIRS,VIIRS_NOAA21_NRT
5.64579,104.97821,2025-06-02,1858,N21,n,2.0NRT,11.79,N,0.57,0.52,,,,,,firms,VIIRS,VIIRS_NOAA21_NRT
5.647,104.98042,2025-06-02,1858,N21,n,2.0NRT,14.5,N,0.57,0.52,,,,,,firms,VIIRS,VIIRS_NOAA21_NRT
5.64787,104.97533,2025-06-02,1858,N21,n,2.0NRT,5.55,N,0.57,0.52,,,,,,firms,VIIRS,VIIRS_NOAA21_NRT
-3.81783,104.33933,2025-06-02,1900,N21,n,2.0NRT,0.35,N,0.37,0.58,,,,,,firms,VIIRS,VIIRS_NOAA21_NRT
-3.80781,103.81974,2025-06-02,1900,N21,n,2.0NRT,3.86,N,0.34,0.56,,,,,,firms,VIIRS,VIIRS_NOAA21_NRT
-3.8074,103.81686,2025-06-02,1900,N21,n,2.0NRT,3.86,N,0.34,0.56,,,,,,firms,VIIRS,VIIRS_NOAA21_NRT
-3.41442,104.1477,2025-06-02,1900,N21,n,2.0NRT,1.39,N,0.35,0.57,,,,,,firms,VIIRS,VIIRS_NOAA21_NRT
-3.41255,104.14759,2025-06-02,1900,N21,n,2.0NRT,0.58,N,0.35,0.57,,,,,,firms,VIIRS,VIIRS_NOAA21_NRT
-3.30963,104.32028,2025-06-02,1900,N21,n,2.0NRT,0.58,N,0.36,0.57,,,,,,firms,VIIRS,VIIRS_NOAA21_NRT
-2.10312,103.79809,2025-06-02,1900,N21,n,2.0NRT,1.29,N,0.63,0.54,,,,,,firms,VIIRS,VIIRS_NOAA21_NRT
-1.17431,103.36024,2025-06-02,1900,N21,n,2.0NRT,0.98,N,0.57,0.52,,,,,,firms,VIIRS,VIIRS_NOAA21_NRT
-0.73758,100.99744,2025-06-02,1900,N21,n,2.0NRT,1.29,N,0.39,0.44,,,,,,firms,VIIRS,VIIRS_NOAA21_NRT
-0.21681,100.06979,2025-06-02,1900,N21,n,2.0NRT,1.35,N,0.51,0.41,,,,,,firms,VIIRS,VIIRS_NOAA21_NRT
0.79192,100.47257,2025-06-02,1900,N21,n,2.0NRT,1.21,N,0.52,0.41,,,,,,firms,VIIRS,VIIRS_NOAA21_NRT
0.83028,99.18136,2025-06-02,1900,N21,n,2.0NRT,1.66,N,0.45,0.39,,,,,,firms,VIIRS,VIIRS_NOAA21_NRT
1.34266,99.54364,2025-06-02,1900,N21,n,2.0NRT,2.16,N,0.46,0.39,,,,,,firms,VIIRS,VIIRS_NOAA21_NRT
1.67222,101.47636,2025-06-02,1900,N21,n,2.0NRT,2.57,N,0.39,0.44,,,,,,firms,VIIRS,VIIRS_NOAA21_NRT
1.69432,100.68349,2025-06-02,1900,N21,n,2.0NRT,1.28,N,0.52,0.41,,,,,,firms,VIIRS,VIIRS_NOAA21_NRT
1.93681,99.54874,2025-06-02,1900,N21,n,2.0NRT,0.72,N,0.45,0.39,,,,,,firms,VIIRS,VIIRS_NOAA21_NRT
-5.99629,105.99733,2025-06-02,1902,N21,n,2.0NRT,1.25,N,0.51,0.66,,,,,,firms,VIIRS,VIIRS_NOAA21_NRT
-3.66082,138.91995,2025-06-03,417,N21,n,2.0NRT,5.04,D,0.4,0.37,,,,,,firms,VIIRS,VIIRS_NOAA21_NRT
-2.63834,140.27026,2025-06-03,419,N21,n,2.0NRT,2.67,D,0.46,0.39,,,,,,firms,VIIRS,VIIRS_NOAA21_NRT
-1.81667,136.75105,2025-06-03,419,N21,n,2.0NRT,17.13,D,0.38,0.36,,,,,,firms,VIIRS,VIIRS_NOAA21_NRT
-8.65731,118.09479,2025-06-03,557,N21,n,2.0NRT,4.58,D,0.57,0.43,,,,,,firms,VIIRS,VIIRS_NOAA21_NRT
-8.33593,112.23795,2025-06-03,557,N21,n,2.0NRT,4.77,D,0.39,0.36,,,,,,firms,VIIRS,VIIRS_NOAA21_NRT
-8.14429,113.36845,2025-06-03,557,N21,n,2.0NRT,11.88,D,0.38,0.36,,,,,,firms,VIIRS,VIIRS_NOAA21_NRT
-8.11365,112.92352,2025-06-03,557,N21,n,2.0NRT,8.79,D,0.38,0.36,,,,,,firms,VIIRS,VIIRS_NOAA21_NRT
-7.95641,112.23328,2025-06-03,557,N21,n,2.0NRT,3.84,D,0.39,0.36,,,,,,firms,VIIRS,VIIRS_NOAA21_NRT
-7.86651,112.67006,2025-06-03,557,N21,n,2.0NRT,4.06,D,0.39,0.36,,,,,,firms,VIIRS,VIIRS_NOAA21_NRT
-7.71862,112.12036,2025-06-03,557,N21,n,2.0NRT,3.2,D,0.39,0.36,,,,,,firms,VIIRS,VIIRS_NOAA21_NRT
-7.70235,108.99435,2025-06-03,557,N21,n,2.0NRT,3.43,D,0.51,0.41,,,,,,firms,VIIRS,VIIRS_NOAA21_NRT
-7.24012,111.73469,2025-06-03,557,N21,n,2.0NRT,2.43,D,0.4,0.37,,,,,,firms,VIIRS,VIIRS_NOAA21_NRT
-7.06074,106.7227,2025-06-03,557,N21,n,2.0NRT,4.62,D,0.47,0.47,,,,,,firms,VIIRS,VIIRS_NOAA21_NRT
-6.76446,111.96134,2025-06-03,557,N21,n,2.0NRT,2.75,D,0.39,0.36,,,,,,firms,VIIRS,VIIRS_NOAA21_NRT
-6.76113,111.96084,2025-06-03,557,N21,n,2.0NRT,3.99,D,0.39,0.36,,,,,,firms,VIIRS,VIIRS_NOAA21_NRT
-6.03223,105.95697,2025-06-03,557,N21,n,2.0NRT,7.25,D,0.51,0.49,,,,,,firms,VIIRS,VIIRS_NOAA21_NRT
-6.00585,105.98061,2025-06-03,557,N21,n,2.0NRT,10.25,D,0.5,0.49,,,,,,firms,VIIRS,VIIRS_NOAA21_NRT
-5.49381,104.56188,2025-06-03,557,N21,n,2.0NRT,5.24,D,0.62,0.54,,,,,,firms,VIIRS,VIIRS_NOAA21_NRT
-4.70663,104.62309,2025-06-03,557,N21,n,2.0NRT,19.52,D,0.6,0.53,,,,,,firms,VIIRS,VIIRS_NOAA21_NRT
-4.58472,105.39729,2025-06-03,557,N21,n,2.0NRT,19.24,D,0.53,0.5,,,,,,firms,VIIRS,VIIRS_NOAA21_NRT
-4.56372,105.73071,2025-06-03,557,N21,n,2.0NRT,9.41,D,0.5,0.49,,,,,,firms,VIIRS,VIIRS_NOAA21_NRT
-4.53527,103.13797,2025-06-03,557,N21,n,2.0NRT,3.1,D,0.38,0.58,,,,,,firms,VIIRS,VIIRS_NOAA21_NRT
-4.53323,103.13806,2025-06-03,557,N21,n,2.0NRT,2.63,D,0.38,0.59,,,,,,firms,VIIRS,VIIRS_NOAA21_NRT
-4.19498,102.88811,2025-06-03,557,N21,n,2.0NRT,5.83,D,0.39,0.59,,,,,,firms,VIIRS,VIIRS_NOAA21_NRT
-4.18957,102.88723,2025-06-03,557,N21,n,2.0NRT,5.83,D,0.39,0.59,,,,,,firms,VIIRS,VIIRS_NOAA21_NRT
-3.72794,103.22426,2025-06-03,557,N21,n,2.0NRT,6.88,D,0.36,0.57,,,,,,firms,VIIRS,VIIRS_NOAA21_NRT
-3.65292,103.29862,2025-06-03,557,N21,n,2.0NRT,3.78,D,0.36,0.57,,,,,,firms,VIIRS,VIIRS_NOAA21_NRT
-3.65207,103.299,2025-06-03,557,N21,n,2.0NRT,1.4,D,0.36,0.57,,,,,,firms,VIIRS,VIIRS_NOAA21_NRT
-3.47719,103.28712,2025-06-03,557,N21,h,2.0NRT,9.42,D,0.35,0.57,,,,,,firms,VIIRS,VIIRS_NOAA21_NRT
-3.16266,103.58875,2025-06-03,557,N21,n,2.0NRT,4.14,D,0.33,0.56,,,,,,firms,VIIRS,VIIRS_NOAA21_NRT
-2.8668,106.26517,2025-06-03,557,N21,n,2.0NRT,4.41,D,0.43,0.46,,,,,,firms,VIIRS,VIIRS_NOAA21_NRT
-2.73293,110.33472,2025-06-03,557,N21,n,2.0NRT,7.36,D,0.4,0.37,,,,,,firms,VIIRS,VIIRS_NOAA21_NRT
-2.72791,110.34505,2025-06-03,557,N21,n,2.0NRT,20.81,D,0.4,0.37,,,,,,firms,VIIRS,VIIRS_NOAA21_NRT
-2.72616,110.33371,2025-06-03,557,N21,n,2.0NRT,26.21,D,0.4,0.37,,,,,,firms,VIIRS,VIIRS_NOAA21_NRT
-2.72453,110.34455,2025-06-03,557,N21,n,2.0NRT,28.66,D,0.4,0.37,,,,,,firms,VIIRS,VIIRS_NOAA21_NRT
-2.72399,110.34815,2025-06-03,557,N21,n,2.0NRT,8.82,D,0.4,0.37,,,,,,firms,VIIRS,VIIRS_NOAA21_NRT
-2.7013,110.35184,2025-06-03,557,N21,n,2.0NRT,19.71,D,0.4,0.37,,,,,,firms,VIIRS,VIIRS_NOAA21_NRT
-2.6969,110.38067,2025-06-03,557,N21,n,2.0NRT,23.05,D,0.4,0.37,,,,,,firms,VIIRS,VIIRS_NOAA21_NRT
-2.69411,106.66205,2025-06-03,557,N21,n,2.0NRT,9.03,D,0.41,0.45,,,,,,firms,VIIRS,VIIRS_NOAA21_NRT
-2.65725,103.05509,2025-06-03,559,N21,n,2.0NRT,4.27,D,0.36,0.57,,,,,,firms,VIIRS,VIIRS_NOAA21_NRT
-2.57949,103.24562,2025-06-03,559,N21,n,2.0NRT,3.09,D,0.35,0.56,,,,,,firms,VIIRS,VIIRS_NOAA21_NRT
-2.57433,103.24488,2025-06-03,559,N21,n,2.0NRT,5.04,D,0.35,0.56,,,,,,firms,VIIRS,VIIRS_NOAA21_NRT
-2.57386,103.24794,2025-06-03,559,N21,n,2.0NRT,5.09,D,0.35,0.56,,,,,,firms,VIIRS,VIIRS_NOAA21_NRT
-2.08126,110.40046,2025-06-03,559,N21,n,2.0NRT,15.16,D,0.4,0.37,,,,,,firms,VIIRS,VIIRS_NOAA21_NRT
-0.25869,109.56085,2025-06-03,559,N21,n,2.0NRT,2.5,D,0.41,0.37,,,,,,firms,VIIRS,VIIRS_NOAA21_NRT
0.17613,109.60606,2025-06-03,559,N21,n,2.0NRT,3.59,D,0.41,0.37,,,,,,firms,VIIRS,VIIRS_NOAA21_NRT
0.23262,109.93159,2025-06-03,559,N21,n,2.0NRT,3.84,D,0.4,0.37,,,,,,firms,VIIRS,VIIRS_NOAA21_NRT
0.23316,109.93514,2025-06-03,559,N21,n,2.0NRT,3.84,D,0.4,0.37,,,,,,firms,VIIRS,VIIRS_NOAA21_NRT
0.54338,109.23154,2025-06-03,559,N21,n,2.0NRT,5.8,D,0.41,0.37,,,,,,firms,VIIRS,VIIRS_NOAA21_NRT
0.60052,100.06487,2025-06-03,559,N21,n,2.0NRT,3.78,D,0.52,0.67,,,,,,firms,VIIRS,VIIRS_NOAA21_NRT
0.66663,100.05062,2025-06-03,559,N21,n,2.0NRT,4.91,D,0.52,0.67,,,,,,firms,VIIRS,VIIRS_NOAA21_NRT
0.76425,100.26465,2025-06-03,559,N21,n,2.0NRT,5.55,D,0.5,0.66,,,,,,firms,VIIRS,VIIRS_NOAA21_NRT
0.97784,110.3616,2025-06-03,559,N21,n,2.0NRT,6.24,D,0.39,0.36,,,,,,firms,VIIRS,VIIRS_NOAA21_NRT
1.8839,111.2405,2025-06-03,559,N21,n,2.0NRT,2.34,D,0.39,0.36,,,,,,firms,VIIRS,VIIRS_NOAA21_NRT
2.17088,111.31898,2025-06-03,559,N21,n,2.0NRT,3.94,D,0.39,0.36,,,,,,firms,VIIRS,VIIRS_NOAA21_NRT
2.32569,100.34122,2025-06-03,559,N21,n,2.0NRT,3.07,D,0.46,0.64,,,,,,firms,VIIRS,VIIRS_NOAA21_NRT
2.32575,100.34013,2025-06-03,559,N21,n,2.0NRT,3.59,D,0.46,0.64,,,,,,firms,VIIRS,VIIRS_NOAA21_NRT
2.40841,101.98985,2025-06-03,559,N21,n,2.0NRT,1.83,D,0.35,0.57,,,,,,firms,VIIRS,VIIRS_NOAA21_NRT
2.59643,113.17378,2025-06-03,559,N21,n,2.0NRT,4.57,D,0.43,0.38,,,,,,firms,VIIRS,VIIRS_NOAA21_NRT
2.75255,112.37723,2025-06-03,559,N21,n,2.0NRT,8.39,D,0.41,0.37,,,,,,firms,VIIRS,VIIRS_NOAA21_NRT
2.79971,103.33156,2025-06-03,559,N21,n,2.0NRT,8.48,D,0.56,0.52,,,,,,firms,VIIRS,VIIRS_NOAA21_NRT
3.60635,112.41288,2025-06-03,559,N21,n,2.0NRT,3.98,D,0.41,0.37,,,,,,firms,VIIRS,VIIRS_NOAA21_NRT
4.67159,114.46156,2025-06-03,559,N21,n,2.0NRT,1.53,D,0.53,0.42,,,,,,firms,VIIRS,VIIRS_NOAA21_NRT
2.586,98.02564,2025-06-03,601,N21,n,2.0NRT,8.23,D,0.66,0.73,,,,,,firms,VIIRS,VIIRS_NOAA21_NRT
2.5895,98.02888,2025-06-03,601,N21,n,2.0NRT,6.46,D,0.66,0.73,,,,,,firms,VIIRS,VIIRS_NOAA21_NRT
2.64081,98.0658,2025-06-03,601,N21,n,2.0NRT,17.4,D,0.66,0.73,,,,,,firms,VIIRS,VIIRS_NOAA21_NRT
2.6419,98.07222,2025-06-03,601,N21,n,2.0NRT,15.06,D,0.66,0.73,,,,,,firms,VIIRS,VIIRS_NOAA21_NRT
2.6856,97.78415,2025-06-03,601,N21,n,2.0NRT,6.95,D,0.69,0.74,,,,,,firms,VIIRS,VIIRS_NOAA21_NRT
2.8381,97.68488,2025-06-03,601,N21,n,2.0NRT,7.61,D,0.69,0.75,,,,,,firms,VIIRS,VIIRS_NOAA21_NRT
3.90803,98.29264,2025-06-03,601,N21,n,2.0NRT,7.87,D,0.61,0.71,,,,,,firms,VIIRS,VIIRS_NOAA21_NRT
3.90936,98.29343,2025-06-03,601,N21,n,2.0NRT,6.53,D,0.6,0.71,,,,,,firms,VIIRS,VIIRS_NOAA21_NRT
4.9798,112.98441,2025-06-03,601,N21,n,2.0NRT,7.61,D,0.45,0.39,,,,,,firms,VIIRS,VIIRS_NOAA21_NRT
5.42975,114.7121,2025-06-03,601,N21,n,2.0NRT,6.47,D,0.56,0.43,,,,,,firms,VIIRS,VIIRS_NOAA21_NRT
0.8349,99.16606,2025-06-03,739,N21,n,2.0NRT,10.82,D,0.74,0.76,,,,,,firms,VIIRS,VIIRS_NOAA21_NRT
0.83607,99.16533,2025-06-03,739,N21,n,2.0NRT,11.8,D,0.74,0.76,,,,,,firms,VIIRS,VIIRS_NOAA21_NRT
2.62314,97.82724,2025-06-03,741,N21,n,2.0NRT,19.52,D,0.64,0.72,,,,,,firms,VIIRS,VIIRS_NOAA21_NRT
2.62561,97.82906,2025-06-03,741,N21,n,2.0NRT,21.34,D,0.64,0.72,,,,,,firms,VIIRS,VIIRS_NOAA21_NRT
2.63159,97.65318,2025-06-03,741,N21,n,2.0NRT,19.48,D,0.62,0.72,,,,,,firms,VIIRS,VIIRS_NOAA21_NRT
2.63238,97.65858,2025-06-03,741,N21,n,2.0NRT,19.48,D,0.62,0.72,,,,,,firms,VIIRS,VIIRS_NOAA21_NRT
2.63973,97.66305,2025-06-03,741,N21,n,2.0NRT,9.41,D,0.62,0.72,,,,,,firms,VIIRS,VIIRS_NOAA21_NRT
2.66201,97.81541,2025-06-03,741,N21,n,2.0NRT,7.79,D,0.64,0.72,,,,,,firms,VIIRS,VIIRS_NOAA21_NRT
2.69458,97.77272,2025-06-03,741,N21,n,2.0NRT,12.89,D,0.64,0.72,,,,,,firms,VIIRS,VIIRS_NOAA21_NRT
2.69538,97.7784,2025-06-03,741,N21,n,2.0NRT,12.89,D,0.64,0.72,,,,,,firms,VIIRS,VIIRS_NOAA21_NRT
2.69585,97.76997,2025-06-03,741,N21,n,2.0NRT,11.99,D,0.64,0.72,,,,,,firms,VIIRS,VIIRS_NOAA21_NRT
2.69669,97.77564,2025-06-03,741,N21,n,2.0NRT,11.99,D,0.64,0.72,,,,,,firms,VIIRS,VIIRS_NOAA21_NRT
2.72935,97.68643,2025-06-03,741,N21,h,2.0NRT,21.72,D,0.63,0.72,,,,,,firms,VIIRS,VIIRS_NOAA21_NRT
2.73009,97.68411,2025-06-03,741,N21,n,2.0NRT,12.91,D,0.63,0.72,,,,,,firms,VIIRS,VIIRS_NOAA21_NRT
2.73094,97.6897,2025-06-03,741,N21,n,2.0NRT,12.91,D,0.63,0.72,,,,,,firms,VIIRS,VIIRS_NOAA21_NRT
2.74989,97.68906,2025-06-03,741,N21,n,2.0NRT,7.45,D,0.63,0.72,,,,,,firms,VIIRS,VIIRS_NOAA21_NRT
2.78833,97.63849,2025-06-03,741,N21,h,2.0NRT,21.03,D,0.63,0.72,,,,,,firms,VIIRS,VIIRS_NOAA21_NRT
2.78927,97.63749,2025-06-03,741,N21,h,2.0NRT,19.96,D,0.63,0.72,,,,,,firms,VIIRS,VIIRS_NOAA21_NRT
2.83418,97.67751,2025-06-03,741,N21,h,2.0NRT,43.16,D,0.63,0.72,,,,,,firms,VIIRS,VIIRS_NOAA21_NRT
2.83542,97.67657,2025-06-03,741,N21,h,2.0NRT,29.27,D,0.63,0.72,,,,,,firms,VIIRS,VIIRS_NOAA21_NRT
2.83627,97.68221,2025-06-03,741,N21,n,2.0NRT,28.62,D,0.63,0.72,,,,,,firms,VIIRS,VIIRS_NOAA21_NRT
2.84077,97.67657,2025-06-03,741,N21,n,2.0NRT,9.81,D,0.63,0.72,,,,,,firms,VIIRS,VIIRS_NOAA21_NRT
2.84158,97.68219,2025-06-03,741,N21,n,2.0NRT,9.81,D,0.63,0.72,,,,,,firms,VIIRS,VIIRS_NOAA21_NRT
3.00769,97.54659,2025-06-03,741,N21,n,2.0NRT,8.49,D,0.62,0.72,,,,,,firms,VIIRS,VIIRS_NOAA21_NRT
5.428,114.7086,2025-06-03,1658,N21,n,2.0NRT,4.38,N,0.68,0.74,,,,,,firms,VIIRS,VIIRS_NOAA21_NRT
5.61496,114.89143,2025-06-03,1658,N21,n,2.0NRT,3.99,N,0.67,0.74,,,,,,firms,VIIRS,VIIRS_NOAA21_NRT
5.61577,114.88544,2025-06-03,1658,N21,n,2.0NRT,5.16,N,0.67,0.74,,,,,,firms,VIIRS,VIIRS_NOAA21_NRT
5.87862,114.29336,2025-06-03,1658,N21,n,2.0NRT,6.55,N,0.74,0.76,,,,,,firms,VIIRS,VIIRS_NOAA21_NRT
5.87933,114.29373,2025-06-03,1658,N21,n,2.0NRT,5.36,N,0.74,0.76,,,,,,firms,VIIRS,VIIRS_NOAA21_NRT
-3.90303,122.41888,2025-06-03,1700,N21,n,2.0NRT,0.77,N,0.46,0.39,,,,,,firms,VIIRS,VIIRS_NOAA21_NRT
-3.87168,122.40695,2025-06-03,1700,N21,n,2.0NRT,3.65,N,0.46,0.39,,,,,,firms,VIIRS,VIIRS_NOAA21_NRT
-3.87101,122.40284,2025-06-03,1700,N21,n,2.0NRT,3.65,N,0.46,0.39,,,,,,firms,VIIRS,VIIRS_NOAA21_NRT
-3.87034,122.39873,2025-06-03,1700,N21,n,2.0NRT,1.34,N,0.46,0.39,,,,,,firms,VIIRS,VIIRS_NOAA21_NRT
-3.86967,122.3946,2025-06-03,1700,N21,n,2.0NRT,1.34,N,0.46,0.39,,,,,,firms,VIIRS,VIIRS_NOAA21_NRT
-8.53795,122.76707,2025-06-03,1702,N21,n,2.0NRT,2.19,N,0.41,0.37,,,,,,firms,VIIRS,VIIRS_NOAA21_NRT
-8.28199,123.50683,2025-06-03,1702,N21,n,2.0NRT,1.03,N,0.39,0.36,,,,,,firms,VIIRS,VIIRS_NOAA21_NRT
-8.28144,123.50336,2025-06-03,1702,N21,n,2.0NRT,1.03,N,0.39,0.36,,,,,,firms,VIIRS,VIIRS_NOAA21_NRT
-8.28087,123.49974,2025-06-03,1702,N21,n,2.0NRT,0.89,N,0.39,0.36,,,,,,firms,VIIRS,VIIRS_NOAA21_NRT
-8.27923,123.51094,2025-06-03,1702,N21,n,2.0NRT,0.86,N,0.39,0.36,,,,,,firms,VIIRS,VIIRS_NOAA21_NRT
-8.27869,123.50752,2025-06-03,1702,N21,n,2.0NRT,5.3,N,0.39,0.36,,,,,,firms,VIIRS,VIIRS_NOAA21_NRT
-8.27814,123.50407,2025-06-03,1702,N21,n,2.0NRT,5.3,N,0.39,0.36,,,,,,firms,VIIRS,VIIRS_NOAA21_NRT
-8.27757,123.50043,2025-06-03,1702,N21,n,2.0NRT,0.85,N,0.39,0.36,,,,,,firms,VIIRS,VIIRS_NOAA21_NRT
-8.27592,123.51157,2025-06-03,1702,N21,n,2.0NRT,0.86,N,0.39,0.36,,,,,,firms,VIIRS,VIIRS_NOAA21_NRT
-8.27538,123.50814,2025-06-03,1702,N21,n,2.0NRT,5.3,N,0.39,0.36,,,,,,firms,VIIRS,VIIRS_NOAA21_NRT
-8.27483,123.50471,2025-06-03,1702,N21,n,2.0NRT,5.3,N,0.39,0.36,,,,,,firms,VIIRS,VIIRS_NOAA21_NRT
-8.27426,123.50109,2025-06-03,1702,N21,n,2.0NRT,0.85,N,0.39,0.36,,,,,,firms,VIIRS,VIIRS_NOAA21_NRT
-8.27261,123.51217,2025-06-03,1702,N21,n,2.0NRT,0.86,N,0.39,0.36,,,,,,firms,VIIRS,VIIRS_NOAA21_NRT
-8.27207,123.50875,2025-06-03,1702,N21,n,2.0NRT,2.43,N,0.39,0.36,,,,,,firms,VIIRS,VIIRS_NOAA21_NRT
-8.27152,123.50536,2025-06-03,1702,N21,n,2.0NRT,2.43,N,0.39,0.36,,,,,,firms,VIIRS,VIIRS_NOAA21_NRT
-8.27095,123.50173,2025-06-03,1702,N21,n,2.0NRT,0.26,N,0.39,0.36,,,,,,firms,VIIRS,VIIRS_NOAA21_NRT
-8.26873,123.50922,2025-06-03,1702,N21,n,2.0NRT,2.43,N,0.39,0.36,,,,,,firms,VIIRS,VIIRS_NOAA21_NRT
-8.26819,123.50576,2025-06-03,1702,N21,n,2.0NRT,2.43,N,0.39,0.36,,,,,,firms,VIIRS,VIIRS_NOAA21_NRT
-8.1205,114.0577,2025-06-03,1702,N21,n,2.0NRT,0.94,N,0.46,0.64,,,,,,firms,VIIRS,VIIRS_NOAA21_NRT
-8.11089,112.9226,2025-06-03,1702,N21,h,2.0NRT,10.86,N,0.55,0.68,,,,,,firms,VIIRS,VIIRS_NOAA21_NRT
-8.10711,112.90279,2025-06-03,1702,N21,n,2.0NRT,10.86,N,0.55,0.68,,,,,,firms,VIIRS,VIIRS_NOAA21_NRT
4.73642,113.72752,2025-06-03,1838,N21,n,2.0NRT,4.07,N,0.56,0.69,,,,,,firms,VIIRS,VIIRS_NOAA21_NRT
4.7373,113.72256,2025-06-03,1838,N21,n,2.0NRT,4.07,N,0.56,0.69,,,,,,firms,VIIRS,VIIRS_NOAA21_NRT
4.74178,113.73364,2025-06-03,1838,N21,n,2.0NRT,18.63,N,0.56,0.69,,,,,,firms,VIIRS,VIIRS_NOAA21_NRT
4.74265,113.72868,2025-06-03,1838,N21,h,2.0NRT,15.75,N,0.56,0.69,,,,,,firms,VIIRS,VIIRS_NOAA21_NRT
4.74352,113.72372,2025-06-03,1838,N21,n,2.0NRT,15.75,N,0.56,0.69,,,,,,firms,VIIRS,VIIRS_NOAA21_NRT
-7.5424,110.44696,2025-06-03,1841,N21,n,2.0NRT,0.83,N,0.52,0.67,,,,,,firms,VIIRS,VIIRS_NOAA21_NRT
-7.24042,109.21631,2025-06-03,1841,N21,n,2.0NRT,0.58,N,0.42,0.61,,,,,,firms,VIIRS,VIIRS_NOAA21_NRT
-7.09003,110.6226,2025-06-03,1841,N21,n,2.0NRT,1.7,N,0.52,0.67,,,,,,firms,VIIRS,VIIRS_NOAA21_NRT
-1.21416,103.41867,2025-06-03,1841,N21,n,2.0NRT,1.2,N,0.44,0.39,,,,,,firms,VIIRS,VIIRS_NOAA21_NRT
-1.18878,103.37032,2025-06-03,1841,N21,n,2.0NRT,2.37,N,0.44,0.38,,,,,,firms,VIIRS,VIIRS_NOAA21_NRT
-1.16858,103.34023,2025-06-03,1841,N21,n,2.0NRT,0.72,N,0.44,0.38,,,,,,firms,VIIRS,VIIRS_NOAA21_NRT
-0.98683,103.33148,2025-06-03,1841,N21,n,2.0NRT,1.93,N,0.44,0.38,,,,,,firms,VIIRS,VIIRS_NOAA21_NRT
-0.75072,102.24124,2025-06-03,1841,N21,n,2.0NRT,0.78,N,0.4,0.37,,,,,,firms,VIIRS,VIIRS_NOAA21_NRT
1.13766,99.66978,2025-06-03,1841,N21,n,2.0NRT,2.74,N,0.4,0.37,,,,,,firms,VIIRS,VIIRS_NOAA21_NRT
1.27799,103.70312,2025-06-03,1841,N21,n,2.0NRT,4.93,N,0.43,0.38,,,,,,firms,VIIRS,VIIRS_NOAA21_NRT
1.28648,99.47765,2025-06-03,1841,N21,n,2.0NRT,0.64,N,0.41,0.37,,,,,,firms,VIIRS,VIIRS_NOAA21_NRT
1.33006,99.59925,2025-06-03,1841,N21,n,2.0NRT,0.62,N,0.41,0.37,,,,,,firms,VIIRS,VIIRS_NOAA21_NRT
1.33062,99.59565,2025-06-03,1841,N21,n,2.0NRT,0.62,N,0.41,0.37,,,,,,firms,VIIRS,VIIRS_NOAA21_NRT
1.50486,99.35674,2025-06-03,1841,N21,n,2.0NRT,1.8,N,0.42,0.37,,,,,,firms,VIIRS,VIIRS_NOAA21_NRT
2.20836,102.34132,2025-06-03,1841,N21,n,2.0NRT,1.56,N,0.39,0.36,,,,,,firms,VIIRS,VIIRS_NOAA21_NRT
3.27335,113.06377,2025-06-03,1841,N21,n,2.0NRT,8.91,N,0.54,0.68,,,,,,firms,VIIRS,VIIRS_NOAA21_NRT
3.27793,113.07404,2025-06-03,1841,N21,n,2.0NRT,5.11,N,0.54,0.68,,,,,,firms,VIIRS,VIIRS_NOAA21_NRT
3.27872,113.06933,2025-06-03,1841,N21,n,2.0NRT,8.91,N,0.54,0.68,,,,,,firms,VIIRS,VIIRS_NOAA21_NRT
3.27946,113.06492,2025-06-03,1841,N21,h,2.0NRT,8.91,N,0.54,0.68,,,,,,firms,VIIRS,VIIRS_NOAA21_NRT
3.28022,113.06042,2025-06-03,1841,N21,n,2.0NRT,9.08,N,0.54,0.68,,,,,,firms,VIIRS,VIIRS_NOAA21_NRT
3.28245,113.08469,2025-06-03,1841,N21,n,2.0NRT,5.18,N,0.54,0.68,,,,,,firms,VIIRS,VIIRS_NOAA21_NRT
3.28322,113.0801,2025-06-03,1841,N21,n,2.0NRT,4.68,N,0.54,0.68,,,,,,firms,VIIRS,VIIRS_NOAA21_NRT
3.28775,113.09066,2025-06-03,1841,N21,n,2.0NRT,5.18,N,0.54,0.68,,,,,,firms,VIIRS,VIIRS_NOAA21_NRT
3.28852,113.08607,2025-06-03,1841,N21,n,2.0NRT,5.18,N,0.54,0.68,,,,,,firms,VIIRS,VIIRS_NOAA21_NRT
3.2893,113.08141,2025-06-03,1841,N21,n,2.0NRT,4.68,N,0.54,0.68,,,,,,firms,VIIRS,VIIRS_NOAA21_NRT
5.1317,103.2157,2025-06-03,1841,N21,n,2.0NRT,0.8,N,0.39,0.36,,,,,,firms,VIIRS,VIIRS_NOAA21_NRT
5.37101,104.89764,2025-06-03,1841,N21,n,2.0NRT,2.51,N,0.44,0.39,,,,,,firms,VIIRS,VIIRS_NOAA21_NRT
-2.31173,100.9062,2025-06-03,1843,N21,n,2.0NRT,14.2,N,0.39,0.36,,,,,,firms,VIIRS,VIIRS_NOAA21_NRT
-2.3112,100.90276,2025-06-03,1843,N21,n,2.0NRT,27.63,N,0.39,0.36,,,,,,firms,VIIRS,VIIRS_NOAA21_NRT
-2.30843,100.9067,2025-06-03,1843,N21,n,2.0NRT,14.2,N,0.39,0.36,,,,,,firms,VIIRS,VIIRS_NOAA21_NRT
-2.3079,100.90327,2025-06-03,1843,N21,n,2.0NRT,27.63,N,0.39,0.36,,,,,,firms,VIIRS,VIIRS_NOAA21_NRT
-2.23053,101.01801,2025-06-03,1843,N21,n,2.0NRT,1.06,N,0.39,0.36,,,,,,firms,VIIRS,VIIRS_NOAA21_NRT
-2.21409,100.86501,2025-06-03,1843,N21,n,2.0NRT,0.64,N,0.39,0.36,,,,,,firms,VIIRS,VIIRS_NOAA21_NRT
-2.21025,100.99648,2025-06-03,1843,N21,n,2.0NRT,1.21,N,0.39,0.36,,,,,,firms,VIIRS,VIIRS_NOAA21_NRT
-2.20972,100.99305,2025-06-03,1843,N21,n,2.0NRT,1.21,N,0.39,0.36,,,,,,firms,VIIRS,VIIRS_NOAA21_NRT
-2.20964,100.86294,2025-06-03,1843,N21,n,2.0NRT,4.38,N,0.39,0.36,,,,,,firms,VIIRS,VIIRS_NOAA21_NRT
-2.20688,100.86687,2025-06-03,1843,N21,n,2.0NRT,4.39,N,0.39,0.36,,,,,,firms,VIIRS,VIIRS_NOAA21_NRT
-2.20635,100.86345,2025-06-03,1843,N21,n,2.0NRT,4.38,N,0.39,0.36,,,,,,firms,VIIRS,VIIRS_NOAA21_NRT
-2.20588,100.99012,2025-06-03,1843,N21,n,2.0NRT,1.21,N,0.39,0.36,,,,,,firms,VIIRS,VIIRS_NOAA21_NRT
-2.20358,100.86739,2025-06-03,1843,N21,n,2.0NRT,6.05,N,0.39,0.36,,,,,,firms,VIIRS,VIIRS_NOAA21_NRT
-2.18107,101.0045,2025-06-03,1843,N21,n,2.0NRT,1.34,N,0.39,0.36,,,,,,firms,VIIRS,VIIRS_NOAA21_NRT
-2.17393,101.00208,2025-06-03,1843,N21,n,2.0NRT,1.47,N,0.39,0.36,,,,,,firms,VIIRS,VIIRS_NOAA21_NRT
-2.1734,100.99864,2025-06-03,1843,N21,n,2.0NRT,1.47,N,0.39,0.36,,,,,,firms,VIIRS,VIIRS_NOAA21_NRT
-2.1701,100.99915,2025-06-03,1843,N21,n,2.0NRT,0.65,N,0.39,0.36,,,,,,firms,VIIRS,VIIRS_NOAA21_NRT
-2.10083,101.08022,2025-06-03,1843,N21,n,2.0NRT,1.0,N,0.39,0.36,,,,,,firms,VIIRS,VIIRS_NOAA21_NRT
-1.57388,103.68652,2025-06-03,1843,N21,n,2.0NRT,1.32,N,0.46,0.39,,,,,,firms,VIIRS,VIIRS_NOAA21_NRT
-1.57093,103.69115,2025-06-03,1843,N21,n,2.0NRT,0.48,N,0.46,0.39,,,,,,firms,VIIRS,VIIRS_NOAA21_NRT
-1.56538,103.69474,2025-06-03,1843,N21,n,2.0NRT,0.74,N,0.46,0.39,,,,,,firms,VIIRS,VIIRS_NOAA21_NRT
-1.56439,103.69637,2025-06-03,1843,N21,n,2.0NRT,0.82,N,0.46,0.39,,,,,,firms,VIIRS,VIIRS_NOAA21_NRT
-1.36897,101.86327,2025-06-03,1843,N21,n,2.0NRT,0.51,N,0.39,0.37,,,,,,firms,VIIRS,VIIRS_NOAA21_NRT
-4.20619,138.98471,2025-06-04,357,N21,n,2.0NRT,5.78,D,0.48,0.4,,,,,,firms,VIIRS,VIIRS_NOAA21_NRT
-9.84303,120.52824,2025-06-04,538,N21,n,2.0NRT,7.91,D,0.42,0.38,,,,,,firms,VIIRS,VIIRS_NOAA21_NRT
-9.42038,119.44198,2025-06-04,538,N21,n,2.0NRT,2.56,D,0.4,0.37,,,,,,firms,VIIRS,VIIRS_NOAA21_NRT
-9.37954,119.4172,2025-06-04,538,N21,n,2.0NRT,2.3,D,0.4,0.37,,,,,,firms,VIIRS,VIIRS_NOAA21_NRT
-9.33581,119.96326,2025-06-04,538,N21,n,2.0NRT,9.03,D,0.41,0.37,,,,,,firms,VIIRS,VIIRS_NOAA21_NRT
-9.08526,117.00594,2025-06-04,538,N21,n,2.0NRT,2.19,D,0.39,0.36,,,,,,firms,VIIRS,VIIRS_NOAA21_NRT
-8.38219,113.69953,2025-06-04,538,N21,n,2.0NRT,5.93,D,0.53,0.42,,,,,,firms,VIIRS,VIIRS_NOAA21_NRT
-8.38039,118.69228,2025-06-04,538,N21,n,2.0NRT,1.2,D,0.39,0.36,,,,,,firms,VIIRS,VIIRS_NOAA21_NRT
-8.15167,112.62967,2025-06-04,538,N21,n,2.0NRT,1.85,D,0.4,0.45,,,,,,firms,VIIRS,VIIRS_NOAA21_NRT
-8.11308,112.92222,2025-06-04,538,N21,n,2.0NRT,4.97,D,0.39,0.44,,,,,,firms,VIIRS,VIIRS_NOAA21_NRT
-8.11102,112.9233,2025-06-04,538,N21,n,2.0NRT,7.09,D,0.39,0.44,,,,,,firms,VIIRS,VIIRS_NOAA21_NRT
-7.97414,112.59077,2025-06-04,538,N21,n,2.0NRT,3.09,D,0.41,0.45,,,,,,firms,VIIRS,VIIRS_NOAA21_NRT
-7.73213,110.91344,2025-06-04,538,N21,n,2.0NRT,11.27,D,0.52,0.5,,,,,,firms,VIIRS,VIIRS_NOAA21_NRT
-6.30297,108.63296,2025-06-04,540,N21,n,2.0NRT,2.62,D,0.36,0.57,,,,,,firms,VIIRS,VIIRS_NOAA21_NRT
-5.15607,119.52335,2025-06-04,540,N21,n,2.0NRT,4.04,D,0.43,0.38,,,,,,firms,VIIRS,VIIRS_NOAA21_NRT
-5.15548,119.52716,2025-06-04,540,N21,n,2.0NRT,4.04,D,0.43,0.38,,,,,,firms,VIIRS,VIIRS_NOAA21_NRT
-5.152,119.52663,2025-06-04,540,N21,n,2.0NRT,4.04,D,0.43,0.38,,,,,,firms,VIIRS,VIIRS_NOAA21_NRT
-3.14361,112.82383,2025-06-04,540,N21,n,2.0NRT,8.27,D,0.51,0.41,,,,,,firms,VIIRS,VIIRS_NOAA21_NRT
-3.14348,112.82027,2025-06-04,540,N21,n,2.0NRT,6.75,D,0.51,0.41,,,,,,firms,VIIRS,VIIRS_NOAA21_NRT
-2.75816,112.32174,2025-06-04,540,N21,n,2.0NRT,11.13,D,0.54,0.42,,,,,,firms,VIIRS,VIIRS_NOAA21_NRT
-2.58796,110.50109,2025-06-04,540,N21,n,2.0NRT,13.06,D,0.47,0.47,,,,,,firms,VIIRS,VIIRS_NOAA21_NRT
-2.30418,112.6616,2025-06-04,540,N21,n,2.0NRT,6.86,D,0.51,0.41,,,,,,firms,VIIRS,VIIRS_NOAA21_NRT
-2.30371,112.65871,2025-06-04,540,N21,n,2.0NRT,7.94,D,0.51,0.41,,,,,,firms,VIIRS,VIIRS_NOAA21_NRT
-2.21048,115.49599,2025-06-04,540,N21,n,2.0NRT,2.85,D,0.39,0.36,,,,,,firms,VIIRS,VIIRS_NOAA21_NRT
-2.03613,110.83244,2025-06-04,540,N21,n,2.0NRT,9.79,D,0.43,0.46,,,,,,firms,VIIRS,VIIRS_NOAA21_NRT
-2.03565,110.83228,2025-06-04,540,N21,n,2.0NRT,9.17,D,0.43,0.46,,,,,,firms,VIIRS,VIIRS_NOAA21_NRT
-1.94673,111.43937,2025-06-04,540,N21,n,2.0NRT,5.15,D,0.4,0.44,,,,,,firms,VIIRS,VIIRS_NOAA21_NRT
-1.94597,111.43851,2025-06-04,540,N21,n,2.0NRT,1.83,D,0.4,0.44,,,,,,firms,VIIRS,VIIRS_NOAA21_NRT
-1.84176,111.74564,2025-06-04,540,N21,n,2.0NRT,7.78,D,0.57,0.43,,,,,,firms,VIIRS,VIIRS_NOAA21_NRT
-1.52112,113.04784,2025-06-04,540,N21,n,2.0NRT,4.35,D,0.47,0.4,,,,,,firms,VIIRS,VIIRS_NOAA21_NRT
-1.44225,113.1701,2025-06-04,540,N21,n,2.0NRT,3.79,D,0.47,0.39,,,,,,firms,VIIRS,VIIRS_NOAA21_NRT
-1.15758,115.11705,2025-06-04,540,N21,n,2.0NRT,2.7,D,0.4,0.37,,,,,,firms,VIIRS,VIIRS_NOAA21_NRT
-1.15703,115.12056,2025-06-04,540,N21,n,2.0NRT,2.7,D,0.4,0.37,,,,,,firms,VIIRS,VIIRS_NOAA21_NRT
-1.0337,117.08697,2025-06-04,540,N21,n,2.0NRT,2.36,D,0.39,0.36,,,,,,firms,VIIRS,VIIRS_NOAA21_NRT
-0.92464,115.01618,2025-06-04,540,N21,n,2.0NRT,17.78,D,0.4,0.37,,,,,,firms,VIIRS,VIIRS_NOAA21_NRT
-0.86856,113.34392,2025-06-04,540,N21,n,2.0NRT,7.14,D,0.45,0.39,,,,,,firms,VIIRS,VIIRS_NOAA21_NRT
0.66683,117.11954,2025-06-04,540,N21,n,2.0NRT,2.87,D,0.4,0.37,,,,,,firms,VIIRS,VIIRS_NOAA21_NRT
0.67018,117.11903,2025-06-04,540,N21,n,2.0NRT,2.87,D,0.4,0.37,,,,,,firms,VIIRS,VIIRS_NOAA21_NRT
0.86986,109.195,2025-06-04,542,N21,n,2.0NRT,5.39,D,0.51,0.49,,,,,,firms,VIIRS,VIIRS_NOAA21_NRT
4.56743,103.44597,2025-06-04,542,N21,n,2.0NRT,8.45,D,0.55,0.68,,,,,,firms,VIIRS,VIIRS_NOAA21_NRT
4.5683,103.45088,2025-06-04,542,N21,n,2.0NRT,8.45,D,0.55,0.68,,,,,,firms,VIIRS,VIIRS_NOAA21_NRT
4.97848,115.65508,2025-06-04,542,N21,n,2.0NRT,2.0,D,0.39,0.36,,,,,,firms,VIIRS,VIIRS_NOAA21_NRT
-3.80945,103.81689,2025-06-04,720,N21,n,2.0NRT,6.36,D,0.61,0.71,,,,,,firms,VIIRS,VIIRS_NOAA21_NRT
-3.32436,103.96841,2025-06-04,720,N21,n,2.0NRT,19.96,D,0.64,0.72,,,,,,firms,VIIRS,VIIRS_NOAA21_NRT
-3.32197,103.96964,2025-06-04,720,N21,n,2.0NRT,10.68,D,0.64,0.72,,,,,,firms,VIIRS,VIIRS_NOAA21_NRT
-3.14889,101.63556,2025-06-04,720,N21,n,2.0NRT,15.24,D,0.45,0.63,,,,,,firms,VIIRS,VIIRS_NOAA21_NRT
-3.14826,101.63943,2025-06-04,720,N21,h,2.0NRT,15.24,D,0.45,0.63,,,,,,firms,VIIRS,VIIRS_NOAA21_NRT
-3.13432,103.39084,2025-06-04,720,N21,n,2.0NRT,12.89,D,0.59,0.7,,,,,,firms,VIIRS,VIIRS_NOAA21_NRT
-2.31225,100.90061,2025-06-04,722,N21,n,2.0NRT,48.88,D,0.41,0.61,,,,,,firms,VIIRS,VIIRS_NOAA21_NRT
-2.31196,100.90549,2025-06-04,722,N21,h,2.0NRT,64.39,D,0.41,0.61,,,,,,firms,VIIRS,VIIRS_NOAA21_NRT
-2.31164,100.90426,2025-06-04,722,N21,n,2.0NRT,64.73,D,0.41,0.61,,,,,,firms,VIIRS,VIIRS_NOAA21_NRT
-2.31102,100.90793,2025-06-04,722,N21,n,2.0NRT,64.73,D,0.41,0.61,,,,,,firms,VIIRS,VIIRS_NOAA21_NRT
-2.30701,100.90092,2025-06-04,722,N21,n,2.0NRT,91.3,D,0.41,0.61,,,,,,firms,VIIRS,VIIRS_NOAA21_NRT
-2.30642,100.90459,2025-06-04,722,N21,h,2.0NRT,64.39,D,0.41,0.61,,,,,,firms,VIIRS,VIIRS_NOAA21_NRT
-2.26435,101.20335,2025-06-04,722,N21,n,2.0NRT,4.62,D,0.43,0.62,,,,,,firms,VIIRS,VIIRS_NOAA21_NRT
-2.26305,101.19411,2025-06-04,722,N21,h,2.0NRT,24.11,D,0.43,0.62,,,,,,firms,VIIRS,VIIRS_NOAA21_NRT
-2.26216,101.03767,2025-06-04,722,N21,n,2.0NRT,7.94,D,0.42,0.61,,,,,,firms,VIIRS,VIIRS_NOAA21_NRT
-2.26047,101.19135,2025-06-04,722,N21,n,2.0NRT,14.46,D,0.43,0.62,,,,,,firms,VIIRS,VIIRS_NOAA21_NRT
-2.25989,101.19495,2025-06-04,722,N21,h,2.0NRT,19.47,D,0.43,0.62,,,,,,firms,VIIRS,VIIRS_NOAA21_NRT
-2.21262,100.99822,2025-06-04,722,N21,n,2.0NRT,4.41,D,0.42,0.61,,,,,,firms,VIIRS,VIIRS_NOAA21_NRT
-2.2118,100.99503,2025-06-04,722,N21,n,2.0NRT,5.95,D,0.42,0.61,,,,,,firms,VIIRS,VIIRS_NOAA21_NRT
-2.20763,100.99358,2025-06-04,722,N21,n,2.0NRT,4.41,D,0.42,0.61,,,,,,firms,VIIRS,VIIRS_NOAA21_NRT
-2.20684,100.99043,2025-06-04,722,N21,n,2.0NRT,8.67,D,0.42,0.61,,,,,,firms,VIIRS,VIIRS_NOAA21_NRT
-2.20264,100.98891,2025-06-04,722,N21,n,2.0NRT,3.38,D,0.42,0.61,,,,,,firms,VIIRS,VIIRS_NOAA21_NRT
-2.17795,101.00012,2025-06-04,722,N21,n,2.0NRT,8.52,D,0.42,0.61,,,,,,firms,VIIRS,VIIRS_NOAA21_NRT
-2.17735,101.00384,2025-06-04,722,N21,n,2.0NRT,9.61,D,0.42,0.61,,,,,,firms,VIIRS,VIIRS_NOAA21_NRT
-2.17236,100.99921,2025-06-04,722,N21,n,2.0NRT,8.52,D,0.42,0.61,,,,,,firms,VIIRS,VIIRS_NOAA21_NRT
-2.17177,101.00293,2025-06-04,722,N21,n,2.0NRT,9.61,D,0.42,0.61,,,,,,firms,VIIRS,VIIRS_NOAA21_NRT
-1.77195,102.39078,2025-06-04,722,N21,n,2.0NRT,10.14,D,0.53,0.67,,,,,,firms,VIIRS,VIIRS_NOAA21_NRT
-0.9314,100.73521,2025-06-04,722,N21,n,2.0NRT,3.31,D,0.42,0.61,,,,,,firms,VIIRS,VIIRS_NOAA21_NRT
-0.91256,100.74563,2025-06-04,722,N21,n,2.0NRT,7.81,D,0.42,0.61,,,,,,firms,VIIRS,VIIRS_NOAA21_NRT
-0.52082,100.85771,2025-06-04,722,N21,n,2.0NRT,8.07,D,0.43,0.62,,,,,,firms,VIIRS,VIIRS_NOAA21_NRT
-0.51821,100.85722,2025-06-04,722,N21,n,2.0NRT,7.84,D,0.44,0.62,,,,,,firms,VIIRS,VIIRS_NOAA21_NRT
0.23939,99.2365,2025-06-04,722,N21,n,2.0NRT,3.89,D,0.34,0.56,,,,,,firms,VIIRS,VIIRS_NOAA21_NRT
0.23994,99.34447,2025-06-04,722,N21,n,2.0NRT,4.41,D,0.35,0.57,,,,,,firms,VIIRS,VIIRS_NOAA21_NRT
0.25488,99.23429,2025-06-04,722,N21,n,2.0NRT,2.09,D,0.34,0.56,,,,,,firms,VIIRS,VIIRS_NOAA21_NRT
0.26794,99.2164,2025-06-04,722,N21,n,2.0NRT,4.21,D,0.34,0.56,,,,,,firms,VIIRS,VIIRS_NOAA21_NRT
0.27595,99.23402,2025-06-04,722,N21,n,2.0NRT,1.94,D,0.34,0.56,,,,,,firms,VIIRS,VIIRS_NOAA21_NRT
0.27775,99.21165,2025-06-04,722,N21,n,2.0NRT,3.86,D,0.34,0.56,,,,,,firms,VIIRS,VIIRS_NOAA21_NRT
0.29607,99.22761,2025-06-04,722,N21,n,2.0NRT,3.46,D,0.34,0.56,,,,,,firms,VIIRS,VIIRS_NOAA21_NRT
0.30073,99.22364,2025-06-04,722,N21,n,2.0NRT,3.46,D,0.34,0.56,,,,,,firms,VIIRS,VIIRS_NOAA21_NRT
0.54977,100.08779,2025-06-04,722,N21,n,2.0NRT,2.16,D,0.4,0.6,,,,,,firms,VIIRS,VIIRS_NOAA21_NRT
0.7214,99.98991,2025-06-04,722,N21,h,2.0NRT,12.99,D,0.4,0.6,,,,,,firms,VIIRS,VIIRS_NOAA21_NRT
0.7876,99.19895,2025-06-04,722,N21,n,2.0NRT,6.05,D,0.35,0.57,,,,,,firms,VIIRS,VIIRS_NOAA21_NRT
1.05518,100.4809,2025-06-04,722,N21,n,2.0NRT,3.47,D,0.43,0.62,,,,,,firms,VIIRS,VIIRS_NOAA21_NRT
1.16803,99.72671,2025-06-04,722,N21,h,2.0NRT,56.78,D,0.39,0.59,,,,,,firms,VIIRS,VIIRS_NOAA21_NRT
1.16854,99.7301,2025-06-04,722,N21,l,2.0NRT,56.78,D,0.39,0.59,,,,,,firms,VIIRS,VIIRS_NOAA21_NRT
1.16907,99.73364,2025-06-04,722,N21,n,2.0NRT,59.54,D,0.39,0.59,,,,,,firms,VIIRS,VIIRS_NOAA21_NRT
1.2726,99.79373,2025-06-04,722,N21,n,2.0NRT,3.15,D,0.39,0.59,,,,,,firms,VIIRS,VIIRS_NOAA21_NRT
1.27462,99.79562,2025-06-04,722,N21,n,2.0NRT,2.84,D,0.39,0.59,,,,,,firms,VIIRS,VIIRS_NOAA21_NRT
1.30231,99.90634,2025-06-04,722,N21,n,2.0NRT,7.32,D,0.4,0.6,,,,,,firms,VIIRS,VIIRS_NOAA21_NRT
1.30777,99.90539,2025-06-04,722,N21,h,2.0NRT,7.32,D,0.4,0.6,,,,,,firms,VIIRS,VIIRS_NOAA21_NRT
1.50712,99.01456,2025-06-04,722,N21,n,2.0NRT,3.25,D,0.35,0.57,,,,,,firms,VIIRS,VIIRS_NOAA21_NRT
1.78213,103.19308,2025-06-04,722,N21,n,2.0NRT,12.32,D,0.68,0.74,,,,,,firms,VIIRS,VIIRS_NOAA21_NRT
1.78465,103.19623,2025-06-04,722,N21,n,2.0NRT,8.26,D,0.69,0.74,,,,,,firms,VIIRS,VIIRS_NOAA21_NRT
2.85978,103.01451,2025-06-04,722,N21,n,2.0NRT,5.43,D,0.69,0.74,,,,,,firms,VIIRS,VIIRS_NOAA21_NRT
3.88586,100.71333,2025-06-04,722,N21,n,2.0NRT,6.25,D,0.5,0.66,,,,,,firms,VIIRS,VIIRS_NOAA21_NRT
3.89352,96.45277,2025-06-04,722,N21,n,2.0NRT,7.55,D,0.5,0.49,,,,,,firms,VIIRS,VIIRS_NOAA21_NRT
3.94137,96.78859,2025-06-04,722,N21,n,2.0NRT,4.43,D,0.53,0.5,,,,,,firms,VIIRS,VIIRS_NOAA21_NRT
3.94142,96.78583,2025-06-04,722,N21,n,2.0NRT,5.72,D,0.53,0.5,,,,,,firms,VIIRS,VIIRS_NOAA21_NRT
5.09925,96.49409,2025-06-04,724,N21,n,2.0NRT,6.42,D,0.53,0.5,,,,,,firms,VIIRS,VIIRS_NOAA21_NRT
-1.56526,127.4295,2025-06-04,1639,N21,n,2.0NRT,2.78,N,0.47,0.4,,,,,,firms,VIIRS,VIIRS_NOAA21_NRT
-1.56456,127.42513,2025-06-04,1639,N21,n,2.0NRT,2.78,N,0.48,0.4,,,,,,firms,VIIRS,VIIRS_NOAA21_NRT
-1.56092,127.42567,2025-06-04,1639,N21,n,2.0NRT,2.78,N,0.48,0.4,,,,,,firms,VIIRS,VIIRS_NOAA21_NRT
-1.46124,127.43566,2025-06-04,1639,N21,n,2.0NRT,1.75,N,0.48,0.4,,,,,,firms,VIIRS,VIIRS_NOAA21_NRT
-1.45759,127.43616,2025-06-04,1639,N21,n,2.0NRT,18.31,N,0.48,0.4,,,,,,firms,VIIRS,VIIRS_NOAA21_NRT
-0.69328,117.50039,2025-06-04,1639,N21,n,2.0NRT,25.36,N,0.75,0.77,,,,,,firms,VIIRS,VIIRS_NOAA21_NRT
-0.69221,117.49371,2025-06-04,1639,N21,h,2.0NRT,62.24,N,0.75,0.77,,,,,,firms,VIIRS,VIIRS_NOAA21_NRT
-0.69086,117.49421,2025-06-04,1639,N21,h,2.0NRT,54.21,N,0.75,0.77,,,,,,firms,VIIRS,VIIRS_NOAA21_NRT
-0.68522,117.49484,2025-06-04,1639,N21,n,2.0NRT,2.91,N,0.75,0.77,,,,,,firms,VIIRS,VIIRS_NOAA21_NRT
-0.5831,117.38321,2025-06-04,1639,N21,h,2.0NRT,40.96,N,0.77,0.77,,,,,,firms,VIIRS,VIIRS_NOAA21_NRT
-0.5811,117.38644,2025-06-04,1639,N21,h,2.0NRT,19.66,N,0.77,0.77,,,,,,firms,VIIRS,VIIRS_NOAA21_NRT
-0.57996,117.37953,2025-06-04,1639,N21,n,2.0NRT,19.66,N,0.77,0.77,,,,,,firms,VIIRS,VIIRS_NOAA21_NRT
-8.8877,117.80723,2025-06-04,1643,N21,n,2.0NRT,1.56,N,0.52,0.67,,,,,,firms,VIIRS,VIIRS_NOAA21_NRT
2.78202,111.73954,2025-06-04,1819,N21,n,2.0NRT,1.05,N,0.42,0.45,,,,,,firms,VIIRS,VIIRS_NOAA21_NRT
3.27676,113.06606,2025-06-04,1819,N21,n,2.0NRT,4.5,N,0.5,0.49,,,,,,firms,VIIRS,VIIRS_NOAA21_NRT
3.68108,108.2333,2025-06-04,1819,N21,n,2.0NRT,0.59,N,0.41,0.37,,,,,,firms,VIIRS,VIIRS_NOAA21_NRT
4.14405,105.10618,2025-06-04,1819,N21,n,2.0NRT,1.28,N,0.4,0.37,,,,,,firms,VIIRS,VIIRS_NOAA21_NRT
4.55713,103.4586,2025-06-04,1819,N21,n,2.0NRT,3.09,N,0.47,0.4,,,,,,firms,VIIRS,VIIRS_NOAA21_NRT
4.97798,112.9823,2025-06-04,1819,N21,n,2.0NRT,2.88,N,0.46,0.47,,,,,,firms,VIIRS,VIIRS_NOAA21_NRT
4.97972,112.98373,2025-06-04,1819,N21,n,2.0NRT,2.7,N,0.46,0.47,,,,,,firms,VIIRS,VIIRS_NOAA21_NRT
-3.31573,113.86771,2025-06-04,1821,N21,n,2.0NRT,0.55,N,0.36,0.57,,,,,,firms,VIIRS,VIIRS_NOAA21_NRT
-2.98749,115.20859,2025-06-04,1821,N21,n,2.0NRT,2.07,N,0.44,0.63,,,,,,firms,VIIRS,VIIRS_NOAA21_NRT
-2.55596,104.76788,2025-06-04,1821,N21,n,2.0NRT,0.59,N,0.39,0.36,,,,,,firms,VIIRS,VIIRS_NOAA21_NRT
-2.31243,100.9008,2025-06-04,1821,N21,n,2.0NRT,4.48,N,0.54,0.42,,,,,,firms,VIIRS,VIIRS_NOAA21_NRT
-2.30858,100.9014,2025-06-04,1821,N21,n,2.0NRT,4.48,N,0.54,0.42,,,,,,firms,VIIRS,VIIRS_NOAA21_NRT
-2.20961,115.49464,2025-06-04,1821,N21,n,2.0NRT,1.43,N,0.45,0.63,,,,,,firms,VIIRS,VIIRS_NOAA21_NRT
-2.17213,115.56753,2025-06-04,1821,N21,n,2.0NRT,2.05,N,0.46,0.63,,,,,,firms,VIIRS,VIIRS_NOAA21_NRT
-2.06528,115.56957,2025-06-04,1821,N21,n,2.0NRT,0.66,N,0.45,0.63,,,,,,firms,VIIRS,VIIRS_NOAA21_NRT
-2.05953,115.57049,2025-06-04,1821,N21,n,2.0NRT,1.58,N,0.45,0.63,,,,,,firms,VIIRS,VIIRS_NOAA21_NRT
-1.66391,105.41705,2025-06-04,1821,N21,n,2.0NRT,0.92,N,0.38,0.36,,,,,,firms,VIIRS,VIIRS_NOAA21_NRT
-1.24673,116.81895,2025-06-04,1821,N21,n,2.0NRT,2.57,N,0.54,0.68,,,,,,firms,VIIRS,VIIRS_NOAA21_NRT
-1.24672,116.81709,2025-06-04,1821,N21,n,2.0NRT,4.84,N,0.54,0.68,,,,,,firms,VIIRS,VIIRS_NOAA21_NRT
-1.24603,116.81428,2025-06-04,1821,N21,n,2.0NRT,2.57,N,0.54,0.68,,,,,,firms,VIIRS,VIIRS_NOAA21_NRT
-1.10372,103.04784,2025-06-04,1821,N21,n,2.0NRT,1.59,N,0.43,0.38,,,,,,firms,VIIRS,VIIRS_NOAA21_NRT
-0.98763,103.33381,2025-06-04,1821,N21,n,2.0NRT,0.56,N,0.42,0.38,,,,,,firms,VIIRS,VIIRS_NOAA21_NRT
-0.84473,117.26746,2025-06-04,1821,N21,n,2.0NRT,0.77,N,0.57,0.69,,,,,,firms,VIIRS,VIIRS_NOAA21_NRT
-0.73024,117.06163,2025-06-04,1821,N21,n,2.0NRT,1.64,N,0.55,0.68,,,,,,firms,VIIRS,VIIRS_NOAA21_NRT
-0.69344,117.5001,2025-06-04,1821,N21,n,2.0NRT,24.65,N,0.59,0.7,,,,,,firms,VIIRS,VIIRS_NOAA21_NRT
-0.69262,117.49488,2025-06-04,1821,N21,n,2.0NRT,28.79,N,0.59,0.7,,,,,,firms,VIIRS,VIIRS_NOAA21_NRT
-0.68977,117.50369,2025-06-04,1821,N21,n,2.0NRT,33.98,N,0.59,0.7,,,,,,firms,VIIRS,VIIRS_NOAA21_NRT
-0.68899,117.49849,2025-06-04,1821,N21,h,2.0NRT,55.98,N,0.59,0.7,,,,,,firms,VIIRS,VIIRS_NOAA21_NRT
-0.68706,117.50108,2025-06-04,1821,N21,n,2.0NRT,24.65,N,0.59,0.7,,,,,,firms,VIIRS,VIIRS_NOAA21_NRT
-0.58485,117.3859,2025-06-04,1821,N21,n,2.0NRT,9.34,N,0.58,0.7,,,,,,firms,VIIRS,VIIRS_NOAA21_NRT
-0.58186,117.38622,2025-06-04,1821,N21,n,2.0NRT,5.86,N,0.58,0.69,,,,,,firms,VIIRS,VIIRS_NOAA21_NRT
-0.48774,102.4769,2025-06-04,1821,N21,n,2.0NRT,1.17,N,0.47,0.39,,,,,,firms,VIIRS,VIIRS_NOAA21_NRT
-0.4374,101.61134,2025-06-04,1821,N21,n,2.0NRT,1.08,N,0.52,0.41,,,,,,firms,VIIRS,VIIRS_NOAA21_NRT
0.0819,117.48656,2025-06-04,1821,N21,n,2.0NRT,2.68,N,0.57,0.69,,,,,,firms,VIIRS,VIIRS_NOAA21_NRT
0.0827,117.48149,2025-06-04,1821,N21,n,2.0NRT,2.68,N,0.57,0.69,,,,,,firms,VIIRS,VIIRS_NOAA21_NRT
0.09653,100.95808,2025-06-04,1821,N21,n,2.0NRT,2.78,N,0.38,0.43,,,,,,firms,VIIRS,VIIRS_NOAA21_NRT
0.44256,101.8933,2025-06-04,1821,N21,n,2.0NRT,3.56,N,0.51,0.41,,,,,,firms,VIIRS,VIIRS_NOAA21_NRT
0.53438,101.60278,2025-06-04,1821,N21,n,2.0NRT,1.17,N,0.53,0.42,,,,,,firms,VIIRS,VIIRS_NOAA21_NRT
0.6132,109.16789,2025-06-04,1821,N21,n,2.0NRT,1.2,N,0.47,0.4,,,,,,firms,VIIRS,VIIRS_NOAA21_NRT
0.67459,117.56493,2025-06-04,1821,N21,n,2.0NRT,1.65,N,0.57,0.69,,,,,,firms,VIIRS,VIIRS_NOAA21_NRT
0.68845,117.54256,2025-06-04,1821,N21,n,2.0NRT,1.73,N,0.56,0.69,,,,,,firms,VIIRS,VIIRS_NOAA21_NRT
0.69093,117.54245,2025-06-04,1821,N21,n,2.0NRT,2.5,N,0.57,0.69,,,,,,firms,VIIRS,VIIRS_NOAA21_NRT
0.78356,109.29636,2025-06-04,1821,N21,n,2.0NRT,3.27,N,0.48,0.4,,,,,,firms,VIIRS,VIIRS_NOAA21_NRT
0.78466,109.29468,2025-06-04,1821,N21,n,2.0NRT,4.03,N,0.48,0.4,,,,,,firms,VIIRS,VIIRS_NOAA21_NRT
0.84542,101.39048,2025-06-04,1821,N21,n,2.0NRT,1.7,N,0.55,0.43,,,,,,firms,VIIRS,VIIRS_NOAA21_NRT
0.93007,104.65672,2025-06-04,1821,N21,n,2.0NRT,2.24,N,0.4,0.37,,,,,,firms,VIIRS,VIIRS_NOAA21_NRT
1.28462,103.71405,2025-06-04,1821,N21,n,2.0NRT,1.8,N,0.43,0.38,,,,,,firms,VIIRS,VIIRS_NOAA21_NRT
1.37691,104.1608,2025-06-04,1821,N21,n,2.0NRT,0.84,N,0.41,0.37,,,,,,firms,VIIRS,VIIRS_NOAA21_NRT
1.62888,103.57661,2025-06-04,1821,N21,n,2.0NRT,1.06,N,0.44,0.38,,,,,,firms,VIIRS,VIIRS_NOAA21_NRT
1.68084,100.80735,2025-06-04,1821,N21,n,2.0NRT,1.16,N,0.41,0.45,,,,,,firms,VIIRS,VIIRS_NOAA21_NRT
2.53361,101.81059,2025-06-04,1821,N21,n,2.0NRT,0.98,N,0.55,0.43,,,,,,firms,VIIRS,VIIRS_NOAA21_NRT
-8.11806,114.05531,2025-06-04,1824,N21,n,2.0NRT,2.3,N,0.44,0.62,,,,,,firms,VIIRS,VIIRS_NOAA21_NRT
-7.54268,110.44651,2025-06-04,1824,N21,n,2.0NRT,0.68,N,0.48,0.48,,,,,,firms,VIIRS,VIIRS_NOAA21_NRT
-7.51486,112.64909,2025-06-04,1824,N21,n,2.0NRT,0.84,N,0.34,0.56,,,,,,firms,VIIRS,VIIRS_NOAA21_NRT
-7.51445,112.64602,2025-06-04,1824,N21,n,2.0NRT,0.84,N,0.34,0.56,,,,,,firms,VIIRS,VIIRS_NOAA21_NRT
-7.23977,111.73145,2025-06-04,1824,N21,n,2.0NRT,1.93,N,0.58,0.52,,,,,,firms,VIIRS,VIIRS_NOAA21_NRT
-6.54971,108.09421,2025-06-04,1824,N21,n,2.0NRT,1.98,N,0.5,0.41,,,,,,firms,VIIRS,VIIRS_NOAA21_NRT
-6.2079,106.43081,2025-06-04,1824,N21,n,2.0NRT,0.57,N,0.42,0.38,,,,,,firms,VIIRS,VIIRS_NOAA21_NRT
-6.10005,106.67078,2025-06-04,1824,N21,n,2.0NRT,1.21,N,0.43,0.38,,,,,,firms,VIIRS,VIIRS_NOAA21_NRT
-6.09751,106.67043,2025-06-04,1824,N21,n,2.0NRT,1.11,N,0.43,0.38,,,,,,firms,VIIRS,VIIRS_NOAA21_NRT
